time,scenario,policy,G,H,welfare,run
0,critical_infrastructure,baseline,0.8522840907275014,0.24204595320139938,71.91488888784554,0
1,critical_infrastructure,baseline,1.0008124278357287,0.19851729166121224,79.06476915731467,0
2,critical_infrastructure,baseline,1.088377569122577,0.18452682229131723,82.79045082966223,0
3,critical_infrastructure,baseline,1.1371168783568035,0.18703767808554506,84.64798392622069,0
4,critical_infrastructure,baseline,1.162126258812045,0.1980440451838272,85.4649608295072,0
5,critical_infrastructure,baseline,1.1728922471510017,0.21328520260721429,85.69182113020842,0
6,critical_infrastructure,baseline,1.1752030799543884,0.22790508092255052,85.61093614293752,0
7,critical_infrastructure,baseline,1.1731573840698284,0.24488726121443205,85.34153519812452,0
8,critical_infrastructure,baseline,1.1682588776762763,0.2594612772991718,84.99378188541121,0
9,critical_infrastructure,baseline,1.162382152741402,0.2716720036219846,84.63581402089727,0
10,critical_infrastructure,baseline,1.15651994953719,0.28472050722158665,84.26773419648865,0
11,critical_infrastructure,baseline,1.1504834769101335,0.3016382919449194,83.84791017331746,0
12,critical_infrastructure,baseline,1.14349275635604,0.3163254834971363,83.41685339485733,0
13,critical_infrastructure,baseline,1.1365035568669863,0.3280334998526845,83.01853826194817,0
14,critical_infrastructure,baseline,1.1301900095622228,0.341701918776605,82.62205296320218,0
15,critical_infrastructure,baseline,1.1237989931442056,0.35433341836347093,82.23353366512262,0
16,critical_infrastructure,baseline,1.1176046000764497,0.3658312774138273,81.86439336828178,0
17,critical_infrastructure,baseline,1.1117722440239712,0.37586440231910667,81.52491416556663,0
18,critical_infrastructure,baseline,1.1064621977050741,0.3869650838884695,81.19244993842851,0
19,critical_infrastructure,baseline,1.1011897693600534,0.3977683375945627,80.86414828989335,0
20,critical_infrastructure,baseline,1.0960062873038754,0.4075392137591631,80.5503526735725,0
21,critical_infrastructure,baseline,1.0911031526403492,0.41578824471796927,80.26417431827481,0
22,critical_infrastructure,baseline,1.0866898743684097,0.42396412043800424,79.9973499700607,0
23,critical_infrastructure,baseline,1.082550633789229,0.4357048024395764,79.69994654541011,0
24,critical_infrastructure,baseline,1.0777565198480787,0.44412158157895437,79.41441747158113,0
25,critical_infrastructure,baseline,1.0733669992146224,0.45464621122060195,79.11992332273621,0
26,critical_infrastructure,baseline,1.068717228701019,0.4660483044852034,78.80456871592577,0
27,critical_infrastructure,baseline,1.0637360611936277,0.4776157595847329,78.47345520453264,0
28,critical_infrastructure,baseline,1.0585461586846978,0.48874058002800647,78.13828188958003,0
29,critical_infrastructure,baseline,1.053347833869711,0.4973691033456529,77.83052981726532,0
0,critical_infrastructure,reputation,1.0387612858959823,0.15365501694116757,79.8763467207921,0
1,critical_infrastructure,reputation,1.2643204621144786,0.041033295041746076,89.73564118629537,0
2,critical_infrastructure,reputation,1.349608304276894,0.0,93.1330136317006,0
3,critical_infrastructure,reputation,1.3745215323153754,0.0,93.96262217094367,0
4,critical_infrastructure,reputation,1.3783937726633955,0.0,94.09293130281524,0
5,critical_infrastructure,reputation,1.3789665847303791,0.0,94.11221831100357,0
6,critical_infrastructure,reputation,1.3790506568094985,0.0,94.1150493879144,0
7,critical_infrastructure,reputation,1.3790629817618367,0.0,94.11546443021926,0
8,critical_infrastructure,reputation,1.3790647882885227,0.0,94.11552526508684,0
9,critical_infrastructure,reputation,1.3790650530730582,0.0,94.1155341817212,0
10,critical_infrastructure,reputation,1.3790650918826663,0.0035513460274602116,94.07483875053052,0
11,critical_infrastructure,reputation,1.3782688461312624,0.019270973406649128,93.8690549924492,0
12,critical_infrastructure,reputation,1.3746274590278937,0.036835925845717266,93.55016290216373,0
13,critical_infrastructure,reputation,1.370150520082832,0.05361797921157449,93.21232441486627,0
14,critical_infrastructure,reputation,1.3657160473520904,0.07459473291659904,92.82721857469103,0
15,critical_infrastructure,reputation,1.3603371551104724,0.09517443440126758,92.41553365071431,0
16,critical_infrastructure,reputation,1.3548896205344148,0.11483328947022733,92.01137566424634,0
17,critical_infrastructure,reputation,1.3496225354520344,0.1328982029137956,91.63078747412777,0
18,critical_infrastructure,reputation,1.344726575410056,0.15231699538545843,91.24636620193606,0
19,critical_infrastructure,reputation,1.3395736582392033,0.1712516622442642,90.85861060581507,0
20,critical_infrastructure,reputation,1.3344738342558535,0.18879819777641435,90.4879185136633,0
21,critical_infrastructure,reputation,1.3296803922847784,0.20438244070341424,90.14935763478826,0
22,critical_infrastructure,reputation,1.3253661519184976,0.21976832869870302,89.82860935565027,0
23,critical_infrastructure,reputation,1.3211680974893225,0.23926705069797458,89.46432405352411,0
24,critical_infrastructure,reputation,1.316058709404754,0.254502227740274,89.11805786754115,0
25,critical_infrastructure,reputation,1.311732703345787,0.2722034270301912,88.7690779078863,0
26,critical_infrastructure,reputation,1.306982645949263,0.29074211822714446,88.39600453707897,0
27,critical_infrastructure,reputation,1.3019569462114364,0.3092884369635125,88.01295967869376,0
28,critical_infrastructure,reputation,1.2968662354693725,0.3271663089240924,87.63476801477866,0
29,critical_infrastructure,reputation,1.2918998439723728,0.3420119109309616,87.29497497203268,0
0,critical_infrastructure,combined_portfolio,1.197809607260402,0.09550240653043876,80.95439969716487,0
1,critical_infrastructure,combined_portfolio,1.397941300279193,0.0,89.14019675262183,0
2,critical_infrastructure,combined_portfolio,1.4141629120933075,0.0,89.73253202592575,0
3,critical_infrastructure,combined_portfolio,1.4124966380942114,0.0,89.68599828676176,0
4,critical_infrastructure,combined_portfolio,1.4126763822186832,0.0,89.69105351762366,0
5,critical_infrastructure,combined_portfolio,1.412657087448833,0.0,89.69051123543674,0
6,critical_infrastructure,combined_portfolio,1.4126591597563185,0.0,89.6905694822945,0
7,critical_infrastructure,combined_portfolio,1.412658937197842,0.0,89.69056322683885,0
8,critical_infrastructure,combined_portfolio,1.412658961099979,0.0,89.69056389865727,0
9,critical_infrastructure,combined_portfolio,1.41265895853296,0.0,89.69056382650598,0
10,critical_infrastructure,combined_portfolio,1.4126589588086504,0.0,89.69056383425482,0
11,critical_infrastructure,combined_portfolio,1.4126589587790421,0.0,89.6905638334226,0
12,critical_infrastructure,combined_portfolio,1.4126589587822218,0.0,89.69056383351196,0
13,critical_infrastructure,combined_portfolio,1.4126589587818805,0.0,89.69056383350238,0
14,critical_infrastructure,combined_portfolio,1.412658958781917,0.0,89.69056383350343,0
15,critical_infrastructure,combined_portfolio,1.412658958781913,0.0,89.69056383350328,0
16,critical_infrastructure,combined_portfolio,1.4126589587819136,0.0034912324346718995,89.65055596860805,0
17,critical_infrastructure,combined_portfolio,1.4118761854810025,0.013723194820920527,89.50859335652892,0
18,critical_infrastructure,combined_portfolio,1.4096659159154379,0.030396380356311904,89.24740466106871,0
19,critical_infrastructure,combined_portfolio,1.4061620240231631,0.04941812737931365,88.91771413800181,0
20,critical_infrastructure,combined_portfolio,1.4022616734369906,0.0685579702688047,88.57336997003675,0
21,critical_infrastructure,combined_portfolio,1.3983658673073203,0.086462380678856,88.24289072969572,0
22,critical_infrastructure,combined_portfolio,1.3947358441063038,0.10464943077855468,87.91736193267293,0
23,critical_infrastructure,combined_portfolio,1.3910065546208432,0.12759112745533643,87.53401934938623,0
24,critical_infrastructure,combined_portfolio,1.3862110288403162,0.1459647481490798,87.16854583436853,0
25,critical_infrastructure,combined_portfolio,1.3825248061353428,0.16708616140243568,86.80639431646586,0
26,critical_infrastructure,combined_portfolio,1.3781111788848124,0.18910166780344365,86.41071705689673,0
27,critical_infrastructure,combined_portfolio,1.37354796526227,0.2110783313283998,86.00999738549035,0
28,critical_infrastructure,combined_portfolio,1.3689915828437702,0.23227274717619265,85.61799602193491,0
29,critical_infrastructure,combined_portfolio,1.3645953061563865,0.250124124210954,85.26909571846015,0
0,critical_infrastructure,baseline,0.7307660797089955,0.35530709805547256,68.94374447307398,1
1,critical_infrastructure,baseline,0.7977069856829968,0.3756190191044372,72.40352660572302,1
2,critical_infrastructure,baseline,0.8345267423969547,0.39568391549149157,74.11571293890769,1
3,critical_infrastructure,baseline,0.8521718014053106,0.40756593700358074,74.89058843208318,1
4,critical_infrastructure,baseline,0.8599690947559578,0.4230785350788938,75.11958891013502,1
5,critical_infrastructure,baseline,0.8605885995863456,0.4336418848053436,75.04019819558658,1
6,critical_infrastructure,baseline,0.8580741959767971,0.44387939158812273,74.80634676297949,1
7,critical_infrastructure,baseline,0.8536881369533833,0.45116016416311244,74.50930394393184,1
8,critical_infrastructure,baseline,0.8489420891865351,0.4558493680480449,74.22038251566151,1
9,critical_infrastructure,baseline,0.8446811958174989,0.4589589192171258,73.97161109826068,1
10,critical_infrastructure,baseline,0.841156821810589,0.45996033537079234,73.78184498286294,1
11,critical_infrastructure,baseline,0.8386721922099489,0.4648652482128045,73.60287815167608,1
12,critical_infrastructure,baseline,0.8357664697376697,0.4713340641835939,73.385902041982,1
13,critical_infrastructure,baseline,0.8321664515128685,0.4773966283075546,73.13736976427596,1
14,critical_infrastructure,baseline,0.828241634922398,0.483883079855316,72.8669148334111,1
15,critical_infrastructure,baseline,0.823995438731943,0.48809239917931246,72.60338668611415,1
16,critical_infrastructure,baseline,0.8201717550799639,0.4891249079481227,72.39449790622328,1
17,critical_infrastructure,baseline,0.8174850573926762,0.4920672078723317,72.22346130163844,1
18,critical_infrastructure,baseline,0.8149875610391882,0.49530307625273384,72.05909113261032,1
19,critical_infrastructure,baseline,0.8125278602203565,0.4997514134754771,71.88353573404821,1
20,critical_infrastructure,baseline,0.809758348719688,0.5042515791177193,71.69103960192795,1
21,critical_infrastructure,baseline,0.8067791164149374,0.5092066650680055,71.48230173724984,1
22,critical_infrastructure,baseline,0.8035422347867681,0.510972250269601,71.29354183511265,1
23,critical_infrastructure,baseline,0.80101857999874,0.5109622722632893,71.16049616297666,1
24,critical_infrastructure,baseline,0.7994313198200969,0.5118317449733358,71.0671842994005,1
25,critical_infrastructure,baseline,0.7981921451897042,0.5134079753253481,70.98481527456356,1
26,critical_infrastructure,baseline,0.7969780252053811,0.5157740024976564,70.89539050186784,1
27,critical_infrastructure,baseline,0.7955625938326195,0.5184248475480523,70.79226206472642,1
28,critical_infrastructure,baseline,0.7939418464839956,0.5229543967777566,70.65814155624363,1
29,critical_infrastructure,baseline,0.7916752987486673,0.5264162305141363,70.5010469645212,1
0,critical_infrastructure,reputation,0.8876039269302,0.2315775870296114,77.27673745881799,1
1,critical_infrastructure,reputation,1.0706123856957759,0.17678756010663366,86.18766313577201,1
2,critical_infrastructure,reputation,1.1731176043719398,0.15257008413476436,90.63057826454035,1
3,critical_infrastructure,reputation,1.2225949685631758,0.13876105469675942,92.6944747881084,1
4,critical_infrastructure,reputation,1.2454804455390718,0.14292387736156914,93.51564542082907,1
5,critical_infrastructure,reputation,1.2528205901619178,0.1495941424682552,93.72072660358836,1
6,critical_infrastructure,reputation,1.253662678289362,0.16155055474742025,93.62590678336366,1
7,critical_infrastructure,reputation,1.2506833087439282,0.1732150522510308,93.39176540373037,1
8,critical_infrastructure,reputation,1.2463968843297182,0.18365645935007457,93.12125451775263,1
9,critical_infrastructure,reputation,1.2419653503293984,0.1932322174301055,92.85387156660612,1
10,critical_infrastructure,reputation,1.2377106382741618,0.2006698271600139,92.61533603932288,1
11,critical_infrastructure,reputation,1.2341003996769353,0.21323560877666942,92.3459182605577,1
12,critical_infrastructure,reputation,1.2293127071237586,0.22761974789867084,92.0127683412649,1
13,critical_infrastructure,reputation,1.2235814736037924,0.24134418416094783,91.65031732956058,1
14,critical_infrastructure,reputation,1.2176681577725528,0.2555151469661991,91.27522686884707,1
15,critical_infrastructure,reputation,1.2115496683581997,0.2667644653519755,90.92251944546547,1
16,critical_infrastructure,reputation,1.2061412040546862,0.2740834364856388,90.63771675246633,1
17,critical_infrastructure,reputation,1.2020684439106462,0.2837471698222835,90.37840777351128,1
18,critical_infrastructure,reputation,1.1978526679097161,0.2935323764653928,90.11214196576583,1
19,critical_infrastructure,reputation,1.1935413847722263,0.3045781991504557,89.82829692988504,1
20,critical_infrastructure,reputation,1.1888392984272866,0.3154618401969226,89.53060290001099,1
21,critical_infrastructure,reputation,1.1840217290183543,0.32674156046262504,89.22356765922824,1
22,critical_infrastructure,reputation,1.1790408422880883,0.3340690658693315,88.9516183038324,1
23,critical_infrastructure,reputation,1.1750717035478115,0.3393529687986179,88.74012611425195,1
24,critical_infrastructure,reputation,1.1720538759437327,0.3457013579698067,88.55419544155774,1
25,critical_infrastructure,reputation,1.1691145588921905,0.3527184418742565,88.36415101164718,1
26,critical_infrastructure,reputation,1.166018952773113,0.36046809110371897,88.15996769188563,1
27,critical_infrastructure,reputation,1.1626560747166592,0.3683633749346406,87.94344946956369,1
28,critical_infrastructure,reputation,1.1591421006548634,0.37830670385048765,87.69882489731641,1
29,critical_infrastructure,reputation,1.1549999700954465,0.38679075039169725,87.44457171494334,1
0,critical_infrastructure,combined_portfolio,1.0156627876603768,0.16750203651033838,77.94926310231433,1
1,critical_infrastructure,combined_portfolio,1.239649385931091,0.07625116391605133,88.11808203890037,1
2,critical_infrastructure,combined_portfolio,1.3256759622708685,0.03199880127463609,91.77757987868956,1
3,critical_infrastructure,combined_portfolio,1.3537458961467357,0.0074825199821773394,93.04443510577737,1
4,critical_infrastructure,combined_portfolio,1.3647704349647292,0.007718713427141012,93.43132967083501,1
5,critical_infrastructure,combined_portfolio,1.3662668622590752,0.01374165367732886,93.42272523936319,1
6,critical_infrastructure,combined_portfolio,1.3648188692219405,0.027350606792074218,93.22860030531768,1
7,critical_infrastructure,combined_portfolio,1.3608801319434085,0.04161422843265986,92.94045848888501,1
8,critical_infrastructure,combined_portfolio,1.3564115015365998,0.055058444912848704,92.64149051256223,1
9,critical_infrastructure,combined_portfolio,1.3520836256827906,0.06782422486859188,92.35401015590021,1
10,critical_infrastructure,combined_portfolio,1.3479516127535605,0.07836872290341271,92.09663527103021,1
11,critical_infrastructure,combined_portfolio,1.3444480745210783,0.09460792272366217,91.80034686729817,1
12,critical_infrastructure,combined_portfolio,1.3394646838557616,0.11280115133541427,91.43152127276741,1
13,critical_infrastructure,combined_portfolio,1.3337113290556575,0.13020252610352187,91.04323307717455,1
14,critical_infrastructure,combined_portfolio,1.328040654886961,0.14802791780605765,90.65254662087789,1
15,critical_infrastructure,combined_portfolio,1.3222481043736918,0.1625897321455275,90.29160073594772,1
16,critical_infrastructure,combined_portfolio,1.317314273976786,0.1728350858805587,90.00627465294085,1
17,critical_infrastructure,combined_portfolio,1.3136898015810785,0.1856298558711795,89.74005969967212,1
18,critical_infrastructure,combined_portfolio,1.3095711283544502,0.19848860857540376,89.4556249496702,1
19,critical_infrastructure,combined_portfolio,1.3053436263287455,0.21264527948016335,89.15296736331858,1
20,critical_infrastructure,combined_portfolio,1.3007312850502726,0.22653890811511465,88.83888564729173,1
21,critical_infrastructure,combined_portfolio,1.2961139377662143,0.24078621371135986,88.52026631961735,1
22,critical_infrastructure,combined_portfolio,1.2913865922116725,0.2507001311210442,88.24331317435615,1
23,critical_infrastructure,combined_portfolio,1.2878179763035515,0.25843205894858456,88.03091311200986,1
24,critical_infrastructure,combined_portfolio,1.2850476173157421,0.26733009151421677,87.83502842597943,1
25,critical_infrastructure,combined_portfolio,1.2820965070762151,0.27690500902765125,87.62543176456242,1
26,critical_infrastructure,combined_portfolio,1.278921644943211,0.2872041402944435,87.39974313498082,1
27,critical_infrastructure,combined_portfolio,1.275501085694036,0.2975873341043346,87.1639138215788,1
28,critical_infrastructure,combined_portfolio,1.2720053525245063,0.3100897165379953,86.90243992663325,1
29,critical_infrastructure,combined_portfolio,1.267906492236123,0.32092450200016165,86.636338618133,1
0,critical_infrastructure,baseline,0.9782542065221924,0.32418123405367794,112.83436306793459,2
1,critical_infrastructure,baseline,1.103659912523115,0.3460351933904874,120.192871896857,2
2,critical_infrastructure,baseline,1.1343783709128443,0.3776892442213968,121.5985856821936,2
3,critical_infrastructure,baseline,1.133398183147109,0.3956450704161474,121.3547166074548,2
4,critical_infrastructure,baseline,1.127215835144486,0.41180869687557986,120.83073080067878,2
5,critical_infrastructure,baseline,1.120023578392145,0.42531201480703884,120.27717496205453,2
6,critical_infrastructure,baseline,1.1133993897439556,0.43606523060946023,119.7839427286842,2
7,critical_infrastructure,baseline,1.1078557095030424,0.44435305166978156,119.37759410616734,2
8,critical_infrastructure,baseline,1.103453195428895,0.4561783083088058,118.99439830173762,2
9,critical_infrastructure,baseline,1.098241918842321,0.4675247300614394,118.57081114515155,2
10,critical_infrastructure,baseline,1.092944010726106,0.4726039929517264,118.21191856080779,2
11,critical_infrastructure,baseline,1.0896748096231754,0.48032868900507975,117.93686320624461,2
12,critical_infrastructure,baseline,1.0861551287078357,0.4899767635910116,117.62623462400582,2
13,critical_infrastructure,baseline,1.0819305269371713,0.4969530617030166,117.3051072645199,2
14,critical_infrastructure,baseline,1.078368792099895,0.5034184109954222,117.02658272676503,2
15,critical_infrastructure,baseline,1.075175557065477,0.5153208374523979,116.70726611953836,2
16,critical_infrastructure,baseline,1.070313445987764,0.5235132795025825,116.33388610511983,2
17,critical_infrastructure,baseline,1.0661635568806782,0.5311617124130343,116.00596334099615,2
18,critical_infrastructure,baseline,1.0624074185020653,0.5424114512702549,115.65955032050618,2
19,critical_infrastructure,baseline,1.0575909819451863,0.551624967921297,115.27429322375279,2
20,critical_infrastructure,baseline,1.0531224301609874,0.5596895170803557,114.92080924540183,2
21,critical_infrastructure,baseline,1.0491353749248375,0.570048447590773,114.56870827175008,2
22,critical_infrastructure,baseline,1.0445420879819431,0.5777850890140039,114.21034861807128,2
23,critical_infrastructure,baseline,1.040625208958493,0.5857324900565108,113.88813259953453,2
24,critical_infrastructure,baseline,1.0368429586300076,0.5936605503176059,113.57370317700156,2
25,critical_infrastructure,baseline,1.0331074892234602,0.5972075687610868,113.31114234342016,2
26,critical_infrastructure,baseline,1.0308208077851528,0.6034645530549281,113.10307433815436,2
27,critical_infrastructure,baseline,1.0280827763979288,0.6134413613291844,112.8265003599125,2
28,critical_infrastructure,baseline,1.0239903551171117,0.6211673576868446,112.49430695599531,2
29,critical_infrastructure,baseline,1.0202267551244164,0.6305013337092643,112.16207672801112,2
0,critical_infrastructure,reputation,1.18884210025635,0.25086353120578475,124.5311052104912,2
1,critical_infrastructure,reputation,1.3270099549963912,0.21081308826360257,132.2778846891747,2
2,critical_infrastructure,reputation,1.3333114650226592,0.19764179422269296,132.7863615622967,2
3,critical_infrastructure,reputation,1.3370121543016744,0.1872545259790411,133.08438124748065,2
4,critical_infrastructure,reputation,1.3400418886631866,0.18994095199008193,133.20058630910873,2
5,critical_infrastructure,reputation,1.3388505574070766,0.19916490934478404,133.04004382026162,2
6,critical_infrastructure,reputation,1.335952761785086,0.21078332491359056,132.76879001635646,2
7,critical_infrastructure,reputation,1.3324433148145725,0.2225438457281277,132.46559227182783,2
8,critical_infrastructure,reputation,1.3289423520488413,0.24021337759167766,132.0951828061881,2
9,critical_infrastructure,reputation,1.3234971580658845,0.25795710580975306,131.62953181085805,2
10,critical_infrastructure,reputation,1.3182014577057852,0.2684869507446195,131.2513092389085,2
11,critical_infrastructure,reputation,1.3152354996706623,0.28246117358265405,130.94663412205531,2
12,critical_infrastructure,reputation,1.3109209914375446,0.29856111558723397,130.55272586415578,2
13,critical_infrastructure,reputation,1.306019148913276,0.31128973704085205,130.16722517344905,2
14,critical_infrastructure,reputation,1.3022570578327455,0.3234006222462385,129.84367470143133,2
15,critical_infrastructure,reputation,1.298591929374069,0.34187216406814136,129.45275115466882,2
16,critical_infrastructure,reputation,1.2928268033182975,0.3556658237599212,129.01095399118145,2
17,critical_infrastructure,reputation,1.2887388169443519,0.3688836054213627,128.65682760362907,2
18,critical_infrastructure,reputation,1.2847010932444536,0.38625904232990926,128.25816383342507,2
19,critical_infrastructure,reputation,1.2792872031700264,0.40099459582423025,127.8204791632839,2
20,critical_infrastructure,reputation,1.2748152787278293,0.41436736160433496,127.44379565521669,2
21,critical_infrastructure,reputation,1.2707133682900729,0.43033872263302586,127.0558828790279,2
22,critical_infrastructure,reputation,1.2657256894180906,0.4430388780843595,126.66021084029265,2
23,critical_infrastructure,reputation,1.2618468157917118,0.4559624533277778,126.31666722390493,2
24,critical_infrastructure,reputation,1.257820930544571,0.46871964375225594,125.96753722539586,2
25,critical_infrastructure,reputation,1.253846774188953,0.47631539739161666,125.67896742986646,2
26,critical_infrastructure,reputation,1.2515498517037278,0.48707687711009945,125.43902233706898,2
27,critical_infrastructure,reputation,1.248130769814986,0.5017984148176577,125.09769296980113,2
28,critical_infrastructure,reputation,1.2434597139629875,0.5136612173814308,124.72419330981126,2
29,critical_infrastructure,reputation,1.23976742759354,0.5273925620086305,124.37825841665735,2
0,critical_infrastructure,combined_portfolio,1.4025807113051334,0.19128597782772602,129.51414579289454,2
1,critical_infrastructure,combined_portfolio,1.3660652577862222,0.11775323565253928,129.47812854227448,2
2,critical_infrastructure,combined_portfolio,1.4065280801496058,0.08447341548605766,131.70729472603205,2
3,critical_infrastructure,combined_portfolio,1.3992070769045353,0.0633909859892621,131.6449796552687,2
4,critical_infrastructure,combined_portfolio,1.4095155168898148,0.06144630589164405,132.1354265660007,2
5,critical_infrastructure,combined_portfolio,1.4053463910462367,0.06970522868265203,131.8591929608428,2
6,critical_infrastructure,combined_portfolio,1.404596466546867,0.08225549750869501,131.67862233352412,2
7,critical_infrastructure,combined_portfolio,1.400836084957931,0.095954722161216,131.34918536293372,2
8,critical_infrastructure,combined_portfolio,1.3980971034206262,0.11670238868934232,130.98399095677016,2
9,critical_infrastructure,combined_portfolio,1.3925670881824308,0.13780348909074266,130.4861077761808,2
10,critical_infrastructure,combined_portfolio,1.388190414348276,0.1510857499131675,130.12722989767238,2
11,critical_infrastructure,combined_portfolio,1.385826891282494,0.16824770637668338,129.81866643863557,2
12,critical_infrastructure,combined_portfolio,1.3812718882250934,0.1877442479679571,129.38296750584644,2
13,critical_infrastructure,combined_portfolio,1.376926601854962,0.2035013326687847,128.99695631897728,2
14,critical_infrastructure,combined_portfolio,1.373695053963693,0.21857076873616285,128.67066909334238,2
15,critical_infrastructure,combined_portfolio,1.370183455905743,0.24056723065551236,128.25334745293995,2
16,critical_infrastructure,combined_portfolio,1.3645160853629337,0.2573490935524629,127.79290490894653,2
17,critical_infrastructure,combined_portfolio,1.3614770428321707,0.27347227403122576,127.46141527074289,2
18,critical_infrastructure,combined_portfolio,1.3575024079720541,0.2940884869553856,127.03674026103275,2
19,critical_infrastructure,combined_portfolio,1.3524459542903182,0.31172563616876575,126.59313978800174,2
20,critical_infrastructure,combined_portfolio,1.348806518657574,0.3278387395974423,126.23263269981364,2
21,critical_infrastructure,combined_portfolio,1.3450533443484944,0.34673678869045926,125.83599496351482,2
22,critical_infrastructure,combined_portfolio,1.3404227749073625,0.36200193902617345,125.43810125814016,2
23,critical_infrastructure,combined_portfolio,1.3373299321407657,0.3774889736028033,125.11000702831092,2
24,critical_infrastructure,combined_portfolio,1.3335205955900855,0.39275434266723785,124.7510851966956,2
25,critical_infrastructure,combined_portfolio,1.3300647603669236,0.40240738047993624,124.47176718148035,2
26,critical_infrastructure,combined_portfolio,1.3282926440398994,0.41552595640471995,124.23438437800607,2
27,critical_infrastructure,combined_portfolio,1.32470445848346,0.4328304482989516,123.86319007441722,2
28,critical_infrastructure,combined_portfolio,1.3204627030214584,0.4469152157819072,123.49478413568099,2
29,critical_infrastructure,combined_portfolio,1.3175203615963378,0.46298061119617,123.1659155847569,2
0,critical_infrastructure,baseline,0.9596773156869446,0.2198697515224349,95.21336030069253,3
1,critical_infrastructure,baseline,1.116654597929422,0.1754626212866951,103.76405818054906,3
2,critical_infrastructure,baseline,1.1807616560934273,0.16731357409906175,106.87349253612263,3
3,critical_infrastructure,baseline,1.204378226207559,0.18062704196979498,107.79044843408715,3
4,critical_infrastructure,baseline,1.2082891897312706,0.20086407955144633,107.72840468556366,3
5,critical_infrastructure,baseline,1.203397355569122,0.22016002886584798,107.281617016562,3
6,critical_infrastructure,baseline,1.1957719197004777,0.2389477919856166,106.71570151438942,3
7,critical_infrastructure,baseline,1.187379781135192,0.2555434148834087,106.13906776494547,3
8,critical_infrastructure,baseline,1.1794217245490357,0.26965028048994993,105.60942939571153,3
9,critical_infrastructure,baseline,1.1723958882444285,0.28057989808654726,105.15828873888417,3
10,critical_infrastructure,baseline,1.1666765288223144,0.2893732443582286,104.79095459644734,3
11,critical_infrastructure,baseline,1.1620615059089625,0.3007999075633967,104.44184763005966,3
12,critical_infrastructure,baseline,1.157008448520643,0.314713842271527,104.04253511407893,3
13,critical_infrastructure,baseline,1.1510488101320213,0.32813882246246057,103.60643657392045,3
14,critical_infrastructure,baseline,1.144946413660695,0.3404321469772841,103.17586159295152,3
15,critical_infrastructure,baseline,1.1391525804667764,0.35082694356529764,102.78108908057837,3
16,critical_infrastructure,baseline,1.13405122541123,0.36018504081448643,102.42997436147131,3
17,critical_infrastructure,baseline,1.1295007602354172,0.36902917748399655,102.11011131005942,3
18,critical_infrastructure,baseline,1.125292039347797,0.3792643026870957,101.78906975273335,3
19,critical_infrastructure,baseline,1.120768791865188,0.388662353475992,101.46280163892999,3
20,critical_infrastructure,baseline,1.1164037814722751,0.4003845636250935,101.11533127330128,3
21,critical_infrastructure,baseline,1.11137649233603,0.40954775533880444,100.76661756181281,3
22,critical_infrastructure,baseline,1.106925725785424,0.41854156711100343,100.4462069925982,3
23,critical_infrastructure,baseline,1.1027160732833827,0.4261960539451516,100.15284007133741,3
24,critical_infrastructure,baseline,1.0989988614696444,0.4318719827258699,99.90616507520129,3
25,critical_infrastructure,baseline,1.096051604549439,0.4398285355015634,99.66867551997974,3
26,critical_infrastructure,baseline,1.0926507078971088,0.44872667549381606,99.39810887586297,3
27,critical_infrastructure,baseline,1.0888144494256047,0.45548973607543286,99.13163920211976,3
28,critical_infrastructure,baseline,1.085496995798638,0.46279993002250047,98.88294953627052,3
29,critical_infrastructure,baseline,1.0821786124149155,0.4692080634744282,98.64481597350421,3
0,critical_infrastructure,reputation,1.1361475662710336,0.1327516452371929,103.97737599815433,3
1,critical_infrastructure,reputation,1.3304398386384706,0.00456218013372689,114.22967641207975,3
2,critical_infrastructure,reputation,1.3770054732961423,0.0,116.23022236209384,3
3,critical_infrastructure,reputation,1.376812599771792,0.0,116.2382630096953,3
4,critical_infrastructure,reputation,1.376821800753199,0.0,116.23856414526185,3
5,critical_infrastructure,reputation,1.3768213623082761,0.0,116.23854979913386,3
6,critical_infrastructure,reputation,1.3768213832021459,0.0,116.23855048279943,3
7,critical_infrastructure,reputation,1.3768213822064614,0.0,116.23855045021978,3
8,critical_infrastructure,reputation,1.3768213822539102,0.0,116.23855045177235,3
9,critical_infrastructure,reputation,1.3768213822516489,0.0,116.23855045169834,3
10,critical_infrastructure,reputation,1.3768213822517568,0.0,116.23855045170187,3
11,critical_infrastructure,reputation,1.3768213822517517,0.0,116.23855045170171,3
12,critical_infrastructure,reputation,1.376821382251752,0.003513895634127462,116.19642715422779,3
13,critical_infrastructure,reputation,1.3757386659206885,0.014822799338157389,116.01784432176652,3
14,critical_infrastructure,reputation,1.3723053782104486,0.030291495247126876,115.69546073988221,3
15,critical_infrastructure,reputation,1.3676971851612107,0.04685314904001975,115.31200040734304,3
16,critical_infrastructure,reputation,1.3627956652838442,0.06417752942013566,114.90673765208662,3
17,critical_infrastructure,reputation,1.3576585372625232,0.08193801462261902,114.48609196578064,3
18,critical_infrastructure,reputation,1.352381813857464,0.10194026654409344,114.03221444698998,3
19,critical_infrastructure,reputation,1.3464038003792376,0.1209798764539412,113.56076844143269,3
20,critical_infrastructure,reputation,1.3407275625419999,0.14295296652750444,113.06527860979276,3
21,critical_infrastructure,reputation,1.334118694882068,0.16154152969895758,112.57163807988992,3
22,critical_infrastructure,reputation,1.328555697780055,0.17988017090351338,112.12236610044005,3
23,critical_infrastructure,reputation,1.3230240092249865,0.19635656987514083,111.69626463525452,3
24,critical_infrastructure,reputation,1.3180476176510332,0.21019549554010208,111.32387142832734,3
25,critical_infrastructure,reputation,1.3138586028252128,0.226608078081461,110.95268929983287,3
26,critical_infrastructure,reputation,1.308853516824554,0.24374356036018008,110.53886135567126,3
27,critical_infrastructure,reputation,1.3036224052428222,0.25800300445783125,110.14917977108108,3
28,critical_infrastructure,reputation,1.299264041493871,0.27283547269541464,109.78820429473366,3
29,critical_infrastructure,reputation,1.294710990922545,0.2863647409332733,109.43451171938393,3
0,critical_infrastructure,combined_portfolio,1.3309429628826146,0.06889929055718261,107.82907322363047,3
1,critical_infrastructure,combined_portfolio,1.4121480955537087,0.0,112.47120513924312,3
2,critical_infrastructure,combined_portfolio,1.4062244989943549,0.0,112.30522134175816,3
3,critical_infrastructure,combined_portfolio,1.4083801006148289,0.0,112.38461854367007,3
4,critical_infrastructure,combined_portfolio,1.407598845256911,0.0,112.35586300584887,3
5,critical_infrastructure,combined_portfolio,1.4078824150190514,0.0,112.36630300483623,3
6,critical_infrastructure,combined_portfolio,1.4077795436946907,0.0,112.36251601409003,3
7,critical_infrastructure,combined_portfolio,1.407816869842815,0.0,112.36389014412312,3
8,critical_infrastructure,combined_portfolio,1.4078033272632633,0.0,112.3633915918473,3
9,critical_infrastructure,combined_portfolio,1.4078082408737738,0.0,112.36357248077178,3
10,critical_infrastructure,combined_portfolio,1.4078064581008518,0.0,112.3635068501417,3
11,critical_infrastructure,combined_portfolio,1.4078071049347818,0.0,112.36353066256494,3
12,critical_infrastructure,combined_portfolio,1.4078068702477857,0.0,112.36352202284367,3
13,critical_infrastructure,combined_portfolio,1.4078069553979424,0.0,112.36352515754517,3
14,critical_infrastructure,combined_portfolio,1.407806924503397,0.0,112.36352402019932,3
15,critical_infrastructure,combined_portfolio,1.4078069357126892,0.0,112.36352443285605,3
16,critical_infrastructure,combined_portfolio,1.4078069316456856,0.0,112.36352428313415,3
17,critical_infrastructure,combined_portfolio,1.4078069331212935,0.0,112.36352433745691,3
18,critical_infrastructure,combined_portfolio,1.407806932585907,0.0,112.36352431774729,3
19,critical_infrastructure,combined_portfolio,1.4078069327801586,0.0,112.36352432489844,3
20,critical_infrastructure,combined_portfolio,1.4078069327096792,0.009988532673680751,112.2437854407459,3
21,critical_infrastructure,combined_portfolio,1.4047292239541127,0.023342190320805624,111.96360806414528,3
22,critical_infrastructure,combined_portfolio,1.4017276081638832,0.04064859893196491,111.63637662412268,3
23,critical_infrastructure,combined_portfolio,1.3974734105188875,0.05836828959540622,111.25492188827413,3
24,critical_infrastructure,combined_portfolio,1.393529796293812,0.07457481598886043,110.9024023879129,3
25,critical_infrastructure,combined_portfolio,1.3899290869099805,0.09443524113584909,110.5194696828647,3
26,critical_infrastructure,combined_portfolio,1.3850707767199821,0.11549119475407085,110.07248569207117,3
27,critical_infrastructure,combined_portfolio,1.380268484272762,0.13353690613207395,109.66224362283712,3
28,critical_infrastructure,combined_portfolio,1.3763561053599913,0.15230375427384849,109.27820698010581,3
29,critical_infrastructure,combined_portfolio,1.371902775365651,0.1696316368115838,108.89021014251198,3
0,critical_infrastructure,baseline,0.7899027224168792,0.23828976015765505,77.26574291478877,4
1,critical_infrastructure,baseline,0.9208322496752915,0.1915527072874913,84.73091693287436,4
2,critical_infrastructure,baseline,1.0117387545024863,0.17088704819966002,89.34455728317191,4
3,critical_infrastructure,baseline,1.0711179551383287,0.1665106274059504,92.08798795853212,4
4,critical_infrastructure,baseline,1.1074822667611608,0.17094343756852112,93.62738237445139,4
5,critical_infrastructure,baseline,1.128018880731675,0.17446656614437409,94.46664950685147,4
6,critical_infrastructure,baseline,1.1393722210529704,0.17948680199714953,94.88937830980858,4
7,critical_infrastructure,baseline,1.144922852606649,0.1857649931457188,95.0503209296514,4
8,critical_infrastructure,baseline,1.146731907505692,0.19174815695025715,95.05700628891631,4
9,critical_infrastructure,baseline,1.146389371981593,0.19794781053813398,94.97081806631672,4
10,critical_infrastructure,baseline,1.1447178542660774,0.2019000288451623,94.85493377342785,4
11,critical_infrastructure,baseline,1.142789344853012,0.20778518833799284,94.70559448519721,4
12,critical_infrastructure,baseline,1.1402505779180632,0.2152255264075478,94.5124280950398,4
13,critical_infrastructure,baseline,1.1369812945474058,0.2244282776600721,94.26779053191858,4
14,critical_infrastructure,baseline,1.1328611127791164,0.23533608253159397,93.96704070351866,4
15,critical_infrastructure,baseline,1.1278322663492153,0.24259037442983397,93.66968375187159,4
16,critical_infrastructure,baseline,1.1231295146873403,0.2531228095211613,93.34722222338239,4
17,critical_infrastructure,baseline,1.117844304955574,0.26410993937380167,92.99399519025339,4
18,critical_infrastructure,baseline,1.1121059425117288,0.27575076951288263,92.612842986386,4
19,critical_infrastructure,baseline,1.1059439936743156,0.2888031552726348,92.19599374949462,4
20,critical_infrastructure,baseline,1.0991964367933176,0.30107848919007557,91.7616301731747,4
21,critical_infrastructure,baseline,1.0922852242294447,0.3117752796745854,91.33700141390622,4
22,critical_infrastructure,baseline,1.0856503404549742,0.3216194203250049,90.93280795263308,4
23,critical_infrastructure,baseline,1.0793808463374557,0.33187195106399864,90.5385107879287,4
24,critical_infrastructure,baseline,1.0732309019322375,0.3414218564681733,90.15641201272398,4
25,critical_infrastructure,baseline,1.0673175771879022,0.35178915042389136,89.77405912844138,4
26,critical_infrastructure,baseline,1.0613503823421089,0.360900956256709,89.40277424481388,4
27,critical_infrastructure,baseline,1.0556475644138237,0.3673194731780466,89.07340290463445,4
28,critical_infrastructure,baseline,1.0507386109501808,0.3748562606665024,88.76555429419423,4
29,critical_infrastructure,baseline,1.0460357725643956,0.38504465088496165,88.435432804319,4
0,critical_infrastructure,reputation,0.9352509467425156,0.14241952510265876,84.98728657774183,4
1,critical_infrastructure,reputation,1.154990900704261,0.028468024695870342,96.31417177471835,4
2,critical_infrastructure,reputation,1.2768320928926291,0.0,101.55228673421652,4
3,critical_infrastructure,reputation,1.3271036098050248,0.0,103.47073155867197,4
4,critical_infrastructure,reputation,1.3431921158198543,0.0,104.07390598880076,4
5,critical_infrastructure,reputation,1.3481109298009097,0.0,104.2572231751618,4
6,critical_infrastructure,reputation,1.349592556826204,0.0,104.31234286943459,4
7,critical_infrastructure,reputation,1.3500368085373242,0.0,104.32886116001714,4
8,critical_infrastructure,reputation,1.3501698292826776,0.0,104.33380638402103,4
9,critical_infrastructure,reputation,1.350209642718715,0.0,104.33528643094239,4
10,critical_infrastructure,reputation,1.350221557499134,0.0,104.33572935131004,4
11,critical_infrastructure,reputation,1.3502251230471751,0.0,104.33586189652121,4
12,critical_infrastructure,reputation,1.350226190040527,0.0,104.33590156074007,4
13,critical_infrastructure,reputation,1.3502265093381531,0.0,104.33591343024803,4
14,critical_infrastructure,reputation,1.3502266048878324,0.0,104.33591698219283,4
15,critical_infrastructure,reputation,1.350226633481025,0.0,104.33591804511046,4
16,critical_infrastructure,reputation,1.3502266420375224,0.0030229112712822914,104.30078309980307,4
17,critical_infrastructure,reputation,1.349510809100512,0.012778730861932763,104.16120945943119,4
18,critical_infrastructure,reputation,1.3469862756589348,0.027101599330916548,103.9021771961588,4
19,critical_infrastructure,reputation,1.3428369606393968,0.045387892775582805,103.53695072993976,4
20,critical_infrastructure,reputation,1.3372555437682558,0.06402699193224992,103.11417156879774,4
21,critical_infrastructure,reputation,1.3311470742636986,0.08151781445654938,102.68426642710364,4
22,critical_infrastructure,reputation,1.3251351317986153,0.09840311932528284,102.26402671935485,4
23,critical_infrastructure,reputation,1.3192804466983412,0.11595073847369741,101.84112790762165,4
24,critical_infrastructure,reputation,1.313302517864447,0.1326503276671706,101.42270013178259,4
25,critical_infrastructure,reputation,1.3074718025545198,0.1502592731380269,100.99836509795949,4
26,critical_infrastructure,reputation,1.3014571148719742,0.16623555154745756,100.58529025162274,4
27,critical_infrastructure,reputation,1.2957554800256732,0.17893497385103085,100.22124608941817,4
28,critical_infrastructure,reputation,1.2909152572161484,0.19290900356343388,99.87435989715908,4
29,critical_infrastructure,reputation,1.286039120297954,0.20980769231487562,99.49170449314676,4
0,critical_infrastructure,combined_portfolio,1.0729473183488205,0.07954993853057532,86.98940246239042,4
1,critical_infrastructure,combined_portfolio,1.316746423901749,0.0,98.06607193026625,4
2,critical_infrastructure,combined_portfolio,1.3851238671013284,0.0,100.67494864824255,4
3,critical_infrastructure,combined_portfolio,1.3929548598883714,0.0,100.98345224056307,4
4,critical_infrastructure,combined_portfolio,1.3936834131064775,0.0,101.0126566271774,4
5,critical_infrastructure,combined_portfolio,1.3937494382023536,0.0,101.0153100022157,4
6,critical_infrastructure,combined_portfolio,1.3937554069567135,0.0,101.01554992914227,4
7,critical_infrastructure,combined_portfolio,1.3937559464189062,0.0,101.01557161446561,4
8,critical_infrastructure,combined_portfolio,1.3937559951750689,0.0,101.01557357437177,4
9,critical_infrastructure,combined_portfolio,1.3937559995816038,0.0,101.01557375150621,4
10,critical_infrastructure,combined_portfolio,1.393755999979862,0.0,101.01557376751546,4
11,critical_infrastructure,combined_portfolio,1.3937560000158564,0.0,101.01557376896237,4
12,critical_infrastructure,combined_portfolio,1.3937560000191094,0.0,101.01557376909314,4
13,critical_infrastructure,combined_portfolio,1.3937560000194036,0.0,101.01557376910496,4
14,critical_infrastructure,combined_portfolio,1.39375600001943,0.0,101.015573769106,4
15,critical_infrastructure,combined_portfolio,1.3937560000194325,0.0,101.01557376910613,4
16,critical_infrastructure,combined_portfolio,1.3937560000194327,0.0,101.01557376910613,4
17,critical_infrastructure,combined_portfolio,1.3937560000194327,0.0,101.01557376910613,4
18,critical_infrastructure,combined_portfolio,1.3937560000194327,0.0,101.01557376910613,4
19,critical_infrastructure,combined_portfolio,1.3937560000194327,0.0,101.01557376910613,4
20,critical_infrastructure,combined_portfolio,1.3937560000194327,0.0,101.01557376910613,4
21,critical_infrastructure,combined_portfolio,1.3937560000194327,0.0,101.01557376910613,4
22,critical_infrastructure,combined_portfolio,1.3937560000194327,0.0,101.01557376910613,4
23,critical_infrastructure,combined_portfolio,1.3937560000194327,0.004795842715791289,100.959831743671,4
24,critical_infrastructure,combined_portfolio,1.3926203284272214,0.016019893450653334,100.78891396263852,4
25,critical_infrastructure,combined_portfolio,1.3898594317699555,0.0323700046527615,100.4999285051968,4
26,critical_infrastructure,combined_portfolio,1.3857342328074365,0.049224203430989134,100.1554425704439,4
27,critical_infrastructure,combined_portfolio,1.3813564299342622,0.06374126082790002,99.82812387330341,4
28,critical_infrastructure,combined_portfolio,1.3774979099867517,0.08031573101898828,99.49504812162246,4
29,critical_infrastructure,combined_portfolio,1.373193154396845,0.10040333127170545,99.10494053661013,4
0,critical_infrastructure,baseline,0.7664978663733664,0.3319074686279934,78.688986290834,5
1,critical_infrastructure,baseline,0.8578318363470654,0.3403895242097742,83.88581327099864,5
2,critical_infrastructure,baseline,0.9097411519897842,0.3572780723969296,86.51678345231221,5
3,critical_infrastructure,baseline,0.9354101034698771,0.3729901489386546,87.6911870448476,5
4,critical_infrastructure,baseline,0.9458660021745885,0.38845020020164833,88.06091327519687,5
5,critical_infrastructure,baseline,0.9474106553973615,0.40642850751378895,87.94105343528942,5
6,critical_infrastructure,baseline,0.9429431000112116,0.4212168580544,87.5477060634454,5
7,critical_infrastructure,baseline,0.9358824520466833,0.4327447577333187,87.05517406809076,5
8,critical_infrastructure,baseline,0.9282667006033131,0.4459403969876503,86.51235476782063,5
9,critical_infrastructure,baseline,0.919823447095887,0.4555136233078908,85.96438386435527,5
10,critical_infrastructure,baseline,0.9119741131925858,0.4620885172513456,85.47782548984362,5
11,critical_infrastructure,baseline,0.9053708850652891,0.4664135361809227,85.07968835713888,5
12,critical_infrastructure,baseline,0.900175379229845,0.47395222932935677,84.71854225355035,5
13,critical_infrastructure,baseline,0.8948491067426196,0.4805880737935786,84.35975922112972,5
14,critical_infrastructure,baseline,0.8897146661325899,0.4847625001613502,84.03749376655922,5
15,critical_infrastructure,baseline,0.8854290463234182,0.4915675692635533,83.73012331005164,5
16,critical_infrastructure,baseline,0.880857555872109,0.4983949750870781,83.40651323923369,5
17,critical_infrastructure,baseline,0.8761093843679698,0.5066527503277007,83.05624170451614,5
18,critical_infrastructure,baseline,0.8708276981159473,0.514219871249475,82.68361618418658,5
19,critical_infrastructure,baseline,0.8654355427998868,0.519311376135591,82.33122464489172,5
20,critical_infrastructure,baseline,0.8607172159840786,0.5218787260646454,82.04264716301019,5
21,critical_infrastructure,baseline,0.8571521180734072,0.5219382450626583,81.84476333774101,5
22,critical_infrastructure,baseline,0.8550201672252118,0.5212071573356631,81.73448770959158,5
23,critical_infrastructure,baseline,0.8539742955550504,0.5234740942986192,81.65074150813328,5
24,critical_infrastructure,baseline,0.8526755749865311,0.5264147326571387,81.54578010282003,5
25,critical_infrastructure,baseline,0.8510251972678979,0.5316884623117156,81.39505479612141,5
26,critical_infrastructure,baseline,0.8484679914283021,0.5396150354556215,81.16410925548828,5
27,critical_infrastructure,baseline,0.8445786432648661,0.5445548923450044,80.89201626598737,5
28,critical_infrastructure,baseline,0.8407914824321742,0.5511317875245272,80.60608042893493,5
29,critical_infrastructure,baseline,0.836574322306983,0.5572365407100548,80.30067600022845,5
0,critical_infrastructure,reputation,0.9233499402105614,0.2575533904993491,87.28087834372553,5
1,critical_infrastructure,reputation,1.1130293921510188,0.21472914412004687,97.02631995972017,5
2,critical_infrastructure,reputation,1.209342383877076,0.19706281041396492,101.45809532493433,5
3,critical_infrastructure,reputation,1.2512739792556025,0.19014611352757915,103.29596342931062,5
4,critical_infrastructure,reputation,1.268099122849033,0.1922083784143619,103.96619092177973,5
5,critical_infrastructure,reputation,1.2731997023401396,0.20424059099603165,104.04094050185712,5
6,critical_infrastructure,reputation,1.2713101424055515,0.21760347612744715,103.8162645149112,5
7,critical_infrastructure,reputation,1.2666796962484106,0.2307068605352391,103.48206196179049,5
8,critical_infrastructure,reputation,1.26120340831308,0.24822293426028325,103.06286092898364,5
9,critical_infrastructure,reputation,1.2541113295423416,0.2628568871973259,102.60919364919431,5
10,critical_infrastructure,reputation,1.2473170132021016,0.2748093434158279,102.19604154112253,5
11,critical_infrastructure,reputation,1.241407048893838,0.2845484956752531,101.84287204769007,5
12,critical_infrastructure,reputation,1.2364476447546777,0.2982583863393159,101.48362932048303,5
13,critical_infrastructure,reputation,1.2306181524714976,0.3108015750857738,101.10104592881896,5
14,critical_infrastructure,reputation,1.2248216956963138,0.3203669016797747,100.75207430851829,5
15,critical_infrastructure,reputation,1.219913900887508,0.3329535475737957,100.40533466043017,5
16,critical_infrastructure,reputation,1.2144049966905928,0.34538201130726437,100.03478357972402,5
17,critical_infrastructure,reputation,1.2087180986611947,0.35934087286823013,99.63859393417304,5
18,critical_infrastructure,reputation,1.2024965889221575,0.3723590742767615,99.22945637645745,5
19,critical_infrastructure,reputation,1.1963489658272712,0.3824512522624198,98.85501457428295,5
20,critical_infrastructure,reputation,1.1910877952992736,0.3896381330675295,98.54974980558221,5
21,critical_infrastructure,reputation,1.1870066981464524,0.3939500868659598,98.32643604141929,5
22,critical_infrastructure,reputation,1.184210956886844,0.39733764009638506,98.16818843836421,5
23,critical_infrastructure,reputation,1.1821620183007269,0.4040298304426626,98.00491181609861,5
24,critical_infrastructure,reputation,1.179398886619727,0.4112428707893021,97.8052854144696,5
25,critical_infrastructure,reputation,1.176211949303862,0.42092300381949244,97.55939890601445,5
26,critical_infrastructure,reputation,1.1721251478474575,0.43340163912955676,97.24300368576075,5
27,critical_infrastructure,reputation,1.1668587268245614,0.4423699910074932,96.91430723004297,5
28,critical_infrastructure,reputation,1.1621898828782036,0.4532419039320576,96.58902815615576,5
29,critical_infrastructure,reputation,1.157167196470005,0.4635185678786403,96.25453300856601,5
0,critical_infrastructure,combined_portfolio,1.0647498037423793,0.20007951779444386,89.80391251285778,5
1,critical_infrastructure,combined_portfolio,1.2837995077956263,0.1216094468185574,100.39943674483717,5
2,critical_infrastructure,combined_portfolio,1.3525455206101813,0.0824327553799612,103.6400200037933,5
3,critical_infrastructure,combined_portfolio,1.3728664913546405,0.06278818681072307,104.66601727505935,5
4,critical_infrastructure,combined_portfolio,1.380776589254775,0.05816171653333505,105.02568543821782,5
5,critical_infrastructure,combined_portfolio,1.382889298465921,0.0679719554742943,104.99877672830854,5
6,critical_infrastructure,combined_portfolio,1.3801427939078843,0.0814848444194255,104.74493516442567,5
7,critical_infrastructure,combined_portfolio,1.375854137114467,0.09611467046625938,104.41798575218064,5
8,critical_infrastructure,combined_portfolio,1.3710848701905058,0.11650833596227894,104.00708183578175,5
9,critical_infrastructure,combined_portfolio,1.3645350419180444,0.13420355940807552,103.55806994775736,5
10,critical_infrastructure,combined_portfolio,1.3586044143374272,0.14921887087090568,103.1609008960498,5
11,critical_infrastructure,combined_portfolio,1.3535149653389527,0.1619508367099548,102.82098236399466,5
12,critical_infrastructure,combined_portfolio,1.349177590169245,0.17916181545939103,102.45946907927939,5
13,critical_infrastructure,combined_portfolio,1.3435666734454426,0.19508571507116834,102.06329539274381,5
14,critical_infrastructure,combined_portfolio,1.3381896272014449,0.2077157243685629,101.71173986674133,5
15,critical_infrastructure,combined_portfolio,1.3338070052088178,0.2236675527137689,101.36086395123037,5
16,critical_infrastructure,combined_portfolio,1.3285301576497779,0.23939098212375012,100.97782158133724,5
17,critical_infrastructure,combined_portfolio,1.3232044206837261,0.2567377506696752,100.57356917002248,5
18,critical_infrastructure,combined_portfolio,1.3173713351974097,0.27298024249741887,100.16113524831721,5
19,critical_infrastructure,combined_portfolio,1.3117890406450547,0.2859699915562688,99.7939397846244,5
20,critical_infrastructure,combined_portfolio,1.3071930509496439,0.2957762041428873,99.50062914516933,5
21,critical_infrastructure,combined_portfolio,1.303661728944945,0.30246589046983213,99.28423057509919,5
22,critical_infrastructure,combined_portfolio,1.3011931363453737,0.3081868090164716,99.12090342695947,5
23,critical_infrastructure,combined_portfolio,1.2991507819073942,0.31751406008163136,98.93436029098001,5
24,critical_infrastructure,combined_portfolio,1.2960839444450456,0.3273426785117631,98.70168721857279,5
25,critical_infrastructure,combined_portfolio,1.2927241320160356,0.3397800523853704,98.42738999978324,5
26,critical_infrastructure,combined_portfolio,1.2885376638351445,0.3551387581960856,98.08697986096207,5
27,critical_infrastructure,combined_portfolio,1.2833537524884497,0.3665830996414651,97.74975861447905,5
28,critical_infrastructure,combined_portfolio,1.2791870043449411,0.38006161659544574,97.4293320007499,5
29,critical_infrastructure,combined_portfolio,1.274546370431189,0.3928245779844049,97.09792260497505,5
0,critical_infrastructure,baseline,0.7377689541620887,0.36190774574255025,67.82669314607871,6
1,critical_infrastructure,baseline,0.8054400117536548,0.3856293620681222,71.17467967315429,6
2,critical_infrastructure,baseline,0.8400456903329364,0.40946957442643594,72.65533347404201,6
3,critical_infrastructure,baseline,0.8536840090672247,0.4275890336936434,73.11751201833114,6
4,critical_infrastructure,baseline,0.8561056464548502,0.43969353465030747,73.09052496962452,6
5,critical_infrastructure,baseline,0.8535443539656837,0.4498782856478669,72.83872619026158,6
6,critical_infrastructure,baseline,0.8485186240071797,0.4586621489549435,72.48063315100936,6
7,critical_infrastructure,baseline,0.8424250318761557,0.46815093846149297,72.0588719600874,6
8,critical_infrastructure,baseline,0.8354258246358165,0.47637300218723494,71.6054055513614,6
9,critical_infrastructure,baseline,0.8282847900249232,0.4807343229998027,71.19007797961085,6
10,critical_infrastructure,baseline,0.8223514566307968,0.48343904093687,70.85425540239092,6
11,critical_infrastructure,baseline,0.8177286282676067,0.48952022165216047,70.54223819273795,6
12,critical_infrastructure,baseline,0.812788318387756,0.4941097821215264,70.23170760393603,6
13,critical_infrastructure,baseline,0.8081497323884876,0.5003471610279382,69.91510154405854,6
14,critical_infrastructure,baseline,0.8031443086586708,0.5053175416339248,69.59424189122214,6
15,critical_infrastructure,baseline,0.7983338098025967,0.507997288147367,69.31053799315069,6
16,critical_infrastructure,baseline,0.7944147410695626,0.5135339492427923,69.0369225086704,6
17,critical_infrastructure,baseline,0.7900924071467853,0.519864532620955,68.73185272384164,6
18,critical_infrastructure,baseline,0.7852486734831464,0.5258310379721979,68.40285086767122,6
19,critical_infrastructure,baseline,0.780198579095953,0.5338333611488487,68.03647154549358,6
20,critical_infrastructure,baseline,0.7743321086022487,0.5429093855394687,67.61212168715197,6
21,critical_infrastructure,baseline,0.7675890010403591,0.5509622561260079,67.15160886432187,6
22,critical_infrastructure,baseline,0.7606357683093821,0.557741350938441,66.69297009155714,6
23,critical_infrastructure,baseline,0.7539753325909435,0.5642209846374308,66.2513211692443,6
24,critical_infrastructure,baseline,0.7475966012656369,0.5728273914413828,65.79646149081752,6
25,critical_infrastructure,baseline,0.7406765776031077,0.582817847664203,65.29267963384311,6
26,critical_infrastructure,baseline,0.7329456890997226,0.5893064672042169,64.78463011048336,6
27,critical_infrastructure,baseline,0.7258764898803416,0.5944089662342773,64.32707442620836,6
28,critical_infrastructure,baseline,0.7196875245547367,0.5989348911834691,63.923385893769364,6
29,critical_infrastructure,baseline,0.7142459372679557,0.6030692871871242,63.564742584738475,6
0,critical_infrastructure,reputation,0.9009036367834702,0.2779408361379586,76.23217335592018,6
1,critical_infrastructure,reputation,1.0816679410679673,0.2445079555041655,84.71286764437912,6
2,critical_infrastructure,reputation,1.1783747075213815,0.230876694611204,88.76891802015444,6
3,critical_infrastructure,reputation,1.2230962701741346,0.22535505381923554,90.5502530183296,6
4,critical_infrastructure,reputation,1.2422075340577214,0.22354261428724376,91.28971520946386,6
5,critical_infrastructure,reputation,1.249939490965124,0.22717022785198498,91.53257440184062,6
6,critical_infrastructure,reputation,1.251557718852681,0.2344371650175866,91.50353054244765,6
7,critical_infrastructure,reputation,1.2497035960024332,0.24614740091400475,91.29125013178432,6
8,critical_infrastructure,reputation,1.2450860719888714,0.2586150131890929,90.96744313433955,6
9,critical_infrastructure,reputation,1.2391981439637023,0.26783065630780567,90.6359561955009,6
10,critical_infrastructure,reputation,1.2339259960991336,0.27593724253848484,90.33984356528062,6
11,critical_infrastructure,reputation,1.2292420283185734,0.28860096490122433,90.00864538247707,6
12,critical_infrastructure,reputation,1.2232333603337242,0.2995496963469744,89.6489259791776,6
13,critical_infrastructure,reputation,1.2172943007895978,0.3125321591018243,89.26547640162127,6
14,critical_infrastructure,reputation,1.2106824762446167,0.3239239434638772,88.8755655638149,6
15,critical_infrastructure,reputation,1.2043346742508545,0.33254311381940405,88.52864674179223,6
16,critical_infrastructure,reputation,1.1990032863044047,0.34452657124902697,88.17763754251547,6
17,critical_infrastructure,reputation,1.1929163610706834,0.35725374215877725,87.78820966455531,6
18,critical_infrastructure,reputation,1.1862736869141857,0.36939065785263525,87.38373886448166,6
19,critical_infrastructure,reputation,1.1795966971751657,0.38380553084001334,86.94850411836022,6
20,critical_infrastructure,reputation,1.1721214901887107,0.39929918303581213,86.46797589252238,6
21,critical_infrastructure,reputation,1.163947667865786,0.4134573402992507,85.97521269165217,6
22,critical_infrastructure,reputation,1.1559201158069379,0.4260856133751897,85.50511087898039,6
23,critical_infrastructure,reputation,1.148438870388169,0.438331866243612,85.05941986133772,6
24,critical_infrastructure,reputation,1.1412821394893893,0.45291414328975715,84.59620136304638,6
25,critical_infrastructure,reputation,1.1334494179037722,0.4688368319762094,84.08828044992985,6
26,critical_infrastructure,reputation,1.1248649919756446,0.4805611795702195,83.6004434703848,6
27,critical_infrastructure,reputation,1.117354355229779,0.4907399886001421,83.17248380611345,6
28,critical_infrastructure,reputation,1.110784721948832,0.5002457975021957,82.78935710899957,6
29,critical_infrastructure,reputation,1.1048163567910507,0.509218311093804,82.43609773224036,6
0,critical_infrastructure,combined_portfolio,1.0394709546700103,0.21917400247437938,78.2870457251473,6
1,critical_infrastructure,combined_portfolio,1.2586000905147063,0.14956066952033029,88.01824121061694,6
2,critical_infrastructure,combined_portfolio,1.336546724801942,0.11399917775444923,91.33140385606919,6
3,critical_infrastructure,combined_portfolio,1.3615501896682116,0.09539327356062918,92.45597181690357,6
4,critical_infrastructure,combined_portfolio,1.3712925756937029,0.0861724319172551,92.91217982594077,6
5,critical_infrastructure,combined_portfolio,1.37565954810764,0.08649711588462364,93.06028663710937,6
6,critical_infrastructure,combined_portfolio,1.376100332156507,0.09318676661544614,92.99437765534357,6
7,critical_infrastructure,combined_portfolio,1.373904356153656,0.10632933946252826,92.75777642124429,6
8,critical_infrastructure,combined_portfolio,1.3692073988160636,0.12125984360003073,92.41299016296159,6
9,critical_infrastructure,combined_portfolio,1.3635871277630696,0.13314308232276845,92.0728963616015,6
10,critical_infrastructure,combined_portfolio,1.3588592112213793,0.1441524149481949,91.77302988523397,6
11,critical_infrastructure,combined_portfolio,1.3545278903650393,0.16044542713431553,91.42132953656858,6
12,critical_infrastructure,combined_portfolio,1.348460665793981,0.17491297140405157,91.03234372795625,6
13,critical_infrastructure,combined_portfolio,1.342756087791878,0.19167130273515356,90.62598904940002,6
14,critical_infrastructure,combined_portfolio,1.3363124698151483,0.20664858196670394,90.21553196220363,6
15,critical_infrastructure,combined_portfolio,1.3303414940770488,0.21854275267434112,89.85853427264215,6
16,critical_infrastructure,combined_portfolio,1.3254570487813444,0.2341363585349652,89.49298945927437,6
17,critical_infrastructure,combined_portfolio,1.3194739552551777,0.25047583908023724,89.07974559634039,6
18,critical_infrastructure,combined_portfolio,1.313056605111785,0.2660838729120602,88.65900721712593,6
19,critical_infrastructure,combined_portfolio,1.3067962586859483,0.2841186624919423,88.21275564731822,6
20,critical_infrastructure,combined_portfolio,1.2997230825713562,0.3032234572072398,87.72359593208294,6
21,critical_infrastructure,combined_portfolio,1.2921337001210416,0.32075228693037855,87.23404686168291,6
22,critical_infrastructure,combined_portfolio,1.284959517351274,0.3365333738060035,86.77941246165965,6
23,critical_infrastructure,combined_portfolio,1.278414328442827,0.351846531759493,86.3521620519107,6
24,critical_infrastructure,combined_portfolio,1.2721103718692683,0.36963854640576055,85.9022468698114,6
25,critical_infrastructure,combined_portfolio,1.2649926509914133,0.38876462119947486,85.40553355342642,6
26,critical_infrastructure,combined_portfolio,1.2572539351794465,0.40321463181092165,84.94246177671039,6
27,critical_infrastructure,combined_portfolio,1.250943482721,0.4159833465292548,84.55071186479087,6
28,critical_infrastructure,combined_portfolio,1.2454418095572874,0.42802424036790415,84.1973480722237,6
29,critical_infrastructure,combined_portfolio,1.2403217259204449,0.4394742777924152,83.86498168757524,6
0,critical_infrastructure,baseline,0.7372444098412716,0.3129334864230357,66.65039972669665,7
1,critical_infrastructure,baseline,0.8163880417859207,0.3121762581145273,70.7975337736827,7
2,critical_infrastructure,baseline,0.8648576924874278,0.31993330306768386,73.08976964822133,7
3,critical_infrastructure,baseline,0.8923163976130439,0.3322793047774173,74.24508879694974,7
4,critical_infrastructure,baseline,0.9058287321157451,0.34416916733583003,74.73073161596913,7
5,critical_infrastructure,baseline,0.9110013021900447,0.35274556329122636,74.86532838434098,7
6,critical_infrastructure,baseline,0.9119618694929456,0.3630291358759113,74.78270986029752,7
7,critical_infrastructure,baseline,0.9099399038529308,0.3713923832932025,74.58604577020532,7
8,critical_infrastructure,baseline,0.9065983054759783,0.38089272065874363,74.3135788514981,7
9,critical_infrastructure,baseline,0.9021697671639515,0.38888718777123465,74.00883944089946,7
10,critical_infrastructure,baseline,0.8974642007850298,0.39557155785045567,73.70649976700143,7
11,critical_infrastructure,baseline,0.8929223413466033,0.4005299144925975,73.43231925408661,7
12,critical_infrastructure,baseline,0.8889163324782818,0.4055330666439292,73.18186642067577,7
13,critical_infrastructure,baseline,0.8852232548715997,0.41446711187844093,72.89667422033084,7
14,critical_infrastructure,baseline,0.8807242745686517,0.42319842445134337,72.57557241148893,7
15,critical_infrastructure,baseline,0.8757881052781464,0.4300142037376866,72.25659366882526,7
16,critical_infrastructure,baseline,0.8710715719586919,0.43560330031291505,71.96219659120351,7
17,critical_infrastructure,baseline,0.8667981850459948,0.43985657328424216,71.70468347499748,7
18,critical_infrastructure,baseline,0.8631310962329728,0.44376134570640596,71.47986333872709,7
19,critical_infrastructure,baseline,0.8599193664009788,0.4485925452580888,71.26495131171997,7
20,critical_infrastructure,baseline,0.8567488451409231,0.4554273999313905,71.02676932681173,7
21,critical_infrastructure,baseline,0.8530957457752035,0.4635502194086857,70.74885710591158,7
22,critical_infrastructure,baseline,0.8488235480749325,0.4683539158682981,70.48155940509061,7
23,critical_infrastructure,baseline,0.8450156468378037,0.47041310691364613,70.2700323311763,7
24,critical_infrastructure,baseline,0.8421837519482779,0.47543208633233763,70.06875090495453,7
25,critical_infrastructure,baseline,0.8391944130366067,0.48097437330609694,69.85316956483493,7
26,critical_infrastructure,baseline,0.8359767290125985,0.4867931520981636,69.62252347867296,7
27,critical_infrastructure,baseline,0.8325500792606169,0.49331702179898895,69.37231366244258,7
28,critical_infrastructure,baseline,0.8288176292963474,0.49747455273221525,69.13588655246356,7
29,critical_infrastructure,baseline,0.8254980742348977,0.5035674474785085,68.89510094399917,7
0,critical_infrastructure,reputation,0.8997088218180347,0.22472215156798506,74.95433571005219,7
1,critical_infrastructure,reputation,1.0823145878113665,0.1681017544570232,83.62205947276082,7
2,critical_infrastructure,reputation,1.1799103090498102,0.14062246062615424,87.79416026140848,7
3,critical_infrastructure,reputation,1.225917805236803,0.1316832916959042,89.6242417612023,7
4,critical_infrastructure,reputation,1.2452839779530402,0.13149443544431208,90.33528756877915,7
5,critical_infrastructure,reputation,1.2522821523028285,0.13390505262963992,90.55972846651731,7
6,critical_infrastructure,reputation,1.2541472518361256,0.14287949810325565,90.51607043731443,7
7,critical_infrastructure,reputation,1.2525316289957265,0.15256627832236597,90.33835494574834,7
8,critical_infrastructure,reputation,1.2495105736441774,0.165625191156849,90.06766795369236,7
9,critical_infrastructure,reputation,1.2451384088664634,0.17812541491873518,89.75501396007927,7
10,critical_infrastructure,reputation,1.2404246252815438,0.18984440291041205,89.43905644607963,7
11,critical_infrastructure,reputation,1.2357792036563686,0.1999568056949614,89.14495087281234,7
12,critical_infrastructure,reputation,1.231556346412507,0.2103619974557988,88.86198265794884,7
13,critical_infrastructure,reputation,1.2274032545760323,0.22550032166293152,88.52231509253525,7
14,critical_infrastructure,reputation,1.222070111440135,0.24031405309227227,88.14335861530465,7
15,critical_infrastructure,reputation,1.2163828664880199,0.2528428373111301,87.77894696739246,7
16,critical_infrastructure,reputation,1.2111332049463661,0.2639463797423084,87.44743872664402,7
17,critical_infrastructure,reputation,1.206392950986929,0.2734714921844353,87.15372020463761,7
18,critical_infrastructure,reputation,1.202230195297463,0.28255065569048043,86.88640393135009,7
19,critical_infrastructure,reputation,1.1983863988123353,0.2926213412815877,86.61823891404896,7
20,critical_infrastructure,reputation,1.1944039079573867,0.30487679980508076,86.31744715186257,7
21,critical_infrastructure,reputation,1.189810445804752,0.31844884610875596,85.97712411051329,7
22,critical_infrastructure,reputation,1.184647201656476,0.32807754043881376,85.66393077713258,7
23,critical_infrastructure,reputation,1.180258150449261,0.334615956980833,85.41736429811634,7
24,critical_infrastructure,reputation,1.176935797361166,0.3445892329526019,85.16777254556699,7
25,critical_infrastructure,reputation,1.1731439035267694,0.3549838856547608,84.89523237785785,7
26,critical_infrastructure,reputation,1.1690609539662835,0.36555887441240786,84.60898881000335,7
27,critical_infrastructure,reputation,1.164814602760391,0.37682958253412546,84.30740383092345,7
28,critical_infrastructure,reputation,1.160322332660249,0.3853417101937581,84.03029698303672,7
29,critical_infrastructure,reputation,1.1564258027489336,0.3960586432626295,83.74784114605691,7
0,critical_infrastructure,combined_portfolio,1.0366746693525275,0.16473550460987083,76.99733602051023,7
1,critical_infrastructure,combined_portfolio,1.2510813883761447,0.07388734239852437,86.64618766586968,7
2,critical_infrastructure,combined_portfolio,1.3254382127083966,0.026949260367487772,89.92932334691191,7
3,critical_infrastructure,combined_portfolio,1.3494572703759904,0.007466855210582109,91.01732751850412,7
4,critical_infrastructure,combined_portfolio,1.3576882624362274,0.0021034580452092624,91.37026292881768,7
5,critical_infrastructure,combined_portfolio,1.3601070780674631,0.002449210505410422,91.45030415415934,7
6,critical_infrastructure,combined_portfolio,1.3603245851721437,0.011777548089274538,91.34256409072464,7
7,critical_infrastructure,combined_portfolio,1.3579901571347477,0.022962197603706165,91.12566197488985,7
8,critical_infrastructure,combined_portfolio,1.3548643911263214,0.03849257801465878,90.8269908336027,7
9,critical_infrastructure,combined_portfolio,1.350534242988787,0.05376941339146602,90.49056495941589,7
10,critical_infrastructure,combined_portfolio,1.3461064083553715,0.06838995371488985,90.15809461789766,7
11,critical_infrastructure,combined_portfolio,1.3418219597332328,0.08135720383624032,89.85057400232537,7
12,critical_infrastructure,combined_portfolio,1.337965199015078,0.09470365412359602,89.55246285426303,7
13,critical_infrastructure,combined_portfolio,1.3340614961325135,0.11324334612402337,89.18802376656835,7
14,critical_infrastructure,combined_portfolio,1.3288286768180386,0.1313855420388041,88.7830523835755,7
15,critical_infrastructure,combined_portfolio,1.323500455541094,0.1469943574677923,88.4051675266639,7
16,critical_infrastructure,combined_portfolio,1.3187833443692005,0.16103522039970458,88.06725883491266,7
17,critical_infrastructure,combined_portfolio,1.3145403890089642,0.17334251450591218,87.76674459921578,7
18,critical_infrastructure,combined_portfolio,1.3107949593855412,0.1851571923439149,87.48932376268841,7
19,critical_infrastructure,combined_portfolio,1.3072407211773185,0.1980291379222536,87.20520732717489,7
20,critical_infrastructure,combined_portfolio,1.3034407457251278,0.21322534453485367,86.88349991594016,7
21,critical_infrastructure,combined_portfolio,1.2990075802622927,0.22977230311982702,86.52264244311246,7
22,critical_infrastructure,combined_portfolio,1.2941252376431116,0.24198677376963354,86.19937241659146,7
23,critical_infrastructure,combined_portfolio,1.2902576139386635,0.2508743393637615,85.95209073317805,7
24,critical_infrastructure,combined_portfolio,1.2873845108264894,0.2634914042210648,85.69322668397297,7
25,critical_infrastructure,combined_portfolio,1.2837222960996526,0.27649939433327725,85.40219543978658,7
26,critical_infrastructure,combined_portfolio,1.27982631368113,0.28964009909156,85.10065535972929,7
27,critical_infrastructure,combined_portfolio,1.2758505207433684,0.30347038326262193,84.78727876075087,7
28,critical_infrastructure,combined_portfolio,1.271678621335473,0.31428900847957225,84.50406908716518,7
29,critical_infrastructure,combined_portfolio,1.2682271924662498,0.32746772250073825,84.21644467215825,7
0,critical_infrastructure,baseline,0.8333975841619399,0.28254398364188305,75.53401673931009,8
1,critical_infrastructure,baseline,0.9620122051470378,0.27356966612357325,81.93495736210386,8
2,critical_infrastructure,baseline,1.0294041364156716,0.2846887188643567,84.85112206142237,8
3,critical_infrastructure,baseline,1.0596851526387638,0.3053016672942762,85.93294928095708,8
4,critical_infrastructure,baseline,1.0686115263240008,0.32683864339196034,86.07109809791872,8
5,critical_infrastructure,baseline,1.0665945817475464,0.3426428746619057,85.80657514380364,8
6,critical_infrastructure,baseline,1.0608235697446333,0.3545450089470364,85.42505790042897,8
7,critical_infrastructure,baseline,1.0543484924892323,0.3670797694472069,85.0044534837028,8
8,critical_infrastructure,baseline,1.0473325719445212,0.3776975744755233,84.58105984677772,8
9,critical_infrastructure,baseline,1.0406258400338824,0.38617365492761274,84.19381774482359,8
10,critical_infrastructure,baseline,1.0347208862236843,0.3935967576132139,83.85199374177908,8
11,critical_infrastructure,baseline,1.029535220989869,0.40138971020970154,83.5362691063466,8
12,critical_infrastructure,baseline,1.0245983832733037,0.4099210599332269,83.22221249624528,8
13,critical_infrastructure,baseline,1.0195640598595677,0.42015892118399156,82.88357663485395,8
14,critical_infrastructure,baseline,1.0139676066034202,0.4277183741307522,82.54992901577099,8
15,critical_infrastructure,baseline,1.008897903292353,0.4310626345255392,82.2866397395355,8
16,critical_infrastructure,baseline,1.0053610936832562,0.4329110605803775,82.10774539566827,8
17,critical_infrastructure,baseline,1.0030398102035873,0.4399575465699471,81.92331152918608,8
18,critical_infrastructure,baseline,0.9997592520189865,0.4507124363404525,81.65376120095519,8
19,critical_infrastructure,baseline,0.9948831310869019,0.46233453636338395,81.30237353811309,8
20,critical_infrastructure,baseline,0.988949823452503,0.47016145092636574,80.9457436709799,8
21,critical_infrastructure,baseline,0.9836321837032126,0.4742496438142403,80.65821908756837,8
22,critical_infrastructure,baseline,0.9797476277798324,0.47527357229075085,80.46978915990218,8
23,critical_infrastructure,baseline,0.9775008780722184,0.4824668587985327,80.28486187659149,8
24,critical_infrastructure,baseline,0.9742129551274958,0.489174244284563,80.05831200124679,8
25,critical_infrastructure,baseline,0.9705516654257698,0.4911194606174038,79.86860976463221,8
26,critical_infrastructure,baseline,0.9681382350350531,0.4928531347978743,79.73781764430714,8
27,critical_infrastructure,baseline,0.9664112240728873,0.4965869885178318,79.61560846390937,8
28,critical_infrastructure,baseline,0.9644243078966147,0.5002590670524782,79.48222585363617,8
29,critical_infrastructure,baseline,0.9623261480825525,0.5080195931730572,79.29675679047311,8
0,critical_infrastructure,reputation,1.0264536545369372,0.16623559080785832,84.91964197909684,8
1,critical_infrastructure,reputation,1.247469149646071,0.07429470619504336,95.02104579763423,8
2,critical_infrastructure,reputation,1.3294279152063273,0.026952185808308327,98.59838641998307,8
3,critical_infrastructure,reputation,1.3571768121660124,0.009204874655420414,99.79484610403472,8
4,critical_infrastructure,reputation,1.3662838375138828,0.008366349703299136,100.12688373809665,8
5,critical_infrastructure,reputation,1.367682367545774,0.012999940437461166,100.12428451273759,8
6,critical_infrastructure,reputation,1.3664587676254976,0.021978713056461652,99.97950100725325,8
7,critical_infrastructure,reputation,1.3636036889813299,0.03796671815703506,99.69734562984533,8
8,critical_infrastructure,reputation,1.3584335470063174,0.05516226701661758,99.3203336019305,8
9,critical_infrastructure,reputation,1.3526014661065469,0.07172953290004841,98.92631808866426,8
10,critical_infrastructure,reputation,1.3468581937844564,0.08805784657186694,98.5372720207339,8
11,critical_infrastructure,reputation,1.3411808439068515,0.10531253299071175,98.13924998044666,8
12,critical_infrastructure,reputation,1.3352160705482625,0.12356537571993637,97.71897252778717,8
13,critical_infrastructure,reputation,1.3288934645944546,0.14387413893134926,97.2616456556344,8
14,critical_infrastructure,reputation,1.3218816062058796,0.16058221270955475,96.82002044436064,8
15,critical_infrastructure,reputation,1.3158321163339017,0.17191196257514585,96.47307578688505,8
16,critical_infrastructure,reputation,1.3115213240932577,0.18132437013695668,96.20978761978468,8
17,critical_infrastructure,reputation,1.308034375035872,0.19700362559666024,95.90435572242572,8
18,critical_infrastructure,reputation,1.3027771181892207,0.21675761448728792,95.48846808498152,8
19,critical_infrastructure,reputation,1.2960089969891666,0.23718582642498887,95.0091954083122,8
20,critical_infrastructure,reputation,1.2887811772692084,0.25280431143056264,94.56684696806407,8
21,critical_infrastructure,reputation,1.282902331309026,0.26397856189629304,94.22326428548806,8
22,critical_infrastructure,reputation,1.2785608940132864,0.271516340818916,93.97705966542416,8
23,critical_infrastructure,reputation,1.2755581740235347,0.2864860539208578,93.69482400552108,8
24,critical_infrastructure,reputation,1.2705367676211268,0.30026617794802357,93.35209760278116,8
25,critical_infrastructure,reputation,1.2655185804420348,0.3081192923630472,93.07623960476428,8
26,critical_infrastructure,reputation,1.2622728753885946,0.3158803364950317,92.86640494820698,8
27,critical_infrastructure,reputation,1.259358678784051,0.32592110075029723,92.64292234213717,8
28,critical_infrastructure,reputation,1.255811897840233,0.3355925213282264,92.40005302277709,8
29,critical_infrastructure,reputation,1.252256890257231,0.3499060800750942,92.10331260041272,8
0,critical_infrastructure,combined_portfolio,1.1919429317541157,0.10152182469177681,87.17502147448286,8
1,critical_infrastructure,combined_portfolio,1.3892814912947646,0.0,95.8260607005337,8
2,critical_infrastructure,combined_portfolio,1.4079704414916212,0.0,96.54696357434534,8
3,critical_infrastructure,combined_portfolio,1.4053918046422442,0.0,96.46874896437355,8
4,critical_infrastructure,combined_portfolio,1.4057621875158364,0.0,96.48004625644226,8
5,critical_infrastructure,combined_portfolio,1.405709274680433,0.0,96.47843353022887,8
6,critical_infrastructure,combined_portfolio,1.40571683969738,0.0,96.47866412860179,8
7,critical_infrastructure,combined_portfolio,1.4057157582375126,0.0,96.47863116383027,8
8,critical_infrastructure,combined_portfolio,1.4057159128404801,0.0,96.47863587640708,8
9,critical_infrastructure,combined_portfolio,1.4057158907388527,0.0,96.47863520270988,8
10,critical_infrastructure,combined_portfolio,1.4057158938984433,0.0,96.4786352990199,8
11,critical_infrastructure,combined_portfolio,1.4057158934467568,0.0,96.47863528525166,8
12,critical_infrastructure,combined_portfolio,1.4057158935113285,0.00411584930695872,96.4315440917559,8
13,critical_infrastructure,combined_portfolio,1.4044761334498739,0.018801732898536407,96.2215674091466,8
14,critical_infrastructure,combined_portfolio,1.4002292021157885,0.034191102708742406,95.9009623343787,8
15,critical_infrastructure,combined_portfolio,1.396190774833076,0.046195449296795345,95.62437555525186,8
16,critical_infrastructure,combined_portfolio,1.3931309035614026,0.05744687233297522,95.38952618193066,8
17,critical_infrastructure,combined_portfolio,1.3901554612520755,0.0762833758943405,95.07105098874173,8
18,critical_infrastructure,combined_portfolio,1.3848775456913172,0.09988500339109099,94.61911292543964,8
19,critical_infrastructure,combined_portfolio,1.3784552109995396,0.12430874056238214,94.11677840556848,8
20,critical_infrastructure,combined_portfolio,1.3719076761180085,0.14347106000439888,93.66891776767785,8
21,critical_infrastructure,combined_portfolio,1.366930820598639,0.1577917587098072,93.32989241839861,8
22,critical_infrastructure,combined_portfolio,1.3632013765669522,0.16817059631941558,93.07949299846725,8
23,critical_infrastructure,combined_portfolio,1.3605014151256138,0.18665975491516582,92.77239359941396,8
24,critical_infrastructure,combined_portfolio,1.3552346922624032,0.20372837483608827,92.39245295256684,8
25,critical_infrastructure,combined_portfolio,1.3506684815090384,0.21429257788887993,92.10962021171179,8
26,critical_infrastructure,combined_portfolio,1.3479688010900432,0.22479385801845456,91.8928416280772,8
27,critical_infrastructure,combined_portfolio,1.345083927771142,0.2377501689657349,91.64219593981363,8
28,critical_infrastructure,combined_portfolio,1.3414729444917008,0.2502322400496261,91.37117855100387,8
29,critical_infrastructure,combined_portfolio,1.3380699136195786,0.2676583786505974,91.05029416264856,8
0,critical_infrastructure,baseline,0.6469274630526303,0.32091141273797597,67.73266298681594,9
1,critical_infrastructure,baseline,0.6732640781428629,0.3102458163637621,69.52531609985314,9
2,critical_infrastructure,baseline,0.6959608543621736,0.31095353066793185,70.92401295218144,9
3,critical_infrastructure,baseline,0.7117573761335415,0.3133997505530212,71.85740756828815,9
4,critical_infrastructure,baseline,0.721995998355169,0.3197416436361646,72.40154688486938,9
5,critical_infrastructure,baseline,0.7268338505962453,0.33099511559830996,72.56525061375237,9
6,critical_infrastructure,baseline,0.7260105416738266,0.3369977833559013,72.45082277070611,9
7,critical_infrastructure,baseline,0.7231714119107616,0.3424468331311155,72.22188137148817,9
8,critical_infrastructure,baseline,0.7191191595998027,0.3511412701516771,71.88375827993845,9
9,critical_infrastructure,baseline,0.7129894706345373,0.3578197469723735,71.4424154222219,9
10,critical_infrastructure,baseline,0.7061511297329772,0.3684811353941848,70.91134245088699,9
11,critical_infrastructure,baseline,0.6973111734563846,0.37745691762936945,70.27419129278292,9
12,critical_infrastructure,baseline,0.6876877063166903,0.3853733470007223,69.59532011136241,9
13,critical_infrastructure,baseline,0.6779033519816622,0.39189085317093236,68.91590559419575,9
14,critical_infrastructure,baseline,0.6685251998934547,0.3970782594041653,68.2704804096154,9
15,critical_infrastructure,baseline,0.6599289022451138,0.4033934671662892,67.65628191651703,9
16,critical_infrastructure,baseline,0.651456793664551,0.40582810202860675,67.08830311753776,9
17,critical_infrastructure,baseline,0.6445278606118298,0.4090510883385264,66.60607650014559,9
18,critical_infrastructure,baseline,0.6383937110959612,0.4138639825811423,66.15469704219038,9
19,critical_infrastructure,baseline,0.6322229406237814,0.4179430979823575,65.70658676212068,9
20,critical_infrastructure,baseline,0.6262995141865463,0.42098236015474877,65.28352947019347,9
21,critical_infrastructure,baseline,0.6209406766288754,0.42266138332527003,64.91040455524217,9
22,critical_infrastructure,baseline,0.6164932441128752,0.42769349674001,64.55857863902003,9
23,critical_infrastructure,baseline,0.6114314448104183,0.433069336523329,64.16065340362161,9
24,critical_infrastructure,baseline,0.605800872745638,0.4399699442040358,63.70548226752254,9
25,critical_infrastructure,baseline,0.5991889518735034,0.4438196549719458,63.215237249469965,9
26,critical_infrastructure,baseline,0.5930222180008322,0.4497758488106071,62.72831577094749,9
27,critical_infrastructure,baseline,0.5863776043160974,0.4545977033755122,62.21828279217584,9
28,critical_infrastructure,baseline,0.5798154311481063,0.45796816665967666,61.72643993785996,9
29,critical_infrastructure,baseline,0.5738550760918244,0.4629935542668676,61.25470939298786,9
0,critical_infrastructure,reputation,0.783269693499223,0.2215195517570085,75.93412658288452,9
1,critical_infrastructure,reputation,0.9363338304636343,0.14443084772829912,84.83735551272167,9
2,critical_infrastructure,reputation,1.0588582020777684,0.10187110827495158,91.05390244625623,9
3,critical_infrastructure,reputation,1.1439987517421546,0.07633350246326867,95.0287311210749,9
4,critical_infrastructure,reputation,1.1986442472461658,0.06603100370299489,97.39821183206743,9
5,critical_infrastructure,reputation,1.2301339479047244,0.06930529381025352,98.62444369659545,9
6,critical_infrastructure,reputation,1.2443561397406375,0.07166690260298458,99.16091172199938,9
7,critical_infrastructure,reputation,1.2503377745411866,0.0774479120684689,99.33190443583872,9
8,critical_infrastructure,reputation,1.2510316463559004,0.09013202704955359,99.21885935538027,9
9,critical_infrastructure,reputation,1.2465908523474878,0.10229429710113552,98.91103751014074,9
10,critical_infrastructure,reputation,1.2398864730947385,0.1208025567527016,98.44283740318407,9
11,critical_infrastructure,reputation,1.2296969675814358,0.138133302467932,97.84905402124176,9
12,critical_infrastructure,reputation,1.218245035119535,0.15484786458663202,97.20873698408047,9
13,critical_infrastructure,reputation,1.2063723195870375,0.17030017373985193,96.56191532039658,9
14,critical_infrastructure,reputation,1.1947227318871936,0.18439159593975277,95.93533509858696,9
15,critical_infrastructure,reputation,1.183648661052549,0.19992881218903286,95.3123835465347,9
16,critical_infrastructure,reputation,1.172273222747111,0.2107324232344726,94.7263738144582,9
17,critical_infrastructure,reputation,1.1624853802624873,0.2224506714968315,94.19197890130737,9
18,critical_infrastructure,reputation,1.1531170438599223,0.23584790474516584,93.65385149213404,9
19,critical_infrastructure,reputation,1.1432991373300652,0.24809854444072504,93.10719827456252,9
20,critical_infrastructure,reputation,1.1336516019108294,0.25893253288603224,92.58053668070617,9
21,critical_infrastructure,reputation,1.1245927904484825,0.2680376715024358,92.09527055271795,9
22,critical_infrastructure,reputation,1.1164598750135004,0.2808804779690772,91.60552896827922,9
23,critical_infrastructure,reputation,1.1073779467010527,0.2937899629571748,91.07250385230385,9
24,critical_infrastructure,reputation,1.0977486093256381,0.30820358847615903,90.49640194873457,9
25,critical_infrastructure,reputation,1.0872351630201627,0.31893164888518877,89.91979089524456,9
26,critical_infrastructure,reputation,1.0776053488122415,0.3320427495877437,89.35173024096565,9
27,critical_infrastructure,reputation,1.067516044249454,0.34369447718084106,88.77675632678836,9
28,critical_infrastructure,reputation,1.0576961474240223,0.3536501604228407,88.22917765685541,9
29,critical_infrastructure,reputation,1.0486264414975082,0.3654064661204667,87.69200925561907,9
0,critical_infrastructure,combined_portfolio,0.8987337241063175,0.15877445333975845,77.37446883888813,9
1,critical_infrastructure,combined_portfolio,1.1233669069073198,0.04028246075882156,89.21593219698866,9
2,critical_infrastructure,combined_portfolio,1.2684333544342248,0.0,95.60798117161161,9
3,critical_infrastructure,combined_portfolio,1.336360156632367,0.0,98.21336419432383,9
4,critical_infrastructure,combined_portfolio,1.3578016873117185,0.0,99.02210277440547,9
5,critical_infrastructure,combined_portfolio,1.364139538567527,0.0,99.25990866721025,9
6,critical_infrastructure,combined_portfolio,1.3659741443225384,0.0,99.32842835510895,9
7,critical_infrastructure,combined_portfolio,1.366501847251878,0.0,99.34812638550692,9
8,critical_infrastructure,combined_portfolio,1.3666533557647265,0.0,99.35378098528103,9
9,critical_infrastructure,combined_portfolio,1.3666968322580588,0.0,99.35540354137416,9
10,critical_infrastructure,combined_portfolio,1.3667093062630948,0.0,99.35586906904217,9
11,critical_infrastructure,combined_portfolio,1.3667128850707924,0.00677070093608393,99.28075096151713,9
12,critical_infrastructure,combined_portfolio,1.3641661998581391,0.018558122235372766,99.05770202125767,9
13,critical_infrastructure,combined_portfolio,1.358998684289507,0.03264575536854334,98.71304446438418,9
14,critical_infrastructure,combined_portfolio,1.3522033067999357,0.04759028269305291,98.29807906069037,9
15,critical_infrastructure,combined_portfolio,1.3445965209946453,0.06562819475250295,97.81743473646014,9
16,critical_infrastructure,combined_portfolio,1.335564374331654,0.07932958155352879,97.3309458731004,9
17,critical_infrastructure,combined_portfolio,1.3277119149016499,0.09461576783361283,96.86749062980134,9
18,critical_infrastructure,combined_portfolio,1.3195838573792225,0.11208382589445173,96.36915621859241,9
19,critical_infrastructure,combined_portfolio,1.3105222784681514,0.12843978924890578,95.84664124287761,9
20,critical_infrastructure,combined_portfolio,1.3015590000039046,0.14331173503523112,95.34183347223554,9
21,critical_infrastructure,combined_portfolio,1.2931478139996484,0.1563236277132444,94.87688883462819,9
22,critical_infrastructure,combined_portfolio,1.285577137286078,0.17344853289719767,94.39664970968954,9
23,critical_infrastructure,combined_portfolio,1.2766988915517459,0.190563416672185,93.86548467922235,9
24,critical_infrastructure,combined_portfolio,1.2673741082130858,0.20922318238351842,93.29697162223977,9
25,critical_infrastructure,combined_portfolio,1.257281847562259,0.22376040807710193,92.74285108069536,9
26,critical_infrastructure,combined_portfolio,1.2484369270295477,0.2408682423260746,92.20717105129135,9
27,critical_infrastructure,combined_portfolio,1.239010140224263,0.256284116769505,91.66464149069122,9
28,critical_infrastructure,combined_portfolio,1.2299846329938342,0.26980107244061796,91.15650105228494,9
29,critical_infrastructure,combined_portfolio,1.2217734797375148,0.28522480536100153,90.65743149471582,9
0,critical_infrastructure,baseline,0.8777579499475812,0.2620793430975886,67.96196979449734,10
1,critical_infrastructure,baseline,1.0066824222420785,0.23518657803418014,73.6271764783421,10
2,critical_infrastructure,baseline,1.0650210682861962,0.23050148270531043,75.92892947599408,10
3,critical_infrastructure,baseline,1.0892421242363561,0.23426555478669922,76.79190718410923,10
4,critical_infrastructure,baseline,1.097712059588029,0.24006437850961743,77.04018244767185,10
5,critical_infrastructure,baseline,1.0993834208901394,0.24910344569275522,77.00095788483091,10
6,critical_infrastructure,baseline,1.097412115098405,0.2548923575869566,76.86476486184452,10
7,critical_infrastructure,baseline,1.094940039182705,0.26169365874333594,76.69810677378271,10
8,critical_infrastructure,baseline,1.0919743665714068,0.2693891253802623,76.5031498910008,10
9,critical_infrastructure,baseline,1.0885529113123587,0.27461339998940665,76.31899889018982,10
10,critical_infrastructure,baseline,1.085672616988176,0.28052752704770834,76.14648116860042,10
11,critical_infrastructure,baseline,1.0828069043038104,0.2856633910754343,75.98314170052156,10
12,critical_infrastructure,baseline,1.0801749374767329,0.29112315912745657,75.82452780300709,10
13,critical_infrastructure,baseline,1.077541888818229,0.2997454136539936,75.63017617290053,10
14,critical_infrastructure,baseline,1.0739869619451905,0.30773791063973804,75.40870517180242,10
15,critical_infrastructure,baseline,1.070252601312577,0.31635547270310793,75.17301533902726,10
16,critical_infrastructure,baseline,1.0662665516545429,0.32335973468082513,74.94569894713139,10
17,critical_infrastructure,baseline,1.0626532402069222,0.32733265015935875,74.76584346992735,10
18,critical_infrastructure,baseline,1.060072116233904,0.32997158224488554,74.63920852364383,10
19,critical_infrastructure,baseline,1.0582870983783557,0.33315654659506244,74.53621125919624,10
20,critical_infrastructure,baseline,1.056656384313269,0.3367784844218028,74.43415799477012,10
21,critical_infrastructure,baseline,1.054959150279245,0.3428693392544402,74.30181319012581,10
22,critical_infrastructure,baseline,1.0525160131360505,0.3487663133779563,74.14358784126009,10
23,critical_infrastructure,baseline,1.0498367179012298,0.3552772038485634,73.96924833938668,10
24,critical_infrastructure,baseline,1.0468861577726998,0.3622754976567628,73.778955178064,10
25,critical_infrastructure,baseline,1.0436875716023708,0.3682537260537986,73.59045829443693,10
26,critical_infrastructure,baseline,1.0406898165596794,0.37545430864707174,73.39546507363012,10
27,critical_infrastructure,baseline,1.0374149637340562,0.3836155550015259,73.17894595034386,10
28,critical_infrastructure,baseline,1.0337519790130196,0.3903963356186271,72.96281238204618,10
29,critical_infrastructure,baseline,1.0303402343535508,0.3950055623144194,72.78019683788321,10
0,critical_infrastructure,reputation,1.0869650180913097,0.17807636825517167,76.16453555182098,10
1,critical_infrastructure,reputation,1.2703310084095385,0.08317008347808832,83.69601418823416,10
2,critical_infrastructure,reputation,1.316447745999434,0.025437183549396808,85.86124554576917,10
3,critical_infrastructure,reputation,1.3348779428432522,0.0,86.73284044335497,10
4,critical_infrastructure,reputation,1.3425949774461339,0.0,86.97577450410147,10
5,critical_infrastructure,reputation,1.342663073367447,0.0,86.97985974381251,10
6,critical_infrastructure,reputation,1.3426635244144207,0.0,86.97989114604621,10
7,critical_infrastructure,reputation,1.3426635273932856,0.0,86.97989135377436,10
8,critical_infrastructure,reputation,1.3426635274129586,0.0,86.97989135514626,10
9,critical_infrastructure,reputation,1.3426635274130887,0.0,86.97989135515535,10
10,critical_infrastructure,reputation,1.3426635274130896,0.0018903070590417237,86.95863625963206,10
11,critical_infrastructure,reputation,1.3421122753120214,0.0067817312753267744,86.88666213570404,10
12,critical_infrastructure,reputation,1.340682109788621,0.014632363609817567,86.75418238019105,10
13,critical_infrastructure,reputation,1.338382236700381,0.02799406376104846,86.53263106026803,10
14,critical_infrastructure,reputation,1.3344664331765816,0.04153886847239385,86.25871963373038,10
15,critical_infrastructure,reputation,1.3304768189308542,0.05654418089397384,85.96538429040734,10
16,critical_infrastructure,reputation,1.3260516202715071,0.0699767475497308,85.67585834057206,10
17,critical_infrastructure,reputation,1.3220691372152884,0.0799651037369932,85.43837199696088,10
18,critical_infrastructure,reputation,1.3190881007217132,0.08847127313252848,85.24865060097727,10
19,critical_infrastructure,reputation,1.3165505725632776,0.09761530305368599,85.06572107782767,10
20,critical_infrastructure,reputation,1.3138315333136699,0.10714608964446246,84.8727419139058,10
21,critical_infrastructure,reputation,1.3109919004207127,0.11951596051305116,84.64385911647437,10
22,critical_infrastructure,reputation,1.3073171792605878,0.13148642593513596,84.39300014919426,10
23,critical_infrastructure,reputation,1.30373230875682,0.14414548398347785,84.13674504566997,10
24,critical_infrastructure,reputation,1.299941534783877,0.15733398608784985,83.86779202570582,10
25,critical_infrastructure,reputation,1.2959827205907044,0.169253908295147,83.60743298528634,10
26,critical_infrastructure,reputation,1.2923801227865772,0.18260623593664516,83.34192468853979,10
27,critical_infrastructure,reputation,1.2883634348875552,0.19697832592905712,83.05159073707462,10
28,critical_infrastructure,reputation,1.284026522560834,0.2096062839277519,82.77020139239907,10
29,critical_infrastructure,reputation,1.280176291913424,0.2196638619950067,82.53282864634625,10
0,critical_infrastructure,combined_portfolio,1.2714449942207586,0.11965922735196613,78.03743032287154,10
1,critical_infrastructure,combined_portfolio,1.3748095179667015,0.0,82.97737499324317,10
2,critical_infrastructure,combined_portfolio,1.3841416864981553,0.0,83.30300356191559,10
3,critical_infrastructure,combined_portfolio,1.3814094555212013,0.0,83.22486566015026,10
4,critical_infrastructure,combined_portfolio,1.3822166425167743,0.0,83.2479762581755,10
5,critical_infrastructure,combined_portfolio,1.3819787992852701,0.0,83.24116882312575,10
6,critical_infrastructure,combined_portfolio,1.3820489359253139,0.0,83.24317643749515,10
7,critical_infrastructure,combined_portfolio,1.3820282583445846,0.0,83.24258457270841,10
8,critical_infrastructure,combined_portfolio,1.3820343548899223,0.0,83.24275907867838,10
9,critical_infrastructure,combined_portfolio,1.3820325574298642,0.0,83.2427076287662,10
10,critical_infrastructure,combined_portfolio,1.3820330873827205,0.0,83.24272279797566,10
11,critical_infrastructure,combined_portfolio,1.3820329311347177,0.0,83.24271832558132,10
12,critical_infrastructure,combined_portfolio,1.3820329772019302,0.0,83.24271964419499,10
13,critical_infrastructure,combined_portfolio,1.382032963619755,0.0,83.24271925542303,10
14,critical_infrastructure,combined_portfolio,1.3820329676242407,0.0,83.24271937004616,10
15,critical_infrastructure,combined_portfolio,1.3820329664435824,0.0,83.24271933625137,10
16,critical_infrastructure,combined_portfolio,1.3820329667916806,0.0,83.24271934621524,10
17,critical_infrastructure,combined_portfolio,1.3820329666890496,0.0,83.24271934327756,10
18,critical_infrastructure,combined_portfolio,1.3820329667193085,0.0,83.24271934414368,10
19,critical_infrastructure,combined_portfolio,1.3820329667103872,0.0,83.24271934388833,10
20,critical_infrastructure,combined_portfolio,1.3820329667130176,0.0,83.2427193439636,10
21,critical_infrastructure,combined_portfolio,1.3820329667122422,0.0,83.24271934394143,10
22,critical_infrastructure,combined_portfolio,1.3820329667124707,0.004745151482773859,83.18936364834458,10
23,critical_infrastructure,combined_portfolio,1.380649183737963,0.014530413566569457,83.03772772222204,10
24,critical_infrastructure,combined_portfolio,1.3782028173223753,0.027487673395588143,82.81780557595904,10
25,critical_infrastructure,combined_portfolio,1.3751403550820462,0.040594685898066175,82.57705010933734,10
26,critical_infrastructure,combined_portfolio,1.3722077854448926,0.056191001851876345,82.31179846265509,10
27,critical_infrastructure,combined_portfolio,1.3685044711001064,0.07341913667814601,82.00474378493931,10
28,critical_infrastructure,combined_portfolio,1.3645374469560672,0.08900148168133107,81.70760364497345,10
29,critical_infrastructure,combined_portfolio,1.361113387214539,0.10191351580754629,81.45661352398812,10
0,critical_infrastructure,baseline,0.6840234599894068,0.40108917532706956,75.03147850820514,11
1,critical_infrastructure,baseline,0.7088271624291835,0.43571327938289633,76.3102920314834,11
2,critical_infrastructure,baseline,0.7145366925121192,0.4551275731688067,76.47954546243977,11
3,critical_infrastructure,baseline,0.7118533451435786,0.4712704328897852,76.13616672462615,11
4,critical_infrastructure,baseline,0.7043014175269209,0.48434212090421336,75.5064774352302,11
5,critical_infrastructure,baseline,0.6943324029112371,0.4986804258183145,74.69941338019275,11
6,critical_infrastructure,baseline,0.6821843782212182,0.506419190353726,73.81009826347741,11
7,critical_infrastructure,baseline,0.6707670457052258,0.5129941119501309,72.97157598405728,11
8,critical_infrastructure,baseline,0.6602706997449235,0.5208961131498587,72.17264564234841,11
9,critical_infrastructure,baseline,0.6499650109129111,0.5259412187702902,71.40943062729949,11
10,critical_infrastructure,baseline,0.6407852290778546,0.5324243862172053,70.70148723959652,11
11,critical_infrastructure,baseline,0.6319079575025414,0.5346561400795008,70.0539123943347,11
12,critical_infrastructure,baseline,0.6247257004143263,0.5335873126458401,69.55563854854104,11
13,critical_infrastructure,baseline,0.6199131387425637,0.5324008213778737,69.22411120998058,11
14,critical_infrastructure,baseline,0.6168503016941487,0.5328520199248123,68.99924896302059,11
15,critical_infrastructure,baseline,0.61447935716675,0.5344998592063462,68.8110529428185,11
16,critical_infrastructure,baseline,0.612190573740523,0.5365757823755349,68.62396458494591,11
17,critical_infrastructure,baseline,0.6098114646776189,0.5370590605083336,68.44690084568319,11
18,critical_infrastructure,baseline,0.6079221427443815,0.539563342481462,68.28324015882713,11
19,critical_infrastructure,baseline,0.6056818291228255,0.5476567646401899,68.03459765646392,11
20,critical_infrastructure,baseline,0.601237722058615,0.5546351259806552,67.63711961393385,11
21,critical_infrastructure,baseline,0.595586767602845,0.5601306584883154,67.16475551686354,11
22,critical_infrastructure,baseline,0.5895772758000186,0.5652205729110638,66.66719955141211,11
23,critical_infrastructure,baseline,0.5834469159855079,0.5696624823670221,66.16435405590455,11
24,critical_infrastructure,baseline,0.5774521348747164,0.5744814475557826,65.66433934060659,11
25,critical_infrastructure,baseline,0.5714213526174701,0.5811392546795087,65.13893883434069,11
26,critical_infrastructure,baseline,0.5647202553084166,0.583582910976713,64.6042148226055,11
27,critical_infrastructure,baseline,0.5589990836128167,0.5853634613205217,64.14720185580602,11
28,critical_infrastructure,baseline,0.5542184486279622,0.5857820034755223,63.77433529184844,11
29,critical_infrastructure,baseline,0.5505947684358181,0.5893221334318058,63.45586521226217,11
0,critical_infrastructure,reputation,0.8185839545220298,0.31641436798711675,83.27677178431746,11
1,critical_infrastructure,reputation,0.9610170046099041,0.30822455892892964,91.2387826421579,11
2,critical_infrastructure,reputation,1.0519449055123997,0.30760036158311543,95.81263800645995,11
3,critical_infrastructure,reputation,1.1047992034358145,0.3167411231071196,98.22963165381157,11
4,critical_infrastructure,reputation,1.1309255387018078,0.32959838579435846,99.30185582465278,11
5,critical_infrastructure,reputation,1.140584181878413,0.3477452576909738,99.5514818163787,11
6,critical_infrastructure,reputation,1.1394250421400993,0.3601617244072137,99.3691672525017,11
7,critical_infrastructure,reputation,1.1344752440792663,0.3722282583263017,99.01681813406097,11
8,critical_infrastructure,reputation,1.1276185759796657,0.38617659701830986,98.55615344613491,11
9,critical_infrastructure,reputation,1.1190718888009776,0.39687005721549373,98.05082894766544,11
10,critical_infrastructure,reputation,1.1107310134528845,0.4091710961781506,97.53513605355782,11
11,critical_infrastructure,reputation,1.1019167715391822,0.41648043584258965,97.0483023993551,11
12,critical_infrastructure,reputation,1.094561513142934,0.4199992059103715,96.66709360844793,11
13,critical_infrastructure,reputation,1.08930389175245,0.42329788461009915,96.38491298489657,11
14,critical_infrastructure,reputation,1.0852612653189455,0.4282353112746634,96.1418481621139,11
15,critical_infrastructure,reputation,1.0813090328375674,0.43425782248157047,95.89119505917571,11
16,critical_infrastructure,reputation,1.077022862113876,0.4405518204558006,95.62136639050088,11
17,critical_infrastructure,reputation,1.0724513902146087,0.4449568856379411,95.35739331378484,11
18,critical_infrastructure,reputation,1.0683738081421277,0.4515683057435038,95.09263436380844,11
19,critical_infrastructure,reputation,1.0637952285033463,0.4641822854600862,94.7396836153494,11
20,critical_infrastructure,reputation,1.0568370365237303,0.47530119251040237,94.28782247138606,11
21,critical_infrastructure,reputation,1.049057150920376,0.4848134887913459,93.8111774566937,11
22,critical_infrastructure,reputation,1.041357597118079,0.4939726209003952,93.33979376045163,11
23,critical_infrastructure,reputation,1.033806375287004,0.502458259609124,92.88063422975958,11
24,critical_infrastructure,reputation,1.0265545749805252,0.511351148479995,92.42973264605513,11
25,critical_infrastructure,reputation,1.0193127978745633,0.5221432200741364,91.95721111381908,11
26,critical_infrastructure,reputation,1.0113965853437659,0.5282624492761875,91.49891998668963,11
27,critical_infrastructure,reputation,1.0047033591339398,0.5338271940425432,91.10497722147274,11
28,critical_infrastructure,reputation,0.998891326142546,0.5379508023907034,90.76905178032493,11
29,critical_infrastructure,reputation,0.9940793320271155,0.5453661922971896,90.44730883715962,11
0,critical_infrastructure,combined_portfolio,0.9350956868423905,0.2570381449288551,85.20158833201766,11
1,critical_infrastructure,combined_portfolio,1.1439282326932185,0.22027318019688732,95.93095547791214,11
2,critical_infrastructure,combined_portfolio,1.250956477070142,0.20644287271705558,100.8116280429665,11
3,critical_infrastructure,combined_portfolio,1.296314836464303,0.21070920139505725,102.67994227882389,11
4,critical_infrastructure,combined_portfolio,1.3104193285145094,0.22290428801871978,103.14031794148303,11
5,critical_infrastructure,combined_portfolio,1.3108259438766716,0.24283324107101298,102.95077763877165,11
6,critical_infrastructure,combined_portfolio,1.3040076467616604,0.2574431915630115,102.52046586631602,11
7,critical_infrastructure,combined_portfolio,1.2966712472094668,0.2721432992384423,102.0638821570625,11
8,critical_infrastructure,combined_portfolio,1.2891096665007853,0.28911773574744787,101.57233152826288,11
9,critical_infrastructure,combined_portfolio,1.2806548381559477,0.30261298220501015,101.07952656516089,11
10,critical_infrastructure,combined_portfolio,1.2730838815577148,0.31789547285199365,100.60190693490598,11
11,critical_infrastructure,combined_portfolio,1.2651617071910863,0.3277290306689731,100.16650739440738,11
12,critical_infrastructure,combined_portfolio,1.2589924034466502,0.333465215641158,99.84582843010718,11
13,critical_infrastructure,combined_portfolio,1.254838886706498,0.338999639250317,99.61119615836522,11
14,critical_infrastructure,combined_portfolio,1.2514494458523633,0.34631768764154364,99.38996840293159,11
15,critical_infrastructure,combined_portfolio,1.2477002539254378,0.3547811900971151,99.14151314686617,11
16,critical_infrastructure,combined_portfolio,1.2434184943239828,0.3634978540812805,98.86743279767943,11
17,critical_infrastructure,combined_portfolio,1.2388518206356387,0.3701465170076045,98.60258828951373,11
18,critical_infrastructure,combined_portfolio,1.2348958253135474,0.3791704953477636,98.3376091925055,11
19,critical_infrastructure,combined_portfolio,1.2303226157373022,0.3945813558183476,97.97836376402593,11
20,critical_infrastructure,combined_portfolio,1.223290427177715,0.4082318780818221,97.53227738767187,11
21,critical_infrastructure,combined_portfolio,1.21596194467965,0.42010526171197954,97.09001022186564,11
22,critical_infrastructure,combined_portfolio,1.20912095560356,0.4315878116977902,96.67123069533629,11
23,critical_infrastructure,combined_portfolio,1.2025722065206477,0.4423325532845736,96.27188785196043,11
24,critical_infrastructure,combined_portfolio,1.1963682251362977,0.45349540347281897,95.8820088261745,11
25,critical_infrastructure,combined_portfolio,1.1901296714243144,0.4666323068275727,95.4686248350189,11
26,critical_infrastructure,combined_portfolio,1.1831717859797795,0.4747209668160752,95.0762542634014,11
27,critical_infrastructure,combined_portfolio,1.1776798823537817,0.4822965084686515,94.75205807553243,11
28,critical_infrastructure,combined_portfolio,1.1729140210010782,0.4883702751651749,94.47550941890128,11
29,critical_infrastructure,combined_portfolio,1.1689415576345807,0.49794817649628625,94.1963803410719,11
0,critical_infrastructure,baseline,0.8249466391680955,0.3500640440985969,74.97287956304835,12
1,critical_infrastructure,baseline,0.9309209701292231,0.36972807522221124,80.06944313660121,12
2,critical_infrastructure,baseline,0.9803198210892132,0.3975070918155449,82.10026786077643,12
3,critical_infrastructure,baseline,0.9982340241841238,0.42100676828714306,82.68130627357829,12
4,critical_infrastructure,baseline,1.0011438889147206,0.44132492632588793,82.61085520496408,12
5,critical_infrastructure,baseline,0.9972064575875202,0.4593503825521379,82.25452126174224,12
6,critical_infrastructure,baseline,0.9903671372947984,0.4701042133793651,81.83889298113775,12
7,critical_infrastructure,baseline,0.9839829272260384,0.47687646289713803,81.48157968925297,12
8,critical_infrastructure,baseline,0.9788973930330668,0.4872942102488537,81.1452702208619,12
9,critical_infrastructure,baseline,0.9735041029253025,0.4963878125590312,80.8075482527366,12
10,critical_infrastructure,baseline,0.9683071901085721,0.5061124660581232,80.47135207339639,12
11,critical_infrastructure,baseline,0.963042485531863,0.5157592198005327,80.13186247352186,12
12,critical_infrastructure,baseline,0.957763892446658,0.5251198900312108,79.79355646314859,12
13,critical_infrastructure,baseline,0.9525545927513113,0.5342377724059628,79.4598505625768,12
14,critical_infrastructure,baseline,0.9474455673005928,0.5429546138971693,79.13382589569291,12
15,critical_infrastructure,baseline,0.9424949144441698,0.5484146525617952,78.84693106484738,12
16,critical_infrastructure,baseline,0.9384957154809979,0.553929731262006,78.60321862949684,12
17,critical_infrastructure,baseline,0.934969607319625,0.5580762981604753,78.39508873846971,12
18,critical_infrastructure,baseline,0.9320517799374576,0.565095529621036,78.18642056970643,12
19,critical_infrastructure,baseline,0.9286780176681455,0.5692467828353514,77.9847906831428,12
20,critical_infrastructure,baseline,0.925836619147969,0.5725229017679176,77.8166406542038,12
21,critical_infrastructure,baseline,0.9235021779834377,0.5789716157878493,77.64051013521109,12
22,critical_infrastructure,baseline,0.9205797876947269,0.5837253952953263,77.45330792147502,12
23,critical_infrastructure,baseline,0.9178083423810453,0.5907687973739938,77.24984875390288,12
24,critical_infrastructure,baseline,0.9145021412823267,0.5970221875325035,77.02846405704246,12
25,critical_infrastructure,baseline,0.9111321120916257,0.6048688954654242,76.78745889477268,12
26,critical_infrastructure,baseline,0.9073029954391075,0.6117452922799044,76.53362469012546,12
27,critical_infrastructure,baseline,0.9034968262790268,0.619816865724518,76.2681967948994,12
28,critical_infrastructure,baseline,0.8993823974461351,0.6272839754917162,75.99330943336244,12
29,critical_infrastructure,baseline,0.8952703671925228,0.632920630840087,75.73614862838336,12
0,critical_infrastructure,reputation,1.0213764184991243,0.26741463646552144,84.10958229600669,12
1,critical_infrastructure,reputation,1.2120384615263713,0.22461653191734593,92.49283577828207,12
2,critical_infrastructure,reputation,1.2755830544403641,0.20774883845585895,95.09617959519548,12
3,critical_infrastructure,reputation,1.293320515783527,0.20082445545520003,95.82919074877277,12
4,critical_infrastructure,reputation,1.2984980611571026,0.20262175593986753,96.00313897124201,12
5,critical_infrastructure,reputation,1.298958664413481,0.21139966542194047,95.93291150484123,12
6,critical_infrastructure,reputation,1.2966953657257507,0.21823609100448932,95.7824235548498,12
7,critical_infrastructure,reputation,1.2944588083354225,0.2249266108744087,95.63359851739281,12
8,critical_infrastructure,reputation,1.2922635423003266,0.2392537188498437,95.40948303273694,12
9,critical_infrastructure,reputation,1.2880320486267889,0.25367671511596357,95.11015951520693,12
10,critical_infrastructure,reputation,1.2833953346911569,0.26997588435105824,94.77628155858294,12
11,critical_infrastructure,reputation,1.2781718802553492,0.2867653068011592,94.4153675724913,12
12,critical_infrastructure,reputation,1.2726946733313649,0.30349711354309883,94.04490769870097,12
13,critical_infrastructure,reputation,1.267169958194548,0.320042877934383,93.67378438765799,12
14,critical_infrastructure,reputation,1.2616704388185713,0.33608728058453075,93.30788414296934,12
15,critical_infrastructure,reputation,1.2562944684256392,0.3480537242654317,92.98680091381759,12
16,critical_infrastructure,reputation,1.2520181347974955,0.3600406044261526,92.70586212278462,12
17,critical_infrastructure,reputation,1.2479462916608928,0.3702007123591583,92.45073467317673,12
18,critical_infrastructure,reputation,1.2443956071112783,0.3836936065804021,92.18131981994213,12
19,critical_infrastructure,reputation,1.2400540360250307,0.3934600044068345,91.91942045797119,12
20,critical_infrastructure,reputation,1.2365361644003312,0.4021001472909252,91.69920672932227,12
21,critical_infrastructure,reputation,1.2334844447935254,0.41443646441879184,91.4593730045978,12
22,critical_infrastructure,reputation,1.2295379736100118,0.4245070612192471,91.208315763794,12
23,critical_infrastructure,reputation,1.2259998374270953,0.43721117861868375,90.94569295333997,12
24,critical_infrastructure,reputation,1.221838569782274,0.4487906446176416,90.67044567862926,12
25,critical_infrastructure,reputation,1.21783495642009,0.46215548196933476,90.38268806318844,12
26,critical_infrastructure,reputation,1.2133801929347843,0.47421874384773055,90.09036997904467,12
27,critical_infrastructure,reputation,1.2091643128580412,0.487603897198992,89.79331967375259,12
28,critical_infrastructure,reputation,1.2046389232386148,0.5001309466913793,89.49257427289974,12
29,critical_infrastructure,reputation,1.2002632508223074,0.5104515445110612,89.21915124497485,12
0,critical_infrastructure,combined_portfolio,1.18520070672534,0.20979215326468606,86.35266010286394,12
1,critical_infrastructure,combined_portfolio,1.3518688151233387,0.13055313514041256,93.69397483423037,12
2,critical_infrastructure,combined_portfolio,1.3702228390581734,0.09072655733322482,94.82035656228024,12
3,critical_infrastructure,combined_portfolio,1.3794097438074098,0.06963398042421631,95.35852479906056,12
4,critical_infrastructure,combined_portfolio,1.3842324509796136,0.06367801085737929,95.58873040693912,12
5,critical_infrastructure,combined_portfolio,1.3853737659809662,0.06918400709878264,95.57502141009938,12
6,critical_infrastructure,combined_portfolio,1.383793047090229,0.0749675954304577,95.46326803228685,12
7,critical_infrastructure,combined_portfolio,1.3823977444907707,0.08215704217531436,95.34235736056961,12
8,critical_infrastructure,combined_portfolio,1.3806075858981264,0.0988724439129863,95.11226366053062,12
9,critical_infrastructure,combined_portfolio,1.3763064422746842,0.11630028656594335,94.78821047846664,12
10,critical_infrastructure,combined_portfolio,1.3720402056910206,0.1361821057765973,94.4390777412938,12
11,critical_infrastructure,combined_portfolio,1.367102556597729,0.15680460677691627,94.05885732205074,12
12,critical_infrastructure,combined_portfolio,1.3620109554614417,0.17744996318750442,93.67219553170708,12
13,critical_infrastructure,combined_portfolio,1.3569089311130813,0.19790995901209976,93.28644692436887,12
14,critical_infrastructure,combined_portfolio,1.3518400804084842,0.21779246967729196,92.90704319158002,12
15,critical_infrastructure,combined_portfolio,1.3469056493752463,0.23311887937119788,92.57756839113439,12
16,critical_infrastructure,combined_portfolio,1.343162382278877,0.24844932474434392,92.28952970578668,12
17,critical_infrastructure,combined_portfolio,1.3393217617643953,0.26172524391874136,92.01898323234077,12
18,critical_infrastructure,combined_portfolio,1.3360272029652038,0.27863855464167736,91.7308458347988,12
19,critical_infrastructure,combined_portfolio,1.3317163093980249,0.29136902119038566,91.44873296806514,12
20,critical_infrastructure,combined_portfolio,1.3285772595097953,0.30283701846029804,91.22000017513827,12
21,critical_infrastructure,combined_portfolio,1.3256956399256636,0.3183308897118308,90.96043064140873,12
22,critical_infrastructure,combined_portfolio,1.3217173558303772,0.3312499785228669,90.68750780960917,12
23,critical_infrastructure,combined_portfolio,1.3184802490708685,0.34699756527635345,90.41176173110328,12
24,critical_infrastructure,combined_portfolio,1.3144389195180555,0.36142088808799,90.12064685412241,12
25,critical_infrastructure,combined_portfolio,1.3107833914717386,0.37772101912683104,89.82375954768253,12
26,critical_infrastructure,combined_portfolio,1.3065976113811535,0.39250646177087084,89.5228844283847,12
27,critical_infrastructure,combined_portfolio,1.3028304755178166,0.408664044930652,89.2226686325627,12
28,critical_infrastructure,combined_portfolio,1.2986679365984648,0.423798741181377,88.91830483071453,12
29,critical_infrastructure,combined_portfolio,1.2947840851737438,0.43648543253062205,88.64802741303447,12
0,critical_infrastructure,baseline,0.7359905077619346,0.33388731747235356,62.47489946112543,13
1,critical_infrastructure,baseline,0.8120898411493631,0.3441614063278967,66.09899024747531,13
2,critical_infrastructure,baseline,0.856661608300133,0.3615593771541723,67.97131252211574,13
3,critical_infrastructure,baseline,0.8788429500292794,0.37919261029648055,68.77036881973785,13
4,critical_infrastructure,baseline,0.8869005871653541,0.39398373349861715,68.96024072908094,13
5,critical_infrastructure,baseline,0.887077364302219,0.407907257322816,68.80901537162553,13
6,critical_infrastructure,baseline,0.8826310360258673,0.41964262812944964,68.47753492085808,13
7,critical_infrastructure,baseline,0.8760226510697956,0.4311882357128146,68.05059088481663,13
8,critical_infrastructure,baseline,0.8681286454928745,0.43776929608307735,67.62122102839027,13
9,critical_infrastructure,baseline,0.8610557020593754,0.4452026217906843,67.21637974862327,13
10,critical_infrastructure,baseline,0.8542127488905549,0.45758155003371503,66.76314192590077,13
11,critical_infrastructure,baseline,0.8458921713774219,0.4679387521406113,66.26389558060787,13
12,critical_infrastructure,baseline,0.8373075676825986,0.4764359178207491,65.77083182735407,13
13,critical_infrastructure,baseline,0.8291623832843567,0.48685848446193947,65.27285801629414,13
14,critical_infrastructure,baseline,0.8206573868809725,0.49729998698621025,64.75513898851084,13
15,critical_infrastructure,baseline,0.8119164516786309,0.5049611565849299,64.25517782263317,13
16,critical_infrastructure,baseline,0.8039324522328404,0.5100799140547619,63.81707305625582,13
17,critical_infrastructure,baseline,0.7972499313824838,0.5196330678862439,63.38738924855832,13
18,critical_infrastructure,baseline,0.789928926186033,0.5294651658644377,62.92205863084129,13
19,critical_infrastructure,baseline,0.7821119362694284,0.5384607512073494,62.43979966756601,13
20,critical_infrastructure,baseline,0.7742524487413278,0.5480420728827627,61.94581324636707,13
21,critical_infrastructure,baseline,0.766169608206446,0.5554428366157445,61.463077578935,13
22,critical_infrastructure,baseline,0.7586544293548099,0.5634668836444688,60.99814227807401,13
23,critical_infrastructure,baseline,0.7512880455939671,0.5711334462408769,60.54214686650451,13
24,critical_infrastructure,baseline,0.744127776542081,0.5793306037042549,60.087776302981545,13
25,critical_infrastructure,baseline,0.7369194470735405,0.5880865554546133,59.62204324369676,13
26,critical_infrastructure,baseline,0.7294932361664975,0.5981102975483302,59.12798514107687,13
27,critical_infrastructure,baseline,0.7215093347758457,0.6067771019819285,58.61806814693725,13
28,critical_infrastructure,baseline,0.7136105351718955,0.6117886848581291,58.15125407852439,13
29,critical_infrastructure,baseline,0.7069559242486436,0.6189211568533044,57.7216398140283,13
0,critical_infrastructure,reputation,0.8978053521055589,0.23979494002455493,70.14244122124545,13
1,critical_infrastructure,reputation,1.0886101727099236,0.18554779796845772,78.56588607617653,13
2,critical_infrastructure,reputation,1.1958531057554325,0.15987210402916913,82.78216400791747,13
3,critical_infrastructure,reputation,1.247758214125794,0.14992175900179253,84.6947752690197,13
4,critical_infrastructure,reputation,1.27032243866164,0.1482583745380862,85.47731979062064,13
5,critical_infrastructure,reputation,1.2789062508851599,0.15426476369373857,85.69608086094105,13
6,critical_infrastructure,reputation,1.2799428303148173,0.16387613483658633,85.62107526984863,13
7,critical_infrastructure,reputation,1.2771580243759242,0.17768104545740976,85.37036725453326,13
8,critical_infrastructure,reputation,1.2716711179158062,0.18825290409015416,85.06661278376842,13
9,critical_infrastructure,reputation,1.2662920954555679,0.2018418222093618,84.7305492496197,13
10,critical_infrastructure,reputation,1.259951217242922,0.22266979373874807,84.27838010414308,13
11,critical_infrastructure,reputation,1.2508871066313711,0.24151445613516193,83.75664824426073,13
12,critical_infrastructure,reputation,1.2414770465358798,0.25845055379136983,83.24290849074221,13
13,critical_infrastructure,reputation,1.232531163167557,0.2779497594529283,82.71337532548745,13
14,critical_infrastructure,reputation,1.2228798255021442,0.2974288836763974,82.15822502936726,13
15,critical_infrastructure,reputation,1.2129392977825668,0.31344864322484717,81.63071061102463,13
16,critical_infrastructure,reputation,1.2039828817109108,0.3263633750218339,81.17072498745758,13
17,critical_infrastructure,reputation,1.1963745327454067,0.3445036734672682,80.69579613766706,13
18,critical_infrastructure,reputation,1.187538597437357,0.3626052918571562,80.17720796681863,13
19,critical_infrastructure,reputation,1.1782167666807237,0.3794527523646839,79.65383443472132,13
20,critical_infrastructure,reputation,1.1690826968271466,0.3968172032726245,79.12895961057781,13
21,critical_infrastructure,reputation,1.1598167222288402,0.41142692208149356,78.62909291220878,13
22,critical_infrastructure,reputation,1.1513643817456432,0.4266718660162523,78.14897087287001,13
23,critical_infrastructure,reputation,1.142994844087327,0.4413028528135603,77.67726673211902,13
24,critical_infrastructure,reputation,1.1348295154279358,0.45635861383382637,77.20631553869701,13
25,critical_infrastructure,reputation,1.1265789780088638,0.47182801075694025,76.72580061509363,13
26,critical_infrastructure,reputation,1.11812968353238,0.4885037043174948,76.22228218504142,13
27,critical_infrastructure,reputation,1.10917411618124,0.5033744721454251,75.71889554581522,13
28,critical_infrastructure,reputation,1.100566492613133,0.5140292535860527,75.2747894056237,13
29,critical_infrastructure,reputation,1.0934517844798952,0.5271445853807469,74.85630826164564,13
0,critical_infrastructure,combined_portfolio,1.0315234709158596,0.18077693689184346,71.2908052435376,13
1,critical_infrastructure,combined_portfolio,1.2622653831730533,0.08876575115403554,80.87657147144856,13
2,critical_infrastructure,combined_portfolio,1.350152502340036,0.039578918444365487,84.37067005868938,13
3,critical_infrastructure,combined_portfolio,1.380277687324454,0.015592109357388674,85.61578082999824,13
4,critical_infrastructure,combined_portfolio,1.3919211153904398,0.006199526839337589,86.09283175885115,13
5,critical_infrastructure,combined_portfolio,1.3963231755423617,0.008986989281201542,86.19955858187514,13
6,critical_infrastructure,combined_portfolio,1.3958932119893748,0.018233878887417655,86.08122921715618,13
7,critical_infrastructure,combined_portfolio,1.392820624598291,0.03374820273619087,85.80803024905192,13
8,critical_infrastructure,combined_portfolio,1.38740751422674,0.04668086150322923,85.49146932502154,13
9,critical_infrastructure,combined_portfolio,1.3825701381342406,0.06361632796569353,85.1453089928272,13
10,critical_infrastructure,combined_portfolio,1.3764731919258424,0.08896889975751901,84.66284828074919,13
11,critical_infrastructure,combined_portfolio,1.3674584105572256,0.1122858527755338,84.11178474255823,13
12,critical_infrastructure,combined_portfolio,1.3587273461465819,0.13357531643697115,83.59050159530287,13
13,critical_infrastructure,combined_portfolio,1.350650445759569,0.15773001026144443,83.05545018931622,13
14,critical_infrastructure,combined_portfolio,1.3416805642036282,0.18181639333286895,82.49182629634407,13
15,critical_infrastructure,combined_portfolio,1.3325718309512105,0.2020258364336636,81.96657000729873,13
16,critical_infrastructure,combined_portfolio,1.3246660429200983,0.21878539453495602,81.51790840954212,13
17,critical_infrastructure,combined_portfolio,1.3180216731886034,0.2412513010097129,81.0432240393491,13
18,critical_infrastructure,combined_portfolio,1.3096572530860204,0.2635679506799396,80.51555424400138,13
19,critical_infrastructure,combined_portfolio,1.3010562013552303,0.284387395875644,79.99407418104344,13
20,critical_infrastructure,combined_portfolio,1.2928668946479347,0.30567469728000013,79.47904906555748,13
21,critical_infrastructure,combined_portfolio,1.284551274307308,0.32385971297944155,78.99434457513857,13
22,critical_infrastructure,combined_portfolio,1.2771910016051429,0.34268400320026404,78.5323136316198,13
23,critical_infrastructure,combined_portfolio,1.26975062395592,0.3607585792689675,78.07542047454243,13
24,critical_infrastructure,combined_portfolio,1.2625103145097825,0.37921627712008926,77.61955821664283,13
25,critical_infrastructure,combined_portfolio,1.255150021595466,0.398025282214795,77.15455434853506,13
26,critical_infrastructure,combined_portfolio,1.24762229552884,0.4180266849056208,76.6689455104333,13
27,critical_infrastructure,combined_portfolio,1.2396412295499304,0.4359570317206199,76.19054779994454,13
28,critical_infrastructure,combined_portfolio,1.2322161820158648,0.4493078288590912,75.78223137447806,13
29,critical_infrastructure,combined_portfolio,1.2263656747862368,0.46533980295760197,75.39572279342487,13
0,critical_infrastructure,baseline,0.7047879188274863,0.22463938149430815,74.06711574672407,14
1,critical_infrastructure,baseline,0.8029493301325303,0.15647292545757735,80.67657042263939,14
2,critical_infrastructure,baseline,0.8904756371863265,0.12150191413045455,85.84445793473418,14
3,critical_infrastructure,baseline,0.9579928942853425,0.1072666926529319,89.44634255632741,14
4,critical_infrastructure,baseline,1.0049559427889616,0.10617266063730715,91.74078611118922,14
5,critical_infrastructure,baseline,1.0341999448781471,0.11265753017842717,93.0448169098783,14
6,critical_infrastructure,baseline,1.049659909225673,0.12198188379774678,93.65378657788166,14
7,critical_infrastructure,baseline,1.0555629356553444,0.1335395208349941,93.79164264353679,14
8,critical_infrastructure,baseline,1.0547204409401012,0.14397568126936278,93.63262573754827,14
9,critical_infrastructure,baseline,1.0501557143459817,0.1535826860363717,93.31187446610966,14
10,critical_infrastructure,baseline,1.0436188153347,0.16283339404039548,92.90322665564088,14
11,critical_infrastructure,baseline,1.0360068998556449,0.16823914752828284,92.48779276583466,14
12,critical_infrastructure,baseline,1.0292262916329376,0.17261855371857698,92.12077712903186,14
13,critical_infrastructure,baseline,1.0233576340746895,0.17973657162942844,91.76299990356148,14
14,critical_infrastructure,baseline,1.0169900439011792,0.1871436936018844,91.37733359960677,14
15,critical_infrastructure,baseline,1.0102051899609084,0.19433858368914883,90.97287363793325,14
16,critical_infrastructure,baseline,1.0032477599663279,0.20118820446026,90.56247279103954,14
17,critical_infrastructure,baseline,0.9963196525974304,0.20857042349968288,90.14543376107798,14
18,critical_infrastructure,baseline,0.9892044032311584,0.21413199936422678,89.73881481736866,14
19,critical_infrastructure,baseline,0.9826811293581676,0.21997772182030745,89.35549512171846,14
20,critical_infrastructure,baseline,0.9764118879599885,0.22660207712543542,88.97389371448133,14
21,critical_infrastructure,baseline,0.969997292472068,0.23313254322573965,88.58481866226872,14
22,critical_infrastructure,baseline,0.9635303328578851,0.2432691769090182,88.14953104481683,14
23,critical_infrastructure,baseline,0.9556336566908572,0.25177916501029307,87.66106070635364,14
24,critical_infrastructure,baseline,0.9474905877831408,0.2616683208269164,87.14152628450576,14
25,critical_infrastructure,baseline,0.93866167857611,0.27092148379251935,86.59237075426786,14
26,critical_infrastructure,baseline,0.9296581433950004,0.2789891650421109,86.04487717021397,14
27,critical_infrastructure,baseline,0.9210062009585142,0.28701448950724684,85.51228354582081,14
28,critical_infrastructure,baseline,0.9125853138124372,0.29518998686349895,84.9866286022353,14
29,critical_infrastructure,baseline,0.904246679901679,0.3023636874923681,84.473858432323,14
0,critical_infrastructure,reputation,0.868607923191515,0.11956182873460319,83.62738493619968,14
1,critical_infrastructure,reputation,1.094516264367092,0.0,96.04155581862922,14
2,critical_infrastructure,reputation,1.246095682986177,0.0,102.47174301291487,14
3,critical_infrastructure,reputation,1.3047858384283926,0.0,104.80392761188307,14
4,critical_infrastructure,reputation,1.324962176202602,0.0,105.58670463510829,14
5,critical_infrastructure,reputation,1.331571867852572,0.0,105.841142822103,14
6,critical_infrastructure,reputation,1.333700947385587,0.0,105.92289574472275,14
7,critical_infrastructure,reputation,1.3343829515183612,0.0,105.94906250021945,14
8,critical_infrastructure,reputation,1.3346010248003222,0.0,105.95742726907476,14
9,critical_infrastructure,reputation,1.3346707144048682,0.0,105.9601001763677,14
10,critical_infrastructure,reputation,1.334692980989786,0.0,105.96095417689472,14
11,critical_infrastructure,reputation,1.3347000949868637,0.0,105.96122702099986,14
12,critical_infrastructure,reputation,1.3347023678097287,0.0,105.96131419065378,14
13,critical_infrastructure,reputation,1.3347030939405808,0.0,105.9613420399517,14
14,critical_infrastructure,reputation,1.3347033259274246,0.0,105.96135093734114,14
15,critical_infrastructure,reputation,1.3347034000433537,0.0,105.96135377990846,14
16,critical_infrastructure,reputation,1.334703423722153,0.0,105.96135468806115,14
17,critical_infrastructure,reputation,1.3347034312871324,0.0,105.96135497820072,14
18,critical_infrastructure,reputation,1.3347034337040165,0.0,105.96135507089544,14
19,critical_infrastructure,reputation,1.3347034344761706,0.0,105.96135510050986,14
20,critical_infrastructure,reputation,1.3347034347228608,0.0,105.96135510997114,14
21,critical_infrastructure,reputation,1.3347034348016742,0.0,105.96135511299389,14
22,critical_infrastructure,reputation,1.3347034348268538,0.0,105.96135511395961,14
23,critical_infrastructure,reputation,1.3347034348348983,0.005285177068159841,105.89979429247254,14
24,critical_infrastructure,reputation,1.3326547164004134,0.017137720843829196,105.6844138341774,14
25,critical_infrastructure,reputation,1.3274048692302525,0.031185368980222228,105.32178079044438,14
26,critical_infrastructure,reputation,1.320272243324875,0.04561426063693358,104.88179047214538,14
27,critical_infrastructure,reputation,1.312368657926372,0.061050948596583055,104.39898205736615,14
28,critical_infrastructure,reputation,1.3038003615634512,0.07718913942541933,103.88078032023408,14
29,critical_infrastructure,reputation,1.2947138715544357,0.09233908209484254,103.35212169982978,14
0,critical_infrastructure,combined_portfolio,1.006659313361465,0.056007758867552916,86.11053981373036,14
1,critical_infrastructure,combined_portfolio,1.2808035324515405,0.0,98.78434935161641,14
2,critical_infrastructure,combined_portfolio,1.3686253353514508,0.0,102.25658916568496,14
3,critical_infrastructure,combined_portfolio,1.3810629904712486,0.0,102.75434038628708,14
4,critical_infrastructure,combined_portfolio,1.3824837201896512,0.0,102.81197455533376,14
5,critical_infrastructure,combined_portfolio,1.382640643952408,0.0,102.81835688038056,14
6,critical_infrastructure,combined_portfolio,1.3826579092230864,0.0,102.81905930141978,14
7,critical_infrastructure,combined_portfolio,1.3826598079862367,0.0,102.81913655342845,14
8,critical_infrastructure,combined_portfolio,1.3826600167944558,0.0,102.81914504891411,14
9,critical_infrastructure,combined_portfolio,1.3826600397571118,0.0,102.81914598316375,14
10,critical_infrastructure,combined_portfolio,1.3826600422823154,0.0,102.81914608590317,14
11,critical_infrastructure,combined_portfolio,1.382660042560012,0.0,102.81914609720144,14
12,critical_infrastructure,combined_portfolio,1.3826600425905502,0.0,102.81914609844388,14
13,critical_infrastructure,combined_portfolio,1.3826600425939086,0.0,102.81914609858053,14
14,critical_infrastructure,combined_portfolio,1.3826600425942779,0.0,102.81914609859554,14
15,critical_infrastructure,combined_portfolio,1.3826600425943185,0.0,102.81914609859719,14
16,critical_infrastructure,combined_portfolio,1.382660042594323,0.0,102.81914609859739,14
17,critical_infrastructure,combined_portfolio,1.3826600425943234,0.0,102.81914609859741,14
18,critical_infrastructure,combined_portfolio,1.3826600425943234,0.0,102.81914609859741,14
19,critical_infrastructure,combined_portfolio,1.3826600425943234,0.0,102.81914609859741,14
20,critical_infrastructure,combined_portfolio,1.3826600425943234,0.0,102.81914609859741,14
21,critical_infrastructure,combined_portfolio,1.3826600425943234,0.0,102.81914609859741,14
22,critical_infrastructure,combined_portfolio,1.3826600425943234,0.0,102.81914609859741,14
23,critical_infrastructure,combined_portfolio,1.3826600425943234,0.0,102.81914609859741,14
24,critical_infrastructure,combined_portfolio,1.3826600425943234,0.0,102.81914609859741,14
25,critical_infrastructure,combined_portfolio,1.3826600425943234,0.0,102.81914609859741,14
26,critical_infrastructure,combined_portfolio,1.3826600425943234,0.0,102.81914609859741,14
27,critical_infrastructure,combined_portfolio,1.3826600425943234,0.0,102.81914609859741,14
28,critical_infrastructure,combined_portfolio,1.3826600425943234,0.0,102.81914609859741,14
29,critical_infrastructure,combined_portfolio,1.3826600425943234,0.0,102.81914609859741,14
0,critical_infrastructure,baseline,0.8965547318248922,0.3391514582812479,74.2811006176537,15
1,critical_infrastructure,baseline,1.0267738000382007,0.3609208174758199,79.82668931958627,15
2,critical_infrastructure,baseline,1.0789111514474317,0.38764363470994984,81.67540321241924,15
3,critical_infrastructure,baseline,1.0948997315661357,0.4094938751149463,82.06827745836613,15
4,critical_infrastructure,baseline,1.0961987266732687,0.4289989249488584,81.89532581490215,15
5,critical_infrastructure,baseline,1.0915918078157805,0.44558802792193153,81.51940863580488,15
6,critical_infrastructure,baseline,1.0851312950000125,0.4568335346508423,81.130138853386,15
7,critical_infrastructure,baseline,1.079269143780797,0.46651523304052245,80.78151409071184,15
8,critical_infrastructure,baseline,1.0740913366657514,0.4729454880844248,80.49744454487261,15
9,critical_infrastructure,baseline,1.070083696137328,0.47658064924996757,80.29254611245665,15
10,critical_infrastructure,baseline,1.067339540980544,0.4831541719252371,80.10424127166695,15
11,critical_infrastructure,baseline,1.0643752058347158,0.4911735917187127,79.89016907926998,15
12,critical_infrastructure,baseline,1.0609292627482394,0.49583023308876173,79.69543854098978,15
13,critical_infrastructure,baseline,1.0581642822726742,0.502674705281735,79.50246975225947,15
14,critical_infrastructure,baseline,1.0551197972468251,0.5068880445449115,79.32867989462451,15
15,critical_infrastructure,baseline,1.0526512751678503,0.5106044908983149,79.18389818008585,15
16,critical_infrastructure,baseline,1.0505701769148712,0.5139615232402677,79.05910108805595,15
17,critical_infrastructure,baseline,1.0487563295605116,0.5187396535607997,78.92863334445464,15
18,critical_infrastructure,baseline,1.0466831202089473,0.521920745674954,78.80609049713546,15
19,critical_infrastructure,baseline,1.0449197552339071,0.528336054251561,78.65838714781641,15
20,critical_infrastructure,baseline,1.0424338328501084,0.5345961012125217,78.48269588368257,15
21,critical_infrastructure,baseline,1.0396694934081785,0.5419708149075062,78.28217159390455,15
22,critical_infrastructure,baseline,1.0364857500429612,0.5483531310321831,78.07556784885583,15
23,critical_infrastructure,baseline,1.0333803861208355,0.5520676803477295,77.90292246688874,15
24,critical_infrastructure,baseline,1.0310190257203393,0.5566270829386103,77.75106393077681,15
25,critical_infrastructure,baseline,1.0287622909453242,0.5593186290495661,77.62531765925526,15
26,critical_infrastructure,baseline,1.0270484298970992,0.5617350495789266,77.52527424773085,15
27,critical_infrastructure,baseline,1.0256478802579005,0.5670983076156645,77.40395720686521,15
28,critical_infrastructure,baseline,1.0236025444994445,0.5735195013532052,77.24335820869757,15
29,critical_infrastructure,baseline,1.0209907347160325,0.5767768450752935,77.09566928319876,15
0,critical_infrastructure,reputation,1.0925872626732325,0.2597775563749038,82.48132627616694,15
1,critical_infrastructure,reputation,1.2830063367314153,0.22327662218145236,90.1076048549995,15
2,critical_infrastructure,reputation,1.3213462289882032,0.2111275009096218,91.60945230609573,15
3,critical_infrastructure,reputation,1.3276208561107703,0.20985255723265378,91.84590553278116,15
4,critical_infrastructure,reputation,1.3283737383225336,0.21847903817287165,91.77221494248207,15
5,critical_infrastructure,reputation,1.3261285586843425,0.2321817936399334,91.53648582176736,15
6,critical_infrastructure,reputation,1.3223413711437253,0.2446533318791906,91.26194060630927,15
7,critical_infrastructure,reputation,1.3187755112081971,0.25813871703942537,90.98246092658323,15
8,critical_infrastructure,reputation,1.314946970334911,0.26907186737251154,90.72355246380599,15
9,critical_infrastructure,reputation,1.3117705609748935,0.27722895400055464,90.51896560817956,15
10,critical_infrastructure,reputation,1.3093715052722101,0.2890958335825655,90.29769132451388,15
11,critical_infrastructure,reputation,1.3060386791835659,0.30257838033306467,90.02556416380698,15
12,critical_infrastructure,reputation,1.3022013307875362,0.31193351509044415,89.78375160880944,15
13,critical_infrastructure,reputation,1.2994143146439738,0.3239147848384648,89.54712313236185,15
14,critical_infrastructure,reputation,1.29600526954253,0.3326336096834402,89.32712452739199,15
15,critical_infrastructure,reputation,1.293407212841382,0.3407441233469304,89.14191150721496,15
16,critical_infrastructure,reputation,1.2910328596447322,0.3483481773734166,88.97039132134279,15
17,critical_infrastructure,reputation,1.2888083980454665,0.3575316710553,88.78558020886983,15
18,critical_infrastructure,reputation,1.2861738042933137,0.36470938262407243,88.60982092673855,15
19,critical_infrastructure,reputation,1.2840329017612737,0.37565226794456663,88.40710409340032,15
20,critical_infrastructure,reputation,1.2809316042240537,0.3862524659078447,88.1748843864874,15
21,critical_infrastructure,reputation,1.277829997791796,0.3981117436357997,87.92754819152277,15
22,critical_infrastructure,reputation,1.2743854317579606,0.4087575000870571,87.6821853482463,15
23,critical_infrastructure,reputation,1.271224317323742,0.416325372460858,87.4823343463699,15
24,critical_infrastructure,reputation,1.2689023016919156,0.42492244048659256,87.2998290076499,15
25,critical_infrastructure,reputation,1.266385128376194,0.4312644736367529,87.1367947239264,15
26,critical_infrastructure,reputation,1.264444244433335,0.4372823558033141,86.99768634470588,15
27,critical_infrastructure,reputation,1.2626452517407363,0.446595372857997,86.8251901573468,15
28,critical_infrastructure,reputation,1.2599827836669644,0.45689334309657426,86.6106255392394,15
29,critical_infrastructure,reputation,1.2569652448043784,0.46348901702840295,86.42631536678996,15
0,critical_infrastructure,combined_portfolio,1.2624059064010913,0.20478977238079646,83.99616522309316,15
1,critical_infrastructure,combined_portfolio,1.3885566832724916,0.1399751286299246,89.3724117577725,15
2,critical_infrastructure,combined_portfolio,1.3850230511572,0.11320802138273847,89.61840756339109,15
3,critical_infrastructure,combined_portfolio,1.3928916169566699,0.10498711759496465,89.96973690162834,15
4,critical_infrastructure,combined_portfolio,1.3933880041297464,0.11142650847483962,89.91367240800216,15
5,critical_infrastructure,combined_portfolio,1.3915679140853052,0.12550908304978356,89.69034947810768,15
6,critical_infrastructure,combined_portfolio,1.3882200856586617,0.13938306307366408,89.41865364537743,15
7,critical_infrastructure,combined_portfolio,1.3852525750987372,0.15494551900451384,89.13903091404671,15
8,critical_infrastructure,combined_portfolio,1.3817474616771017,0.16801707104301541,88.87068297896091,15
9,critical_infrastructure,combined_portfolio,1.3790100929653466,0.17821212050162044,88.66064475416701,15
10,critical_infrastructure,combined_portfolio,1.3768691231672916,0.1924967479008654,88.4226661539576,15
11,critical_infrastructure,combined_portfolio,1.373512821694595,0.20852988333623812,88.12441172862825,15
12,critical_infrastructure,combined_portfolio,1.3699345521291717,0.2200726594139031,87.87055763582939,15
13,critical_infrastructure,combined_portfolio,1.3675843750096983,0.2344560390843571,87.62402909145588,15
14,critical_infrastructure,combined_portfolio,1.364227866514609,0.2452759086319399,87.38585865349329,15
15,critical_infrastructure,combined_portfolio,1.3620111806636777,0.2554309205622269,87.19265000678303,15
16,critical_infrastructure,combined_portfolio,1.359742349117736,0.26502701553781066,87.004566182159,15
17,critical_infrastructure,combined_portfolio,1.357628220365842,0.2763069796076629,86.80186499498745,15
18,critical_infrastructure,combined_portfolio,1.3550330024037747,0.28539500416244257,86.60867000229898,15
19,critical_infrastructure,combined_portfolio,1.3531074829685865,0.29851636929060454,86.39045400395196,15
20,critical_infrastructure,combined_portfolio,1.3499797371320126,0.3112058849583303,86.13729577737551,15
21,critical_infrastructure,combined_portfolio,1.3471856148385597,0.3252014879699439,85.8794067495172,15
22,critical_infrastructure,combined_portfolio,1.3439759610506794,0.33784024691217607,85.62337289402275,15
23,critical_infrastructure,combined_portfolio,1.341195394707902,0.3471623931699253,85.4200611498598,15
24,critical_infrastructure,combined_portfolio,1.339212496775855,0.3575992337378286,85.23059504085802,15
25,critical_infrastructure,combined_portfolio,1.3367874454597943,0.36560618297718533,85.0548006300173,15
26,critical_infrastructure,combined_portfolio,1.3350820711501805,0.3732801920795337,84.90687064518107,15
27,critical_infrastructure,combined_portfolio,1.3333368312443261,0.3844556445496374,84.71697924084965,15
28,critical_infrastructure,combined_portfolio,1.3306652764381686,0.3965986415286468,84.4844057111578,15
29,critical_infrastructure,combined_portfolio,1.3278907303710885,0.4047451105415638,84.29443844808812,15
0,critical_infrastructure,baseline,0.7581220779228429,0.2774237202400901,75.44517550704732,16
1,critical_infrastructure,baseline,0.8597176538273028,0.2605645984387561,81.31397429021033,16
2,critical_infrastructure,baseline,0.9269768548921804,0.26239786469958876,84.77199315839974,16
3,critical_infrastructure,baseline,0.9683177396439298,0.2731442028530804,86.68760774022257,16
4,critical_infrastructure,baseline,0.9915089065479135,0.28831344947920523,87.6242334760488,16
5,critical_infrastructure,baseline,1.0024440951231184,0.29904215958843294,88.01697942239166,16
6,critical_infrastructure,baseline,1.00679046192772,0.3074593675960945,88.12274180717507,16
7,critical_infrastructure,baseline,1.0075739165176822,0.3146012392160587,88.07528075208599,16
8,critical_infrastructure,baseline,1.0064352814537494,0.3213066699095061,87.9423864745734,16
9,critical_infrastructure,baseline,1.0042023048448714,0.32131549061141756,87.83759067927414,16
10,critical_infrastructure,baseline,1.002813699193863,0.32044407361426297,87.7824028917685,16
11,critical_infrastructure,baseline,1.0021497990762984,0.3224042144687582,87.72758458526017,16
12,critical_infrastructure,baseline,1.0012915558330546,0.3278583127401542,87.62217278773502,16
13,critical_infrastructure,baseline,0.9995175960792902,0.33283676186051725,87.4793584678424,16
14,critical_infrastructure,baseline,0.9972834134454733,0.3384231376330415,87.30730312418443,16
15,critical_infrastructure,baseline,0.994625303640724,0.3484954870501621,87.06149631408101,16
16,critical_infrastructure,baseline,0.9906833966499453,0.3567326067430182,86.77650290947741,16
17,critical_infrastructure,baseline,0.9863625826884519,0.3625984004975812,86.50088546283526,16
18,critical_infrastructure,baseline,0.9823466298137656,0.37019956868930065,86.2182984501167,16
19,critical_infrastructure,baseline,0.9781252954600664,0.3802655817071925,85.89598624824954,16
20,critical_infrastructure,baseline,0.9732159578732031,0.3888707680389446,85.5573623564603,16
21,critical_infrastructure,baseline,0.968212581041159,0.39499974911585617,85.24261423695158,16
22,critical_infrastructure,baseline,0.9637146736844259,0.3991922744922177,84.97437644991929,16
23,critical_infrastructure,baseline,0.9599711488827408,0.4067751636227175,84.7016439358721,16
24,critical_infrastructure,baseline,0.9559241005993724,0.4120550523603733,84.44124430579895,16
25,critical_infrastructure,baseline,0.9522129834750921,0.4205678590116304,84.15796982104494,16
26,critical_infrastructure,baseline,0.9479745712245325,0.4242867509234475,83.9055656673151,16
27,critical_infrastructure,baseline,0.9445001044237105,0.4263462973519194,83.70958358381344,16
28,critical_infrastructure,baseline,0.9418769524779915,0.42914290864674076,83.54642245542664,16
29,critical_infrastructure,baseline,0.9396139584562258,0.433157177323903,83.38644930558837,16
0,critical_infrastructure,reputation,0.9140563322301872,0.15403701843482698,84.45257882514525,16
1,critical_infrastructure,reputation,1.1217887632336054,0.06607147207173086,95.2456097717448,16
2,critical_infrastructure,reputation,1.238022129387889,0.025584833821632014,100.57087981242498,16
3,critical_infrastructure,reputation,1.2936670307217313,0.011471104106511976,102.92967318244612,16
4,critical_infrastructure,reputation,1.3172473636322866,0.01335964418391733,103.81321474795391,16
5,critical_infrastructure,reputation,1.3250884612209328,0.017348455707349164,104.06504728325142,16
6,critical_infrastructure,reputation,1.3268836630000773,0.02386410033408387,104.05624828584303,16
7,critical_infrastructure,reputation,1.3260164814407702,0.03243155713171314,103.92209553135689,16
8,critical_infrastructure,reputation,1.3237697378419016,0.042794000206798744,103.71429927293764,16
9,critical_infrastructure,reputation,1.320640444972915,0.04624012661307397,103.55540132787391,16
10,critical_infrastructure,reputation,1.31877881506371,0.04951068472206366,103.44582839379159,16
11,critical_infrastructure,reputation,1.3173918183697195,0.05667175456924173,103.30793315734937,16
12,critical_infrastructure,reputation,1.3152825199909877,0.06820219571180536,103.09082369623962,16
13,critical_infrastructure,reputation,1.311927686945956,0.07910630165267674,102.83392910070121,16
14,critical_infrastructure,reputation,1.3082801976627945,0.09082078794068393,102.55576765859634,16
15,critical_infrastructure,reputation,1.3043416557558785,0.10806057776111061,102.20033489398071,16
16,critical_infrastructure,reputation,1.2990384784617988,0.12297144372452001,101.82032272046553,16
17,critical_infrastructure,reputation,1.2937776261247773,0.13509508562606343,101.47416508492938,16
18,critical_infrastructure,reputation,1.2891552225463883,0.1494223741297147,101.12552667006233,16
19,critical_infrastructure,reputation,1.2842487190420346,0.16662149009906807,100.73136529044605,16
20,critical_infrastructure,reputation,1.278578512553538,0.18188651292216163,100.33016523654294,16
21,critical_infrastructure,reputation,1.27306345276364,0.19416146248237542,99.96963467666924,16
22,critical_infrastructure,reputation,1.2682727438693329,0.2041582181036229,99.66364312939035,16
23,critical_infrastructure,reputation,1.2642532578148669,0.21815668519369763,99.33955248887371,16
24,critical_infrastructure,reputation,1.2595971685927334,0.2291340976194342,99.02639265451403,16
25,critical_infrastructure,reputation,1.255387803542364,0.2438566493980064,98.68538420165028,16
26,critical_infrastructure,reputation,1.2504831806369006,0.2526784055718104,98.38706194988039,16
27,critical_infrastructure,reputation,1.2466559224521618,0.25968124542955034,98.15205537015976,16
28,critical_infrastructure,reputation,1.2436358394263594,0.26755961809051554,97.9383151540427,16
29,critical_infrastructure,reputation,1.2407133740931084,0.276687711984485,97.71348239178614,16
0,critical_infrastructure,combined_portfolio,1.0501708013568227,0.08509776718916448,87.03625832023424,16
1,critical_infrastructure,combined_portfolio,1.2899649462475666,0.0,98.30387138271709,16
2,critical_infrastructure,combined_portfolio,1.3681399650128423,0.0,101.34827586572891,16
3,critical_infrastructure,combined_portfolio,1.3808228617600986,0.0,101.84608280101105,16
4,critical_infrastructure,combined_portfolio,1.382582315753473,0.0,101.91561222542111,16
5,critical_infrastructure,combined_portfolio,1.382819841965322,0.0,101.9250129437952,16
6,critical_infrastructure,combined_portfolio,1.3828517856578706,0.0,101.92627747763527,16
7,critical_infrastructure,combined_portfolio,1.3828560793827585,0.0,101.92644745558094,16
8,critical_infrastructure,combined_portfolio,1.3828566564854716,0.0,101.92647030174179,16
9,critical_infrastructure,combined_portfolio,1.3828567340508577,0.0,101.92647337237759,16
10,critical_infrastructure,combined_portfolio,1.3828567444760063,0.0,101.92647378508535,16
11,critical_infrastructure,combined_portfolio,1.3828567458771945,0.0,101.92647384055519,16
12,critical_infrastructure,combined_portfolio,1.3828567460655208,0.0,101.9264738480106,16
13,critical_infrastructure,combined_portfolio,1.3828567460908328,0.0,101.92647384901264,16
14,critical_infrastructure,combined_portfolio,1.3828567460942347,0.0,101.92647384914731,16
15,critical_infrastructure,combined_portfolio,1.3828567460946921,0.0028780253436100148,101.89217239497214,16
16,critical_infrastructure,combined_portfolio,1.3822018329048833,0.012535908745107384,101.75340081328693,16
17,critical_infrastructure,combined_portfolio,1.3799159854029661,0.023682227525445333,101.5375783397798,16
18,critical_infrastructure,combined_portfolio,1.3770702205017975,0.03934854434989641,101.24671561656471,16
19,critical_infrastructure,combined_portfolio,1.3731163590210715,0.059089668533528185,100.86659267742714,16
20,critical_infrastructure,combined_portfolio,1.3680768836963166,0.07712584460019747,100.46636699951917,16
21,critical_infrastructure,combined_portfolio,1.3632634208305192,0.09208797114372999,100.10996853612654,16
22,critical_infrastructure,combined_portfolio,1.3591690369598113,0.104661014812749,99.8079888817378,16
23,critical_infrastructure,combined_portfolio,1.3557119083412095,0.12158705424483399,99.47749586922284,16
24,critical_infrastructure,combined_portfolio,1.3513502502718004,0.13519294773349075,99.15330023190383,16
25,critical_infrastructure,combined_portfolio,1.347601850437982,0.15281478188083422,98.80302208690935,16
26,critical_infrastructure,combined_portfolio,1.3430234481908734,0.16400299434183543,98.49867399007977,16
27,critical_infrastructure,combined_portfolio,1.3397733247786514,0.17326008737827683,98.26575274303438,16
28,critical_infrastructure,combined_portfolio,1.3371603480211058,0.18347426271913195,98.04548251457445,16
29,critical_infrastructure,combined_portfolio,1.3344249007220104,0.19499778754821076,97.80519283824009,16
0,critical_infrastructure,baseline,0.8747806725385072,0.2809087382533726,91.36498950780832,17
1,critical_infrastructure,baseline,1.0150745065883966,0.26299576584244555,99.36141724550686,17
2,critical_infrastructure,baseline,1.0841755756211353,0.2680966553017633,102.83567534440952,17
3,critical_infrastructure,baseline,1.113806851692834,0.2808668382893461,104.15483575128886,17
4,critical_infrastructure,baseline,1.1234379128940295,0.29478561941876386,104.4706796900598,17
5,critical_infrastructure,baseline,1.1236874099784888,0.30561115832902974,104.36572644932112,17
6,critical_infrastructure,baseline,1.1205887766646925,0.3129777835529983,104.13646868545275,17
7,critical_infrastructure,baseline,1.1169926329872943,0.3191484932898985,103.89520984108613,17
8,critical_infrastructure,baseline,1.1135262809141842,0.32385767361008166,103.67577954318139,17
9,critical_infrastructure,baseline,1.1105539450733382,0.3243573107670217,103.52645951013442,17
10,critical_infrastructure,baseline,1.1090561394855158,0.3296246151441504,103.39493711079366,17
11,critical_infrastructure,baseline,1.106813460132054,0.3353388601333134,103.22305940151863,17
12,critical_infrastructure,baseline,1.104100524465411,0.3416260917534555,103.02169601607443,17
13,critical_infrastructure,baseline,1.1010048597888074,0.3479542701193523,102.80095162499717,17
14,critical_infrastructure,baseline,1.0977243024822743,0.3540466520643454,102.57339091219396,17
15,critical_infrastructure,baseline,1.0944308011087072,0.3585133813142527,102.36281059649934,17
16,critical_infrastructure,baseline,1.091614666792869,0.36541182879088496,102.14805841166891,17
17,critical_infrastructure,baseline,1.088293688085405,0.3680073464617446,101.95637405353145,17
18,critical_infrastructure,baseline,1.086021826213317,0.371438837554375,101.80610419242905,17
19,critical_infrastructure,baseline,1.0839767265352651,0.3731269479749769,101.68649996604155,17
20,critical_infrastructure,baseline,1.0825517088770238,0.3751373178192831,101.59363230980429,17
21,critical_infrastructure,baseline,1.0813114110008597,0.3752840119523888,101.5306828312346,17
22,critical_infrastructure,baseline,1.0807076610212654,0.37950540829883295,101.45371347996571,17
23,critical_infrastructure,baseline,1.0791823874487971,0.3863672763123872,101.30239220601666,17
24,critical_infrastructure,baseline,1.076457516367812,0.3944703234150176,101.07784746260461,17
25,critical_infrastructure,baseline,1.0728229573786767,0.4027832746454626,100.80537943675242,17
26,critical_infrastructure,baseline,1.0687160027869074,0.4112370461798651,100.5071429766562,17
27,critical_infrastructure,baseline,1.064354791502431,0.4174003541305341,100.22092403534629,17
28,critical_infrastructure,baseline,1.0605592647075466,0.4213487076000917,99.98667842531361,17
29,critical_infrastructure,baseline,1.0576766183115565,0.4253525107493717,99.7970592433458,17
0,critical_infrastructure,reputation,1.0387054095115937,0.20661904027689532,99.99251431485769,17
1,critical_infrastructure,reputation,1.2479068601222123,0.12607597009068508,110.90453993658205,17
2,critical_infrastructure,reputation,1.3210226352499945,0.08118001275794817,114.59517752581243,17
3,critical_infrastructure,reputation,1.3461433620484824,0.05644042331256621,115.93294537715389,17
4,critical_infrastructure,reputation,1.3569150042690399,0.044551480234245294,116.51360862678013,17
5,critical_infrastructure,reputation,1.3618168081944173,0.03912988587145408,116.77677262876196,17
6,critical_infrastructure,reputation,1.3640315951872326,0.03752832707185255,116.88606589809785,17
7,critical_infrastructure,reputation,1.3647767184295343,0.04024722301669581,116.88679426680456,17
8,critical_infrastructure,reputation,1.3640602006794202,0.04503191034658438,116.80479667031395,17
9,critical_infrastructure,reputation,1.3625536741921858,0.047072909919340905,116.72072004577082,17
10,critical_infrastructure,reputation,1.3617647548790195,0.05661936580812438,116.58213502183509,17
11,critical_infrastructure,reputation,1.358835625283199,0.06750030392192763,116.34184250453458,17
12,critical_infrastructure,reputation,1.3552461719222533,0.07964790300019065,116.0596506196985,17
13,critical_infrastructure,reputation,1.3511936864204581,0.09222544989149511,115.75321066510904,17
14,critical_infrastructure,reputation,1.3469480936725111,0.10476584706128053,115.43870225152892,17
15,critical_infrastructure,reputation,1.342680223417456,0.11545891578560244,115.14328142204846,17
16,critical_infrastructure,reputation,1.3389485026079289,0.12921006833607265,114.83552043017569,17
17,critical_infrastructure,reputation,1.3343720808627642,0.13763097864332968,114.5518770584266,17
18,critical_infrastructure,reputation,1.3312554515750727,0.14711757186521146,114.31607528875912,17
19,critical_infrastructure,reputation,1.3280136897540635,0.15436351462590361,114.10018414597458,17
20,critical_infrastructure,reputation,1.3254144720602832,0.16190013035946282,113.90746557558255,17
21,critical_infrastructure,reputation,1.3228142126090345,0.16704370281072659,113.74131684204741,17
22,critical_infrastructure,reputation,1.320920486359966,0.1769655477622735,113.55136676076481,17
23,critical_infrastructure,reputation,1.3177066301589313,0.18976796588031397,113.27442952089453,17
24,critical_infrastructure,reputation,1.3134458328616698,0.20387113460643624,112.93851404533244,17
25,critical_infrastructure,reputation,1.308640551752245,0.21817327053224322,112.57670244198009,17
26,critical_infrastructure,reputation,1.3036859560272678,0.23265809735970316,112.20577878436573,17
27,critical_infrastructure,reputation,1.2986428635880896,0.2444612728867774,111.86019809716367,17
28,critical_infrastructure,reputation,1.2943694474782064,0.25373736526522317,111.57460987929974,17
29,critical_infrastructure,reputation,1.2909535059265556,0.2630921018441172,111.324338522678,17
0,critical_infrastructure,combined_portfolio,1.2048612439206114,0.14834207373012878,102.98096062311157,17
1,critical_infrastructure,combined_portfolio,1.3821456844868936,0.0300700692674871,112.3026839070314,17
2,critical_infrastructure,combined_portfolio,1.405755536123159,0.0,113.69163136003716,17
3,critical_infrastructure,combined_portfolio,1.4114995958148573,0.0,113.93302924287542,17
4,critical_infrastructure,combined_portfolio,1.4106680334451112,0.0,113.90369985915804,17
5,critical_infrastructure,combined_portfolio,1.4107898277367807,0.0,113.90800302866188,17
6,critical_infrastructure,combined_portfolio,1.4107720190352053,0.0,113.9073739777961,17
7,critical_infrastructure,combined_portfolio,1.4107746236537952,0.0,113.9074659832317,17
8,critical_infrastructure,combined_portfolio,1.4107742427279524,0.0,113.90745252749528,17
9,critical_infrastructure,combined_portfolio,1.410774298438704,0.0,113.90745449541053,17
10,critical_infrastructure,combined_portfolio,1.410774290290962,0.0,113.90745420760139,17
11,critical_infrastructure,combined_portfolio,1.410774291482576,0.0,113.90745424969371,17
12,critical_infrastructure,combined_portfolio,1.4107742913083015,0.0,113.90745424353767,17
13,critical_infrastructure,combined_portfolio,1.4107742913337893,0.0,113.90745424443799,17
14,critical_infrastructure,combined_portfolio,1.4107742913300616,0.0,113.90745424430632,17
15,critical_infrastructure,combined_portfolio,1.4107742913306067,0.0,113.90745424432559,17
16,critical_infrastructure,combined_portfolio,1.410774291330527,0.005136455602707736,113.85039254109083,17
17,critical_infrastructure,combined_portfolio,1.4092501673784679,0.009121547736219239,113.74594134580846,17
18,critical_infrastructure,combined_portfolio,1.4082897865965516,0.017212527452197014,113.61718480581146,17
19,critical_infrastructure,combined_portfolio,1.4060281041629517,0.024654048283093456,113.44447930887097,17
20,critical_infrastructure,combined_portfolio,1.404145134671882,0.03353616004384811,113.26986695656892,17
21,critical_infrastructure,combined_portfolio,1.4017775671360047,0.04046383783871058,113.09788657571534,17
22,critical_infrastructure,combined_portfolio,1.4000554279957105,0.05306224321623563,112.88812197643566,17
23,critical_infrastructure,combined_portfolio,1.396557286670976,0.06902377817794844,112.57066547739716,17
24,critical_infrastructure,combined_portfolio,1.3923025562234086,0.08649028031624226,112.2049327140632,17
25,critical_infrastructure,combined_portfolio,1.3876939946483768,0.10419077011439062,111.82154688346733,17
26,critical_infrastructure,combined_portfolio,1.3830496337569242,0.12207319326790136,111.43397175028127,17
27,critical_infrastructure,combined_portfolio,1.378341146437601,0.13698814019823455,111.07623339034842,17
28,critical_infrastructure,combined_portfolio,1.3745062030451258,0.1491317958233018,110.78394010184935,17
29,critical_infrastructure,combined_portfolio,1.371372640243048,0.16135702339302058,110.51926207212384,17
0,critical_infrastructure,baseline,0.7956667620396147,0.30762981371029136,71.68290378152678,18
1,critical_infrastructure,baseline,0.9120784262237449,0.29450304181155207,77.61494258210648,18
2,critical_infrastructure,baseline,0.9802384179057577,0.2932295552929015,80.76581834323166,18
3,critical_infrastructure,baseline,1.0177037018474326,0.29618156670704515,82.38461868632494,18
4,critical_infrastructure,baseline,1.037201027541704,0.3033735978700842,83.14364246405755,18
5,critical_infrastructure,baseline,1.0456759544774974,0.30797013867706136,83.45347496527131,18
6,critical_infrastructure,baseline,1.0489267035544378,0.31676870595341844,83.49138168009769,18
7,critical_infrastructure,baseline,1.0480747767112621,0.32212001005840074,83.39501347009337,18
8,critical_infrastructure,baseline,1.0460124642601842,0.33074399119608094,83.20934115832421,18
9,critical_infrastructure,baseline,1.0423127826078176,0.3365643629206525,82.98624423951082,18
10,critical_infrastructure,baseline,1.0385569115813065,0.341343962889899,82.77189021252147,18
11,critical_infrastructure,baseline,1.0350818375375685,0.3448791174155321,82.58323548291854,18
12,critical_infrastructure,baseline,1.0321320309029811,0.3479830818638788,82.42154500878583,18
13,critical_infrastructure,baseline,1.029597785270125,0.3505103396309146,82.28400823767169,18
14,critical_infrastructure,baseline,1.0274625067336567,0.3541326599010437,82.15086379112245,18
15,critical_infrastructure,baseline,1.0252180016443733,0.3580273740568405,82.00986385197164,18
16,critical_infrastructure,baseline,1.0228328980839498,0.3627210897143871,81.85350239429872,18
17,critical_infrastructure,baseline,1.0201329503963383,0.36954347981309066,81.65903649633249,18
18,critical_infrastructure,baseline,1.0166264335863207,0.3757649440930347,81.4364025619701,18
19,critical_infrastructure,baseline,1.0128604896006341,0.38390013333116946,81.18007284479172,18
20,critical_infrastructure,baseline,1.0083825625356773,0.39472248033751184,80.86159791192259,18
21,critical_infrastructure,baseline,1.0027156090298757,0.40268667816452386,80.52324291288396,18
22,critical_infrastructure,baseline,0.9972554962572215,0.4089026567299605,80.21257839028378,18
23,critical_infrastructure,baseline,0.992430383212398,0.41350017794428706,79.94733302806829,18
24,critical_infrastructure,baseline,0.9884341594876705,0.4158146311548198,79.7440592631384,18
25,critical_infrastructure,baseline,0.9855703877321075,0.41656021642836955,79.60837042161046,18
26,critical_infrastructure,baseline,0.9837907688758855,0.4158550866335299,79.53718894928436,18
27,critical_infrastructure,baseline,0.9830336652965868,0.41664578907308836,79.49426191430874,18
28,critical_infrastructure,baseline,0.9823860283112328,0.41751296273164795,79.4555162691462,18
29,critical_infrastructure,baseline,0.9817750844686052,0.420687903078059,79.39199475915039,18
0,critical_infrastructure,reputation,0.9582462445297737,0.2449033682859774,79.35046034665453,18
1,critical_infrastructure,reputation,1.1595801680696107,0.18497297735875018,88.54799447113614,18
2,critical_infrastructure,reputation,1.254648252148206,0.14673435501136628,92.60043607776412,18
3,critical_infrastructure,reputation,1.2958494942316765,0.12126719020019497,94.38973415181813,18
4,critical_infrastructure,reputation,1.3150428852428615,0.10804234526245599,95.22473338503488,18
5,critical_infrastructure,reputation,1.3241192366122296,0.09824199415916346,95.6572333918412,18
6,critical_infrastructure,reputation,1.3294100060954983,0.09872295819027935,95.83723586881268,18
7,critical_infrastructure,reputation,1.3306276433974022,0.0992569716824318,95.87431013202118,18
8,critical_infrastructure,reputation,1.3307796738272486,0.10689831430598731,95.79235180681823,18
9,critical_infrastructure,reputation,1.3285377139765213,0.113467146158445,95.63943567581306,18
10,critical_infrastructure,reputation,1.3260032626200668,0.12047026157069016,95.47084016564175,18
11,critical_infrastructure,reputation,1.3232615071947842,0.1271112037424724,95.29897747977687,18
12,critical_infrastructure,reputation,1.3205711949439403,0.1339619319896929,95.12630684637499,18
13,critical_infrastructure,reputation,1.3178281438280852,0.1405533572164508,94.9546113872329,18
14,critical_infrastructure,reputation,1.3151453254933618,0.14869131976890307,94.76715045898989,18
15,critical_infrastructure,reputation,1.3120132082579417,0.15725506673932213,94.5589128214161,18
16,critical_infrastructure,reputation,1.308632003773761,0.16682181922655906,94.33014333573759,18
17,critical_infrastructure,reputation,1.3048806641152482,0.17892162370535977,94.05904669577534,18
18,critical_infrastructure,reputation,1.3002689428524916,0.19030008504870255,93.7654304964127,18
19,critical_infrastructure,reputation,1.2956341311335113,0.2039604575961378,93.44424579032874,18
20,critical_infrastructure,reputation,1.290301998939357,0.22074312407040067,93.06204859646661,18
21,critical_infrastructure,reputation,1.2838367170059208,0.23414968217913967,92.6772668273792,18
22,critical_infrastructure,reputation,1.278051890663489,0.24560199172545893,92.33807266248341,18
23,critical_infrastructure,reputation,1.273021474164003,0.25521174391290363,92.0464474982092,18
24,critical_infrastructure,reputation,1.2687385339383253,0.2621616997863183,91.81176819557332,18
25,critical_infrastructure,reputation,1.2654503533543804,0.2672565459763959,91.63398193450989,18
26,critical_infrastructure,reputation,1.2629919648515633,0.2705935109042962,91.50628182848752,18
27,critical_infrastructure,reputation,1.2612915890107153,0.27552138481836014,91.38785655150143,18
28,critical_infrastructure,reputation,1.2593318796689559,0.2803378013956803,91.26137408400525,18
29,critical_infrastructure,reputation,1.2573292030181773,0.2876241184561347,91.10492532031151,18
0,critical_infrastructure,combined_portfolio,1.1042928003236918,0.19114070569924083,81.3939191910202,18
1,critical_infrastructure,combined_portfolio,1.318114763061117,0.09564723031553035,90.77845887005493,18
2,critical_infrastructure,combined_portfolio,1.375277106580486,0.033725636668374755,93.5414534532224,18
3,critical_infrastructure,combined_portfolio,1.3966848831851117,0.0,94.66828518876493,18
4,critical_infrastructure,combined_portfolio,1.4073384128934534,0.0,95.03029578084883,18
5,critical_infrastructure,combined_portfolio,1.4075268239442265,0.0,95.04069354487098,18
6,critical_infrastructure,combined_portfolio,1.407529537061434,0.0,95.04085677739411,18
7,critical_infrastructure,combined_portfolio,1.4075295759732045,0.0,95.04085912269967,18
8,critical_infrastructure,combined_portfolio,1.4075295765312483,0.0,95.04085915633517,18
9,critical_infrastructure,combined_portfolio,1.407529576539251,0.0,95.04085915681753,18
10,critical_infrastructure,combined_portfolio,1.4075295765393658,0.0,95.04085915682445,18
11,critical_infrastructure,combined_portfolio,1.4075295765393676,0.0,95.04085915682455,18
12,critical_infrastructure,combined_portfolio,1.4075295765393676,0.0028184210826034187,95.00860477377061,18
13,critical_infrastructure,combined_portfolio,1.4066883317378778,0.00767860931794332,94.92514446117572,18
14,critical_infrastructure,combined_portfolio,1.405225379590372,0.01579085678091561,94.78353151716519,18
15,critical_infrastructure,combined_portfolio,1.4027816541695508,0.025393093197364665,94.59205083875582,18
16,critical_infrastructure,combined_portfolio,1.3998753027226833,0.036767677359952324,94.36441203499555,18
17,critical_infrastructure,combined_portfolio,1.3964276041349188,0.051358327257519716,94.08159244078203,18
18,critical_infrastructure,combined_portfolio,1.3920035333494498,0.0654080905185492,93.77191861689931,18
19,critical_infrastructure,combined_portfolio,1.3877107965115774,0.08212137078399495,93.43538365784825,18
20,critical_infrastructure,combined_portfolio,1.3826146463841351,0.10232927414400236,93.03156027050612,18
21,critical_infrastructure,combined_portfolio,1.3764404653416986,0.1188315164235226,92.63302274857816,18
22,critical_infrastructure,combined_portfolio,1.3713214413027066,0.13319892598337504,92.29334856940096,18
23,critical_infrastructure,combined_portfolio,1.3668599420893295,0.1455427241312352,91.99837881141232,18
24,critical_infrastructure,combined_portfolio,1.3630077778776628,0.1549904659026164,91.75773344164809,18
25,critical_infrastructure,combined_portfolio,1.3600332167306897,0.16243568835512648,91.56982237267049,18
26,critical_infrastructure,combined_portfolio,1.3576841454482298,0.1679933788889939,91.42513396635462,18
27,critical_infrastructure,combined_portfolio,1.3559223062416914,0.1753076654103585,91.28039235122061,18
28,critical_infrastructure,combined_portfolio,1.3536596974302446,0.18248797038249367,91.12024008346901,18
29,critical_infrastructure,combined_portfolio,1.3514117338197809,0.1923290886960023,90.92983049567128,18
0,critical_infrastructure,baseline,0.6150509606709467,0.332639147786442,58.15191441467499,19
1,critical_infrastructure,baseline,0.614479438327349,0.3288429287664497,58.162919523664854,19
2,critical_infrastructure,baseline,0.615667526393496,0.33351725273154065,58.177049462996926,19
3,critical_infrastructure,baseline,0.6145672948685688,0.3406344210419543,58.02512224033609,19
4,critical_infrastructure,baseline,0.6107136883975408,0.3451222389579872,57.73953769833942,19
5,critical_infrastructure,baseline,0.6059171289769673,0.3501704226853509,57.38872918314087,19
6,critical_infrastructure,baseline,0.6001745409925479,0.35892994839566383,56.93364774030978,19
7,critical_infrastructure,baseline,0.5921414155967955,0.36476056732588324,56.37136777561571,19
8,critical_infrastructure,baseline,0.5836349054630235,0.36803600110318024,55.80579317914642,19
9,critical_infrastructure,baseline,0.5758567817390862,0.37079183084382006,55.286748490736855,19
10,critical_infrastructure,baseline,0.5688425635812576,0.37058802256173695,54.84748774746346,19
11,critical_infrastructure,baseline,0.5636587171810614,0.37527940972271945,54.46144055494432,19
12,critical_infrastructure,baseline,0.5577644113332975,0.3800916105169637,54.026917462311836,19
13,critical_infrastructure,baseline,0.5512825407233239,0.38282875323937526,53.576978569586956,19
14,critical_infrastructure,baseline,0.5452396197186522,0.3845372844614684,53.16459009787445,19
15,critical_infrastructure,baseline,0.5399625679986091,0.38761838969613266,52.782725746093156,19
16,critical_infrastructure,baseline,0.5346760063679631,0.39314075823755734,52.3685250525241,19
17,critical_infrastructure,baseline,0.5283413310338113,0.39740781939562575,51.897972885517405,19
18,critical_infrastructure,baseline,0.5217489671640195,0.40238114676119396,51.39811503587871,19
19,critical_infrastructure,baseline,0.5146590852232792,0.4076735847474521,50.857195619794524,19
20,critical_infrastructure,baseline,0.5070551484089292,0.41286854875967677,50.27812389784441,19
21,critical_infrastructure,baseline,0.4991013913061858,0.41469231050968747,49.710815285550474,19
22,critical_infrastructure,baseline,0.49231490963774477,0.41933696619198535,49.18448033875308,19
23,critical_infrastructure,baseline,0.4852066702389577,0.42018340974010704,48.67787198522608,19
24,critical_infrastructure,baseline,0.4794691898148892,0.42206377013940777,48.250637905959,19
25,critical_infrastructure,baseline,0.47432639049561287,0.4242050707341166,47.859682911309946,19
26,critical_infrastructure,baseline,0.4695209966703443,0.42516218031430764,47.50483393952313,19
27,critical_infrastructure,baseline,0.4654738335966424,0.42615777128595667,47.20183426716864,19
28,critical_infrastructure,baseline,0.4619835949717674,0.4295259768675991,46.908804006946006,19
29,critical_infrastructure,baseline,0.4579045770372583,0.431806383995879,46.58524720993766,19
0,critical_infrastructure,reputation,0.7469857435602567,0.21570380448281595,65.85140473021046,19
1,critical_infrastructure,reputation,0.8892105615109408,0.143108812126913,73.69525850788554,19
2,critical_infrastructure,reputation,1.0140877672368533,0.10956762106255963,79.55343712526404,19
3,critical_infrastructure,reputation,1.1055724052340599,0.09712427434297821,83.37575022284892,19
4,critical_infrastructure,reputation,1.1642795060729318,0.09285565563227977,85.65898209012461,19
5,critical_infrastructure,reputation,1.198968577575613,0.09637530515245563,86.89293899071276,19
6,critical_infrastructure,reputation,1.2163793010270878,0.10881885224991994,87.37206013475247,19
7,critical_infrastructure,reputation,1.2204288069404436,0.1203166058497609,87.37927234891878,19
8,critical_infrastructure,reputation,1.217694370503893,0.1304051108145277,87.1598828407452,19
9,critical_infrastructure,reputation,1.211941631168555,0.1408857391445975,86.82663681189061,19
10,critical_infrastructure,reputation,1.2044047888298341,0.14827694061133762,86.46550890575996,19
11,critical_infrastructure,reputation,1.197213503621267,0.16181031256596745,86.04067577901218,19
12,critical_infrastructure,reputation,1.1875761610522153,0.17533589280375872,85.52573266793236,19
13,critical_infrastructure,reputation,1.1765979543023295,0.18628700668894094,84.9902284945052,19
14,critical_infrastructure,reputation,1.1659534662561193,0.19599938300396536,84.47885965538835,19
15,critical_infrastructure,reputation,1.155981641636868,0.20725938635530855,83.97087221968755,19
16,critical_infrastructure,reputation,1.1456872360950165,0.2211817330524643,83.41597691637243,19
17,critical_infrastructure,reputation,1.134048390274408,0.23338741776251232,82.82829911344709,19
18,critical_infrastructure,reputation,1.1223537802713692,0.2463222479276208,82.22581188382486,19
19,critical_infrastructure,reputation,1.1102742816203226,0.2594969300248402,81.60187777977607,19
20,critical_infrastructure,reputation,1.0978307038147028,0.2724396785051545,80.96253027496468,19
21,critical_infrastructure,reputation,1.0852313361441248,0.2814547300170451,80.36033799530679,19
22,critical_infrastructure,reputation,1.0741650519339991,0.2937202905909424,79.77461273127383,19
23,critical_infrastructure,reputation,1.062552945030971,0.3014626525946908,79.21872558809919,19
24,critical_infrastructure,reputation,1.052509258040501,0.3103832535613186,78.70736746230209,19
25,critical_infrastructure,reputation,1.0428407936016604,0.3193927952234435,78.20727528092834,19
26,critical_infrastructure,reputation,1.0333234716021906,0.3268767919648266,77.72904270025788,19
27,critical_infrastructure,reputation,1.0245153340565336,0.3342839870310541,77.27800390461091,19
28,critical_infrastructure,reputation,1.0161331371867093,0.3441098084522473,76.81282462968464,19
29,critical_infrastructure,reputation,1.0069512552593716,0.352420768157151,76.33065966436136,19
0,critical_infrastructure,combined_portfolio,0.8531478219927766,0.1516025942443043,66.58672222744147,19
1,critical_infrastructure,combined_portfolio,1.0766322403016115,0.040572197506931175,77.64914600678763,19
2,critical_infrastructure,combined_portfolio,1.239593169302438,0.0,84.27517954277126,19
3,critical_infrastructure,combined_portfolio,1.3278672872297723,0.0,87.3369756214494,19
4,critical_infrastructure,combined_portfolio,1.3616237624324912,0.0,88.47014711171387,19
5,critical_infrastructure,combined_portfolio,1.373661463067105,0.0,88.86907140999305,19
6,critical_infrastructure,combined_portfolio,1.3778377457181095,0.0,89.00685699070567,19
7,critical_infrastructure,combined_portfolio,1.3792723443626458,0.0,89.05411582855278,19
8,critical_infrastructure,combined_portfolio,1.3797634457072143,0.003259543725395865,89.03070978402158,19
9,critical_infrastructure,combined_portfolio,1.378543778621577,0.011474821583327223,88.89181728066251,19
10,critical_infrastructure,combined_portfolio,1.3746293265180467,0.018975574527588336,88.67420857383928,19
11,critical_infrastructure,combined_portfolio,1.3700929893623357,0.03480744380042642,88.33434058411979,19
12,critical_infrastructure,combined_portfolio,1.3617886077931534,0.051502267146775894,87.86096524788407,19
13,critical_infrastructure,combined_portfolio,1.351794602078591,0.06585607214453318,87.35840146310801,19
14,critical_infrastructure,combined_portfolio,1.3421711516432773,0.07913057448635522,86.87870184234701,19
15,critical_infrastructure,combined_portfolio,1.3330975456564074,0.09424385952132339,86.39308953220755,19
16,critical_infrastructure,combined_portfolio,1.3234008929392163,0.11229929866607927,85.84943709136752,19
17,critical_infrastructure,combined_portfolio,1.312189261088202,0.12843983488516283,85.27609733443342,19
18,critical_infrastructure,combined_portfolio,1.3011924471904583,0.14533974660744622,84.69774002231375,19
19,critical_infrastructure,combined_portfolio,1.2898997911274719,0.16243548941662392,84.10439078837874,19
20,critical_infrastructure,combined_portfolio,1.2783602947673955,0.17920514965437875,83.50367653769413,19
21,critical_infrastructure,combined_portfolio,1.2668104153637247,0.19166360340888425,82.95198162116796,19
22,critical_infrastructure,combined_portfolio,1.2570357350167898,0.2076278807999605,82.41640677341971,19
23,critical_infrastructure,combined_portfolio,1.2464117351236266,0.21863043722606754,81.90964618133845,19
24,critical_infrastructure,combined_portfolio,1.237521459601891,0.23091435936104573,81.445568210935,19
25,critical_infrastructure,combined_portfolio,1.2287354455781725,0.2432439665564581,80.98324285148496,19
26,critical_infrastructure,combined_portfolio,1.2199388203119015,0.253887221865984,80.53921587088512,19
27,critical_infrastructure,combined_portfolio,1.2118131451597647,0.2644518749021389,80.11936155072962,19
28,critical_infrastructure,combined_portfolio,1.2039748352107853,0.277540576744245,79.6767550833413,19
29,critical_infrastructure,combined_portfolio,1.1951536958393558,0.2888981661917064,79.2181562717969,19
0,critical_infrastructure,baseline,0.5852002315931253,0.25992289217266873,72.14499876027874,20
1,critical_infrastructure,baseline,0.5937447881569413,0.21078221143826556,73.35660854612493,20
2,critical_infrastructure,baseline,0.6220717251492487,0.18470317478317783,75.78448758070822,20
3,critical_infrastructure,baseline,0.6554571294118093,0.17506207343500246,78.32328298183518,20
4,critical_infrastructure,baseline,0.685423806422104,0.17746688016570014,80.40360030767913,20
5,critical_infrastructure,baseline,0.7073843525713079,0.18578033198449626,81.81250035422644,20
6,critical_infrastructure,baseline,0.7205535614807387,0.19751591954107325,82.56432176370444,20
7,critical_infrastructure,baseline,0.7254555855094293,0.21128927121876462,82.73377415989755,20
8,critical_infrastructure,baseline,0.7231201412958828,0.22302572693791312,82.44465665329653,20
9,critical_infrastructure,baseline,0.7161428318776533,0.2354719751392563,81.83583718559727,20
10,critical_infrastructure,baseline,0.7052957084432183,0.2453635990500731,80.99121140619064,20
11,critical_infrastructure,baseline,0.6926094686454548,0.2530582188885139,80.03715965018131,20
12,critical_infrastructure,baseline,0.67947813529908,0.2609255758377365,79.03839146352915,20
13,critical_infrastructure,baseline,0.6659209523094786,0.2685636738024994,77.99963187168136,20
14,critical_infrastructure,baseline,0.6521293958329949,0.276721480209685,76.92424718659653,20
15,critical_infrastructure,baseline,0.6379185740759531,0.2825265254448721,75.83086826491945,20
16,critical_infrastructure,baseline,0.6244154415064069,0.28948537062561774,74.76009159932013,20
17,critical_infrastructure,baseline,0.6109371352363593,0.29437740604881024,73.70024969028165,20
18,critical_infrastructure,baseline,0.5983821999305224,0.30045593018435446,72.68138206541097,20
19,critical_infrastructure,baseline,0.5860059879350884,0.3071373039850278,71.65583456196737,20
20,critical_infrastructure,baseline,0.5734929543607072,0.3149339946766426,70.59307221038378,20
21,critical_infrastructure,baseline,0.5603728195931614,0.3211442014658892,69.48605611177044,20
22,critical_infrastructure,baseline,0.5474757945342665,0.32652768620113726,68.38998563560587,20
23,critical_infrastructure,baseline,0.5351079434400925,0.3333312148510406,67.30451615029303,20
24,critical_infrastructure,baseline,0.5225137518535572,0.3416544251157989,66.16741508348721,20
25,critical_infrastructure,baseline,0.5090639370291103,0.3484913246462215,64.95866279161386,20
26,critical_infrastructure,baseline,0.49559833708681916,0.35456589185321763,63.73754157960596,20
27,critical_infrastructure,baseline,0.4824481713828258,0.3622367850658063,62.505281141833926,20
28,critical_infrastructure,baseline,0.4688284959921105,0.3704994050186008,61.204538937252885,20
29,critical_infrastructure,baseline,0.45457297924416196,0.3788502717592961,59.822719156526055,20
0,critical_infrastructure,reputation,0.6897990047613058,0.1392171567841286,80.18612865365952,20
1,critical_infrastructure,reputation,0.8306929612949481,0.018886691353796226,90.6229489674806,20
2,critical_infrastructure,reputation,0.9852887544736589,0.0,99.54580127538323,20
3,critical_infrastructure,reputation,1.0989723060319119,0.0,105.30085313565506,20
4,critical_infrastructure,reputation,1.1724689182359798,0.0,108.7752273095017,20
5,critical_infrastructure,reputation,1.2182013077779819,0.0,110.8494078279666,20
6,critical_infrastructure,reputation,1.2459528484136373,0.0,112.07743775694588,20
7,critical_infrastructure,reputation,1.2625301078633215,0.0,112.80039754148541,20
8,critical_infrastructure,reputation,1.2723378085882182,0.0,113.22448294342922,20
9,critical_infrastructure,reputation,1.2781070959493457,0.0,113.47269962129016,20
10,critical_infrastructure,reputation,1.2814892670416862,0.001153759917824848,113.60446907614018,20
11,critical_infrastructure,reputation,1.282957941443436,0.007986357482385575,113.5886346499894,20
12,critical_infrastructure,reputation,1.280795457493134,0.020227593343238814,113.35546576435279,20
13,critical_infrastructure,reputation,1.2741193265346804,0.03530170190277626,112.896036257915,20
14,critical_infrastructure,reputation,1.2635447932708639,0.052813241063510874,112.23879097411948,20
15,critical_infrastructure,reputation,1.24958601559891,0.06851237452594722,111.45174859273956,20
16,critical_infrastructure,reputation,1.2343949442968567,0.08615952950087563,110.58204198725221,20
17,critical_infrastructure,reputation,1.2175572646481738,0.10153006495442152,109.65860962183395,20
18,critical_infrastructure,reputation,1.2006772452988042,0.11834949963684804,108.70784826106316,20
19,critical_infrastructure,reputation,1.1830578795475806,0.13569838416717045,107.70867699832097,20
20,critical_infrastructure,reputation,1.16467995510215,0.15410531977402958,106.6525647938619,20
21,critical_infrastructure,reputation,1.1452877995766149,0.1704421709147182,105.56209232940732,20
22,critical_infrastructure,reputation,1.1260951010927005,0.1857224417664362,104.4807139020292,20
23,critical_infrastructure,reputation,1.1073968461306047,0.20246459920437654,103.39374647339542,20
24,critical_infrastructure,reputation,1.0882681983795555,0.22061935821653872,102.25748678470237,20
25,critical_infrastructure,reputation,1.0681513479522966,0.2368023585703129,101.08210054617578,20
26,critical_infrastructure,reputation,1.0481793142061335,0.25202075535656276,99.91004369174468,20
27,critical_infrastructure,reputation,1.0286221689206785,0.26886205404880137,98.72524851115261,20
28,critical_infrastructure,reputation,1.0085136795892697,0.28604612432582927,97.49316640261614,20
29,critical_infrastructure,reputation,0.9877931140175491,0.3030537599512458,96.21461605087534,20
0,critical_infrastructure,combined_portfolio,0.7795831831567557,0.07511277954512893,81.88491275393584,20
1,critical_infrastructure,combined_portfolio,1.005196434527194,0.0,95.67250786836806,20
2,critical_infrastructure,combined_portfolio,1.1768470378604494,0.0,104.09775751801568,20
3,critical_infrastructure,combined_portfolio,1.2703977516400442,0.0,108.29245320419157,20
4,critical_infrastructure,combined_portfolio,1.3171047672653196,0.0,110.29403247783259,20
5,critical_infrastructure,combined_portfolio,1.3392970286349066,0.0,111.2250390241875,20
6,critical_infrastructure,combined_portfolio,1.3495790998468362,0.0,111.6521002565979,20
7,critical_infrastructure,combined_portfolio,1.354285503552951,0.0,111.84673669236999,20
8,critical_infrastructure,combined_portfolio,1.3564282913389938,0.0,111.9350433153121,20
9,critical_infrastructure,combined_portfolio,1.3574010681678736,0.0,111.97515391534235,20
10,critical_infrastructure,combined_portfolio,1.357842166935333,0.0,111.99333414730472,20
11,critical_infrastructure,combined_portfolio,1.3580420731015037,0.0,112.00157186918881,20
12,critical_infrastructure,combined_portfolio,1.3581326486950658,0.0,112.00530398130505,20
13,critical_infrastructure,combined_portfolio,1.3581736831282902,0.0,112.00699471407356,20
14,critical_infrastructure,combined_portfolio,1.3581922724718822,0.0,112.00776063317582,20
15,critical_infrastructure,combined_portfolio,1.3582006935921211,0.0,112.0081075978292,20
16,critical_infrastructure,combined_portfolio,1.3582045083874454,0.0,112.00826477339416,20
17,critical_infrastructure,combined_portfolio,1.358206236494342,0.0,112.00833597399811,20
18,critical_infrastructure,combined_portfolio,1.358207019327214,0.006755056435252073,111.93039211546282,20
19,critical_infrastructure,combined_portfolio,1.355220824597608,0.02074933880828076,111.6475123237011,20
20,critical_infrastructure,combined_portfolio,1.3476793901113424,0.03962709573737353,111.12135639747609,20
21,critical_infrastructure,combined_portfolio,1.3358987289086623,0.05830109489458588,110.42074945071677,20
22,critical_infrastructure,combined_portfolio,1.322239509792755,0.07693106338364589,109.63786946314436,20
23,critical_infrastructure,combined_portfolio,1.307678547926411,0.0977255012617406,108.78685703229726,20
24,critical_infrastructure,combined_portfolio,1.2916721985738262,0.12031004682281674,107.84823427684803,20
25,critical_infrastructure,combined_portfolio,1.2741144849216155,0.14083977077992835,106.85954959491346,20
26,critical_infrastructure,combined_portfolio,1.2566300293516623,0.16035871299137752,105.87671901085021,20
27,critical_infrastructure,combined_portfolio,1.2395222017754068,0.18161633548392306,104.8816545667887,20
28,critical_infrastructure,combined_portfolio,1.2217264938209154,0.20316604111775285,103.84437502943497,20
29,critical_infrastructure,combined_portfolio,1.2033567365052398,0.22443778854902316,102.77501033098972,20
0,critical_infrastructure,baseline,0.7062547686266779,0.3145007645763063,60.94912732500311,21
1,critical_infrastructure,baseline,0.7740355266261982,0.30788782171526646,64.45078592000712,21
2,critical_infrastructure,baseline,0.8237311001605021,0.3135889858899156,66.75887206842516,21
3,critical_infrastructure,baseline,0.8574683051717616,0.32409676645063884,68.1890953174093,21
4,critical_infrastructure,baseline,0.8787112613146468,0.33791266114353957,68.98324163998991,21
5,critical_infrastructure,baseline,0.8903307134015981,0.3479986420150171,69.38139674152514,21
6,critical_infrastructure,baseline,0.8960710137419333,0.3558322789188788,69.54343229928755,21
7,critical_infrastructure,baseline,0.8982179078113808,0.36360316498087714,69.54801245203484,21
8,critical_infrastructure,baseline,0.8978527292959897,0.3741547133237181,69.4105896265367,21
9,critical_infrastructure,baseline,0.8950503174144749,0.38714711921426187,69.13841499296234,21
10,critical_infrastructure,baseline,0.8899452231680252,0.40076025588845476,68.75765007650764,21
11,critical_infrastructure,baseline,0.8830707595548052,0.4117857386545898,68.32754000670808,21
12,critical_infrastructure,baseline,0.8755753239724722,0.4197990252465279,67.90261780984935,21
13,critical_infrastructure,baseline,0.8683684766265279,0.4257494941498726,67.51213465980676,21
14,critical_infrastructure,baseline,0.8618609113629762,0.43100579166643216,67.15907486081109,21
15,critical_infrastructure,baseline,0.8560116575416882,0.43412895359073966,66.8587883711273,21
16,critical_infrastructure,baseline,0.8511393530924605,0.43991291519140263,66.57079106665012,21
17,critical_infrastructure,baseline,0.8463121915759063,0.44745630080206594,66.26372334399149,21
18,critical_infrastructure,baseline,0.8410915575916882,0.4545210067257066,65.94325740460717,21
19,critical_infrastructure,baseline,0.8357082830368732,0.4610271992306097,65.62058918894196,21
20,critical_infrastructure,baseline,0.8303441008413052,0.4664838987624289,65.30969473260475,21
21,critical_infrastructure,baseline,0.8252454806399689,0.46952804576977747,65.03777637832374,21
22,critical_infrastructure,baseline,0.8209151006480959,0.4721829537356379,64.80507615314197,21
23,critical_infrastructure,baseline,0.8172196259150081,0.47551708298057954,64.59352491715363,21
24,critical_infrastructure,baseline,0.813807575463805,0.4812385645720004,64.36720407077115,21
25,critical_infrastructure,baseline,0.8100190387368441,0.4888022578044191,64.10145216032706,21
26,critical_infrastructure,baseline,0.8055197446131604,0.4947731592937765,63.81985927410862,21
27,critical_infrastructure,baseline,0.8009021446940392,0.5009664337344045,63.52908359825423,21
28,critical_infrastructure,baseline,0.7961464065112078,0.5042085094179903,63.26484876190086,21
29,critical_infrastructure,baseline,0.7920040666542005,0.5099604237247224,62.999935001280136,21
0,critical_infrastructure,reputation,0.852312381033188,0.1936670309579076,68.40514480611166,21
1,critical_infrastructure,reputation,1.0390361148709764,0.1089323198899807,77.26157067138703,21
2,critical_infrastructure,reputation,1.167268778166666,0.06470597995014515,82.56125588490242,21
3,critical_infrastructure,reputation,1.2447656736114665,0.04399910962342929,85.49405103364846,21
4,critical_infrastructure,reputation,1.2873152879703793,0.03980901202480802,86.96443369146519,21
5,critical_infrastructure,reputation,1.3080405321560888,0.03981455847713716,87.64369213203864,21
6,critical_infrastructure,reputation,1.3174100061491145,0.043339964468322834,87.90737526640876,21
7,critical_infrastructure,reputation,1.3207460678676812,0.05129839402803682,87.92370573781375,21
8,critical_infrastructure,reputation,1.3203092235410754,0.06595991315725924,87.74089454019406,21
9,critical_infrastructure,reputation,1.3165780278212984,0.08588067088462642,87.39120814098908,21
10,critical_infrastructure,reputation,1.3101123005343462,0.10804252200450803,86.9268651822378,21
11,critical_infrastructure,reputation,1.3018779001375858,0.12789036819330685,86.43075469153099,21
12,critical_infrastructure,reputation,1.2933904973194361,0.14460813932951705,85.96090137938316,21
13,critical_infrastructure,reputation,1.2855195454592057,0.15915502714336366,85.53475719105315,21
14,critical_infrastructure,reputation,1.278428332629794,0.17302635817190815,85.1408398407851,21
15,critical_infrastructure,reputation,1.2718361783912429,0.18422084306599468,84.79336175923308,21
16,critical_infrastructure,reputation,1.2661023073898976,0.19867148905608634,84.43586896931612,21
17,critical_infrastructure,reputation,1.2599652737981057,0.21503028051976392,84.04235112265997,21
18,critical_infrastructure,reputation,1.2531686253392011,0.2305034418716435,83.63614855615737,21
19,critical_infrastructure,reputation,1.246263774977936,0.2451002192397036,83.23532390754818,21
20,critical_infrastructure,reputation,1.2395031237092313,0.2582717029710762,82.85475030828913,21
21,critical_infrastructure,reputation,1.2331376267092327,0.2684111181452207,82.52157440685627,21
22,critical_infrastructure,reputation,1.2276751684301548,0.2780514341186804,82.22400300524804,21
23,critical_infrastructure,reputation,1.2227495779993014,0.28839360149569737,81.93609279367506,21
24,critical_infrastructure,reputation,1.217901112465674,0.30138366394325755,81.61977002560243,21
25,critical_infrastructure,reputation,1.2124422743397159,0.31624059974314156,81.26041329666616,21
26,critical_infrastructure,reputation,1.2062303875598908,0.3289063212531662,80.89962868422462,21
27,critical_infrastructure,reputation,1.2001718264415064,0.34175181326295007,80.54105803379262,21
28,critical_infrastructure,reputation,1.1941308314251582,0.3510334867040498,80.22341550917368,21
29,critical_infrastructure,reputation,1.1889452007534445,0.3633126974979367,79.90013234206869,21
0,critical_infrastructure,combined_portfolio,0.9691517111372091,0.12883412987558066,69.08230224833719,21
1,critical_infrastructure,combined_portfolio,1.210029771052939,0.004052104276955827,79.68967983689882,21
2,critical_infrastructure,combined_portfolio,1.3371421541924828,0.0,83.99817956003618,21
3,critical_infrastructure,combined_portfolio,1.3780966055525457,0.0,85.31228068433259,21
4,critical_infrastructure,combined_portfolio,1.3893364501516743,0.0,85.66822171618692,21
5,critical_infrastructure,combined_portfolio,1.3922812019403876,0.0,85.76120567747462,21
6,critical_infrastructure,combined_portfolio,1.3930427492103163,0.0,85.78523331214545,21
7,critical_infrastructure,combined_portfolio,1.3932390216601775,0.0,85.79142466296722,21
8,critical_infrastructure,combined_portfolio,1.3932895618720378,0.0,85.79301885453395,21
9,critical_infrastructure,combined_portfolio,1.393302573018694,0.0,85.793429260062,21
10,critical_infrastructure,combined_portfolio,1.3933059224304432,0.0,85.79353490888705,21
11,critical_infrastructure,combined_portfolio,1.393306784644164,0.005960743752073429,85.72472416336404,21
12,critical_infrastructure,combined_portfolio,1.3918689324179456,0.016340806914484786,85.56081879645055,21
13,critical_infrastructure,combined_portfolio,1.3889940379416161,0.028922527104900876,85.32702192802893,21
14,critical_infrastructure,combined_portfolio,1.3852146051229506,0.04340474190922248,85.04296434806257,21
15,critical_infrastructure,combined_portfolio,1.3807365834454468,0.056435396577755294,84.75364603700254,21
16,critical_infrastructure,combined_portfolio,1.376418052002758,0.07389278065142388,84.41759416025292,21
17,critical_infrastructure,combined_portfolio,1.3710643255831751,0.09386953460382588,84.02003072180032,21
18,critical_infrastructure,combined_portfolio,1.3648166888571565,0.11305759557457964,83.60295375406511,21
19,critical_infrastructure,combined_portfolio,1.3585034263602427,0.13135999608772972,83.19314105742681,21
20,critical_infrastructure,combined_portfolio,1.3523672318050453,0.14811631309227705,82.80596068213544,21
21,critical_infrastructure,combined_portfolio,1.3466342373054614,0.16154894589194282,82.46912361599792,21
22,critical_infrastructure,combined_portfolio,1.3417979503356086,0.17444186400868142,82.16630544796912,21
23,critical_infrastructure,combined_portfolio,1.3373292445540752,0.18807971749374866,81.86628791595294,21
24,critical_infrastructure,combined_portfolio,1.332774126216561,0.2045441989822522,81.53057883681699,21
25,critical_infrastructure,combined_portfolio,1.3275027954070933,0.22292836493603088,81.14945065375352,21
26,critical_infrastructure,combined_portfolio,1.321551696715082,0.2388151947812567,80.77469496377383,21
27,critical_infrastructure,combined_portfolio,1.315991691313301,0.2548387314964495,80.41003306026414,21
28,critical_infrastructure,combined_portfolio,1.3104969345697388,0.26694850694238764,80.09214138033559,21
29,critical_infrastructure,combined_portfolio,1.3059510175873477,0.28229600508212255,79.76691351339107,21
0,critical_infrastructure,baseline,0.8325165440087927,0.2586683822610724,94.06946189115574,22
1,critical_infrastructure,baseline,0.9769298942662655,0.22159515237113145,103.1020985695775,22
2,critical_infrastructure,baseline,1.0656238398664655,0.21425705520709923,108.0023461168791,22
3,critical_infrastructure,baseline,1.112985925969,0.2227167524108461,110.36385727531668,22
4,critical_infrastructure,baseline,1.1353767272448108,0.23728435215469462,111.33601418818222,22
5,critical_infrastructure,baseline,1.1434660156241467,0.2525091196981973,111.57452345612923,22
6,critical_infrastructure,baseline,1.14398142031481,0.2691489350609382,111.41901727959569,22
7,critical_infrastructure,baseline,1.140202664296871,0.28154626214893597,111.09626688832,22
8,critical_infrastructure,baseline,1.1352144776031845,0.296892315301425,110.67951687600475,22
9,critical_infrastructure,baseline,1.1288808998197482,0.3102773704448871,110.21613701825676,22
10,critical_infrastructure,baseline,1.1223279617239175,0.3200859669280662,109.7793314373955,22
11,critical_infrastructure,baseline,1.1165363327719262,0.33143045702717755,109.36230978562983,22
12,critical_infrastructure,baseline,1.1107710157407293,0.34106832242636953,108.9643653867237,22
13,critical_infrastructure,baseline,1.1054382291752323,0.3466339264386152,108.63191747138163,22
14,critical_infrastructure,baseline,1.1013233345911282,0.35047911119292885,108.37938010087757,22
15,critical_infrastructure,baseline,1.0982593841025536,0.35736140307977726,108.14668823333928,22
16,critical_infrastructure,baseline,1.0950012419430526,0.3644406331423467,107.90184767442479,22
17,critical_infrastructure,baseline,1.0915956952367396,0.37173446266544924,107.64665217069258,22
18,critical_infrastructure,baseline,1.088062718078308,0.3774044793440342,107.40229958489823,22
19,critical_infrastructure,baseline,1.0848599111357222,0.384206135225642,107.16197909171836,22
20,critical_infrastructure,baseline,1.0815530237288742,0.3919322128846854,106.90582481316076,22
21,critical_infrastructure,baseline,1.0779683139451954,0.3982858123237535,106.64995684392355,22
22,critical_infrastructure,baseline,1.0745750327379209,0.40760794462716565,106.37079282907885,22
23,critical_infrastructure,baseline,1.070558997021785,0.4137382273236575,106.09397673394749,22
24,critical_infrastructure,baseline,1.0669994217461394,0.41872520486441667,105.85273237591743,22
25,critical_infrastructure,baseline,1.0639537720688101,0.42739206130863294,105.59750006042256,22
26,critical_infrastructure,baseline,1.0602780001940701,0.4361895377215165,105.30761038909824,22
27,critical_infrastructure,baseline,1.0562467268489726,0.4458446557513247,104.98890347053378,22
28,critical_infrastructure,baseline,1.0518245620212234,0.4555430543759282,104.64837281993093,22
29,critical_infrastructure,baseline,1.0471915167981638,0.4620925626868795,104.33042789345657,22
0,critical_infrastructure,reputation,0.9817965542642983,0.1785558862219646,102.72950093989662,22
1,critical_infrastructure,reputation,1.2019243547417149,0.0819890453983077,115.20836962947335,22
2,critical_infrastructure,reputation,1.3051569602090467,0.029704335758196976,120.56897285356254,22
3,critical_infrastructure,reputation,1.3474471711130085,0.0025844551410973138,122.7399737284233,22
4,critical_infrastructure,reputation,1.3647302938178822,0.0,123.51957242707381,22
5,critical_infrastructure,reputation,1.3694883653463035,0.0,123.72624323889151,22
6,critical_infrastructure,reputation,1.3706010287840447,0.003629671883591923,123.7347256764917,22
7,critical_infrastructure,reputation,1.3699767434287173,0.009824749877024141,123.64029223135827,22
8,critical_infrastructure,reputation,1.368324617861389,0.025275526914044888,123.39991059607543,22
9,critical_infrastructure,reputation,1.364181176648404,0.04204749957559281,123.03842868352348,22
10,critical_infrastructure,reputation,1.3591305593056624,0.05689754008879802,122.65824110980107,22
11,critical_infrastructure,reputation,1.354324291885436,0.0751742773165002,122.24998623530676,22
12,critical_infrastructure,reputation,1.348731266217218,0.09209821684633412,121.8221589198588,22
13,critical_infrastructure,reputation,1.3432661798218015,0.10442711104032532,121.4493898027517,22
14,critical_infrastructure,reputation,1.3389358107614828,0.11482742307167731,121.14627220797972,22
15,critical_infrastructure,reputation,1.3353412030831149,0.12883293636284976,120.83523444394243,22
16,critical_infrastructure,reputation,1.3310438737021182,0.14278835033936918,120.49395768870548,22
17,critical_infrastructure,reputation,1.3265768583741664,0.1568067063802713,120.14391282862104,22
18,critical_infrastructure,reputation,1.3220431507786976,0.16873203249152513,119.81338082523268,22
19,critical_infrastructure,reputation,1.3179923993785825,0.181934523382735,119.48943791987331,22
20,critical_infrastructure,reputation,1.3137453909003014,0.1960811465268056,119.14612638147236,22
21,critical_infrastructure,reputation,1.3092103946033304,0.20845296144792266,118.809069621756,22
22,critical_infrastructure,reputation,1.305023773872742,0.22427030454408614,118.44890600427034,22
23,critical_infrastructure,reputation,1.3000809332198335,0.23613707949771345,118.09819486258505,22
24,critical_infrastructure,reputation,1.29589088673142,0.24667719190016177,117.79474529541986,22
25,critical_infrastructure,reputation,1.292213190317157,0.26145640133813985,117.46722729073403,22
26,critical_infrastructure,reputation,1.2876337313965829,0.2761164328526312,117.10038877866054,22
27,critical_infrastructure,reputation,1.282833175015883,0.29163317096948727,116.71338536062092,22
28,critical_infrastructure,reputation,1.277754171445022,0.30707267287000317,116.31396794583104,22
29,critical_infrastructure,reputation,1.2726066539207623,0.3188013476296583,115.9514491320923,22
0,critical_infrastructure,combined_portfolio,1.1292614624782071,0.11914952320913244,105.89886431410505,22
1,critical_infrastructure,combined_portfolio,1.35336240971303,0.0,117.93551844271884,22
2,critical_infrastructure,combined_portfolio,1.4067444522490964,0.0,120.31539572175438,22
3,critical_infrastructure,combined_portfolio,1.408052939884153,0.0,120.3972513068652,22
4,critical_infrastructure,combined_portfolio,1.4080634147498936,0.0,120.39835195365868,22
5,critical_infrastructure,combined_portfolio,1.4080634944410906,0.0,120.39836059022713,22
6,critical_infrastructure,combined_portfolio,1.4080634950471156,0.0,120.3983606559222,22
7,critical_infrastructure,combined_portfolio,1.4080634950517241,0.0,120.3983606564218,22
8,critical_infrastructure,combined_portfolio,1.4080634950517594,0.0,120.39836065642564,22
9,critical_infrastructure,combined_portfolio,1.4080634950517597,0.0,120.39836065642564,22
10,critical_infrastructure,combined_portfolio,1.4080634950517597,0.0,120.39836065642564,22
11,critical_infrastructure,combined_portfolio,1.4080634950517597,0.0,120.39836065642564,22
12,critical_infrastructure,combined_portfolio,1.4080634950517597,0.0,120.39836065642564,22
13,critical_infrastructure,combined_portfolio,1.4080634950517597,0.0,120.39836065642564,22
14,critical_infrastructure,combined_portfolio,1.4080634950517597,0.0,120.39836065642564,22
15,critical_infrastructure,combined_portfolio,1.4080634950517597,0.008039003752770037,120.30994710516354,22
16,critical_infrastructure,combined_portfolio,1.406107879065575,0.01991549664616319,120.0979741984466,22
17,critical_infrastructure,combined_portfolio,1.4032027082998801,0.03416095010239887,119.81927663556841,22
18,critical_infrastructure,combined_portfolio,1.3997092132249613,0.0474534516804526,119.52578839898126,22
19,critical_infrastructure,combined_portfolio,1.3964351172533653,0.06291502972883431,119.21702467089375,22
20,critical_infrastructure,combined_portfolio,1.3926292194534522,0.07983065140618875,118.86979972178328,22
21,critical_infrastructure,combined_portfolio,1.3884542264722604,0.09502075580852279,118.52538980224028,22
22,critical_infrastructure,combined_portfolio,1.384683120527326,0.11408436395913882,118.15477716384524,22
23,critical_infrastructure,combined_portfolio,1.3799680179065834,0.1288536986460649,117.79133456244035,22
24,critical_infrastructure,combined_portfolio,1.3762660650665652,0.14219667502208985,117.48547011609838,22
25,critical_infrastructure,combined_portfolio,1.3729251226781332,0.16015036657777107,117.14439311825501,22
26,critical_infrastructure,combined_portfolio,1.3684647100493526,0.17790508836923732,116.75775374517396,22
27,critical_infrastructure,combined_portfolio,1.364011057541741,0.1965229140118163,116.36081579666892,22
28,critical_infrastructure,combined_portfolio,1.3593356422856167,0.21498264839612422,115.95560619802848,22
29,critical_infrastructure,combined_portfolio,1.3546784897114066,0.22936281681849777,115.59535726111125,22
0,critical_infrastructure,baseline,0.6800639734899457,0.30832592105938217,63.96211430193745,23
1,critical_infrastructure,baseline,0.7324699168342697,0.30006321911547884,66.99980740119338,23
2,critical_infrastructure,baseline,0.7711269763511704,0.29881651651088786,69.0877061493963,23
3,critical_infrastructure,baseline,0.7978160807044521,0.303745429763034,70.41557843126472,23
4,critical_infrastructure,baseline,0.8141435236237525,0.3111555593342299,71.15867995548167,23
5,critical_infrastructure,baseline,0.8225577430427751,0.3189754902744453,71.48912871830098,23
6,critical_infrastructure,baseline,0.8254714141024478,0.32754015154355337,71.53287065643404,23
7,critical_infrastructure,baseline,0.8244041061653842,0.33620544959343795,71.37610554561289,23
8,critical_infrastructure,baseline,0.820612413516932,0.34234693197790816,71.11299306321749,23
9,critical_infrastructure,baseline,0.8158748014642137,0.34812715332966054,70.8055492047586,23
10,critical_infrastructure,baseline,0.8106254418679802,0.3560676477533689,70.44505064127024,23
11,critical_infrastructure,baseline,0.804263630327786,0.36108976769030043,70.06199954489902,23
12,critical_infrastructure,baseline,0.7981825664687665,0.3684129893325454,69.66334244644425,23
13,critical_infrastructure,baseline,0.7914741108465134,0.37680623629717686,69.21794991945711,23
14,critical_infrastructure,baseline,0.7839600621456423,0.3814822693301928,68.77345824189743,23
15,critical_infrastructure,baseline,0.7772155961207209,0.39176168179920245,68.29846801203584,23
16,critical_infrastructure,baseline,0.7690039808036084,0.39996403163765337,67.7696884705988,23
17,critical_infrastructure,baseline,0.7605314000364612,0.40718438651618993,67.23519977784659,23
18,critical_infrastructure,baseline,0.752226145856548,0.40827021873626423,66.77979300573408,23
19,critical_infrastructure,baseline,0.7462045111165525,0.40847663770262554,66.45378641393474,23
20,critical_infrastructure,baseline,0.7420419787780936,0.41502075247292847,66.15009208262059,23
21,critical_infrastructure,baseline,0.736894758980775,0.4221472052030364,65.78580009506315,23
22,critical_infrastructure,baseline,0.7308707428248331,0.42872301298874,65.37884055434694,23
23,critical_infrastructure,baseline,0.7244439026801244,0.43269350232949993,64.9790464854682,23
24,critical_infrastructure,baseline,0.7186639831532766,0.43852623558294423,64.59002031899625,23
25,critical_infrastructure,baseline,0.7126620843178675,0.44265585135236535,64.20755605775547,23
26,critical_infrastructure,baseline,0.7071104004851222,0.44576869345615977,63.8603103543747,23
27,critical_infrastructure,baseline,0.702223661954894,0.4487331179037146,63.550420250898135,23
28,critical_infrastructure,baseline,0.6978410427440463,0.4524471750445651,63.25863584905303,23
29,critical_infrastructure,baseline,0.6935351712588358,0.457262938919246,62.95693516810392,23
0,critical_infrastructure,reputation,0.8366471979582182,0.21009614517049685,72.46197686517625,23
1,critical_infrastructure,reputation,1.0176152946403416,0.14612568536254575,81.5383284250424,23
2,critical_infrastructure,reputation,1.1392717914518398,0.11299263118079722,86.89566263158378,23
3,critical_infrastructure,reputation,1.2105175860682194,0.10043300004975012,89.7580418027558,23
4,critical_infrastructure,reputation,1.2471950870964235,0.0990596109360912,91.12113054501394,23
5,critical_infrastructure,reputation,1.2635195046918144,0.10350169938663048,91.65726299914293,23
6,critical_infrastructure,reputation,1.2688301513352978,0.1123626901381298,91.74167062630197,23
7,critical_infrastructure,reputation,1.2679079283517543,0.12370449157180016,91.57317952253413,23
8,critical_infrastructure,reputation,1.2635041380159726,0.13362640803493783,91.29710993373598,23
9,critical_infrastructure,reputation,1.2581479060081069,0.14418548687050686,90.9783727593928,23
10,critical_infrastructure,reputation,1.252158005855472,0.157940389633357,90.59760689125203,23
11,critical_infrastructure,reputation,1.2447567248676652,0.1685791259073572,90.20266744261747,23
12,critical_infrastructure,reputation,1.2378456147445458,0.18219320913795273,89.78806749399966,23
13,critical_infrastructure,reputation,1.230069328153033,0.19711679654966174,89.32518885839737,23
14,critical_infrastructure,reputation,1.2214377909404044,0.2077130930833125,88.88159474144645,23
15,critical_infrastructure,reputation,1.2139452541195104,0.22492528193172248,88.3981688605392,23
16,critical_infrastructure,reputation,1.2045783571154198,0.2395589401061354,87.87536762902579,23
17,critical_infrastructure,reputation,1.1952779387214134,0.25306833421212416,87.366073783038,23
18,critical_infrastructure,reputation,1.186372142647085,0.2595333078627383,86.95425665008,23
19,critical_infrastructure,reputation,1.1801067059877857,0.26512736211526283,86.65030463938356,23
20,critical_infrastructure,reputation,1.175310126340388,0.27785785677484026,86.31521602715894,23
21,critical_infrastructure,reputation,1.1686341235346984,0.290843122549965,85.90554999378251,23
22,critical_infrastructure,reputation,1.1610051573583937,0.3030098892509967,85.46796380301521,23
23,critical_infrastructure,reputation,1.1532133702542156,0.31218884949235526,85.05843307382035,23
24,critical_infrastructure,reputation,1.1463832688365492,0.32351394868397165,84.65839751497275,23
25,critical_infrastructure,reputation,1.139215086865389,0.332810692630533,84.26863332371575,23
26,critical_infrastructure,reputation,1.1325904542344505,0.3409697618439736,83.9122338831046,23
27,critical_infrastructure,reputation,1.1266040900000154,0.3489463576902233,83.581826821982,23
28,critical_infrastructure,reputation,1.1209661856169983,0.35767364716269456,83.25514094623193,23
29,critical_infrastructure,reputation,1.1152133793079173,0.36747149885722635,82.91020209554478,23
0,critical_infrastructure,combined_portfolio,0.9571175424607218,0.15193117569362224,73.79080423535862,23
1,critical_infrastructure,combined_portfolio,1.1947360934254772,0.05670086992358348,84.76555948510398,23
2,critical_infrastructure,combined_portfolio,1.3150416942282872,0.007003451792706485,89.76782567197384,23
3,critical_infrastructure,combined_portfolio,1.3658144935003687,0.0,91.61652316633571,23
4,critical_infrastructure,combined_portfolio,1.3801497361619004,0.0,92.1105033234242,23
5,critical_infrastructure,combined_portfolio,1.383266985496202,0.0,92.21846972950878,23
6,critical_infrastructure,combined_portfolio,1.3839316613196326,0.0027914030137927495,92.2077931516549,23
7,critical_infrastructure,combined_portfolio,1.3830834927612823,0.012205930652993476,92.06659781198927,23
8,critical_infrastructure,combined_portfolio,1.379567053219694,0.022276502539402616,91.8287976163699,23
9,critical_infrastructure,combined_portfolio,1.3752477388634161,0.03424338968671254,91.54040899306464,23
10,critical_infrastructure,combined_portfolio,1.3700769648306619,0.05032392015832549,91.17343115817569,23
11,critical_infrastructure,combined_portfolio,1.3632530159186884,0.06335695946771741,90.78715618002171,23
12,critical_infrastructure,combined_portfolio,1.3571292059845417,0.07979172459411088,90.38182849772441,23
13,critical_infrastructure,combined_portfolio,1.3499348068755237,0.09770923297764411,89.92207150971143,23
14,critical_infrastructure,combined_portfolio,1.341951861644099,0.11096657954973038,89.4903419573086,23
15,critical_infrastructure,combined_portfolio,1.3354116211060731,0.13138204770095377,89.0197655509281,23
16,critical_infrastructure,combined_portfolio,1.3266441663769597,0.14895929666452457,88.50697314978243,23
17,critical_infrastructure,combined_portfolio,1.318327651819359,0.16529994305670706,88.02212504190804,23
18,critical_infrastructure,combined_portfolio,1.3105217651354364,0.17405874223265813,87.64492267937604,23
19,critical_infrastructure,combined_portfolio,1.3054955202992562,0.18194364317306821,87.37339467752024,23
20,critical_infrastructure,combined_portfolio,1.3014475894220143,0.1974993116382972,87.04383505609722,23
21,critical_infrastructure,combined_portfolio,1.2949161942326204,0.21323039809604058,86.62568297042581,23
22,critical_infrastructure,combined_portfolio,1.2876797598639542,0.2280184210090466,86.19248997006247,23
23,critical_infrastructure,combined_portfolio,1.2805745659743504,0.23958094202520494,85.80122020263181,23
24,critical_infrastructure,combined_portfolio,1.2746211416133488,0.25343929056377584,85.42185740292688,23
25,critical_infrastructure,combined_portfolio,1.2681357654709347,0.2650923862640731,85.0498233245795,23
26,critical_infrastructure,combined_portfolio,1.2622713494099864,0.27553471774813126,84.7133119177394,23
27,critical_infrastructure,combined_portfolio,1.256984237521925,0.28578828996219574,84.39911987405841,23
28,critical_infrastructure,combined_portfolio,1.2519056451398602,0.29682569328820074,84.08251059602381,23
29,critical_infrastructure,combined_portfolio,1.2465932622875762,0.30895534047866696,83.74380322175618,23
0,critical_infrastructure,baseline,0.6796508928520313,0.37445010189174993,69.88499431636441,24
1,critical_infrastructure,baseline,0.7124586078534763,0.4007909348750609,71.63006905670056,24
2,critical_infrastructure,baseline,0.7284161768588446,0.42087436633827313,72.37513690424294,24
3,critical_infrastructure,baseline,0.7341985654722205,0.4408966637899995,72.50194300075614,24
4,critical_infrastructure,baseline,0.7328620229332722,0.4545755563630068,72.27354193361346,24
5,critical_infrastructure,baseline,0.7282467668324338,0.4666793075014972,71.86571702928191,24
6,critical_infrastructure,baseline,0.7217588506946608,0.4731926890454161,71.40523328856145,24
7,critical_infrastructure,baseline,0.715461176720297,0.47671777416395733,70.98614098232409,24
8,critical_infrastructure,baseline,0.710098277267448,0.4828779919879811,70.59238793109608,24
9,critical_infrastructure,baseline,0.7046799916368791,0.49065139698303195,70.17594687342991,24
10,critical_infrastructure,baseline,0.6987871852051085,0.498036655248753,69.73282255116413,24
11,critical_infrastructure,baseline,0.6926638125177068,0.5012555925401023,69.31901648629125,24
12,critical_infrastructure,baseline,0.6874970212020218,0.5061986306560847,68.94318324318608,24
13,critical_infrastructure,baseline,0.6825365379096536,0.5130459517964603,68.55777274021366,24
14,critical_infrastructure,baseline,0.6772072256285451,0.5196525137012336,68.1503180454767,24
15,critical_infrastructure,baseline,0.671681634383521,0.525275589334045,67.73933233444274,24
16,critical_infrastructure,baseline,0.6662806160512698,0.5307333287775432,67.33598125212934,24
17,critical_infrastructure,baseline,0.661009831995718,0.5351306326779637,66.95067551706994,24
18,critical_infrastructure,baseline,0.6561141580336516,0.538893376411846,66.59456108074136,24
19,critical_infrastructure,baseline,0.6516517767424962,0.5426207329716791,66.26521875855511,24
20,critical_infrastructure,baseline,0.647502899470521,0.545821711585336,65.9607018144857,24
21,critical_infrastructure,baseline,0.6437154651015938,0.5504432729083844,65.66292545058751,24
22,critical_infrastructure,baseline,0.6397998478480381,0.5546508819958015,65.36041470267418,24
23,critical_infrastructure,baseline,0.6359041194088713,0.55953094675094,65.05067233735417,24
24,critical_infrastructure,baseline,0.6318405203137357,0.5640041290469819,64.73326066277967,24
25,critical_infrastructure,baseline,0.6277667336805133,0.5676533820096759,64.42299503110017,24
26,critical_infrastructure,baseline,0.6239062517342997,0.5714496399302027,64.12406412002572,24
27,critical_infrastructure,baseline,0.620155919949283,0.5738892740214755,63.846372451842456,24
28,critical_infrastructure,baseline,0.6168473990335984,0.576297085589746,63.59760891917673,24
29,critical_infrastructure,baseline,0.6138590900705226,0.5790000528257835,63.366419393867886,24
0,critical_infrastructure,reputation,0.8191480416157573,0.2891442323191171,77.90734287481284,24
1,critical_infrastructure,reputation,0.9631207536187285,0.26162442280170806,85.65526509595028,24
2,critical_infrastructure,reputation,1.0563533849275806,0.2488122864874909,90.16982229556392,24
3,critical_infrastructure,reputation,1.111622633256593,0.2506937083515304,92.60029357775024,24
4,critical_infrastructure,reputation,1.1404443782905918,0.25509188824473134,93.79269738681624,24
5,critical_infrastructure,reputation,1.1541443655807908,0.2642596548878129,94.27315801049457,24
6,critical_infrastructure,reputation,1.1586541421536551,0.2709997019512651,94.38987714530168,24
7,critical_infrastructure,reputation,1.1591235492478325,0.27685560295044626,94.34580707334028,24
8,critical_infrastructure,reputation,1.157785545537602,0.2875132675358969,94.17274451749557,24
9,critical_infrastructure,reputation,1.1542425077646972,0.3009861839925331,93.87611624774124,24
10,critical_infrastructure,reputation,1.1488248308625788,0.3144618166970565,93.50000402897982,24
11,critical_infrastructure,reputation,1.1424492059833231,0.3232263985451912,93.13414370896699,24
12,critical_infrastructure,reputation,1.1368416842627356,0.3342218920185749,92.7748822934511,24
13,critical_infrastructure,reputation,1.1310142336265414,0.3474492024076671,92.38089262794924,24
14,critical_infrastructure,reputation,1.1244626125614157,0.36028304207432915,91.95922734090878,24
15,critical_infrastructure,reputation,1.1176310850314466,0.3718741056718431,91.5377782910667,24
16,critical_infrastructure,reputation,1.1109739890347734,0.3832033030760531,91.12524474180178,24
17,critical_infrastructure,reputation,1.1044624880297715,0.3932098444496286,90.73223304566352,24
18,critical_infrastructure,reputation,1.0983679991741941,0.4024068120203238,90.36498553568502,24
19,critical_infrastructure,reputation,1.092696181711098,0.41147530944202193,90.01653301687399,24
20,critical_infrastructure,reputation,1.0872693943579308,0.4198286050175854,89.6857592892289,24
21,critical_infrastructure,reputation,1.0821538389709684,0.4297002228595922,89.35108103706139,24
22,critical_infrastructure,reputation,1.0767852428748945,0.438935264870473,89.01142540478023,24
23,critical_infrastructure,reputation,1.0714441228300333,0.44881998005843465,88.66484453628519,24
24,critical_infrastructure,reputation,1.0659331660874474,0.45811698603254924,88.3162223958025,24
25,critical_infrastructure,reputation,1.060479460610107,0.466405122410518,87.98022490034359,24
26,critical_infrastructure,reputation,1.0553176605879049,0.4748078267194601,87.65509973855988,24
27,critical_infrastructure,reputation,1.0502726972363152,0.481620847787824,87.35190045482548,24
28,critical_infrastructure,reputation,1.0457096342472951,0.48837894836512724,87.07028174161239,24
29,critical_infrastructure,reputation,1.0414147159355909,0.4953967678202565,86.79736333433881,24
0,critical_infrastructure,combined_portfolio,0.9309201457674865,0.23208475642803564,79.06952502731178,24
1,critical_infrastructure,combined_portfolio,1.13224154459311,0.16978574859862935,89.13391854575137,24
2,critical_infrastructure,combined_portfolio,1.23722625181439,0.13628674588473438,93.88150834817539,24
3,critical_infrastructure,combined_portfolio,1.2849537937151085,0.1270326663072289,95.88067355633268,24
4,critical_infrastructure,combined_portfolio,1.3034090350398393,0.1257987046405128,96.61486045839607,24
5,critical_infrastructure,combined_portfolio,1.309641716989281,0.13313656941856933,96.77631888918604,24
6,critical_infrastructure,combined_portfolio,1.3096263552456584,0.1398413863425734,96.7041129593537,24
7,critical_infrastructure,combined_portfolio,1.3078180235031212,0.1468349362212562,96.55882006586498,24
8,critical_infrastructure,combined_portfolio,1.3053703862992592,0.15993998358404315,96.32135101413084,24
9,critical_infrastructure,combined_portfolio,1.3010762378671745,0.17661791672701668,95.97414414066054,24
10,critical_infrastructure,combined_portfolio,1.295234400598426,0.19353807821551705,95.56425087164106,24
11,critical_infrastructure,combined_portfolio,1.2888255890085654,0.20536456529246738,95.18737418158207,24
12,critical_infrastructure,combined_portfolio,1.283589119037013,0.219737935135048,94.82625845671903,24
13,critical_infrastructure,combined_portfolio,1.2780299093404117,0.23658111373651738,94.42525932379527,24
14,critical_infrastructure,combined_portfolio,1.2716886017965643,0.2529487986924136,93.99837222705277,24
15,critical_infrastructure,combined_portfolio,1.2652036042322305,0.2679013086543343,93.58019572592667,24
16,critical_infrastructure,combined_portfolio,1.2590335052973638,0.28252358339515943,93.17681620232145,24
17,critical_infrastructure,combined_portfolio,1.253039089111674,0.2956491242444174,92.79592971453701,24
18,critical_infrastructure,combined_portfolio,1.247489666861386,0.30785379624087944,92.44180192370301,24
19,critical_infrastructure,combined_portfolio,1.2423234648739583,0.31988494297853903,92.10405630495313,24
20,critical_infrastructure,combined_portfolio,1.2373215621220264,0.3310970905864847,91.78127152063493,24
21,critical_infrastructure,combined_portfolio,1.2325847357212045,0.3439245293899885,91.4506230447486,24
22,critical_infrastructure,combined_portfolio,1.227494288847396,0.3559912424920853,91.11377573802584,24
23,critical_infrastructure,combined_portfolio,1.2224748426875398,0.36870908441388983,90.77177774316799,24
24,critical_infrastructure,combined_portfolio,1.217293629910155,0.38072479623535344,90.4303758383949,24
25,critical_infrastructure,combined_portfolio,1.212232184438975,0.3916037341979152,90.10557322851689,24
26,critical_infrastructure,combined_portfolio,1.2075070980739202,0.40257744377054844,89.792652297669,24
27,critical_infrastructure,combined_portfolio,1.2028661261024032,0.41180054589022647,89.50187208571334,24
28,critical_infrastructure,combined_portfolio,1.198716379812778,0.4209587924988749,89.23118185423932,24
29,critical_infrastructure,combined_portfolio,1.1947519467766983,0.430372359544874,88.96497181359153,24
0,critical_infrastructure,baseline,0.6853537031050185,0.3022559514613944,64.4658007446067,25
1,critical_infrastructure,baseline,0.7432524596075668,0.2846021738010497,67.88195116204292,25
2,critical_infrastructure,baseline,0.7889709165204664,0.2857916554037485,70.27888247062376,25
3,critical_infrastructure,baseline,0.8198249567560354,0.2952095083827051,71.7400067579202,25
4,critical_infrastructure,baseline,0.8376813439502097,0.30675205332427086,72.49567793716588,25
5,critical_infrastructure,baseline,0.8459442862950852,0.3231773746858239,72.71279486808068,25
6,critical_infrastructure,baseline,0.8460343180460701,0.33973487346651554,72.52689822225697,25
7,critical_infrastructure,baseline,0.8405254951857637,0.35143337094847305,72.12236491205627,25
8,critical_infrastructure,baseline,0.8328465962902358,0.3598959748141505,71.64611122128802,25
9,critical_infrastructure,baseline,0.8247793820255446,0.3675684401951396,71.15672148325964,25
10,critical_infrastructure,baseline,0.8167110786956157,0.3755098568971031,70.66115004517329,25
11,critical_infrastructure,baseline,0.8085484444341495,0.37810284455312915,70.21975418854055,25
12,critical_infrastructure,baseline,0.8021175310986546,0.38393688977148643,69.82559976930425,25
13,critical_infrastructure,baseline,0.7957731594733105,0.3874114138481676,69.4615322853732,25
14,critical_infrastructure,baseline,0.7902793362475087,0.3916497014796363,69.1303436642068,25
15,critical_infrastructure,baseline,0.785106616659106,0.39851913746560486,68.78393640592331,25
16,critical_infrastructure,baseline,0.7792662216528972,0.4051275967197682,68.40472487146467,25
17,critical_infrastructure,baseline,0.7730561981407225,0.41087198069993636,68.014454590445,25
18,critical_infrastructure,baseline,0.7668823307132946,0.4164534141387145,67.62597536344836,25
19,critical_infrastructure,baseline,0.7607856818232782,0.4228866288060338,67.2297901829629,25
20,critical_infrastructure,baseline,0.7544529689870985,0.43253757788672687,66.78194569693228,25
21,critical_infrastructure,baseline,0.7468739335568653,0.43971699120316393,66.29402796809622,25
22,critical_infrastructure,baseline,0.7392703162268834,0.44316419469996376,65.84474644657531,25
23,critical_infrastructure,baseline,0.7329016395412574,0.4486066405504162,65.43623874915694,25
24,critical_infrastructure,baseline,0.7267048269047357,0.456981174697796,65.00120977422695,25
25,critical_infrastructure,baseline,0.7196368399730071,0.4676625790002805,64.4895992197582,25
26,critical_infrastructure,baseline,0.7111920065033928,0.47407360057454623,63.94830180021945,25
27,critical_infrastructure,baseline,0.7032340830948538,0.47979257824661325,63.43791278303632,25
28,critical_infrastructure,baseline,0.6958388199149393,0.4861950249149851,62.94774351977842,25
29,critical_infrastructure,baseline,0.6885963928895424,0.49371484344257804,62.45023804297062,25
0,critical_infrastructure,reputation,0.8268306760200559,0.18426370521839308,72.30760472552599,25
1,critical_infrastructure,reputation,1.011302050711227,0.09420342241732549,81.86580832703774,25
2,critical_infrastructure,reputation,1.1464527102762112,0.05172245739463044,87.85930222993282,25
3,critical_infrastructure,reputation,1.2298007605250094,0.03551596639111637,91.18815510601179,25
4,critical_infrastructure,reputation,1.2745820493095152,0.033025797829789316,92.83525771272683,25
5,critical_infrastructure,reputation,1.2955287482168654,0.04440870533047803,93.4453725891774,25
6,critical_infrastructure,reputation,1.3008611651359108,0.061585856751014856,93.43542341122954,25
7,critical_infrastructure,reputation,1.2973901715821026,0.07679295985614054,93.13973376898504,25
8,critical_infrastructure,reputation,1.290773626149125,0.09086604991380659,92.74568228463417,25
9,critical_infrastructure,reputation,1.2831666292621557,0.10581405274298222,92.30524585320023,25
10,critical_infrastructure,reputation,1.2748160973102038,0.12213964700454538,91.82116394836451,25
11,critical_infrastructure,reputation,1.2656538055225524,0.13236326519849956,91.37721458851289,25
12,critical_infrastructure,reputation,1.2581589712601173,0.1468986958241298,90.94075159586328,25
13,critical_infrastructure,reputation,1.249929544642977,0.158438206008645,90.51162858626377,25
14,critical_infrastructure,reputation,1.2423576361131774,0.17083106393751013,90.09459425849828,25
15,critical_infrastructure,reputation,1.2347722169153657,0.18620832380600938,89.6412693707235,25
16,critical_infrastructure,reputation,1.2261562942298543,0.20098956748458563,89.15594783839204,25
17,critical_infrastructure,reputation,1.2172482999632237,0.21458006614162584,88.67172710645465,25
18,critical_infrastructure,reputation,1.2085796769920771,0.2278855319586231,88.1976220438753,25
19,critical_infrastructure,reputation,1.2000898883606996,0.24208407414173994,87.71797660903297,25
20,critical_infrastructure,reputation,1.191356512371697,0.25989217118698316,87.18567877171547,25
21,critical_infrastructure,reputation,1.1812685215269523,0.27450874288265714,86.63752317830784,25
22,critical_infrastructure,reputation,1.171584777682808,0.2847589976198571,86.15232052924242,25
23,critical_infrastructure,reputation,1.16352671473538,0.2974195646031245,85.69863468058749,25
24,critical_infrastructure,reputation,1.155406174663929,0.3132275759176919,85.20470093862485,25
25,critical_infrastructure,reputation,1.1461734138898192,0.33130178913425495,84.639994031421,25
26,critical_infrastructure,reputation,1.1356134599657415,0.3441661749084358,84.08168571684257,25
27,critical_infrastructure,reputation,1.1261247793999614,0.3563537491405501,83.56969923002467,25
28,critical_infrastructure,reputation,1.1173533197122256,0.3692817732062125,83.07498901586703,25
29,critical_infrastructure,reputation,1.1086572090186786,0.38327213670927446,82.56891677582895,25
0,critical_infrastructure,combined_portfolio,0.9457649615060528,0.11908821968540087,73.54961629932237,25
1,critical_infrastructure,combined_portfolio,1.192750786797685,0.0,85.1457040520401,25
2,critical_infrastructure,combined_portfolio,1.3292602380485765,0.0,90.10599326093387,25
3,critical_infrastructure,combined_portfolio,1.369982666317817,0.0,91.52508628024287,25
4,critical_infrastructure,combined_portfolio,1.380404043747109,0.0,91.88422810005623,25
5,critical_infrastructure,combined_portfolio,1.382943736665187,0.0,91.97156332695323,25
6,critical_infrastructure,combined_portfolio,1.3835548124784702,0.0,91.9925663479154,25
7,critical_infrastructure,combined_portfolio,1.383701384545485,0.0,91.99760351021375,25
8,critical_infrastructure,combined_portfolio,1.3837365147126974,0.0,91.9988107751077,25
9,critical_infrastructure,combined_portfolio,1.3837449331355427,0.0,91.99910007623724,25
10,critical_infrastructure,combined_portfolio,1.3837469503981679,0.003579929283462048,91.95772217033236,25
11,critical_infrastructure,combined_portfolio,1.3825431346620902,0.00809346190986452,91.86577454532014,25
12,critical_infrastructure,combined_portfolio,1.3807359626120312,0.021576600142897064,91.64962579874485,25
13,critical_infrastructure,combined_portfolio,1.3757653403701855,0.03412424843547477,91.3393687381412,25
14,critical_infrastructure,combined_portfolio,1.3703401781687268,0.04889545215025346,90.98670311511886,25
15,critical_infrastructure,combined_portfolio,1.364043448415703,0.06761014631452814,90.55856610871801,25
16,critical_infrastructure,combined_portfolio,1.356189221890616,0.08598478388789829,90.08108415207823,25
17,critical_infrastructure,combined_portfolio,1.348037083052364,0.10320184005803937,89.60521788069077,25
18,critical_infrastructure,combined_portfolio,1.3401687383289296,0.12016336874043512,89.14037820930446,25
19,critical_infrastructure,combined_portfolio,1.3324285492383843,0.13809594126365374,88.66744662648078,25
20,critical_infrastructure,combined_portfolio,1.3243659819989375,0.15990123776603163,88.13742839022173,25
21,critical_infrastructure,combined_portfolio,1.3148855936899384,0.17812870846337062,87.59860050718646,25
22,critical_infrastructure,combined_portfolio,1.3061918370872876,0.19158293026278764,87.13979709028962,25
23,critical_infrastructure,combined_portfolio,1.2992786213373475,0.20765528835647398,86.71115562452225,25
24,critical_infrastructure,combined_portfolio,1.2919477633205745,0.22704655029122914,86.2290776669529,25
25,critical_infrastructure,combined_portfolio,1.283359199306301,0.2487367885389485,85.67493174297219,25
26,critical_infrastructure,combined_portfolio,1.2736102092295876,0.26467288201537637,85.14434766974223,25
27,critical_infrastructure,combined_portfolio,1.265422798456699,0.2798818389124031,84.67503941973823,25
28,critical_infrastructure,combined_portfolio,1.2578975749334442,0.2958566842800132,84.21947997399892,25
29,critical_infrastructure,combined_portfolio,1.2502812117481674,0.3128934470446764,83.74726866434284,25
0,critical_infrastructure,baseline,0.8749706717804422,0.2793769080836417,75.14514868455156,26
1,critical_infrastructure,baseline,1.0073587860525286,0.26761569318286993,81.37519226057411,26
2,critical_infrastructure,baseline,1.068135736526928,0.277966347924232,83.84630519695499,26
3,critical_infrastructure,baseline,1.091575617082897,0.29197410105410615,84.6558184784675,26
4,critical_infrastructure,baseline,1.0978075091805577,0.30684179896455355,84.74331681230875,26
5,critical_infrastructure,baseline,1.0962471027701897,0.31876764094420873,84.54672422253181,26
6,critical_infrastructure,baseline,1.092101539537896,0.3288808238403932,84.26471278109594,26
7,critical_infrastructure,baseline,1.08734189965074,0.3352751208254623,83.99898667097567,26
8,critical_infrastructure,baseline,1.0833924390361773,0.34113489948057996,83.77136800213664,26
9,critical_infrastructure,baseline,1.079957099816633,0.3491899431273438,83.5394469424135,26
10,critical_infrastructure,baseline,1.0761132591360487,0.3555776157178863,83.3095802954824,26
11,critical_infrastructure,baseline,1.0725750487071732,0.3607490170369114,83.10547225484065,26
12,critical_infrastructure,baseline,1.069525096364181,0.3668540635904021,82.91045836397639,26
13,critical_infrastructure,baseline,1.0664197500015167,0.37507669278577016,82.68895423441346,26
14,critical_infrastructure,baseline,1.062677449626346,0.3850537189062164,82.42099288971589,26
15,critical_infrastructure,baseline,1.0581492906743835,0.39250889538131783,82.14862297108355,26
16,critical_infrastructure,baseline,1.0540104188466364,0.3993051089830202,81.89903732004906,26
17,critical_infrastructure,baseline,1.0502343651518424,0.4070172669269774,81.65368929881623,26
18,critical_infrastructure,baseline,1.0463525513795404,0.414128261422221,81.41040146699461,26
19,critical_infrastructure,baseline,1.0426001823036946,0.4211296233087394,81.17326449528193,26
20,critical_infrastructure,baseline,1.0389371835664771,0.43098034461272805,80.9070952222342,26
21,critical_infrastructure,baseline,1.0344882807867233,0.4383456105401941,80.6357008147018,26
22,critical_infrastructure,baseline,1.0304191939207143,0.44698011971551976,80.36507668299902,26
23,critical_infrastructure,baseline,1.0261485522556022,0.4559922139026853,80.0811918212034,26
24,critical_infrastructure,baseline,1.021682040112122,0.4633958132250036,79.80660681972665,26
25,critical_infrastructure,baseline,1.017597856517205,0.46990871768374104,79.55772161780162,26
26,critical_infrastructure,baseline,1.0139387037562542,0.47728311962350456,79.3167621208611,26
27,critical_infrastructure,baseline,1.010214898724083,0.4846157026594964,79.07317157749917,26
28,critical_infrastructure,baseline,1.006475815189043,0.49166156436174635,78.8316981213609,26
29,critical_infrastructure,baseline,1.0028137989241914,0.4971213880238007,78.61108347359387,26
0,critical_infrastructure,reputation,1.07961546142647,0.200233547760019,84.04300151222624,26
1,critical_infrastructure,reputation,1.273948994911426,0.1296801714058143,92.42545108309447,26
2,critical_infrastructure,reputation,1.3242240817996356,0.09767341907781751,94.61116657278215,26
3,critical_infrastructure,reputation,1.3379037612510258,0.08279216865684014,95.26451448767354,26
4,critical_infrastructure,reputation,1.3431830631743618,0.08036310037855093,95.47618160868605,26
5,critical_infrastructure,reputation,1.3442335166672574,0.08339488836837644,95.47905096591846,26
6,critical_infrastructure,reputation,1.3434219274922334,0.09058557107511564,95.37006656883257,26
7,critical_infrastructure,reputation,1.3412858686077624,0.09736908569072644,95.22001546658129,26
8,critical_infrastructure,reputation,1.3391815582920397,0.10598684752019188,95.04973184633502,26
9,critical_infrastructure,reputation,1.3365452950809928,0.11861879811073844,94.81558789149712,26
10,critical_infrastructure,reputation,1.332707239067176,0.12992754663605852,94.55499629047472,26
11,critical_infrastructure,reputation,1.3291656068867908,0.1401998755829892,94.31569036031381,26
12,critical_infrastructure,reputation,1.3259378554918535,0.15180458851045134,94.07187270801371,26
13,critical_infrastructure,reputation,1.3223403276841417,0.16598408088790517,93.78592586611768,26
14,critical_infrastructure,reputation,1.3179632143320743,0.18222863321030128,93.44917754827131,26
15,critical_infrastructure,reputation,1.3129204082958592,0.19545679842761876,93.12294650840188,26
16,critical_infrastructure,reputation,1.3086884729238597,0.20798455619285736,92.83213302280724,26
17,critical_infrastructure,reputation,1.304713106380131,0.22158389971003944,92.53794311319595,26
18,critical_infrastructure,reputation,1.300439354350644,0.23437703174220703,92.24220100610574,26
19,critical_infrastructure,reputation,1.2963650021364725,0.24697465912976163,91.95517507820591,26
20,critical_infrastructure,reputation,1.292355367361198,0.26282377354255104,91.63318269431782,26
21,critical_infrastructure,reputation,1.2874003613963407,0.2756078299649203,91.31233139906438,26
22,critical_infrastructure,reputation,1.2832367838834193,0.2898759502479764,91.00177526151653,26
23,critical_infrastructure,reputation,1.2787061107364168,0.30447156397170305,90.67432580992214,26
24,critical_infrastructure,reputation,1.2740351767863611,0.3171126444560135,90.36350519464494,26
25,critical_infrastructure,reputation,1.2699056567123226,0.328705013156231,90.08336093898285,26
26,critical_infrastructure,reputation,1.2661243550619108,0.3412252229696786,89.80489672763076,26
27,critical_infrastructure,reputation,1.2621016449920495,0.35355407541717065,89.51972580174781,26
28,critical_infrastructure,reputation,1.258100862823437,0.3654480903749847,89.23982901278045,26
29,critical_infrastructure,reputation,1.2542198518787986,0.375464024879665,88.98520721220301,26
0,critical_infrastructure,combined_portfolio,1.265637219264724,0.14073186703345042,86.75784811061754,26
1,critical_infrastructure,combined_portfolio,1.3883418282253686,0.03622127129889716,92.7089402465414,26
2,critical_infrastructure,combined_portfolio,1.3962256861854239,0.0,93.46133811027369,26
3,critical_infrastructure,combined_portfolio,1.4049162201940908,0.0,93.75214289725642,26
4,critical_infrastructure,combined_portfolio,1.4028717841093814,0.0,93.69054819334495,26
5,critical_infrastructure,combined_portfolio,1.4033575662834692,0.0,93.70520571872692,26
6,critical_infrastructure,combined_portfolio,1.4032424078255905,0.0,93.70173225428252,26
7,critical_infrastructure,combined_portfolio,1.4032697222090462,0.0,93.70255619238655,26
8,critical_infrastructure,combined_portfolio,1.4032632443754762,0.0,93.70236079245842,26
9,critical_infrastructure,combined_portfolio,1.4032647806956482,0.0028838834372231295,93.66965353051262,26
10,critical_infrastructure,combined_portfolio,1.402428525470652,0.009778511413332448,93.56388531687486,26
11,critical_infrastructure,combined_portfolio,1.4006282056015338,0.018717457312570802,93.40266098530631,26
12,critical_infrastructure,combined_portfolio,1.398462009872322,0.03092916106174013,93.19154620653147,26
13,critical_infrastructure,combined_portfolio,1.3954304738178875,0.046981723141212524,92.90794672453731,26
14,critical_infrastructure,combined_portfolio,1.3914830018719078,0.06585216644720093,92.561334969001,26
15,critical_infrastructure,combined_portfolio,1.386922074863256,0.08172203773939077,92.22757377008602,26
16,critical_infrastructure,combined_portfolio,1.38335824861848,0.09699656961795075,91.93290603590647,26
17,critical_infrastructure,combined_portfolio,1.379729806337676,0.11352306999107334,91.62229407318401,26
18,critical_infrastructure,combined_portfolio,1.3757440071577318,0.12918941282975566,91.30916568004358,26
19,critical_infrastructure,combined_portfolio,1.3720759177627482,0.14464319827898353,91.00852887980183,26
20,critical_infrastructure,combined_portfolio,1.368389844514418,0.16361081697414956,90.66730769128397,26
21,critical_infrastructure,combined_portfolio,1.3636794951596813,0.17919343319860637,90.32980966396451,26
22,critical_infrastructure,combined_portfolio,1.3601549480384107,0.196363436856053,90.01314050411419,26
23,critical_infrastructure,combined_portfolio,1.3559158870332766,0.21382715963840424,89.66886528224302,26
24,critical_infrastructure,combined_portfolio,1.3517228399983678,0.22913289493278924,89.3504602642019,26
25,critical_infrastructure,combined_portfolio,1.3481331905915326,0.24329032999918196,89.0652438453837,26
26,critical_infrastructure,combined_portfolio,1.3447445191941703,0.2584310889744756,88.77581293244295,26
27,critical_infrastructure,combined_portfolio,1.3410223303954307,0.27331971672222916,88.47776134031194,26
28,critical_infrastructure,combined_portfolio,1.3374293088718225,0.2876989092623664,88.18939895197713,26
29,critical_infrastructure,combined_portfolio,1.3339494425734446,0.3000305397987539,87.92797398964576,26
0,critical_infrastructure,baseline,0.8824910660048187,0.22554022854107572,93.04175194139509,27
1,critical_infrastructure,baseline,1.043311879092983,0.17885877592237331,102.43799800329819,27
2,critical_infrastructure,baseline,1.1318984164011459,0.1723415295136122,106.94527464810648,27
3,critical_infrastructure,baseline,1.1765762958434656,0.18275213560336612,108.96283142348624,27
4,critical_infrastructure,baseline,1.1966286534335084,0.20086916392810242,109.70026154629333,27
5,critical_infrastructure,baseline,1.203076999411084,0.21859067119973621,109.80582307975192,27
6,critical_infrastructure,baseline,1.2028233687435816,0.2360517299113728,109.60465106238085,27
7,critical_infrastructure,baseline,1.1992553853786276,0.2501697910443737,109.28732553686181,27
8,critical_infrastructure,baseline,1.1946810190163615,0.25958461734475596,108.97425945716373,27
9,critical_infrastructure,baseline,1.1905316087350415,0.2675066276878032,108.69600313497845,27
10,critical_infrastructure,baseline,1.1868930899828956,0.27714819294771487,108.42185190612778,27
11,critical_infrastructure,baseline,1.1831742672111805,0.28720433321524863,108.13922529681346,27
12,critical_infrastructure,baseline,1.1793361209514062,0.2952033594235498,107.87326591216454,27
13,critical_infrastructure,baseline,1.1758462814319248,0.3039963010181432,107.61413170536565,27
14,critical_infrastructure,baseline,1.172375848165534,0.31162775059181186,107.36841735564222,27
15,critical_infrastructure,baseline,1.1691459000071702,0.3204376326590509,107.12050702418789,27
16,critical_infrastructure,baseline,1.165805076289883,0.3320874372631238,106.83595043339999,27
17,critical_infrastructure,baseline,1.1618512456966048,0.343171588802642,106.52864424257494,27
18,critical_infrastructure,baseline,1.1577066531658016,0.3514933258833376,106.24206097845442,27
19,critical_infrastructure,baseline,1.1540140763150752,0.3596715281362519,105.97759983993579,27
20,critical_infrastructure,baseline,1.150575574844487,0.369882884146048,105.70243153643196,27
21,critical_infrastructure,baseline,1.146863722861957,0.37700468372125995,105.44809122764431,27
22,critical_infrastructure,baseline,1.143627076118488,0.3832392893720009,105.22537661001664,27
23,critical_infrastructure,baseline,1.1408012386004303,0.3920031289463588,104.9941057813206,27
24,critical_infrastructure,baseline,1.1376807334578598,0.4015438664360368,104.74021628447436,27
25,critical_infrastructure,baseline,1.1342627877334852,0.4091550191286043,104.49297453424505,27
26,critical_infrastructure,baseline,1.1310795451821738,0.4170858146220462,104.2528743474759,27
27,critical_infrastructure,baseline,1.1279499251934337,0.4273133915429762,103.98981114292577,27
28,critical_infrastructure,baseline,1.124395043308548,0.4361692755719152,103.72117824011286,27
29,critical_infrastructure,baseline,1.1209022318778807,0.44488175774346017,103.45648775352147,27
0,critical_infrastructure,reputation,1.0240859189238158,0.13897857100843675,100.78496905368864,27
1,critical_infrastructure,reputation,1.251076540701246,0.019169033759983023,113.05486236691468,27
2,critical_infrastructure,reputation,1.3433823593670278,0.0,117.26570902732652,27
3,critical_infrastructure,reputation,1.367678071292036,0.0,118.28826791875744,27
4,critical_infrastructure,reputation,1.3723770342586306,0.0,118.48574932609296,27
5,critical_infrastructure,reputation,1.3732522246614391,0.0,118.52250097294666,27
6,critical_infrastructure,reputation,1.373414027693068,0.0,118.52929460366764,27
7,critical_infrastructure,reputation,1.3734439000758072,0.0,118.53054882584838,27
8,critical_infrastructure,reputation,1.3734494137604103,0.0,118.53078032242325,27
9,critical_infrastructure,reputation,1.373450431398726,0.0,118.53082304876786,27
10,critical_infrastructure,reputation,1.373450619218448,0.0,118.53083093452533,27
11,critical_infrastructure,reputation,1.3734506538832107,0.0,118.53083238995237,27
12,critical_infrastructure,reputation,1.373450660281077,0.0003914307523927296,118.52652577894743,27
13,critical_infrastructure,reputation,1.3733735356232608,0.008373085154940174,118.43557024653508,27
14,critical_infrastructure,reputation,1.3717866287337415,0.018820653644397667,118.25607873343664,27
15,critical_infrastructure,reputation,1.3694345176724019,0.03308184502067274,118.00302466194046,27
16,critical_infrastructure,reputation,1.3661871449747514,0.05219118931623623,117.65976814196074,27
17,critical_infrastructure,reputation,1.3618135423333169,0.07125798542230571,117.27041881136395,27
18,critical_infrastructure,reputation,1.3572291077268335,0.08731068518195373,116.9048190426386,27
19,critical_infrastructure,reputation,1.353188529028558,0.10345536067788152,116.56000086078893,27
20,critical_infrastructure,reputation,1.3492253378853625,0.12212697569294767,116.1902923073776,27
21,critical_infrastructure,reputation,1.3447713951779479,0.13683516087828634,115.84352003392416,27
22,critical_infrastructure,reputation,1.3409931655136709,0.1504305156710578,115.53637258676036,27
23,critical_infrastructure,reputation,1.337560051112066,0.16698774201370953,115.21077619174278,27
24,critical_infrastructure,reputation,1.3336061254577631,0.1842056180536436,114.85601006580308,27
25,critical_infrastructure,reputation,1.329409893253005,0.19888377114661304,114.51853273853528,27
26,critical_infrastructure,reputation,1.3256563634492278,0.21388382171574088,114.19551862707362,27
27,critical_infrastructure,reputation,1.3219229019192498,0.23148446294302866,113.84447544170214,27
28,critical_infrastructure,reputation,1.3176742698671335,0.24718812875747115,113.49227882037962,27
29,critical_infrastructure,reputation,1.3136832871135484,0.262630202353732,113.15321132228097,27
0,critical_infrastructure,combined_portfolio,1.1707283811799605,0.07984422754950046,102.9485997796103,27
1,critical_infrastructure,combined_portfolio,1.3843344634553971,0.0,113.46932910951463,27
2,critical_infrastructure,combined_portfolio,1.40928546867771,0.0,114.58048713957453,27
3,critical_infrastructure,combined_portfolio,1.4084195501667978,0.0,114.5580456005999,27
4,critical_infrastructure,combined_portfolio,1.4084563857854855,0.0,114.55909600973956,27
5,critical_infrastructure,combined_portfolio,1.4084548287424539,0.0,114.55905172575848,27
6,critical_infrastructure,combined_portfolio,1.4084548945765671,0.0,114.55905359836308,27
7,critical_infrastructure,combined_portfolio,1.408454891793034,0.0,114.55905351918783,27
8,critical_infrastructure,combined_portfolio,1.4084548919107247,0.0,114.55905352253544,27
9,critical_infrastructure,combined_portfolio,1.4084548919057487,0.0,114.5590535223939,27
10,critical_infrastructure,combined_portfolio,1.4084548919059592,0.0,114.5590535223999,27
11,critical_infrastructure,combined_portfolio,1.40845489190595,0.0,114.55905352239964,27
12,critical_infrastructure,combined_portfolio,1.4084548919059507,0.0,114.55905352239965,27
13,critical_infrastructure,combined_portfolio,1.4084548919059507,0.0,114.55905352239965,27
14,critical_infrastructure,combined_portfolio,1.4084548919059507,0.0,114.55905352239965,27
15,critical_infrastructure,combined_portfolio,1.4084548919059507,0.0,114.55905352239965,27
16,critical_infrastructure,combined_portfolio,1.4084548919059507,0.0,114.55905352239965,27
17,critical_infrastructure,combined_portfolio,1.4084548919059507,0.0,114.55905352239965,27
18,critical_infrastructure,combined_portfolio,1.4084548919059507,0.0,114.55905352239965,27
19,critical_infrastructure,combined_portfolio,1.4084548919059507,0.0,114.55905352239965,27
20,critical_infrastructure,combined_portfolio,1.4084548919059507,0.009991174686694117,114.4491214682156,27
21,critical_infrastructure,combined_portfolio,1.406486273646101,0.021207582432663387,114.2473275939195,27
22,critical_infrastructure,combined_portfolio,1.4043582169533713,0.03431796106333821,114.0172982762108,27
23,critical_infrastructure,combined_portfolio,1.401860787286338,0.05237482618916365,113.71790390311402,27
24,critical_infrastructure,combined_portfolio,1.3983998592771767,0.07207056141711918,113.36159137165002,27
25,critical_infrastructure,combined_portfolio,1.394646704990503,0.08947535916900465,113.01800985552785,27
26,critical_infrastructure,combined_portfolio,1.3913469215331784,0.10747659565730375,112.68561087384572,27
27,critical_infrastructure,combined_portfolio,1.3879063989981815,0.12840330295336375,112.31530751732983,27
28,critical_infrastructure,combined_portfolio,1.383886450237313,0.14727079700907644,111.94391044374957,27
29,critical_infrastructure,combined_portfolio,1.3802797123046195,0.16584122590430575,111.59187575314218,27
0,critical_infrastructure,baseline,0.6534192505018166,0.30019579820071984,75.70176567928652,28
1,critical_infrastructure,baseline,0.6908256763921189,0.27717882521267667,78.54484030974024,28
2,critical_infrastructure,baseline,0.7258930954297872,0.27014084107012676,80.95963238080913,28
3,critical_infrastructure,baseline,0.7541593357981523,0.27365057359941886,82.74560928238128,28
4,critical_infrastructure,baseline,0.7740317882518083,0.2785302778043123,83.94516149683254,28
5,critical_infrastructure,baseline,0.7872286699808543,0.28388376790672565,84.70524754746842,28
6,critical_infrastructure,baseline,0.7953234664465312,0.29612325830265684,85.06649392036701,28
7,critical_infrastructure,baseline,0.7974866561267022,0.30892956163185337,85.05661632687182,28
8,critical_infrastructure,baseline,0.7950842826759631,0.3189857378491602,84.79817453132193,28
9,critical_infrastructure,baseline,0.7901647395604263,0.3319018441564256,84.35250293621566,28
10,critical_infrastructure,baseline,0.7824890909918424,0.3430273035292025,83.75507017136721,28
11,critical_infrastructure,baseline,0.7733325457164141,0.3524629507428393,83.08042771889113,28
12,critical_infrastructure,baseline,0.7636054015932267,0.3626103227411087,82.35671276952071,28
13,critical_infrastructure,baseline,0.7532298208067861,0.37223854796964534,81.59180421538491,28
14,critical_infrastructure,baseline,0.7425319547347606,0.38315873661024663,80.78499835831484,28
15,critical_infrastructure,baseline,0.7311866907185045,0.39411654277815417,79.92849484663478,28
16,critical_infrastructure,baseline,0.7193440931812802,0.40430293164049325,79.0395361581913,28
17,critical_infrastructure,baseline,0.7073672701147161,0.4095161976210644,78.18788345861032,28
18,critical_infrastructure,baseline,0.6968382270814586,0.4155576040430934,77.41453247225441,28
19,critical_infrastructure,baseline,0.6871204112710969,0.4202203460582916,76.70426780833918,28
20,critical_infrastructure,baseline,0.6784317896376091,0.4221443318683097,76.08860885512335,28
21,critical_infrastructure,baseline,0.6713608682829287,0.4220132530687224,75.6023697465395,28
22,critical_infrastructure,baseline,0.6661338618940561,0.4267000837576262,75.18695708968276,28
23,critical_infrastructure,baseline,0.6607732194385596,0.43444390409078004,74.7264318200244,28
24,critical_infrastructure,baseline,0.6543560924659041,0.4404179612850678,74.20936962608272,28
25,critical_infrastructure,baseline,0.6477022918382445,0.4468528329871323,73.66706723205645,28
26,critical_infrastructure,baseline,0.6407255847331116,0.45139509920556137,73.1194625387702,28
27,critical_infrastructure,baseline,0.634096784393538,0.45849075815998663,72.56442166505752,28
28,critical_infrastructure,baseline,0.6269272871440119,0.4664608830850242,71.95709870231835,28
29,critical_infrastructure,baseline,0.6190778436931359,0.4744562854705605,71.29562962014322,28
0,critical_infrastructure,reputation,0.77255626794435,0.18903562108417288,83.91300791952462,28
1,critical_infrastructure,reputation,0.9282424669727996,0.09310121574043745,94.07186654593355,28
2,critical_infrastructure,reputation,1.0618830806490063,0.03880303274358976,101.59070529865946,28
3,critical_infrastructure,reputation,1.1621049824243004,0.012533947263925926,106.63127700714918,28
4,critical_infrastructure,reputation,1.229280126021924,0.0,109.77279376627928,28
5,critical_infrastructure,reputation,1.2710607607752742,0.0,111.57334196423844,28
6,critical_infrastructure,reputation,1.293941036248109,0.00619798968822155,112.47029124442733,28
7,critical_infrastructure,reputation,1.3043168243979024,0.018175064281203135,112.77049933221465,28
8,critical_infrastructure,reputation,1.3061067954818777,0.030541462621370696,112.7077946007018,28
9,critical_infrastructure,reputation,1.3031933766673125,0.049373921910628726,112.37700379942108,28
10,critical_infrastructure,reputation,1.2957589167852894,0.06797583629443588,111.8600767359564,28
11,critical_infrastructure,reputation,1.2859816322245072,0.08594248968619361,111.25012767593333,28
12,critical_infrastructure,reputation,1.2751291149290203,0.10579760484221334,110.5708476057106,28
13,critical_infrastructure,reputation,1.2630776092165183,0.12558202181108985,109.83807759649366,28
14,critical_infrastructure,reputation,1.2503618066726636,0.14727094015455716,109.05137194728782,28
15,critical_infrastructure,reputation,1.2366444913233203,0.16908005217169503,108.21540279613856,28
16,critical_infrastructure,reputation,1.2222898318882174,0.1899263375684936,107.35685374929899,28
17,critical_infrastructure,reputation,1.2078265785933382,0.20470123512213423,106.55528582040296,28
18,critical_infrastructure,reputation,1.1951393338000214,0.22049256955139535,105.8150869427704,28
19,critical_infrastructure,reputation,1.1830746607656062,0.23441575198514858,105.11907697388499,28
20,critical_infrastructure,reputation,1.1718997013750687,0.24487212106290412,104.4976277697063,28
21,critical_infrastructure,reputation,1.1622731443229042,0.25274681926239845,103.97169777312725,28
22,critical_infrastructure,reputation,1.1543049599913795,0.2660485461481925,103.4582496389518,28
23,critical_infrastructure,reputation,1.1455687634435867,0.28235292277867885,102.87415462572886,28
24,critical_infrastructure,reputation,1.1354312885361866,0.2961014422486228,102.25116327752636,28
25,critical_infrastructure,reputation,1.1252556029612557,0.3101803429294538,101.61908921254353,28
26,critical_infrastructure,reputation,1.1149239916004157,0.32191512401477723,101.00243217692922,28
27,critical_infrastructure,reputation,1.1052027834378655,0.33648735490639975,100.37930962621732,28
28,critical_infrastructure,reputation,1.0949236797942254,0.35175773193898385,99.71863937442966,28
29,critical_infrastructure,reputation,1.0840674537211221,0.3668008694050546,99.0289998038067,28
0,critical_infrastructure,combined_portfolio,0.8706088889770482,0.1280402541352921,85.7443158120276,28
1,critical_infrastructure,combined_portfolio,1.0943357695576423,0.0,98.95738644792328,28
2,critical_infrastructure,combined_portfolio,1.2546131818041315,0.0,106.27689966568173,28
3,critical_infrastructure,combined_portfolio,1.3289010605426879,0.0,109.43154062027875,28
4,critical_infrastructure,combined_portfolio,1.359988013553437,0.0,110.71056848676756,28
5,critical_infrastructure,combined_portfolio,1.3723723238178667,0.0,111.21361840180361,28
6,critical_infrastructure,combined_portfolio,1.3772030685419319,0.0,111.40893094750881,28
7,critical_infrastructure,combined_portfolio,1.3790715704296106,0.0,111.48433382473488,28
8,critical_infrastructure,combined_portfolio,1.3797919139784758,0.0,111.51338191261199,28
9,critical_infrastructure,combined_portfolio,1.3800692656002758,0.0,111.52456307023857,28
10,critical_infrastructure,combined_portfolio,1.3801760007949646,0.0,111.528865530155,28
11,critical_infrastructure,combined_portfolio,1.3802170686606718,0.0,111.53052089331246,28
12,critical_infrastructure,combined_portfolio,1.3802328689444692,0.0,111.5311577608333,28
13,critical_infrastructure,combined_portfolio,1.3802389477105617,0.008196637003753483,111.43976685881931,28
14,critical_infrastructure,combined_portfolio,1.377679663637084,0.02497615588685379,111.15106284263764,28
15,critical_infrastructure,combined_portfolio,1.3714498554148669,0.045896719141667076,110.66957009569373,28
16,critical_infrastructure,combined_portfolio,1.3625015567622705,0.068176487546071,110.06237993114038,28
17,critical_infrastructure,combined_portfolio,1.3520509069036775,0.08521648874262358,109.45063329290896,28
18,critical_infrastructure,combined_portfolio,1.342613634255233,0.10421039819806996,108.85480365559171,28
19,critical_infrastructure,combined_portfolio,1.3329287000300631,0.12160994333323535,108.26482646726966,28
20,critical_infrastructure,combined_portfolio,1.3236075292192095,0.13546734897680593,107.72698077109192,28
21,critical_infrastructure,combined_portfolio,1.3155061880983003,0.14665338782752582,107.26689765947737,28
22,critical_infrastructure,combined_portfolio,1.308706234595853,0.1638376303264528,106.79216713621102,28
23,critical_infrastructure,combined_portfolio,1.300543146590621,0.18423519894555587,106.2242203777853,28
24,critical_infrastructure,combined_portfolio,1.2907926945939943,0.20175181639956855,105.62006469155445,28
25,critical_infrastructure,combined_portfolio,1.2812528128996254,0.21956517998788236,105.01836486688124,28
26,critical_infrastructure,combined_portfolio,1.2716724063824025,0.23477293816971265,104.44175905015929,28
27,critical_infrastructure,combined_portfolio,1.262854677196575,0.2530022052192486,103.86118043827598,28
28,critical_infrastructure,combined_portfolio,1.253385258494014,0.27186971909989766,103.24370977955193,28
29,critical_infrastructure,combined_portfolio,1.2434044564492663,0.29037608678070925,102.60553677576878,28
0,critical_infrastructure,baseline,0.7387807858971832,0.3906361543387569,80.39521091386081,29
1,critical_infrastructure,baseline,0.7989226924377291,0.43361333684225795,83.72604938745657,29
2,critical_infrastructure,baseline,0.8236403923299765,0.46359192150404616,84.89931264177399,29
3,critical_infrastructure,baseline,0.8299462538997482,0.4860399289694508,85.03197827405563,29
4,critical_infrastructure,baseline,0.8269915872613701,0.5010554894520857,84.6927692148086,29
5,critical_infrastructure,baseline,0.8205112047316361,0.5125239864593122,84.17981304944853,29
6,critical_infrastructure,baseline,0.8129082741000457,0.5220714906595544,83.61745152639341,29
7,critical_infrastructure,baseline,0.8051895008813568,0.5286159309753716,83.07780117325679,29
8,critical_infrastructure,baseline,0.7983200631428331,0.5333468607504283,82.6065293184966,29
9,critical_infrastructure,baseline,0.7925407316756303,0.5397610591103492,82.18089021144411,29
10,critical_infrastructure,baseline,0.786926831321105,0.5460580471103358,81.76513278353362,29
11,critical_infrastructure,baseline,0.781451410197852,0.5505008099073375,81.37668243213359,29
12,critical_infrastructure,baseline,0.7766326272849187,0.5546078895790598,81.03100567632903,29
13,critical_infrastructure,baseline,0.772329569863427,0.560180359939351,80.70008727111691,29
14,critical_infrastructure,baseline,0.7678990976675801,0.56234821760629,80.39794888101952,29
15,critical_infrastructure,baseline,0.7644357859300512,0.5678475014955578,80.1184678255037,29
16,critical_infrastructure,baseline,0.7605557247609672,0.5733144550113024,79.81266203129451,29
17,critical_infrastructure,baseline,0.7564216562404589,0.5764996682552198,79.51499033054887,29
18,critical_infrastructure,baseline,0.7528289596863105,0.5834887838181376,79.20845433097924,29
19,critical_infrastructure,baseline,0.7484056560733902,0.591103270187833,78.84140981704118,29
20,critical_infrastructure,baseline,0.7432636272414158,0.5946850300420141,78.47145936128126,29
21,critical_infrastructure,baseline,0.7389077162248412,0.5968239626074248,78.16620463188167,29
22,critical_infrastructure,baseline,0.7354920811824637,0.6008395088415719,77.899991604144,29
23,critical_infrastructure,baseline,0.7320925663960416,0.6050616727893194,77.63210294472543,29
24,critical_infrastructure,baseline,0.7286387995501973,0.6084505474181877,77.36917046675745,29
25,critical_infrastructure,baseline,0.725406501408002,0.6076824823983213,77.16592367623007,29
26,critical_infrastructure,baseline,0.723594198082654,0.6077766234993587,77.0454070422911,29
27,critical_infrastructure,baseline,0.7224160874848324,0.6055535278388346,76.99233977478399,29
28,critical_infrastructure,baseline,0.7223537323559526,0.6061774507924558,76.98094068277642,29
29,critical_infrastructure,baseline,0.7221220019428334,0.6058369915598203,76.96952081957626,29
0,critical_infrastructure,reputation,0.8985157059063625,0.3078961340158375,89.94320424843066,29
1,critical_infrastructure,reputation,1.068214201354368,0.29666148010135895,98.99059734196332,29
2,critical_infrastructure,reputation,1.1539145560488948,0.2923397128043116,103.12724691816429,29
3,critical_infrastructure,reputation,1.192446071377939,0.2948304298073972,104.86002804256196,29
4,critical_infrastructure,reputation,1.207464609954486,0.29944196634082654,105.48368257983938,29
5,critical_infrastructure,reputation,1.2120398619222994,0.3072081020037518,105.6026392686237,29
6,critical_infrastructure,reputation,1.2114567603550763,0.31746254538256535,105.46456586166057,29
7,critical_infrastructure,reputation,1.2080680315507155,0.32705060029891,105.20914425964051,29
8,critical_infrastructure,reputation,1.2037747780145236,0.336213414485081,104.91746752555174,29
9,critical_infrastructure,reputation,1.1992484356046333,0.3483956251420087,104.58125957909833,29
10,critical_infrastructure,reputation,1.1936917495998784,0.3608641824742602,104.1953896109357,29
11,critical_infrastructure,reputation,1.1876252232299618,0.37127910179275936,103.80830359258579,29
12,critical_infrastructure,reputation,1.1819732729810393,0.3813627619855494,103.4422274338746,29
13,critical_infrastructure,reputation,1.1765774343940563,0.39314983956888583,103.06793145416259,29
14,critical_infrastructure,reputation,1.170749011059161,0.40074948236407215,102.71961399851597,29
15,critical_infrastructure,reputation,1.1660214374577234,0.4122487705135905,102.37687284147597,29
16,critical_infrastructure,reputation,1.160533700927636,0.4234958989022967,102.00190276528754,29
17,critical_infrastructure,reputation,1.1547998092370682,0.43192705795485253,101.64572241679733,29
18,critical_infrastructure,reputation,1.14981890189244,0.4447520796863508,101.27430854035899,29
19,critical_infrastructure,reputation,1.1437871728770745,0.4580754103533438,100.84839481231111,29
20,critical_infrastructure,reputation,1.137149832422808,0.46658756796022605,100.44629808003293,29
21,critical_infrastructure,reputation,1.131723584615168,0.47349821962472505,100.11660198060143,29
22,critical_infrastructure,reputation,1.1272894763382442,0.4825563464384055,99.80869157715564,29
23,critical_infrastructure,reputation,1.1226068340677955,0.4916739174600029,99.48810150226343,29
24,critical_infrastructure,reputation,1.1177914140158172,0.49969757803568327,99.17259803110075,29
25,critical_infrastructure,reputation,1.1132470429657415,0.5029476873135218,98.92188992094344,29
26,critical_infrastructure,reputation,1.110281354263786,0.5072797084715803,98.73305648818081,29
27,critical_infrastructure,reputation,1.107660505672046,0.5089299783265577,98.59031492050701,29
28,critical_infrastructure,reputation,1.106012407902125,0.5137733634075896,98.45809879982724,29
29,critical_infrastructure,reputation,1.1038024029152362,0.5173258129598293,98.31371688437049,29
0,critical_infrastructure,combined_portfolio,1.0325212970043638,0.25019232468225777,92.93464149588901,29
1,critical_infrastructure,combined_portfolio,1.2404623887075295,0.20497801485652228,103.36205067381118,29
2,critical_infrastructure,combined_portfolio,1.3112977213939128,0.18060336876752972,106.72613331466478,29
3,critical_infrastructure,combined_portfolio,1.3330328852184448,0.1718261351421539,107.74752274297153,29
4,critical_infrastructure,combined_portfolio,1.3395825311109042,0.17058933411705865,108.03731936327802,29
5,critical_infrastructure,combined_portfolio,1.3410747854262917,0.17619785913182587,108.03872364620518,29
6,critical_infrastructure,combined_portfolio,1.3395983279912775,0.1867056381694303,107.86323869952392,29
7,critical_infrastructure,combined_portfolio,1.3361132173331742,0.19779904468067044,107.59862092193241,29
8,critical_infrastructure,combined_portfolio,1.3321076227941189,0.20922435642670015,107.307778226603,29
9,critical_infrastructure,combined_portfolio,1.3279041813354464,0.22449099014945625,106.96567837307832,29
10,critical_infrastructure,combined_portfolio,1.3224748489573068,0.24032739679285395,106.56659773874256,29
11,critical_infrastructure,combined_portfolio,1.3166445808233629,0.2540044487915227,106.17362078303873,29
12,critical_infrastructure,combined_portfolio,1.3113922241369862,0.2673767528480168,105.8067504573813,29
13,critical_infrastructure,combined_portfolio,1.3063217779342189,0.28264919822846163,105.42591501605884,29
14,critical_infrastructure,combined_portfolio,1.3006855021759076,0.2932600807644058,105.07264807435807,29
15,critical_infrastructure,combined_portfolio,1.2963655373798515,0.3081701978618081,104.72541811808156,29
16,critical_infrastructure,combined_portfolio,1.2909557858719847,0.32273047500362445,104.33674855718604,29
17,critical_infrastructure,combined_portfolio,1.285434087206785,0.33412985439263027,103.97707528520534,29
18,critical_infrastructure,combined_portfolio,1.2808489797459808,0.3503212925882934,103.60280675849131,29
19,critical_infrastructure,combined_portfolio,1.2749579656191248,0.36694789923572263,103.1685789545596,29
20,critical_infrastructure,combined_portfolio,1.2686595810898016,0.3782169050028968,102.77484269104885,29
21,critical_infrastructure,combined_portfolio,1.2639102229121923,0.3877390563833875,102.46495417731454,29
22,critical_infrastructure,combined_portfolio,1.2599997271500754,0.39960309010025846,102.164989044732,29
23,critical_infrastructure,combined_portfolio,1.2555317467118994,0.4114656441211432,101.84123420704275,29
24,critical_infrastructure,combined_portfolio,1.2509385432024576,0.4220780635787151,101.52512279741033,29
25,critical_infrastructure,combined_portfolio,1.246693303727135,0.427491622515464,101.28086132823745,29
26,critical_infrastructure,combined_portfolio,1.2441136807072175,0.43414712808516137,101.09418652967221,29
27,critical_infrastructure,combined_portfolio,1.241504808633863,0.43790920276657025,100.93893305556429,29
28,critical_infrastructure,combined_portfolio,1.2397773379998085,0.4451584946768602,100.782885089005,29
29,critical_infrastructure,combined_portfolio,1.2371658943807844,0.45095050629702144,100.6051470417972,29
0,critical_infrastructure,baseline,0.9154573935206405,0.21935143438625238,112.94701015585527,30
1,critical_infrastructure,baseline,1.070773267269069,0.1718657794525457,123.34900592400678,30
2,critical_infrastructure,baseline,1.1425669553924216,0.16556615718889656,127.60039247500181,30
3,critical_infrastructure,baseline,1.1707604134365621,0.17443150167025095,129.08863238865848,30
4,critical_infrastructure,baseline,1.1782976100431235,0.1935215264386697,129.29898315712288,30
5,critical_infrastructure,baseline,1.1748250880758395,0.21188149595174202,128.9087407674139,30
6,critical_infrastructure,baseline,1.167463235124078,0.2259834416706364,128.3481388954335,30
7,critical_infrastructure,baseline,1.1600555419259968,0.2386116674534934,127.79794634710629,30
8,critical_infrastructure,baseline,1.1531293105469456,0.250640655978144,127.27895814290716,30
9,critical_infrastructure,baseline,1.146590559610841,0.2588682386484591,126.82192364546128,30
10,critical_infrastructure,baseline,1.1414584383957984,0.2637419728521552,126.47917246152069,30
11,critical_infrastructure,baseline,1.1379584187302865,0.27102311990741645,126.200786786571,30
12,critical_infrastructure,baseline,1.134268307235193,0.27450727667144853,125.95380956608572,30
13,critical_infrastructure,baseline,1.131763272998697,0.28084070633896163,125.74146080574107,30
14,critical_infrastructure,baseline,1.1287546144305942,0.2896511571743491,125.47343628473926,30
15,critical_infrastructure,baseline,1.124745162990542,0.2980602961314049,125.15268016192346,30
16,critical_infrastructure,baseline,1.1205034804005352,0.30532298817343984,124.83042167417639,30
17,critical_infrastructure,baseline,1.116557530850147,0.31406221749578445,124.50784249758466,30
18,critical_infrastructure,baseline,1.1122345484137623,0.32375837881466557,124.15260384631513,30
19,critical_infrastructure,baseline,1.1074605014563823,0.3369565411279204,123.73185104474624,30
20,critical_infrastructure,baseline,1.1013691670744175,0.3489679580205456,123.24732590262889,30
21,critical_infrastructure,baseline,1.095193828130054,0.35959023445555494,122.77128149411344,30
22,critical_infrastructure,baseline,1.0894500726291123,0.3706628221567597,122.31366589068539,30
23,critical_infrastructure,baseline,1.0837172496327727,0.38013592787045475,121.87313172903836,30
24,critical_infrastructure,baseline,1.078518768233176,0.38580505678116905,121.5045637682994,30
25,critical_infrastructure,baseline,1.0747706575664384,0.3957752162395909,121.17259206621013,30
26,critical_infrastructure,baseline,1.0701283013402068,0.4073668525320834,120.76994438720229,30
27,critical_infrastructure,baseline,1.0646293277405812,0.4182060906529923,120.32369556047328,30
28,critical_infrastructure,baseline,1.059071097667697,0.4316566184165356,119.84336267768045,30
29,critical_infrastructure,baseline,1.0526312404006033,0.44466136066761275,119.31396323318687,30
0,critical_infrastructure,reputation,1.1030392325264666,0.12164426926866362,124.52301281604552,30
1,critical_infrastructure,reputation,1.3110976943006176,0.0,137.27868654240086,30
2,critical_infrastructure,reputation,1.3672970794222448,0.0,140.1236906278637,30
3,critical_infrastructure,reputation,1.367431060016127,0.0,140.1515389906798,30
4,critical_infrastructure,reputation,1.3674292857006796,0.0,140.15150362938243,30
5,critical_infrastructure,reputation,1.367429309262837,0.0,140.15150410082197,30
6,critical_infrastructure,reputation,1.3674293089499527,0.0,140.151504094562,30
7,critical_infrastructure,reputation,1.3674293089541076,0.0,140.15150409464516,30
8,critical_infrastructure,reputation,1.3674293089540523,0.0,140.15150409464405,30
9,critical_infrastructure,reputation,1.3674293089540532,0.0,140.15150409464405,30
10,critical_infrastructure,reputation,1.3674293089540532,0.0,140.15150409464405,30
11,critical_infrastructure,reputation,1.3674293089540532,0.0,140.15150409464405,30
12,critical_infrastructure,reputation,1.3674293089540532,0.0,140.15150409464405,30
13,critical_infrastructure,reputation,1.3674293089540532,0.0,140.15150409464405,30
14,critical_infrastructure,reputation,1.3674293089540532,0.0,140.15150409464405,30
15,critical_infrastructure,reputation,1.3674293089540532,0.0,140.15150409464405,30
16,critical_infrastructure,reputation,1.3674293089540532,0.0022296942435898193,140.1268274132292,30
17,critical_infrastructure,reputation,1.3666936069972033,0.012167626209695914,139.98133177625914,30
18,critical_infrastructure,reputation,1.3634241424511453,0.02690409406026545,139.65996551546633,30
19,critical_infrastructure,reputation,1.3586008850265956,0.04826886505683636,139.18862715412502,30
20,critical_infrastructure,reputation,1.3515983864071912,0.06939214831737961,138.61257332873512,30
21,critical_infrastructure,reputation,1.3446738608513242,0.08966248885666706,138.04748065603093,30
22,critical_infrastructure,reputation,1.338003532951741,0.11097344915330537,137.48193613159768,30
23,critical_infrastructure,reputation,1.3309640041408441,0.13037469529833096,136.91804382014644,30
24,critical_infrastructure,reputation,1.3245273180476436,0.14505787640812318,136.4345729113361,30
25,critical_infrastructure,reputation,1.3196262267078618,0.16497539785647275,135.9684673535643,30
26,critical_infrastructure,reputation,1.312995952166485,0.18634659845792334,135.39985722191284,30
27,critical_infrastructure,reputation,1.3058440705246865,0.20643141717027147,134.81728834637528,30
28,critical_infrastructure,reputation,1.2990811604230847,0.2294939245933027,134.2195204395085,30
29,critical_infrastructure,reputation,1.2913167482178052,0.25167253246929383,133.57955901862124,30
0,critical_infrastructure,combined_portfolio,1.2867526099788413,0.05957773081078747,129.71270561585501,30
1,critical_infrastructure,combined_portfolio,1.4108470431564653,0.0,137.03574126490193,30
2,critical_infrastructure,combined_portfolio,1.3973931661567816,0.0,136.4849065578382,30
3,critical_infrastructure,combined_portfolio,1.4015619475277499,0.0,136.67335251017607,30
4,critical_infrastructure,combined_portfolio,1.4002851391988795,0.0,136.61574011625422,30
5,critical_infrastructure,combined_portfolio,1.4006776284991262,0.0,136.63345859150957,30
6,critical_infrastructure,combined_portfolio,1.4005571121997298,0.0,136.62801882224886,30
7,critical_infrastructure,combined_portfolio,1.4005941301798233,0.0,136.62968978599628,30
8,critical_infrastructure,combined_portfolio,1.4005827608747505,0.0,136.62917659124523,30
9,critical_infrastructure,combined_portfolio,1.400586252834021,0.0,136.6293342141424,30
10,critical_infrastructure,combined_portfolio,1.4005851803270961,0.0,136.62928580251605,30
11,critical_infrastructure,combined_portfolio,1.4005855097337485,0.0,136.6293006715279,30
12,critical_infrastructure,combined_portfolio,1.4005854085608438,0.0,136.62929610470775,30
13,critical_infrastructure,combined_portfolio,1.4005854396347748,0.0,136.62929750734673,30
14,critical_infrastructure,combined_portfolio,1.4005854300908251,0.0,136.6292970765446,30
15,critical_infrastructure,combined_portfolio,1.4005854330221241,0.0,136.6292972088598,30
16,critical_infrastructure,combined_portfolio,1.4005854321218139,0.0,136.62929716822092,30
17,critical_infrastructure,combined_portfolio,1.4005854323983327,0.0,136.62929718070265,30
18,critical_infrastructure,combined_portfolio,1.4005854323134035,0.0,136.62929717686904,30
19,critical_infrastructure,combined_portfolio,1.4005854323394884,0.0,136.62929717804647,30
20,critical_infrastructure,combined_portfolio,1.4005854323314766,0.0,136.62929717768483,30
21,critical_infrastructure,combined_portfolio,1.4005854323339373,0.0,136.62929717779588,30
22,critical_infrastructure,combined_portfolio,1.4005854323331817,0.0,136.6292971777618,30
23,critical_infrastructure,combined_portfolio,1.4005854323334137,0.006307615776656929,136.5594889404073,30
24,critical_infrastructure,combined_portfolio,1.3985041939378609,0.014980842536886786,136.3649914750257,30
25,critical_infrastructure,combined_portfolio,1.3962799542203324,0.033811703996657484,136.04978917886714,30
26,critical_infrastructure,combined_portfolio,1.390744233270211,0.05677847338382528,135.53116885611325,30
27,critical_infrastructure,combined_portfolio,1.384836078930039,0.07975458015598888,134.99158028910264,30
28,critical_infrastructure,combined_portfolio,1.379010971036179,0.1067979282914859,134.4096978126327,30
29,critical_infrastructure,combined_portfolio,1.3717926450048594,0.13322943633890835,133.76662690011847,30
0,critical_infrastructure,baseline,0.7204312916744896,0.3385060993045197,81.7896506258162,31
1,critical_infrastructure,baseline,0.7868848875201793,0.3440522395963815,86.09426739264525,31
2,critical_infrastructure,baseline,0.8280018582050833,0.3522793931571851,88.56268330582196,31
3,critical_infrastructure,baseline,0.8515438713886109,0.3668145184160654,89.81056133718681,31
4,critical_infrastructure,baseline,0.861416979204465,0.3788812727054787,90.25166009393965,31
5,critical_infrastructure,baseline,0.8633851110018704,0.38976963407798093,90.23393683416984,31
6,critical_infrastructure,baseline,0.8607025488261216,0.4015068225498002,89.92881021127548,31
7,critical_infrastructure,baseline,0.8547265685825964,0.40733483246520474,89.50054915185483,31
8,critical_infrastructure,baseline,0.8487765168392709,0.4090651894179795,89.12250430841922,31
9,critical_infrastructure,baseline,0.8443264355487059,0.41278814679587544,88.8077588124685,31
10,critical_infrastructure,baseline,0.8401167790095697,0.41871231050215096,88.47922790346269,31
11,critical_infrastructure,baseline,0.8352629546664866,0.42882077635223187,88.05840196586297,31
12,critical_infrastructure,baseline,0.8284772861997814,0.4396066430055855,87.51007637888692,31
13,critical_infrastructure,baseline,0.8202012563904113,0.4485914929499004,86.8898867419385,31
14,critical_infrastructure,baseline,0.8116151641309787,0.45759443606629874,86.2460829979269,31
15,critical_infrastructure,baseline,0.8028184401412354,0.4632243584777125,85.62710160318245,31
16,critical_infrastructure,baseline,0.7951035494575485,0.4700569468991391,85.05649702138116,31
17,critical_infrastructure,baseline,0.787646460392117,0.4765893893828941,84.50272361903072,31
18,critical_infrastructure,baseline,0.7804607316052109,0.48100426006426444,83.98949580434946,31
19,critical_infrastructure,baseline,0.7742140786772389,0.4825320520447742,83.56954829850886,31
20,critical_infrastructure,baseline,0.7696179683884692,0.4898182223221016,83.18161150506604,31
21,critical_infrastructure,baseline,0.7640012187307174,0.49139947420627145,82.79825950877434,31
22,critical_infrastructure,baseline,0.7597889609422103,0.49860187095769354,82.43354994308756,31
23,critical_infrastructure,baseline,0.7544479296932506,0.5048928312628377,82.00586054879984,31
24,critical_infrastructure,baseline,0.7487034596345991,0.5074864092490621,81.59588000491945,31
25,critical_infrastructure,baseline,0.744034768058536,0.5151753118287696,81.19083827659297,31
26,critical_infrastructure,baseline,0.7382157972233041,0.5204547803383568,80.73859746177828,31
27,critical_infrastructure,baseline,0.7325204323745241,0.5245125985284124,80.3073633431593,31
28,critical_infrastructure,baseline,0.7273454431708607,0.5274364700245615,79.92310584480694,31
29,critical_infrastructure,baseline,0.722917521191412,0.52958832295394,79.5971893513604,31
0,critical_infrastructure,reputation,0.8838215276949679,0.25278860729831026,92.00902288556603,31
1,critical_infrastructure,reputation,1.0707275705633275,0.20967289761332716,102.68869982433569,31
2,critical_infrastructure,reputation,1.1787926553929018,0.19045039688274687,108.17160649874566,31
3,critical_infrastructure,reputation,1.2325585112554347,0.1909974261391485,110.63174572389805,31
4,critical_infrastructure,reputation,1.253839438190984,0.19661103066782948,111.51579398354122,31
5,critical_infrastructure,reputation,1.2599765302850374,0.2059945914331985,111.67219561989,31
6,critical_infrastructure,reputation,1.2588976247562043,0.21966145766798237,111.45501281463487,31
7,critical_infrastructure,reputation,1.2535374949947344,0.2284456097505493,111.10931699870756,31
8,critical_infrastructure,reputation,1.2483245736486825,0.23373371014680147,110.81219141737469,31
9,critical_infrastructure,reputation,1.2444230418017157,0.24203975268253103,110.53458997806162,31
10,critical_infrastructure,reputation,1.2399197956783574,0.2531276034431529,110.19526697280082,31
11,critical_infrastructure,reputation,1.234170310421024,0.2691177798250479,109.73830703759424,31
12,critical_infrastructure,reputation,1.2261529169525538,0.28586332043708684,109.16910755362659,31
13,critical_infrastructure,reputation,1.2169623721314413,0.30059164460072596,108.5699058511722,31
14,critical_infrastructure,reputation,1.208013431792849,0.31545231884445457,107.97720043935085,31
15,critical_infrastructure,reputation,1.1990778973894884,0.3264782630398889,107.43072734752914,31
16,critical_infrastructure,reputation,1.191504385007837,0.3389280902537763,106.9264432638057,31
17,critical_infrastructure,reputation,1.1839342744841161,0.3509171788260275,106.42657867012383,31
18,critical_infrastructure,reputation,1.1765087763196336,0.36040345129771395,105.9629449427908,31
19,critical_infrastructure,reputation,1.1700261128511615,0.36659732952729884,105.58270792953734,31
20,critical_infrastructure,reputation,1.1651045671017513,0.37922522133981146,105.19368864815546,31
21,critical_infrastructure,reputation,1.1584842118969323,0.3851497406431446,104.80851530374802,31
22,critical_infrastructure,reputation,1.1535719267700506,0.3974055565538013,104.42270353832144,31
23,critical_infrastructure,reputation,1.1470667485907242,0.40835608707850723,103.9775246210744,31
24,critical_infrastructure,reputation,1.1403500874008117,0.41516548685498195,103.57239742165801,31
25,critical_infrastructure,reputation,1.135026456367603,0.42769180574616955,103.16058420451215,31
26,critical_infrastructure,reputation,1.1282099077846846,0.4373008194329986,102.71313997036961,31
27,critical_infrastructure,reputation,1.1217949449786193,0.44559959929361737,102.29951868695741,31
28,critical_infrastructure,reputation,1.1160099535843089,0.4526927787195073,101.93012810004676,31
29,critical_infrastructure,reputation,1.1109199658587503,0.4589582784959934,101.60381194779464,31
0,critical_infrastructure,combined_portfolio,1.0194096917869313,0.1941590038196578,94.848415727146,31
1,critical_infrastructure,combined_portfolio,1.2519625550729185,0.12090625267239938,107.1346644453049,31
2,critical_infrastructure,combined_portfolio,1.3426683056956723,0.08645365930998053,111.56334231090297,31
3,critical_infrastructure,combined_portfolio,1.3721434770907464,0.08031734719888889,112.89609863568083,31
4,critical_infrastructure,combined_portfolio,1.37893069607258,0.08351201567347302,113.14433776325107,31
5,critical_infrastructure,combined_portfolio,1.378754426829263,0.09297174538548506,113.02167430407398,31
6,critical_infrastructure,combined_portfolio,1.3753009063999475,0.10829901165697117,112.68901131023244,31
7,critical_infrastructure,combined_portfolio,1.3692494476274728,0.11894436435992994,112.30704433463549,31
8,critical_infrastructure,combined_portfolio,1.3645055674814104,0.1261319087025984,112.02000182880779,31
9,critical_infrastructure,combined_portfolio,1.36118427595896,0.1368267644043128,111.7489283405075,31
10,critical_infrastructure,combined_portfolio,1.3568047915724126,0.1506164114152215,111.39446291961482,31
11,critical_infrastructure,combined_portfolio,1.3511341206269392,0.16974049701280786,110.91884353325776,31
12,critical_infrastructure,combined_portfolio,1.3433162306145776,0.1896438381553437,110.34287508560048,31
13,critical_infrastructure,combined_portfolio,1.334851052949083,0.20732022174249917,109.76527218096719,31
14,critical_infrastructure,combined_portfolio,1.3270521303318792,0.22511612559748598,109.2119484531994,31
15,critical_infrastructure,combined_portfolio,1.3192845768421069,0.23874001584576196,108.71095946128149,31
16,critical_infrastructure,combined_portfolio,1.3130017941309498,0.25390362984904985,108.2519485668187,31
17,critical_infrastructure,combined_portfolio,1.3063940987962328,0.2685386947310158,107.78534415762377,31
18,critical_infrastructure,combined_portfolio,1.2998972313332966,0.2804535025861174,107.35621316831717,31
19,critical_infrastructure,combined_portfolio,1.294383025196224,0.28883679751008934,107.01233984397226,31
20,critical_infrastructure,combined_portfolio,1.2903115438679136,0.30415214019622944,106.64328894001945,31
21,critical_infrastructure,combined_portfolio,1.2839874782346832,0.3121928367704246,106.26841735388133,31
22,critical_infrastructure,combined_portfolio,1.2798539363228834,0.3270493896423266,105.9008802133818,31
23,critical_infrastructure,combined_portfolio,1.273660830779078,0.3404068957742143,105.46324127307248,31
24,critical_infrastructure,combined_portfolio,1.267590518126867,0.34930972796403575,105.0847206425142,31
25,critical_infrastructure,combined_portfolio,1.2631386924020855,0.36434143963095855,104.69926787574549,31
26,critical_infrastructure,combined_portfolio,1.256779571074155,0.3761536989806713,104.27061026390939,31
27,critical_infrastructure,combined_portfolio,1.2511779695736343,0.3865687782431568,103.89079835911626,31
28,critical_infrastructure,combined_portfolio,1.2462298888841827,0.39570445351110867,103.55472214092606,31
29,critical_infrastructure,combined_portfolio,1.2418611094933567,0.4039883037317423,103.25522194200587,31
0,critical_infrastructure,baseline,0.6981267416542047,0.35390633373899394,63.976609797415676,32
1,critical_infrastructure,baseline,0.7500263340655158,0.3737737966822873,66.58718241456678,32
2,critical_infrastructure,baseline,0.7820078200894206,0.3923132051585493,68.07103763890693,32
3,critical_infrastructure,baseline,0.8002889740109919,0.40996101614606756,68.834852646631,32
4,critical_infrastructure,baseline,0.8092030884519115,0.42557723754027604,69.13999408749868,32
5,critical_infrastructure,baseline,0.8120399551430473,0.43858776325536275,69.16566952021742,32
6,critical_infrastructure,baseline,0.8112169316578005,0.458414838379295,68.95029576138936,32
7,critical_infrastructure,baseline,0.8063921140759966,0.4724956282296341,68.58810285153844,32
8,critical_infrastructure,baseline,0.8000231221343432,0.4848318748832906,68.1631006782982,32
9,critical_infrastructure,baseline,0.7929553054912611,0.49469897865328916,67.72293395325514,32
10,critical_infrastructure,baseline,0.7859299646981961,0.5024192318280597,67.30144735445789,32
11,critical_infrastructure,baseline,0.7793923869187758,0.5072942385299763,66.92747698071292,32
12,critical_infrastructure,baseline,0.773801991412567,0.5152762597348004,66.57224268157854,32
13,critical_infrastructure,baseline,0.7682017285983582,0.522668745540324,66.22034733179133,32
14,critical_infrastructure,baseline,0.7627194883930603,0.5302578957845193,65.87123780176826,32
15,critical_infrastructure,baseline,0.7572755846601036,0.5378237712477335,65.52284211121332,32
16,critical_infrastructure,baseline,0.7518617790237422,0.5441469819884097,65.18552206656376,32
17,critical_infrastructure,baseline,0.7467339504974314,0.5548330938407022,64.82305977874901,32
18,critical_infrastructure,baseline,0.7408678049916592,0.5645590016866655,64.42903639530448,32
19,critical_infrastructure,baseline,0.7346913447861811,0.572814315530316,64.02972749307453,32
20,critical_infrastructure,baseline,0.7286119317003527,0.5794258129399923,63.64806683375915,32
21,critical_infrastructure,baseline,0.722950731519628,0.5880234292715134,63.26925007971765,32
22,critical_infrastructure,baseline,0.717153331268077,0.59720657962308,62.876281889361344,32
23,critical_infrastructure,baseline,0.7111332284531764,0.6060723346835415,62.472229018077535,32
24,critical_infrastructure,baseline,0.7050234974564369,0.6105299009158517,62.10026314345481,32
25,critical_infrastructure,baseline,0.6997946089860743,0.6144841652009175,61.7788748752871,32
26,critical_infrastructure,baseline,0.6952878359411034,0.6204623751810688,61.47790725392175,32
27,critical_infrastructure,baseline,0.6908506881893713,0.6257671814325876,61.18571510033108,32
28,critical_infrastructure,baseline,0.6866054946357101,0.6328467496115022,60.88735548125923,32
29,critical_infrastructure,baseline,0.6821127716993813,0.6388256763604684,60.58393303593878,32
0,critical_infrastructure,reputation,0.8413831798365193,0.22613410683673568,71.42719973521616,32
1,critical_infrastructure,reputation,1.0084355059109629,0.17341526426537301,79.38409953662577,32
2,critical_infrastructure,reputation,1.1159788075981332,0.1518220154070417,83.89991994087977,32
3,critical_infrastructure,reputation,1.1773639177659718,0.1491021820327771,86.24631221960715,32
4,critical_infrastructure,reputation,1.2085179211824417,0.15623892478271129,87.32535388401932,32
5,critical_infrastructure,reputation,1.2219957025106059,0.16780086769334812,87.71040114086723,32
6,critical_infrastructure,reputation,1.2259027897210681,0.1927657174677288,87.63063343125523,32
7,critical_infrastructure,reputation,1.2223865121352986,0.21330236803659586,87.32428862126665,32
8,critical_infrastructure,reputation,1.2163249203686328,0.2334743271418423,86.92878659142501,32
9,critical_infrastructure,reputation,1.2091330025789804,0.2515573167657928,86.50987644194677,32
10,critical_infrastructure,reputation,1.201838474323108,0.2674738229933051,86.10500661853486,32
11,critical_infrastructure,reputation,1.194941506319639,0.28005214424155633,85.7427883112047,32
12,critical_infrastructure,reputation,1.1889333476348602,0.2965424786141795,85.37726709782955,32
13,critical_infrastructure,reputation,1.1824987828946127,0.3120823202005199,85.00376313162063,32
14,critical_infrastructure,reputation,1.1760485178739317,0.3276916948373429,84.62796297144071,32
15,critical_infrastructure,reputation,1.1695611474328493,0.3430904570504575,84.25159552283091,32
16,critical_infrastructure,reputation,1.1630861781860877,0.3568089256465171,83.88946827349089,32
17,critical_infrastructure,reputation,1.1569630369433745,0.3756821188031069,83.493778328627,32
18,critical_infrastructure,reputation,1.1498932145728769,0.3930364967507652,83.07514051690707,32
19,critical_infrastructure,reputation,1.1426658515480854,0.40847375679126147,82.66607432272242,32
20,critical_infrastructure,reputation,1.1357535654082345,0.42188740401515673,82.28541987454713,32
21,critical_infrastructure,reputation,1.1294152209634893,0.43760462693512275,81.90497128586009,32
22,critical_infrastructure,reputation,1.1228552310868953,0.453743597390215,81.51132389671646,32
23,critical_infrastructure,reputation,1.1160784090196185,0.4692718378886618,81.11354786650797,32
24,critical_infrastructure,reputation,1.1093071812278814,0.47951205245535894,80.76146354535925,32
25,critical_infrastructure,reputation,1.1036571881947193,0.489327817071412,80.45528692602252,32
26,critical_infrastructure,reputation,1.0986576961284484,0.5014253309425362,80.1534820622586,32
27,critical_infrastructure,reputation,1.0934924480135328,0.5124491620622149,79.85410002769416,32
28,critical_infrastructure,reputation,1.0884631203597774,0.5253528382688009,79.54262339618309,32
29,critical_infrastructure,reputation,1.0830915701410846,0.5367167697234971,79.23061100037386,32
0,critical_infrastructure,combined_portfolio,0.953611917134748,0.1616828344077196,72.02324811677636,32
1,critical_infrastructure,combined_portfolio,1.1726232528095661,0.07432578047019447,81.67572420929538,32
2,critical_infrastructure,combined_portfolio,1.2818501550606383,0.03485090756089724,85.97057319961313,32
3,critical_infrastructure,combined_portfolio,1.3270907905061462,0.02398905934271043,87.624066732778,32
4,critical_infrastructure,combined_portfolio,1.3430267036868897,0.02852015775857645,88.12361319031999,32
5,critical_infrastructure,combined_portfolio,1.3466207467964775,0.04051538854009366,88.13983557019203,32
6,critical_infrastructure,combined_portfolio,1.3450607480587313,0.06869177562444465,87.84005993780238,32
7,critical_infrastructure,combined_portfolio,1.338576447990985,0.09275340506024096,87.41268424939355,32
8,critical_infrastructure,combined_portfolio,1.3315765131245283,0.11680332138156876,86.96622862331641,32
9,critical_infrastructure,combined_portfolio,1.324411057135042,0.1387332351794078,86.53185889729738,32
10,critical_infrastructure,combined_portfolio,1.3176294523109242,0.1583556510881536,86.1296560014625,32
11,critical_infrastructure,combined_portfolio,1.311432198318487,0.17434468354458452,85.77838621209206,32
12,critical_infrastructure,combined_portfolio,1.3061670394934133,0.19460545493994022,85.42013833612107,32
13,critical_infrastructure,combined_portfolio,1.3002473442535487,0.21375979229407813,85.04912913868324,32
14,critical_infrastructure,combined_portfolio,1.2943541256401452,0.23292942479388992,84.67796803590579,32
15,critical_infrastructure,combined_portfolio,1.2884494340433994,0.25180338444298217,84.30828098729629,32
16,critical_infrastructure,combined_portfolio,1.2825885067906293,0.26879119938279983,83.95601130553942,32
17,critical_infrastructure,combined_portfolio,1.2771296501694873,0.2913066264220085,83.56792922460944,32
18,critical_infrastructure,combined_portfolio,1.2705949694521295,0.31203291386638904,83.15795832496768,32
19,critical_infrastructure,combined_portfolio,1.2640900868200662,0.3306078445105382,82.76682611889382,32
20,critical_infrastructure,combined_portfolio,1.2580364404707058,0.3469608853222019,82.4101161287728,32
21,critical_infrastructure,combined_portfolio,1.2525853079368796,0.3657648249495662,82.0520654684751,32
22,critical_infrastructure,combined_portfolio,1.2467866900532223,0.38491587819048334,81.67829740971331,32
23,critical_infrastructure,combined_portfolio,1.2407864136073155,0.4033124840430085,81.30315945838089,32
24,critical_infrastructure,combined_portfolio,1.2348657589664471,0.41599187348151084,80.98052013209369,32
25,critical_infrastructure,combined_portfolio,1.2301814861995917,0.42829137757727986,80.704310770713,32
26,critical_infrastructure,combined_portfolio,1.2259772896992367,0.443020128536814,80.42348691160056,32
27,critical_infrastructure,combined_portfolio,1.2214036507023756,0.4565033323472704,80.14020330455911,32
28,critical_infrastructure,combined_portfolio,1.2169636761982192,0.4719371497521572,79.8438524464999,32
29,critical_infrastructure,combined_portfolio,1.2121406228572729,0.48562467320045505,79.5488036216867,32
0,critical_infrastructure,baseline,0.7896795130587297,0.3803116301240432,86.3105643124463,33
1,critical_infrastructure,baseline,0.8712908605410926,0.4169347258726631,90.94373397330871,33
2,critical_infrastructure,baseline,0.9043178940800239,0.44580130552137975,92.57354187755632,33
3,critical_infrastructure,baseline,0.9133237121778148,0.4665468604684627,92.87780465718991,33
4,critical_infrastructure,baseline,0.9118888864189371,0.487212749412828,92.5850193329477,33
5,critical_infrastructure,baseline,0.9048898230837663,0.5000218028115824,92.05530740075096,33
6,critical_infrastructure,baseline,0.8972811475913383,0.5126869950869822,91.4883440312211,33
7,critical_infrastructure,baseline,0.889387250689817,0.5202325469677246,90.95503843171379,33
8,critical_infrastructure,baseline,0.8828815196835225,0.5250505958404583,90.5272561167487,33
9,critical_infrastructure,baseline,0.8779398491864773,0.5266239366934875,90.22238085666197,33
10,critical_infrastructure,baseline,0.8748138283552631,0.526923255048662,90.03585928849438,33
11,critical_infrastructure,baseline,0.8730455101138712,0.5259871679542374,89.94149172390591,33
12,critical_infrastructure,baseline,0.8723782739126041,0.5284621010799793,89.87634932071042,33
13,critical_infrastructure,baseline,0.8712737059590756,0.5302803400424799,89.79273888614803,33
14,critical_infrastructure,baseline,0.8701322365628845,0.5345176838530366,89.68169768913138,33
15,critical_infrastructure,baseline,0.8682414547949218,0.5366375793590533,89.54861062266788,33
16,critical_infrastructure,baseline,0.8665864848175764,0.5397488634355398,89.41869245102006,33
17,critical_infrastructure,baseline,0.8647590941709997,0.5468721414850725,89.23696325924192,33
18,critical_infrastructure,baseline,0.861629149645874,0.5505271276074368,89.01419474708493,33
19,critical_infrastructure,baseline,0.858844459444694,0.5539535064113722,88.8133223262694,33
20,critical_infrastructure,baseline,0.8563137837107044,0.5564654517053587,88.63667820026609,33
21,critical_infrastructure,baseline,0.8541950002201479,0.5605252771843334,88.4681785080743,33
22,critical_infrastructure,baseline,0.8518307460439405,0.5632926847061266,88.29836178243247,33
23,critical_infrastructure,baseline,0.8497237450510589,0.5657354987780135,88.14687560491701,33
24,critical_infrastructure,baseline,0.8478527639220272,0.5699737591069334,87.99070484362844,33
25,critical_infrastructure,baseline,0.8455672298942521,0.576918114303807,87.78156547344805,33
26,critical_infrastructure,baseline,0.8422421587543099,0.5890438932702968,87.45595948442727,33
27,critical_infrastructure,baseline,0.8367941204583282,0.5960415347275377,87.05474385077405,33
28,critical_infrastructure,baseline,0.8317465780569105,0.6025590640572606,86.68051593851499,33
29,critical_infrastructure,baseline,0.8270577764248493,0.6102841241732749,86.31431017786394,33
0,critical_infrastructure,reputation,0.9595403041714738,0.3068019776738412,96.02973070425325,33
1,critical_infrastructure,reputation,1.1315207261129803,0.2933391396188918,105.05106303148118,33
2,critical_infrastructure,reputation,1.1973914965966894,0.2896466402449113,108.21233092174447,33
3,critical_infrastructure,reputation,1.2186177822024151,0.29068408975841487,109.18034469403332,33
4,critical_infrastructure,reputation,1.22437005718383,0.30190560373020925,109.32769368993496,33
5,critical_infrastructure,reputation,1.2225953404419347,0.3109344620930198,109.15622056403282,33
6,critical_infrastructure,reputation,1.2193781350610888,0.324502902128043,108.87080594687701,33
7,critical_infrastructure,reputation,1.2143863786897087,0.3347659143399066,108.5390877400647,33
8,critical_infrastructure,reputation,1.2098853875831619,0.3434200018583856,108.24498031815213,33
9,critical_infrastructure,reputation,1.2059982254082369,0.3490349234427352,108.00970566435878,33
10,critical_infrastructure,reputation,1.2031943875879694,0.35350089008627955,107.83522262545576,33
11,critical_infrastructure,reputation,1.2010423511231367,0.3565739897954595,107.70486343649765,33
12,critical_infrastructure,reputation,1.1994951423748443,0.3636314493082163,107.5607489541548,33
13,critical_infrastructure,reputation,1.196919685281318,0.3697363822954376,107.37976587279152,33
14,critical_infrastructure,reputation,1.194331677519231,0.3786015625800254,107.16909901349203,33
15,critical_infrastructure,reputation,1.1909047449517964,0.38487810513571435,106.94668618790143,33
16,critical_infrastructure,reputation,1.1880093444158228,0.3923225840744371,106.73593455069866,33
17,critical_infrastructure,reputation,1.1849132166843657,0.4043786401524183,106.46803234910429,33
18,critical_infrastructure,reputation,1.1803633874061208,0.41227160324956746,106.1759749579393,33
19,critical_infrastructure,reputation,1.1766315603293191,0.4199644386209188,105.92273249771532,33
20,critical_infrastructure,reputation,1.1731961743167998,0.42659976059077886,105.69396984968348,33
21,critical_infrastructure,reputation,1.1701627431138544,0.4349894070676982,105.46537969587087,33
22,critical_infrastructure,reputation,1.166716751218509,0.44178971006291373,105.23389544377423,33
23,critical_infrastructure,reputation,1.1636203283154052,0.4481903817590631,105.02235243007011,33
24,critical_infrastructure,reputation,1.1607459399201345,0.45658025985440964,104.80034475747694,33
25,critical_infrastructure,reputation,1.1573356072857952,0.46789125612783666,104.52275269620104,33
26,critical_infrastructure,reputation,1.1528754599898408,0.48484291111911515,104.13685032944487,33
27,critical_infrastructure,reputation,1.1463834856739543,0.4957468519627647,103.71689387015813,33
28,critical_infrastructure,reputation,1.1410700244530223,0.5062583538729488,103.35486096625694,33
29,critical_infrastructure,reputation,1.1362284353254715,0.5181392817046372,103.00044822509594,33
0,critical_infrastructure,combined_portfolio,1.1135451629042186,0.2492323385101474,99.56791935571061,33
1,critical_infrastructure,combined_portfolio,1.29199741224792,0.20252662238442415,108.54537549140389,33
2,critical_infrastructure,combined_portfolio,1.3240943488246222,0.1794225768364904,110.25154969394521,33
3,critical_infrastructure,combined_portfolio,1.3322691141727974,0.1694406058857411,110.71485358085961,33
4,critical_infrastructure,combined_portfolio,1.3354874561946644,0.1758461328511054,110.78725319422372,33
5,critical_infrastructure,combined_portfolio,1.3336270280876366,0.18313028871511844,110.63602396093562,33
6,critical_infrastructure,combined_portfolio,1.3313903913209324,0.19748521679868053,110.39279178177893,33
7,critical_infrastructure,combined_portfolio,1.3270108731282142,0.20937343198922115,110.08511951732947,33
8,critical_infrastructure,combined_portfolio,1.3233170018821017,0.22018094216059972,109.81575408175947,33
9,critical_infrastructure,combined_portfolio,1.3199576250119542,0.22801628959461037,109.59126023205995,33
10,critical_infrastructure,combined_portfolio,1.3174964852702866,0.23481075452180836,109.41529738026252,33
11,critical_infrastructure,combined_portfolio,1.3153630160913576,0.24020543103684752,109.26930271471122,33
12,critical_infrastructure,combined_portfolio,1.3136670409869686,0.2500762186624803,109.09415949542104,33
13,critical_infrastructure,combined_portfolio,1.3106336956794917,0.2588896947108009,108.87359883772366,33
14,critical_infrastructure,combined_portfolio,1.3078698809201885,0.27073867618998626,108.6319726655858,33
15,critical_infrastructure,combined_portfolio,1.3041940617494454,0.2796946033408452,108.38168940441085,33
16,critical_infrastructure,combined_portfolio,1.3013513255882396,0.28991934451527035,108.15269303529324,33
17,critical_infrastructure,combined_portfolio,1.2981527346646142,0.30516556198106687,107.85672119383706,33
18,critical_infrastructure,combined_portfolio,1.293419810502963,0.3157501418983771,107.54300780223929,33
19,critical_infrastructure,combined_portfolio,1.2900210641727392,0.3260875237860869,107.28691668509951,33
20,critical_infrastructure,combined_portfolio,1.286743559141314,0.3352485235104781,107.04933286063668,33
21,critical_infrastructure,combined_portfolio,1.2838199483956538,0.346304826735977,106.80710105206599,33
22,critical_infrastructure,combined_portfolio,1.2803368590337958,0.3555746164215778,106.55923533256733,33
23,critical_infrastructure,combined_portfolio,1.2773571925627616,0.364387800164267,106.33719600500122,33
24,critical_infrastructure,combined_portfolio,1.274536123198433,0.3753349013363878,106.0999418255267,33
25,critical_infrastructure,combined_portfolio,1.2710754405089613,0.3893705014990316,105.80278918364726,33
26,critical_infrastructure,combined_portfolio,1.2666407458445634,0.40937371980397996,105.4006836046617,33
27,critical_infrastructure,combined_portfolio,1.2603391549373333,0.42263488348401185,104.98583933798184,33
28,critical_infrastructure,combined_portfolio,1.2559364392669723,0.4354687872062183,104.65644238150885,33
29,critical_infrastructure,combined_portfolio,1.2517701846390021,0.4497549053276894,104.32293516257916,33
0,critical_infrastructure,baseline,0.6461718589477459,0.3654122493848785,53.771241358436306,34
1,critical_infrastructure,baseline,0.6605811571539336,0.3823450857468935,54.30926777822407,34
2,critical_infrastructure,baseline,0.6677140413438825,0.39362572989584244,54.53402647208689,34
3,critical_infrastructure,baseline,0.6704716608735202,0.3989470843834243,54.60792567139079,34
4,critical_infrastructure,baseline,0.6712824667522908,0.40680557577687493,54.54844601572129,34
5,critical_infrastructure,baseline,0.6698537145062313,0.41442041108073163,54.376906598156815,34
6,critical_infrastructure,baseline,0.6666866074822605,0.42465250593727144,54.08171032418267,34
7,critical_infrastructure,baseline,0.6614263219277053,0.43273084009578144,53.70514494615058,34
8,critical_infrastructure,baseline,0.6550494758559212,0.44199929194334603,53.253226907413456,34
9,critical_infrastructure,baseline,0.6474553306357346,0.4489994828982172,52.7641340194858,34
10,critical_infrastructure,baseline,0.639477082310946,0.4558239788595324,52.2535044889714,34
11,critical_infrastructure,baseline,0.6312311156096152,0.4635380251443513,51.713320608797005,34
12,critical_infrastructure,baseline,0.6225286403819147,0.4719191077929809,51.135790311750426,34
13,critical_infrastructure,baseline,0.6132754777521666,0.478822849447421,50.54260951468655,34
14,critical_infrastructure,baseline,0.6039625374324417,0.4847939973434149,49.9528289312512,34
15,critical_infrastructure,baseline,0.5948420102961691,0.4908691128249848,49.36698931856793,34
16,critical_infrastructure,baseline,0.5858436438011725,0.4947471204554555,48.8110623777426,34
17,critical_infrastructure,baseline,0.5775203281325223,0.4988357381429885,48.285584621486734,34
18,critical_infrastructure,baseline,0.5696834143078606,0.5046121013548815,47.761745207917684,34
19,critical_infrastructure,baseline,0.5617896426888278,0.5075408262783927,47.26721454692688,34
20,critical_infrastructure,baseline,0.5545995327337729,0.5127819807587729,46.779720798587306,34
21,critical_infrastructure,baseline,0.5473648859371709,0.517536292699541,46.292311702856495,34
22,critical_infrastructure,baseline,0.5402193000532969,0.5226054447057993,45.80238079188772,34
23,critical_infrastructure,baseline,0.5330591882132758,0.5249873718287376,45.342521202926186,34
24,critical_infrastructure,baseline,0.5265954429448779,0.5283846580112023,44.907937021799775,34
25,critical_infrastructure,baseline,0.5204269987028716,0.5314758175915086,44.49225485242127,34
26,critical_infrastructure,baseline,0.5145776605045059,0.5337530388861038,44.103810338752155,34
27,critical_infrastructure,baseline,0.5092017508533817,0.5354914799724115,43.74900374364432,34
28,critical_infrastructure,baseline,0.5043527925187914,0.5361507627864531,43.43872686091451,34
29,critical_infrastructure,baseline,0.5002181622298205,0.5364641941947605,43.17584606484529,34
0,critical_infrastructure,reputation,0.7473060191754419,0.2693518177377522,59.134353055434175,34
1,critical_infrastructure,reputation,0.8625698762191445,0.22467924905737777,64.92149260236975,34
2,critical_infrastructure,reputation,0.958141581051585,0.1972213859059058,69.2117601042529,34
3,critical_infrastructure,reputation,1.0321830976957822,0.17863848680228225,72.29722188987269,34
4,critical_infrastructure,reputation,1.0871690755203403,0.1737486144115158,74.37154517302169,34
5,critical_infrastructure,reputation,1.124703638368725,0.17575706514060666,75.67292025592155,34
6,critical_infrastructure,reputation,1.1484494199543935,0.18583711408871778,76.36459392067017,34
7,critical_infrastructure,reputation,1.1609458793038872,0.19652280743167186,76.65408821147379,34
8,critical_infrastructure,reputation,1.1660370708840893,0.21086078341174858,76.64244542690638,34
9,critical_infrastructure,reputation,1.1654548561788267,0.22382062474217138,76.45612481110204,34
10,critical_infrastructure,reputation,1.1616548576100079,0.23748738091061206,76.15134591273907,34
11,critical_infrastructure,reputation,1.1556350806474114,0.2527858620262278,75.74948471320006,34
12,critical_infrastructure,reputation,1.1477733808864248,0.2691705954284418,75.26963261780983,34
13,critical_infrastructure,reputation,1.1384438566807904,0.2838775356368882,74.75929591387782,34
14,critical_infrastructure,reputation,1.1286058788093543,0.2975093233940293,74.24295494675957,34
15,critical_infrastructure,reputation,1.1187038402630192,0.3112452937431465,73.72059420126848,34
16,critical_infrastructure,reputation,1.1087073586976253,0.3222782332629087,73.22732143189704,34
17,critical_infrastructure,reputation,1.0993398369106497,0.3334957136966537,72.75137126203347,34
18,critical_infrastructure,reputation,1.090304937028872,0.3465600868492609,72.2612448660225,34
19,critical_infrastructure,reputation,1.0809741466875387,0.35607812951869355,71.80416255073212,34
20,critical_infrastructure,reputation,1.0723677081881502,0.3681935570162923,71.33738006659603,34
21,critical_infrastructure,reputation,1.0635252712943077,0.3795173938049081,70.8703296606319,34
22,critical_infrastructure,reputation,1.0547175856797506,0.39102765444114607,70.39999661864717,34
23,critical_infrastructure,reputation,1.0458627550046555,0.39928812262778723,69.96771926736068,34
24,critical_infrastructure,reputation,1.0378168886835264,0.4086639405359357,69.54882404478774,34
25,critical_infrastructure,reputation,1.0299927596905465,0.4175420977062896,69.142867659605,34
26,critical_infrastructure,reputation,1.0224311808304907,0.42536981922440875,68.75857377772125,34
27,critical_infrastructure,reputation,1.0153072442961477,0.43249863504297936,68.39816037573033,34
28,critical_infrastructure,reputation,1.0086468793710843,0.4383369589568666,68.0705152229817,34
29,critical_infrastructure,reputation,1.0026266961153845,0.4437407740284211,67.77157698972952,34
0,critical_infrastructure,combined_portfolio,0.8341540323210207,0.21076573698107262,58.95450534610239,34
1,critical_infrastructure,combined_portfolio,1.016193992578036,0.12905664192974892,67.46565393464363,34
2,critical_infrastructure,combined_portfolio,1.1511706783058901,0.07859270198577883,72.99991727384483,34
3,critical_infrastructure,combined_portfolio,1.2412589581101128,0.04600799161205427,76.4308114896849,34
4,critical_infrastructure,combined_portfolio,1.2976318416485817,0.03384047259357068,78.38289629650454,34
5,critical_infrastructure,combined_portfolio,1.329320512556535,0.03285689251811675,79.37769189767272,34
6,critical_infrastructure,combined_portfolio,1.3451066837455576,0.043164870691994046,79.72744936805474,34
7,critical_infrastructure,combined_portfolio,1.3499829044515117,0.05564345690549028,79.71588433466474,34
8,critical_infrastructure,combined_portfolio,1.3490101475426044,0.07312234222413214,79.46229594422783,34
9,critical_infrastructure,combined_portfolio,1.3439159188289007,0.08962573806312302,79.0964307881801,34
10,critical_infrastructure,combined_portfolio,1.3371061441350007,0.10723563142828432,78.66324270392609,34
11,critical_infrastructure,combined_portfolio,1.3291682665890112,0.12681376459543584,78.1692574082479,34
12,critical_infrastructure,combined_portfolio,1.320146820018286,0.14763996836162335,77.62472460820422,34
13,critical_infrastructure,combined_portfolio,1.310245113310944,0.16659053050112746,77.07560845074723,34
14,critical_infrastructure,combined_portfolio,1.3003803543208414,0.18431469078666915,76.541365897629,34
15,critical_infrastructure,combined_portfolio,1.2908249847513882,0.20209883408757112,76.01409958101577,34
16,critical_infrastructure,combined_portfolio,1.281374803245035,0.21684550931806848,75.52750159228805,34
17,critical_infrastructure,combined_portfolio,1.2727506982765517,0.23174885708005824,75.06306363775465,34
18,critical_infrastructure,combined_portfolio,1.2644709483891183,0.2486040882130627,74.58298380540664,34
19,critical_infrastructure,combined_portfolio,1.2558233241186407,0.2614945839396935,74.14102648955583,34
20,critical_infrastructure,combined_portfolio,1.2480147108696709,0.2771731398663433,73.68831112669348,34
21,critical_infrastructure,combined_portfolio,1.239872302750236,0.2918912991494323,73.23611837194724,34
22,critical_infrastructure,combined_portfolio,1.2317915641803605,0.3067311645328816,72.78286320113948,34
23,critical_infrastructure,combined_portfolio,1.2236878950818038,0.31797667348516206,72.37383996739321,34
24,critical_infrastructure,combined_portfolio,1.2165020272807623,0.33041366730872795,71.97794226110554,34
25,critical_infrastructure,combined_portfolio,1.2094583293886911,0.34225383302438733,71.59346810111145,34
26,critical_infrastructure,combined_portfolio,1.2026297855241102,0.352913811266417,71.23023010932606,34
27,critical_infrastructure,combined_portfolio,1.1962104514248395,0.3627937230690839,70.88958472854561,34
28,critical_infrastructure,combined_portfolio,1.190198698006989,0.3712688321426139,70.57974867221849,34
29,critical_infrastructure,combined_portfolio,1.184761820708832,0.3792779309903813,70.29434330985272,34
0,critical_infrastructure,baseline,0.7448486020814243,0.3414857388260262,80.72889088912922,35
1,critical_infrastructure,baseline,0.8252210601185851,0.35175892967127204,85.57793023829271,35
2,critical_infrastructure,baseline,0.8739159824546764,0.36692833319815576,88.23971039733215,35
3,critical_infrastructure,baseline,0.9009438872774526,0.38469225360720993,89.5596044847454,35
4,critical_infrastructure,baseline,0.9135109778404216,0.40193325953085735,90.05989268394765,35
5,critical_infrastructure,baseline,0.9170468689610698,0.4209198981056544,90.03920940608785,35
6,critical_infrastructure,baseline,0.9144206532254902,0.43557104563169646,89.72968246399064,35
7,critical_infrastructure,baseline,0.9090069658230109,0.44884046924183285,89.28142027868098,35
8,critical_infrastructure,baseline,0.9021834975554371,0.459647695589513,88.78150488332722,35
9,critical_infrastructure,baseline,0.8950978156344621,0.47036532191153757,88.26552678142683,35
10,critical_infrastructure,baseline,0.8878678856261908,0.47746460075210695,87.78033339517957,35
11,critical_infrastructure,baseline,0.881471890199739,0.48451245620513406,87.34000189381663,35
12,critical_infrastructure,baseline,0.8756156906422963,0.49020998549233313,86.94376064717757,35
13,critical_infrastructure,baseline,0.8704459918360727,0.4973149460701741,86.56882599710669,35
14,critical_infrastructure,baseline,0.8653497268985917,0.5081636205614524,86.15419631473232,35
15,critical_infrastructure,baseline,0.859340135495866,0.5186747926151182,85.6898868793165,35
16,critical_infrastructure,baseline,0.852836562836248,0.5250729524472917,85.24202153012531,35
17,critical_infrastructure,baseline,0.8470713543279679,0.5313947049005809,84.83546190986559,35
18,critical_infrastructure,baseline,0.8417925870874265,0.5363493408755415,84.47125969125624,35
19,critical_infrastructure,baseline,0.8371713535654132,0.5445076983822801,84.1075589380957,35
20,critical_infrastructure,baseline,0.8321460027800021,0.5561075947495764,83.67994390970216,35
21,critical_infrastructure,baseline,0.8259812207250474,0.5710205346853588,83.14592183748543,35
22,critical_infrastructure,baseline,0.8182419069767481,0.581577144353621,82.56583968301139,35
23,critical_infrastructure,baseline,0.8106142157758591,0.587149116386537,82.04561959749495,35
24,critical_infrastructure,baseline,0.8043308284575681,0.5914240163654236,81.61790967807485,35
25,critical_infrastructure,baseline,0.7992328972805527,0.5954904211136979,81.26241433865032,35
26,critical_infrastructure,baseline,0.794941802282289,0.5970778182718316,80.98304183567085,35
27,critical_infrastructure,baseline,0.7917986600916593,0.6029942894482859,80.7233289936788,35
28,critical_infrastructure,baseline,0.7882780817513617,0.6059237790361439,80.474431299801,35
29,critical_infrastructure,baseline,0.7852809664105892,0.6072685432746069,80.27484782290438,35
0,critical_infrastructure,reputation,0.8774645675133055,0.26404812849656245,88.61807169996493,35
1,critical_infrastructure,reputation,1.0520404307587503,0.2232500889769016,98.34301437222943,35
2,critical_infrastructure,reputation,1.1543103068960867,0.20526660724903317,103.42427034325355,35
3,critical_infrastructure,reputation,1.207731273605426,0.20259525851153548,105.86671219467438,35
4,critical_infrastructure,reputation,1.2324704059654599,0.20833137484695058,106.89028388884329,35
5,critical_infrastructure,reputation,1.2418083319316529,0.22272868331302523,107.13353416603395,35
6,critical_infrastructure,reputation,1.2421455618740647,0.2367126799362464,106.9907867288632,35
7,critical_infrastructure,reputation,1.2387087529238892,0.2523736155784919,106.6648305507473,35
8,critical_infrastructure,reputation,1.2332202388752236,0.26726432791803945,106.2580572506944,35
9,critical_infrastructure,reputation,1.2270386327842169,0.2834010313823794,105.80570941169731,35
10,critical_infrastructure,reputation,1.2202265532310521,0.2959763643542416,105.36533961397039,35
11,critical_infrastructure,reputation,1.2140382053554861,0.3089104001516487,104.94657566514643,35
12,critical_infrastructure,reputation,1.2080159063469507,0.3203697898880688,104.5509497432336,35
13,critical_infrastructure,reputation,1.2024313789991674,0.33348262519451194,104.15467209041833,35
14,critical_infrastructure,reputation,1.1966048319184133,0.35085457439785483,103.69828995156385,35
15,critical_infrastructure,reputation,1.189569041406924,0.36761942169882,103.19414357309671,35
16,critical_infrastructure,reputation,1.1821363693441613,0.37949045856478775,102.72633662539,35
17,critical_infrastructure,reputation,1.1757615172668479,0.391284415591833,102.30498645095793,35
18,critical_infrastructure,reputation,1.1698657805831492,0.4014075662380694,101.92326677656186,35
19,critical_infrastructure,reputation,1.164601562494384,0.41511295454715436,101.52820675982704,35
20,critical_infrastructure,reputation,1.1586958572241086,0.43250919181669917,101.06126793142676,35
21,critical_infrastructure,reputation,1.1515415314534398,0.4534016152818938,100.49632769862018,35
22,critical_infrastructure,reputation,1.1429049912568259,0.46909585607946125,99.92087630617544,35
23,critical_infrastructure,reputation,1.1348954897067578,0.47920706342526626,99.43521473066478,35
24,critical_infrastructure,reputation,1.1285824576486057,0.4879969459722082,99.04124753895032,35
25,critical_infrastructure,reputation,1.1233807726469938,0.49653143629876495,98.70097519366617,35
26,critical_infrastructure,reputation,1.1187534792374425,0.502173223770737,98.41988876363595,35
27,critical_infrastructure,reputation,1.1151287506620775,0.5125851681192741,98.1306603578191,35
28,critical_infrastructure,reputation,1.110749349294096,0.5193594778551454,97.84741872423581,35
29,critical_infrastructure,reputation,1.1069389375921803,0.5243592142914673,97.61031540957296,35
0,critical_infrastructure,combined_portfolio,1.0054027308959248,0.2039419783891925,91.3168270450627,35
1,critical_infrastructure,combined_portfolio,1.2246023548414549,0.1278635786707072,102.73698606767795,35
2,critical_infrastructure,combined_portfolio,1.3170163707450864,0.08949968749736992,107.19413256555325,35
3,critical_infrastructure,combined_portfolio,1.3508184168735173,0.07563113799772303,108.7686118490471,35
4,critical_infrastructure,combined_portfolio,1.3621513874583246,0.07590626319321023,109.23399287861476,35
5,critical_infrastructure,combined_portfolio,1.3645674215623118,0.08894684004748046,109.18713445819661,35
6,critical_infrastructure,combined_portfolio,1.3617498691869885,0.10358274071600859,108.9096763624882,35
7,critical_infrastructure,combined_portfolio,1.3573918064469819,0.12136093544530063,108.53204789138479,35
8,critical_infrastructure,combined_portfolio,1.3518884699976674,0.13905767473258313,108.10833068313913,35
9,critical_infrastructure,combined_portfolio,1.3461438148245846,0.15858470106949868,107.65268630815848,35
10,critical_infrastructure,combined_portfolio,1.339867208134813,0.17439087603838224,107.21653950203965,35
11,critical_infrastructure,combined_portfolio,1.3343933685412661,0.19076027161994472,106.80685036263827,35
12,critical_infrastructure,combined_portfolio,1.3289506454621607,0.20554314914581187,106.41507178896529,35
13,critical_infrastructure,combined_portfolio,1.3239071230804378,0.2221584547255396,106.01794244388732,35
14,critical_infrastructure,combined_portfolio,1.3184658763870596,0.24344214456742666,105.55186313173711,35
15,critical_infrastructure,combined_portfolio,1.3117346354222326,0.2639434861599736,105.0395618628616,35
16,critical_infrastructure,combined_portfolio,1.304877365385664,0.27899749280492053,104.58268647656347,35
17,critical_infrastructure,combined_portfolio,1.2993700762959748,0.293937818750085,104.1809330560713,35
18,critical_infrastructure,combined_portfolio,1.2941961902196646,0.3070250158932915,103.81468106354906,35
19,critical_infrastructure,combined_portfolio,1.289549571082328,0.32402915583065434,103.42646023356751,35
20,critical_infrastructure,combined_portfolio,1.2840351165440176,0.34493379261696916,102.95592430677007,35
21,critical_infrastructure,combined_portfolio,1.2772920909082786,0.36947452061450486,102.39119574418709,35
22,critical_infrastructure,combined_portfolio,1.2692890933709502,0.38818900013124863,101.83805637680291,35
23,critical_infrastructure,combined_portfolio,1.2624298633698494,0.4008222175708153,101.40019737300184,35
24,critical_infrastructure,combined_portfolio,1.2573996594883103,0.4120880328169165,101.05486395055544,35
25,critical_infrastructure,combined_portfolio,1.253184234347575,0.4231046727965964,100.7473457586883,35
26,critical_infrastructure,combined_portfolio,1.249238952305256,0.4309935942354825,100.48699929471826,35
27,critical_infrastructure,combined_portfolio,1.2461592289450758,0.4440497851450243,100.20437012712608,35
28,critical_infrastructure,combined_portfolio,1.2419833771793871,0.45307233824722887,99.92107853966233,35
29,critical_infrastructure,combined_portfolio,1.2385374540812968,0.46020506458711224,99.68956741561516,35
0,critical_infrastructure,baseline,0.6877117453289404,0.2829371154704261,66.12495525506962,36
1,critical_infrastructure,baseline,0.7522453333689859,0.2541452107340352,70.1544427675155,36
2,critical_infrastructure,baseline,0.8051320131102074,0.24528299270591486,73.09687558965582,36
3,critical_infrastructure,baseline,0.8434954948926447,0.2480050934942542,75.0261636560642,36
4,critical_infrastructure,baseline,0.8682628231670653,0.25399974725111396,76.18088625967378,36
5,critical_infrastructure,baseline,0.8828444636657529,0.2628443593389887,76.77841919504597,36
6,critical_infrastructure,baseline,0.8896943230964394,0.2691861556711592,77.02759840309119,36
7,critical_infrastructure,baseline,0.8922001336615355,0.2739923744013742,77.08567983882082,36
8,critical_infrastructure,baseline,0.8923095137655137,0.28087266232194863,77.00051115274717,36
9,critical_infrastructure,baseline,0.8901491993459236,0.2865943075110394,76.82120143088852,36
10,critical_infrastructure,baseline,0.886852906650381,0.2911325771756322,76.60219887093169,36
11,critical_infrastructure,baseline,0.8831836987679048,0.2950189490489681,76.37313024099147,36
12,critical_infrastructure,baseline,0.8794772782036071,0.29729919900360385,76.16283223018381,36
13,critical_infrastructure,baseline,0.876266985188165,0.2984259068696824,75.9913289814288,36
14,critical_infrastructure,baseline,0.873761427592988,0.3026242182044243,75.8133132026929,36
15,critical_infrastructure,baseline,0.870728430937162,0.30880904730042963,75.58313159087376,36
16,critical_infrastructure,baseline,0.8666987780605322,0.3153940278047105,75.29829423430543,36
17,critical_infrastructure,baseline,0.8618742795845192,0.31962984238398495,75.00444027008473,36
18,critical_infrastructure,baseline,0.8572815042893351,0.32303706844017305,74.73185212260391,36
19,critical_infrastructure,baseline,0.8531114694972874,0.32664324012276585,74.47675336494407,36
20,critical_infrastructure,baseline,0.8491582317589308,0.329491809020882,74.24176302154375,36
21,critical_infrastructure,baseline,0.8455949610142323,0.33154317101627356,74.0361390733401,36
22,critical_infrastructure,baseline,0.8425502169275221,0.3309457291878095,73.89097785586408,36
23,critical_infrastructure,baseline,0.8407109900230106,0.3329204613484572,73.7721114309699,36
24,critical_infrastructure,baseline,0.8388417024950748,0.3314280074400835,73.69754469589047,36
25,critical_infrastructure,baseline,0.8380775621189304,0.33016994979485015,73.675382068682,36
26,critical_infrastructure,baseline,0.8379754625348964,0.3319884874977782,73.64611060910521,36
27,critical_infrastructure,baseline,0.8373170049671195,0.3352930311121121,73.56931671770795,36
28,critical_infrastructure,baseline,0.8358045644346893,0.34098689506233504,73.41781168162593,36
29,critical_infrastructure,baseline,0.8329460584505968,0.3467382897508951,73.1972661723969,36
0,critical_infrastructure,reputation,0.8360684329780685,0.18970983006993414,74.38756463511665,36
1,critical_infrastructure,reputation,1.0192946410083707,0.10081364232916007,84.17335972669389,36
2,critical_infrastructure,reputation,1.1485716539646904,0.05308750015143393,90.17962931624078,36
3,critical_infrastructure,reputation,1.2274084170332382,0.031011928560672586,93.51743181994256,36
4,critical_infrastructure,reputation,1.2701660580376184,0.02137600147173835,95.2319440043415,36
5,critical_infrastructure,reputation,1.2916386701185756,0.021421289324171894,96.01246040938746,36
6,critical_infrastructure,reputation,1.3005830666970175,0.02314842733554745,96.31247427342839,36
7,critical_infrastructure,reputation,1.3037044203256165,0.026515942502438272,96.38048265471296,36
8,critical_infrastructure,reputation,1.3038893919844616,0.0349018545236347,96.27688082734426,36
9,critical_infrastructure,reputation,1.3012431437034004,0.04362419841312101,96.06772483768414,36
10,critical_infrastructure,reputation,1.2973290226936618,0.052156957197584286,95.81524908299049,36
11,critical_infrastructure,reputation,1.292952811885876,0.06074592816010363,95.54495149924546,36
12,critical_infrastructure,reputation,1.288362018202497,0.06793579621625745,95.28491091173481,36
13,critical_infrastructure,reputation,1.2841293748357374,0.07407142445104545,95.05114733778478,36
14,critical_infrastructure,reputation,1.2803802043114345,0.08404193391524517,94.78384441035094,36
15,critical_infrastructure,reputation,1.2755815971193432,0.09636163265442058,94.44735127987714,36
16,critical_infrastructure,reputation,1.2695756224491472,0.10912475008906636,94.06047946904435,36
17,critical_infrastructure,reputation,1.2629087472346336,0.11912625203819263,93.6849165881685,36
18,critical_infrastructure,reputation,1.2568449234606787,0.12823681552485774,93.3420249508619,36
19,critical_infrastructure,reputation,1.2513109432864664,0.13760690158123076,93.01439627990892,36
20,critical_infrastructure,reputation,1.24590608456849,0.14604618547166048,92.70316431610351,36
21,critical_infrastructure,reputation,1.2408476089167908,0.15350990248427177,92.41693497188363,36
22,critical_infrastructure,reputation,1.2362446720755416,0.1578478507112465,92.18829955406453,36
23,critical_infrastructure,reputation,1.2328444510089784,0.16515098871352185,91.9648235396278,36
24,critical_infrastructure,reputation,1.2289973414178554,0.16828519962554214,91.77963530330867,36
25,critical_infrastructure,reputation,1.226304151389476,0.17168839564900623,91.63356438618477,36
26,critical_infrastructure,reputation,1.2240230860588242,0.1785162324055612,91.45772541281876,36
27,critical_infrastructure,reputation,1.2208084004182065,0.18681733506091486,91.22739667949362,36
28,critical_infrastructure,reputation,1.216703580865201,0.1976659586743568,90.92957575963374,36
29,critical_infrastructure,reputation,1.2113758011623852,0.20842699117821828,90.586219621662,36
0,critical_infrastructure,combined_portfolio,0.957461758907915,0.1303485402090062,75.95896133183672,36
1,critical_infrastructure,combined_portfolio,1.1973101233209105,0.004492513166156849,87.73853848780062,36
2,critical_infrastructure,combined_portfolio,1.3255879389279213,0.0,92.57347595750764,36
3,critical_infrastructure,combined_portfolio,1.362122463668462,0.0,93.88253927220354,36
4,critical_infrastructure,combined_portfolio,1.3706258255058945,0.0,94.18524793072854,36
5,critical_infrastructure,combined_portfolio,1.3725109352864544,0.0,94.25225777979975,36
6,critical_infrastructure,combined_portfolio,1.3729240396349391,0.0,94.26693826711443,36
7,critical_infrastructure,combined_portfolio,1.3730143346896257,0.0,94.27014689327261,36
8,critical_infrastructure,combined_portfolio,1.3730340599479334,0.0,94.27084781951356,36
9,critical_infrastructure,combined_portfolio,1.373038368464501,0.0,94.2710009198626,36
10,critical_infrastructure,combined_portfolio,1.3730393095327293,0.0,94.27103436009303,36
11,critical_infrastructure,combined_portfolio,1.3730395150800851,0.0,94.27104166407997,36
12,critical_infrastructure,combined_portfolio,1.3730395599755134,0.0,94.27104325940873,36
13,critical_infrastructure,combined_portfolio,1.373039569781521,0.0,94.27104360785859,36
14,critical_infrastructure,combined_portfolio,1.3730395719233377,0.0,94.2710436839666,36
15,critical_infrastructure,combined_portfolio,1.3730395723911506,0.0,94.27104370059001,36
16,critical_infrastructure,combined_portfolio,1.3730395724933298,0.0,94.27104370422089,36
17,critical_infrastructure,combined_portfolio,1.3730395725156477,0.003169129123701077,94.22921419476187,36
18,critical_infrastructure,combined_portfolio,1.3720109477667046,0.009525275327966827,94.11030697321746,36
19,critical_infrastructure,combined_portfolio,1.369722961648163,0.018606081184766844,93.91215392354613,36
20,critical_infrastructure,combined_portfolio,1.3662733672090557,0.028089415640600253,93.66848940856782,36
21,critical_infrastructure,combined_portfolio,1.3624333093116694,0.03732679381609703,93.41406905098961,36
22,critical_infrastructure,combined_portfolio,1.3585799627606432,0.0436262093919721,93.19753203295824,36
23,critical_infrastructure,combined_portfolio,1.3556699742223606,0.05343758708508096,92.9667728262365,36
24,critical_infrastructure,combined_portfolio,1.3518271040108574,0.05884350281554177,92.76214677478463,36
25,critical_infrastructure,combined_portfolio,1.349196725641161,0.06464732808953635,92.59352289926497,36
26,critical_infrastructure,combined_portfolio,1.3467093269646846,0.07421405519662003,92.38043107380375,36
27,critical_infrastructure,combined_portfolio,1.3430302633560838,0.08535507183638866,92.10519040933069,36
28,critical_infrastructure,combined_portfolio,1.3385596919792846,0.09920726375433606,91.76597621681002,36
29,critical_infrastructure,combined_portfolio,1.3330163602933158,0.11289266711695509,91.39086942041973,36
0,critical_infrastructure,baseline,0.7995204560884814,0.365056712974861,76.64953976915282,37
1,critical_infrastructure,baseline,0.8842997701260589,0.395999931121369,80.8946573466011,37
2,critical_infrastructure,baseline,0.916673627558896,0.4236626498888131,82.25038882761153,37
3,critical_infrastructure,baseline,0.9236083077425468,0.44556389830506965,82.35799867059742,37
4,critical_infrastructure,baseline,0.919759385235585,0.4625827650126286,81.97567238989294,37
5,critical_infrastructure,baseline,0.9121676408714339,0.4776424271779627,81.4241564624728,37
6,critical_infrastructure,baseline,0.9033631774793541,0.4916786365303861,80.81938279116417,37
7,critical_infrastructure,baseline,0.8942920077578276,0.4993052792650303,80.26982944711854,37
8,critical_infrastructure,baseline,0.8872205321905032,0.5052880278826082,79.8378542154067,37
9,critical_infrastructure,baseline,0.8816919806111548,0.5123469335596065,79.47164295530462,37
10,critical_infrastructure,baseline,0.8765733109716553,0.5170488853165146,79.15240146996484,37
11,critical_infrastructure,baseline,0.8724436885166829,0.5204858376594186,78.89781616432255,37
12,critical_infrastructure,baseline,0.869229514818799,0.5223291174479611,78.70849306645209,37
13,critical_infrastructure,baseline,0.8670043450241252,0.5228233724241343,78.58588369749283,37
14,critical_infrastructure,baseline,0.8657241150221143,0.5260747386535561,78.48155865728754,37
15,critical_infrastructure,baseline,0.8639980304584709,0.5252343828320488,78.40040090884276,37
16,critical_infrastructure,baseline,0.8634125751917966,0.5285179162266533,78.33207936915326,37
17,critical_infrastructure,baseline,0.8620240097619145,0.5336040180098693,78.20160367510213,37
18,critical_infrastructure,baseline,0.8596314207281035,0.5409123573406662,77.99292504601921,37
19,critical_infrastructure,baseline,0.8559937615810378,0.5470041253052413,77.73184515393892,37
20,critical_infrastructure,baseline,0.8521360642579879,0.5523409471392848,77.46666896859135,37
21,critical_infrastructure,baseline,0.8484184450924999,0.557617339945431,77.20884021056783,37
22,critical_infrastructure,baseline,0.8447901731531067,0.5616872256538907,76.96880340040954,37
23,critical_infrastructure,baseline,0.841607988902537,0.5667919496245309,76.7402779868209,37
24,critical_infrastructure,baseline,0.8383041852572146,0.5734523044369948,76.48729389389403,37
25,critical_infrastructure,baseline,0.8344194956559186,0.5804669807174287,76.19853112685358,37
26,critical_infrastructure,baseline,0.8301228651670421,0.5898232629736588,75.86014489155642,37
27,critical_infrastructure,baseline,0.8248362255551462,0.5971903320801497,75.48959212220849,37
28,critical_infrastructure,baseline,0.8197112503892314,0.6027614336830072,75.146461830942,37
29,critical_infrastructure,baseline,0.8152641798761042,0.6079261634910793,74.84374114015381,37
0,critical_infrastructure,reputation,0.9789804721829856,0.28397347762709935,85.69845349967149,37
1,critical_infrastructure,reputation,1.1536459416863198,0.25695368857058715,93.92718978413369,37
2,critical_infrastructure,reputation,1.2153130155764862,0.24530636175080298,96.63424398948624,37
3,critical_infrastructure,reputation,1.2341940182050115,0.2425783046207895,97.43383854526445,37
4,critical_infrastructure,reputation,1.2393238112600433,0.24609218690049559,97.60180477846241,37
5,critical_infrastructure,reputation,1.2392686806936797,0.25590729304670506,97.4900286037431,37
6,critical_infrastructure,reputation,1.2359839038463272,0.27030496696066253,97.19759871963227,37
7,critical_infrastructure,reputation,1.2304694105980327,0.28052940857083497,96.86291498770434,37
8,critical_infrastructure,reputation,1.2258502838919856,0.2909973535968331,96.55964857153919,37
9,critical_infrastructure,reputation,1.2213349921356076,0.30395370089330304,96.232053503662,37
10,critical_infrastructure,reputation,1.2160029300686492,0.3145308016939211,95.89819048832061,37
11,critical_infrastructure,reputation,1.2112684074055604,0.3238054046207305,95.602053156776,37
12,critical_infrastructure,reputation,1.2070919051316058,0.33118471703349966,95.34937970910258,37
13,critical_infrastructure,reputation,1.2036660522409242,0.3368778571497725,95.14575199612229,37
14,critical_infrastructure,reputation,1.2009695739018666,0.34577050787606256,94.93530384789413,37
15,critical_infrastructure,reputation,1.1973721046010453,0.3495467964273223,94.74625317778666,37
16,critical_infrastructure,reputation,1.1952639047192628,0.35821105942494813,94.5617422417011,37
17,critical_infrastructure,reputation,1.1918743353256256,0.3687889131828088,94.3038026515789,37
18,critical_infrastructure,reputation,1.1875379331308724,0.38183715456486605,93.97862758957581,37
19,critical_infrastructure,reputation,1.1821435385584391,0.3933375000027085,93.62687339545377,37
20,critical_infrastructure,reputation,1.1769978568181667,0.40397458662372254,93.29397858947476,37
21,critical_infrastructure,reputation,1.1721871839930955,0.4145515722450466,92.9748918550226,37
22,critical_infrastructure,reputation,1.1674670887844036,0.4236801985330174,92.67537005340442,37
23,critical_infrastructure,reputation,1.1632413834542232,0.4339728351050157,92.38257131926183,37
24,critical_infrastructure,reputation,1.1587420446294865,0.44591879123159894,92.05931284906282,37
25,critical_infrastructure,reputation,1.1536126605079753,0.4580869626432238,91.70657198294438,37
26,critical_infrastructure,reputation,1.1482365729325106,0.4727972361767733,91.31377887563926,37
27,critical_infrastructure,reputation,1.1419355236206612,0.48503553911197717,90.90910090972696,37
28,critical_infrastructure,reputation,1.1362004932551653,0.49523095084814583,90.5500044478747,37
29,critical_infrastructure,reputation,1.13127827511744,0.504985770420581,90.22955254074101,37
0,critical_infrastructure,combined_portfolio,1.1458571481288549,0.22305344259668416,88.42145664403238,37
1,critical_infrastructure,combined_portfolio,1.3130911380837809,0.158464099609881,96.17578267136722,37
2,critical_infrastructure,combined_portfolio,1.3360593546347046,0.12365858039121783,97.52548544716875,37
3,critical_infrastructure,combined_portfolio,1.3464052276664502,0.10724040747665334,98.10615789405877,37
4,critical_infrastructure,combined_portfolio,1.3511980485449737,0.10361772067831587,98.32906493893952,37
5,critical_infrastructure,combined_portfolio,1.3520661506542662,0.11088598277415623,98.28137415285684,37
6,critical_infrastructure,combined_portfolio,1.3495793625459485,0.1257606427329867,98.0223365654648,37
7,critical_infrastructure,combined_portfolio,1.344799087634651,0.13749552480944444,97.71238317414846,37
8,critical_infrastructure,combined_portfolio,1.341219983311074,0.1504553461086285,97.43111593077289,37
9,critical_infrastructure,combined_portfolio,1.3371386185588667,0.16676875856807488,97.09370679677143,37
10,critical_infrastructure,combined_portfolio,1.331962335441992,0.18072007133433735,96.74171620026031,37
11,critical_infrastructure,combined_portfolio,1.3276284846474609,0.19338731089226827,96.43437772653685,37
12,critical_infrastructure,combined_portfolio,1.3236573577629203,0.20402849871006712,96.16353260756708,37
13,critical_infrastructure,combined_portfolio,1.3203297263757068,0.21283763338289755,95.9373152426456,37
14,critical_infrastructure,combined_portfolio,1.317569178244867,0.22522727153956693,95.69194233009077,37
15,critical_infrastructure,combined_portfolio,1.3135789964693494,0.2318992348135496,95.46523409493382,37
16,critical_infrastructure,combined_portfolio,1.3115493003895953,0.2440039398472529,95.2497498825272,37
17,critical_infrastructure,combined_portfolio,1.3076081590550659,0.25815276239277646,94.94015194604597,37
18,critical_infrastructure,combined_portfolio,1.3030667355128147,0.2749325096556133,94.57668754772286,37
19,critical_infrastructure,combined_portfolio,1.29766266104157,0.28989063088840167,94.20022602785487,37
20,critical_infrastructure,combined_portfolio,1.2928831588111018,0.3038314023474756,93.85796490693944,37
21,critical_infrastructure,combined_portfolio,1.288403745849723,0.3176496723433663,93.52821288291989,37
22,critical_infrastructure,combined_portfolio,1.2839407586798814,0.3298207586482401,93.21740276586907,37
23,critical_infrastructure,combined_portfolio,1.280013216897171,0.3432257779614583,92.91269410686877,37
24,critical_infrastructure,combined_portfolio,1.2756475484958054,0.3583562443178195,92.57153844292424,37
25,critical_infrastructure,combined_portfolio,1.270706104781442,0.37361668798178815,92.20596461915557,37
26,critical_infrastructure,combined_portfolio,1.2657196954780918,0.3915365792808847,91.80761500660789,37
27,critical_infrastructure,combined_portfolio,1.259830932098213,0.40662515442889585,91.4055775433137,37
28,critical_infrastructure,combined_portfolio,1.2548806024193633,0.41945034785304836,91.06433552336159,37
29,critical_infrastructure,combined_portfolio,1.2506542068063577,0.4317913325551555,90.756800874187,37
0,critical_infrastructure,baseline,0.8477246549424061,0.33179564773812353,94.00526154712863,38
1,critical_infrastructure,baseline,0.9686878875324186,0.3476201739955201,101.05234310957252,38
2,critical_infrastructure,baseline,1.0261783841105792,0.37281529934238533,103.9640072030394,38
3,critical_infrastructure,baseline,1.0493476028167499,0.3975860319681984,104.93913453267288,38
4,critical_infrastructure,baseline,1.055413347072164,0.4192335939369529,105.0266728321906,38
5,critical_infrastructure,baseline,1.0535948896902787,0.4384950021390095,104.72178696527813,38
6,critical_infrastructure,baseline,1.0483477816521696,0.45520769469262923,104.26221000004682,38
7,critical_infrastructure,baseline,1.0419501937145803,0.4664846725864915,103.79928621108562,38
8,critical_infrastructure,baseline,1.0361985305465402,0.4743740579498204,103.40591007280507,38
9,critical_infrastructure,baseline,1.031534935268989,0.4805312045579442,103.08844777042744,38
10,critical_infrastructure,baseline,1.0278084078212246,0.48581346483290866,102.83014748108705,38
11,critical_infrastructure,baseline,1.0247496845794974,0.4855650909358611,102.66791511591327,38
12,critical_infrastructure,baseline,1.023270454707506,0.48519701629033013,102.59172491605804,38
13,critical_infrastructure,baseline,1.0226109442975806,0.48416527143656507,102.56719613768061,38
14,critical_infrastructure,baseline,1.0225120740591456,0.48675055491539554,102.53341329908721,38
15,critical_infrastructure,baseline,1.021880970323409,0.4878750980242318,102.48712473000631,38
16,critical_infrastructure,baseline,1.0213113641476745,0.4887249403797145,102.44700697966718,38
17,critical_infrastructure,baseline,1.0208344104009621,0.49271936327211274,102.37745472400553,38
18,critical_infrastructure,baseline,1.019696659149624,0.49700720056137265,102.26909357990056,38
19,critical_infrastructure,baseline,1.0181613804281666,0.5021343774134386,102.12987672662078,38
20,critical_infrastructure,baseline,1.0162379068313665,0.5074734209590972,101.96716602018786,38
21,critical_infrastructure,baseline,1.014072087597762,0.5138779741216816,101.77942027298825,38
22,critical_infrastructure,baseline,1.011545112472033,0.5187061969064326,101.58908634631243,38
23,critical_infrastructure,baseline,1.0091916204043674,0.5218165544502256,101.42662764257176,38
24,critical_infrastructure,baseline,1.0073116145388856,0.5278650981008114,101.25758308174406,38
25,critical_infrastructure,baseline,1.0050082670816702,0.5360562948070627,101.0419715563245,38
26,critical_infrastructure,baseline,1.0020107132527598,0.5428213116175635,100.80371424567112,38
27,critical_infrastructure,baseline,0.9989858509765654,0.5521923216978634,100.53487153592522,38
28,critical_infrastructure,baseline,0.9953611920343247,0.5612921768059582,100.23565427625547,38
29,critical_infrastructure,baseline,0.9914967713651062,0.567074088258783,99.95882991014325,38
0,critical_infrastructure,reputation,1.0175557514222175,0.24549783419787108,103.70412670306824,38
1,critical_infrastructure,reputation,1.2133584398432156,0.19350665187877775,114.28699653951294,38
2,critical_infrastructure,reputation,1.282761303333492,0.16773326382559298,117.81416880266369,38
3,critical_infrastructure,reputation,1.3046191918986012,0.1564601914618771,118.9310700057523,38
4,critical_infrastructure,reputation,1.3117432590127098,0.15492145566316445,119.26843655249786,38
5,critical_infrastructure,reputation,1.3135365047642378,0.16157055352516114,119.27655959742009,38
6,critical_infrastructure,reputation,1.312401493911539,0.17345786112242886,119.09703591124067,38
7,critical_infrastructure,reputation,1.3094997320340358,0.18437287044704695,118.84947432796116,38
8,critical_infrastructure,reputation,1.3064589921830245,0.1949096004232665,118.59917507443797,38
9,critical_infrastructure,reputation,1.3034710598610453,0.20564842199707412,118.34870002609802,38
10,critical_infrastructure,reputation,1.3004441899305896,0.2166308286519003,118.09359705296124,38
11,critical_infrastructure,reputation,1.297350301988663,0.22123838366237278,117.90503903815238,38
12,critical_infrastructure,reputation,1.2956720282354728,0.2260897997293378,117.77647127147537,38
13,critical_infrastructure,reputation,1.2942307409055975,0.23014818887278407,117.6674603949017,38
14,critical_infrastructure,reputation,1.293016205834772,0.23870528002244856,117.51930514724326,38
15,critical_infrastructure,reputation,1.2908365139302183,0.2452202222572412,117.3505117614907,38
16,critical_infrastructure,reputation,1.2889117780313717,0.25132875614737404,117.19713343323868,38
17,critical_infrastructure,reputation,1.2871303317780216,0.26130282164971336,117.00780838980211,38
18,critical_infrastructure,reputation,1.2845082209233425,0.2714857669077532,116.7785238648574,38
19,critical_infrastructure,reputation,1.2816577077873148,0.2826370172828194,116.52795262897148,38
20,critical_infrastructure,reputation,1.2785369459251485,0.293984421406696,116.262788945006,38
21,critical_infrastructure,reputation,1.2753096096713876,0.30658924100972895,115.97869863353283,38
22,critical_infrastructure,reputation,1.271771582118107,0.3171771629949309,115.70233263875365,38
23,critical_infrastructure,reputation,1.2686139069602573,0.3256657548131384,115.46569612734673,38
24,critical_infrastructure,reputation,1.2660068908694386,0.3377138535889773,115.21486045381783,38
25,critical_infrastructure,reputation,1.2627173922616644,0.35212996991639967,114.90708429748422,38
26,critical_infrastructure,reputation,1.2587389714324189,0.36459521113857196,114.58879338320779,38
27,critical_infrastructure,reputation,1.2550384175801326,0.3801126994104753,114.24909188313076,38
28,critical_infrastructure,reputation,1.2507072758871391,0.3950846184166203,113.88618811052196,38
29,critical_infrastructure,reputation,1.2463473481707121,0.40598930459503635,113.56573920520022,38
0,critical_infrastructure,combined_portfolio,1.1753794989760602,0.18548227567401673,107.19855009562656,38
1,critical_infrastructure,combined_portfolio,1.3542559418809164,0.0938839420519049,116.7117460753412,38
2,critical_infrastructure,combined_portfolio,1.3777390030114072,0.04203238351725828,118.37432973022933,38
3,critical_infrastructure,combined_portfolio,1.3882242494295398,0.014276628405009852,119.13171707524656,38
4,critical_infrastructure,combined_portfolio,1.3938255760481482,0.0033243644131562347,119.49164010246831,38
5,critical_infrastructure,combined_portfolio,1.3959168203196144,0.00567710932936958,119.55615879102879,38
6,critical_infrastructure,combined_portfolio,1.3952434486298935,0.016705426862547702,119.40833677180547,38
7,critical_infrastructure,combined_portfolio,1.392809649966748,0.028489014851709495,119.17717751647837,38
8,critical_infrastructure,combined_portfolio,1.3903257005766798,0.04103691682972086,118.93450936878381,38
9,critical_infrastructure,combined_portfolio,1.3876692987777794,0.054558007892086126,118.67376378551599,38
10,critical_infrastructure,combined_portfolio,1.3848010842095693,0.06880321541026505,118.39591460137113,38
11,critical_infrastructure,combined_portfolio,1.3817786412693667,0.07616794431571902,118.18657494764764,38
12,critical_infrastructure,combined_portfolio,1.3803077616037276,0.08398855348642972,118.03740777779672,38
13,critical_infrastructure,combined_portfolio,1.3786369031299,0.09101676018402885,117.88920476549951,38
14,critical_infrastructure,combined_portfolio,1.3771545568848145,0.1031049638752233,117.69339973244914,38
15,critical_infrastructure,combined_portfolio,1.3745212211142521,0.11289277613466772,117.47416799739499,38
16,critical_infrastructure,combined_portfolio,1.372468656833923,0.12221583422293839,117.28382566560057,38
17,critical_infrastructure,combined_portfolio,1.3704846459117492,0.13580003844751445,117.04992878840828,38
18,critical_infrastructure,combined_portfolio,1.3675358200749426,0.14953144050374526,116.77335351404113,38
19,critical_infrastructure,combined_portfolio,1.364600983770779,0.16425383887292902,116.4858061544353,38
20,critical_infrastructure,combined_portfolio,1.3614368957372365,0.17910473235325627,116.1868535699253,38
21,critical_infrastructure,combined_portfolio,1.358249128707235,0.1952523847711076,115.8723121900782,38
22,critical_infrastructure,combined_portfolio,1.3547638788842913,0.20908368079950398,115.57015227709697,38
23,critical_infrastructure,combined_portfolio,1.3518061267430233,0.22055587145069297,115.31594219559614,38
24,critical_infrastructure,combined_portfolio,1.3493495887811597,0.2358930920011155,115.04100385953338,38
25,critical_infrastructure,combined_portfolio,1.345998390516937,0.25369826909903753,114.70062044423334,38
26,critical_infrastructure,combined_portfolio,1.342121619430588,0.2692281554569309,114.36169800062946,38
27,critical_infrastructure,combined_portfolio,1.338767555918391,0.2880000755570336,114.00922570690462,38
28,critical_infrastructure,combined_portfolio,1.3346576272098185,0.3060289012651105,113.63207753547788,38
29,critical_infrastructure,combined_portfolio,1.330730139207628,0.3195352672713124,113.31152424410831,38
0,critical_infrastructure,baseline,0.7878511832316847,0.3245377088974515,54.10565774940378,39
1,critical_infrastructure,baseline,0.8879304638850579,0.3328567320361891,57.91595362243704,39
2,critical_infrastructure,baseline,0.9407725461532708,0.3497313822313056,59.65436224187538,39
3,critical_infrastructure,baseline,0.9644825754953922,0.37006270039499956,60.26495812626748,39
4,critical_infrastructure,baseline,0.9710350385427853,0.389335072924426,60.27902863427265,39
5,critical_infrastructure,baseline,0.9684945187102834,0.40315250508978595,60.03730867607337,39
6,critical_infrastructure,baseline,0.9626954141797359,0.41650512023768127,59.68620528611587,39
7,critical_infrastructure,baseline,0.9552537532253907,0.424640450830988,59.334880262860544,39
8,critical_infrastructure,baseline,0.9485718352811612,0.428606397095348,59.055194211487716,39
9,critical_infrastructure,baseline,0.9436356841786289,0.43228350284017947,58.83916837101267,39
10,critical_infrastructure,baseline,0.9397507171724804,0.43565646157278604,58.6633238967751,39
11,critical_infrastructure,baseline,0.9365402167627692,0.4385028539352792,58.51704338999271,39
12,critical_infrastructure,baseline,0.9338680897551705,0.44350349135251127,58.36552467132307,39
13,critical_infrastructure,baseline,0.9308053407898512,0.44992554398522344,58.18401637994651,39
14,critical_infrastructure,baseline,0.9270746822648595,0.45926480934934655,57.945556751471635,39
15,critical_infrastructure,baseline,0.9220468573947462,0.4667678076941001,57.68065977993549,39
16,critical_infrastructure,baseline,0.9168901978163827,0.4765547879165378,57.38450041928362,39
17,critical_infrastructure,baseline,0.9109341326298354,0.48388763214748187,57.086116059326784,39
18,critical_infrastructure,baseline,0.9053192147547797,0.49097741848771514,56.80165115286223,39
19,critical_infrastructure,baseline,0.8999684190941561,0.49667581948689765,56.541543738865975,39
20,critical_infrastructure,baseline,0.8952053413859085,0.5035690103137143,56.28875265601847,39
21,critical_infrastructure,baseline,0.8903842977654207,0.5096579096927013,56.04224164092258,39
22,critical_infrastructure,baseline,0.8857866306449945,0.5163145708750795,55.79687467094301,39
23,critical_infrastructure,baseline,0.8811302014702939,0.5201090026704263,55.580816966048005,39
24,critical_infrastructure,baseline,0.8773524245125459,0.525606842986775,55.37768886552375,39
25,critical_infrastructure,baseline,0.8735157575570175,0.5321479742266094,55.160341081830055,39
26,critical_infrastructure,baseline,0.8693133929872057,0.5390705671564633,54.92449548353912,39
27,critical_infrastructure,baseline,0.864786697107726,0.5470984315615757,54.66337488023169,39
28,critical_infrastructure,baseline,0.8597275985091678,0.5532516366110544,54.402411946402616,39
29,critical_infrastructure,baseline,0.8549703373804183,0.5584799256156533,54.16235022657283,39
0,critical_infrastructure,reputation,0.9929021281584104,0.209101176396278,61.864131652183545,39
1,critical_infrastructure,reputation,1.204015716482105,0.1343407384123662,69.42500251041771,39
2,critical_infrastructure,reputation,1.2914550385140595,0.09284165895654872,72.404100460173,39
3,critical_infrastructure,reputation,1.3242275061425497,0.07457650275961142,73.51588341724488,39
4,critical_infrastructure,reputation,1.3363550066726104,0.07056712205976251,73.89170408635175,39
5,critical_infrastructure,reputation,1.3398260989301136,0.07177128307676789,73.97290971531852,39
6,critical_infrastructure,reputation,1.3400562412108747,0.08144073317937045,73.8711292782885,39
7,critical_infrastructure,reputation,1.337015486713555,0.0904744826437286,73.68876724692366,39
8,critical_infrastructure,reputation,1.3335997674949398,0.09813951451591135,73.5109985604043,39
9,critical_infrastructure,reputation,1.3305482918070202,0.10794980605089027,73.3186368243842,39
10,critical_infrastructure,reputation,1.3268730673066413,0.11870642142301385,73.09883101611555,39
11,critical_infrastructure,reputation,1.3227776751249638,0.12944854295810854,72.86754519039594,39
12,critical_infrastructure,reputation,1.3186023576078911,0.14331174107969258,72.59870767100483,39
13,critical_infrastructure,reputation,1.3134088977692553,0.15905095227378852,72.28096051916562,39
14,critical_infrastructure,reputation,1.307415888935016,0.1785146134540625,71.89904500037623,39
15,critical_infrastructure,reputation,1.3000682510500596,0.19550050193210566,71.50722910055399,39
16,critical_infrastructure,reputation,1.2932259585513304,0.21543365335684694,71.09498965998016,39
17,critical_infrastructure,reputation,1.2855177431209133,0.23210964664470263,70.69474480842848,39
18,critical_infrastructure,reputation,1.2786467968609359,0.2484672064069693,70.32002653353281,39
19,critical_infrastructure,reputation,1.272020541798308,0.26295499328824384,69.97240896694895,39
20,critical_infrastructure,reputation,1.2660173119954077,0.2788015083598296,69.62617247837088,39
21,critical_infrastructure,reputation,1.2596918625952054,0.2933742106951246,69.28467613570393,39
22,critical_infrastructure,reputation,1.2536836472714932,0.308443324159586,68.94573250202488,39
23,critical_infrastructure,reputation,1.2475664836833817,0.319760782381383,68.64522167477836,39
24,critical_infrastructure,reputation,1.2426017367565043,0.33309658506563683,68.35398320896043,39
25,critical_infrastructure,reputation,1.2372354693562335,0.3474096497074577,68.04012525889229,39
26,critical_infrastructure,reputation,1.231453098225352,0.36188597800303346,67.71194534725863,39
27,critical_infrastructure,reputation,1.22550726744813,0.37744809763117965,67.36617969103494,39
28,critical_infrastructure,reputation,1.2191596655814438,0.39052358536103127,67.03606435859136,39
29,critical_infrastructure,reputation,1.2134903532194892,0.4024597363935907,66.7374688044173,39
0,critical_infrastructure,combined_portfolio,1.1622351310539245,0.1417834057715686,62.535953050431566,39
1,critical_infrastructure,combined_portfolio,1.3641303478058058,0.024338909967138757,69.79819145651129,39
2,critical_infrastructure,combined_portfolio,1.4004635228138693,0.0,71.10156334397213,39
3,critical_infrastructure,combined_portfolio,1.4050218521928102,0.0,71.23327814243333,39
4,critical_infrastructure,combined_portfolio,1.404556335804032,0.0,71.22322393881034,39
5,critical_infrastructure,combined_portfolio,1.404604533846141,0.0,71.22426785345903,39
6,critical_infrastructure,combined_portfolio,1.4045995505192974,0.0,71.22415995088457,39
7,critical_infrastructure,combined_portfolio,1.4046000658333428,0.0,71.22417110916274,39
8,critical_infrastructure,combined_portfolio,1.4046000125467304,0.0,71.22416995533229,39
9,critical_infrastructure,combined_portfolio,1.4046000180568994,0.0,71.22417007464561,39
10,critical_infrastructure,combined_portfolio,1.4046000174871136,0.0,71.22417006230786,39
11,critical_infrastructure,combined_portfolio,1.404600017546033,0.0,71.22417006358368,39
12,critical_infrastructure,combined_portfolio,1.4046000175399402,0.005605460714864653,71.16124657147894,39
13,critical_infrastructure,combined_portfolio,1.4028137997814354,0.018301550590674433,70.9729924144777,39
14,critical_infrastructure,combined_portfolio,1.398951710416566,0.038215011857272975,70.649674355518,39
15,critical_infrastructure,combined_portfolio,1.3929956073092846,0.057224542501454735,70.28150089402848,39
16,critical_infrastructure,combined_portfolio,1.3875185236136514,0.08060375456959498,69.87525616531954,39
17,critical_infrastructure,combined_portfolio,1.3805807089255016,0.10095949124180933,69.4647693662755,39
18,critical_infrastructure,combined_portfolio,1.374713179769306,0.12129604363842653,69.08103282873904,39
19,critical_infrastructure,combined_portfolio,1.36873031786358,0.13971839880486595,68.7156584116536,39
20,critical_infrastructure,combined_portfolio,1.3633427032271657,0.15970758364546014,68.347692328838,39
21,critical_infrastructure,combined_portfolio,1.3573865951661372,0.1782670922538673,67.98058534965269,39
22,critical_infrastructure,combined_portfolio,1.3519063382888312,0.19733166560048884,67.61956935229901,39
23,critical_infrastructure,combined_portfolio,1.3462087969214462,0.2122037905372051,67.29955997018072,39
24,critical_infrastructure,combined_portfolio,1.3418401387322363,0.22927096559569635,66.9896239841427,39
25,critical_infrastructure,combined_portfolio,1.336670390903242,0.24731917975718062,66.64755412412909,39
26,critical_infrastructure,combined_portfolio,1.3312202514808458,0.2654337837517181,66.29645600091713,39
27,critical_infrastructure,combined_portfolio,1.3257452415092041,0.2846231349364105,65.93200873974686,39
28,critical_infrastructure,combined_portfolio,1.3199083944822367,0.3009820507563966,65.58906655350198,39
29,critical_infrastructure,combined_portfolio,1.3149689796306903,0.3160530362430628,65.28411409762252,39
0,critical_infrastructure,baseline,0.9214897661738343,0.3993103522479675,83.21909124405438,40
1,critical_infrastructure,baseline,1.03640052869678,0.4535388013435905,88.23200729751716,40
2,critical_infrastructure,baseline,1.0682597849338549,0.4917713004393678,89.27581878023263,40
3,critical_infrastructure,baseline,1.0705540728216354,0.5192168860880342,89.07659333038848,40
4,critical_infrastructure,baseline,1.063797367272108,0.5345995859458685,88.6007929470734,40
5,critical_infrastructure,baseline,1.0567199377914878,0.5443329873024608,88.17043563296065,40
6,critical_infrastructure,baseline,1.0510977608990684,0.5488407587458506,87.86337883157957,40
7,critical_infrastructure,baseline,1.0475371355252854,0.5538087562734006,87.64409363061661,40
8,critical_infrastructure,baseline,1.0446901667640303,0.5623869843940636,87.41655006168682,40
9,critical_infrastructure,baseline,1.0411225903275296,0.5691642431566322,87.17646197183217,40
10,critical_infrastructure,baseline,1.037766085169639,0.5738154211135646,86.96945261669495,40
11,critical_infrastructure,baseline,1.0350921138451294,0.5765196278189176,86.81544299351896,40
12,critical_infrastructure,baseline,1.033242741774194,0.5800193215745464,86.6902241620441,40
13,critical_infrastructure,baseline,1.031506857403591,0.5843590287442624,86.56082688321771,40
14,critical_infrastructure,baseline,1.0295817776115053,0.5943836082559538,86.35827271806387,40
15,critical_infrastructure,baseline,1.0259855288087867,0.6034421366367847,86.08940321360187,40
16,critical_infrastructure,baseline,1.0219783953125934,0.6110112122140833,85.81743421513309,40
17,critical_infrastructure,baseline,1.0182213002074647,0.6168654277821565,85.57579595816912,40
18,critical_infrastructure,baseline,1.015047018379398,0.6230386358360867,85.35723696632706,40
19,critical_infrastructure,baseline,1.0120209962084101,0.6275042566388749,85.16473771588132,40
20,critical_infrastructure,baseline,1.0095341683265924,0.6301769521259166,85.01745692998496,40
21,critical_infrastructure,baseline,1.0077699819362147,0.6332995823724247,84.8988440798631,40
22,critical_infrastructure,baseline,1.0061744591454207,0.6389840469643787,84.75922567660578,40
23,critical_infrastructure,baseline,1.0039293949689498,0.6432102979102573,84.60559555842991,40
24,critical_infrastructure,baseline,1.0018280270996107,0.6455271396930972,84.47996359711718,40
25,critical_infrastructure,baseline,1.0003205986105654,0.6474316451601134,84.38684535975096,40
26,critical_infrastructure,baseline,0.9991711737163762,0.6525021481011903,84.2748387313542,40
27,critical_infrastructure,baseline,0.9972801373917722,0.6584342511805965,84.11815142143631,40
28,critical_infrastructure,baseline,0.994844644916405,0.6615734546148293,83.96700016830351,40
29,critical_infrastructure,baseline,0.9929697966559965,0.6644936062177049,83.84449177944158,40
0,critical_infrastructure,reputation,1.1151551885380586,0.3259891110866314,91.91416849599676,40
1,critical_infrastructure,reputation,1.2781669684774273,0.3263988837492586,98.78081447661972,40
2,critical_infrastructure,reputation,1.298500210230522,0.32906172660400107,99.5842946308107,40
3,critical_infrastructure,reputation,1.299216717642213,0.3369350411060653,99.52868410229758,40
4,critical_infrastructure,reputation,1.2970562796175888,0.34346968514347553,99.37242255495892,40
5,critical_infrastructure,reputation,1.295080791906587,0.35123228436955334,99.20834318389424,40
6,critical_infrastructure,reputation,1.2927708909353086,0.3569524451343765,99.05454456247146,40
7,critical_infrastructure,reputation,1.2910082499681492,0.3652923611816585,98.89183762870051,40
8,critical_infrastructure,reputation,1.2885465765374156,0.3788091968675014,98.64375142497148,40
9,critical_infrastructure,reputation,1.2845814535762203,0.39040526861356944,98.35918699789946,40
10,critical_infrastructure,reputation,1.2810406015087519,0.39961069124816495,98.11722396911212,40
11,critical_infrastructure,reputation,1.2781933325422024,0.4065326957262725,97.92776056122744,40
12,critical_infrastructure,reputation,1.2760331798356228,0.4143598608718184,97.75466718929702,40
13,critical_infrastructure,reputation,1.2736690032775073,0.42303953169333885,97.5641020190646,40
14,critical_infrastructure,reputation,1.2710466804788234,0.43833114624762126,97.28843109245541,40
15,critical_infrastructure,reputation,1.266546020309349,0.45226693783080485,96.95472961085956,40
16,critical_infrastructure,reputation,1.262263672820274,0.4644694796132668,96.64809322066006,40
17,critical_infrastructure,reputation,1.2584745822605785,0.47469125112010635,96.38280692707063,40
18,critical_infrastructure,reputation,1.2552743428341888,0.4852729445557687,96.13634212246558,40
19,critical_infrastructure,reputation,1.2520186058972609,0.49374177340744263,95.91153991939586,40
20,critical_infrastructure,reputation,1.2493441868053696,0.5000643978834136,95.73365677340726,40
21,critical_infrastructure,reputation,1.247320469214617,0.5068563427199139,95.57612875960322,40
22,critical_infrastructure,reputation,1.2452234326562304,0.5164721952718032,95.38382164619291,40
23,critical_infrastructure,reputation,1.2423250941517052,0.524204019403042,95.1810061738542,40
24,critical_infrastructure,reputation,1.2398735841186026,0.5297333454043591,95.02037815936974,40
25,critical_infrastructure,reputation,1.2380795362839379,0.5348241793713293,94.89079732077111,40
26,critical_infrastructure,reputation,1.236471564960694,0.5434814896326863,94.72834315884761,40
27,critical_infrastructure,reputation,1.23388070316191,0.5528967369573454,94.51818995874154,40
28,critical_infrastructure,reputation,1.2309742688797454,0.5590403786991764,94.33201658245801,40
29,critical_infrastructure,reputation,1.228948061329591,0.5650426927807924,94.18227736984127,40
0,critical_infrastructure,combined_portfolio,1.3048394022810823,0.2670089969614154,94.57740552798472,40
1,critical_infrastructure,combined_portfolio,1.3772991903719185,0.23649545912131323,98.16386690083554,40
2,critical_infrastructure,combined_portfolio,1.369298498955866,0.2224785450123047,98.08182552051252,40
3,critical_infrastructure,combined_portfolio,1.375256991108009,0.22261653282544783,98.29198405846604,40
4,critical_infrastructure,combined_portfolio,1.3737124938900542,0.2262004594905266,98.19928246760793,40
5,critical_infrastructure,combined_portfolio,1.373100538412621,0.23372668980412262,98.09068760097713,40
6,critical_infrastructure,combined_portfolio,1.3711454103463605,0.24036023857211478,97.94385037017341,40
7,critical_infrastructure,combined_portfolio,1.3697792576189183,0.2505981419605139,97.77669325458186,40
8,critical_infrastructure,combined_portfolio,1.367251934023322,0.2669081803900979,97.49868662484097,40
9,critical_infrastructure,combined_portfolio,1.3633100211426825,0.2812321294580194,97.19038617544467,40
10,critical_infrastructure,combined_portfolio,1.360268487920681,0.2929777512183535,96.94303156154835,40
11,critical_infrastructure,combined_portfolio,1.3577190123019902,0.3022336575896059,96.74238929784646,40
12,critical_infrastructure,combined_portfolio,1.3557417613015195,0.3124939823284811,96.55164547778395,40
13,critical_infrastructure,combined_portfolio,1.3533406855979477,0.3236689472123047,96.33522199782361,40
14,critical_infrastructure,combined_portfolio,1.3507810743810391,0.34205769919375495,96.03082394413802,40
15,critical_infrastructure,combined_portfolio,1.346231716689035,0.35884984853021146,95.67057798483418,40
16,critical_infrastructure,combined_portfolio,1.342589150998232,0.37367750667286675,95.36439218257523,40
17,critical_infrastructure,combined_portfolio,1.3392733836089847,0.3863035208583004,95.09562363415323,40
18,critical_infrastructure,combined_portfolio,1.3364904591684414,0.399299516679117,94.8424999256814,40
19,critical_infrastructure,combined_portfolio,1.3334754958879023,0.4099509044534621,94.60745581286818,40
20,critical_infrastructure,combined_portfolio,1.331163603978897,0.4182544349167025,94.42491944706376,40
21,critical_infrastructure,combined_portfolio,1.3293479154290255,0.4270759856905026,94.25546311430985,40
22,critical_infrastructure,combined_portfolio,1.3272740481711829,0.43893589056142696,94.04219376809982,40
23,critical_infrastructure,combined_portfolio,1.3244019330826338,0.44867123642503326,93.82273276133863,40
24,critical_infrastructure,combined_portfolio,1.322294499872428,0.4560031415862183,93.65849069518342,40
25,critical_infrastructure,combined_portfolio,1.3206912105358315,0.46287945546470705,93.51881914058916,40
26,critical_infrastructure,combined_portfolio,1.3191050944345968,0.47360156789275615,93.33653795275194,40
27,critical_infrastructure,combined_portfolio,1.3164350054044145,0.4850403782744857,93.10519890063536,40
28,critical_infrastructure,combined_portfolio,1.3137893849616922,0.4928792464641399,92.91461529634074,40
29,critical_infrastructure,combined_portfolio,1.3121425099186776,0.5005941576944593,92.7630919683074,40
0,critical_infrastructure,baseline,0.6840493709787129,0.29516482462420374,72.33560869849973,41
1,critical_infrastructure,baseline,0.7399395499424014,0.2730288273900791,76.0795811803694,41
2,critical_infrastructure,baseline,0.7847035366125295,0.2636166768477902,78.84177003313918,41
3,critical_infrastructure,baseline,0.8185764390289492,0.2646498952781547,80.75896504566383,41
4,critical_infrastructure,baseline,0.8423192853552257,0.267550407737218,82.04114903165942,41
5,critical_infrastructure,baseline,0.8584489164382457,0.2772773088168295,82.80128934178185,41
6,critical_infrastructure,baseline,0.8676527747872309,0.28727970115961765,83.17523763080901,41
7,critical_infrastructure,baseline,0.8719004319113899,0.29399361544214847,83.32100636039047,41
8,critical_infrastructure,baseline,0.8733882928737122,0.3002961196214473,83.32357566937812,41
9,critical_infrastructure,baseline,0.8730206986189246,0.30966412034603036,83.18937431811727,41
10,critical_infrastructure,baseline,0.8706540598072887,0.31462330758777945,83.00243183173504,41
11,critical_infrastructure,baseline,0.8678682397808568,0.3189877672568052,82.79981777263289,41
12,critical_infrastructure,baseline,0.8649202033192325,0.3245000715269385,82.57400988705199,41
13,critical_infrastructure,baseline,0.8615993005213389,0.330087910185663,82.32680267769092,41
14,critical_infrastructure,baseline,0.8579979792959882,0.3330159144345716,82.0965104320299,41
15,critical_infrastructure,baseline,0.8547967082661824,0.3361028172629663,81.88524634861409,41
16,critical_infrastructure,baseline,0.8518418880261448,0.33881306953613716,81.69153308443214,41
17,critical_infrastructure,baseline,0.8491455911571981,0.3409346604911641,81.51870586354735,41
18,critical_infrastructure,baseline,0.8467640808935886,0.34617754017000907,81.32444174051227,41
19,critical_infrastructure,baseline,0.8439026424826969,0.3523709133391702,81.09209664053769,41
20,critical_infrastructure,baseline,0.8404882189744217,0.3541066307083832,80.8836551820627,41
21,critical_infrastructure,baseline,0.8376855699678156,0.3574877113281347,80.68798005050942,41
22,critical_infrastructure,baseline,0.8349447809748708,0.3591938363999968,80.51595336999779,41
23,critical_infrastructure,baseline,0.8326242418567267,0.36267198669792267,80.34501970529746,41
24,critical_infrastructure,baseline,0.8302019047121068,0.3694827180608604,80.1273948249281,41
25,critical_infrastructure,baseline,0.8269578323797044,0.3763088895914331,79.86373142971075,41
26,critical_infrastructure,baseline,0.8231292110546825,0.3822153619784769,79.57817417504552,41
27,critical_infrastructure,baseline,0.8190938360088609,0.3865554917891142,79.29944272081069,41
28,critical_infrastructure,baseline,0.8152641072138763,0.39240759648333884,79.01283120226853,41
29,critical_infrastructure,baseline,0.8112391978370689,0.39717975101251035,78.7277630354154,41
0,critical_infrastructure,reputation,0.816919827559088,0.1890289227734869,80.5481336581616,41
1,critical_infrastructure,reputation,0.9818208024425059,0.09792720587573572,90.31218571014134,41
2,critical_infrastructure,reputation,1.1024364157653164,0.043436057486545526,96.61736447334391,41
3,critical_infrastructure,reputation,1.1824118071467395,0.015732998336593307,100.43038192954418,41
4,critical_infrastructure,reputation,1.230981613897163,0.00024300659714698858,102.63887244465613,41
5,critical_infrastructure,reputation,1.25918434466138,0.00016031754273732046,103.7826297383814,41
6,critical_infrastructure,reputation,1.2732122690208214,0.005586840148452371,104.27735893052628,41
7,critical_infrastructure,reputation,1.2788659258516122,0.010785194407064574,104.43883110418388,41
8,critical_infrastructure,reputation,1.2804495370940334,0.018311608887063208,104.40977096294598,41
9,critical_infrastructure,reputation,1.2795258558622649,0.03167361553512543,104.20988599706014,41
10,critical_infrastructure,reputation,1.276071636575999,0.04094658717182975,103.96003563951368,41
11,critical_infrastructure,reputation,1.2723057770038264,0.05052693338923492,103.69337773874504,41
12,critical_infrastructure,reputation,1.2683149012851695,0.06219675592102311,103.39177248722078,41
13,critical_infrastructure,reputation,1.263739425640323,0.07434480442078928,103.06063424080853,41
14,critical_infrastructure,reputation,1.2587644543928351,0.08345872271602445,102.75013686485481,41
15,critical_infrastructure,reputation,1.2542686527881342,0.0929504747161772,102.45345358071859,41
16,critical_infrastructure,reputation,1.249916679777503,0.10203467814792647,102.16708530909227,41
17,critical_infrastructure,reputation,1.2457211995855468,0.11039965431815149,101.89535258498145,41
18,critical_infrastructure,reputation,1.2417592023185133,0.1225028468166515,101.58675655584125,41
19,critical_infrastructure,reputation,1.2370669932422589,0.13559384297067895,101.23615522488205,41
20,critical_infrastructure,reputation,1.2317831158284276,0.14322592266998252,100.92777229888937,41
21,critical_infrastructure,reputation,1.227423819636317,0.15289612871164904,100.63117730565227,41
22,critical_infrastructure,reputation,1.2230618008281713,0.160496110840828,100.35949752777995,41
23,critical_infrastructure,reputation,1.219158046712112,0.1701706153299454,100.08061414009293,41
24,critical_infrastructure,reputation,1.2150130540244939,0.1836326945584543,99.74505481710167,41
25,critical_infrastructure,reputation,1.20988912944223,0.19687434510169843,99.37139443010933,41
26,critical_infrastructure,reputation,1.2043122714638084,0.20891916120931506,98.99279598871522,41
27,critical_infrastructure,reputation,1.1987654619172017,0.21910882849845,98.63724132018278,41
28,critical_infrastructure,reputation,1.1936414247407836,0.23107135369928125,98.27668671568534,41
29,critical_infrastructure,reputation,1.1883257649895098,0.24167113919651276,97.92416491798586,41
0,critical_infrastructure,combined_portfolio,0.92705907629725,0.12593769129655139,82.14472054866573,41
1,critical_infrastructure,combined_portfolio,1.1492222982704188,0.0,94.21371202264197,41
2,critical_infrastructure,combined_portfolio,1.2783816184462102,0.0,99.61057862001559,41
3,critical_infrastructure,combined_portfolio,1.3273344330371157,0.0,101.5540006298479,41
4,critical_infrastructure,combined_portfolio,1.3440357366841966,0.0,102.20485576745871,41
5,critical_infrastructure,combined_portfolio,1.3495015450946837,0.0,102.41658753452879,41
6,critical_infrastructure,combined_portfolio,1.351264699480174,0.0,102.48475720673584,41
7,critical_infrastructure,combined_portfolio,1.351830760403199,0.0,102.50662970534486,41
8,critical_infrastructure,combined_portfolio,1.352012215531669,0.0,102.5136397281857,41
9,critical_infrastructure,combined_portfolio,1.3520703536706602,0.0,102.51588559541545,41
10,critical_infrastructure,combined_portfolio,1.352088978158117,0.0,102.51660504200692,41
11,critical_infrastructure,combined_portfolio,1.35209494418944,0.0,102.51683550275354,41
12,critical_infrastructure,combined_portfolio,1.3520968552730117,0.0,102.51690932550359,41
13,critical_infrastructure,combined_portfolio,1.352097467442347,0.0,102.51693297281798,41
14,critical_infrastructure,combined_portfolio,1.3520976635356399,0.0,102.51694054764815,41
15,critical_infrastructure,combined_portfolio,1.3520977263492386,0.0,102.51694297405604,41
16,critical_infrastructure,combined_portfolio,1.3520977464700061,0.0,102.51694375129517,41
17,critical_infrastructure,combined_portfolio,1.352097752915191,0.0,102.5169440002643,41
18,critical_infrastructure,combined_portfolio,1.3520977549797448,0.003396961636639474,102.47529322671971,41
19,critical_infrastructure,combined_portfolio,1.3513336533766669,0.012963196682572432,102.3292804378818,41
20,critical_infrastructure,combined_portfolio,1.3489369691376993,0.019580801513597625,102.15771488771951,41
21,critical_infrastructure,combined_portfolio,1.346678718201104,0.03021286969109236,101.94146287158384,41
22,critical_infrastructure,combined_portfolio,1.3435597015806198,0.039595968171107866,101.70794576931684,41
23,critical_infrastructure,combined_portfolio,1.3404407908006835,0.051839422277522675,101.43884268899859,41
24,critical_infrastructure,combined_portfolio,1.336674399236633,0.06852729992456022,101.09045887776306,41
25,critical_infrastructure,combined_portfolio,1.331692636676302,0.08508957773543627,100.69682926585092,41
26,critical_infrastructure,combined_portfolio,1.3263336299736392,0.10039008099136562,100.3032666224869,41
27,critical_infrastructure,combined_portfolio,1.3211230155075302,0.1136858194815524,99.9391530539188,41
28,critical_infrastructure,combined_portfolio,1.3164006718946448,0.12891421623232915,99.56949976892501,41
29,critical_infrastructure,combined_portfolio,1.311395937508884,0.14261904143879064,99.2072706440539,41
0,critical_infrastructure,baseline,0.7109195316371535,0.36072168647804514,56.68349551734183,42
1,critical_infrastructure,baseline,0.7671084696409655,0.3814628426874971,59.11620603273344,42
2,critical_infrastructure,baseline,0.7993256488031564,0.40006816447721505,60.371689053033194,42
3,critical_infrastructure,baseline,0.8158269728535482,0.41542687794884275,60.932692029704484,42
4,critical_infrastructure,baseline,0.8226162627325235,0.4275012538750151,61.096065600949906,42
5,critical_infrastructure,baseline,0.8237835576333312,0.44023525833603616,61.00477488952801,42
6,critical_infrastructure,baseline,0.8209789111720333,0.4523974137851787,60.74610310934003,42
7,critical_infrastructure,baseline,0.8156614005421712,0.4621343846118743,60.40378439142838,42
8,critical_infrastructure,baseline,0.8093350254710238,0.4687602604301032,60.05046825015723,42
9,critical_infrastructure,baseline,0.8032049404748248,0.47984820331956,59.65393299902834,42
10,critical_infrastructure,baseline,0.7959473117685937,0.4920893593537637,59.19262040425797,42
11,critical_infrastructure,baseline,0.7876024559117059,0.5014141643431702,58.712831535893926,42
12,critical_infrastructure,baseline,0.7793438159788408,0.5074531932322751,58.270756911018715,42
13,critical_infrastructure,baseline,0.7720664622536455,0.5117801945146075,57.88980870550472,42
14,critical_infrastructure,baseline,0.7659313431129842,0.5190042211798251,57.52661665586394,42
15,critical_infrastructure,baseline,0.7597486813985597,0.5207022022141844,57.22184152887472,42
16,critical_infrastructure,baseline,0.755089980225819,0.5224009803179115,56.98609974615868,42
17,critical_infrastructure,baseline,0.7514599768220486,0.525506053655008,56.78173799522751,42
18,critical_infrastructure,baseline,0.7481283924456049,0.5289185535662692,56.587428977307866,42
19,critical_infrastructure,baseline,0.7449113787881092,0.5314463958261837,56.407970440485876,42
20,critical_infrastructure,baseline,0.7420207410540836,0.5347784299510292,56.234356190828244,42
21,critical_infrastructure,baseline,0.7391237925053101,0.5394830238983823,56.044686383652845,42
22,critical_infrastructure,baseline,0.7358350696759488,0.5452925060355521,55.823689198379874,42
23,critical_infrastructure,baseline,0.7319688453862476,0.5482903516479,55.606316099521244,42
24,critical_infrastructure,baseline,0.7285032977872602,0.5512435183712703,55.407728949844476,42
25,critical_infrastructure,baseline,0.7253211310077656,0.5557213241362942,55.20504390122613,42
26,critical_infrastructure,baseline,0.7219005473100213,0.5612813055951071,54.978332378661044,42
27,critical_infrastructure,baseline,0.718012449649592,0.5632666967303437,54.76869263037397,42
28,critical_infrastructure,baseline,0.7148142185955992,0.565029980486553,54.594054086899234,42
29,critical_infrastructure,baseline,0.712146036780043,0.5625405000615641,54.492489726708904,42
0,critical_infrastructure,reputation,0.8670664925927887,0.2707252724076754,63.739180860859555,42
1,critical_infrastructure,reputation,1.039213562016358,0.2346016228292583,70.91993528589188,42
2,critical_infrastructure,reputation,1.1420004256179115,0.21822376602490096,74.74009361671283,42
3,critical_infrastructure,reputation,1.196535723344662,0.21308474302898983,76.62271621325826,42
4,critical_infrastructure,reputation,1.2228439449342952,0.2142248667922624,77.46686947925544,42
5,critical_infrastructure,reputation,1.234113045391326,0.22301494922074552,77.73103043445508,42
6,critical_infrastructure,reputation,1.236519548802426,0.23566993425619548,77.66690385178813,42
7,critical_infrastructure,reputation,1.2339883091222952,0.2483739327569808,77.44436620106768,42
8,critical_infrastructure,reputation,1.229315481862335,0.2592253721922781,77.17364803034988,42
9,critical_infrastructure,reputation,1.22423578832954,0.27667940302630906,76.81493765533459,42
10,critical_infrastructure,reputation,1.2171092006379682,0.29611121912550964,76.36781032383081,42
11,critical_infrastructure,reputation,1.208519949657357,0.3123529143158056,75.90796226950175,42
12,critical_infrastructure,reputation,1.2001663932055953,0.3248794009485,75.49565689288383,42
13,critical_infrastructure,reputation,1.1929372447629336,0.33547853724309473,75.14016402313511,42
14,critical_infrastructure,reputation,1.1867279208472827,0.3495020389204013,74.77859794801086,42
15,critical_infrastructure,reputation,1.1799916613565695,0.35678563493957344,74.47475909045772,42
16,critical_infrastructure,reputation,1.1749032243354611,0.36405284668283355,74.22437826112044,42
17,critical_infrastructure,reputation,1.1705503970450897,0.3728295678680883,73.98106949864743,42
18,critical_infrastructure,reputation,1.1660972212997716,0.38175121933157136,73.73249211900334,42
19,critical_infrastructure,reputation,1.1615501566309019,0.38946912677141043,73.49384084548123,42
20,critical_infrastructure,reputation,1.1572919320152872,0.39801215121933553,73.25506712710693,42
21,critical_infrastructure,reputation,1.1529262229682038,0.40799817999998306,72.99610314047933,42
22,critical_infrastructure,reputation,1.1480971247895613,0.419089653540593,72.70867817186122,42
23,critical_infrastructure,reputation,1.1427342218799237,0.4268311681435356,72.4402611496545,42
24,critical_infrastructure,reputation,1.1380584200389998,0.43456311885384863,72.1944351614237,42
25,critical_infrastructure,reputation,1.1336958343977217,0.44398414975139955,71.93985789707921,42
26,critical_infrastructure,reputation,1.1289957238132717,0.4544796776778126,71.66130395146236,42
27,critical_infrastructure,reputation,1.1238264591677751,0.4608162096185485,71.41285220744669,42
28,critical_infrastructure,reputation,1.1195996175847152,0.4670028595900519,71.19767846480842,42
29,critical_infrastructure,reputation,1.1158523889662946,0.4684574960819281,71.05190166691347,42
0,critical_infrastructure,combined_portfolio,0.9918176206873355,0.21220017774908265,64.45808220556606,42
1,critical_infrastructure,combined_portfolio,1.2122392302930467,0.14169956174536982,73.10691609444127,42
2,critical_infrastructure,combined_portfolio,1.308639913309564,0.10548943543040973,76.59980982946675,42
3,critical_infrastructure,combined_portfolio,1.344632167384231,0.0894521877392688,77.88825307601778,42
4,critical_infrastructure,combined_portfolio,1.3575930858468923,0.08519235331508695,78.32870253903644,42
5,critical_infrastructure,combined_portfolio,1.3616717474308084,0.09243183974052754,78.3710761559633,42
6,critical_infrastructure,combined_portfolio,1.3605187327374886,0.10584897190862733,78.18795038660562,42
7,critical_infrastructure,combined_portfolio,1.356485355780048,0.12047803932145484,77.90504166808681,42
8,critical_infrastructure,combined_portfolio,1.3514798732563995,0.13374507211916714,77.6075968575562,42
9,critical_infrastructure,combined_portfolio,1.3466349255927468,0.1547127836822256,77.22756999717367,42
10,critical_infrastructure,combined_portfolio,1.3396422182428755,0.17804869089338288,76.75696056315046,42
11,critical_infrastructure,combined_portfolio,1.3314821279066766,0.19793217522225037,76.28877220360953,42
12,critical_infrastructure,combined_portfolio,1.3239929213966375,0.21377349493974,75.88542627344385,42
13,critical_infrastructure,combined_portfolio,1.3177759065784758,0.22750391389231409,75.54221783441787,42
14,critical_infrastructure,combined_portfolio,1.312430191002477,0.24498706207212942,75.18280073196334,42
15,critical_infrastructure,combined_portfolio,1.3062175608676139,0.25502631067772535,74.88056499255465,42
16,critical_infrastructure,combined_portfolio,1.3018778508241362,0.2650640361193753,74.63416002727344,42
17,critical_infrastructure,combined_portfolio,1.297982078266128,0.2767413799486536,74.38310965153958,42
18,critical_infrastructure,combined_portfolio,1.2937249939531275,0.2885338173902167,74.11960610915561,42
19,critical_infrastructure,combined_portfolio,1.289337345903658,0.2989722292099521,73.86684701424157,42
20,critical_infrastructure,combined_portfolio,1.2852894270659332,0.3102815336911966,73.61429427605651,42
21,critical_infrastructure,combined_portfolio,1.281072963572511,0.3231085986001407,73.33929763835064,42
22,critical_infrastructure,combined_portfolio,1.276360068427405,0.3370909356126858,73.03696578542083,42
23,critical_infrastructure,combined_portfolio,1.2712004255905704,0.3473579415892087,72.76058464377626,42
24,critical_infrastructure,combined_portfolio,1.2669602688682629,0.3576067760948163,72.51224986873149,42
25,critical_infrastructure,combined_portfolio,1.2629550184415788,0.3696486298813592,72.25102914668912,42
26,critical_infrastructure,combined_portfolio,1.2584977556094608,0.3827724512124545,71.96330710105005,42
27,critical_infrastructure,combined_portfolio,1.2536061544786772,0.39135120419816366,71.71250531058901,42
28,critical_infrastructure,combined_portfolio,1.2498685873379474,0.3998049301476372,71.498678845423,42
29,critical_infrastructure,combined_portfolio,1.2464693210626125,0.4032056319201753,71.35238999281759,42
0,critical_infrastructure,baseline,0.7217336167670746,0.31746991071354597,61.97345139002952,43
1,critical_infrastructure,baseline,0.7933186517966092,0.31397071403224136,65.55776216370396,43
2,critical_infrastructure,baseline,0.8404193746231446,0.32108628965698904,67.69237923534205,43
3,critical_infrastructure,baseline,0.8691226776258651,0.3275719286838647,68.92623270388269,43
4,critical_infrastructure,baseline,0.886072970162263,0.3355732540619659,69.59692890913078,43
5,critical_infrastructure,baseline,0.895139893477567,0.3456299133907819,69.89219789038174,43
6,critical_infrastructure,baseline,0.8987065256931612,0.3599034379104725,69.90210549657715,43
7,critical_infrastructure,baseline,0.8978259802557182,0.37443600184274056,69.71548347223545,43
8,critical_infrastructure,baseline,0.894048727904996,0.3838733987396327,69.45446492604556,43
9,critical_infrastructure,baseline,0.8895489962349572,0.39252561550573456,69.16899713731645,43
10,critical_infrastructure,baseline,0.8847608674227972,0.3987191378413507,68.89520630001324,43
11,critical_infrastructure,baseline,0.8803315140159332,0.40380722638582106,68.64764195296554,43
12,critical_infrastructure,baseline,0.8763750179234628,0.4068021029800375,68.44173305040279,43
13,critical_infrastructure,baseline,0.8731830426892031,0.4124597419452626,68.24190607677374,43
14,critical_infrastructure,baseline,0.869890190323106,0.41775466986548754,68.04102325998151,43
15,critical_infrastructure,baseline,0.8666125485907081,0.42457329982787934,67.82477008416036,43
16,critical_infrastructure,baseline,0.8630070021135505,0.42946484609532487,67.61318055759574,43
17,critical_infrastructure,baseline,0.8596173609197367,0.43292917191981856,67.42534268660364,43
18,critical_infrastructure,baseline,0.8566810224430147,0.4375704905356779,67.24541152793175,43
19,critical_infrastructure,baseline,0.8537739847349859,0.44010358315819637,67.08812435147188,43
20,critical_infrastructure,baseline,0.8513516577276169,0.44401204439873665,66.93831788194979,43
21,critical_infrastructure,baseline,0.8489351487166322,0.45167046536016464,66.75018507557307,43
22,critical_infrastructure,baseline,0.8456924238809975,0.459431340292667,66.52325889948742,43
23,critical_infrastructure,baseline,0.8418970978875889,0.4658675095516137,66.28418456997152,43
24,critical_infrastructure,baseline,0.8380398919546229,0.46869977932611606,66.0785385247574,43
25,critical_infrastructure,baseline,0.8349394490283341,0.47277572535477225,65.89423984406835,43
26,critical_infrastructure,baseline,0.8320485753673069,0.47666734562783036,65.7211781062057,43
27,critical_infrastructure,baseline,0.8293324079420512,0.4832913940662995,65.52785402881226,43
28,critical_infrastructure,baseline,0.8261233856209711,0.48492781166935006,65.3625776973772,43
29,critical_infrastructure,baseline,0.8237008280798739,0.4896849611368178,65.20126212326304,43
0,critical_infrastructure,reputation,0.867765168719255,0.23144953648140443,68.77669965436213,43
1,critical_infrastructure,reputation,1.039441230244349,0.17263198360607812,76.5582641752238,43
2,critical_infrastructure,reputation,1.1406025524464274,0.14475512045706818,80.64867255949146,43
3,critical_infrastructure,reputation,1.193268630419391,0.12915011756236372,82.6842175392041,43
4,critical_infrastructure,reputation,1.219333098426076,0.12427111663607646,83.63793510648642,43
5,critical_infrastructure,reputation,1.2311995700776133,0.12805476222267492,84.00565719740709,43
6,critical_infrastructure,reputation,1.2351851017298188,0.1412208336022407,84.00698666863083,43
7,critical_infrastructure,reputation,1.2338796566917756,0.15771979343355375,83.79444111356418,43
8,critical_infrastructure,reputation,1.2297037500511823,0.17019919474671066,83.52524984657498,43
9,critical_infrastructure,reputation,1.225256487099452,0.18316666416470567,83.24105738670589,43
10,critical_infrastructure,reputation,1.2205841275708869,0.19404568540534087,82.97011357694913,43
11,critical_infrastructure,reputation,1.2162741447702228,0.20410815141819832,82.71938394982239,43
12,critical_infrastructure,reputation,1.2122848089375755,0.21192476563662327,82.50227098707103,43
13,critical_infrastructure,reputation,1.2089169971914795,0.22301404360048604,82.27263737470615,43
14,critical_infrastructure,reputation,1.2050755674700628,0.23361993827104752,82.03148714805539,43
15,critical_infrastructure,reputation,1.2011404226135236,0.24597574517311643,81.76876345897863,43
16,critical_infrastructure,reputation,1.1967733627146593,0.25598179210944627,81.51479759708455,43
17,critical_infrastructure,reputation,1.1927397237757598,0.26430105439602236,81.28917493469002,43
18,critical_infrastructure,reputation,1.1892115469339606,0.27397576071271235,81.06690869848791,43
19,critical_infrastructure,reputation,1.1855897393665105,0.2811082905856445,80.86720144219977,43
20,critical_infrastructure,reputation,1.1824859379328763,0.2898134525655184,80.6691558758325,43
21,critical_infrastructure,reputation,1.1792483447108568,0.3027411092918767,80.42300252968462,43
22,critical_infrastructure,reputation,1.1750160131377239,0.3155866297911104,80.14249548516474,43
23,critical_infrastructure,reputation,1.1703739977280696,0.32681903836526704,79.86350780278559,43
24,critical_infrastructure,reputation,1.1659064979024147,0.33392774042033635,79.63235610331517,43
25,critical_infrastructure,reputation,1.1624178231169287,0.3425459336044001,79.41996100179699,43
26,critical_infrastructure,reputation,1.1590095281923616,0.35088196278598727,79.21315214845475,43
27,critical_infrastructure,reputation,1.1556936292945905,0.36223151555132405,78.97847778078396,43
28,critical_infrastructure,reputation,1.1517465459852205,0.36777393278521864,78.78052167828616,43
29,critical_infrastructure,reputation,1.1488051723009378,0.37693518575043267,78.58098555442966,43
0,critical_infrastructure,combined_portfolio,0.9840995197591494,0.1765101846945351,68.96477005257503,43
1,critical_infrastructure,combined_portfolio,1.1963493080575316,0.08539356679954857,77.99001686756758,43
2,critical_infrastructure,combined_portfolio,1.2880896326925986,0.039122019957301725,81.61513991723953,43
3,critical_infrastructure,combined_portfolio,1.322182979311633,0.013228100454281418,83.00712278854763,43
4,critical_infrastructure,combined_portfolio,1.3356904654255959,0.0032803511512251096,83.54786508551965,43
5,critical_infrastructure,combined_portfolio,1.3408101601066236,0.005404361810015558,83.6916379012725,43
6,critical_infrastructure,combined_portfolio,1.3414224732086968,0.01938099545982703,83.56919530544108,43
7,critical_infrastructure,combined_portfolio,1.3384589203693276,0.0379626528104459,83.2855070396997,43
8,critical_infrastructure,combined_portfolio,1.333724129611576,0.0527102825862777,82.98385819507548,43
9,critical_infrastructure,combined_portfolio,1.329455436631156,0.06831536969537338,82.6872712015998,43
10,critical_infrastructure,combined_portfolio,1.3250863540677582,0.08181635243016025,82.40881934219296,43
11,critical_infrastructure,combined_portfolio,1.3211516594007682,0.0945233679249782,82.15195528823676,43
12,critical_infrastructure,combined_portfolio,1.3174785829774902,0.10483337449465069,81.92783402108296,43
13,critical_infrastructure,combined_portfolio,1.314386036559932,0.11872842283055404,81.68538910523668,43
14,critical_infrastructure,combined_portfolio,1.3106233407688754,0.13208099079299238,81.4269549774697,43
15,critical_infrastructure,combined_portfolio,1.3068249004948582,0.14730858666937546,81.14767495986108,43
16,critical_infrastructure,combined_portfolio,1.3025963480439173,0.15995079857805855,80.88069577172601,43
17,critical_infrastructure,combined_portfolio,1.2988332963902454,0.1707532248532409,80.64721914387943,43
18,critical_infrastructure,combined_portfolio,1.2955764717873515,0.18301058024578584,80.41501877376574,43
19,critical_infrastructure,combined_portfolio,1.2921086076355135,0.19249604631544154,80.20428947092766,43
20,critical_infrastructure,combined_portfolio,1.289199074700126,0.20367240982360585,79.99410495579211,43
21,critical_infrastructure,combined_portfolio,1.2860413361629008,0.2193514090522838,79.72967388487926,43
22,critical_infrastructure,combined_portfolio,1.2818241623134328,0.23484863415339882,79.43217528040333,43
23,critical_infrastructure,combined_portfolio,1.2773879029278903,0.24854765967341078,79.14527420435756,43
24,critical_infrastructure,combined_portfolio,1.2732877066123294,0.25780083959070543,78.91445213954167,43
25,critical_infrastructure,combined_portfolio,1.2702432307548834,0.2686975862008006,78.70133756228132,43
26,critical_infrastructure,combined_portfolio,1.267086433047982,0.2792675356883134,78.48797602158393,43
27,critical_infrastructure,combined_portfolio,1.2639694474098995,0.29302261598363416,78.24304796363126,43
28,critical_infrastructure,combined_portfolio,1.2601526675413899,0.30051149375542235,78.03891643159304,43
29,critical_infrastructure,combined_portfolio,1.2575417701980809,0.3118981164951529,77.83441193933513,43
0,critical_infrastructure,baseline,0.7438639035942217,0.31226577287992996,69.29838376550332,44
1,critical_infrastructure,baseline,0.8289840016140981,0.30529049116217843,73.89827641964531,44
2,critical_infrastructure,baseline,0.8825429569815282,0.30910355368464715,76.5217849407332,44
3,critical_infrastructure,baseline,0.9132500626051612,0.31487086829133004,77.92938227961059,44
4,critical_infrastructure,baseline,0.929605522078129,0.3228493160159486,78.6064721243519,44
5,critical_infrastructure,baseline,0.936715993079681,0.3286938617405613,78.87023703166155,44
6,critical_infrastructure,baseline,0.9390391745216274,0.3339034278907303,78.9176653824961,44
7,critical_infrastructure,baseline,0.9387371881568617,0.3408721798200169,78.82258737367452,44
8,critical_infrastructure,baseline,0.9363193721957321,0.34329504959575063,78.68256074715404,44
9,critical_infrastructure,baseline,0.9341126751284435,0.3499183658622586,78.50261794751609,44
10,critical_infrastructure,baseline,0.9306805738654854,0.3533607614329429,78.30285857643737,44
11,critical_infrastructure,baseline,0.9275462677852677,0.357101436318145,78.1128268514797,44
12,critical_infrastructure,baseline,0.9244915385982246,0.36409070174904357,77.88817478971411,44
13,critical_infrastructure,baseline,0.9204393744102406,0.3707586436301624,77.62023843133517,44
14,critical_infrastructure,baseline,0.9158999385172711,0.3768009269807945,77.33591468994771,44
15,critical_infrastructure,baseline,0.9112722499313186,0.38062090702656437,77.07252812647967,44
16,critical_infrastructure,baseline,0.9073052389856151,0.3844651673932555,76.8392812269935,44
17,critical_infrastructure,baseline,0.9037204766438196,0.3904731984732963,76.59835631540585,44
18,critical_infrastructure,baseline,0.8996658912607736,0.39495965007756195,76.35238738685645,44
19,critical_infrastructure,baseline,0.895820918140158,0.3974989032685723,76.13847354792055,44
20,critical_infrastructure,baseline,0.8927249227841311,0.3996780970169672,75.96411836490955,44
21,critical_infrastructure,baseline,0.8901880306467728,0.39831173345869186,75.857835181574,44
22,critical_infrastructure,baseline,0.8891217049056733,0.39683497824760583,75.82343161110101,44
23,critical_infrastructure,baseline,0.8889633685397317,0.39911784807921064,75.7889344178112,44
24,critical_infrastructure,baseline,0.8881357636509036,0.40108367930806454,75.7260949381695,44
25,critical_infrastructure,baseline,0.8870127478101234,0.4039138027430419,75.63877516445454,44
26,critical_infrastructure,baseline,0.8854365454006232,0.40946865607204475,75.49762307182007,44
27,critical_infrastructure,baseline,0.8827155245038677,0.41425261035850913,75.30998030627175,44
28,critical_infrastructure,baseline,0.8795620395614632,0.4180061085316379,75.11292496522798,44
29,critical_infrastructure,baseline,0.8764821597481596,0.42270090018184564,74.90794576639327,44
0,critical_infrastructure,reputation,0.9033675106769973,0.23549783689312884,77.15660050353866,44
1,critical_infrastructure,reputation,1.092819934127817,0.1747247727530111,86.28010712933947,44
2,critical_infrastructure,reputation,1.195581412505954,0.14154217943403588,90.76323299207442,44
3,critical_infrastructure,reputation,1.2444833846093188,0.12227969133951755,92.83925155213608,44
4,critical_infrastructure,reputation,1.2671689099401018,0.11445261583585725,93.76923975354147,44
5,critical_infrastructure,reputation,1.2769643796414278,0.1107799709739889,94.17065589344874,44
6,critical_infrastructure,reputation,1.281215314421626,0.1112670393178401,94.31980000731984,44
7,critical_infrastructure,reputation,1.282377723567462,0.1173545113140056,94.29111783608317,44
8,critical_infrastructure,reputation,1.280780683471876,0.12039720282255945,94.19824750457515,44
9,critical_infrastructure,reputation,1.279309195413594,0.1301668836434047,94.0306981693624,44
10,critical_infrastructure,reputation,1.2757137120053856,0.13713473559459674,93.81922493153111,44
11,critical_infrastructure,reputation,1.2723563717588426,0.145187064254128,93.6030349431719,44
12,critical_infrastructure,reputation,1.2687192471578537,0.15753044866994306,93.32627413496964,44
13,critical_infrastructure,reputation,1.2636098811153471,0.16968163306290368,92.99783246341832,44
14,critical_infrastructure,reputation,1.2580895061432618,0.18125160087014033,92.66031186747071,44
15,critical_infrastructure,reputation,1.2526125260739511,0.19030386106539665,92.35303745122101,44
16,critical_infrastructure,reputation,1.2479446500987794,0.1994644847041578,92.07354783488945,44
17,critical_infrastructure,reputation,1.2434909429368615,0.21114003088553662,91.7721479756763,44
18,critical_infrastructure,reputation,1.2382890178811308,0.22092173943211046,91.46476750856606,44
19,critical_infrastructure,reputation,1.2334406122724353,0.2283994289657743,91.19667767334606,44
20,critical_infrastructure,reputation,1.229437331729887,0.23544303184705562,90.9646182423299,44
21,critical_infrastructure,reputation,1.2258443734919866,0.23831444825541198,90.79642364745345,44
22,critical_infrastructure,reputation,1.2237221929597548,0.24105917399110943,90.6844516483415,44
23,critical_infrastructure,reputation,1.2221289322539277,0.248021185032769,90.54307640581382,44
24,critical_infrastructure,reputation,1.2193563153369267,0.2543830496580973,90.36456195132025,44
25,critical_infrastructure,reputation,1.2163775377391524,0.26163034167644533,90.16755384577594,44
26,critical_infrastructure,reputation,1.2130408210749435,0.27189059314683045,89.92157114963491,44
27,critical_infrastructure,reputation,1.2086099422558412,0.2811445573728377,89.64572454400758,44
28,critical_infrastructure,reputation,1.2041228088987672,0.28923235573961653,89.38070100108229,44
29,critical_infrastructure,reputation,1.1999820473960474,0.29841619358755767,89.1154842241973,44
0,critical_infrastructure,combined_portfolio,1.0325365185147983,0.18250121496863508,77.72909612656096,44
1,critical_infrastructure,combined_portfolio,1.2549703738166582,0.08833543163440771,87.79469378292085,44
2,critical_infrastructure,combined_portfolio,1.335594866445326,0.03446611231093855,91.37142893046006,44
3,critical_infrastructure,combined_portfolio,1.3638640343317927,0.00268552597800379,92.74092478886188,44
4,critical_infrastructure,combined_portfolio,1.3770016141274797,0.0,93.22727539788679,44
5,critical_infrastructure,combined_portfolio,1.3790612464661545,0.0,93.30070840542771,44
6,critical_infrastructure,combined_portfolio,1.3792395204820593,0.0,93.30731345672585,44
7,critical_infrastructure,combined_portfolio,1.3792548323709823,0.0,93.3078810835754,44
8,critical_infrastructure,combined_portfolio,1.3792561466205038,0.0,93.30792980651414,44
9,critical_infrastructure,combined_portfolio,1.3792562594186148,0.008033219517058855,93.21396480108534,44
10,critical_infrastructure,combined_portfolio,1.376674726272289,0.014794286904343402,93.04738721015636,44
11,critical_infrastructure,combined_portfolio,1.3742784510646677,0.02386177188608702,92.8592749132156,44
12,critical_infrastructure,combined_portfolio,1.3711534784644972,0.038307968770141844,92.58338444586911,44
13,critical_infrastructure,combined_portfolio,1.3662306892401237,0.05294397770982246,92.24353955664053,44
14,critical_infrastructure,combined_portfolio,1.3610737942395912,0.06718102535150902,91.89934385166156,44
15,critical_infrastructure,combined_portfolio,1.3560080562450298,0.07880662125386997,91.58820280102718,44
16,critical_infrastructure,combined_portfolio,1.351774771498973,0.09063391943267377,91.30285762128274,44
17,critical_infrastructure,combined_portfolio,1.3475466592809593,0.10523034576032866,90.98514911079867,44
18,critical_infrastructure,combined_portfolio,1.3424185249986629,0.1177546081362851,90.66013630831661,44
19,critical_infrastructure,combined_portfolio,1.337848872829011,0.12777394933049377,90.3830103723845,44
20,critical_infrastructure,combined_portfolio,1.3341293873756914,0.13733002026389463,90.1408470980331,44
21,critical_infrastructure,combined_portfolio,1.3306432849511491,0.14237007882890898,89.9593558843836,44
22,critical_infrastructure,combined_portfolio,1.3286270035155254,0.14730969594055018,89.83020615131369,44
23,critical_infrastructure,combined_portfolio,1.3268069147085089,0.15680991177378723,89.6548942605414,44
24,critical_infrastructure,combined_portfolio,1.3235418000625685,0.16560932072872406,89.4371484025642,44
25,critical_infrastructure,combined_portfolio,1.3203285203712247,0.17532715637111498,89.20983723618932,44
26,critical_infrastructure,combined_portfolio,1.3168200098205889,0.18823293325529863,88.93463289561413,44
27,critical_infrastructure,combined_portfolio,1.3122445623712509,0.19997315795003529,88.63506577014813,44
28,critical_infrastructure,combined_portfolio,1.3079024659554637,0.21041631838080646,88.35816094540557,44
29,critical_infrastructure,combined_portfolio,1.3039946776659368,0.2220049283705318,88.08290897937118,44
0,critical_infrastructure,baseline,0.6746670321725209,0.32728045489295093,70.98745341739034,45
1,critical_infrastructure,baseline,0.7166296574849624,0.32564782094456735,73.63825853366073,45
2,critical_infrastructure,baseline,0.7457173263764467,0.3302948536525194,75.34779514718689,45
3,critical_infrastructure,baseline,0.7636955209692387,0.3412750168985239,76.29008541562419,45
4,critical_infrastructure,baseline,0.7718111785767663,0.3568352848914814,76.59280393951467,45
5,critical_infrastructure,baseline,0.7715837768728498,0.3701282974837547,76.433994651737,45
6,critical_infrastructure,baseline,0.7665601916845217,0.3812208727589994,76.01951559516361,45
7,critical_infrastructure,baseline,0.7591083703489349,0.3947227101831561,75.43374922236616,45
8,critical_infrastructure,baseline,0.7491337375682594,0.4033820665270309,74.74912000239352,45
9,critical_infrastructure,baseline,0.7392261330413266,0.41005732414607193,74.08414807406649,45
10,critical_infrastructure,baseline,0.7300849047178618,0.42015706381484785,73.42152284251792,45
11,critical_infrastructure,baseline,0.7202016407007457,0.4264758605004201,72.75095531819463,45
12,critical_infrastructure,baseline,0.7111958469388531,0.43133982553422856,72.14423386963112,45
13,critical_infrastructure,baseline,0.7033116362736886,0.4391749696779378,71.56908900537917,45
14,critical_infrastructure,baseline,0.6950944447319629,0.441267509769409,71.03331041585461,45
15,critical_infrastructure,baseline,0.6887509822628586,0.4443999673823189,70.59929490374533,45
16,critical_infrastructure,baseline,0.6832950292350903,0.44841242097732376,70.20944708166118,45
17,critical_infrastructure,baseline,0.6781172164103929,0.44890089093978314,69.87467490693176,45
18,critical_infrastructure,baseline,0.6744176128080418,0.45021089741212306,69.62334530694724,45
19,critical_infrastructure,baseline,0.6714209666860036,0.44949915524753004,69.43892128820495,45
20,critical_infrastructure,baseline,0.6696425278519483,0.4521541066300837,69.29477308960507,45
21,critical_infrastructure,baseline,0.6674592903540656,0.4544501612037998,69.1287578682948,45
22,critical_infrastructure,baseline,0.6651317036403163,0.46005827593455867,68.91622460174806,45
23,critical_infrastructure,baseline,0.6614920017599546,0.46321627194181125,68.64577526966335,45
24,critical_infrastructure,baseline,0.6578556796617765,0.4676243559705259,68.36036734344415,45
25,critical_infrastructure,baseline,0.6537626999191068,0.4748510863552624,68.01298842586668,45
26,critical_infrastructure,baseline,0.648324694832563,0.4837247686528058,67.5579316425991,45
27,critical_infrastructure,baseline,0.6413644514422756,0.4886702484602443,67.04358562334384,45
28,critical_infrastructure,baseline,0.6348019616717653,0.49555736905044456,66.5301796755563,45
29,critical_infrastructure,baseline,0.627796288933248,0.49935247477070605,66.01838199984329,45
0,critical_infrastructure,reputation,0.8164302722826947,0.22132543466000354,79.64852747620236,45
1,critical_infrastructure,reputation,0.9843296526288415,0.15659655083704166,89.09202440024232,45
2,critical_infrastructure,reputation,1.103564672393259,0.12439464767911157,94.97045246457147,45
3,critical_infrastructure,reputation,1.177124734596427,0.11550361095065154,98.2442591566645,45
4,critical_infrastructure,reputation,1.2159806958025325,0.12238998649468041,99.78243498005749,45
5,critical_infrastructure,reputation,1.2314936741923095,0.1334127442797119,100.29471863132416,45
6,critical_infrastructure,reputation,1.2345081108598648,0.14642948255004257,100.27426008116441,45
7,critical_infrastructure,reputation,1.231099797593512,0.1654517887774965,99.92663911193378,45
8,critical_infrastructure,reputation,1.2225916821427905,0.18046669428975287,99.4160466798543,45
9,critical_infrastructure,reputation,1.2132316231578706,0.19431487750112147,98.88079867193451,45
10,critical_infrastructure,reputation,1.2038833391148016,0.2129360505425304,98.29045104598933,45
11,critical_infrastructure,reputation,1.1927610752400055,0.22716209817125965,97.67333200713918,45
12,critical_infrastructure,reputation,1.1823932024609038,0.23977039521122218,97.1017065232157,45
13,critical_infrastructure,reputation,1.1729286448189504,0.2558599697298451,96.52628942400291,45
14,critical_infrastructure,reputation,1.1625778059994463,0.2648968459653759,95.98946261178017,45
15,critical_infrastructure,reputation,1.154357612441847,0.2751243119542203,95.52643761670956,45
16,critical_infrastructure,reputation,1.146684911910926,0.2861349147837821,95.07646548171309,45
17,critical_infrastructure,reputation,1.1389652913232609,0.2927695436546825,94.67143026683422,45
18,critical_infrastructure,reputation,1.1328054770768514,0.3002629010271061,94.32218015100125,45
19,critical_infrastructure,reputation,1.1270694664594032,0.30520842861257386,94.01869711350795,45
20,critical_infrastructure,reputation,1.1224606609821615,0.3138898399440914,93.7216628738659,45
21,critical_infrastructure,reputation,1.117024332238397,0.321844066960255,93.39628532528123,45
22,critical_infrastructure,reputation,1.1114397923111488,0.3334012431283534,93.023316840689,45
23,critical_infrastructure,reputation,1.1044515577607388,0.3419365460766153,92.62129910468643,45
24,critical_infrastructure,reputation,1.0978627577803963,0.3519185517352232,92.21898305043845,45
25,critical_infrastructure,reputation,1.090925993034567,0.3649664343193785,91.76587323240474,45
26,critical_infrastructure,reputation,1.0826761955190092,0.3796323143297191,91.23460984957472,45
27,critical_infrastructure,reputation,1.0731547746440326,0.38977908569543346,90.69392235353062,45
28,critical_infrastructure,reputation,1.0646197600251048,0.4022594436355205,90.16862318589043,45
29,critical_infrastructure,reputation,1.0557016118354263,0.4112227511235945,89.66270154708839,45
0,critical_infrastructure,combined_portfolio,0.9355204335280133,0.1588724164265032,81.77235084245578,45
1,critical_infrastructure,combined_portfolio,1.1673731719692861,0.058124950560161405,93.67319362264816,45
2,critical_infrastructure,combined_portfolio,1.2956669988253495,0.005501723686933337,99.5171203187793,45
3,critical_infrastructure,combined_portfolio,1.3545242536963895,0.0,101.85475941019773,45
4,critical_infrastructure,combined_portfolio,1.372087854975941,0.0,102.5252884917706,45
5,critical_infrastructure,combined_portfolio,1.3764196593125544,0.004893945031593273,102.63482037472376,45
6,critical_infrastructure,combined_portfolio,1.3756700435546383,0.016060740832627297,102.4847960916692,45
7,critical_infrastructure,combined_portfolio,1.371398846660688,0.036289856094018115,102.10288150050587,45
8,critical_infrastructure,combined_portfolio,1.3629570814427032,0.05354343371238677,101.59831776976895,45
9,critical_infrastructure,combined_portfolio,1.3545742163917052,0.07034270321823358,101.09791786793863,45
10,critical_infrastructure,combined_portfolio,1.3463283508758408,0.09288531846140194,100.53865419850085,45
11,critical_infrastructure,combined_portfolio,1.335989651518504,0.11077879382351916,99.94945160406047,45
12,critical_infrastructure,combined_portfolio,1.326781181720575,0.126999916562575,99.41833946962394,45
13,critical_infrastructure,combined_portfolio,1.3184329557816032,0.14706478411494503,98.87563537575663,45
14,critical_infrastructure,combined_portfolio,1.3088665625545068,0.1593832525559075,98.37103021566436,45
15,critical_infrastructure,combined_portfolio,1.3017745910461127,0.1730229137652506,97.9442342597631,45
16,critical_infrastructure,combined_portfolio,1.2948376727549493,0.18748290663809922,97.51396572279312,45
17,critical_infrastructure,combined_portfolio,1.2876196135265887,0.19713972829366475,97.12501449793196,45
18,critical_infrastructure,combined_portfolio,1.2820593542974636,0.20773920862038417,96.78872293803022,45
19,critical_infrastructure,combined_portfolio,1.276601375161527,0.21555606719079537,96.48715625818062,45
20,critical_infrastructure,combined_portfolio,1.2721776269959475,0.2274117240969146,96.18052078861099,45
21,critical_infrastructure,combined_portfolio,1.2665753848720147,0.23836349707215235,95.8363309873838,45
22,critical_infrastructure,combined_portfolio,1.260916308237561,0.2531977418560788,95.44812435735378,45
23,critical_infrastructure,combined_portfolio,1.253822228363982,0.2646535452665235,95.0383619386066,45
24,critical_infrastructure,combined_portfolio,1.2475237876559093,0.27763153728204354,94.6415170574168,45
25,critical_infrastructure,combined_portfolio,1.2408833443981058,0.2938095755535559,94.19471498721164,45
26,critical_infrastructure,combined_portfolio,1.2329477338573842,0.31156834579265275,93.67705502249902,45
27,critical_infrastructure,combined_portfolio,1.2240138576880213,0.3243747484933866,93.17190699390797,45
28,critical_infrastructure,combined_portfolio,1.2165533307057816,0.3396810719945964,92.69631869955298,45
29,critical_infrastructure,combined_portfolio,1.2086044658089543,0.35116632062779574,92.24226451735572,45
0,critical_infrastructure,baseline,0.7410051720246024,0.36741834601013523,70.61419345065205,46
1,critical_infrastructure,baseline,0.8146416434396707,0.39251109562845143,74.38794364801366,46
2,critical_infrastructure,baseline,0.8566928619136047,0.4220874809756619,76.24989530148738,46
3,critical_infrastructure,baseline,0.8765539752056063,0.44795375045284663,76.96849096547587,46
4,critical_infrastructure,baseline,0.8827775515989434,0.4681694238029946,77.05515523108294,46
5,critical_infrastructure,baseline,0.8815392022360643,0.48199734032044145,76.83931750714781,46
6,critical_infrastructure,baseline,0.8770902858752007,0.49783409186453054,76.43923466548867,46
7,critical_infrastructure,baseline,0.8700084324869878,0.508531906754859,75.96338333949664,46
8,critical_infrastructure,baseline,0.8625511100628522,0.5189964420758565,75.46842595374149,46
9,critical_infrastructure,baseline,0.8549069287274209,0.5307301248187795,74.94712015638386,46
10,critical_infrastructure,baseline,0.846804012991301,0.5414816994710425,74.41067766697147,46
11,critical_infrastructure,baseline,0.8386556493444769,0.5542900491604565,73.84563533796539,46
12,critical_infrastructure,baseline,0.8299333976702827,0.5658104209329923,73.2621327366689,46
13,critical_infrastructure,baseline,0.8211693571937162,0.5757447775055324,72.69056413836215,46
14,critical_infrastructure,baseline,0.812791115845247,0.5856813962003927,72.13566584338973,46
15,critical_infrastructure,baseline,0.8046621964571132,0.5922010349119297,71.62915843725091,46
16,critical_infrastructure,baseline,0.7975924333024796,0.5954375858198275,71.21317775789818,46
17,critical_infrastructure,baseline,0.7920808218990733,0.6029370689340194,70.83096924662031,46
18,critical_infrastructure,baseline,0.786472881109935,0.6098333500067739,70.44915206411622,46
19,critical_infrastructure,baseline,0.7809581356896953,0.6174123251171794,70.06309332165917,46
20,critical_infrastructure,baseline,0.7753233615711956,0.6270767864781194,69.64544580904673,46
21,critical_infrastructure,baseline,0.7690587204573173,0.6324691440452106,69.23951181543583,46
22,critical_infrastructure,baseline,0.7634992444798161,0.6379675796712259,68.86920324736853,46
23,critical_infrastructure,baseline,0.7583757614126175,0.6458835235182865,68.49446533509193,46
24,critical_infrastructure,baseline,0.7529028485547806,0.6554190514686198,68.08065190742276,46
25,critical_infrastructure,baseline,0.7467706212993017,0.6598760183576877,67.68518520113854,46
26,critical_infrastructure,baseline,0.7415351490788626,0.6643666749449895,67.3378294409578,46
27,critical_infrastructure,baseline,0.7368828167038207,0.6691576116209462,67.01892245716674,46
28,critical_infrastructure,baseline,0.7325364127060225,0.6734293948150788,66.72223985157507,46
29,critical_infrastructure,baseline,0.728528041919958,0.6764510338871876,66.45799332116242,46
0,critical_infrastructure,reputation,0.8912212734696583,0.2711701692165901,78.6599649698563,46
1,critical_infrastructure,reputation,1.0737301312890657,0.23478264751423683,87.51373789964826,46
2,critical_infrastructure,reputation,1.177985702812951,0.2270732992446013,91.9270856190796,46
3,critical_infrastructure,reputation,1.2283553862725727,0.2316907748547202,93.8578906162292,46
4,critical_infrastructure,reputation,1.249009320107214,0.24126334160666107,94.54539440218443,46
5,critical_infrastructure,reputation,1.2551795770458343,0.25111175601217434,94.67112475493798,46
6,critical_infrastructure,reputation,1.2551531913090854,0.268825309450619,94.47201605004074,46
7,critical_infrastructure,reputation,1.2504828227634288,0.2835458491987988,94.13048721330325,46
8,critical_infrastructure,reputation,1.2446710963772745,0.30010295006332766,93.72364811944645,46
9,critical_infrastructure,reputation,1.2378907230090352,0.3193951992554474,93.24813906832003,46
10,critical_infrastructure,reputation,1.2299704904691595,0.3380420670198907,92.73498470699482,46
11,critical_infrastructure,reputation,1.2217195547144941,0.3594724373366759,92.17597537752086,46
12,critical_infrastructure,reputation,1.2125713856058729,0.3793324229796351,91.59812865767378,46
13,critical_infrastructure,reputation,1.2034242409912101,0.39723118006617397,91.0400309625963,46
14,critical_infrastructure,reputation,1.1947615946123131,0.4150482153390991,90.49961223604252,46
15,critical_infrastructure,reputation,1.1863005384799046,0.42859549594118923,90.01327022132877,46
16,critical_infrastructure,reputation,1.179022853105299,0.43814278077976004,89.61688553412587,46
17,critical_infrastructure,reputation,1.1732949768960488,0.4526633820307092,89.224926104227,46
18,critical_infrastructure,reputation,1.1669296681944,0.4660944647443339,88.81921504414392,46
19,critical_infrastructure,reputation,1.1605529575468583,0.48009659870522414,88.40536611641028,46
20,critical_infrastructure,reputation,1.1540054339338544,0.49630870178267955,87.95863213128546,46
21,critical_infrastructure,reputation,1.1467837066684097,0.5072951641130137,87.54218217966881,46
22,critical_infrastructure,reputation,1.1406130443142481,0.5184542494043821,87.16488917362133,46
23,critical_infrastructure,reputation,1.134858666453403,0.5322919370937278,86.77356526433303,46
24,critical_infrastructure,reputation,1.1285767575612815,0.5477002736285087,86.3420765542826,46
25,critical_infrastructure,reputation,1.121625032340792,0.5570637346658921,85.94976082322702,46
26,critical_infrastructure,reputation,1.115936693650039,0.5666243065431499,85.60592898378547,46
27,critical_infrastructure,reputation,1.1107689057798376,0.5764700403785142,85.2798036867827,46
28,critical_infrastructure,reputation,1.1057581395305462,0.585595885453478,84.96762970805003,46
29,critical_infrastructure,reputation,1.1010005231750624,0.5932333562724921,84.68206158074145,46
0,critical_infrastructure,combined_portfolio,1.0221541766129607,0.2084917294639281,80.48715185283032,46
1,critical_infrastructure,combined_portfolio,1.2477167928817867,0.13629978235607845,90.76901847497052,46
2,critical_infrastructure,combined_portfolio,1.3375083831105061,0.10907533599190963,94.47602806939469,46
3,critical_infrastructure,combined_portfolio,1.3656187868756882,0.1037810879374185,95.56786916945474,46
4,critical_infrastructure,combined_portfolio,1.3727233942139674,0.10913849236322518,95.76860702254223,46
5,critical_infrastructure,combined_portfolio,1.3726959699500212,0.11796696543804683,95.67125326341802,46
6,critical_infrastructure,combined_portfolio,1.370368413089186,0.13744995926727147,95.37066184174927,46
7,critical_infrastructure,combined_portfolio,1.3647936170199253,0.15473400260815987,94.97991045759682,46
8,critical_infrastructure,combined_portfolio,1.35915842116535,0.17470564082033876,94.55477506626748,46
9,critical_infrastructure,combined_portfolio,1.3527929267440368,0.19803540448778315,94.06470546228725,46
10,critical_infrastructure,combined_portfolio,1.3453760056889796,0.22080024816972774,93.54310062798218,46
11,critical_infrastructure,combined_portfolio,1.3378703835372645,0.24669095481146638,92.98150595808971,46
12,critical_infrastructure,combined_portfolio,1.3294960509438987,0.2708059575154748,92.40745687518341,46
13,critical_infrastructure,combined_portfolio,1.3213741460013673,0.29270449932088843,91.86550597128397,46
14,critical_infrastructure,combined_portfolio,1.3138549631661274,0.31445899984994014,91.34561354138782,46
15,critical_infrastructure,combined_portfolio,1.3064744103207482,0.33145492017900235,90.88326939703248,46
16,critical_infrastructure,combined_portfolio,1.3003528248213563,0.3440392301937341,90.5147470796185,46
17,critical_infrastructure,combined_portfolio,1.295648743929828,0.3620841072125752,90.13700880264659,46
18,critical_infrastructure,combined_portfolio,1.289818140482342,0.3788357151165371,89.73250250504411,46
19,critical_infrastructure,combined_portfolio,1.2840525404820593,0.39613764225436904,89.32291606912953,46
20,critical_infrastructure,combined_portfolio,1.2781403663509918,0.4157571314533955,88.88105642840547,46
21,critical_infrastructure,combined_portfolio,1.271566443072774,0.42958067555833174,88.47890134534354,46
22,critical_infrastructure,combined_portfolio,1.266338083247856,0.44360693611792623,88.12338205353726,46
23,critical_infrastructure,combined_portfolio,1.2613666092158637,0.4604958423492756,87.74518649795213,46
24,critical_infrastructure,combined_portfolio,1.2556896578304637,0.47896187377934535,87.32246099955219,46
25,critical_infrastructure,combined_portfolio,1.2493986789116436,0.49079944028189076,86.95100209789437,46
26,critical_infrastructure,combined_portfolio,1.2446895048849471,0.5029046245584461,86.63401543453188,46
27,critical_infrastructure,combined_portfolio,1.2402979019845484,0.515300411480252,86.32595430333663,46
28,critical_infrastructure,combined_portfolio,1.235901112868524,0.5268764503697265,86.0265729012073,46
29,critical_infrastructure,combined_portfolio,1.2317087772350086,0.5368335558044348,85.75272340770786,46
0,critical_infrastructure,baseline,0.7877736732665975,0.3211334682575364,84.22549879503592,47
1,critical_infrastructure,baseline,0.8891680674652657,0.3221997699511199,90.26154310245101,47
2,critical_infrastructure,baseline,0.9453845377292375,0.3370172425150888,93.21431468217835,47
3,critical_infrastructure,baseline,0.9723193083228989,0.35252881620247095,94.47955126398683,47
4,critical_infrastructure,baseline,0.9828832676408651,0.36858509933192096,94.84952254198274,47
5,critical_infrastructure,baseline,0.9843168606062653,0.38416060952706504,94.74157555494394,47
6,critical_infrastructure,baseline,0.9808808868021168,0.39792189467233297,94.39857356661624,47
7,critical_infrastructure,baseline,0.975270792878037,0.4094063756715109,93.9668199305794,47
8,critical_infrastructure,baseline,0.9690867775158,0.42335646861070775,93.47335967484644,47
9,critical_infrastructure,baseline,0.961919219427535,0.4379710553762837,92.91804578700426,47
10,critical_infrastructure,baseline,0.9540311684730415,0.44916026699837996,92.36269373348918,47
11,critical_infrastructure,baseline,0.9466741613841322,0.460446849703035,91.83172519715049,47
12,critical_infrastructure,baseline,0.9395794388631932,0.472530950192909,91.30316994207942,47
13,critical_infrastructure,baseline,0.9324099886832462,0.48631005969195124,90.74814944340312,47
14,critical_infrastructure,baseline,0.9247374764292178,0.5006883266021385,90.15614334154739,47
15,critical_infrastructure,baseline,0.9166229823063058,0.5152224069986148,89.53510168847053,47
16,critical_infrastructure,baseline,0.908219336205498,0.528966260388535,88.90427317958493,47
17,critical_infrastructure,baseline,0.8998661562099495,0.538983242630724,88.31734557477678,47
18,critical_infrastructure,baseline,0.8925457996521866,0.5486891072018255,87.78882113290393,47
19,critical_infrastructure,baseline,0.8858749954356211,0.5602668031571533,87.27239177891948,47
20,critical_infrastructure,baseline,0.8790518626197277,0.5705509845369569,86.76081308758661,47
21,critical_infrastructure,baseline,0.8724913613041297,0.5806708961714205,86.2638379072948,47
22,critical_infrastructure,baseline,0.8661169365481759,0.5905872882762055,85.7779196089188,47
23,critical_infrastructure,baseline,0.8598970922346637,0.6004736667430982,85.29929600606414,47
24,critical_infrastructure,baseline,0.853767530320146,0.609476165062691,84.83454631434148,47
25,critical_infrastructure,baseline,0.8479240716552753,0.6172361269087561,84.39942460937921,47
26,critical_infrastructure,baseline,0.8425728797514813,0.6263839327822225,83.97491992222729,47
27,critical_infrastructure,baseline,0.8371163348015638,0.6363186971131128,83.53348017325209,47
28,critical_infrastructure,baseline,0.8313849766956014,0.6438527636907192,83.10281003568825,47
29,critical_infrastructure,baseline,0.8261478470401695,0.6513619494606007,82.69998181229958,47
0,critical_infrastructure,reputation,0.9456927545048881,0.252833494561622,92.98593769370724,47
1,critical_infrastructure,reputation,1.13442463672349,0.20363606718236496,103.11555369825723,47
2,critical_infrastructure,reputation,1.2204803833313393,0.18311005511076078,107.30206679991294,47
3,critical_infrastructure,reputation,1.253765835213931,0.17456806730203223,108.8702731066747,47
4,critical_infrastructure,reputation,1.2658966495336264,0.17576764155060354,109.38267152723749,47
5,critical_infrastructure,reputation,1.2690237136510725,0.1835390364487463,109.42582344301724,47
6,critical_infrastructure,reputation,1.2677968248995617,0.19448764734061136,109.24370084677673,47
7,critical_infrastructure,reputation,1.2644855475837096,0.20650545505523665,108.95895680089016,47
8,critical_infrastructure,reputation,1.2602960787495312,0.22401888982710413,108.57025399112774,47
9,critical_infrastructure,reputation,1.2543628425198108,0.2439328680652277,108.07744255294656,47
10,critical_infrastructure,reputation,1.247271242169018,0.2607804200769783,107.56994988647848,47
11,critical_infrastructure,reputation,1.2406586439894196,0.27839268994207705,107.07233503791934,47
12,critical_infrastructure,reputation,1.2339564826627352,0.29724851505019245,106.55484210645645,47
13,critical_infrastructure,reputation,1.2268708948710834,0.3181926700151131,105.99434627351295,47
14,critical_infrastructure,reputation,1.2190841142656783,0.33980298621525695,105.39356388656248,47
15,critical_infrastructure,reputation,1.2108815039816834,0.36151959568612524,104.7711976403179,47
16,critical_infrastructure,reputation,1.2024948838186367,0.38221511458048535,104.15074894951941,47
17,critical_infrastructure,reputation,1.1942971091763326,0.3984825671887934,103.5894482695516,47
18,critical_infrastructure,reputation,1.1873265585195012,0.41433916411225696,103.08610783623267,47
19,critical_infrastructure,reputation,1.1808267808770214,0.4321924334758792,102.5789490088198,47
20,critical_infrastructure,reputation,1.1739147049792984,0.4483180513506163,102.07257854597488,47
21,critical_infrastructure,reputation,1.1673180369234846,0.46410129828737356,101.58303233071821,47
22,critical_infrastructure,reputation,1.160895284782931,0.4794940939854742,101.1048001696495,47
23,critical_infrastructure,reputation,1.154615764217772,0.4946994821694963,100.63410489175683,47
24,critical_infrastructure,reputation,1.1484156891731978,0.5087584826615479,100.1795306585704,47
25,critical_infrastructure,reputation,1.1425348538355622,0.5213142409151552,99.75645104840697,47
26,critical_infrastructure,reputation,1.1371517310370012,0.5353378858869539,99.33790522488827,47
27,critical_infrastructure,reputation,1.131524562534397,0.5500502600786001,98.89893431902277,47
28,critical_infrastructure,reputation,1.1256137230483878,0.5619250357673364,98.47945708836018,47
29,critical_infrastructure,reputation,1.120359195087488,0.5737553196748895,98.09010909206312,47
0,critical_infrastructure,combined_portfolio,1.0876173542885206,0.1982250071612355,95.00969534954538,47
1,critical_infrastructure,combined_portfolio,1.2913667995623008,0.11455023254154142,105.46017202267515,47
2,critical_infrastructure,combined_portfolio,1.3440446647789797,0.07267200397283341,108.23099327816864,47
3,critical_infrastructure,combined_portfolio,1.3590265152564158,0.05123153330568637,109.11413323196413,47
4,critical_infrastructure,combined_portfolio,1.3655576475601119,0.04548410279158958,109.45108429982722,47
5,critical_infrastructure,combined_portfolio,1.3673863400440718,0.05033751451226443,109.46914043093582,47
6,critical_infrastructure,combined_portfolio,1.3661424234713884,0.06090775914269115,109.2940257214094,47
7,critical_infrastructure,combined_portfolio,1.3632297683013457,0.0740815336491144,109.0196157937151,47
8,critical_infrastructure,combined_portfolio,1.3595431537620677,0.09423529287382432,108.62982923725502,47
9,critical_infrastructure,combined_portfolio,1.3539266462431294,0.11758898070954965,108.12348018957543,47
10,critical_infrastructure,combined_portfolio,1.3473458909027802,0.1378706165481859,107.61319504429548,47
11,critical_infrastructure,combined_portfolio,1.3415291164276495,0.15918676546771465,107.12016701798456,47
12,critical_infrastructure,combined_portfolio,1.335438134189936,0.18197992482887612,106.59909709350484,47
13,critical_infrastructure,combined_portfolio,1.3289196640228518,0.2070781170758266,106.03054629527792,47
14,critical_infrastructure,combined_portfolio,1.3217275244728066,0.2328650408423952,105.42481856506748,47
15,critical_infrastructure,combined_portfolio,1.3142782943994613,0.25870189597188814,104.80623698942708,47
16,critical_infrastructure,combined_portfolio,1.3067657878997587,0.2833423447819826,104.19775141924643,47
17,critical_infrastructure,combined_portfolio,1.2995388672961794,0.3030697606952583,103.65832181415378,47
18,critical_infrastructure,combined_portfolio,1.2936317066631247,0.32232211056240495,103.17850614172924,47
19,critical_infrastructure,combined_portfolio,1.2879321102742038,0.34370328104260756,102.6816512533981,47
20,critical_infrastructure,combined_portfolio,1.2816523934473756,0.36311650614299057,102.18308331673344,47
21,critical_infrastructure,combined_portfolio,1.2758335538006258,0.3820999798704474,101.70779294532521,47
22,critical_infrastructure,combined_portfolio,1.2701506323705989,0.400598994630988,101.24334380115735,47
23,critical_infrastructure,combined_portfolio,1.2646047404642533,0.41881690441349567,100.78607856386822,47
24,critical_infrastructure,combined_portfolio,1.2591002878931565,0.4357620796357461,100.34757841351838,47
25,critical_infrastructure,combined_portfolio,1.25394193693482,0.45103550370064055,99.94165524076864,47
26,critical_infrastructure,combined_portfolio,1.2492554105802713,0.46786055989044756,99.53691472942785,47
27,critical_infrastructure,combined_portfolio,1.244184400672287,0.4853437275760277,99.1073197079524,47
28,critical_infrastructure,combined_portfolio,1.2388779447395704,0.4996930634219881,98.70403532676723,47
29,critical_infrastructure,combined_portfolio,1.2343774624021835,0.5139886375733668,98.33549373550665,47
0,critical_infrastructure,baseline,0.7794892508623761,0.22349631350921798,71.41364581479857,48
1,critical_infrastructure,baseline,0.9118222601459327,0.1711781590781797,78.55605701197696,48
2,critical_infrastructure,baseline,1.0029882071373868,0.15968296833338502,82.79937124285414,48
3,critical_infrastructure,baseline,1.0560659003965445,0.17270472426223601,84.92421259285452,48
4,critical_infrastructure,baseline,1.079563738884647,0.1929232471009702,85.68113553738952,48
5,critical_infrastructure,baseline,1.0845513618237776,0.2112063972578542,85.68971307154467,48
6,critical_infrastructure,baseline,1.080322048237473,0.23065179169618094,85.3072149584209,48
7,critical_infrastructure,baseline,1.0706843983267622,0.24758883305811424,84.72823079774429,48
8,critical_infrastructure,baseline,1.059086366355946,0.2613452810634389,84.09889598127616,48
9,critical_infrastructure,baseline,1.0476463692821216,0.27841660790857564,83.4356335099542,48
10,critical_infrastructure,baseline,1.0350465078328281,0.29623889580582663,82.71119518053172,48
11,critical_infrastructure,baseline,1.0215490985803148,0.3083501084698118,82.00521325074081,48
12,critical_infrastructure,baseline,1.0097401813078597,0.315651771922666,81.41795360186654,48
13,critical_infrastructure,baseline,1.0006608086252498,0.32655447775479507,80.90554152613747,48
14,critical_infrastructure,baseline,0.9916816657109766,0.33807199152708256,80.38851230547776,48
15,critical_infrastructure,baseline,0.9825251847256082,0.3507845481460347,79.84794448712084,48
16,critical_infrastructure,baseline,0.9728229324196229,0.3598778675767106,79.31955154583743,48
17,critical_infrastructure,baseline,0.9641991884576533,0.3708702188940865,78.815178650556,48
18,critical_infrastructure,baseline,0.9554331101935737,0.3842590023046375,78.2759083831061,48
19,critical_infrastructure,baseline,0.9456838304048211,0.39772062951340714,77.68852644932763,48
20,critical_infrastructure,baseline,0.9353806787850043,0.4093861633676147,77.09164817670275,48
21,critical_infrastructure,baseline,0.9254593391440087,0.4218588372668893,76.49944762903647,48
22,critical_infrastructure,baseline,0.9154342956948402,0.43249575220049696,75.91866017978954,48
23,critical_infrastructure,baseline,0.9060454127220873,0.4410234551430159,75.38658724126483,48
24,critical_infrastructure,baseline,0.8977917576642147,0.4528549587460078,74.8687519380622,48
25,critical_infrastructure,baseline,0.8888928811493366,0.4657699862192005,74.30602427407071,48
26,critical_infrastructure,baseline,0.879234859148116,0.47692634598798844,73.72270272284113,48
27,critical_infrastructure,baseline,0.8698307521177819,0.4866999353111414,73.16260702440799,48
28,critical_infrastructure,baseline,0.8610811941060361,0.49515972346466275,72.6449235934498,48
29,critical_infrastructure,baseline,0.853175625079815,0.5036299668127869,72.16531362147785,48
0,critical_infrastructure,reputation,0.9691729845055944,0.09997923329092412,80.87710939773591,48
1,critical_infrastructure,reputation,1.2200499765578936,0.0,92.23020181052263,48
2,critical_infrastructure,reputation,1.3350450727848078,0.0,96.38944023313705,48
3,critical_infrastructure,reputation,1.3599662031662727,0.0,97.26442119825695,48
4,critical_infrastructure,reputation,1.3645118958825018,0.0,97.42331854631249,48
5,critical_infrastructure,reputation,1.3653083803140493,0.0,97.45114846679432,48
6,critical_infrastructure,reputation,1.365446901913068,0.0,97.45598827783209,48
7,critical_infrastructure,reputation,1.3654709615344083,0.0,97.45682889031823,48
8,critical_infrastructure,reputation,1.3654751394636802,0.0,97.45697486161625,48
9,critical_infrastructure,reputation,1.3654758649282093,0.0,97.45700020837634,48
10,critical_infrastructure,reputation,1.3654759908985479,0.0,97.45700460961126,48
11,critical_infrastructure,reputation,1.3654760127721288,0.0033811858004295092,97.42028352795161,48
12,critical_infrastructure,reputation,1.3641966565016443,0.010716282224711382,97.29749582130151,48
13,critical_infrastructure,reputation,1.3611986840956378,0.028113403277596094,97.00708960056359,48
14,critical_infrastructure,reputation,1.3540914013867238,0.04887016441100073,96.54038696192542,48
15,critical_infrastructure,reputation,1.3449763066479388,0.07240917986540796,95.97306008953859,48
16,critical_infrastructure,reputation,1.3344161164412245,0.09197301508060474,95.39710878670897,48
17,critical_infrastructure,reputation,1.3250471605495135,0.11425222129401985,94.83013120021522,48
18,critical_infrastructure,reputation,1.3148269656275877,0.13937235071402665,94.20107189077437,48
19,critical_infrastructure,reputation,1.3033201851871197,0.164302020127292,93.52656628833736,48
20,critical_infrastructure,reputation,1.2915722068997268,0.18684940328828564,92.8661939338515,48
21,critical_infrastructure,reputation,1.2806100849744966,0.21026914581387518,92.22110308702567,48
22,critical_infrastructure,reputation,1.2694193363128066,0.23118562833670747,91.59243943114124,48
23,critical_infrastructure,reputation,1.2590662171543012,0.24937929822354232,91.02057013033742,48
24,critical_infrastructure,reputation,1.2498709761794569,0.27131457075149706,90.44770981782615,48
25,critical_infrastructure,reputation,1.2394741780483909,0.2939915274714538,89.8212098254926,48
26,critical_infrastructure,reputation,1.2284724663756477,0.31419729980420935,89.19642929446549,48
27,critical_infrastructure,reputation,1.2182067686984506,0.33264112111666605,88.6149239224245,48
28,critical_infrastructure,reputation,1.2087290695177255,0.34941725218793956,88.07843769388305,48
29,critical_infrastructure,reputation,1.200027895978019,0.3660333852400993,87.57071037376777,48
0,critical_infrastructure,combined_portfolio,1.1301173340226474,0.03270312825850583,83.31463564856514,48
1,critical_infrastructure,combined_portfolio,1.3865312662892684,0.0,93.2636318563929,48
2,critical_infrastructure,combined_portfolio,1.4038792720858468,0.0,93.9587928794875,48
3,critical_infrastructure,combined_portfolio,1.4026483233246458,0.0,93.92611638373496,48
4,critical_infrastructure,combined_portfolio,1.4027421564046423,0.0,93.9286515691548,48
5,critical_infrastructure,combined_portfolio,1.4027350385592048,0.0,93.92845948141984,48
6,critical_infrastructure,combined_portfolio,1.4027355786955917,0.0,93.92847405925504,48
7,critical_infrastructure,combined_portfolio,1.4027355377086035,0.0,93.9284729530575,48
8,critical_infrastructure,combined_portfolio,1.402735540818812,0.0,93.92847303699894,48
9,critical_infrastructure,combined_portfolio,1.4027355405828006,0.0,93.9284730306292,48
10,critical_infrastructure,combined_portfolio,1.4027355406007098,0.0,93.92847303111259,48
11,critical_infrastructure,combined_portfolio,1.402735540599351,0.0,93.92847303107591,48
12,critical_infrastructure,combined_portfolio,1.4027355405994542,0.0,93.92847303107871,48
13,critical_infrastructure,combined_portfolio,1.4027355405994462,0.0,93.92847303107848,48
14,critical_infrastructure,combined_portfolio,1.4027355405994468,0.0,93.92847303107848,48
15,critical_infrastructure,combined_portfolio,1.4027355405994466,0.0,93.92847303107848,48
16,critical_infrastructure,combined_portfolio,1.4027355405994468,0.0,93.92847303107848,48
17,critical_infrastructure,combined_portfolio,1.4027355405994466,0.0031057578994274984,93.89474250880133,48
18,critical_infrastructure,combined_portfolio,1.401560395879849,0.020671254154652687,93.66523857828327,48
19,critical_infrastructure,combined_portfolio,1.395002752754715,0.044145370760349446,93.1931321789831,48
20,critical_infrastructure,combined_portfolio,1.3865992149521456,0.06817361496476224,92.65034513790411,48
21,critical_infrastructure,combined_portfolio,1.378079564929384,0.09474090844306013,92.0738409671671,48
22,critical_infrastructure,combined_portfolio,1.3685598981291156,0.11931399297138742,91.4838417700526,48
23,critical_infrastructure,combined_portfolio,1.35980106218426,0.14124761241430425,90.94591607362707,48
24,critical_infrastructure,combined_portfolio,1.351945364642192,0.16739941983031623,90.39161874926579,48
25,critical_infrastructure,combined_portfolio,1.3424050567825667,0.19433384648166105,89.77039707020593,48
26,critical_infrastructure,combined_portfolio,1.3325902448849256,0.21850907829610747,89.16699193033354,48
27,critical_infrastructure,combined_portfolio,1.3237672739620094,0.24072377955532717,88.61702308913165,48
28,critical_infrastructure,combined_portfolio,1.3155997725554325,0.25622514181491,88.16146401850777,48
29,critical_infrastructure,combined_portfolio,1.3099091021522378,0.2622561579487047,87.89403887146273,48
0,critical_infrastructure,baseline,0.7360973742406199,0.24802276925455172,58.988352044274265,49
1,critical_infrastructure,baseline,0.8392464522800722,0.20224884735255866,64.22452618911319,49
2,critical_infrastructure,baseline,0.9185796764648135,0.18462945833333477,67.75128847586777,49
3,critical_infrastructure,baseline,0.9735912682115656,0.17731983687052383,70.01031058984117,49
4,critical_infrastructure,baseline,1.0100515531671508,0.1791122584470757,71.37382828451173,49
5,critical_infrastructure,baseline,1.03211053255577,0.18378450208526356,72.135902450875,49
6,critical_infrastructure,baseline,1.044334594796294,0.19039300943638562,72.50293325294298,49
7,critical_infrastructure,baseline,1.0498516150323514,0.19418175774013088,72.65753618491058,49
8,critical_infrastructure,baseline,1.052090013014023,0.1998833476037724,72.66878288742443,49
9,critical_infrastructure,baseline,1.0516918378380555,0.20837920639603552,72.55000012556118,49
10,critical_infrastructure,baseline,1.0487787441467784,0.21572658653319288,72.35414762675073,49
11,critical_infrastructure,baseline,1.0446635037174612,0.22289741084753803,72.11634183404372,49
12,critical_infrastructure,baseline,1.0398572320327424,0.23258029756052692,71.82182201578271,49
13,critical_infrastructure,baseline,1.0338341439983003,0.24137985906480672,71.49295114827456,49
14,critical_infrastructure,baseline,1.027333362034288,0.24519643659997498,71.20674302243137,49
15,critical_infrastructure,baseline,1.0221003749769624,0.24891845164108894,70.96729098340789,49
16,critical_infrastructure,baseline,1.0176846512268904,0.25449170260395937,70.7346899329225,49
17,critical_infrastructure,baseline,1.0131956549338421,0.2623624473725701,70.47059562859091,49
18,critical_infrastructure,baseline,1.0079405774413916,0.26657281882226136,70.22240606184239,49
19,critical_infrastructure,baseline,1.0033588776556264,0.27188999647929335,69.98492584915901,49
20,critical_infrastructure,baseline,0.9988478835872144,0.2781050467854343,69.73850526225112,49
21,critical_infrastructure,baseline,0.9940991348239328,0.28308030347940205,69.4977904933181,49
22,critical_infrastructure,baseline,0.9895919262592265,0.28637916884125236,69.28617560841776,49
23,critical_infrastructure,baseline,0.9857605512398601,0.2905894131480292,69.08843516523574,49
24,critical_infrastructure,baseline,0.9820624679042843,0.2949832226607657,68.89314941393225,49
25,critical_infrastructure,baseline,0.9783894166866616,0.29905996765166726,68.70232634118028,49
26,critical_infrastructure,baseline,0.9748312858368336,0.30316044252113605,68.51520584287668,49
27,critical_infrastructure,baseline,0.9713369001285064,0.3041985032299435,68.36788416586542,49
28,critical_infrastructure,baseline,0.9688428087325296,0.30330090616533,68.28257097744323,49
29,critical_infrastructure,baseline,0.9675766803000122,0.3044406918730392,68.2194456446408,49
0,critical_infrastructure,reputation,0.9225030448909644,0.1319299362281222,67.32871762135932,49
1,critical_infrastructure,reputation,1.151918158500946,0.012779232678504115,77.25874955895179,49
2,critical_infrastructure,reputation,1.2848698857813052,0.0,81.72287682174486,49
3,critical_infrastructure,reputation,1.3328453018364324,0.0,83.19393846896685,49
4,critical_infrastructure,reputation,1.3466591877248202,0.0,83.61055616015877,49
5,critical_infrastructure,reputation,1.3504354097110127,0.0,83.72390364142673,49
6,critical_infrastructure,reputation,1.3514520392799507,0.0,83.75438022607871,49
7,critical_infrastructure,reputation,1.351724586882491,0.0,83.76254790761054,49
8,critical_infrastructure,reputation,1.351797571219115,0.0,83.7647348973038,49
9,critical_infrastructure,reputation,1.3518171094354536,0.0,83.76532034951691,49
10,critical_infrastructure,reputation,1.3518223394728925,0.0,83.76547706377693,49
11,critical_infrastructure,reputation,1.3518237394315598,0.0,83.76551901244514,49
12,critical_infrastructure,reputation,1.3518241141655567,0.0,83.76553024105151,49
13,critical_infrastructure,reputation,1.3518242144723387,0.0,83.76553324666416,49
14,critical_infrastructure,reputation,1.351824241321908,0.0,83.76553405119003,49
15,critical_infrastructure,reputation,1.3518242485088523,0.0,83.76553426654105,49
16,critical_infrastructure,reputation,1.351824250432614,0.0,83.76553432418504,49
17,critical_infrastructure,reputation,1.3518242509475558,0.003980031816890994,83.7165062967993,49
18,critical_infrastructure,reputation,1.3505754648484039,0.008534477556471631,83.62360236355993,49
19,critical_infrastructure,reputation,1.3488118132629272,0.017330385063058895,83.46306000267697,49
20,critical_infrastructure,reputation,1.3455781287913962,0.028704154960865147,83.22718558419548,49
21,critical_infrastructure,reputation,1.3411368328218716,0.03932881828833279,82.96435385835758,49
22,critical_infrastructure,reputation,1.3365966646214107,0.04835536618264169,82.71774191806072,49
23,critical_infrastructure,reputation,1.3325214547912185,0.058705350551984836,82.46829523353554,49
24,critical_infrastructure,reputation,1.328150020560284,0.06928158990874028,82.20696245443463,49
25,critical_infrastructure,reputation,1.3236171884057166,0.07943510083922706,81.945601646074,49
26,critical_infrastructure,reputation,1.3191626388356734,0.08957333632256065,81.68637401378643,49
27,critical_infrastructure,reputation,1.314725352415752,0.09601638698071813,81.47282170411002,49
28,critical_infrastructure,reputation,1.3114430403654938,0.10022691896784297,81.3212985266845,49
29,critical_infrastructure,reputation,1.309183384077309,0.1068438146088464,81.17103051056033,49
0,critical_infrastructure,combined_portfolio,1.0613463403546197,0.0710914102035701,67.60631705057304,49
1,critical_infrastructure,combined_portfolio,1.3194031667404509,0.0,77.13430333823037,49
2,critical_infrastructure,combined_portfolio,1.387954428093487,0.0,79.2352308029948,49
3,critical_infrastructure,combined_portfolio,1.393388599841063,0.0,79.41192093688697,49
4,critical_infrastructure,combined_portfolio,1.3936966674452542,0.0,79.42235408234639,49
5,critical_infrastructure,combined_portfolio,1.393713592471107,0.0,79.4229298848272,49
6,critical_infrastructure,combined_portfolio,1.39371452064291,0.0,79.4229614703429,49
7,critical_infrastructure,combined_portfolio,1.3937145715389831,0.0,79.42296320235225,49
8,critical_infrastructure,combined_portfolio,1.3937145743298416,0.0,79.42296329732612,49
9,critical_infrastructure,combined_portfolio,1.3937145744828767,0.0,79.42296330253397,49
10,critical_infrastructure,combined_portfolio,1.3937145744912682,0.0,79.42296330281951,49
11,critical_infrastructure,combined_portfolio,1.3937145744917285,0.0,79.42296330283519,49
12,critical_infrastructure,combined_portfolio,1.3937145744917538,0.0,79.42296330283604,49
13,critical_infrastructure,combined_portfolio,1.3937145744917554,0.0,79.42296330283608,49
14,critical_infrastructure,combined_portfolio,1.3937145744917552,0.0,79.42296330283608,49
15,critical_infrastructure,combined_portfolio,1.3937145744917552,0.0,79.42296330283608,49
16,critical_infrastructure,combined_portfolio,1.3937145744917552,0.0,79.42296330283608,49
17,critical_infrastructure,combined_portfolio,1.3937145744917552,0.0,79.42296330283608,49
18,critical_infrastructure,combined_portfolio,1.3937145744917552,0.0,79.42296330283608,49
19,critical_infrastructure,combined_portfolio,1.3937145744917552,0.0,79.42296330283608,49
20,critical_infrastructure,combined_portfolio,1.3937145744917552,0.0,79.42296330283608,49
21,critical_infrastructure,combined_portfolio,1.3937145744917552,0.0,79.42296330283608,49
22,critical_infrastructure,combined_portfolio,1.3937145744917552,0.0,79.42296330283608,49
23,critical_infrastructure,combined_portfolio,1.3937145744917552,0.0,79.42296330283608,49
24,critical_infrastructure,combined_portfolio,1.3937145744917552,0.0,79.42296330283608,49
25,critical_infrastructure,combined_portfolio,1.3937145744917552,0.0,79.42296330283608,49
26,critical_infrastructure,combined_portfolio,1.3937145744917552,0.0,79.42296330283608,49
27,critical_infrastructure,combined_portfolio,1.3937145744917552,0.0,79.42296330283608,49
28,critical_infrastructure,combined_portfolio,1.3937145744917552,0.0,79.42296330283608,49
29,critical_infrastructure,combined_portfolio,1.3937145744917552,0.0035816036979717594,79.37884329889357,49
