time,scenario,policy,mode,G,H,D,Q,Q_norm,avg_effort,effort_gini,free_riding_ratio,welfare,policy_cost,stability_score
0,small_volunteer,baseline,nash,0.7432688469201258,0.0,0.2958932971674571,2.687765198428372,0.36614805448247933,0.07347674709159836,0.44628234848261017,0.22857142857142856,46.940474779469284,0.0,-0.005429833684183372
1,small_volunteer,baseline,nash,0.8831772546087919,0.0,0.3031198131740249,2.271434353580509,0.33253812820868606,0.0620896838654578,0.4378999935524788,0.2571428571428571,51.609555248343646,0.0,-0.00652281531963772
2,small_volunteer,baseline,nash,0.9742617482774132,0.0,0.2967674888253098,1.9298329623120414,0.3015961280710597,0.05274600719947238,0.4298920871334164,0.2857142857142857,54.35848553507607,0.0,-0.0073471908979847456
3,small_volunteer,baseline,nash,1.0337078710415204,0.0,0.30485663520601874,1.7059131479597955,0.2792892322013642,0.04662086545579444,0.4237127934043945,0.2857142857142857,56.045458975283296,0.0,-0.007712687291651754
4,small_volunteer,baseline,nash,1.0729678200161872,0.0,0.2972166448212899,1.5561811779471761,0.2633178497040013,0.042524868044213376,0.42008398997980034,0.3142857142857143,57.117568548160264,0.0,-0.00811825317210424
5,small_volunteer,baseline,nash,1.0992542802357361,0.0,0.2975960946534208,1.4547484933662969,0.25195758927663275,0.03975001289839856,0.41835610679806323,0.37142857142857144,57.81782522261177,0.0,-0.008313813738888065
6,small_volunteer,baseline,nash,1.1170725858937804,0.0,0.31089472426576376,1.385353080383863,0.24391167507155148,0.03785153091750786,0.41734473044050935,0.37142857142857144,58.28478636689849,0.0,-0.00827214378149077
7,small_volunteer,baseline,nash,1.1292717812400845,0.0,0.30277677843993905,1.3375132087223316,0.2382274854559831,0.03654272359767293,0.4169424235553152,0.37142857142857144,58.60098709996216,0.0,-0.008469600210445849
8,small_volunteer,baseline,nash,1.137687994077414,0.0,0.30318715123427503,1.3043428483078574,0.23421756958704815,0.03563523065441265,0.41680764373822754,0.37142857142857144,58.817502702257244,0.0,-0.008526007889544607
9,small_volunteer,baseline,nash,1.1435274433656493,0.0,0.30051784179421936,1.2812453650101063,0.23139111098335108,0.03500330924274986,0.4167819692962309,0.37142857142857144,58.966954900441166,0.0,-0.008604068674378684
10,small_volunteer,baseline,nash,1.1475959016901718,0.0,0.3038959011428318,1.2651117029655599,0.22939979314801384,0.03456190631541871,0.4167960754981652,0.37142857142857144,59.070709531922226,0.0,-0.008588738304989407
11,small_volunteer,baseline,nash,1.1504389770265473,0.0,0.2978874411355522,1.2538168946495682,0.2279972583765045,0.0342528882520225,0.41681338640426135,0.37142857142857144,59.1430340258661,0.0,-0.008689257273368334
12,small_volunteer,baseline,nash,1.1524300069676916,0.0,0.3048429764138878,1.2458968921924312,0.2270095921089138,0.03403620154320279,0.4168290952851188,0.37142857142857144,59.19359556610771,0.0,-0.008611073990615115
13,small_volunteer,baseline,nash,1.1538264722246745,0.0,0.31412413299395125,1.2403369396524682,0.22631415358055873,0.0338840839559823,0.41684907427176565,0.37142857142857144,59.229015236304605,0.0,-0.008498380627598223
14,small_volunteer,baseline,nash,1.1548069841736337,0.0,0.31575024238272403,1.2364305872341244,0.22582451420437566,0.03377720781928036,0.4168713149624794,0.37142857142857144,59.253863553640834,0.0,-0.008483987540866433
15,small_volunteer,baseline,nash,1.1554959673931877,0.0,0.32138904646784083,1.2336844458861078,0.22547978856201098,0.03370207444282347,0.416887082506076,0.37142857142857144,59.271313448424,0.0,-0.008414865729144072
16,small_volunteer,baseline,nash,1.155980362481607,0.0,0.32411206605957654,1.2317531362974026,0.22523709556344487,0.03364923449194232,0.41689822199038473,0.37142857142857144,59.28357657711828,0.0,-0.008382678476583694
17,small_volunteer,baseline,nash,1.156321050558338,0.0,0.3211915795083807,1.2303944904469872,0.22506623898986916,0.033612062389918276,0.4169060835473628,0.37142857142857144,59.292199015854855,0.0,-0.008423334333709676
18,small_volunteer,baseline,nash,1.1565607302861405,0.0,0.3151113255065343,1.2294385098608143,0.22494595721450014,0.033585907061961476,0.4169150032632618,0.37142857142857144,59.29826378404,0.0,-0.008504929205489287
19,small_volunteer,baseline,nash,1.1567293810302732,0.0,0.31361876024481355,1.2287657590535466,0.22486128057494473,0.03356750080434575,0.41692176573073825,0.37142857142857144,59.30253063677916,0.0,-0.008525804258829872
20,small_volunteer,baseline,nash,1.1568480681024798,0.0,0.3197494933199209,1.2282922772212286,0.2248016698533492,0.03355454648171731,0.416926530472429,0.37142857142857144,59.30553310294696,0.0,-0.008446000607992277
21,small_volunteer,baseline,nash,1.156931601388699,0.0,0.32609843906657604,1.2279590170870471,0.22475970525804093,0.03354542858141287,0.4169298867737181,0.37142857142857144,59.30764611914042,0.0,-0.008363492838163955
22,small_volunteer,baseline,nash,1.1569903969566782,0.0,0.33904121399283454,1.2277244402039225,0.22473016323524836,0.033539010625258776,0.41693225053296534,0.37142857142857144,59.30913330660434,0.0,-0.008195809935738652
23,small_volunteer,baseline,nash,1.1570317826223921,0.0,0.34477642234072015,1.2275593191655485,0.22470936644131906,0.03353449296063124,0.4169339150556792,0.37142857142857144,59.310180086790055,0.0,-0.008122170980519705
24,small_volunteer,baseline,nash,1.1570609145765205,0.0,0.3513735969679528,1.227443085904785,0.22469472607896676,0.03353131285147146,0.416935087080784,0.37142857142857144,59.310916911531315,0.0,-0.008037752747069637
25,small_volunteer,baseline,nash,1.1570814214461032,0.0,0.36354847459200124,1.2273612646672547,0.22468441968461617,0.033529074245432604,0.4169359122754974,0.37142857142857144,59.311435575685145,0.0,-0.007882894644591687
26,small_volunteer,baseline,nash,1.157095857091932,0.0,0.3691329099110464,1.2273036667174044,0.22467716428514065,0.033527498381676166,0.4169364932492128,0.37142857142857144,59.31180068057504,0.0,-0.007812401003628455
27,small_volunteer,baseline,nash,1.157106019065562,0.0,0.3740287407688746,1.2272631203660036,0.22467205669955986,0.033526389044845256,0.41693690226758817,0.37142857142857144,59.3120576939178,0.0,-0.007750839984966618
28,small_volunteer,baseline,nash,1.1571131726453643,0.0,0.37833800838288106,1.2272345773940487,0.22466846111258126,0.03352560811710477,0.4169371902191925,0.37142857142857144,59.31223861881751,0.0,-0.0076968401788324314
29,small_volunteer,baseline,nash,1.1571182084777374,0.0,0.38392301171107734,1.2272144842234474,0.224665929927969,0.033525058373562726,0.4169373929358282,0.37142857142857144,59.312365982111984,0.0,-0.0076270991736211435
0,small_volunteer,subsidy,nash,0.9245396181330845,0.0,0.2958932971674571,10.571639513027797,0.6869887281861919,0.29287136747776815,0.38230463267665993,0.0,49.783777246616935,2.050099572344377,-0.00731421557354528
1,small_volunteer,subsidy,nash,1.1274006725521346,0.0,0.30354890762341924,10.236496929262087,0.678742783490333,0.28355800929837927,0.3862112496301302,0.0,55.55396955246563,1.984906065088655,-0.008922479920884685
2,small_volunteer,subsidy,nash,1.1954771823754495,0.0,0.297794401398026,10.077716430393362,0.6747498483314422,0.27914634319266945,0.38848134800868284,0.0,57.32665345871208,1.9540244023486864,-0.00955603703847796
3,small_volunteer,subsidy,nash,1.2129368541173189,0.0,0.306422673024351,10.021490067483878,0.6733221593904475,0.27760065952318214,0.3888873780415938,0.0,57.77427859719446,1.9432046166622752,-0.009599267691385638
4,small_volunteer,subsidy,nash,1.2169853987925534,0.0,0.29924125598846896,10.007326757521387,0.6729613789413172,0.27721130550911555,0.38899128996999544,0.0,57.877785021710444,1.940479138563809,-0.009717099282581243
5,small_volunteer,subsidy,nash,1.2178991829066521,0.0,0.2999909510155717,10.004056543991641,0.6728780111828622,0.2771214063094158,0.38901532386647575,0.0,57.90113808974736,1.9398498441659104,-0.009715837851925091
6,small_volunteer,subsidy,nash,1.2181041293622428,0.0,0.3136049596796996,10.00331914953123,0.6728592093165505,0.2771011351054561,0.3890207453718324,0.0,57.90637542442364,1.939707945738193,-0.009558263766158204
7,small_volunteer,subsidy,nash,1.2181500296475405,0.0,0.30577554697791487,10.003153800326826,0.6728549931183918,0.27709658960429756,0.38902196116827614,0.0,57.90754837275324,1.9396761272300829,-0.00965001946148658
8,small_volunteer,subsidy,nash,1.2181603062796194,0.0,0.30644242060407983,10.003116770140764,0.6728540488862218,0.2770955716329476,0.3890222334530382,0.0,57.907810983737576,1.9396690014306335,-0.009642298415219352
9,small_volunteer,subsidy,nash,1.2181626069530318,0.0,0.3040130411296823,10.0031084795291,0.6728538374836014,0.2770953437214506,0.3890222944145829,0.0,57.90786977553481,1.9396674060501544,-0.009670775615773453
10,small_volunteer,subsidy,nash,1.218163122006292,0.0,0.30761857663097697,10.003106623479077,0.6728537901560899,0.2770952926980574,0.3890223080622839,0.0,57.907882937290736,1.9396670488864018,-0.009628564710385756
11,small_volunteer,subsidy,nash,1.2181632373111861,0.0,0.30183284664568166,10.003106207964175,0.6728537795608537,0.2770952812754233,0.38902231111760277,0.0,57.9078858838109,1.9396669689279635,-0.009696369067030641
12,small_volunteer,subsidy,nash,1.2181632631244539,0.0,0.30900400638243947,10.003106114942929,0.6728537771889,0.2770952787182403,0.3890223118015965,0.0,57.907886543447376,1.939666951027682,-0.00961237832865991
13,small_volunteer,subsidy,nash,1.2181632689032607,0.0,0.3185026641647824,10.003106094118294,0.6728537766578915,0.27709527814576457,0.3890223119547218,0.0,57.90788669111995,1.939666947020352,-0.009501895268136717
14,small_volunteer,subsidy,nash,1.2181632701969598,0.0,0.32035063572880107,10.003106089456292,0.6728537765390149,0.27709527801760475,0.38902231198900195,0.0,57.90788672417935,1.9396669461232332,-0.009480501722344048
15,small_volunteer,subsidy,nash,1.2181632704865797,0.0,0.32621271173027006,10.00310608841261,0.6728537765124021,0.27709527798891354,0.38902231199667603,0.0,57.907886731580334,1.9396669459223947,-0.00941285410446735
16,small_volunteer,subsidy,nash,1.2181632705514167,0.0,0.3291631587561571,10.00310608817896,0.6728537765064442,0.27709527798249045,0.389022311998394,0.0,57.90788673323719,1.9396669458774334,-0.00937893026645198
17,small_volunteer,subsidy,nash,1.2181632705659318,0.0,0.32647333486700536,10.003106088126655,0.6728537765051105,0.2770952779810526,0.3890223119987788,0.0,57.907886733608116,1.9396669458673683,-0.009409854161612996
18,small_volunteer,subsidy,nash,1.2181632705691814,0.0,0.32062458581224573,10.003106088114944,0.6728537765048118,0.2770952779807307,0.38902231199886517,0.0,57.907886733691164,1.939666945865115,-0.009477333054399129
19,small_volunteer,subsidy,nash,1.2181632705699088,0.0,0.31936309526637713,10.003106088112323,0.672853776504745,0.2770952779806586,0.38902231199888426,0.0,57.90788673370975,1.9396669458646103,-0.00949193018444916
20,small_volunteer,subsidy,nash,1.2181632705700718,0.0,0.3257269205472632,10.003106088111737,0.6728537765047301,0.27709527798064243,0.3890223119988887,0.0,57.90788673371392,1.9396669458644973,-0.009418447607598912
21,small_volunteer,subsidy,nash,1.2181632705701082,0.0,0.33231487190060904,10.003106088111604,0.6728537765047267,0.2770952779806389,0.3890223119988898,0.0,57.90788673371485,1.939666945864472,-0.00934278356502416
22,small_volunteer,subsidy,nash,1.2181632705701164,0.0,0.3455028340133548,10.003106088111576,0.672853776504726,0.277095277980638,0.38902231199889004,0.0,57.907886733715046,1.939666945864466,-0.009192547236357429
23,small_volunteer,subsidy,nash,1.2181632705701182,0.0,0.35149278030940817,10.003106088111569,0.6728537765047257,0.27709527798063777,0.3890223119988896,0.0,57.90788673371509,1.9396669458644646,-0.009124846824468236
24,small_volunteer,subsidy,nash,1.2181632705701186,0.0,0.35835088689888706,10.003106088111567,0.6728537765047257,0.27709527798063777,0.3890223119988898,0.0,57.9078867337151,1.9396669458644646,-0.009047741759368177
25,small_volunteer,subsidy,nash,1.2181632705701186,0.0,0.3707934275461046,10.003106088111567,0.6728537765047257,0.27709527798063777,0.3890223119988898,0.0,57.9078867337151,1.9396669458644646,-0.008908951759155403
26,small_volunteer,subsidy,nash,1.2181632705701186,0.0,0.37665509666624614,10.003106088111567,0.6728537765047257,0.27709527798063777,0.3890223119988898,0.0,57.9078867337151,1.9396669458644646,-0.008844054903250465
27,small_volunteer,subsidy,nash,1.2181632705701186,0.0,0.3818346582203551,10.003106088111567,0.6728537765047257,0.27709527798063777,0.3890223119988898,0.0,57.9078867337151,1.9396669458644646,-0.008786967219030606
28,small_volunteer,subsidy,nash,1.2181632705701186,0.0,0.38643391789478787,10.003106088111567,0.6728537765047257,0.27709527798063777,0.3890223119988898,0.0,57.9078867337151,1.9396669458644646,-0.00873647661999799
29,small_volunteer,subsidy,nash,1.2181632705701186,0.0,0.39231498255758934,10.003106088111567,0.6728537765047257,0.27709527798063777,0.3890223119988898,0.0,57.9078867337151,1.9396669458644646,-0.00867218845074258
0,small_volunteer,penalty,nash,0.8292038264981141,0.0,0.2958932971674571,5.341635405806988,0.5182488954400396,0.15111886828952756,0.4720277654540155,0.0,49.20976043158926,0.35000000000000003,-0.0063886110491730985
1,small_volunteer,penalty,nash,1.0151091966073922,0.0,0.30332323384961973,4.990160859679356,0.5022513068599037,0.14135083582649602,0.47125544434718547,0.0,54.866554396962435,0.35000000000000003,-0.007878342221855128
2,small_volunteer,penalty,nash,1.115320044287516,0.0,0.297293304622078,4.765958977722303,0.49154851064433924,0.13502090924067664,0.47192024616204464,0.0,57.59564017433281,0.35000000000000003,-0.008792545214335146
3,small_volunteer,penalty,nash,1.1641157473858537,0.0,0.3057241380194351,4.6203019794307,0.4843698526809044,0.13105583172139976,0.47305469637772624,0.0,58.85602215776403,0.35000000000000003,-0.009096228492114555
4,small_volunteer,penalty,nash,1.186830598238524,0.0,0.2984137422865415,4.562022620080605,0.4814453235382709,0.12954271553266639,0.4740557465798061,0.0,59.426505767131516,0.35000000000000003,-0.009373552977760102
5,small_volunteer,penalty,nash,1.1971266281673099,0.0,0.29908008182704626,4.5293017252859284,0.47978988762435687,0.12865007081954596,0.4743473483443943,0.0,59.68320505401781,0.35000000000000003,-0.009450778434620277
6,small_volunteer,penalty,nash,1.201745211341126,0.0,0.3126318709807269,4.514488221488603,0.4790372095540117,0.12824594901803535,0.47448042555113057,0.0,59.797787180396725,0.35000000000000003,-0.009325979435010234
7,small_volunteer,penalty,nash,1.2038073204465334,0.0,0.30474816878406136,4.507846194341882,0.47869906962083203,0.1280647501004292,0.4745403111845581,0.0,59.84883329966646,0.35000000000000003,-0.009437683915393569
8,small_volunteer,penalty,nash,1.2047260843381988,0.0,0.30536595357631724,4.504881198360309,0.47854799254242375,0.1279838629992842,0.4745670876251247,0.0,59.871554376264676,0.35000000000000003,-0.009437856678177425
9,small_volunteer,penalty,nash,1.205135053156728,0.0,0.30288895892662515,4.503560259745051,0.47848065982409,0.1279478268902733,0.47457902549568365,0.0,59.88166378068026,0.35000000000000003,-0.009471080115075692
10,small_volunteer,penalty,nash,1.205317021439105,0.0,0.30644747636219855,4.502972291036134,0.4784506838683349,0.12793178670015345,0.47458434093299595,0.0,59.886161027394564,0.35000000000000003,-0.009429742452579548
11,small_volunteer,penalty,nash,1.20539797216487,0.0,0.3006141560057521,4.502710681701576,0.4784373454115917,0.1279246498175621,0.4745867063111806,0.0,59.88816150751363,0.35000000000000003,-0.009500711610683554
12,small_volunteer,penalty,nash,1.2054339810775332,0.0,0.3077378651116033,4.502594302487881,0.4784314114779802,0.12792147491250208,0.47458775863792235,0.0,59.88905133703291,0.35000000000000003,-0.009415206289179245
13,small_volunteer,penalty,nash,1.205449998157627,0.0,0.3171877811379542,4.502542534247218,0.4784287718829265,0.12792006263924982,0.47458822675121914,0.0,59.889447134239155,0.35000000000000003,-0.009302296043750102
14,small_volunteer,penalty,nash,1.2054571225791215,0.0,0.3189854192791056,4.502519507309854,0.47842759776145183,0.12791943444854012,0.4745884349744882,0.0,59.8896231840975,0.35000000000000003,-0.009280951060859799
15,small_volunteer,penalty,nash,1.2054602915096122,0.0,0.3247963053558944,4.502509264899159,0.47842707550916475,0.12791915502852205,0.47458852759298265,0.0,59.88970149050842,0.35000000000000003,-0.009212005490079944
16,small_volunteer,penalty,nash,1.205461701039925,0.0,0.3276942763974033,4.502504709093581,0.4784268432119885,0.12791903074300803,0.4745885687896232,0.0,59.88973632090124,0.35000000000000003,-0.009177743316059805
17,small_volunteer,penalty,nash,1.2054623279936738,0.0,0.3249509644174695,4.502502682685824,0.4784267398868853,0.1279189754612087,0.4745885871137778,0.0,59.8897518133178,0.35000000000000003,-0.009210191186611372
18,small_volunteer,penalty,nash,1.2054626068601506,0.0,0.3190482724464823,4.50250178134737,0.4784266939282606,0.12791895087207483,0.4745885952642954,0.0,59.88975870427959,0.35000000000000003,-0.009280248733041008
19,small_volunteer,penalty,nash,1.2054627308987897,0.0,0.3177326979922677,4.502501380435701,0.4784266734860494,0.1279189399349284,0.4745885988896139,0.0,59.8897617693501,0.35000000000000003,-0.009295910052056877
20,small_volunteer,penalty,nash,1.2054627860706493,0.0,0.32404182994956593,4.5025012021118735,0.4784266643934391,0.12791893507013155,0.47458860050214025,0.0,59.88976313268035,0.35000000000000003,-0.00922096269629491
21,small_volunteer,penalty,nash,1.2054628106108565,0.0,0.3305736953108239,4.502501122794193,0.47842666034908465,0.1279189329062906,0.4745886012193852,0.0,59.8897637390838,0.35000000000000003,-0.009143779032153576
22,small_volunteer,penalty,nash,1.2054628215262355,0.0,0.3437041369144095,4.502501087514029,0.4784266585501731,0.12791893194382342,0.4745886015384133,0.0,59.88976400880945,0.35000000000000003,-0.00898987238220772
23,small_volunteer,penalty,nash,1.2054628263813492,0.0,0.3496344379931241,4.502501071821563,0.47842665775002485,0.12791893151572212,0.47458860168031447,0.0,59.889764128782254,0.35000000000000003,-0.008920902913952089
24,small_volunteer,penalty,nash,1.2054628285408828,0.0,0.3564314769971775,4.5025010648416215,0.47842665739412243,0.12791893132530455,0.474588601743432,0.0,59.889764182145655,0.35000000000000003,-0.008842263837720132
25,small_volunteer,penalty,nash,1.2054628295014342,0.0,0.3688114200691528,4.502501061736973,0.47842665723581856,0.1279189312406076,0.4745886017715064,0.0,59.88976420588147,0.35000000000000003,-0.008700149002726532
26,small_volunteer,penalty,nash,1.2054628299286834,0.0,0.37460837334805475,4.502501060356039,0.47842665716540567,0.12791893120293474,0.47458860178399376,0.0,59.88976421643905,0.35000000000000003,-0.008634094053465047
27,small_volunteer,penalty,nash,1.205462830118722,0.0,0.37972174053224506,4.502501059741806,0.47842665713408633,0.12791893118617803,0.4745886017895484,0.0,59.88976422113502,0.35000000000000003,-0.008576086033181607
28,small_volunteer,penalty,nash,1.2054628302032504,0.0,0.3842533764393244,4.502501059468598,0.47842665712015564,0.12791893117872472,0.47458860179201867,0.0,59.88976422322377,0.35000000000000003,-0.008524878075934161
29,small_volunteer,penalty,nash,1.205462830240848,0.0,0.3900654273954702,4.502501059347075,0.47842665711395926,0.12791893117540948,0.4745886017931171,0.0,59.88976422415283,0.35000000000000003,-0.008459475736896982
0,small_volunteer,reputation,nash,0.9165608421149499,0.0,0.2958932971674571,10.003611855150405,0.6728666727888443,0.2795327430439941,0.31614380157860733,0.0,51.54632879925483,0.12365759784706183,-0.007239862123294083
1,small_volunteer,reputation,nash,1.1193817595178568,0.0,0.3035300206926723,9.674280029404937,0.6643411814473895,0.27051221873179493,0.3159271624065052,0.0,57.28226582329429,0.12211243582929435,-0.008849701161787182
2,small_volunteer,reputation,nash,1.1911338866121648,0.0,0.2977557967277349,9.514822019650971,0.6601182762456435,0.26614433979605284,0.31620822004926197,0.0,59.12383629518098,0.12134741722095499,-0.00951462206205922
3,small_volunteer,reputation,nash,1.2109294598428033,0.0,0.3063731987954356,9.462434344620899,0.6587169131094094,0.26470929644352176,0.31631009919726205,0.0,59.61787572228389,0.12109359801172209,-0.00957733420241147
4,small_volunteer,reputation,nash,1.2158790446831123,0.0,0.2991861836952723,9.448272840345238,0.6583368899356974,0.2643213703593296,0.3163391717824131,0.0,59.740593566356345,0.12102477143222341,-0.00970287009637194
5,small_volunteer,reputation,nash,1.2170820824449944,0.0,0.2999324742088781,9.444750275415617,0.6582422821074343,0.26422487651970733,0.31634642738390406,0.0,59.770376010920046,0.12100763715510848,-0.009704038841449991
6,small_volunteer,reputation,nash,1.2173724048711017,0.0,0.31354371861523334,9.443895171608073,0.6582193112128406,0.2642014525948862,0.31634819013014615,0.0,59.77756066637796,0.12100347694955145,-0.009546959193915905
7,small_volunteer,reputation,nash,1.217442344604736,0.0,0.305711628744299,9.443688877392939,0.6582137691915959,0.2641958015607041,0.31634861547820603,0.0,59.77929132741743,0.12100247324793713,-0.009639087714195194
8,small_volunteer,reputation,nash,1.2174591862425739,0.0,0.3063758930211676,9.44363918403349,0.6582124341806804,0.26419444030642975,0.31634871794345854,0.0,59.77970806569483,0.121002231467507,-0.00963143964119939
9,small_volunteer,reputation,nash,1.217463241333266,0.0,0.30394388065613254,9.44362721797885,0.6582121127119592,0.2641941125193103,0.3163487426171574,0.0,59.77980840647641,0.12100217324712831,-0.009660006527244969
10,small_volunteer,reputation,nash,1.217464217684768,0.0,0.30754676498270717,9.44362433683217,0.6582120353097388,0.26419403359582205,0.3163487485580243,0.0,59.77983256567849,0.12100215922901017,-0.009617764826651332
11,small_volunteer,reputation,nash,1.2174644527612968,0.0,0.30175832835830063,9.443623643134003,0.6582120166734827,0.26419401459329095,0.31634874998841744,0.0,59.779838382497246,0.1210021558538455,-0.009685707629300211
12,small_volunteer,reputation,nash,1.2174645093606833,0.0,0.3089267769059421,9.443623476112068,0.658212012186425,0.26419401001804527,0.31634875033281395,0.0,59.77983978301285,0.12100215504120594,-0.009601617838704612
13,small_volunteer,reputation,nash,1.2174645229881154,0.0,0.31842264623550554,9.44362343589819,0.6582120111060759,0.2641940089164633,0.31634875041573407,0.0,59.77984012021494,0.1210021548455467,-0.009490994489908644
14,small_volunteer,reputation,nash,1.2174645262691914,0.0,0.32026773795640195,9.443623426215897,0.6582120108459604,0.26419400865123543,0.3163487504356981,0.0,59.779840201403076,0.12100215479843783,-0.009469600818632129
15,small_volunteer,reputation,nash,1.217464527059176,0.0,0.3261268842215119,9.443623423884691,0.6582120107833325,0.2641940085873765,0.3163487504405056,0.0,59.779840220950724,0.12100215478709542,-0.009401880836310106
16,small_volunteer,reputation,nash,1.2174645272493807,0.0,0.32907432848987905,9.443623423323409,0.6582120107682535,0.26419400857200126,0.3163487504416629,0.0,59.779840225657225,0.1210021547843645,-0.009367938204785098
17,small_volunteer,reputation,nash,1.2174645272951763,0.0,0.32638144409365744,9.443623423188265,0.6582120107646229,0.2641940085682993,0.3163487504419409,0.0,59.779840226790405,0.12100215478370699,-0.009398946073520653
18,small_volunteer,reputation,nash,1.2174645273062024,0.0,0.3205296075173824,9.443623423155728,0.6582120107637487,0.264194008567408,0.3163487504420084,0.0,59.77984022706324,0.12100215478354868,-0.009466567119827518
19,small_volunteer,reputation,nash,1.2174645273088571,0.0,0.31926501972254123,9.443623423147894,0.6582120107635382,0.2641940085671934,0.31634875044202526,0.0,59.77984022712893,0.12100215478351056,-0.009481223209886425
20,small_volunteer,reputation,nash,1.2174645273094964,0.0,0.32562571225080184,9.44362342314601,0.6582120107634877,0.26419400856714176,0.31634875044202837,0.0,59.779840227144746,0.1210021547835014,-0.00940766054604536
21,small_volunteer,reputation,nash,1.2174645273096503,0.0,0.3322104522349512,9.443623423145555,0.6582120107634755,0.2641940085671293,0.3163487504420295,0.0,59.779840227148554,0.12100215478349918,-0.009331913416943838
22,small_volunteer,reputation,nash,1.2174645273096871,0.0,0.34539512202890643,9.443623423145446,0.6582120107634725,0.2641940085671262,0.3163487504420297,0.0,59.779840227149464,0.12100215478349863,-0.009181475752667145
23,small_volunteer,reputation,nash,1.2174645273096962,0.0,0.35138165705064633,9.44362342314542,0.6582120107634718,0.26419400856712555,0.3163487504420297,0.0,59.779840227149705,0.12100215478349852,-0.009113706041524727
24,small_volunteer,reputation,nash,1.2174645273096982,0.0,0.35823627201239394,9.443623423145413,0.6582120107634716,0.2641940085671254,0.3163487504420295,0.0,59.779840227149755,0.12100215478349849,-0.009036517114155096
25,small_volunteer,reputation,nash,1.217464527309699,0.0,0.37067523472146,9.44362342314541,0.6582120107634716,0.2641940085671253,0.3163487504420297,0.0,59.77984022714977,0.12100215478349849,-0.008897544813634362
26,small_volunteer,reputation,nash,1.217464527309699,0.0,0.3765332071904638,9.44362342314541,0.6582120107634716,0.2641940085671253,0.3163487504420295,0.0,59.77984022714977,0.12100215478349849,-0.008832584761359286
27,small_volunteer,reputation,nash,1.217464527309699,0.0,0.3817089885360831,9.44362342314541,0.6582120107634716,0.2641940085671253,0.3163487504420295,0.0,59.77984022714977,0.12100215478349849,-0.008775446950136656
28,small_volunteer,reputation,nash,1.217464527309699,0.0,0.3863043871095645,9.44362342314541,0.6582120107634716,0.2641940085671253,0.3163487504420295,0.0,59.77984022714977,0.12100215478349849,-0.008724917381276454
29,small_volunteer,reputation,nash,1.217464527309699,0.0,0.39218151191136963,9.44362342314541,0.6582120107634716,0.2641940085671253,0.3163487504420295,0.0,59.77984022714977,0.12100215478349849,-0.008660568436165361
0,small_volunteer,matching_fund,nash,0.8244685818407551,0.0,0.2958932971674571,3.046676352261033,0.39220595140294406,0.08329290565831846,0.45182601326682836,0.2,49.36965300719231,0.3061014282943203,-0.0063398680075106295
1,small_volunteer,matching_fund,nash,0.986178723684118,0.0,0.30331202483238323,2.323712970488028,0.33698626394465614,0.06351959098962741,0.4389834633195806,0.2571428571428571,54.44405445202832,0.2334344968868807,-0.00757182087944086
2,small_volunteer,matching_fund,nash,1.0703205498709951,0.0,0.2972117600591869,1.8505528133628606,0.2938994341709855,0.05057740144418451,0.42762359818695983,0.2857142857142857,56.84755761330508,0.18587195030737808,-0.008304977111643908
3,small_volunteer,matching_fund,nash,1.1156175866488642,0.0,0.30553454466051005,1.5907145418675293,0.2670828878467448,0.04346956283844015,0.42078407989670086,0.3142857142857143,58.07962478467617,0.15975064343126752,-0.008541067300699812
4,small_volunteer,matching_fund,nash,1.1410382472081622,0.0,0.29810308197760177,1.4433766578234515,0.25065481006437956,0.039438911794015534,0.4181805912021139,0.37142857142857144,58.75334610581743,0.1449380008430071,-0.008820150026132012
5,small_volunteer,matching_fund,nash,1.1557711323146895,0.0,0.2986560225398031,1.3575499329647829,0.24062221938532896,0.03709089313633073,0.41709183231708113,0.37142857142857144,59.1381733418402,0.13630903227601543,-0.008917997424305657
6,small_volunteer,matching_fund,nash,1.1644988594841945,0.0,0.3121032456918053,1.3065707346588753,0.2344886982489965,0.03569618280099743,0.41681019538093644,0.37142857142857144,59.364227989014665,0.13118347179366555,-0.008808422581463748
7,small_volunteer,matching_fund,nash,1.1697429055899848,0.0,0.30411934915226985,1.2758944837050956,0.23073223677466162,0.03485691415606033,0.4167853024436816,0.37142857142857144,59.49937405950996,0.1280991595235217,-0.008945659853742516
8,small_volunteer,matching_fund,nash,1.1729221199574271,0.0,0.3046456856631872,1.2572809693687985,0.22842815633311175,0.03434766308887981,0.4168070423807493,0.37142857142857144,59.58106010871231,0.12622766185163328,-0.008960711449327974
9,small_volunteer,matching_fund,nash,1.1748603340421127,0.0,0.30208135661321667,1.2459274269551501,0.22701340663978803,0.03403703695829389,0.41682903247094827,0.37142857142857144,59.6307691729193,0.12508611082173005,-0.009006585546958101
10,small_volunteer,matching_fund,nash,1.1760460785909737,0.0,0.3055556940549114,1.2389795231555398,0.22614410589048212,0.033846945642028385,0.4168567546361921,0.37142857142857144,59.66114586445557,0.1243875252344543,-0.008970360232661179
11,small_volunteer,matching_fund,nash,1.1767730425096685,0.0,0.29963865630001985,1.2347190655219533,0.2256097150462751,0.0337303812518172,0.4168811321548618,0.37142857142857144,59.67975669115122,0.12395915110042821,-0.009050784690038727
12,small_volunteer,matching_fund,nash,1.1772193251418548,0.0,0.3066804394004425,1.2321032769305655,0.22528111065851053,0.03365881422013778,0.4168961993305118,0.37142857142857144,59.69117708164343,0.12369614225900634,-0.00896398344891347
13,small_volunteer,matching_fund,nash,1.1774935215743374,0.0,0.31604670540423213,1.2304960225873454,0.22507901076679163,0.03361484027661113,0.41690549533119636,0.37142857142857144,59.69819197573384,0.1235345380165459,-0.008847146224651325
14,small_volunteer,matching_fund,nash,1.177662072862814,0.0,0.31775809074596884,1.229507985202437,0.224954700361431,0.033587807885850286,0.416914305404402,0.37142857142857144,59.702503420148126,0.1234351939804998,-0.008826688099280444
15,small_volunteer,matching_fund,nash,1.177765715117139,0.0,0.32348157475780853,1.2289004247362325,0.22487823248897926,0.033571185216975614,0.4169204113662488,0.37142857142857144,59.70515427159805,0.12337410567238538,-0.008755397153495714
16,small_volunteer,matching_fund,nash,1.1778294569291223,0.0,0.3262899385512154,1.228526758344361,0.22483119229226187,0.03356096181613614,0.41692417029265094,0.37142857142857144,59.7067844945809,0.12333653467430032,-0.008720623668628802
17,small_volunteer,matching_fund,nash,1.177868663864778,0.0,0.32345533723012215,1.2282969177039635,0.22480225414530228,0.03355467344396431,0.4169264837529856,0.37142857142857144,59.70778719121335,0.12331342490656884,-0.008756414082561781
18,small_volunteer,matching_fund,nash,1.1778927813898799,0.0,0.31746083682904713,1.2281555340178965,0.22478445171188766,0.033550805227640076,0.41692790736516483,0.37142857142857144,59.70840397022224,0.12329920921157728,-0.008831982282840656
19,small_volunteer,matching_fund,nash,1.1779076175620193,0.0,0.31605358515922166,1.2280685598971652,0.22477349973871014,0.03354842564098752,0.41692878331478656,0.37142857142857144,59.708783383630156,0.12329046423062914,-0.008849837756268464
20,small_volunteer,matching_fund,nash,1.1779167444527945,0.0,0.3222701366627816,1.2280150551847153,0.2247667620948703,0.033546961767563235,0.41692932225501345,0.37142857142857144,59.70901678852044,0.12328508449579488,-0.008771615133378097
21,small_volunteer,matching_fund,nash,1.1779223592120855,0.0,0.32870681143551445,1.2279821396482657,0.22476261708684517,0.033546061208007634,0.4169296538333114,0.37142857142857144,59.709160375796415,0.12328177493942805,-0.00869101438950759
22,small_volunteer,matching_fund,nash,1.1779258133837938,0.0,0.3417393599592132,1.2279618901579985,0.22476006706609028,0.03354550718780446,0.4169298578293672,0.37142857142857144,59.709248709681454,0.12327973891518139,-0.008529055148511322
23,small_volunteer,matching_fund,nash,1.1779279383863943,0.0,0.3475675703692281,1.2279494326874008,0.22475849828379846,0.033545166355005436,0.4169299833315836,0.37142857142857144,59.70930305248132,0.12327848635464496,-0.008457183195168527
24,small_volunteer,matching_fund,nash,1.177929245690752,0.0,0.35425984777311825,1.2279417688328005,0.2247575331622209,0.033544956674155135,0.4169300605422497,0.37142857142857144,59.709336484201394,0.1232777157775201,-0.008375065952624716
25,small_volunteer,matching_fund,nash,1.1779300499480256,0.0,0.3665321294387884,1.2279370540071977,0.22475693941497463,0.033544827677886815,0.4169301080430501,0.37142857142857144,59.709357051472985,0.12327724171623405,-0.008225618684350788
26,small_volunteer,matching_fund,nash,1.1779305447300683,0.0,0.37221725156755603,1.2279341534287267,0.22475657413880787,0.03354474831889649,0.41693013726593753,0.37142857142857144,59.7093697045285,0.1232769500719446,-0.008156887906771493
27,small_volunteer,matching_fund,nash,1.1779308491220843,0.0,0.37721601106499053,1.227932368980385,0.22475634941910388,0.03354469949690451,0.4169301552440663,0.37142857142857144,59.709377488739825,0.12327677065112405,-0.008096713341975592
28,small_volunteer,matching_fund,nash,1.1779310363854516,0.0,0.3816303755119338,1.2279312711795116,0.22475621117041317,0.0335446694613892,0.41693016630432456,0.37142857142857144,59.70938227762157,0.1232766602706053,-0.008043773715373348
29,small_volunteer,matching_fund,nash,1.1779311515907755,0.0,0.3873225832728919,1.2279305958071167,0.22475612611911766,0.03354465098339524,0.416930173108661,0.37142857142857144,59.70938522376433,0.12327659236397752,-0.007975784797121799
0,small_volunteer,threshold_governance,nash,0.8221856506642647,0.0,0.2958932971674571,4.181796447792339,0.4615782417182235,0.11741401367681016,0.44825556840103253,0.0,46.49053383416758,3.0,-0.006270710821899561
1,small_volunteer,threshold_governance,nash,1.0078312078891578,0.0,0.3033066208001191,3.688437526221249,0.4335066547319077,0.10396155251018378,0.4474786385110121,0.0,52.17503185330498,3.0,-0.007752799946311839
2,small_volunteer,threshold_governance,nash,1.1165655920559014,0.0,0.29725883051058993,3.347751037958168,0.4123403581081416,0.09465119216060676,0.4479170869740452,0.02857142857142857,55.13312349360669,3.0054,-0.0087334004948596
3,small_volunteer,threshold_governance,nash,1.17754599297505,0.0,0.30569218041474444,3.171576209307924,0.40073469866558686,0.08976204360713654,0.45075102467582373,0.02857142857142857,56.69384872069453,3.0054,-0.00913457238126214
4,small_volunteer,threshold_governance,nash,1.2109449692127996,0.0,0.29841420340108643,3.0756774279427392,0.394209516222489,0.08708994587155337,0.4531048817112078,0.02857142857142857,57.520945706444735,3.0054,-0.009499824717466243
5,small_volunteer,threshold_governance,nash,1.2290049280886537,0.0,0.2991381177306067,3.017029556595802,0.3901428794087707,0.08547721312300453,0.45404953420571537,0.02857142857142857,57.9609862957934,3.0054,-0.00963920692820186
6,small_volunteer,threshold_governance,nash,1.2387313927040866,0.0,0.31276698295558536,2.987105427138513,0.38804500980149736,0.08464557294750322,0.45483086804854933,0.02857142857142857,58.19563466220238,3.0054,-0.009552473073874745
7,small_volunteer,threshold_governance,nash,1.2439409504412964,0.0,0.30497766461901704,2.953717429151798,0.3856856358680673,0.08378359321154137,0.4537442473547737,0.02857142857142857,58.32206497681996,3.0054,-0.009688934181292241
8,small_volunteer,threshold_governance,nash,1.246744042196766,0.0,0.3056964964307297,2.946317258968239,0.3851600034004306,0.08357236711303519,0.4541592824520686,0.05714285714285714,58.38366940810263,3.0108,-0.009703250316557721
9,small_volunteer,threshold_governance,nash,1.2482506120274126,0.0,0.30332676760128124,2.9412502100202964,0.3847995231972412,0.08343333908305932,0.4542375364386897,0.05714285714285714,58.419720625119886,3.0108,-0.00974458917640808
10,small_volunteer,threshold_governance,nash,1.2490601348089123,0.0,0.306995882045041,2.9384132632452618,0.3845974945835564,0.08335388402792199,0.4543728717223181,0.05714285714285714,58.43906911308168,3.0108,-0.00970632284103945
11,small_volunteer,threshold_governance,nash,1.2494950759209011,0.0,0.3012774749783383,2.936949914842356,0.38449322767452965,0.08331373070103291,0.4543957404778347,0.05714285714285714,58.449464708266504,3.0108,-0.009779893232390258
12,small_volunteer,threshold_governance,nash,1.2497287457895672,0.0,0.3085165175794232,2.9361635358210543,0.38443718036653707,0.08329215296900713,0.4544080365762093,0.05714285714285714,58.4550484676855,3.0108,-0.00969323496290131
13,small_volunteer,threshold_governance,nash,1.249854279223523,0.0,0.3180863824612464,2.9357410143571707,0.38440706152221515,0.08328055925201329,0.4544146452377664,0.05714285714285714,58.45804785402613,3.0108,-0.009577984190120015
14,small_volunteer,threshold_governance,nash,1.2499217177032176,0.0,0.32000927593643935,2.9355140124702994,0.38439087867885124,0.08327433046602707,0.45441819634425396,0.05714285714285714,58.45965906861129,3.0108,-0.009555282962323108
15,small_volunteer,threshold_governance,nash,1.2499579463126305,0.0,0.3259479638253818,2.93539205996383,0.38438218436431004,0.08327098416747682,0.454420104273638,0.05714285714285714,58.4605245994894,3.0108,-0.009483994756532166
16,small_volunteer,threshold_governance,nash,1.249977408567673,0.0,0.32897767908902786,2.935326544841267,0.38437751350787275,0.0832691864745113,0.4544211292956293,0.05714285714285714,58.46098956009457,3.0108,-0.009447768355110409
17,small_volunteer,threshold_governance,nash,1.249987863792267,0.0,0.3263690348553586,2.935291349370515,0.3843750042384365,0.08326822073334748,0.45442167996279337,0.05714285714285714,58.461239336907255,3.0108,-0.009479177587818688
18,small_volunteer,threshold_governance,nash,1.2499934803843311,0.0,0.32060194465921354,2.9352724420934986,0.38437365623037023,0.08326770192977986,0.45442197578936305,0.05714285714285714,58.46137351739128,3.0108,-0.009548711111933672
19,small_volunteer,threshold_governance,nash,1.2499964976394025,0.0,0.31942178152108974,2.935262284997011,0.3843729320701147,0.08326742322555912,0.4544221347102131,0.05714285714285714,58.4614455994651,3.0108,-0.009562996229709242
20,small_volunteer,threshold_governance,nash,1.249998118519801,0.0,0.32586775927133127,2.93525682855807,0.38437254304712354,0.08326727350436992,0.4544222200835526,0.05714285714285714,58.46148432215865,3.0108,-0.009485288423397353
21,small_volunteer,threshold_governance,nash,1.2499989892624317,0.0,0.3325406381006043,2.9352538973371303,0.38437233406218574,0.08326719307354499,0.45442226594654933,0.05714285714285714,58.46150512410838,3.0108,-0.009405270846951197
22,small_volunteer,threshold_governance,nash,1.2499994570283623,0.0,0.34581639680055726,2.9352523226743643,0.3843722217946374,0.08326714986580734,0.4544222905843487,0.05714285714285714,58.46151629898232,3.0108,-0.009247359350067486
23,small_volunteer,threshold_governance,nash,1.2499997083138084,0.0,0.3518987289154334,2.9352514767599454,0.384372161484094,0.08326712665445757,0.45442230381986937,0.05714285714285714,58.46152230216113,3.0108,-0.009175581995289228
24,small_volunteer,threshold_governance,nash,1.249999843305198,0.0,0.35885204100859075,2.9352510223317974,0.3843721290850563,0.08326711418524024,0.4544223109300394,0.05714285714285714,58.46152552708862,3.0108,-0.009093959510273919
25,small_volunteer,threshold_governance,nash,1.2499999158230266,0.0,0.3713928671253195,2.935250778211448,0.38437211168018137,0.08326710748673424,0.4544223147496471,0.05714285714285714,58.461527259530406,3.0108,-0.008947906627548186
26,small_volunteer,threshold_governance,nash,1.2499999547798475,0.0,0.3773573669496855,2.9352506470691715,0.38437210233022334,0.08326710388827419,0.45442231680155376,0.05714285714285714,58.461528190203914,3.0108,-0.008878962124347245
27,small_volunteer,threshold_governance,nash,1.2499999757075824,0.0,0.382642691882457,2.9352505766190986,0.3843720973073942,0.08326710195516931,0.45442231790384535,0.05714285714285714,58.46152869016483,3.0108,-0.008818145410723233
28,small_volunteer,threshold_governance,nash,1.2499999869500318,0.0,0.3873505148874023,2.9352505387730834,0.38437209460911353,0.0832671009166989,0.4544223184959997,0.05714285714285714,58.461528958745525,3.0108,-0.008764191839888857
29,small_volunteer,threshold_governance,nash,1.2499999929895131,0.0,0.39334283420435345,2.9352505184420767,0.38437209315958804,0.08326710035882907,0.45442231881410766,0.05714285714285714,58.46152910302796,3.0108,-0.008695812783974244
0,small_volunteer,combined_portfolio,nash,1.04632327966668,0.0,0.2958932971674571,12.724713970680991,0.7348652415725273,0.3560258355663022,0.3402437083828176,0.0,49.99278650440573,4.763538740869692,-0.008399219565875082
1,small_volunteer,combined_portfolio,nash,1.230225752481538,0.0,0.3038371873766376,12.334697889653054,0.7267768236121511,0.34518492477631313,0.3423267648448145,0.0,54.870645941725584,4.693187744184011,-0.009828829558232277
2,small_volunteer,combined_portfolio,nash,1.244934836207504,0.0,0.2983363709891788,12.2142832969122,0.7242317310227065,0.34183778763131095,0.34309091928829916,0.0,55.27539848933492,4.671461467113799,-0.010013310371505657
3,small_volunteer,combined_portfolio,nash,1.2450113080326002,0.0,0.3070900339278017,12.205103990444684,0.7240367660950584,0.3415826308162674,0.3431503527017865,0.0,55.28130903589995,4.669805136880859,-0.009912731296924937
4,small_volunteer,combined_portfolio,nash,1.245011280658442,0.0,0.29999656002974023,12.205056418367583,0.7240357553295302,0.34158130845650414,0.34315066097453517,0.0,55.281329605791285,4.66979655284772,-0.0099946457122575
5,small_volunteer,combined_portfolio,nash,1.245011280669027,0.0,0.3008238911701396,12.205056435396397,0.7240357556913426,0.34158130892985356,0.3431506608641859,0.0,55.2813295984468,4.6697965559204455,-0.009985066756547756
6,small_volunteer,combined_portfolio,nash,1.2450112806690232,0.0,0.3145145948259283,12.205056435389814,0.7240357556912027,0.34158130892967054,0.34315066086422896,0.0,55.281329598449645,4.669796555919257,-0.009827509484200192
7,small_volunteer,combined_portfolio,nash,1.245011280669023,0.0,0.3067653864416806,12.205056435389814,0.7240357556912027,0.3415813089296706,0.34315066086422896,0.0,55.281329598449645,4.669796555919258,-0.009916469219838131
8,small_volunteer,combined_portfolio,nash,1.245011280669023,0.0,0.30751178642587707,12.205056435389814,0.7240357556912027,0.3415813089296706,0.34315066086422896,0.0,55.281329598449645,4.669796555919258,-0.009907875660330134
9,small_volunteer,combined_portfolio,nash,1.245011280669023,0.0,0.3051631616155569,12.205056435389814,0.7240357556912027,0.3415813089296706,0.34315066086422896,0.0,55.281329598449645,4.669796555919258,-0.0099349342482975
10,small_volunteer,combined_portfolio,nash,1.245011280669023,0.0,0.308850051678201,12.205056435389814,0.7240357556912027,0.3415813089296706,0.34315066086422896,0.0,55.281329598449645,4.669796555919258,-0.009892481125661101
11,small_volunteer,combined_portfolio,nash,1.245011280669023,0.0,0.30314758513452383,12.205056435389814,0.7240357556912027,0.3415813089296706,0.34315066086422896,0.0,55.281329598449645,4.669796555919258,-0.00995819805814202
12,small_volunteer,combined_portfolio,nash,1.245011280669023,0.0,0.3104019277100635,12.205056435389814,0.7240357556912027,0.3415813089296706,0.34315066086422896,0.0,55.281329598449645,4.669796555919258,-0.009874650820924202
13,small_volunteer,combined_portfolio,nash,1.245011280669023,0.0,0.31998646976017353,12.205056435389814,0.7240357556912027,0.3415813089296706,0.34315066086422896,0.0,55.281329598449645,4.669796555919258,-0.009765037581538571
14,small_volunteer,combined_portfolio,nash,1.245011280669023,0.0,0.32192356469040984,12.205056435389814,0.7240357556912027,0.3415813089296706,0.34315066086422896,0.0,55.281329598449645,4.669796555919258,-0.009742989871014851
15,small_volunteer,combined_portfolio,nash,1.245011280669023,0.0,0.3278764051399147,12.205056435389814,0.7240357556912027,0.3415813089296706,0.34315066086422896,0.0,55.281329598449645,4.669796555919258,-0.009675456745100952
16,small_volunteer,combined_portfolio,nash,1.245011280669023,0.0,0.33092014277359044,12.205056435389814,0.7240357556912027,0.3415813089296706,0.34315066086422896,0.0,55.281329598449645,4.669796555919258,-0.009641054899502288
17,small_volunteer,combined_portfolio,nash,1.245011280669023,0.0,0.3283255455464148,12.205056435389814,0.7240357556912027,0.3415813089296706,0.34315066086422896,0.0,55.281329598449645,4.669796555919258,-0.009670374883999688
18,small_volunteer,combined_portfolio,nash,1.245011280669023,0.0,0.3225727747950364,12.205056435389814,0.7240357556912027,0.3415813089296706,0.34315066086422896,0.0,55.281329598449645,4.669796555919258,-0.009735608586107114
19,small_volunteer,combined_portfolio,nash,1.245011280669023,0.0,0.32140734620012773,12.205056435389814,0.7240357556912027,0.3415813089296706,0.34315066086422896,0.0,55.281329598449645,4.669796555919258,-0.009748861926390795
20,small_volunteer,combined_portfolio,nash,1.245011280669023,0.0,0.3278683035173891,12.205056435389814,0.7240357556912027,0.3415813089296706,0.34315066086422896,0.0,55.281329598449645,4.669796555919258,-0.009675548429376457
21,small_volunteer,combined_portfolio,nash,1.245011280669023,0.0,0.33455610972746663,12.205056435389814,0.7240357556912027,0.3415813089296706,0.34315066086422896,0.0,55.281329598449645,4.669796555919258,-0.009600072729957443
22,small_volunteer,combined_portfolio,nash,1.245011280669023,0.0,0.3478467356668311,12.205056435389814,0.7240357556912027,0.3415813089296706,0.34315066086422896,0.0,55.281329598449645,4.669796555919258,-0.009451311741836887
23,small_volunteer,combined_portfolio,nash,1.245011280669023,0.0,0.35394361155010756,12.205056435389814,0.7240357556912027,0.3415813089296706,0.34315066086422896,0.0,55.281329598449645,4.669796555919258,-0.009383612602516855
24,small_volunteer,combined_portfolio,nash,1.245011280669023,0.0,0.3609114270186063,12.205056435389814,0.7240357556912027,0.3415813089296706,0.34315066086422896,0.0,55.281329598449645,4.669796555919258,-0.009306656465607466
25,small_volunteer,combined_portfolio,nash,1.245011280669023,0.0,0.37346668110281533,12.205056435389814,0.7240357556912027,0.3415813089296706,0.34315066086422896,0.0,55.281329598449645,4.669796555919258,-0.00916909337436067
26,small_volunteer,combined_portfolio,nash,1.245011280669023,0.0,0.3794453096093562,12.205056435389814,0.7240357556912027,0.3415813089296706,0.34315066086422896,0.0,55.281329598449645,4.669796555919258,-0.00910408195873691
27,small_volunteer,combined_portfolio,nash,1.245011280669023,0.0,0.38474472230666756,12.205056435389814,0.7240357556912027,0.3415813089296706,0.34315066086422896,0.0,55.281329598449645,4.669796555919258,-0.00904672045168553
28,small_volunteer,combined_portfolio,nash,1.245011280669023,0.0,0.38946661874444516,12.205056435389814,0.7240357556912027,0.3415813089296706,0.34315066086422896,0.0,55.281329598449645,4.669796555919258,-0.00899581792755999
29,small_volunteer,combined_portfolio,nash,1.245011280669023,0.0,0.39547302003863666,12.205056435389814,0.7240357556912027,0.3415813089296706,0.34315066086422896,0.0,55.281329598449645,4.669796555919258,-0.008931349692633983
0,rapid_growth,baseline,nash,0.7280068408371824,0.2116043108782595,0.44157979215435117,3.3440034860480603,0.4116213078744003,0.09996980889959002,0.594601256795628,0.17142857142857143,65.3549739942019,0.0,-0.020148215556653915
1,rapid_growth,baseline,nash,0.8290369520545493,0.18362522807793874,0.4483480984626164,2.928518535279167,0.38344726397887796,0.08748200873452408,0.5890322900176375,0.17142857142857143,70.7805869592826,0.0,-0.02190794723157463
2,rapid_growth,baseline,nash,0.9014882597567057,0.17574976099248996,0.4581788163188495,2.6141021632212933,0.3600696127682304,0.07802722943760898,0.5832900487003159,0.2,74.25019552897928,0.0,-0.022997951502564007
3,rapid_growth,baseline,nash,0.9501821255911395,0.180159101474201,0.47173689515637823,2.390489720749055,0.3421706866299682,0.07129985299554549,0.5780659566687163,0.22857142857142856,76.35405159177094,0.0,-0.023578674446717907
4,rapid_growth,baseline,nash,0.9805354532682445,0.19204750699184736,0.5020625681885534,2.239242560934363,0.32938179680249013,0.06674778342652463,0.5737820817487724,0.22857142857142856,77.51618880050437,0.0,-0.023636259412211924
5,rapid_growth,baseline,nash,0.9972847140716468,0.2129060608282649,0.5249935535504856,2.144031449620751,0.3210210974646234,0.0638813677731364,0.5707047275128385,0.22857142857142856,77.97758600611374,0.0,-0.023573303352478314
6,rapid_growth,baseline,nash,1.0031126888208073,0.23541755078961168,0.5294398978361884,2.0910645447587024,0.31625965931325206,0.06228643731421132,0.5688887684993051,0.22857142857142856,77.95895391250981,0.0,-0.023557983235192648
7,rapid_growth,baseline,nash,1.0014835620363018,0.2515155612580964,0.5443286112423625,2.0725509629725,0.31457612309153316,0.061728903587109016,0.5682551299422358,0.22857142857142856,77.70478617314797,0.0,-0.023331427397428994
8,rapid_growth,baseline,nash,0.9965649509433591,0.2662321331119578,0.5702221949442412,2.0777307699065797,0.3150481697349086,0.06188489567259303,0.5684338725480149,0.22857142857142856,77.32895134685324,0.0,-0.02296510404272878
9,rapid_growth,baseline,nash,0.9898485335370154,0.2831701227563038,0.5803848335705096,2.093347871001838,0.3164665951909728,0.06235519730171836,0.5689659211762221,0.22857142857142856,76.85082241532717,0.0,-0.022746699553468197
10,rapid_growth,baseline,nash,0.9814374184541347,0.29607931551071315,0.5924037622902272,2.1146226201653677,0.31838739787315296,0.06299584295206344,0.5696944541153812,0.22857142857142856,76.34684074025694,0.0,-0.02248800149388752
11,rapid_growth,baseline,nash,0.9729001284741818,0.3068724949173473,0.6049668456775492,2.141187650915478,0.32076750011577365,0.06379574167721867,0.570608116329492,0.22857142857142856,75.85953404698557,0.0,-0.022232120998913807
12,rapid_growth,baseline,nash,0.964792568074039,0.3164676884281318,0.6183758646065121,2.168068680890677,0.32315551269221454,0.06460509698835129,0.5715129709530877,0.22857142857142856,75.40199540173857,0.0,-0.02198084706053338
13,rapid_growth,baseline,nash,0.9572529969196288,0.3255756954135627,0.6418736668252084,2.193525447822138,0.325398391750156,0.06537151659002455,0.5723453383859787,0.22857142857142856,74.97227786879577,0.0,-0.0216537227650222
14,rapid_growth,baseline,nash,0.9501992392212276,0.33744149353528496,0.6548086402685048,2.217141307819169,0.32746314794281267,0.06608246763087744,0.5730970611853536,0.22857142857142856,74.52938223405263,0.0,-0.021434977051780324
15,rapid_growth,baseline,nash,0.9427987233892859,0.34767006936076067,0.6819907746962063,2.2391891207996815,0.3293771733765043,0.06674617475788226,0.5737804464417917,0.22857142857142856,74.08895033829079,0.0,-0.021092704057296352
16,rapid_growth,baseline,nash,0.9355685371356963,0.36105984941159364,0.7042436053032969,2.2622763803125405,0.3313675222012404,0.06744113377311287,0.5744781766972684,0.22857142857142856,73.6169714796815,0.0,-0.020808832873575378
17,rapid_growth,baseline,nash,0.9276904750683315,0.3746633313409496,0.7324335273999922,2.284791953113599,0.3332950652547974,0.06811884690822294,0.575144815334367,0.22857142857142856,73.11224910925513,0.0,-0.020475916540171335
18,rapid_growth,baseline,nash,0.919343843757099,0.38987423841724994,0.7658436017584629,2.309283863771215,0.335376855534063,0.06885600637704004,0.5758523213307798,0.22857142857142856,72.56565307387335,0.0,-0.02011401839300575
19,rapid_growth,baseline,nash,0.9103095913639405,0.40719925683014047,0.7823814981336182,2.3351904359217057,0.3375621893013569,0.06963569902197028,0.576579824924129,0.22857142857142856,71.96109166355146,0.0,-0.019873179241582495
20,rapid_growth,baseline,nash,0.9003244614342591,0.4206047354537954,0.809480230220513,2.3631884428631666,0.3399049405939073,0.07047828489536338,0.5773428686954052,0.22857142857142856,71.35646205310678,0.0,-0.01954446556859324
21,rapid_growth,baseline,nash,0.89066616673416,0.4345442893784518,0.8214563479310656,2.3940891812790817,0.34246804543839493,0.07140816671670189,0.5781600857403655,0.22857142857142856,70.75633968558819,0.0,-0.01933139485541835
22,rapid_growth,baseline,nash,0.881089411526945,0.4444878625442757,0.8472541017587502,2.423942300877302,0.34492218774872274,0.07230646450052183,0.5789267900431412,0.2,70.2030591861157,0.0,-0.019028122914482415
23,rapid_growth,baseline,nash,0.8725226730733795,0.45592571774823354,0.8666791101325672,2.453515996493799,0.3473323515461554,0.07319629902859387,0.5796624511664012,0.2,69.6751210242269,0.0,-0.01879377755264411
24,rapid_growth,baseline,nash,0.8642473175842289,0.46639515993129427,0.8900270747277554,2.4799537115332364,0.3494695342383279,0.07399173054414568,0.5803008060861803,0.2,69.16926178725299,0.0,-0.018541966211814254
25,rapid_growth,baseline,nash,0.8563905255320978,0.4772891099072831,0.9033958358875004,2.5054821479834217,0.3515178593496194,0.07475976488334461,0.5809005757128469,0.2,68.67522017698533,0.0,-0.018359538771452133
26,rapid_growth,baseline,nash,0.8487000875626187,0.4857140369763732,0.9445700391869991,2.5297146044824617,0.35344844538483466,0.0754887737735346,0.5814553138647731,0.2,68.21537388996262,0.0,-0.01802774273539076
27,rapid_growth,baseline,nash,0.8417074857758111,0.4999363037873757,0.9723086908652327,2.5534334402825514,0.3553253185358692,0.07620229828307692,0.5819850021239872,0.2,67.7183010984128,0.0,-0.017808911133012195
28,rapid_growth,baseline,nash,0.833772469899903,0.5134591850952716,0.9945322985195457,2.575002745920816,0.3570212545884819,0.07685113183938619,0.5824556322673513,0.2,67.1827077744082,0.0,-0.01759970796260979
29,rapid_growth,baseline,nash,0.8253932721104219,0.5249693237648685,1.0259273504117532,2.599485858633817,0.3589339403132766,0.07758758551220608,0.5829811996507279,0.2,66.64641594912032,0.0,-0.017340546385167466
0,rapid_growth,subsidy,nash,0.8704406745472769,0.1201677658811498,0.44157979215435117,10.34104219998051,0.6805523225717818,0.3092346299471981,0.42638822917836183,0.05714285714285714,70.2766729592524,2.1646424096303867,-0.02492609321880157
1,rapid_growth,subsidy,nash,1.0674980307895878,0.026302425361415277,0.4496387921071576,9.983764319672352,0.6715817171366218,0.29950689413167,0.4278692244436022,0.05714285714285714,79.89044321459195,2.0965482589216897,-0.028674141766701355
2,rapid_growth,subsidy,nash,1.1853594655265427,0.0,0.4617263200255231,9.77058128383775,0.6660890058702784,0.2937025321462589,0.4290417167471421,0.05714285714285714,84.7210079008114,2.055917725023812,-0.03067833319338842
3,rapid_growth,subsidy,nash,1.2405454692605127,0.0,0.4780602930945223,9.654256908346628,0.6630458535183071,0.2905353703887365,0.42980198904698286,0.05714285714285714,86.7231557282817,2.0337475927211552,-0.03145435055991208
4,rapid_growth,subsidy,nash,1.2613469770538104,0.0,0.5114133552998378,9.601906856430576,0.6616654712996664,0.2891100404895542,0.4301700854094137,0.05714285714285714,87.46258438230313,2.0237702834268796,-0.0314971657276768
5,rapid_growth,subsidy,nash,1.2688445832607038,0.0,0.537651822487097,9.582474412946517,0.6611513353168352,0.28858095584602683,0.43030763539871275,0.05714285714285714,87.72690947670291,2.0200666909221883,-0.031392845356118526
6,rapid_growth,subsidy,nash,1.2715010120176564,0.0,0.5456949342607015,9.575508000484824,0.660966790778329,0.2883912823151098,0.4303570673347592,0.05714285714285714,87.82028979200493,2.0187389762057686,-0.03136876140791367
7,rapid_growth,subsidy,nash,1.2724363538668007,0.0,0.5644279698487179,9.573044458692754,0.6609015009482789,0.28832420782068885,0.43037456335568924,0.05714285714285714,87.85313606812183,2.018269454744822,-0.031227112277686375
8,rapid_growth,subsidy,nash,1.2727649651946873,0.0010724898541069894,0.5945043819252236,9.572177611601361,0.6608785237805299,0.2883006063022496,0.43038072159313967,0.05714285714285714,87.85214107876985,2.018104244115747,-0.030984978610949288
9,rapid_growth,subsidy,nash,1.2726229279321932,0.013753422440185875,0.6092875564106924,9.571873135646145,0.6608704527115679,0.28829231638030545,0.430382884880806,0.05714285714285714,87.69925751518267,2.0180462146621383,-0.030827535964603747
10,rapid_growth,subsidy,nash,1.2695296471060704,0.027262651564769397,0.6262472203404795,9.572004736215963,0.6608739412167864,0.2882958994496073,0.43038194984976363,0.05714285714285714,87.43583457945246,2.018071296147251,-0.03060487889479946
11,rapid_growth,subsidy,nash,1.2651994824047623,0.04198205985373385,0.6440594306355526,9.574872447079514,0.6609499485281073,0.2883739781943398,0.43036158025375704,0.05714285714285714,87.11465949927769,2.0186178473603786,-0.030356935553020215
12,rapid_growth,subsidy,nash,1.260136886417759,0.057599044019995965,0.6630126210062108,9.578892401617143,0.6610564608184405,0.2884834289223419,0.43033304446302734,0.05714285714285714,86.75697448613421,2.0193840024563934,-0.030091881694746636
13,rapid_growth,subsidy,nash,1.2545897910703196,0.0740154815145268,0.6923422172244107,9.583600616135152,0.6611811577223061,0.2886116188259269,0.4302996501518819,0.05714285714285714,86.37240397239918,2.0202813317814883,-0.02975351630158274
14,rapid_growth,subsidy,nash,1.248665907671662,0.09463742255258786,0.7114541267151379,9.588769806622928,0.661317999689989,0.2887523596823757,0.4302630198907622,0.05714285714285714,85.92478333822244,2.0212665177766302,-0.029475497940971263
15,rapid_growth,subsidy,nash,1.241583216493823,0.11355126518590905,0.7450780226276841,9.594302268700135,0.661464384414778,0.28890299131357217,0.43022385435393895,0.05714285714285714,85.45589443649621,2.0223209391950054,-0.0291000104141248
16,rapid_growth,subsidy,nash,1.234473161801431,0.13657566684139683,0.7741273874202539,9.600933683960049,0.6616397459067327,0.2890835440392143,0.4301769620808047,0.05714285714285714,84.93644649125793,2.0235848082745003,-0.02875622509509923
17,rapid_growth,subsidy,nash,1.226344750076994,0.15983597080199155,0.8094320162635649,9.607609315493855,0.6618161658941079,0.2892653006775837,0.43012981540883555,0.05714285714285714,84.37729054783017,2.024857104743086,-0.02837260074196246
18,rapid_growth,subsidy,nash,1.2177600789499812,0.18502489713168382,0.85031087338665,9.615264307476249,0.6620183312896925,0.2894737222996316,0.4300758238121123,0.05714285714285714,83.77755638663389,2.026316056097421,-0.027965060838136324
19,rapid_growth,subsidy,nash,1.2085128617059673,0.21266884424187155,0.8747033513604778,9.623376389608552,0.6622324092169949,0.2896945891245363,0.43001869185652786,0.05714285714285714,83.1236663875143,2.027862123871754,-0.02763903626583053
20,rapid_growth,subsidy,nash,1.1983934933546347,0.23540771575624755,0.9099362046115441,9.63214668219309,0.6624636734969168,0.2899333770466908,0.42995702074529163,0.05714285714285714,82.49356996920531,2.0295336393268357,-0.02726495496026038
21,rapid_growth,subsidy,nash,1.189080058153662,0.2588000846372619,0.9304018255649484,9.641783180668813,0.6627175589469578,0.2901957491567761,0.4298893739572216,0.05714285714285714,81.8820549280049,2.031370244097433,-0.0269805280414408
22,rapid_growth,subsidy,nash,1.1798775140536952,0.27727650554220185,0.9649619191165165,9.650689067947436,0.6629519912091238,0.2904382290556389,0.429826963048207,0.05714285714285714,81.33014749635193,2.033067603389472,-0.026651682439637003
23,rapid_growth,subsidy,nash,1.1718604237337475,0.2975003421951641,0.9935181207239553,9.659524408760898,0.6631843728318434,0.29067878826393095,0.42976514791769116,0.05714285714285714,80.79897167643286,2.034751517847517,-0.026375651552979607
24,rapid_growth,subsidy,nash,1.163855401725403,0.31632890446475453,1.0263333689493457,9.667250956463374,0.6633874338519299,0.2908891584985764,0.4297111728777907,0.05714285714285714,80.28335425053356,2.036224109490035,-0.026092981595711606
25,rapid_growth,subsidy,nash,1.1561620330230968,0.3354537976399069,1.0495329577609178,9.674993693077885,0.6635907728409849,0.2910999695628942,0.4296571618745426,0.05714285714285714,79.77412236295433,2.0376997869402595,-0.025858449364723368
26,rapid_growth,subsidy,nash,1.148494797492169,0.3514626653697708,1.100848232835599,9.682461676592673,0.663786756611916,0.29130329999187393,0.4296051404584684,0.05714285714285714,79.30084939019213,2.039123099943118,-0.025536825033948496
27,rapid_growth,subsidy,nash,1.1415601644595215,0.3740869496548499,1.1392056649347955,9.689930801087401,0.66398263333234,0.29150666153742943,0.4295531826349044,0.05714285714285714,78.77603582958045,2.040546630762006,-0.02528054599171714
28,rapid_growth,subsidy,nash,1.133311216101751,0.39538537617216485,1.172441738990884,9.696709447806882,0.664160283941026,0.2916912235171905,0.42950608982148686,0.05714285714285714,78.21652473644619,2.041838564620334,-0.02502689348802245
29,rapid_growth,subsidy,nash,1.1248188152683158,0.41413775016100474,1.2152139275060754,9.704802058875472,0.6643722227509096,0.29191156081380487,0.42944994545481396,0.05714285714285714,77.67526592472987,2.0433809256966344,-0.024750628083809678
0,rapid_growth,penalty,nash,0.8018399772917072,0.15420653516829175,0.44157979215435117,6.1437566186692685,0.551026530550776,0.18714640219380452,0.5747577782584412,0.02857142857142857,69.02993894146584,0.36050000000000004,-0.022879078818906384
1,rapid_growth,penalty,nash,0.9609513906394874,0.08638209056159697,0.4490564042369953,5.638153279832156,0.530455231237521,0.17193322389496662,0.5711011127007257,0.02857142857142857,77.17233577181446,0.36050000000000004,-0.02588192059134986
2,rapid_growth,penalty,nash,1.0726608068664916,0.04907213754813775,0.46017457398107847,5.37061133562289,0.5189264522181417,0.1639800939102891,0.566200832855124,0.02857142857142857,82.22105709347306,0.36050000000000004,-0.02785117492994371
3,rapid_growth,penalty,nash,1.1436777991311664,0.03300764821778888,0.4754812234759542,5.122350540182836,0.5077869405179398,0.15626943784383326,0.5638007390346804,0.02857142857142857,85.14884906317384,0.36050000000000004,-0.028948412687083147
4,rapid_growth,penalty,nash,1.1855672396556054,0.031086877151186583,0.5079134461909163,4.967171273636502,0.5005922076531194,0.15166781149776604,0.5624454243158583,0.02857142857142857,86.72711618586183,0.36050000000000004,-0.029324457819261962
5,rapid_growth,penalty,nash,1.2081466969372179,0.043639340769752656,0.5333059475946493,4.898313629411371,0.4973395542092789,0.14949327607935972,0.5612863900492471,0.02857142857142857,87.39889493951979,0.36050000000000004,-0.0294229987346446
6,rapid_growth,penalty,nash,1.2168370170199754,0.062104636716142005,0.5404940136394638,4.853004625223864,0.4951784966715055,0.14811633789487982,0.5608213054950182,0.02857142857142857,87.49719268496777,0.36050000000000004,-0.029445753130071806
7,rapid_growth,penalty,nash,1.2168782401142073,0.07662974261537835,0.5582889738000956,4.834786466510415,0.49430484433750743,0.14756547730633215,0.5606747701783164,0.02857142857142857,87.33132029954858,0.36050000000000004,-0.029239778993017218
8,rapid_growth,penalty,nash,1.2134133998935508,0.09234853769727853,0.5872870816847829,4.834700247940292,0.4943007032413878,0.14756287083453384,0.5606740696957482,0.02857142857142857,87.02503840261372,0.36050000000000004,-0.02888531455866694
9,rapid_growth,penalty,nash,1.207775121050394,0.11292185066480763,0.6007970088848649,4.8281481839762765,0.4939858270733988,0.1474092229351941,0.5612761356467537,0.02857142857142857,86.58566385716246,0.36050000000000004,-0.02862121689180208
10,rapid_growth,penalty,nash,1.2000176364554624,0.12992285216897784,0.6163210303613329,4.853781353978887,0.49521568425465234,0.1481398189448391,0.5608275583578797,0.02857142857142857,86.10669720314775,0.36050000000000004,-0.028326820177041245
11,rapid_growth,penalty,nash,1.1919187286798385,0.14553774254077434,0.6325533254153294,4.868019602575733,0.4958964985893269,0.1485776414434468,0.5610365786923655,0.02857142857142857,85.63206663155616,0.36050000000000004,-0.02802588203773393
12,rapid_growth,penalty,nash,1.1838855363210439,0.1605966170376416,0.6497960326786564,4.871850976242602,0.49607941701929054,0.1486983961977848,0.5617222874765122,0.02857142857142857,85.16639221239129,0.36050000000000004,-0.02772202227269749
13,rapid_growth,penalty,nash,1.176189703985638,0.17511150146401577,0.6772923752617851,4.9018314727229875,0.4975066461124632,0.1495996039772901,0.5613180087323768,0.02857142857142857,84.71349033849356,0.36050000000000004,-0.027366062547675707
14,rapid_growth,penalty,nash,1.1686840170504484,0.1929774605601668,0.6944381657711152,4.916278750481686,0.4981918257556843,0.15003678725265804,0.5615347361085457,0.02857142857142857,84.22941629431328,0.36050000000000004,-0.0270854966608145
15,rapid_growth,penalty,nash,1.1604739075626975,0.2089528520809405,0.7259913992782195,4.931988606944158,0.49893498840601347,0.15051161278143446,0.5616760941993866,0.02857142857142857,83.73987877462822,0.36050000000000004,-0.026706633605484864
16,rapid_growth,penalty,nash,1.1523365096992775,0.22851875767119598,0.7528392042749714,4.949170286686895,0.49974552638167224,0.15103092002042168,0.5618294658200316,0.02857142857142857,83.20914952374918,0.36050000000000004,-0.026368019600986337
17,rapid_growth,penalty,nash,1.1433620409020466,0.24822030785813542,0.7858232260200472,4.966198627553909,0.5005465242983352,0.1515455888999927,0.5619802152413476,0.02857142857142857,82.6440196036794,0.36050000000000004,-0.025988972142007682
18,rapid_growth,penalty,nash,1.133749186146402,0.2699344068306504,0.8242510804526503,4.967836557173129,0.5006234504796435,0.15168789282086712,0.5624510588809875,0.02857142857142857,82.03127616057019,0.36050000000000004,-0.025575799125785892
19,rapid_growth,penalty,nash,1.123443418882008,0.29379037234714644,0.846047108176305,4.988092282687123,0.5015730295770258,0.152299301322201,0.5626217510052864,0.02857142857142857,81.36257631328269,0.36050000000000004,-0.025259622423240202
20,rapid_growth,penalty,nash,1.112235087635863,0.31304793125811003,0.8785716187705142,5.009814392793729,0.5025877893781353,0.15295496622963983,0.5628029630272025,0.02857142857142857,80.71022991716818,0.36050000000000004,-0.024883925067094692
21,rapid_growth,penalty,nash,1.1016248403589113,0.33286033020813777,0.8961909723010136,5.033449879727345,0.5036877753433598,0.15366837835332084,0.5629980090479596,0.02857142857142857,80.07060292816935,0.36050000000000004,-0.024602710403353045
22,rapid_growth,penalty,nash,1.0911763282837694,0.3481136015546667,0.927791781659645,5.055838264002906,0.5047257548258154,0.15434414176393266,0.563180749492509,0.02857142857142857,79.4875143415527,0.36050000000000004,-0.024265436125231687
23,rapid_growth,penalty,nash,1.0820584647936757,0.3647375232362666,0.953243071742007,5.0943591978513085,0.5065027292413257,0.1554190977710276,0.5630752690409824,0.02857142857142857,78.93501373535281,0.36050000000000004,-0.023994377122947608
24,rapid_growth,penalty,nash,1.0730278595764091,0.3804260485461832,0.9828222004272182,5.103203817419519,0.5069091467525078,0.1556929291400082,0.5635785584144939,0.02857142857142857,78.39860176751276,0.36050000000000004,-0.02370448904143263
25,rapid_growth,penalty,nash,1.0643525269497132,0.39644311573798596,1.0026412342105093,5.121576630452115,0.5077515134003295,0.15624604998774258,0.5637940968197226,0.02857142857142857,77.86829119967835,0.36050000000000004,-0.02347163123199758
26,rapid_growth,penalty,nash,1.0557621990433845,0.4096132097794198,1.0504480279109107,5.138208209782668,0.5085118697177343,0.15674439141513793,0.564061243202354,0.02857142857142857,77.37249684738117,0.36050000000000004,-0.023135204607629634
27,rapid_growth,penalty,nash,1.0475623127702394,0.4294650335572249,1.0851112729647163,5.12719241107207,0.508008484313175,0.15654593655748059,0.5646595812110551,0.02857142857142857,76.8160882231193,0.36050000000000004,-0.02286273668292993
28,rapid_growth,penalty,nash,1.0383132846069618,0.4479263483615652,1.1144852612893223,5.146436184081003,0.5088872717772237,0.15713053742291955,0.5647523487878285,0.02857142857142857,76.22787918722082,0.36050000000000004,-0.022607601887896456
29,rapid_growth,penalty,nash,1.0284126224466548,0.46440280546457685,1.1532399333177767,5.136052875141784,0.5084134492090179,0.156759961776618,0.5667001400629337,0.02857142857142857,75.63396952427539,0.36050000000000004,-0.022305152560325947
0,rapid_growth,reputation,nash,0.8679376813847226,0.12177458247081757,0.44157979215435117,10.151394596998328,0.6758263914257001,0.30280467632080305,0.38536196820545654,0.02857142857142857,72.21900812907454,0.12744403263157345,-0.02485534817102275
1,rapid_growth,reputation,nash,1.0635475702222665,0.029290679366634265,0.44961611071690727,9.76180762249372,0.6658606275235419,0.29123011936943605,0.3798367339103419,0.02857142857142857,81.71402583493989,0.1255952580082632,-0.028571995540081385
2,rapid_growth,reputation,nash,1.181280513856512,0.0,0.4616645748534514,9.528933819886298,0.6597298801918491,0.28431388039255956,0.37651622729222733,0.02857142857142857,86.55057752694245,0.12445833300483393,-0.030585493563705546
3,rapid_growth,reputation,nash,1.2378973994999207,0.0,0.477968330830672,9.401161932941172,0.6563082289804838,0.28051989794003934,0.37473029764302157,0.02857142857142857,88.58819268920618,0.12382393768110733,-0.03138558368617095
4,rapid_growth,reputation,nash,1.2596418173874013,0.0,0.5112991126521452,9.342157147933065,0.6547139056379699,0.27876803403571865,0.37392038241843273,0.02857142857142857,89.35270006730477,0.12352837435141308,-0.031442970303126705
5,rapid_growth,reputation,nash,1.2676320777963779,0.0,0.5375202439310034,9.319855920067496,0.6541089513479914,0.2781059374164489,0.373612193421593,0.02857142857142857,89.63105195272001,0.1234162307229565,-0.03134602807035569
6,rapid_growth,reputation,nash,1.2705179917009721,0.0,0.5455485952598398,9.311708015280345,0.6538876010725241,0.2778640402236097,0.37349930808037723,0.02857142857142857,89.73125348015888,0.12337519861934781,-0.03132561690492608
7,rapid_growth,reputation,nash,1.2715536963753213,0.0,0.5642680025042749,9.308771213045706,0.6538077754710555,0.2777768522117205,0.37345858239102503,0.02857142857142857,89.767171284734,0.12336040130577038,-0.03118509110458345
8,rapid_growth,reputation,nash,1.2719245356923465,0.0034222923871579936,0.5943308211058308,9.307718021084145,0.6537791429839763,0.27774558504016317,0.3734439725296075,0.02857142857142857,89.74004123441712,0.12335509370001152,-0.030935445736089306
9,rapid_growth,reputation,nash,1.2712358563495494,0.01751763397943082,0.6090874396394677,9.307341019636993,0.6537688929646729,0.27773439262747024,0.37343874214655437,0.02857142857142857,89.55194165015,0.12335319365506697,-0.03076446529660326
10,rapid_growth,reputation,nash,1.2676065474516938,0.031849420943314805,0.6260064566400951,9.308041184206601,0.6537879289336581,0.2777551791054915,0.3734484557166322,0.02857142857142857,89.26040027142254,0.12335672235125272,-0.030530557826106808
11,rapid_growth,reputation,nash,1.2628649525854483,0.0470155677175072,0.6437660235205752,9.311734010048685,0.6538883075381738,0.2778648119596379,0.373499668469907,0.02857142857142857,88.92008983289575,0.12337532957750058,-0.030274856993822707
12,rapid_growth,reputation,nash,1.257515714811332,0.06284387993948831,0.6626568870880061,9.316566214920037,0.6540196025274765,0.2780082714866679,0.37356663461526707,0.02857142857142857,88.55040603617253,0.12339966791863595,-0.030004991827280447
13,rapid_growth,reputation,nash,1.2517771004355565,0.07932494145877408,0.691916283696355,9.322028156903428,0.6541679339720392,0.27817042775733714,0.3736422628027738,0.02857142857142857,88.15887823832581,0.12342716451054103,-0.02966386777204022
14,rapid_growth,reputation,nash,1.2457271811247406,0.09990609747201501,0.7109505511983301,9.327900187651979,0.6543273147831508,0.2783447600562782,0.37372349236104285,0.02857142857142857,87.70782344168998,0.12345670956372923,-0.029384697283501682
15,rapid_growth,reputation,nash,1.2385645438807662,0.11873304196847814,0.7444912355562795,9.334104967658632,0.6544956287611401,0.27852897250770753,0.373809238516172,0.02857142857142857,87.23760139578661,0.12348791083067318,-0.02900879944011847
16,rapid_growth,reputation,nash,1.2313940119539066,0.14162054805437527,0.7734510777263268,9.341470077538819,0.6546952873054567,0.2787476354856038,0.3739109046335549,0.02857142857142857,86.71824929462065,0.12352492292412344,-0.02866520221271629
17,rapid_growth,reputation,nash,1.2232242723039242,0.16472467758487985,0.8086606660238701,9.348864410009062,0.6548955950447626,0.2789671679406102,0.3740128487185883,0.02857142857142857,86.16000061486496,0.12356205570745697,-0.028282047691903456
18,rapid_growth,reputation,nash,1.214603003224083,0.18973868269451655,0.8494386537988665,9.357315323759856,0.655124349711609,0.2792180718532736,0.3741292061057877,0.02857142857142857,85.56167415329818,0.1236044623657797,-0.027875076309081148
19,rapid_growth,reputation,nash,1.2053226685938179,0.21719258513243755,0.8737240650114186,9.36626412148374,0.6553663780376536,0.2794837604100706,0.3742522405049289,0.02857142857142857,84.90949834544827,0.12364933019056817,-0.02754987638582418
20,rapid_growth,reputation,nash,1.1951710175694514,0.23975936342592696,0.9088452233326505,9.375933109477252,0.6556276498403499,0.2797708344206071,0.37438497111204194,0.02857142857142857,84.28095724132872,0.12369776598334896,-0.027176308594256238
21,rapid_growth,reputation,nash,1.1858159171417095,0.2629753188738238,0.9291933943513937,9.38655369682301,0.6559143549627406,0.2800861653024526,0.37453051943309057,0.02857142857142857,83.67089462693012,0.12375091739692262,-0.026892394055685553
22,rapid_growth,reputation,nash,1.1765753394462404,0.28129564280797253,0.9636313925452461,9.396382367684518,0.6561794210525549,0.28037798722369367,0.3746649868439329,0.02857142857142857,83.12018894615993,0.12380005783994308,-0.0265637605130824
23,rapid_growth,reputation,nash,1.1685181055420335,0.30135720635087937,0.9920594374975865,9.40613061286145,0.6564420707606932,0.2806674245181958,0.37479813784140625,0.02857142857142857,82.59027182082154,0.12384875090376016,-0.026288026120889985
24,rapid_growth,reputation,nash,1.1604820768068043,0.3200319896599602,1.0247409117727542,9.414663540495226,0.6566717739605825,0.280920780232998,0.3749145126562645,0.02857142857142857,82.07593822316117,0.12389133644283334,-0.026005666349627976
25,rapid_growth,reputation,nash,1.1527598314500773,0.33900446510525706,1.0478007291957736,9.423205280814317,0.6569015259801521,0.28117440011469025,0.37503084331703795,0.02857142857142857,81.56806485264514,0.1239339314831473,-0.025771575133053393
26,rapid_growth,reputation,nash,1.1450667523300244,0.3548748282314659,1.098970972265465,9.431443468823645,0.6571229348886927,0.28141900934571606,0.3751442007463195,0.02857142857142857,81.09603806446367,0.12397498017227299,-0.025449985928816643
27,rapid_growth,reputation,nash,1.138104771918005,0.37733904318270073,1.1371756384912795,9.43968029931807,0.6573441325682116,0.2816635805962056,0.3752600175198373,0.02857142857142857,80.57271643273133,0.12401599011710647,-0.02519409874758627
28,rapid_growth,reputation,nash,1.1298381665424178,0.3984884893647548,1.1702524444241162,9.447160412594258,0.6575448576702949,0.2818856851122446,0.3753650577907599,0.02857142857142857,80.01467610451644,0.12405320481631651,-0.024940943738879007
29,rapid_growth,reputation,nash,1.121321464800467,0.417102994946352,1.212859291740266,9.456074980992426,0.6577838880412707,0.28215038492964284,0.37549007232274856,0.02857142857142857,79.47469353087746,0.1240975218101341,-0.02466484816801362
0,rapid_growth,matching_fund,nash,0.8138295913640524,0.20152028666249472,0.44157979215435117,3.828948783982118,0.4412802026266497,0.11453862428576786,0.5993526611410651,0.17142857142857143,69.32417420315812,0.42092944425019685,-0.023115165560775974
1,rapid_growth,matching_fund,nash,0.9481997769697876,0.1744492908308626,0.4489491256201,3.0384544145229855,0.3911819008225885,0.0907868520916339,0.5906900609092283,0.17142857142857143,75.94718648091512,0.33364168143675454,-0.025259126435229984
2,rapid_growth,matching_fund,nash,1.0248021316596327,0.17160896902609618,0.45962744652211723,2.5543633867797766,0.35539864980631275,0.07623027285332563,0.5820055077861961,0.2,79.27862922610176,0.2801462527359717,-0.026262954062363786
3,rapid_growth,matching_fund,nash,1.0654118163436126,0.18142609294265727,0.47408818001289854,2.270647980491688,0.3320857584756693,0.06769312111470664,0.5747272293536418,0.22857142857142856,80.8386376462836,0.2487722200965469,-0.02661076570801635
4,rapid_growth,matching_fund,nash,1.08444111078226,0.19738727674847562,0.5052941916397933,2.1153943341000936,0.31845682566694344,0.06301908082733913,0.5697212867840014,0.22857142857142856,81.4230902003394,0.23159512204047128,-0.02646471181760468
5,rapid_growth,matching_fund,nash,1.0907235750284376,0.2205530865578758,0.5290850743398444,2.0410663525657773,0.3116896323979531,0.06078068055147017,0.5671438424549531,0.22857142857142856,81.40848134462541,0.22336900102665289,-0.026228343909672436
6,rapid_growth,matching_fund,nash,1.0885187813862431,0.24389578652167598,0.534362394164085,2.016272158345584,0.3093954030626455,0.06003389055825106,0.5662440922500755,0.22857142857142856,81.0548130219784,0.22062454780157265,-0.02606924793464649
7,rapid_growth,matching_fund,nash,1.0817381307346217,0.25989835730516586,0.5500482544924118,2.0249886876375784,0.31020409396308213,0.060296434874876494,0.5665636201315052,0.22857142857142856,80.60344732634157,0.2215893981651711,-0.025782481361009246
8,rapid_growth,matching_fund,nash,1.0742800572305269,0.2740756324462858,0.5767413021874955,2.0516935159106584,0.31266725218582897,0.06110074897887469,0.5675236501072669,0.22857142857142856,80.14251927009408,0.22454525249736448,-0.025417378441927596
9,rapid_growth,matching_fund,nash,1.0669095888247413,0.29042546504832545,0.5877389550457621,2.0808945768450573,0.3153361034204232,0.061980173919430864,0.5685424864753466,0.22857142857142856,79.65758483569371,0.2277771391539084,-0.025195703350606946
10,rapid_growth,matching_fund,nash,1.0590747899379476,0.30295388876765034,0.6006273842927683,2.1095840386361298,0.3179336750453103,0.06284411979642686,0.5695186410238413,0.22857142857142856,79.19742115769446,0.2309521402518687,-0.024958164560279217
11,rapid_growth,matching_fund,nash,1.051921311214701,0.31361813421410767,0.6141069958373266,2.1399060584280094,0.3206531383282155,0.0637571530202481,0.5705644692793537,0.22857142857142856,78.78399121418714,0.2343075373494118,-0.024736203018316028
12,rapid_growth,matching_fund,nash,1.0455846053367726,0.32334572182046745,0.6284877284572601,2.1674414981487806,0.32310002728768505,0.06458621393310368,0.571492165582618,0.22857142857142856,78.41306130098877,0.237354336204156,-0.0245244489848353
13,rapid_growth,matching_fund,nash,1.0399104425596,0.33281022629758183,0.6530176783590801,2.1917191568618897,0.32523983803226514,0.06531713677305305,0.5722870485807028,0.22857142857142856,78.07112280439014,0.24004047764096995,-0.024252142691958634
14,rapid_growth,matching_fund,nash,1.0346533714883266,0.34517893450124304,0.6670589826133408,2.213371534813895,0.3271345719045229,0.0659689821787186,0.5729784522434227,0.22857142857142856,77.71151680706531,0.24243600950679087,-0.02406481388718662
15,rapid_growth,matching_fund,nash,1.0289225136725464,0.3560228723126088,0.695410554873632,2.2333618753202606,0.328872565298058,0.06657076024583856,0.573601521404784,0.22857142857142856,77.35000334818231,0.24464754390345672,-0.023775661979051677
16,rapid_growth,matching_fund,nash,1.0233124868674635,0.37004988974681896,0.7189133955207718,2.2550795618480235,0.33074860075312984,0.06722450359806659,0.5742622970900959,0.22857142857142856,76.95486740511502,0.2470500507228947,-0.023530967654149082
17,rapid_growth,matching_fund,nash,1.017005539320693,0.38430671564221336,0.7484300327612222,2.276267183126261,0.3325668241125054,0.06786225773847933,0.574893922920759,0.22857142857142856,76.52770892581364,0.24939379718891153,-0.02324457749796438
18,rapid_growth,matching_fund,nash,1.0102820795884526,0.4001479318492838,0.7832527699776181,2.3000051487396647,0.33458999162177294,0.06857673983898362,0.5755865803900739,0.22857142857142856,76.06322381120076,0.2520195189082648,-0.02293401755864144
19,rapid_growth,matching_fund,nash,1.0029644948341894,0.41806634186721603,0.8012993247647908,2.3252196887804057,0.3367231287489355,0.0693356216239539,0.5763023163622412,0.22857142857142856,75.54823475733555,0.25480840946803057,-0.0227198117467724
20,rapid_growth,matching_fund,nash,0.9948421265361239,0.43208721204225886,0.8299855796496204,2.3525607419277983,0.33901796541194257,0.07015845579613862,0.5770560024822162,0.22857142857142856,75.0432424937744,0.25783232505080944,-0.022441142118866164
21,rapid_growth,matching_fund,nash,0.987239581351203,0.4466412114538831,0.843646127378422,2.3827914973224473,0.34153365962988746,0.07106819790153822,0.5778633991192901,0.22857142857142856,74.55103142771532,0.2611756272881529,-0.02225960679393757
22,rapid_growth,matching_fund,nash,0.9797842038040675,0.45727983789937304,0.8712110648692508,2.410982242251672,0.3438594159757366,0.07191649574149933,0.5785969772633548,0.22857142857142856,74.1091889393301,0.26429312185001,-0.022012314775825548
23,rapid_growth,matching_fund,nash,0.9733483477676674,0.4694432756439093,0.8925080475827243,2.438534387078409,0.34611398782208563,0.0727455284185743,0.579292681345666,0.2,73.69084399736151,0.2673398169382606,-0.021821013498257047
24,rapid_growth,matching_fund,nash,0.9670795769557892,0.4806925458227699,0.9178276975340794,2.462249092375309,0.34804012533475975,0.07345905636502498,0.5798752953116137,0.2,73.28956533760302,0.2699620321414668,-0.021615648926683217
25,rapid_growth,matching_fund,nash,0.9611187146750836,0.49238180531888964,0.9332747784376941,2.485289542103893,0.3498989046134107,0.07415226457061955,0.5804274974656896,0.2,72.89504842253668,0.2725095722970268,-0.0214642595016592
26,rapid_growth,matching_fund,nash,0.955213584805729,0.501650087694397,0.9766216762224912,2.5071475721048233,0.35165096920133826,0.07480986857209475,0.5809391499637446,0.2,72.53018755538247,0.27492626700244815,-0.02119797563454573
27,rapid_growth,matching_fund,nash,0.9499193419064533,0.5166269936714041,1.0066687201055526,2.5287551383172806,0.3533722575979197,0.07545990985149215,0.5814336133693374,0.2,72.12374844422462,0.2773151687042336,-0.021014084065301697
28,rapid_growth,matching_fund,nash,0.9435731572358832,0.5308738336403112,1.03131977562868,2.548090480232987,0.35490362523332925,0.07604157087691066,0.581866808232006,0.2,71.67977807676726,0.27945277297264665,-0.02083475228199405
29,rapid_growth,matching_fund,nash,0.9368558875957694,0.5431006081360296,1.0652550606513502,2.5712242881182967,0.3567249051857728,0.0767374726447477,0.5823739347764039,0.2,71.241107425721,0.2820102119694478,-0.020620957514232208
0,rapid_growth,threshold_governance,nash,0.7957178465494377,0.13418563728116134,0.44157979215435117,4.7924592712563765,0.4922644655129243,0.14468701972560083,0.5664209251864241,0.05714285714285714,66.52971978363374,3.0108,-0.022403423079541573
1,rapid_growth,threshold_governance,nash,0.9588496835959771,0.055406530439537374,0.4490949388316017,4.268362817435077,0.46568688757897897,0.12891127391197277,0.5583739299274455,0.05714285714285714,74.99614684788527,3.0108,-0.025485601552321713
2,rapid_growth,threshold_governance,nash,1.0793857333770118,0.01446087389010152,0.460324068112374,3.8791914654118957,0.44418092987105573,0.11722136553434157,0.5507781227903581,0.08571428571428572,80.4311592053219,3.0162,-0.02755893903343054
3,rapid_growth,threshold_governance,nash,1.1613158945011914,0.0,0.4758235006608441,3.572372268590701,0.4259798257913151,0.10796954868691076,0.5443985337103738,0.08571428571428572,83.7292506115999,3.0162,-0.028779535445377036
4,rapid_growth,threshold_governance,nash,1.2131278572803,0.0,0.5085322101828619,3.3719547134806893,0.4134187440696729,0.10193387916895777,0.5397380590421512,0.08571428571428572,85.6178560789075,3.0162,-0.02925032548413453
5,rapid_growth,threshold_governance,nash,1.243478326023452,0.015724633331931345,0.5342959418865186,3.242047837726996,0.40496544335650997,0.09786472142520514,0.5366913382429792,0.08571428571428572,86.50961148871147,3.0162,-0.029414493559243526
6,rapid_growth,threshold_governance,nash,1.2577134414228712,0.03666821354445919,0.5419333857682453,3.203833669066473,0.40242944688771703,0.09660554802829312,0.5357298563768722,0.08571428571428572,86.76175222434684,3.0162,-0.029524108633045998
7,rapid_growth,threshold_governance,nash,1.260990487509339,0.05344786175746903,0.5602330008308778,3.1692444657782888,0.40011405698931624,0.09553219116211327,0.5348169135627117,0.08571428571428572,86.68120677736412,3.0162,-0.029342890771149932
8,rapid_growth,threshold_governance,nash,1.2588118558298347,0.07130824151759334,0.589785274464413,3.150185654567835,0.398830044528073,0.09500927945897537,0.5342377986673235,0.08571428571428572,86.3991407370343,3.0162,-0.028973133342608648
9,rapid_growth,threshold_governance,nash,1.2533167231405857,0.09309892366502438,0.6038949997842832,3.166429027497396,0.3999247478497048,0.09544589480954192,0.5347422420660157,0.08571428571428572,85.95398426347032,3.0162,-0.02871433323810546
10,rapid_growth,threshold_governance,nash,1.2447929095988486,0.11156855861210298,0.6200471544638704,3.165284618781893,0.39984776161612584,0.095497455069108,0.5349631310467153,0.08571428571428572,85.44333526629582,3.0162,-0.028383508300293236
11,rapid_growth,threshold_governance,nash,1.2353917934673304,0.12808729674083652,0.6369283726907958,3.187625172546057,0.40134683684286954,0.09617878593083658,0.5355389429323976,0.08571428571428572,84.92120045932482,3.0162,-0.02805543376401376
12,rapid_growth,threshold_governance,nash,1.2259199410894408,0.14358122972078785,0.6548391838466358,3.2082314143184494,0.4027224645051532,0.09678762629767386,0.5357369992875554,0.08571428571428572,84.40614595604043,3.0162,-0.027724646693339405
13,rapid_growth,threshold_governance,nash,1.2165969652704876,0.1588292092843802,0.6830244745884314,3.222194651872,0.4036507963504069,0.09727647701982794,0.5360336667746752,0.08571428571428572,83.89797860946031,3.0162,-0.02731949652250698
14,rapid_growth,threshold_governance,nash,1.2073869617957331,0.17746636318537445,0.7008835982419795,3.2330856046392733,0.40437274175521976,0.09759152612571428,0.5364585368364208,0.08571428571428572,83.35184842591964,3.0162,-0.02700054769802729
15,rapid_growth,threshold_governance,nash,1.1975272160679036,0.19391116418919024,0.7331647851898715,3.2564741473342975,0.4059168770173161,0.09830878472611562,0.5370505368021563,0.08571428571428572,82.80572001211739,3.0162,-0.026583795207121064
16,rapid_growth,threshold_governance,nash,1.1876751420967682,0.21415323139644454,0.7607665496086518,3.266651516034284,0.4065861496581125,0.09870315210612787,0.5371976483297296,0.08571428571428572,82.21431697503871,3.0162,-0.026202922719426924
17,rapid_growth,threshold_governance,nash,1.177223218792497,0.23386810175546274,0.7945237816343262,3.3101265800059725,0.40942724641491696,0.10001603900845446,0.5382093916964839,0.08571428571428572,81.60272326644603,3.0162,-0.02580622029788371
18,rapid_growth,threshold_governance,nash,1.1663148409800823,0.2555073556668574,0.8337537583616872,3.330897782224964,0.41077454387064133,0.10068502823699027,0.5387816163167778,0.08571428571428572,80.95041676009734,3.0162,-0.02536905493552366
19,rapid_growth,threshold_governance,nash,1.1547310517328606,0.27940320548892206,0.8563858173546308,3.3587416919304465,0.41257050194324124,0.10153441199395125,0.5394357237562852,0.08571428571428572,80.24317182675028,3.0162,-0.025036972949187275
20,rapid_growth,threshold_governance,nash,1.1422060743061342,0.29867191640219687,0.889768648373537,3.388396669761602,0.414470702846876,0.1024392843700727,0.5401146815224274,0.08571428571428572,79.5513352963814,3.0162,-0.024638278340351594
21,rapid_growth,threshold_governance,nash,1.1302446782369064,0.3184968195436393,0.9082740557659359,3.421417440420022,0.4165715223607485,0.10343644952768095,0.5408664648749344,0.08571428571428572,78.86970102468537,3.0162,-0.024341879041528625
22,rapid_growth,threshold_governance,nash,1.1184718968016585,0.33371513668370795,0.9407790467357683,3.452821913356759,0.41855500513261606,0.10438477398644934,0.5415745689498885,0.08571428571428572,78.24532633683181,3.0162,-0.02398169476383094
23,rapid_growth,threshold_governance,nash,1.1079065973153472,0.35062114840602576,0.967160679651683,3.4836171641322102,0.4204864717840665,0.10531467246268078,0.5422870949625647,0.08571428571428572,77.6435665734558,3.0162,-0.02368415978032945
24,rapid_growth,threshold_governance,nash,1.0970339963467894,0.36727517568958884,0.9976878624234987,3.466336215977269,0.41940425670034603,0.10471794646032322,0.54277451256925,0.08571428571428572,77.03142702076667,3.0162,-0.023339329483041293
25,rapid_growth,threshold_governance,nash,1.0870233306976456,0.3831613571658398,1.0184617058831416,3.52390570196623,0.42299341950753455,0.1064990892848432,0.5433175511114361,0.08571428571428572,76.45599819517656,3.0162,-0.023108017729063235
26,rapid_growth,threshold_governance,nash,1.0773404669869613,0.3962055739523012,1.067240922820066,3.552576849051033,0.4247639164659495,0.10737186703945636,0.543950020456387,0.08571428571428572,75.92486000274404,3.0162,-0.022750781130505437
27,rapid_growth,threshold_governance,nash,1.068487841299613,0.41570534214030097,1.1029099052665614,3.577667971410026,0.4263042153740294,0.10812943958950398,0.5445175462757108,0.08571428571428572,75.34827042379332,3.0162,-0.022482220198389635
28,rapid_growth,threshold_governance,nash,1.0585690976090498,0.43414771130840357,1.1333249511994157,3.6005654625608625,0.42770250118481506,0.10882076484124115,0.5450274670145656,0.08571428571428572,74.73980330930115,3.0162,-0.022219994339415017
29,rapid_growth,threshold_governance,nash,1.0478470646643936,0.4507887371223916,1.1731501066022163,3.599156417086549,0.42761665587675607,0.10873858219138165,0.5455944903800527,0.08571428571428572,74.11811988276092,3.0162,-0.02189962161456327
0,rapid_growth,combined_portfolio,nash,0.9859419059720415,0.06350845961959847,0.44157979215435117,12.507817324712533,0.7295502821645797,0.37038480386168,0.38439500048227915,0.0,72.75136612019614,4.85668089274143,-0.027767277577199767
1,rapid_growth,combined_portfolio,nash,1.2150078969196059,0.0,0.45061678873790834,12.070904797440962,0.7203359095055506,0.3584928374614478,0.3845849205814571,0.0,82.49707800099542,4.779544496703796,-0.03180833841655528
2,rapid_growth,combined_portfolio,nash,1.294773486651222,0.0,0.46382921564254076,11.868307965767729,0.715958159692692,0.3529780401853024,0.3849803843866384,0.0,85.3381969835297,4.743763012792065,-0.03300065367054561
3,rapid_growth,combined_portfolio,nash,1.3101752263184312,0.0,0.4809940185768166,11.806683408114463,0.7146128861799613,0.3512993043522397,0.38483687153197366,0.0,85.88041189554876,4.732869606002907,-0.033102573218253495
4,rapid_growth,combined_portfolio,nash,1.3127248929820081,0.0,0.514955842943851,11.791495690399906,0.7142803417000667,0.3508868619729104,0.38509861026721337,0.0,85.97181701691406,4.730193149879333,-0.03286080647366263
5,rapid_growth,combined_portfolio,nash,1.3131345532954934,0.0,0.5417233178704575,11.789464562017262,0.7142358389569022,0.3508315705849418,0.38510306951176143,0.0,85.98631616874951,4.729834345435762,-0.03265401538299395
6,rapid_growth,combined_portfolio,nash,1.3132000281389828,0.0,0.5502798448017823,11.789138409787872,0.714228692187334,0.35082269206394434,0.3851037857836137,0.0,85.98863385322177,4.729776729658614,-0.03258854336361483
7,rapid_growth,combined_portfolio,nash,1.3132104839151195,0.0,0.5695308874378443,11.789086286757737,0.7142275500311227,0.3508212731699348,0.3851039002580816,0.0,85.98900397624949,4.729767521965632,-0.03244189569041378
8,rapid_growth,combined_portfolio,nash,1.3132121533870538,0.0,0.600149584004238,11.789077963279109,0.7142273676408193,0.35082104658805646,0.38510391853854764,0.0,85.98906307394591,4.729766051597575,-0.0322163293323956
9,rapid_growth,combined_portfolio,nash,1.3132124199455641,0.0,0.6155173949541922,11.789076634273965,0.7142273385186513,0.35082101040985547,0.3851039214573835,0.0,85.98907250986568,4.729765816824733,-0.032106614860328175
10,rapid_growth,combined_portfolio,nash,1.3132124625058443,0.0,0.6331637245029216,11.789076422076633,0.7142273338688222,0.35082100463341614,0.38510392192342313,0.0,85.98907401645963,4.729765779339423,-0.031983401974772674
11,rapid_growth,combined_portfolio,nash,1.3132124693012623,0.0,0.6518058645411069,11.789076388195973,0.7142273331264034,0.3508210037111162,0.3851039219978334,0.0,85.98907425701101,4.7297657733543,-0.03185634820204575
12,rapid_growth,combined_portfolio,nash,1.3132124703862575,0.0,0.6717631583386293,11.789076382786394,0.7142273330078647,0.3508210035638565,0.38510392200971455,0.0,85.98907429541882,4.7297657723986815,-0.03172374895381869
13,rapid_growth,combined_portfolio,nash,1.3132124705594939,0.0,0.7022987939356522,11.78907638192267,0.714227332988938,0.3508210035403442,0.3851039220116115,0.0,85.98907430155124,4.729765772246102,-0.0315274112923134
14,rapid_growth,combined_portfolio,nash,1.3132124705871537,0.0,0.7228603309924099,11.789076381784763,0.7142273329859162,0.3508210035365901,0.38510392201191435,0.0,85.98907430253037,4.72976577222174,-0.031399469715483797
15,rapid_growth,combined_portfolio,nash,1.3132124705915702,0.00630683918191647,0.7582130739407313,11.789076381762744,0.7142273329854337,0.35082100353599066,0.3851039220119621,0.0,85.91538692867867,4.72976577221785,-0.031169299935384975
16,rapid_growth,combined_portfolio,nash,1.3116988291886151,0.023950403390434062,0.7892808741405513,11.789076381759227,0.7142273329853567,0.350821003535895,0.3851039220119701,0.0,85.65894702381128,4.72976577221723,-0.030917945237920685
17,rapid_growth,combined_portfolio,nash,1.3072220430181523,0.045946326195723926,0.8268404739956788,11.790281700455914,0.7142537435995407,0.3508538147361543,0.38510127523941295,0.0,85.2523827335722,4.72997869530848,-0.030582329823002574
18,rapid_growth,combined_portfolio,nash,1.3012186138842776,0.07244526984026103,0.8701868044507437,11.793826186932604,0.7143313950008682,0.35095031203975413,0.38509553815612585,0.0,84.74069294371007,4.730604897901508,-0.030197426952367934
19,rapid_growth,combined_portfolio,nash,1.2938711005893437,0.10298494760180057,0.8972494127438014,11.79995312305915,0.7144655711085366,0.35111663203611737,0.3849756822567132,0.0,84.13474178060866,4.7316841979504485,-0.029874995467144227
20,rapid_growth,combined_portfolio,nash,1.2853050839210585,0.12887553576358263,0.9353036496683448,11.807407350611996,0.714628727500317,0.3513190114360586,0.38483530139914457,0.0,83.5401924252638,4.732997489940338,-0.029504085919670908
21,rapid_growth,combined_portfolio,nash,1.2776086236366488,0.15590450577521783,0.958763876643325,11.81429298252704,0.7147793542535028,0.3515064511398701,0.3848203822502556,0.0,82.96053568084244,4.734213826297674,-0.02921979702384747
22,rapid_growth,combined_portfolio,nash,1.2697536860287975,0.17775086783999464,0.9964599551823504,11.820500744589221,0.7149150828919896,0.3516754376278874,0.38480695484683913,0.0,82.43502205787544,4.735310409116725,-0.028893721302897468
23,rapid_growth,combined_portfolio,nash,1.2630794747795524,0.2016308197145359,1.0283273859415751,11.826857280763068,0.7150539962936255,0.35184847368442007,0.3847932281933566,0.0,81.92482757919832,4.736433263743733,-0.028617467089805837
24,rapid_growth,combined_portfolio,nash,1.2561011577903178,0.22402157053480268,1.064617076373183,11.83066102393104,0.7151370889781066,0.35195257310869515,0.3849125603204515,0.0,81.42166769661578,4.737108775949564,-0.028331835993004706
25,rapid_growth,combined_portfolio,nash,1.2493994780976219,0.24672903129975324,1.0914632302852592,11.836342191185059,0.7152611480895057,0.35210722389519916,0.3849002686815386,0.0,80.92247889400507,4.7381123168855215,-0.0280919559793833
26,rapid_growth,combined_portfolio,nash,1.2426481917858063,0.2660132254273662,1.1465787096647162,11.841814591763805,0.7153805964764774,0.3522561914551233,0.3848884459091675,0.0,80.46063553834905,4.7390789739301145,-0.02777353548908268
27,rapid_growth,combined_portfolio,nash,1.2366782760702557,0.2924925890689422,1.1889561833605582,11.845578902574502,0.7154627321245922,0.35235928752471507,0.3850219380904265,0.0,79.94167835118841,4.739747965990393,-0.02751260974722558
28,rapid_growth,combined_portfolio,nash,1.2291188682937941,0.3173927364683667,1.226400973516478,11.850482921760118,0.7155696996247051,0.35249278240025955,0.3850113171790295,0.0,79.38416610548418,4.740614212911039,-0.02725128322266257
29,rapid_growth,combined_portfolio,nash,1.2215884021112506,0.33945359660593316,1.2735596139492946,11.856670815877772,0.7157046130399409,0.35266124155366263,0.38500135164232185,0.0,78.85894919635184,4.741707337078767,-0.026977190962642172
0,critical_infrastructure,baseline,nash,0.7374518866635845,0.31804588374316967,0.5825543631046842,3.0068541510669626,0.3929318848863955,0.0894680459148567,0.4539543035207567,0.2571428571428571,66.02722802028036,0.0,0.00042091877338901185
1,critical_infrastructure,baseline,nash,0.8189836813470612,0.31402491056570425,0.6034547456367698,2.6920925656943706,0.3697713627878112,0.08012498639540827,0.45198813821200123,0.2571428571428571,70.28546220732593,0.0,-0.000382882513484617
2,critical_infrastructure,baseline,nash,0.8715473852537733,0.3249402080640653,0.6145724468476278,2.4847755658585147,0.3534116159107175,0.07397220154844666,0.4504005668723774,0.2857142857142857,72.70112845177043,0.0,-0.0008455652157484117
3,critical_infrastructure,baseline,nash,0.9011640974167515,0.33958317351482237,0.6262633348170369,2.3540240213002086,0.3425854254029066,0.07009222558169705,0.4492139911119959,0.2857142857142857,73.90744155020026,0.0,-0.0009919712763399868
4,critical_infrastructure,baseline,nash,0.9152498665791785,0.35487509527358496,0.6407631885077981,2.280968098102243,0.33635111585985744,0.06792451851982563,0.4485088619047293,0.2857142857142857,74.367061863162,0.0,-0.0009288916827132621
5,critical_infrastructure,baseline,nash,0.9194410352693856,0.37016304372729386,0.6452496968108262,2.246322976981838,0.3333459463705497,0.06689658216575263,0.4482178847384968,0.2857142857142857,74.37095519873884,0.0,-0.0008717157187885238
6,critical_infrastructure,baseline,nash,0.9174657831323609,0.3812327894047287,0.6594929296315398,2.236023574939695,0.33244637438918956,0.06659100066314504,0.4481291519060593,0.2857142857142857,74.14599504937603,0.0,-0.0006577563356406912
7,critical_infrastructure,baseline,nash,0.9129143102111061,0.39237920847263397,0.664231711137095,2.2408771147976916,0.33287064918401454,0.06673500399346402,0.44817109676281963,0.2857142857142857,73.80190156964302,0.0,-0.0005254671774468367
8,critical_infrastructure,baseline,nash,0.906734554607466,0.40021584404682137,0.6834840084222034,2.252064038599437,0.33384614504562005,0.06706691976899617,0.448266895689583,0.2857142857142857,73.42303527466076,0.0,-0.00023828114404267353
9,critical_infrastructure,baseline,nash,0.9005324028172326,0.4105369963431599,0.687548321040263,2.2672608917664805,0.3351659434988931,0.06751781560358595,0.4483950988420089,0.2857142857142857,73.01073248702407,0.0,-0.0001061138095013181
10,critical_infrastructure,baseline,nash,0.8935698972393005,0.41743393179195803,0.7012820379483506,2.282523072270611,0.33648525146411473,0.06797065607088104,0.4485216569397332,0.2857142857142857,72.60402816336423,0.0,0.00012443289796570944
11,critical_infrastructure,baseline,nash,0.887159313821255,0.4252552456636759,0.7171751311256246,2.299670186353393,0.3379602010584608,0.06847943142607628,0.4486785590449356,0.2857142857142857,72.2094925656177,0.0,0.0003611493817514688
12,critical_infrastructure,baseline,nash,0.8808141712917987,0.4342760155659538,0.7295493313427834,2.315472549032647,0.33931270774277456,0.06894831330685225,0.44883564743438575,0.2857142857142857,71.80168516990304,0.0,0.0005631133198478189
13,critical_infrastructure,baseline,nash,0.8741485821355361,0.4428366642432737,0.7418914686386484,2.331128769144332,0.3406463639196759,0.06941286533634257,0.4489903354510336,0.2857142857142857,71.38288653225823,0.0,0.0007660949048576837
14,critical_infrastructure,baseline,nash,0.8674194265382236,0.45103165391536054,0.761604275639685,2.3475934859848575,0.3420421457845559,0.06990141392828934,0.4491512149203647,0.2857142857142857,70.96370833280537,0.0,0.0010281172578570086
15,critical_infrastructure,baseline,nash,0.8607584624606968,0.461184928469493,0.7753263557440414,2.364235388654156,0.34344598956085354,0.07039522705387896,0.4493127751096717,0.2857142857142857,70.5217407505296,0.0,0.0012339667991853043
16,critical_infrastructure,baseline,nash,0.8535506800406354,0.47055226801500377,0.8023319761347948,2.3807302749952406,0.34483059565381186,0.07088468461967357,0.44947004612595065,0.2857142857142857,70.06147684299624,0.0,0.00154965138346852
17,critical_infrastructure,baseline,nash,0.8462347447752543,0.4833013712804368,0.8123925960874119,2.398605448311505,0.34632345851805374,0.07141510741299337,0.4496373395458202,0.2857142857142857,69.55200872429553,0.0,0.001725967758047453
18,critical_infrastructure,baseline,nash,0.8378341139961902,0.4927741904069154,0.8181291757240133,2.416778783939261,0.3478331948963982,0.0719543857378335,0.44980416124433575,0.2857142857142857,69.02803701175996,0.0,0.0018840790525758155
19,critical_infrastructure,baseline,nash,0.829734568246769,0.4990272482869233,0.8249280409755627,2.4376866719791366,0.34956020035028235,0.07257481933591588,0.44999212559110124,0.2857142857142857,68.55514881893113,0.0,0.002041310612014291
20,critical_infrastructure,baseline,nash,0.8227858136479052,0.5038089368110338,0.8263921634084127,2.4578888336207907,0.3512189634069471,0.07317432051168897,0.4501698334031561,0.2857142857142857,68.1541270157094,0.0,0.0021410527464182927
21,critical_infrastructure,baseline,nash,0.8169962894456126,0.5063187258149195,0.833353355091064,2.4752571603335176,0.35263731640652923,0.07368973487470161,0.45031962374097456,0.2857142857142857,67.83647396911093,0.0,0.0022661314840801694
22,critical_infrastructure,baseline,nash,0.8126127122818965,0.5092427338832876,0.8507677904677963,2.489755252391163,0.3538158592471662,0.07411997873990633,0.45044259467166703,0.2857142857142857,67.58221550802315,0.0,0.00244616076685944
23,critical_infrastructure,baseline,nash,0.8089852053357379,0.5154754542335213,0.8652163281193761,2.500749807682472,0.3547063414821947,0.07444625515835339,0.450534620847012,0.2857142857142857,67.32423249645473,0.0,0.002592413321273801
24,critical_infrastructure,baseline,nash,0.8048385573564347,0.5226703074434363,0.87016486515468,2.5098596689055808,0.3554420605610205,0.07471660308791109,0.4506100820844474,0.2857142857142857,67.02801814874003,0.0,0.0026810065603453115
25,critical_infrastructure,baseline,nash,0.8000764153071049,0.5276105921215489,0.8842989231289764,2.520286549074731,0.3562818030566278,0.07502603764798123,0.4506955867432678,0.2857142857142857,66.72780824584522,0.0,0.0028408334164666815
26,critical_infrastructure,baseline,nash,0.7956028169674463,0.5338485728886767,0.9067390177576118,2.5322791269449683,0.3572445709856817,0.07538193975787051,0.4507928041783731,0.2857142857142857,66.42494811799176,0.0,0.00304474611424721
27,critical_infrastructure,baseline,nash,0.7909198205483703,0.5430604086175488,0.9186679194922696,2.5435631667950354,0.358147477160304,0.07571681751997714,0.45088319424392775,0.2857142857142857,66.07395481925047,0.0,0.0031780676634718397
28,critical_infrastructure,baseline,nash,0.785211635745357,0.5508196169303834,0.9291455880897016,2.555394783385416,0.35909111571018976,0.07606794870776191,0.450976860273683,0.2857142857142857,65.68764078228642,0.0,0.0033178500784781795
29,critical_infrastructure,baseline,nash,0.779292592403527,0.5572865364291876,0.9333324659790472,2.5698442824057133,0.360239295064133,0.07649677576587163,0.45108973542520636,0.2857142857142857,65.30467249071859,0.0,0.003419472294482362
0,critical_infrastructure,subsidy,nash,0.914527383250117,0.2124772188958875,0.5825543631046842,9.690551379655702,0.670744160800296,0.2912337314372844,0.4034173376389423,0.02857142857142857,73.01503692654404,2.038636120060991,-0.004732419552178957
1,critical_infrastructure,subsidy,nash,1.1153363946608363,0.1377326352053937,0.6052990043748209,9.312754790294468,0.6605588800795135,0.28024399239962056,0.40789230894334216,0.05714285714285714,82.52038671362092,1.9617079467973442,-0.007412844561961007
2,critical_infrastructure,subsidy,nash,1.2267210956323384,0.10249490588950427,0.6196455632027913,9.095736761287622,0.6545380403399698,0.2739707959650088,0.4106899333475298,0.05714285714285714,87.20669795214123,1.9177955717550614,-0.008798227120085267
3,critical_infrastructure,subsidy,nash,1.2790746404518287,0.08782184400238852,0.6354332661651525,8.985741202186931,0.6514367701092598,0.2707912243961062,0.4122425533916041,0.05714285714285714,89.28347019734139,1.8955385707727435,-0.009337859463652842
4,critical_infrastructure,subsidy,nash,1.3012629154189113,0.08590596563679426,0.6545868046870235,8.935949993647803,0.6500216830594361,0.2693519410028845,0.41295849743579494,0.05714285714285714,90.09307738597522,1.8854635870201915,-0.009420589762912712
5,critical_infrastructure,subsidy,nash,1.309019957974834,0.0928961979105686,0.6641341665831485,8.915166811321534,0.6494289173807463,0.2687511744007502,0.4132596262009449,0.05714285714285714,90.28053937546149,1.8812582208052515,-0.009383561493330639
6,critical_infrastructure,subsidy,nash,1.3093839448037314,0.10111000031109912,0.6836754735287391,8.907943093782619,0.6492225957438476,0.26854236284725175,0.41336460946081344,0.05714285714285714,90.19468569860963,1.8797965399307621,-0.009162954129625422
7,critical_infrastructure,subsidy,nash,1.3070346510481834,0.11402800164282581,0.6939717486905481,8.907604656036398,0.6492129256987174,0.268532579835568,0.4133695320622186,0.05714285714285714,89.95549191694151,1.879728058848976,-0.008977239976817764
8,critical_infrastructure,subsidy,nash,1.3024169891101196,0.12583280182739115,0.7189277834953901,8.909789870070941,0.6492753571191213,0.2685957464727322,0.4133377543408172,0.05714285714285714,89.65127900717819,1.8801702253091255,-0.008646205252796468
9,critical_infrastructure,subsidy,nash,1.2974096922367755,0.14277179676734758,0.7289286037381286,8.914090727357081,0.6493981921257986,0.2687200687049443,0.41327525463865933,0.05714285714285714,89.2690724992148,1.8810404809346104,-0.008422127639140964
10,critical_infrastructure,subsidy,nash,1.290728105580435,0.15654402598598174,0.7486869541183981,8.918763108376014,0.6495315776918709,0.26885513034136777,0.4132074220824251,0.05714285714285714,88.86749845630564,1.8819859123895744,-0.008116965456436587
11,critical_infrastructure,subsidy,nash,1.2844448253323097,0.17220284295713328,0.7707552163354235,8.925011935425971,0.6497098689347516,0.2690357613252952,0.4131168104563978,0.05714285714285714,88.45482796579267,1.8832503292770668,-0.007798438397275342
12,critical_infrastructure,subsidy,nash,1.2777063331827472,0.1896654358910293,0.7894566244873603,8.93090320557789,0.6498778556087155,0.26920605662691466,0.41303149597654154,0.05714285714285714,88.00337144633498,1.8844423963884027,-0.0075010497561434075
13,critical_infrastructure,subsidy,nash,1.2702599944488933,0.20663497394680738,0.8082372909822306,8.937237633075794,0.6500583675525564,0.26938916199739366,0.4129398853338806,0.05714285714285714,87.53206864922527,1.8857241339817556,-0.007204105771228209
14,critical_infrastructure,subsidy,nash,1.2627069661392585,0.22315531779106285,0.8344925953319559,8.944257444054326,0.6502582764779311,0.2695920793157339,0.412838509120105,0.05714285714285714,87.06102024450854,1.8871445552101376,-0.00686373708375676
15,critical_infrastructure,subsidy,nash,1.2552290448698395,0.24201703550540635,0.8549083677955823,8.951399619655955,0.6504615253033056,0.2697985337439762,0.4127355236949728,0.05714285714285714,86.5624099906244,1.8885897362078337,-0.006564551852142886
16,critical_infrastructure,subsidy,nash,1.2470495926379972,0.25973710803239186,0.8887054276940282,8.958492758396545,0.6506632343370556,0.27000357068590664,0.41263340262549897,0.05714285714285714,86.05172655581043,1.8900249948013466,-0.006185663425251953
17,critical_infrastructure,subsidy,nash,1.2389485516156942,0.28143909464610123,0.90574163691813,8.966276822536042,0.650884426078885,0.2702285797683764,0.41252151414177085,0.05714285714285714,85.49291479501994,1.8916000583786348,-0.005907942843989211
18,critical_infrastructure,subsidy,nash,1.229651211479424,0.2989057076546703,0.9185083147288714,8.974012994333636,0.6511040858110076,0.27045220444703194,0.41241050018374703,0.05714285714285714,84.94187827353042,1.8931654311292236,-0.005660758123385623
19,critical_infrastructure,subsidy,nash,1.2211780772888112,0.3124416661462456,0.9323716250895469,8.982925007081866,0.6513569211108154,0.2707098184124163,0.412282842309422,0.05714285714285714,84.46648668524217,1.8949687288869144,-0.0054343101755118806
20,critical_infrastructure,subsidy,nash,1.2141382686511062,0.3241953443510843,0.9409547924653945,8.991078700592873,0.6515880451235949,0.2709455121077312,0.41216626134339585,0.05714285714285714,84.0636304605701,1.8966185847541184,-0.005263198735928842
21,critical_infrastructure,subsidy,nash,1.208113501989213,0.3331319026800057,0.9550622232124377,8.997876554515177,0.6517805924697598,0.2711420133917127,0.4120692223977671,0.05714285714285714,83.73181187816839,1.8979940937419888,-0.005085231474778018
22,critical_infrastructure,subsidy,nash,1.2032771424892583,0.3424478938105805,0.9796918795606481,9.003711432499081,0.6519457594020248,0.2713106785304991,0.4119860429852369,0.05714285714285714,83.43824012805676,1.8991747497134939,-0.004868470491090626
23,critical_infrastructure,subsidy,nash,1.198740761782184,0.3554279718415354,1.0014848468109534,9.008406981655387,0.6520786055982515,0.2714464098052672,0.41191918107066217,0.05714285714285714,83.1103917893627,1.9001248686368706,-0.004664622819634978
24,critical_infrastructure,subsidy,nash,1.193203987583389,0.36914425687912744,1.0138711518102315,9.012820804233762,0.6522034243860861,0.27157399738448873,0.41185639226576254,0.05714285714285714,82.73630712081552,1.901017981691421,-0.0044971287478128286
25,critical_infrastructure,subsidy,nash,1.1870720214323014,0.37995343093194167,1.03547170204753,9.018220621352217,0.6523560513696625,0.2717300864803578,0.41177965811184847,0.05714285714285714,82.3749061341797,1.9021106053625045,-0.0042898066103009835
26,critical_infrastructure,subsidy,nash,1.181579880003878,0.39222465516201976,1.065469116112587,9.024217310943053,0.6525254527024563,0.27190342898553843,0.41169454626514335,0.05714285714285714,82.01800316683897,1.9033240028987692,-0.004053605499180435
27,critical_infrastructure,subsidy,nash,1.175870016811035,0.40775665840044406,1.0850878154027488,9.029603119625243,0.6526775108163184,0.27205911313857073,0.41161819801046695,0.05714285714285714,81.61229710945767,1.904413791969995,-0.0038588849686167492
28,critical_infrastructure,subsidy,nash,1.1690876607208032,0.4213050798805782,1.1033120427835774,9.035217490034102,0.6528359350373484,0.27222140417542157,0.41153870350194954,0.05714285714285714,81.19003495864243,1.905549829227951,-0.0036661264401227633
29,critical_infrastructure,subsidy,nash,1.1624833125675422,0.4332998697597376,1.1152980396507222,9.041906636627447,0.6530245712264835,0.27241476307772744,0.41144411587120366,0.05714285714285714,80.79196818415494,1.9069033415440921,-0.003508207287921117
0,critical_infrastructure,penalty,nash,0.8046349289649892,0.2679927752507032,0.5825543631046842,4.814387270569393,0.4983348019718337,0.14625626368362096,0.3943238404991576,0.0,69.47906812988573,0.35000000000000003,-0.0018867361448486886
1,critical_infrastructure,penalty,nash,0.9451179631302821,0.22953282775476658,0.6042348159654977,4.521690587142478,0.4837127841850225,0.13709523902333826,0.39437412962144336,0.0,76.61074959873629,0.35000000000000003,-0.003723492224503522
2,critical_infrastructure,penalty,nash,1.039884568434829,0.21877628017008735,0.6168031538683247,4.261943936598756,0.470072463017887,0.12923111561852355,0.3925782500571693,0.0,80.81554144639605,0.35000000000000003,-0.004835926779141353
3,critical_infrastructure,penalty,nash,1.0960501918492132,0.221136860743525,0.6304308309742579,4.055860269535656,0.4587622745244385,0.12341538746731968,0.3902945719950708,0.0,83.06867832186487,0.35000000000000003,-0.00535069333742455
4,critical_infrastructure,penalty,nash,1.1265460935328016,0.2296380009441427,0.6472053176414264,3.9639867974918825,0.45357072506156765,0.12067119036815924,0.39050154221310107,0.0,84.16178454817205,0.35000000000000003,-0.005509993847567118
5,critical_infrastructure,penalty,nash,1.1408658504046747,0.2418795945601383,0.6542199948479882,3.9246847897156396,0.4513204538784987,0.11944004099356838,0.3908150738938476,0.0,84.5637715872924,0.35000000000000003,-0.005563638024231654
6,critical_infrastructure,penalty,nash,1.1459734628489866,0.25105672133671003,0.671143011555285,3.960687293728339,0.4533824953493317,0.12123278261167407,0.3956889020861807,0.0,84.64510883370552,0.35000000000000003,-0.005448754253999155
7,critical_infrastructure,penalty,nash,1.1459610338025255,0.26292411006277244,0.6787260219329327,3.951902878373059,0.4528807520127487,0.12096976646854493,0.3956404832610758,0.0,84.4994270406599,0.35000000000000003,-0.005328939246660669
8,critical_infrastructure,penalty,nash,1.1423941534282913,0.2727322004234571,0.7009117055718498,3.9519242489646738,0.4528819737259944,0.12097040632973563,0.3956406013969189,0.0,84.2428715950527,0.35000000000000003,-0.005044846647792145
9,critical_infrastructure,penalty,nash,1.1375382407672319,0.2863510541029439,0.7080339523220915,3.9580583142163044,0.453232427987273,0.12115406770821038,0.3956744410199584,0.0,83.88903117926249,0.35000000000000003,-0.004873047186793489
10,critical_infrastructure,penalty,nash,1.1306775576729313,0.2968941629194862,0.7248676574384812,3.9566892345678406,0.45315424669489734,0.12109348100201832,0.39533112080114363,0.0,83.4975634003849,0.35000000000000003,-0.004601545214632186
11,critical_infrastructure,penalty,nash,1.1239602849661452,0.30852213694319963,0.7439289225870372,3.976613896849636,0.45428992061046936,0.12170516908639524,0.39564497052408854,0.0,83.09242858292235,0.35000000000000003,-0.004325815096503094
12,critical_infrastructure,penalty,nash,1.1157982279438363,0.32290028912324575,0.7595415920603934,3.92914426250179,0.4515766864365822,0.11957359286704443,0.3908209433664971,0.0,82.60041549067248,0.35000000000000003,-0.0040258190240760605
13,critical_infrastructure,penalty,nash,1.1070504247266215,0.3361898377065293,0.7751491418673535,3.9432305099190303,0.4523845346369486,0.11999544712661615,0.3908452440323005,0.0,82.09434701967976,0.35000000000000003,-0.0037553890395405354
14,critical_infrastructure,penalty,nash,1.098299136704335,0.3487035480087479,0.7981554021099877,3.9584192740784516,0.45325303700372965,0.12045329042872539,0.3908270474568254,0.0,81.59545263734738,0.35000000000000003,-0.0034382458470578747
15,critical_infrastructure,penalty,nash,1.0895077070838874,0.36342384834374564,0.8152274920589213,3.9600606332773145,0.45334673154904515,0.12055373510245325,0.3904897544222379,0.0,81.0677282597288,0.35000000000000003,-0.003159417279503085
16,critical_infrastructure,penalty,nash,1.0805313820788356,0.37664092388860526,0.8456097135659162,3.9888660118220876,0.45498601615318096,0.1213651602525233,0.390887831474364,0.0,80.54452514829684,0.35000000000000003,-0.002809981704508413
17,critical_infrastructure,penalty,nash,1.0716329554947726,0.3935051738458444,0.8591274100288425,4.004451295620958,0.4558690171180367,0.12183188415856616,0.3909194144127721,0.0,79.97927594483691,0.35000000000000003,-0.0025694982993829107
18,critical_infrastructure,penalty,nash,1.0616683843737351,0.40667074004285153,0.8683354130864016,4.019926884596303,0.4567430864396173,0.1222953242214902,0.3909503031084811,0.0,79.41423879420226,0.35000000000000003,-0.0023541624095675395
19,critical_infrastructure,penalty,nash,1.0522080270160465,0.4163147231243899,0.8786091095748928,4.037288947308588,0.4577205031734144,0.12281525893551269,0.3909860084828216,0.0,78.90987838512721,0.35000000000000003,-0.0021491591513314035
20,critical_infrastructure,penalty,nash,1.0440509778726217,0.42437414047829075,0.8835602417859976,4.053102496702799,0.4586078174903221,0.12329433658062627,0.3909032757207185,0.0,78.47605035731466,0.35000000000000003,-0.0019988106712918174
21,critical_infrastructure,penalty,nash,1.036918519240543,0.4300870482290532,0.8940056710687793,4.059062120867178,0.4589414978002146,0.12348001267140314,0.3904583224546445,0.0,78.11311696401869,0.35000000000000003,-0.0018294984131776992
22,critical_infrastructure,penalty,nash,1.031234950503158,0.4360801917965372,0.9149198331245284,4.072163869397705,0.45967368694700866,0.12386467122409979,0.39044600427301157,0.0,77.80324417776349,0.35000000000000003,-0.001622213637578529
23,critical_infrastructure,penalty,nash,1.0262250935382553,0.4455032167625297,0.9329171423775025,4.080674531555006,0.46014829135482443,0.12413768325082193,0.39039919554036584,0.0,77.47834570623888,0.35000000000000003,-0.0014377459159919947
24,critical_infrastructure,penalty,nash,1.020614961649758,0.45569995467955304,0.9414473114565037,4.090667222824739,0.46070452870982226,0.12448265537854677,0.39076964336735265,0.0,77.11693700690931,0.35000000000000003,-0.0013013594819799579
25,critical_infrastructure,penalty,nash,1.0145105367382876,0.4632339267350557,0.9591652411254574,4.105382636847707,0.4615216690010476,0.12488823783019967,0.3908801777107489,0.0,76.76797074214336,0.35000000000000003,-0.001115582183926822
26,critical_infrastructure,penalty,nash,1.0099067549320897,0.4711462193523782,0.985225049543613,4.165911904844255,0.4648582452534595,0.12646403166309508,0.3933764148397789,0.0,76.47439269732853,0.35000000000000003,-0.0009306446083396924
27,critical_infrastructure,penalty,nash,1.0047134925509953,0.48296411097189645,1.0008544418640584,4.16349207169235,0.4647256078669537,0.12646143823200157,0.3933503181034508,0.0,76.11099995779031,0.35000000000000003,-0.0007634327922283468
28,critical_infrastructure,penalty,nash,0.9982664375772723,0.4932579011983774,1.0150615744034233,4.1737626721994,0.46528813898198995,0.12655132212530384,0.3933742123454027,0.0,75.70857902859865,0.35000000000000003,-0.0005967493732437212
29,critical_infrastructure,penalty,nash,0.9911431612495941,0.5026204516781416,1.0230002005343755,4.167553494934962,0.46494818973531943,0.1275874561964699,0.3960958500177916,0.0,75.29102598683004,0.35000000000000003,-0.00044709165267375894
0,critical_infrastructure,reputation,nash,0.9089571360672551,0.21579808242189608,0.5825543631046842,9.36557217167772,0.6620050462581681,0.28244600092721234,0.3549081518405053,0.0,74.68705595930932,0.12414697029904666,-0.004601934473054126
1,critical_infrastructure,reputation,nash,1.1077266351202173,0.14286071845671064,0.6052409897017683,9.023682815960147,0.6525103577923369,0.272430401477778,0.35652071695561105,0.0,84.04197295352355,0.12244487461103903,-0.007257354283572326
2,critical_infrastructure,reputation,nash,1.2196129201927934,0.1084970916958431,0.6194991746359886,8.83044166795716,0.6469995105700765,0.26671916264033274,0.3576401133184255,0.0,88.70923332185087,0.12144874086560606,-0.008650217169318797
3,critical_infrastructure,reputation,nash,1.2730580239514662,0.09420940733462746,0.6351900825981525,8.731532873171165,0.6441367718640613,0.26379608702387614,0.3583086506995079,0.0,90.80382978141546,0.12093142923867281,-0.009204062983486638
4,critical_infrastructure,reputation,nash,1.296045410332734,0.09242317985367904,0.6542456185037041,8.68617183829851,0.6428141319026067,0.26245556061030545,0.3586262849423687,0.0,91.63149233153541,0.12069245716876803,-0.009297691867017122
5,critical_infrastructure,reputation,nash,1.3042476191833503,0.09940177514825702,0.6636939161123885,8.666987180251589,0.6422528796097651,0.2618886158040399,0.35876182518082533,0.0,91.83076276733867,0.1205910580400991,-0.009267593578911937
6,critical_infrastructure,reputation,nash,1.304834666271774,0.10754715780071855,0.6831356842408499,8.66018641519174,0.6420536539697014,0.261687640732695,0.3588100458598338,0.0,91.7519020107833,0.1205550657543934,-0.009051348498943845
7,critical_infrastructure,reputation,nash,1.3025818036978216,0.12034831666689141,0.6933298295091995,8.65970055069475,0.6420394153997605,0.2616732825676828,0.3588134943493373,0.0,91.51718343144783,0.12055249342116858,-0.008868643837209866
8,critical_infrastructure,reputation,nash,1.2980086182079116,0.13202797961298338,0.718182103357651,8.661565749224977,0.6420940723339973,0.26172840253625945,0.3588002583773455,0.0,91.2160926903505,0.12056236773111732,-0.008539954224820345
9,critical_infrastructure,reputation,nash,1.293010413672597,0.14881154804833055,0.7280754464612401,8.665357313350826,0.6422051460960742,0.2618404501992961,0.358773373443936,0.0,90.83658937131665,0.12058243441291862,-0.008317951526306544
10,critical_infrastructure,reputation,nash,1.2863319124252632,0.16244085888065718,0.7477246788043215,8.669509469736862,0.6423267334237315,0.26196315422255645,0.3587439640138663,0.0,90.43726929506396,0.12060440066876682,-0.008014562989083984
11,critical_infrastructure,reputation,nash,1.2800304880170625,0.17794838873717883,0.7696808493914334,8.67507104697583,0.6424895109547469,0.26212750960561326,0.35870462467859543,0.0,90.02659951718992,0.12063380874603144,-0.007697566920439325
12,critical_infrastructure,reputation,nash,1.2732729910472922,0.1952524522389163,0.7882669408438161,8.68033300622006,0.6426434330750691,0.2622830110391961,0.35866746035895103,0.0,89.57706519795157,0.12066161728450052,-0.007401712509037761
13,critical_infrastructure,reputation,nash,1.2658052386853542,0.21206800408904244,0.8069296591260269,8.685991560217662,0.6428088629949029,0.26245023301380244,0.35862755526825296,0.0,89.10755893146923,0.12069150523797048,-0.007106154926217689
14,critical_infrastructure,reputation,nash,1.2582219683542188,0.22843917239653933,0.8330643993561545,8.692264112977888,0.6429921304904265,0.26263560037198863,0.35858339304544584,0.0,88.63806224473323,0.12072461629246907,-0.006766916687471314
15,critical_infrastructure,reputation,nash,1.2507082428419547,0.24714417303638234,0.8533560848788939,8.698654706262191,0.64317872488567,0.2628244565669084,0.3585384784020107,0.0,88.14091507216149,0.12075832886836747,-0.006468861693513572
16,critical_infrastructure,reputation,nash,1.2424938720521848,0.26471581210257517,0.8870263940548535,8.705007919200245,0.6433641060052665,0.26301220857644836,0.35849390498747624,0.0,87.63151782536158,0.12079182268576721,-0.006090859534205739
17,critical_infrastructure,reputation,nash,1.2343490358403166,0.28625600642103444,0.9039316811851813,8.711978150537101,0.6435673516182904,0.2632181954524875,0.35844509248622725,0.0,87.0739777777527,0.12082854469108391,-0.005814156513106017
18,critical_infrastructure,reputation,nash,1.2250093133238802,0.30358331720555115,0.9165654341986083,8.718915183618915,0.643769484424223,0.26342320182084483,0.3583966055829433,0.0,86.52381580240312,0.12086506616802388,-0.005567767456996053
19,critical_infrastructure,reputation,nash,1.2164761672902507,0.31699898390751324,0.930294044508373,8.726902137794935,0.6440020314578491,0.26365923665241264,0.3583408949222229,0.0,86.04874766342976,0.12090708356097632,-0.005341681803631149
20,critical_infrastructure,reputation,nash,1.2093717029216091,0.3286391983052171,0.9387401822695233,8.734230015358907,0.6442152210072086,0.2638757947656349,0.35828988920602045,0.0,85.64592239392192,0.12094560399290248,-0.005170882073425975
21,critical_infrastructure,reputation,nash,1.2032915939514486,0.33747173871870495,0.9527086662967417,8.740353764602782,0.6443932558547872,0.264056768204723,0.3582473437177831,0.0,85.31414913717286,0.12097777290244541,-0.004993168530612602
22,critical_infrastructure,reputation,nash,1.1984096791926129,0.34667937986248476,0.9771967647208264,8.745611248763254,0.6445460166299427,0.2642121415143511,0.35821087388944983,0.0,85.02094528147339,0.12100537539610103,-0.004776665458223972
23,critical_infrastructure,reputation,nash,1.1938435905653684,0.35953550605765405,0.9988446194918845,8.74984394031637,0.6446689412959576,0.26433722958719436,0.35818155110039873,0.0,84.69401203523464,0.12102758699315858,-0.004573447096651417
24,critical_infrastructure,reputation,nash,1.1882903529539905,0.3731276901724494,1.0110830891052849,8.753812011046524,0.6447841324613038,0.26445449755728934,0.35815409251318253,0.0,84.32114010958482,0.12104840137991738,-0.004406845509717927
25,critical_infrastructure,reputation,nash,1.1821374379244194,0.38382755892049364,1.0325343137638647,8.758650068891473,0.6449245155462326,0.2645974764189788,0.3581206542275208,0.0,83.96073948553035,0.12107376803469015,-0.004200021030930312
26,critical_infrastructure,reputation,nash,1.176612587159347,0.39598543809609477,1.062379712399902,8.764026407064126,0.6450804359749243,0.26475636341776027,0.3580835433861014,0.0,83.604648088248,0.12110194252972586,-0.0039640696804965625
27,critical_infrastructure,reputation,nash,1.1708727119067053,0.41139481493563124,1.0818429258036368,8.768868126982444,0.6452207783607036,0.2648994510982101,0.35805017364938085,0.0,83.19978935307162,0.12112730236740181,-0.0037698959570331425
28,critical_infrastructure,reputation,nash,1.1640619983663505,0.42483322987312633,1.099909627106224,8.7739127724806,0.6453669287873672,0.26504853615091667,0.35801545249885236,0.0,82.7781777409083,0.12115371198690594,-0.0035775654190710604
29,critical_infrastructure,reputation,nash,1.1574159491343974,0.43672656044104663,1.1117360682476598,8.779917966861406,0.6455408093433094,0.26522600882473407,0.3579741827571443,0.0,82.38039606810116,0.12118513284466746,-0.00341991943812614
0,critical_infrastructure,matching_fund,nash,0.8364862450902347,0.30708591878829783,0.5825543631046842,3.436602919449675,0.421773897925532,0.10222658867251158,0.4559462282520752,0.22857142857142856,70.7725151033618,0.37568271337148,-0.0025677946639297566
1,critical_infrastructure,matching_fund,nash,0.9571753586160051,0.3046818284070817,0.6040998463777771,2.779341708795754,0.3763833609004841,0.08271463121982763,0.4525783289634666,0.2571428571428571,76.50645458610923,0.3039762697328665,-0.003637418752966637
2,critical_infrastructure,matching_fund,nash,1.017614066383819,0.3210604579760493,0.6161101848772343,2.4314258618448834,0.3490441574458166,0.072389031100954,0.4499362775706264,0.2857142857142857,78.95773684064345,0.2660296892960059,-0.004007924149000086
3,critical_infrastructure,matching_fund,nash,1.04242750472912,0.34088625740562767,0.6287243681257085,2.2570369069035676,0.3342787005313242,0.0672144657738085,0.44830909093619686,0.2857142857142857,79.772484226877,0.24701316171874624,-0.003989822186910352
4,critical_infrastructure,matching_fund,nash,1.0487052234863714,0.3596951628070578,0.6441049490165427,2.184897219192201,0.32793807767124555,0.06507413511115709,0.4476747096526381,0.2857142857142857,79.81051175166907,0.2391474465335023,-0.0037914043315194768
5,critical_infrastructure,matching_fund,nash,1.0461602353583717,0.37686320559903147,0.6494251773283781,2.166573448116165,0.32630465885582094,0.06453050654244946,0.44751395908712754,0.2857142857142857,79.49839049368589,0.23714961154350175,-0.003630516130565198
6,critical_infrastructure,matching_fund,nash,1.0397537476775236,0.3887223941805219,0.6644604651003896,2.174005802109756,0.32696833076907533,0.06475100798163175,0.44757804696984094,0.2857142857142857,79.08852450262195,0.23795995433249667,-0.0033760617307085905
7,critical_infrastructure,matching_fund,nash,1.0330357039349944,0.40008323817467095,0.669982698642784,2.192691929999702,0.3286300671216795,0.06530539114702696,0.4477454587050622,0.2857142857142857,78.66860667996362,0.2399973124653241,-0.0032181414267866693
8,critical_infrastructure,matching_fund,nash,1.0263157372586775,0.4079835191556034,0.6900179189821346,2.2122527937937235,0.33035920562563587,0.06588573707012663,0.4479203170618544,0.2857142857142857,78.28966799640966,0.24213008373271533,-0.002949944637502755
9,critical_infrastructure,matching_fund,nash,1.0206350106314295,0.4183804860688839,0.6948914543934501,2.2317867892519314,0.3320754929761288,0.06646529681813335,0.44809234631518535,0.2857142857142857,77.92181527099406,0.24425996580664003,-0.002819704211465268
10,critical_infrastructure,matching_fund,nash,1.0147186241477106,0.4254992403403911,0.7094514950743338,2.248276274245093,0.3335162295635054,0.06695453649658219,0.4482345958163638,0.2857142857142857,77.58402365956901,0.24605792162493953,-0.0026155815136739147
11,critical_infrastructure,matching_fund,nash,1.009670780283745,0.4336530854969484,0.7262006584733591,2.2654284416336115,0.3350071268751553,0.06746344584480825,0.4483797566899477,0.2857142857142857,77.2687048846789,0.2479281634796703,-0.002407861017263313
12,critical_infrastructure,matching_fund,nash,1.004740693691952,0.4431058786703028,0.7394643666828756,2.2800465460728727,0.33627159068292867,0.06789717523218672,0.44850126839889315,0.2857142857142857,76.94197226203785,0.2495221189782862,-0.002227373790646414
13,critical_infrastructure,matching_fund,nash,0.9994794277507736,0.4521708620825689,0.7527253171536137,2.294310324111883,0.3374999849110118,0.06832039706827282,0.44862464647529876,0.2857142857142857,76.60525760326453,0.25107745922590263,-0.002046689637929866
14,critical_infrastructure,matching_fund,nash,0.9941720645117094,0.46090855793795377,0.7733856813062424,2.3095187740719405,0.3388038891098252,0.06877165431937743,0.44877678585760283,0.2857142857142857,76.2695144694619,0.25273582962371205,-0.0018177523508164928
15,critical_infrastructure,matching_fund,nash,0.9889405978047298,0.47160677104311477,0.788092075105424,2.3248474183714865,0.3401120491190106,0.06922648406506907,0.4489284207858375,0.2857142857142857,75.91187443625513,0.2544073289391288,-0.001633105667665058
16,critical_infrastructure,matching_fund,nash,0.9831585551172616,0.4815334893251041,0.8161123118524435,2.339945084591667,0.34139461510492297,0.06967446620940194,0.44907651740808485,0.2857142857142857,75.53924652606113,0.25605366331955215,-0.00135840742643345
17,critical_infrastructure,matching_fund,nash,0.977337361889631,0.4947997943469581,0.8272325210947051,2.3566193289937836,0.34280439332957774,0.0701692357887036,0.44923920231022474,0.2857142857142857,75.12232501602674,0.2578719415234857,-0.001195581661248557
18,critical_infrastructure,matching_fund,nash,0.9704950418538937,0.5048144144418413,0.8340557518494127,2.373394738420061,0.3442156754659204,0.07066701427265781,0.4494004526078368,0.2857142857142857,74.70006649205315,0.2597012774520175,-0.0010544666842446926
19,critical_infrastructure,matching_fund,nash,0.964125900022449,0.5116426784503968,0.8419642674600043,2.3930996517477627,0.3458644748592252,0.07125172914451014,0.4495861539000747,0.2857142857142857,74.33549750638078,0.2618501046060748,-0.0009226706938205709
20,critical_infrastructure,matching_fund,nash,0.9589449369208007,0.5170493885615157,0.8445639726959977,2.411430983159163,0.34738976574252217,0.07179569345965424,0.4497554077520378,0.2857142857142857,74.03926073826759,0.2638491734642293,-0.000841712709429121
21,critical_infrastructure,matching_fund,nash,0.9547743754367276,0.5202603772735941,0.8526810216359998,2.4263360987218006,0.34862394294724375,0.07223799412260759,0.4498906012915278,0.2857142857142857,73.81413701810678,0.2654746284005829,-0.0007423720901245101
22,critical_infrastructure,matching_fund,nash,0.9517591917794225,0.5239203618948497,0.8712765437826487,2.4383308903215886,0.3496132462595975,0.07259393643310566,0.4499978511825191,0.2857142857142857,73.63425632427678,0.2667827163916633,-0.00059492403598016
23,critical_infrastructure,matching_fund,nash,0.9491775133577329,0.5308560888874452,0.8869411801337709,2.4470011103317986,0.35032619983258884,0.0728512250507314,0.45007453067653547,0.2857142857142857,73.43342231028264,0.26772825206143785,-0.00046588275666947787
24,critical_infrastructure,matching_fund,nash,0.9458262543463813,0.538708615997717,0.8931345773344861,2.4544238506274025,0.3509351495755352,0.07307149612067437,0.45013962208983327,0.2857142857142857,73.18728256726604,0.2685377482434783,-0.0003795298173363548
25,critical_infrastructure,matching_fund,nash,0.9418209563756952,0.5442902552321147,0.9085294437900733,2.464058187950051,0.351723586761775,0.07335739860289373,0.45022335263329305,0.2857142857142857,72.93930231922694,0.26958843986563447,-0.0002396002181224155
26,critical_infrastructure,matching_fund,nash,0.9381745779103035,0.5511169463551528,0.9322570505993385,2.4755715323622,0.3526629236659464,0.07369906409579591,0.4503223099738054,0.2857142857142857,72.69099140269502,0.27084406055204996,-6.341935458276104e-05
27,critical_infrastructure,matching_fund,nash,0.9343309542625652,0.56084437731365,0.9455105077711778,2.4860523189610033,0.3535153158149557,0.07401009042396875,0.4504113632417137,0.2857142857142857,72.39783637454346,0.27198708230808516,6.068112392232372e-05
28,critical_infrastructure,matching_fund,nash,0.9295194929488534,0.5691101003182064,0.9573378004864721,2.497099565282186,0.35441100782521423,0.0743379296034576,0.45050418402368897,0.2857142857142857,72.07870149776983,0.27319189129270666,0.00018664938539170173
29,critical_infrastructure,matching_fund,nash,0.9246690624800971,0.5760880679197844,0.9628985006253644,2.5109284320561565,0.35552824947289235,0.07474832025593725,0.4506188886988194,0.2857142857142857,71.77228021809486,0.27470007694056936,0.0002770505320377481
0,critical_infrastructure,threshold_governance,nash,0.801916722302646,0.24451778365509685,0.5825543631046842,3.9864332707122956,0.45484793774974525,0.12012710072763293,0.3958436893372743,0.05714285714285714,67.12207735384553,3.0108,-0.001536061726842064
1,critical_infrastructure,threshold_governance,nash,0.9472454719992475,0.19463597400020688,0.604408153987183,3.596270564488996,0.4317829285688145,0.10831088884406442,0.39249843996949085,0.05714285714285714,74.61524570918192,3.0108,-0.0034207109801478452
2,critical_infrastructure,threshold_governance,nash,1.053171096991159,0.1772967615736028,0.6172825970247333,3.37029119595814,0.4175107388648914,0.10191639386067494,0.39928861369453306,0.05714285714285714,79.34453482574857,3.0108,-0.004711780987932457
3,critical_infrastructure,threshold_governance,nash,1.1215589947752813,0.17634423456150566,0.6313507895283961,3.1808717577427243,0.40496702327505524,0.09634249341516449,0.40180298103720213,0.08571428571428572,82.08151002982756,3.0162,-0.0053803408615429316
4,critical_infrastructure,threshold_governance,nash,1.161471535165817,0.18483319319533326,0.6486869688802829,3.0419444564707474,0.39540027971104824,0.09234205917887471,0.40074052486037615,0.11428571428571428,83.50477899738826,3.0216,-0.005607294354323056
5,critical_infrastructure,threshold_governance,nash,1.182275624040641,0.1982844491661631,0.6563475168144144,2.981130172836247,0.3911085845202159,0.09035281809956983,0.4022133533940988,0.11428571428571428,84.12154215058358,3.0216,-0.005715021562075151
6,critical_infrastructure,threshold_governance,nash,1.19045161734649,0.21000169571831978,0.6739652357034794,2.9555176789123516,0.389281443561174,0.08965196523160768,0.40454863165352517,0.11428571428571428,84.28119761778855,3.0216,-0.005583717078079475
7,critical_infrastructure,threshold_governance,nash,1.191600279647406,0.22412187794320487,0.6822690030588563,2.938970331888107,0.38809468921803203,0.08914155544999222,0.4043036864112597,0.14285714285714285,84.14564499711967,3.027,-0.005455780339113092
8,critical_infrastructure,threshold_governance,nash,1.1881071884323102,0.23555062571014412,0.7051822665479139,2.9414812566464414,0.38827508999209404,0.08920575774420951,0.4051820278808729,0.14285714285714285,83.87601749944261,3.027,-0.0051515227828098364
9,critical_infrastructure,threshold_governance,nash,1.182593046651886,0.2507188565512805,0.713051154735588,2.94341227174182,0.388413748215887,0.08927376622344603,0.4042939002273849,0.11428571428571428,83.49028012758704,3.0216,-0.004957402055099092
10,critical_infrastructure,threshold_governance,nash,1.1749032289656216,0.2621578750419659,0.7306309552842347,2.9549180744496093,0.38923852746220355,0.08963413201904094,0.4045497448100781,0.11428571428571428,83.06261406590238,3.0216,-0.0046675106182128
11,critical_infrastructure,threshold_governance,nash,1.1670619307210162,0.27477639348121335,0.7504512143892252,2.9694373481197602,0.39027590590616407,0.09006595993074452,0.40452275574007346,0.11428571428571428,82.61305860152409,3.0216,-0.004361910508992928
12,critical_infrastructure,threshold_governance,nash,1.158321049039978,0.28937007392009095,0.7668337384813346,2.961025507126097,0.3896753568749099,0.0898169352487811,0.40150112500454127,0.11428571428571428,82.1052423836626,3.0216,-0.004058454578986126
13,critical_infrastructure,threshold_governance,nash,1.1488771996814913,0.3030879913168775,0.7832297768233606,2.975910342587868,0.39073716847526074,0.09023137271283609,0.40080522032686616,0.11428571428571428,81.5790084607503,3.0216,-0.003771470997677717
14,critical_infrastructure,threshold_governance,nash,1.1394013950666926,0.31598393677618114,0.8070396527477902,2.9978728276447852,0.39229662741335325,0.09087342676527617,0.4014299172390283,0.11428571428571428,81.05754252753765,3.0216,-0.0034395114287977258
15,critical_infrastructure,threshold_governance,nash,1.1301526180502983,0.3308351837941963,0.8249365597679785,3.020004456563801,0.3938594542714971,0.09162062239935698,0.4021048936895588,0.11428571428571428,80.51798905332736,3.0216,-0.0031605067809370446
16,critical_infrastructure,threshold_governance,nash,1.120426059649281,0.34460098608692996,0.8561638771666282,3.040841178906587,0.3953229975039154,0.09221526043368908,0.40256907729638725,0.11428571428571428,79.97190783833119,3.0216,-0.0027872956944838823
17,critical_infrastructure,threshold_governance,nash,1.1105547084339022,0.36229387256305534,0.870550544896037,3.0539511608109544,0.396239962058658,0.09264670286343558,0.401660989978617,0.11428571428571428,79.36902088405819,3.0216,-0.002528226480930984
18,critical_infrastructure,threshold_governance,nash,1.099297141764731,0.37637526687560857,0.8806308935832695,3.0624307682060046,0.39683148176295396,0.09296088433562269,0.40065252669944007,0.11428571428571428,78.75356111112598,3.0216,-0.002286257515324186
19,critical_infrastructure,threshold_governance,nash,1.0885518892356907,0.3866187130104201,0.8917725442679827,3.0846170352981894,0.3983733271806661,0.09361798252189575,0.4008126822657754,0.11428571428571428,78.2015407369634,3.0216,-0.0020630909020142862
20,critical_infrastructure,threshold_governance,nash,1.07924350944761,0.39511517866706497,0.8975916521489623,3.105789877168114,0.3998369542434362,0.09424507179373369,0.4009791793741022,0.11428571428571428,77.72508394260569,3.0216,-0.0018981079363413755
21,critical_infrastructure,threshold_governance,nash,1.0712837724264972,0.40099636566931035,0.9089039424781168,3.1241316791128986,0.4010987899463086,0.09478831708851596,0.4011258273269034,0.11428571428571428,77.33266862192008,3.0216,-0.0017193135098252377
22,critical_infrastructure,threshold_governance,nash,1.0649490979633212,0.40722375149234197,0.9306941381146843,3.1424437962206797,0.4023529975245013,0.09516879352998416,0.40107143323836203,0.11428571428571428,77.00093637579178,3.0216,-0.0014996617709519544
23,critical_infrastructure,threshold_governance,nash,1.0594509724763919,0.4169938140844636,0.9495847608964472,3.1574636183017226,0.4033775820748018,0.09564662132330759,0.4015788987314628,0.08571428571428572,76.66237427005731,3.0162,-0.0013077709960960249
24,critical_infrastructure,threshold_governance,nash,1.053314787269309,0.427689831207463,0.9590223713790639,3.1683890512613186,0.40412054299873856,0.09597140953159529,0.4016833372340085,0.08571428571428572,76.28072541002994,3.0162,-0.0011623781439529246
25,critical_infrastructure,threshold_governance,nash,1.0465249793531468,0.43577799623093644,0.9776520715702413,3.1805860885677237,0.4049476796812221,0.09633400107043266,0.4018002030531078,0.08571428571428572,75.90325458133178,3.0162,-0.0009607436655465484
26,critical_infrastructure,threshold_governance,nash,1.039225268423721,0.44620270300266657,1.0046321478730957,3.158323422290951,0.4034361219627512,0.09583811289912378,0.3991837257277244,0.08571428571428572,75.47579873469779,3.0162,-0.0006835152166209113
27,critical_infrastructure,threshold_governance,nash,1.0316656918540132,0.45944377314799506,1.0211487567494437,3.1669980769285853,0.4040260609866086,0.09566164631797729,0.39467264214311304,0.08571428571428572,75.00048050132435,3.0162,-0.00048583893079157114
28,critical_infrastructure,threshold_governance,nash,1.0232791994056167,0.47054935138544157,1.0362175201857862,3.183115848125322,0.40511893201549143,0.09615786818184685,0.3951025388588396,0.08571428571428572,74.51441668710784,3.0162,-0.0002942276039963332
29,critical_infrastructure,threshold_governance,nash,1.0156588136438307,0.47941495161297115,1.045002494914215,3.224391215950268,0.4078985364048433,0.09759691913611486,0.399250709097805,0.08571428571428572,74.08434174878364,3.0162,-0.0001667479442140074
0,critical_infrastructure,combined_portfolio,nash,1.0461207159239885,0.15497663968607348,0.5825543631046842,11.579187029367233,0.7167983166155961,0.34819239368679594,0.35410396581470316,0.0,76.17969341162984,4.712707043403443,-0.007323568386410351
1,critical_infrastructure,combined_portfolio,nash,1.279161095496976,0.044401468096693354,0.6065012030282415,11.134060389026148,0.7065993415606562,0.3356358309696171,0.35838565147601886,0.0,86.52370574908613,4.631197605598609,-0.01046377200148041
2,critical_infrastructure,combined_portfolio,nash,1.3651789799712748,0.0,0.6226105479390377,10.941345533305482,0.7020671668792609,0.3302060840349078,0.36040408621623876,0.0,90.06801004915428,4.595939415822222,-0.011545894154832537
3,critical_infrastructure,combined_portfolio,nash,1.3901383655911945,0.0,0.640171353130507,10.872824017565595,0.7004380640164778,0.32821602767526364,0.360669680385894,0.0,90.91535349873517,4.583015114102811,-0.011651755951792797
4,critical_infrastructure,combined_portfolio,nash,1.3927304838547734,0.0,0.6608869904342598,10.854666815091088,0.700004799626887,0.32768278333740475,0.3606539787512133,0.0,91.00780229784502,4.5795518220575895,-0.011478345484967623
5,critical_infrastructure,combined_portfolio,nash,1.3929789995622974,0.0,0.6719357880970859,10.852608431025047,0.6999556409077105,0.3276232433478238,0.36066580530983905,0.0,91.01679989798751,4.579165119887146,-0.011375868269290823
6,critical_infrastructure,combined_portfolio,nash,1.3930026258045094,0.0,0.6930493848179312,10.85241119210119,0.6999509299620629,0.3276175380941536,0.36066693881470546,0.0,91.01765594054606,4.579128065181772,-0.011179750705915481
7,critical_infrastructure,combined_portfolio,nash,1.3930048701172966,0.0,0.705070910463659,10.852392441674104,0.6999504821141127,0.32761699572685266,0.3606670465731685,0.0,91.01773726400303,4.579124542592919,-0.01107059838371871
8,critical_infrastructure,combined_portfolio,nash,1.3930050832934553,0.004250033566595125,0.7319547323961156,10.852390660535239,0.6999504395721442,0.32761694420634746,0.3606670568093724,0.0,90.96536078369301,4.579124207975477,-0.010810735240085245
9,critical_infrastructure,combined_portfolio,nash,1.391730093471876,0.01853496694357768,0.7440947172697571,10.852390491353757,0.6999504355312948,0.32761693931267205,0.36066705778165775,0.0,90.74800394860787,4.579124176191837,-0.010617892196851164
10,critical_infrastructure,combined_portfolio,nash,1.3873230492577693,0.032054208868421676,0.766117565446982,10.853402595680564,0.699974608310254,0.32764621503497854,0.36066124181149073,0.0,90.4379512497118,4.5793143172190645,-0.010316134531781707
11,critical_infrastructure,combined_portfolio,nash,1.3828399964611124,0.049261098069456645,0.790569734627734,10.856904728814428,0.7000582362235309,0.3277475163319951,0.36064112626419287,0.0,90.07843934498885,4.579972250903842,-0.009985634184466852
12,critical_infrastructure,combined_portfolio,nash,1.3772319946890994,0.06938746941842264,0.8117596208745834,10.86047329103333,0.7001434250016791,0.32785073913622664,0.3606206437677266,0.0,89.64576906089881,4.580642661771529,-0.009663360106318741
13,critical_infrastructure,combined_portfolio,nash,1.3706164251984096,0.08951314786842071,0.8331068760094793,10.863180125305616,0.700208025502694,0.32793706068168804,0.3607243202416639,0.0,89.1797833180448,4.581203300381406,-0.009337428339863507
14,critical_infrastructure,combined_portfolio,nash,1.3638784983517565,0.10942123981940963,0.8619981176245944,10.868463293226707,0.7003340695662444,0.32808990795498294,0.36069457271741645,0.0,88.71043768659464,4.582196003711346,-0.008969149459888026
15,critical_infrastructure,combined_portfolio,nash,1.3571674240426188,0.13201872203285656,0.8851339014077615,10.873868361672372,0.700462963840786,0.32824623192177826,0.3606637221992204,0.0,88.20786364351643,4.583211281183348,-0.008639777699568585
16,critical_infrastructure,combined_portfolio,nash,1.3496268941472844,0.15338985615192893,0.9217127545785194,10.879266216470896,0.7005916275491334,0.3284023472722686,0.3606329463552813,0.0,87.69193829824027,4.584225197625067,-0.008233758325725926
17,critical_infrastructure,combined_portfolio,nash,1.3423297083078074,0.17908367523120863,0.9416230977241208,10.885348522928222,0.7007365358680102,0.32857825817318176,0.36059830816547667,0.0,87.12937736223847,4.58536767214356,-0.007926623088521989
18,critical_infrastructure,combined_portfolio,nash,1.3337308930893632,0.20008532361865242,0.9573078003427677,10.890389686989737,0.7008565832286957,0.32872800901627075,0.3606283122461127,0.0,86.58034101217271,4.586340240900368,-0.007654081631824683
19,critical_infrastructure,combined_portfolio,nash,1.3263477329073363,0.21676441591099962,0.974126642451349,10.898163405637643,0.7010416023417535,0.3289492174811577,0.36053037711881797,0.0,86.1228286337247,4.58777688658025,-0.007411399169718003
20,critical_infrastructure,combined_portfolio,nash,1.320374368223951,0.23151331709542003,0.9857144353673015,10.902943285384234,0.7011553063079218,0.329093114167224,0.3605871453691383,0.0,85.73701175503267,4.588711421782295,-0.007224130204625867
21,critical_infrastructure,combined_portfolio,nash,1.315155522621036,0.24316998290477007,1.0028652024177431,10.910390371784253,0.7013323669350108,0.32929687651293305,0.3603727308979596,0.0,85.41306002089223,4.59003474489212,-0.007031352503531041
22,critical_infrastructure,combined_portfolio,nash,1.3109316802109463,0.2552703550703264,1.0305917172625558,10.912503819163382,0.7013825957239331,0.32936773747943243,0.36050495522707626,0.0,85.11926749268738,4.590494945027332,-0.006799656425857448
23,critical_infrastructure,combined_portfolio,nash,1.3067048407539537,0.27129722491142033,1.0555550628547918,10.9150514409159,0.7014431313799343,0.3294457206245968,0.3605543297015481,0.0,84.7764284012039,4.591001398057914,-0.006574652083977561
24,critical_infrastructure,combined_portfolio,nash,1.3012930560198304,0.2880040017786623,1.0711680191197908,10.918528537716309,0.7015257319969407,0.3295462700787703,0.3605344162829256,0.0,84.38385553082564,4.591654403280291,-0.00638261686243613
25,critical_infrastructure,combined_portfolio,nash,1.2954932320985064,0.301483095087018,1.0960266127823934,10.922989723117283,0.7016316749702666,0.32967527706786537,0.3605088872710045,0.0,84.01663452029084,4.592492218530717,-0.006159726229478579
26,critical_infrastructure,combined_portfolio,nash,1.290586747769031,0.31650544049920615,1.1293398991424992,10.927782536479189,0.7017454491900783,0.329813873969071,0.3604814859282499,0.0,83.660315914418,4.59339230930728,-0.005912883698964588
27,critical_infrastructure,combined_portfolio,nash,1.2853352457438876,0.33494876340245455,1.1523485200621157,10.931846716900097,0.7018418909397592,0.3299314005270454,0.3604582708967705,0.0,83.2497049095642,4.59415555906385,-0.0057014912312050026
28,critical_infrastructure,combined_portfolio,nash,1.2789899110499234,0.35112886993529197,1.174005856947614,10.936206540636839,0.7019453117001525,0.3300574764053147,0.3604333881018116,0.0,82.82825390059311,4.594974326631916,-0.005494774930164814
29,critical_infrastructure,combined_portfolio,nash,1.273133414322745,0.3655891856061153,1.1894680998799207,10.941488221595352,0.7020705495386211,0.3302102102462159,0.3604032730554776,0.0,82.44372048534791,4.595966212227609,-0.0053263541474593
0,burnout_prone,baseline,nash,0.4876184920943816,0.4637373936086628,0.4900343669342137,1.6007219706066111,0.2684705373832597,0.04588662199454964,0.4093614857028518,0.37142857142857144,32.955342538820744,0.0,0.002234085677456754
1,burnout_prone,baseline,nash,0.4318829658832035,0.4661362438397464,0.5176420810719631,1.7274743601688989,0.28183718322240037,0.04955935617744423,0.4096248518437464,0.2857142857142857,29.99010174458356,0.0,0.003664925236754102
2,burnout_prone,baseline,nash,0.38904034167357876,0.47340350291411454,0.5248785485900597,1.8320921194876714,0.2924097470540994,0.05258974666384167,0.4098255901701364,0.2571428571428571,27.476982924288233,0.0,0.004603737882349801
3,burnout_prone,baseline,nash,0.35410495066058395,0.47858928581341986,0.5187852354265435,1.917823641314516,0.3007865017273139,0.05507248473541778,0.41002652066150413,0.2571428571428571,25.31966854083484,0.0,0.0052511419617987665
4,burnout_prone,baseline,nash,0.32585983664512685,0.4787488560654147,0.5167337699953048,1.9918932156413434,0.30782792542677,0.05721711051303654,0.41023171269768177,0.2571428571428571,23.5423652128886,0.0,0.005911939074529915
5,burnout_prone,baseline,nash,0.3044671410981218,0.47685816871242276,0.533455325480268,2.0549851928186427,0.3136896204948848,0.059043625247680594,0.41041519094460144,0.2571428571428571,22.166048097832334,0.0,0.006822929925204391
6,burnout_prone,baseline,nash,0.28898813901981557,0.4793035744415325,0.5438265910952556,2.10494621917983,0.3182461014395733,0.060489836968372235,0.4105540079158698,0.2571428571428571,21.08661195345583,0.0,0.0074524166100535805
7,burnout_prone,baseline,nash,0.27641739038885016,0.48320502501425433,0.5515227668723854,2.1423929169531704,0.32161345101801725,0.06157370980540568,0.41065373071811107,0.2571428571428571,20.163660585114798,0.0,0.0079681923906465
8,burnout_prone,baseline,nash,0.2655215501289093,0.4874643283293335,0.5403351717288779,2.1736720863523695,0.3243955766122699,0.062479010770225926,0.4107336639934187,0.22857142857142856,19.336043432809184,0.0,0.0080739015349518
9,burnout_prone,baseline,nash,0.25576426297725696,0.4865969757210817,0.5581755946858928,2.20145513276115,0.32684384101508446,0.0632830830687965,0.41080341941054277,0.22857142857142856,18.643868925032695,0.0,0.008792267885479599
10,burnout_prone,baseline,nash,0.24871474066117283,0.49060250625517465,0.5642500610265773,2.2268946929202613,0.3290670327681342,0.06401929874043862,0.41086625711182845,0.22857142857142856,18.073600331047338,0.0,0.009128206263405714
11,burnout_prone,baseline,nash,0.24195594941735624,0.494715026671141,0.5828344097358829,2.2456194636968645,0.330692241969558,0.0645611697570678,0.41091164006153025,0.22857142857142856,17.517376924282818,0.0,0.00972668359494333
12,burnout_prone,baseline,nash,0.23537972027880172,0.5024772233324821,0.5808808708628423,2.2638550560109385,0.3322660060872384,0.0650888685651923,0.4109549091243214,0.22857142857142856,16.919952400634887,0.0,0.009872958500956597
13,burnout_prone,baseline,nash,0.22762915346596213,0.5068459450486917,0.6015036732520362,2.2818737113945593,0.33381243524817616,0.06561027443091212,0.41099678883859236,0.22857142857142856,16.271539868343613,0.0,0.010579712912946015
14,burnout_prone,baseline,nash,0.22021789649418597,0.5152150933875969,0.6062762788010307,2.303472284879425,0.335654956847925,0.06623525276235419,0.41104587686554006,0.22857142857142856,15.586809795603864,0.0,0.010907288022934725
15,burnout_prone,baseline,nash,0.21162513570520144,0.5217914340500318,0.625910426625101,2.3245064366397394,0.33743778677442565,0.06684387873611412,0.4110925516987567,0.22857142857142856,14.82416812763229,0.0,0.011634836694662809
16,burnout_prone,baseline,nash,0.20279242000046052,0.5312029697438484,0.6511910522004044,2.349380794189157,0.3395316079112208,0.06756359637157985,0.4111463564315154,0.22857142857142856,13.992167645234803,0.0,0.012456700493721162
17,burnout_prone,baseline,nash,0.19276372651727186,0.5439673791603452,0.6568522947932294,2.375520177605251,0.3417152235339753,0.06831988761533375,0.41120132978024637,0.22857142857142856,13.00428281595931,0.0,0.012938142454239188
18,burnout_prone,baseline,nash,0.18063609723743487,0.5533757137191053,0.6406191368925197,2.4059366873554384,0.3442349526048744,0.06919989276436761,0.41126335536041814,0.22857142857142856,11.866242653604647,0.0,0.013195953938447635
19,burnout_prone,baseline,nash,0.16815187763923276,0.5544744627493474,0.6331407709533938,2.4438306137000914,0.34734282213927575,0.07029618014833033,0.41134069733781975,0.22857142857142856,10.779549171896612,0.0,0.013825605395094809
20,burnout_prone,baseline,nash,0.15840698230172964,0.55240376047387,0.6418022127111308,2.4841976650787974,0.3506161299779387,0.07146395333404934,0.41142012211739076,0.22857142857142856,9.947727026974766,0.0,0.014730488813016973
21,burnout_prone,baseline,nash,0.15186688477982718,0.5527343815882964,0.6518544263962308,2.516732330566181,0.3532268379612692,0.07240509881435238,0.41148173175786007,0.22857142857142856,9.355077022252036,0.0,0.015439376436905516
22,burnout_prone,baseline,nash,0.14686504274703757,0.5552435449212576,0.6509549804411109,2.539101235326341,0.355007831760427,0.0730521515892119,0.411522900371734,0.22857142857142856,8.866135314149695,0.0,0.015767283330635817
23,burnout_prone,baseline,nash,0.14223132379916378,0.5563347888806379,0.6649839032870861,2.556511116482157,0.35638621935875864,0.0735557447652965,0.4115542930549403,0.22857142857142856,8.425198096380013,0.0,0.01648812386131282
24,burnout_prone,baseline,nash,0.1383858325752845,0.5605266717221725,0.6780939607897939,2.5728813627445284,0.3576761549100374,0.07402925578117936,0.41158330600914717,0.22857142857142856,8.011791002915984,0.0,0.017063407699591582
25,burnout_prone,baseline,nash,0.13401390038123398,0.5665482697244376,0.6758337530866668,2.5866484654850908,0.3587564021017595,0.07442746321887506,0.4116073345922837,0.22857142857142856,7.5217549511939685,0.0,0.01729818126210736
26,burnout_prone,baseline,nash,0.12859419685973178,0.5696002940068827,0.6863350502615022,2.602505790378229,0.35999553357061154,0.07488612115901969,0.4116346002032405,0.22857142857142856,6.966960549354938,0.0,0.01806910826716457
27,burnout_prone,baseline,nash,0.12346859273587243,0.5740221507635058,0.6903833611800555,2.6224760193160748,0.3615483208036818,0.07546372850101715,0.41166832531395015,0.22857142857142856,6.414854102924155,0.0,0.018635223284877656
28,burnout_prone,baseline,nash,0.11807308789887916,0.5776281208801359,0.6898848589286409,2.641691313987214,0.3630343480833502,0.07601948769885747,0.4117001468110466,0.22857142857142856,5.841013274695271,0.0,0.019184472476091896
29,burnout_prone,baseline,nash,0.11277624547879489,0.5794712355361284,0.6783947780643554,2.662275894478901,0.3646175959653435,0.07661483664395638,0.4117335698561031,0.22857142857142856,5.292947262630579,0.0,0.0195007915746499
0,burnout_prone,subsidy,nash,0.6145667891516671,0.3992385143654158,0.4900343669342137,5.770374968017593,0.5372158675634556,0.16863529126649693,0.387728348630793,0.11428571428571428,37.96459292350482,1.1804470388654786,-0.00354252500204133
1,burnout_prone,subsidy,nash,0.6749670758203425,0.35973689229924455,0.5184060916365552,5.7197268957412035,0.5351066844197154,0.16717262272854985,0.3884793358859495,0.11428571428571428,41.042517135412474,1.1702083590998489,-0.0041127928374427025
2,burnout_prone,subsidy,nash,0.7307325674197629,0.34147666023919265,0.5271186067406399,5.667555335473639,0.5329173698641019,0.16566594293855594,0.3892699000887241,0.11428571428571428,43.506059073709416,1.1596616005698916,-0.004789178406518824
3,burnout_prone,subsidy,nash,0.7746317076813674,0.33201417133018174,0.5230628922067229,5.6224128249854495,0.5310091518234328,0.1643622453884271,0.38996631161863426,0.11428571428571428,45.297912167922355,1.1505357177189897,-0.005407425632020901
4,burnout_prone,subsidy,nash,0.8067225554797894,0.32442366889092333,0.5234404194202753,5.588611131495943,0.5295717854288091,0.16338605862640534,0.39050684076929754,0.14285714285714285,46.574093120449895,1.1437024103848374,-0.005813975980351493
5,burnout_prone,subsidy,nash,0.8300339932275332,0.31949342307729406,0.542896067867819,5.564750857034742,0.5285527161743045,0.16269697433888736,0.39089237222067275,0.14285714285714285,47.471710665184354,1.1388788203722116,-0.005912843484320973
6,burnout_prone,subsidy,nash,0.846551317310039,0.32271236299354067,0.5563285531924226,5.547827244936126,0.5278276631379465,0.16220821875428415,0.3911678441623634,0.14285714285714285,48.00818349285402,1.1354575312799893,-0.005980712159294077
7,burnout_prone,subsidy,nash,0.8557331102355435,0.3295313484584034,0.5673213404127173,5.536030759072136,0.5273211607384408,0.1618675341014408,0.39136086206094967,0.14285714285714285,48.237005322921384,1.1330727387100856,-0.005980213580460525
8,burnout_prone,subsidy,nash,0.8589888006896116,0.337933732516267,0.559603561969697,5.529539982971329,0.5270420780882396,0.16168007896471692,0.3914674195624841,0.14285714285714285,48.239047781341945,1.1317605527530186,-0.006079142989355857
9,burnout_prone,subsidy,nash,0.8579823181609039,0.3411889660131794,0.5809401884102419,5.527249631948521,0.5269435340838196,0.16161393303117982,0.3915050797926751,0.14285714285714285,48.16255985340625,1.1312975312182587,-0.005868918096897824
10,burnout_prone,subsidy,nash,0.8561868236410805,0.3504112367302658,0.5906867249069914,5.52795706679335,0.5269739756684257,0.16163436393685574,0.39149344409439313,0.14285714285714285,47.978664932270505,1.1314405475579903,-0.005751533759736693
11,burnout_prone,subsidy,nash,0.8517535250663689,0.35986127545428287,0.6130298955402645,5.52922045220955,0.527028332121772,0.16167085083500524,0.39147267172127953,0.14285714285714285,47.701256881781596,1.1316959558450368,-0.005498055076726738
12,burnout_prone,subsidy,nash,0.8455982708129925,0.37345991551913765,0.6149822385247327,5.532347482780023,0.5271628256484422,0.16176116024802953,0.39142129864884834,0.14285714285714285,47.30818298690713,1.132328121736207,-0.005394967397173822
13,burnout_prone,subsidy,nash,0.8368697103070308,0.3832013238607693,0.6395246019301377,5.536707178647921,0.5273502286729426,0.16188706924338958,0.39134977190474207,0.14285714285714285,46.87551103275068,1.133209484703727,-0.005082460552385593
14,burnout_prone,subsidy,nash,0.827906524995822,0.39745612008452913,0.6483572995533416,5.5429262045308025,0.5276173394347685,0.16206667591580673,0.39124793620850906,0.14285714285714285,46.37155469404833,1.1344667314106471,-0.004894576536773609
15,burnout_prone,subsidy,nash,0.8171465134522902,0.4096521610935808,0.6720922540239094,5.549358170599659,0.5278933291571807,0.16225243210621795,0.39114285518132474,0.14285714285714285,45.828923812626236,1.1357670247435256,-0.0045757634534662195
16,burnout_prone,subsidy,nash,0.8059654469590075,0.4250081517402924,0.7015958394909588,5.5571424240626035,0.5282269819989004,0.16247724224926038,0.391016008686204,0.14285714285714285,45.22501522013841,1.1373406957448227,-0.004219670978527601
17,burnout_prone,subsidy,nash,0.7933418618900706,0.4440205147118684,0.7116269429122525,5.5653061025808395,0.5285764727058382,0.16271300985703888,0.3908833628363315,0.14285714285714285,44.51626392636634,1.1389910689992722,-0.003989249242003723
18,burnout_prone,subsidy,nash,0.7784385317276273,0.4592870866582517,0.6997931938503935,5.574617669094328,0.5289745748684184,0.16298192808383552,0.39073254287284276,0.14285714285714285,43.768050213810085,1.1408734965868488,-0.0038794476352683738
19,burnout_prone,subsidy,nash,0.7633627160744851,0.46555574704317426,0.696624066139789,5.58574488438155,0.5294495635931861,0.16330328163396568,0.3905529781433523,0.14285714285714285,43.12442570559668,1.1431229714377598,-0.003706659725946304
20,burnout_prone,subsidy,nash,0.7513430256828609,0.46858481111422634,0.7095604962710332,5.597154663388643,0.5299357815101617,0.16363279488265786,0.39036959935405036,0.14285714285714285,42.63053225259166,1.145429564178605,-0.0034614646129511595
21,burnout_prone,subsidy,nash,0.7424166562528952,0.47425412557350166,0.7239438255506246,5.60636686214243,0.5303277382638191,0.16389884170147276,0.3902220880856113,0.14285714285714285,42.21461440177923,1.1472918919103092,-0.00324884579638951
22,burnout_prone,subsidy,nash,0.7345265233649192,0.48204847881804125,0.727435588940112,5.613276850549274,0.5306213829646135,0.16409840074184698,0.390111760883765,0.14285714285714285,41.80808793325371,1.148688805192929,-0.0031241089235169994
23,burnout_prone,subsidy,nash,0.7265291920473567,0.4880144587488441,0.7458543962033586,5.619434744161749,0.5308828084515749,0.16427623921374593,0.39001367188332403,0.11428571428571428,41.41968265736552,1.1499336744962216,-0.002899650217154326
24,burnout_prone,subsidy,nash,0.7190992479016749,0.4970861496990823,0.7634295813976794,5.625725429823848,0.5311496204542472,0.16445791246859948,0.389914414014056,0.11428571428571428,41.00953782803178,1.1512053872801964,-0.002694192390720218
25,burnout_prone,subsidy,nash,0.7109076989795131,0.5078273607438325,0.7656999161092521,5.6316151667256396,0.5313991971724329,0.164628006234368,0.38982308232469065,0.11428571428571428,40.54548687931227,1.152396043640576,-0.0025769429915794007
26,burnout_prone,subsidy,nash,0.7015897815628871,0.5152026280609366,0.7807164019445109,5.638160472306028,0.5316762936100436,0.16481703239268097,0.3897218100454336,0.11428571428571428,40.07876254178838,1.1537192267487668,-0.0023634555217235675
27,burnout_prone,subsidy,nash,0.6927080217608103,0.5240019500886118,0.7893298023002139,5.645673556046987,0.5319940244677138,0.16503400735600007,0.3896058551003543,0.11428571428571428,39.606588882858,1.1552380514920004,-0.0021979437675099245
28,burnout_prone,subsidy,nash,0.6835792757941546,0.5318532204485457,0.7934125284674933,5.652903927184468,0.5322994603141141,0.16524281739340418,0.38949455634203756,0.11428571428571428,39.13395484118267,1.1566997217538293,-0.0020549728667078604
29,burnout_prone,subsidy,nash,0.6745998474083756,0.5378194075088706,0.7864980948652996,5.660407485044831,0.5326160857138121,0.1654595166421632,0.38937935490410536,0.11428571428571428,38.68880400473131,1.1582166164951424,-0.0019765465284493633
0,burnout_prone,penalty,nash,0.5490734502083188,0.4225138481640084,0.4900343669342137,3.132798616353308,0.39856864340265313,0.09173021025318585,0.40018878242230826,0.02857142857142857,35.90277674204379,0.36050000000000004,-0.001132419912197813
1,burnout_prone,penalty,nash,0.5544533883738828,0.39871578475658387,0.518056195466934,3.1482110885774075,0.39961421571637623,0.09216867482472553,0.40029140362370286,0.02857142857142857,36.466907686325065,0.36050000000000004,-0.0008394577690309379
2,burnout_prone,penalty,nash,0.5669869337111915,0.3907670601406344,0.5261011885386171,3.1396087116153577,0.39903111592512686,0.09192918930563267,0.40012404039185756,0.02857142857142857,37.15162962776523,0.36050000000000004,-0.0009404756256348179
3,burnout_prone,penalty,nash,0.5792158214982928,0.3879830419927422,0.5211337944565562,3.124282769325194,0.39798926006631485,0.09148139054631993,0.400270440107688,0.02857142857142857,37.746513656639934,0.36050000000000004,-0.001202612268787373
4,burnout_prone,penalty,nash,0.5884059640733601,0.3851963125047665,0.5204356484501553,3.0805260654704285,0.3949932393624212,0.09035006634138901,0.39899696890999325,0.02857142857142857,38.199401249130396,0.36050000000000004,-0.001327852065372337
5,burnout_prone,penalty,nash,0.5973157098902968,0.3826526670218971,0.5386857256870093,3.103346253261733,0.396559723691197,0.09081852061286913,0.401636628928717,0.02857142857142857,38.63044544669769,0.36050000000000004,-0.0012683797540244957
6,burnout_prone,penalty,nash,0.6052255047125232,0.3866177070562064,0.5507813267972319,3.1051575602363344,0.39668368684654276,0.09081092741926729,0.40278578187888225,0.02857142857142857,38.9249624294258,0.36050000000000004,-0.0012628502263460906
7,burnout_prone,penalty,nash,0.609652229550426,0.3933337431261288,0.5603472328195852,3.0959629825124955,0.3960538568582693,0.09054210011902106,0.40288635481846136,0.02857142857142857,39.03050626980181,0.36050000000000004,-0.0012250288302604329
8,burnout_prone,penalty,nash,0.6105058695764862,0.4010552180478963,0.5511370006700052,3.0908506678585237,0.39570305063630656,0.0903926274190234,0.4029437692684812,0.02857142857142857,38.96594205757338,0.36050000000000004,-0.0013535223003950936
9,burnout_prone,penalty,nash,0.6083565892966061,0.4035176682228406,0.5709742604981171,3.089867538060669,0.3956355381676961,0.09036388281525028,0.4029548309720907,0.02857142857142857,38.83976721079932,0.36050000000000004,-0.0010884406202344987
10,burnout_prone,penalty,nash,0.6058825211773978,0.4113402052195206,0.5791483198101725,3.092344518419427,0.39580560374016693,0.09043630435340765,0.4029269738829937,0.02857142857142857,38.62745884047175,0.36050000000000004,-0.0009676722940314963
11,burnout_prone,penalty,nash,0.6012378953633579,0.4191758259652584,0.5998797332398761,3.0952027090325718,0.39600171473741835,0.090519871457378,0.40289488183190114,0.02857142857142857,38.31929063800195,0.36050000000000004,-0.0006748513930441291
12,burnout_prone,penalty,nash,0.5949814186206361,0.4307919520778571,0.6001534814405634,3.1005886251209773,0.39637089061230324,0.09067734303435794,0.40283455994469364,0.02857142857142857,37.88813925540989,0.36050000000000004,-0.0005897125786664681
13,burnout_prone,penalty,nash,0.5861655958375817,0.4386244786509656,0.6230036935804055,3.1078859050714733,0.39687030750380886,0.09089069723406565,0.4027569675591316,0.02857142857142857,37.390606872584506,0.36050000000000004,-0.00021595570889409998
14,burnout_prone,penalty,nash,0.5768019103071893,0.4506427172642689,0.6300756376703175,3.1181732515148752,0.39757285602463766,0.0911962700408409,0.40253535499519666,0.02857142857142857,36.808199537112614,0.36050000000000004,-1.2775435842993232e-05
15,burnout_prone,penalty,nash,0.5649398232693185,0.4609289460529913,0.6520206921130443,3.1112705451866733,0.3971016470262781,0.09111395777225999,0.40020216177146883,0.02857142857142857,36.13017819266841,0.36050000000000004,0.00040475472439072124
16,burnout_prone,penalty,nash,0.5524294508511107,0.47403558161109927,0.6796645867132268,3.126770692268516,0.39815865175486925,0.09155408393814506,0.4002465409970819,0.02857142857142857,35.37622578796455,0.36050000000000004,0.0008523081138370747
17,burnout_prone,penalty,nash,0.5383565720920459,0.4905391144436969,0.6877542275709461,3.142104847870531,0.3992004376390897,0.09200212175451401,0.4001005288161543,0.02857142857142857,34.493895974387996,0.36050000000000004,0.0011288597018226376
18,burnout_prone,penalty,nash,0.5208983828060948,0.5038805712426091,0.6739461104330505,3.1301084436848754,0.3983857441783857,0.09180326076137053,0.39825513183308314,0.02857142857142857,33.47958112436269,0.36050000000000004,0.001306204419742052
19,burnout_prone,penalty,nash,0.503777238460244,0.5079159864026398,0.668812677926254,3.177614792784783,0.40159821306121085,0.0930800671486684,0.39896345945804934,0.02857142857142857,32.58346897271223,0.36050000000000004,0.0015359107704429054
20,burnout_prone,penalty,nash,0.4890477426097389,0.5089249111385348,0.6797776235316144,3.1896762375045626,0.4024080159407193,0.09347916991239592,0.39802722968935855,0.02857142857142857,31.83299982910983,0.36050000000000004,0.0019280013720576195
21,burnout_prone,penalty,nash,0.47751731454204605,0.5123651582905049,0.6921382361069492,3.209460867247029,0.4037313168770381,0.0940561693950748,0.39788372619687307,0.02857142857142857,31.198538140475314,0.36050000000000004,0.0022564659159428624
22,burnout_prone,penalty,nash,0.46751152001623797,0.5178445427601497,0.693554320845054,3.225233098865953,0.40478179952379906,0.09451614473352479,0.39777053685639263,0.02857142857142857,30.60777653467055,0.36050000000000004,0.002446942483285919
23,burnout_prone,penalty,nash,0.45823702793172,0.5214402064400083,0.709873861983156,3.248829273167238,0.4063460835907315,0.09516055637588322,0.3983853901314096,0.02857142857142857,30.071957993399238,0.36050000000000004,0.0027662400420872535
24,burnout_prone,penalty,nash,0.4498553886610009,0.5281283736043795,0.7252954488098011,3.2617577973845657,0.40719948691079233,0.09553824315451798,0.39828696034937217,0.02857142857142857,29.538361917481936,0.36050000000000004,0.0030541335548071036
25,burnout_prone,penalty,nash,0.4410304109940224,0.5365430800178563,0.7253629252196021,3.2735969360645543,0.40797871279602754,0.09588410194127733,0.3981978905387731,0.02857142857142857,28.953053363496217,0.36050000000000004,0.0032040203641203746
26,burnout_prone,penalty,nash,0.43123189334690293,0.5417772659664402,0.7381658282450362,3.286227224376111,0.4088076340898682,0.09625306928774695,0.3981035149569683,0.02857142857142857,28.35097352560266,0.36050000000000004,0.0035109453890057596
27,burnout_prone,penalty,nash,0.4218166388176578,0.5484194805807461,0.7445246625610191,3.3004562758979317,0.4097385607203195,0.0966687369406834,0.3979979836935288,0.02857142857142857,27.743723460198254,0.36050000000000004,0.003743879662844618
28,burnout_prone,penalty,nash,0.41211723281968443,0.5542052587898204,0.7463274139819462,3.3126498582533666,0.410533870581183,0.09703152177980019,0.3976676531198835,0.02857142857142857,27.125376399792714,0.36050000000000004,0.003952716990801242
29,burnout_prone,penalty,nash,0.40261160878963953,0.5581291694450828,0.7371174266283964,3.32901581808039,0.41159779089096216,0.09750526160165983,0.3977410181852643,0.02857142857142857,26.53416526196306,0.36050000000000004,0.004065865754300679
0,burnout_prone,reputation,nash,0.6176231868078286,0.397685644197688,0.4900343669342137,5.928141058720376,0.543686159928988,0.1740752116662399,0.3380799846136393,0.05714285714285714,39.14338604525308,0.10187094092791621,-0.003636574872131204
1,burnout_prone,reputation,nash,0.680725519215146,0.357025788260242,0.5184244858974709,5.8824375105039515,0.5418270537662027,0.17275648113198436,0.338604744418175,0.05714285714285714,42.327003504974826,0.10153144314830012,-0.004246169756031648
2,burnout_prone,reputation,nash,0.7386461875248358,0.3379028546099261,0.5271729163176937,5.836134714338806,0.5399309394669407,0.17142045528966132,0.3391543630729732,0.05714285714285714,44.86028381251978,0.1011852175119419,-0.004949626445888811
3,burnout_prone,reputation,nash,0.7841003408801208,0.32779135959827965,0.5231670992875765,5.796486473700309,0.5382970964058005,0.1702764369404825,0.33963952828772026,0.05714285714285714,46.69531748515965,0.10088690663695746,-0.005585213177875525
4,burnout_prone,reputation,nash,0.817229659629471,0.3197086899273507,0.5236042450269417,5.766987391296267,0.5370752888207055,0.16942526215593717,0.34000533198753935,0.05714285714285714,47.997344130869386,0.10066384117732734,-0.006003053927025048
5,burnout_prone,reputation,nash,0.8412004200132116,0.3144174858549481,0.5431270143672943,5.746270822061206,0.53621405185816,0.16882749927539478,0.34026652235982935,0.08571428571428572,48.909656357846394,0.10050661286214464,-0.0061100086176033575
6,burnout_prone,reputation,nash,0.8581166392237686,0.3174060757690055,0.5566346322166044,5.73165554586012,0.5356048675920418,0.16840578456570232,0.3404613573489872,0.08571428571428572,49.453483132336714,0.10039540343041997,-0.006181810977321511
7,burnout_prone,reputation,nash,0.8675194399246674,0.3240897090679135,0.5677083920858924,5.7215181871613385,0.5351815515709955,0.16811327708934143,0.34060052245493955,0.08571428571428572,49.685844772025064,0.10031812701203288,-0.006183076248456487
8,burnout_prone,reputation,nash,0.8708967658949051,0.3324303052559545,0.5600760278182206,5.715943786718642,0.5349485035066323,0.1679524309660925,0.34067727966415484,0.08571428571428572,49.69027008683639,0.10027558470947014,-0.006281431600774878
9,burnout_prone,reputation,nash,0.869964294909047,0.33565527888407765,0.5814991468910822,5.713951815407118,0.5348651785673377,0.1678949537602148,0.3407047483672059,0.08571428571428572,49.61654671108075,0.1002603740787291,-0.006072866257171183
10,burnout_prone,reputation,nash,0.8682321216334613,0.34491854972775515,0.5913370179286687,5.7145012574068925,0.5348881644099457,0.1679108075993817,0.34069716961236485,0.08571428571428572,49.43504770338307,0.10026457004531766,-0.0059554557760133076
11,burnout_prone,reputation,nash,0.86383553931142,0.35444228998124755,0.6137743448037764,5.715522994593815,0.5349309036665704,0.16794028924803664,0.3406830805049941,0.08571428571428572,49.159784791297255,0.10027237192479883,-0.0057027788502646
12,burnout_prone,reputation,nash,0.8577074576507975,0.3681588616280782,0.6158251639562083,5.718122728942377,0.535039621214101,0.1680153031012291,0.34064725686568864,0.08571428571428572,48.7690024123861,0.10029221794768901,-0.005598634388949808
13,burnout_prone,reputation,nash,0.8489960926587439,0.3780197870982105,0.6404671306559074,5.721761733767054,0.535191729077756,0.16812030448511003,0.340597172680263,0.08571428571428572,48.339521372730914,0.10031998489951184,-0.005287222116967527
14,burnout_prone,reputation,nash,0.8400606214794172,0.3924308287168474,0.6494036610335165,5.72696620053704,0.5354091291147689,0.16827047631589745,0.3405256648421422,0.08571428571428572,47.83918773201295,0.10035967114143406,-0.005098937610477083
15,burnout_prone,reputation,nash,0.8293223735299783,0.4047843243217369,0.6732442702313861,5.732343739653132,0.5356335820902814,0.1684256419809647,0.34045192955173254,0.08571428571428572,47.30077150341726,0.10040064532379864,-0.004781209445076318
16,burnout_prone,reputation,nash,0.8181699581233973,0.42032036321311617,0.70285731588922,5.738860085674084,0.5359053275671637,0.16861366714565915,0.34036298741258664,0.08571428571428572,46.701580484583666,0.1004502533991623,-0.004426387977000568
17,burnout_prone,reputation,nash,0.8055726645064216,0.43953288099318355,0.7130022800604935,5.7456917747202,0.5361899415087975,0.16881079123375475,0.3402738643405996,0.08571428571428572,45.99797936255277,0.10050221134413413,-0.004195724140324986
18,burnout_prone,reputation,nash,0.7906946854449902,0.45498708542653055,0.7012838943335657,5.75348952436236,0.536514450299223,0.16903579026022617,0.34017513148005474,0.05714285714285714,45.25639805885304,0.10056145318453556,-0.004084867435173223
19,burnout_prone,reputation,nash,0.7756604195551928,0.46141284640726016,0.698228749991652,5.762813670987946,0.536901989641652,0.1693048323009988,0.34005746216335786,0.05714285714285714,44.62108145620658,0.1006322029831811,-0.003912790900141516
20,burnout_prone,reputation,nash,0.7637022301621952,0.46459308366587604,0.7112792897298871,5.772367002070961,0.5372985007912826,0.16958048709953494,0.33993831129944585,0.05714285714285714,44.135248883835764,0.10070459203369694,-0.0036697240042808943
21,burnout_prone,reputation,nash,0.7548322326082828,0.47042451729613266,0.7257791703981183,5.780063669604459,0.537617544466513,0.16980256899640514,0.33984266581577915,0.05714285714285714,43.72533862883322,0.10076283922238835,-0.003458675482854945
22,burnout_prone,reputation,nash,0.7469721432770582,0.47838334289620155,0.7293899973724184,5.785830711109776,0.5378563636624084,0.1699689728108825,0.339771185427691,0.05714285714285714,43.322913907860695,0.10080644055750078,-0.0033340668213273084
23,burnout_prone,reputation,nash,0.7389802736937672,0.48450086902960143,0.7479287654766802,5.790983596130337,0.5380695783678161,0.17011765552000885,0.33970745155497717,0.05714285714285714,42.93780300726918,0.10084536768410324,-0.0031109677538954106
24,burnout_prone,reputation,nash,0.7315443012432911,0.49373054777771985,0.7656266633360617,5.796264769021739,0.5382879335247445,0.17027003981896532,0.33964226205816384,0.05714285714285714,42.53024401712411,0.1008852337214902,-0.002906219897036433
25,burnout_prone,reputation,nash,0.723332968151588,0.5046292438240066,0.7680221512438559,5.8012174043085984,0.5384925508619827,0.1704129443535288,0.3395812482217484,0.05714285714285714,42.0685835409382,0.10092259195891566,-0.0027882693610583598
26,burnout_prone,reputation,nash,0.7139897367188536,0.5121470259351907,0.7831641434382476,5.80673094382359,0.5387201666712531,0.17057203328917236,0.3395134609002537,0.05714285714285714,41.60498384288235,0.10096414959126875,-0.00257570679262753
27,burnout_prone,reputation,nash,0.7050893632987268,0.5210930647845955,0.7919050524237007,5.813062708224936,0.5389813339779113,0.17075473138943525,0.3394357907137411,0.05714285714285714,41.136204992461835,0.10101183353684014,-0.0024104109867821855
28,burnout_prone,reputation,nash,0.6959414991731446,0.5290860093423566,0.7961164436741515,5.819153514593843,0.5392323335125092,0.17093047674980225,0.3393612542672402,0.05714285714285714,40.66714582581793,0.10105766160224536,-0.0022675105268616935
29,burnout_prone,reputation,nash,0.6869445850785856,0.5351874985656353,0.7893312900769441,5.825475514378407,0.5394926234237206,0.17111289292425333,0.33928407255709003,0.05714285714285714,40.225776718344065,0.10110518649711643,-0.0021884424463602947
0,burnout_prone,matching_fund,nash,0.5408477602383254,0.4578032215044274,0.4900343669342137,1.840033276983963,0.29319625448424047,0.05281973961883373,0.4098396592689608,0.2571428571428571,35.41692803218482,0.19411254309921397,-0.0008015735173676486
1,burnout_prone,matching_fund,nash,0.5287294732838086,0.4583141275456047,0.5178689938782355,1.8781689182906907,0.29694289948520597,0.05392416797145763,0.40993085710518384,0.2571428571428571,34.82589546399617,0.19817131729510679,-0.00028179400898720175
2,burnout_prone,matching_fund,nash,0.5203674292546231,0.4663387288415084,0.5255303694746131,1.902630564948646,0.299320095181819,0.054632537810151406,0.40998914049498825,0.2571428571428571,34.3114645021383,0.2007745764523064,-8.619272824628155e-05
3,burnout_prone,matching_fund,nash,0.51183075247508,0.4738084328035732,0.5200084714120409,1.9196693732073276,0.3009641278423407,0.055125930684402885,0.41003109657342884,0.2571428571428571,33.79312484202651,0.2025877952651806,-4.109011220765346e-05
4,burnout_prone,matching_fund,nash,0.5033719515738286,0.47700536538606875,0.5186230974706186,1.9372043760691322,0.3026460497840579,0.05563367209650552,0.41007401790252374,0.2571428571428571,33.330731042470084,0.2044537449546578,6.422185031373928e-05
5,burnout_prone,matching_fund,nash,0.49650003572967305,0.47843660469496996,0.5360802263309772,1.9547247748686387,0.30431657221518116,0.056140970957313886,0.41012252149722084,0.2571428571428571,32.96653111393168,0.2063180682681285,0.0003851053083765432
6,burnout_prone,matching_fund,nash,0.49133414068824033,0.48418007774953187,0.5472620747859724,1.969068747304049,0.3056768729676964,0.05655628276973405,0.41016448791690485,0.2571428571428571,32.62851577663803,0.20784433917877262,0.0005867837432796952
7,burnout_prone,matching_fund,nash,0.4857686962362867,0.49115373878827706,0.5558199535448931,1.9799189101415449,0.3067014821173317,0.05687042719849459,0.4101966909314594,0.2571428571428571,32.25293114146136,0.20899881995446762,0.0007648186910547139
8,burnout_prone,matching_fund,nash,0.47948820553413,0.498167436169064,0.5455294913991333,1.9916745543443515,0.3078073960263402,0.05721077985057258,0.41023107797501024,0.2571428571428571,31.838083995094554,0.21024961595085423,0.0007260992420352608
9,burnout_prone,matching_fund,nash,0.472706889366489,0.4997695307648199,0.5642651328081454,2.005025267547577,0.3090581083651073,0.05759730322267436,0.4102695089305195,0.2571428571428571,31.46629689387983,0.21167008934332826,0.0010619992284246482
10,burnout_prone,matching_fund,nash,0.46753190230622865,0.505885300330577,0.5712723949281898,2.019544307925239,0.31041197937716153,0.05801763933510507,0.4103115372243187,0.2571428571428571,31.114558841309027,0.21321482455651114,0.0012083828471169955
11,burnout_prone,matching_fund,nash,0.46181951107206726,0.5118213967380116,0.5908060424203664,2.030698577890821,0.311447677988286,0.05834055459745775,0.4103446584804289,0.2571428571428571,30.73597813554193,0.2144015381456572,0.0015155240803894632
12,burnout_prone,matching_fund,nash,0.45580553633705023,0.5211088763899651,0.5898353001504846,2.043087998877937,0.3125936041782451,0.05869921888405705,0.4103809070784896,0.2571428571428571,30.294436262647565,0.21571962939890965,0.001579081380257863
13,burnout_prone,matching_fund,nash,0.44837847530595254,0.5268625879509486,0.6114419828490397,2.056220845521012,0.31380320891606356,0.05907939512246425,0.4104187226547553,0.2571428571428571,29.82190492545439,0.2171167770750561,0.00193592841990875
14,burnout_prone,matching_fund,nash,0.4412613941588508,0.5364066325242203,0.6172334791930669,2.072569596017608,0.3153017732223724,0.05955265326729456,0.4104649441556205,0.2571428571428571,29.3109662990222,0.2188560007573075,0.0020898478844366686
15,burnout_prone,matching_fund,nash,0.4329876456065754,0.5440871130929685,0.6378980451527507,2.0883751256841405,0.3167429831826672,0.060010172211381045,0.41050875167274814,0.2571428571428571,28.758239104022863,0.22053738287682534,0.0024350244716294656
16,burnout_prone,matching_fund,nash,0.42459520683782137,0.5544829647696389,0.6642432848800242,2.1069264396507275,0.3184251849406614,0.060547155176337915,0.4105593953286333,0.2571428571428571,28.157078036379033,0.22251079527304182,0.002817971619575088
17,burnout_prone,matching_fund,nash,0.415140928167941,0.5681138558847562,0.671012535292834,2.1259454084578833,0.32013939751500453,0.061097655453559496,0.4106104846973109,0.2571428571428571,27.448140824302566,0.22453388379183112,0.00300770272744022
18,burnout_prone,matching_fund,nash,0.4037951506293099,0.5784455329330962,0.6559022081590964,2.1476235203439558,0.32208060996493754,0.06172510067045427,0.4106673058023891,0.2571428571428571,26.66808960342014,0.22683974496391945,0.0030361436221555405
19,burnout_prone,matching_fund,nash,0.39234321959280394,0.580704934114695,0.6495294931586066,2.1740081493645533,0.32442531861677604,0.06248873704019299,0.4107345067735402,0.22857142857142856,25.977310615866227,0.22964610862270923,0.0031876617320102385
20,burnout_prone,matching_fund,nash,0.3837189220032088,0.579955185458708,0.6592929792359209,2.2010686707780485,0.3268099316126238,0.0632718986929716,0.4108024610231298,0.22857142857142856,25.480577927518475,0.23252422769667064,0.0034560540022630093
21,burnout_prone,matching_fund,nash,0.3781027299454981,0.5815896386543142,0.6704677254218928,2.2217459476742047,0.3286184961747051,0.06387029765356603,0.41085360515666247,0.22857142857142856,25.124690357583745,0.23472334387685515,0.003666588489515621
22,burnout_prone,matching_fund,nash,0.373679589395962,0.5853187815094915,0.6707125134302783,2.2353543959776325,0.32980245411749515,0.06426411385237801,0.4108868821396512,0.22857142857142856,24.8105773955693,0.23617061840748918,0.0037383922700801042
23,burnout_prone,matching_fund,nash,0.36931608373748814,0.5876131084676088,0.6858897744872149,2.2461538423598952,0.3307384854298928,0.06457663374918794,0.4109129209232074,0.22857142857142856,24.51791983153082,0.23731912902826569,0.003971380173792283
24,burnout_prone,matching_fund,nash,0.3655090979687464,0.5928588482365489,0.7001728670385184,2.2568799310879832,0.33166508123459526,0.06488702530490656,0.4109384651911736,0.22857142857142856,24.217781093992624,0.23845981799553162,0.00416259575712119
25,burnout_prone,matching_fund,nash,0.361019218245952,0.5998000542323061,0.6991081279542487,2.266297773775694,0.3324761488925639,0.06515955437672089,0.4109606369918992,0.22857142857142856,23.852771482273575,0.23946136233444926,0.00421429331387746
26,burnout_prone,matching_fund,nash,0.3554516558013435,0.6038092554956827,0.7108044204768679,2.277477954192001,0.3334359591523236,0.0654830757809902,0.41098665090864905,0.22857142857142856,23.45865117709184,0.240650303495139,0.00443202052341618
27,burnout_prone,matching_fund,nash,0.35020207102017464,0.6091294261778076,0.7160654463347372,2.291453721353316,0.3346311744062454,0.06588748510960324,0.4110187093219735,0.22857142857142856,23.063067751476748,0.2421365077777919,0.004567791388750186
28,burnout_prone,matching_fund,nash,0.3446969862436185,0.6136432235996869,0.7167881960374202,2.3047476732592003,0.3357633801253182,0.06627215685812432,0.4110487383555199,0.22857142857142856,22.659773766135068,0.24355017645360688,0.004674874937973028
29,burnout_prone,matching_fund,nash,0.33930655874361365,0.6164560652989013,0.7065214070650669,2.3188131059131356,0.3369563425992497,0.0666791434010213,0.41108002624589224,0.22857142857142856,22.283035609923658,0.24504585199875326,0.004684851977509674
0,burnout_prone,threshold_governance,nash,0.5519939892653289,0.39373180475050173,0.4900343669342137,2.49925190477615,0.3518271576255974,0.07259972759865375,0.4083904907385434,0.14285714285714285,33.865101117400656,3.027,-0.0004795421043315429
1,burnout_prone,threshold_governance,nash,0.5698190509240811,0.3496179232597938,0.5181945971123808,2.510253790456321,0.35270890596741766,0.07291859434587655,0.408190232325617,0.14285714285714285,35.27088994356529,3.027,-0.00033655529943743545
2,burnout_prone,threshold_governance,nash,0.599118218324315,0.3280490093228996,0.5265323930569674,2.485885445299001,0.3507521624231964,0.07221232265132937,0.4086360635579678,0.14285714285714285,36.87389298429748,3.027,-0.0006889097779219089
3,burnout_prone,threshold_governance,nash,0.6288540636178919,0.3164808663925351,0.5219989448990348,2.446784435872618,0.3475836412478362,0.07107900571957677,0.4093836103870607,0.14285714285714285,38.321396983611905,3.027,-0.0012149568068833272
4,burnout_prone,threshold_governance,nash,0.655209665973478,0.30765768974408736,0.521848440354846,2.408201361206978,0.3444216590516397,0.06996064351189073,0.41015983222028063,0.17142857142857143,39.54553314296532,3.0324,-0.0016094478129982104
5,burnout_prone,threshold_governance,nash,0.6779643980721076,0.30210674289267475,0.5407505909275536,2.374836817214944,0.34165835295856806,0.06899349733673474,0.410861902843783,0.17142857142857143,40.55470529875335,3.0324,-0.0016830522501305456
6,burnout_prone,threshold_governance,nash,0.696798599771138,0.30518682451581464,0.5536021915117235,2.34660058943516,0.339298354969823,0.06817497155689323,0.4114992954629677,0.2,41.266116494568415,3.0378,-0.0017927726413409228
7,burnout_prone,threshold_governance,nash,0.7095779359229112,0.31212268415125133,0.5640023692134906,2.323595827190546,0.3373608384754043,0.0675080735233575,0.4120293823302985,0.2,41.68032857111094,3.0378,-0.0018475478871631257
8,burnout_prone,threshold_governance,nash,0.7164803878272668,0.3207106030633767,0.5556873866192971,2.308163054737853,0.3360535224976189,0.06706067155993703,0.4123909612099499,0.2,41.837415523303335,3.0378,-0.0020542310500886174
9,burnout_prone,threshold_governance,nash,0.7184575640049962,0.3240112156490234,0.5764403857582208,2.2998838522505065,0.3353496724010488,0.0668206500861727,0.41258704255505685,0.2,41.87136326552635,3.0378,-0.0018218185187517388
10,burnout_prone,threshold_governance,nash,0.7187202551755335,0.33322928366192706,0.5855878559298977,2.297519404483161,0.33514833647683817,0.06675210208681066,0.4126432856371689,0.2,41.75944522605604,3.0378,-0.0017269314551480175
11,burnout_prone,threshold_governance,nash,0.715594486937687,0.3425550185644481,0.607324053936912,2.2972054946115112,0.3351215957720098,0.06674300146833469,0.4126507608100183,0.2,41.51423440514198,3.0378,-0.0014381281212456631
12,burnout_prone,threshold_governance,nash,0.7099433248039273,0.35594409205474986,0.608647924697301,2.300944292163689,0.3354399234386048,0.06685139335249624,0.4125618532698758,0.2,41.11551380188133,3.0378,-0.0013604786777516864
13,burnout_prone,threshold_governance,nash,0.7009731454166268,0.3652775647690135,0.6325556097387085,2.3077238104748052,0.33601622475148674,0.06704793755111259,0.4124013307904,0.2,40.63816463804798,3.0378,-0.0009758686808696293
14,burnout_prone,threshold_governance,nash,0.6910178250547068,0.3790331851273434,0.6407250962569971,2.3185392775952756,0.33693316608901164,0.06736148334591113,0.4121472264746999,0.2,40.059087162730705,3.0378,-0.0007677262008745078
15,burnout_prone,threshold_governance,nash,0.6787350545919235,0.39057727033997186,0.6637791975462387,2.33062294638606,0.3379540983374147,0.06771178901839749,0.41186641392035916,0.2,39.41119819785818,3.0378,-0.00036419644983087807
16,burnout_prone,threshold_governance,nash,0.6655183163840556,0.4052093543448178,0.6925691656339722,2.345652962589895,0.339218806921046,0.06814750070706856,0.41152093758406294,0.2,38.67732173653989,3.0378,8.956171549556746e-05
17,burnout_prone,threshold_governance,nash,0.6504807310024695,0.4234709938426159,0.7018462623033915,2.3619824320134,0.340586435111377,0.06862087211556532,0.4111502910853919,0.17142857142857143,37.81715433144776,3.0324,0.0003641710670369003
18,burnout_prone,threshold_governance,nash,0.6327649025945247,0.4378399211382343,0.6892336702242708,2.380769391731413,0.34215168979824434,0.06916546959610681,0.410729795709708,0.17142857142857143,36.87929057918877,3.0324,0.0004865731333760781
19,burnout_prone,threshold_governance,nash,0.614430928306076,0.44293038978309696,0.68527958678667,2.4032031263665647,0.3440094242772059,0.06981576129354701,0.41026210711827527,0.17142857142857143,36.022744661015835,3.0324,0.0007326041134230188
20,burnout_prone,threshold_governance,nash,0.5989377322995668,0.4446040242321311,0.6974159380538424,2.4267849443736322,0.34594907540824477,0.07049931120522887,0.4097830576872674,0.17142857142857143,35.320513516100526,3.0324,0.0011003490461169996
21,burnout_prone,threshold_governance,nash,0.5867592361298405,0.4489373231724744,0.7109681890662295,2.4470218830776878,0.34760299087246604,0.0710858881443259,0.40937890488906503,0.14285714285714285,34.72516775613919,3.027,0.0014182516915642873
22,burnout_prone,threshold_governance,nash,0.5760792637059168,0.45548726530567135,0.7135970118752977,2.4631397291735295,0.34891333132154084,0.07155306008886,0.4090632077536751,0.14285714285714285,34.15571641105775,3.027,0.0016017886542303295
23,burnout_prone,threshold_governance,nash,0.5657085329627624,0.4602293382722799,0.7311332659160918,2.4774343496003195,0.35007035542911363,0.07196737807547784,0.4087939048158322,0.14285714285714285,33.61861384044428,3.027,0.0019326415629178362
24,burnout_prone,threshold_governance,nash,0.5562072811762206,0.4682026354041225,0.7477934297823693,2.4914642832327125,0.3512013398325285,0.07237401693461927,0.4085332484971895,0.14285714285714285,33.07310749756664,3.027,0.0022227218753384514
25,burnout_prone,threshold_governance,nash,0.5461846957287106,0.47795391355023636,0.7491179325249855,2.5044520832298858,0.35224427195050134,0.07275044449122761,0.4082956297125797,0.14285714285714285,32.474655104720846,3.027,0.002376270542085668
26,burnout_prone,threshold_governance,nash,0.5351176457844514,0.48428805989446994,0.7631737374972316,2.5182969053404904,0.3533517760863812,0.07315170450910088,0.40804487240925913,0.14285714285714285,31.866103544622824,3.027,0.002683101095407703
27,burnout_prone,threshold_governance,nash,0.5244790611120138,0.4920862357470786,0.7707993985259614,2.533763562976146,0.3545838753587326,0.07359996152164579,0.4077677919988367,0.14285714285714285,31.251375920469982,3.027,0.002914981246805559
28,burnout_prone,threshold_governance,nash,0.5136229931689174,0.49892350950256686,0.7738734546324306,2.548815898470247,0.3557778020125873,0.07403620244025849,0.4075011747067683,0.11428571428571428,30.637431099002512,3.0216,0.003119056957482935
29,burnout_prone,threshold_governance,nash,0.5029341923039223,0.5038194633078948,0.7659341170769641,2.5643703194989227,0.3570062447700551,0.07448698627233792,0.407228761084653,0.11428571428571428,30.04479174342891,3.0216,0.0032339164089552064
0,burnout_prone,combined_portfolio,nash,0.7130251113982744,0.34512431628793944,0.4900343669342137,7.34718635908476,0.596025026219607,0.21573529708828604,0.34577330651292937,0.0,39.61688454180074,3.85045713115359,-0.0059130958262263444
1,burnout_prone,combined_portfolio,nash,0.8492928444612154,0.26780430605016825,0.5190167455674161,7.229371846366719,0.5920322377636795,0.2123298695718059,0.34601799253598897,0.0,45.68267191599139,3.8281961771941697,-0.007411707764810371
2,burnout_prone,combined_portfolio,nash,0.9530196273083803,0.22390002803510903,0.5288647296151097,7.143365454155317,0.5890811780907163,0.20987037357675917,0.3459438306262166,0.0,49.710409144501014,3.8121147202602224,-0.008580593874655706
3,burnout_prone,combined_portfolio,nash,1.0210854372537412,0.1972222486920075,0.5263003490950682,7.084559783162648,0.587045436391783,0.20816916066934402,0.3459377255406477,0.0,52.17371285345479,3.8009893225354183,-0.009402759009650818
4,burnout_prone,combined_portfolio,nash,1.0623797748456258,0.17801378185420272,0.5283648250865411,7.046537448889273,0.5857212771042564,0.20706490684131304,0.34609630441852524,0.0,53.656926469348484,3.793766966635567,-0.009868678176900847
5,burnout_prone,combined_portfolio,nash,1.0875273690143477,0.16557190881505995,0.5496334902240375,7.024317610804877,0.584944553072483,0.206422804467313,0.3461871770341536,0.0,54.55141713295077,3.789566982808009,-0.009970814486201629
6,burnout_prone,combined_portfolio,nash,1.1027424724879151,0.1649922451023833,0.5650232016489307,7.011046971848796,0.5844796336877145,0.20603931280744245,0.3462458733312621,0.0,54.9938675305444,3.7870584546470996,-0.009994640491124196
7,burnout_prone,combined_portfolio,nash,1.1093175379831512,0.17042712133720156,0.5780700065999533,7.003941355669941,0.5842303810822503,0.2058405167656221,0.34621067425104557,0.0,55.1086872033516,3.7857580394917196,-0.009936855202486994
8,burnout_prone,combined_portfolio,nash,1.110065868170064,0.1790820039480497,0.5724783127109402,6.998656151607375,0.5840448418078547,0.2056734021529892,0.3463969550780388,0.0,55.01737297021254,3.7846648491430885,-0.009968772816940641
9,burnout_prone,combined_portfolio,nash,1.1072581977382587,0.18292251180322838,0.5959422587201348,6.998268793626748,0.5840312386242149,0.2056622083524101,0.3463987220968756,0.0,54.888296659574365,3.784591623637647,-0.0097352751088291
10,burnout_prone,combined_portfolio,nash,1.1047269281262366,0.19422151726112,0.607916224534688,7.001011210430949,0.5841275322604006,0.20575131103185887,0.346269374481339,0.0,54.6661159877413,3.785174496812691,-0.009586169453503768
11,burnout_prone,combined_portfolio,nash,1.0996170716703402,0.206271005217195,0.6325449501820218,7.002910772224177,0.58419421164183,0.2058107351697931,0.3462153608602856,0.0,54.36203053966403,3.785563222572468,-0.009315080744861648
12,burnout_prone,combined_portfolio,nash,1.0931589646674835,0.22335284272259495,0.6368794504355058,7.005566706152099,0.5842874150517133,0.2058874858154592,0.3462032862702449,0.0,53.9523064527779,3.786065287443863,-0.009177611197231483
13,burnout_prone,combined_portfolio,nash,1.0843075091142427,0.23631059679461533,0.6638294523586467,7.008100694750256,0.5843763102731234,0.20595417195335644,0.346259154341374,0.0,53.52877848883778,3.7865015124849704,-0.008862618883676454
14,burnout_prone,combined_portfolio,nash,1.075917429314229,0.25451325870862856,0.6751703969159246,7.012735636640641,0.5845388365856824,0.2060881114530712,0.34623826731417906,0.0,53.04604841128737,3.7873776652272344,-0.008659852333529283
15,burnout_prone,combined_portfolio,nash,1.0658015915152441,0.27047320548505166,0.7014613953907286,7.017150155111606,0.5846935462633056,0.20621568115384045,0.3462184043139882,0.0,52.542102036226176,3.7882121408303098,-0.008347855085672817
16,burnout_prone,combined_portfolio,nash,1.0557191550088967,0.29003008734964364,0.7336168636275906,7.022500680697374,0.5848809447637311,0.20637029929557604,0.3461950594052572,0.0,51.98872291019519,3.7892235365683016,-0.008005088103332891
17,burnout_prone,combined_portfolio,nash,1.0443113873012586,0.31367380325707966,0.7464116251110936,7.027864667400719,0.5850686893169619,0.20652530635734279,0.34617180301199335,0.0,51.3401383688677,3.7902374624170694,-0.007770193420280513
18,burnout_prone,combined_portfolio,nash,1.0308043855159303,0.33306950820606823,0.7373878088220107,7.033972159617827,0.5852823045865545,0.20670179895135163,0.34614591141166207,0.0,50.68276163468517,3.7913919116140784,-0.007650111338230126
19,burnout_prone,combined_portfolio,nash,1.0178334383089933,0.34240235223701426,0.7370110922791259,7.041257744018275,0.5855369124371743,0.2069123355937583,0.34611619220222134,0.0,50.170295243665706,3.7927690215296517,-0.007499320504522178
20,burnout_prone,combined_portfolio,nash,1.0086472240316655,0.34819478607184745,0.7527619835868418,7.048311191165897,0.585783188156074,0.20711616387023796,0.34608999360995907,0.0,49.814951797437494,3.7941022279807823,-0.007300582110474352
21,burnout_prone,combined_portfolio,nash,1.002385304428655,0.35699566556872747,0.7700390339971532,7.052761344281419,0.5859384571426748,0.20724550852015072,0.34611928049606644,0.0,49.50735893886707,3.7949482371512326,-0.007123592017430402
22,burnout_prone,combined_portfolio,nash,0.9963459569665551,0.36815495430258677,0.7765051794958171,7.055554077664116,0.5860358537694109,0.20732702375020018,0.34616142154745444,0.0,49.17508282186242,3.795481401781159,-0.007008534289616231
23,burnout_prone,combined_portfolio,nash,0.9895492893446375,0.3772430939009683,0.7979391078424967,7.05889392779023,0.5861522867757587,0.20742353402279187,0.34614881008324416,0.0,48.84606796292355,3.796112639171673,-0.006808558368395223
24,burnout_prone,combined_portfolio,nash,0.9831161516267752,0.3897565742263667,0.8186135779506492,7.061237283924726,0.5862339514599012,0.2074930023277466,0.3462533369162615,0.0,48.48211599729263,3.796567001911024,-0.006617929335492656
25,burnout_prone,combined_portfolio,nash,0.975613607197112,0.40403207584925055,0.8240597159998614,7.064828655805318,0.586359062753294,0.20759677634606608,0.3462394684088643,0.0,48.060168839527215,3.7972457386200995,-0.006494747459829142
26,burnout_prone,combined_portfolio,nash,0.9669553901128863,0.414512907950564,0.8422784854345182,7.069036572079496,0.5865055815134659,0.20771836559999374,0.34622324109327063,0.0,47.65105001605551,3.798040988488241,-0.006300616171165396
27,burnout_prone,combined_portfolio,nash,0.9591118893989613,0.4265243885559192,0.854161732060738,7.075942741992726,0.5867458873686404,0.20792103477784266,0.3460271155259793,0.0,47.24381675330698,3.7993665196716515,-0.006148385967075898
28,burnout_prone,combined_portfolio,nash,0.9510603774728699,0.43744724173777155,0.8615634956371918,7.081092291732276,0.5869249364781485,0.20806896050543242,0.3459505391540616,0.0,46.84385524543152,3.8003339936577882,-0.006017006384088974
29,burnout_prone,combined_portfolio,nash,0.9432659944519174,0.446287476181655,0.8580052077799629,7.0856780734479905,0.587084287436773,0.20820147591770008,0.3459335963781345,0.0,46.478312841599625,3.801200669424394,-0.0059411885481670534
