time,scenario,policy,mode,G,H,D,Q,Q_norm,avg_effort,effort_gini,free_riding_ratio,welfare,policy_cost,stability_score
0,small_volunteer,baseline,nash,0.7432682241255342,0.0,0.2958932971674571,2.6877507097248126,0.3661469521655694,0.07352401307796233,0.44161837894636324,0.22857142857142856,46.94077513293683,0.0,-0.005429825960497681
1,small_volunteer,baseline,nash,0.8831764790734529,0.0,0.303119811699779,2.2714266610858243,0.3325374684747006,0.062137200963479584,0.4324850259510076,0.2571428571428571,51.609750233978694,0.0,-0.006522807158210631
2,small_volunteer,baseline,nash,0.974261581118562,0.0,0.2967674854541097,1.9298446186005827,0.3015972443067799,0.052794135124907944,0.4236353858484041,0.2857142857142857,54.35861768382392,0.0,-0.007347191834542688
3,small_volunteer,baseline,nash,1.0337089270227995,0.0,0.3048566313981999,1.7059533439505892,0.2792933999835192,0.046669850350777635,0.4167367412168561,0.3142857142857143,56.045575166414835,0.0,-0.007712706451141749
4,small_volunteer,baseline,nash,1.0729704015849086,0.0,0.29721664354213356,1.5562536932912745,0.26332580894162266,0.04257480326892775,0.41250238246752446,0.3142857142857143,57.11769499438926,0.0,-0.008118295526303942
5,small_volunteer,baseline,nash,1.0992584145759747,0.0,0.29759609949644944,1.4548522684015164,0.25196945013333055,0.03980085748205868,0.4102793987811171,0.37142857142857144,57.81797365327717,0.0,-0.008313881059509587
6,small_volunteer,baseline,nash,1.1170781312461024,0.0,0.3108947390136625,1.3854841307541725,0.24392708898803664,0.03790316416152548,0.4088841440510329,0.37142857142857144,58.28495976999277,0.0,-0.008272236394220034
7,small_volunteer,baseline,nash,1.1292785225216646,0.0,0.3027768071707921,1.3376664611651163,0.23824587955191406,0.036594996509605175,0.40818785382240774,0.37142857142857144,58.60118397870858,0.0,-0.008469711997483476
8,small_volunteer,baseline,nash,1.137695704567167,0.0,0.30318719666844074,1.3045133329877425,0.23423832644194686,0.03568799897742911,0.4078335690963155,0.37142857142857144,58.817719724082025,0.0,-0.008526136307880794
9,small_volunteer,baseline,nash,1.1435359163673902,0.0,0.3005179065254152,1.2814287903552772,0.23141366943240557,0.03505644912623958,0.40764679723029307,0.37142857142857144,58.96718833096172,0.0,-0.008604209418228814
10,small_volunteer,baseline,nash,1.1476049626715576,0.0,0.30389598709543764,1.2653046244604818,0.22942368841305485,0.034615318670381014,0.4075442138643952,0.37142857142857144,59.07095590705407,0.0,-0.008588889621693685
11,small_volunteer,baseline,nash,1.1504484851636068,0.0,0.29788755024984637,1.2540166722416366,0.22802212679964515,0.034306497269609965,0.40747786943958153,0.37142857142857144,59.1432904021441,0.0,-0.008689414321217503
12,small_volunteer,baseline,nash,1.1524398518497503,0.0,0.30484310962771904,1.2461015630607746,0.2270351594627089,0.03408995091829691,0.40743393090317426,0.37142857142857144,59.19385956133621,0.0,-0.008611238103875207
13,small_volunteer,baseline,nash,1.1538365689076482,0.0,0.3141242919779505,1.240545074308078,0.22634021813092228,0.03393793270314276,0.40741144567247844,0.37142857142857144,59.229284978838834,0.0,-0.008498551015089006
14,small_volunteer,baseline,nash,1.1548172681435374,0.0,0.31575042884308596,1.2366411593599662,0.22585093004068363,0.03383112651733643,0.40740341858360685,0.37142857142857144,59.25413760083448,0.0,-0.008484161052893624
15,small_volunteer,baseline,nash,1.1555063900958873,0.0,0.32138926137399326,1.2338967259602158,0.22550645138478057,0.033756042177184434,0.4073977711540415,0.37142857142857144,59.271590702580774,0.0,-0.00841504263576165
16,small_volunteer,baseline,nash,1.1559908876159546,0.0,0.3241123106098969,1.2319666094248618,0.22526393143103451,0.03370323649751536,0.4073937916410122,0.37142857142857144,59.28385621057293,0.0,-0.008382857363496532
17,small_volunteer,baseline,nash,1.1563316511194348,0.0,0.32119185458907024,1.2306087950524007,0.2250931957881222,0.03366608829433741,0.4073909882478559,0.4,59.2924804086837,0.0,-0.008423513169963703
18,small_volunteer,baseline,nash,1.1565713862630258,0.0,0.3151116314707104,1.2296533929613536,0.2249729983662752,0.03363994960461636,0.4073924355927412,0.4,59.298546474259204,0.0,-0.008505106757369152
19,small_volunteer,baseline,nash,1.156740077641296,0.0,0.31361909712635366,1.228981044116706,0.22488838048496332,0.03362155491599867,0.4073938354420643,0.4,59.302814281473864,0.0,-0.008525981576084973
20,small_volunteer,baseline,nash,1.1568587944574067,0.0,0.3197498615037253,1.2285078413043504,0.22482881065002366,0.033608608629861855,0.40739482234961644,0.4,59.30581744840738,0.0,-0.008446179683871735
21,small_volunteer,baseline,nash,1.156942349482248,0.0,0.32609883956858143,1.2281747746955345,0.22478687448272006,0.03359949630792626,0.4073955178267743,0.4,59.30793097816618,0.0,-0.008363673603298594
22,small_volunteer,baseline,nash,1.1570011609157855,0.0,0.33904164784320207,1.2279403319517879,0.22475735221310664,0.033593082221492994,0.40739600778204377,0.4,59.30941854139202,0.0,-0.008195994154238884
23,small_volunteer,baseline,nash,1.1570425581457937,0.0,0.34477689113761834,1.2277753038387413,0.224736569137633,0.03358856723990319,0.40739635287533105,0.4,59.310465596106646,0.0,-0.008122356528698527
24,small_volunteer,baseline,nash,1.1570716985190355,0.0,0.35137410170055355,1.2276591349209782,0.22472193829857304,0.03358538899016724,0.407396595900245,0.4,59.31120262114518,0.0,-0.008037939808757999
25,small_volunteer,baseline,nash,1.1570922115111915,0.0,0.36354901632916825,1.2275773582160419,0.2247116385127927,0.03358315167224318,0.4073967670273384,0.4,59.311721431253964,0.0,-0.007883084734048973
26,small_volunteer,baseline,nash,1.157106651604914,0.0,0.3691334902115746,1.2275197910751583,0.22470438769772497,0.033581576700494234,0.40739688751821235,0.4,59.31208664237663,0.0,-0.007812592227394832
27,small_volunteer,baseline,nash,1.1571168168067112,0.0,0.3740293606392417,1.2274792660299783,0.22469928329139896,0.033580467981151094,0.4073969723515558,0.4,59.31234373295689,0.0,-0.007751032120726364
28,small_volunteer,baseline,nash,1.157123972727315,0.0,0.3783386687801532,1.2274507377869104,0.22469568990856859,0.033579687480716214,0.40739703207747757,0.4,59.31252471395605,0.0,-0.007697033038949863
29,small_volunteer,baseline,nash,1.1571290102555993,0.0,0.3839237135518827,1.2274306547944536,0.2246931602516398,0.033579138032771856,0.4073970741257136,0.4,59.31265211795824,0.0,-0.007627293093139809
0,small_volunteer,subsidy,nash,0.9236766450332672,0.0,0.2958932971674571,10.508814465940501,0.6854613067001968,0.2911771240611452,0.3808184229659566,0.0,49.7819587684639,2.0382398684280165,-0.007306194459322679
1,small_volunteer,subsidy,nash,1.1264210044826042,0.0,0.3035468648397723,10.159227761814876,0.6768067530432414,0.28146277162829436,0.3847675011397098,0.0,55.55851457690701,1.9702394013980609,-0.008913532094970034
2,small_volunteer,subsidy,nash,1.1949094600906194,0.0,0.2977899530175905,9.992220545927792,0.6725760680947805,0.2768220259075273,0.38716697578889936,0.0,57.345555142793124,1.9377541813526908,-0.00955053203947176
3,small_volunteer,subsidy,nash,1.2126618908294333,0.0,0.3064168118109551,9.933455610361776,0.6710721102757847,0.2752041620616573,0.3876503350468299,0.0,57.80137858508688,1.9264291344316016,-0.009596170390329783
4,small_volunteer,subsidy,nash,1.2168262203214417,0.0,0.2992346404289733,9.918303981111041,0.6706830272024797,0.27478743381538995,0.3877663679495331,0.0,57.90806570564248,1.9235120367077299,-0.009714985185623082
5,small_volunteer,subsidy,nash,1.2177771077455288,0.0,0.299983863531823,9.91476410731753,0.6705920479508563,0.2746900737135082,0.3877935267592636,0.0,57.93241737358406,1.9228305159945576,-0.009714033143975342
6,small_volunteer,subsidy,nash,1.217992850940775,0.0,0.31359748182666275,9.91395656007808,0.67057128882793,0.27466786307245017,0.38779972512745786,0.0,57.937942044403655,1.9226750415071514,-0.00955651510302813
7,small_volunteer,subsidy,nash,1.2180417281035298,0.0,0.30576768716997454,9.913772947159146,0.6705665685886085,0.2746628140453485,0.38780110829785075,0.0,57.939193805726475,1.9226396983174394,-0.009648321454451159
8,small_volunteer,subsidy,nash,1.218052797652217,0.0,0.3064341878406045,9.913731332082412,0.6705654987556708,0.2746616697507563,0.3878014206305629,0.0,57.939477306570716,1.922631688255294,-0.009640609478843043
9,small_volunteer,subsidy,nash,1.2180553044607092,0.0,0.3040044316499963,9.91372190732999,0.6705652564652573,0.27466141059724664,0.3878014913662957,0.0,57.93954150808628,1.9226298741807266,-0.009669099536537828
10,small_volunteer,subsidy,nash,1.2180558721425436,0.0,0.3076095878479369,9.913719773007042,0.6705652015963081,0.2746613519095212,0.38780150738507957,0.0,57.939556046902545,1.9226294633666487,-0.00962688349684715
11,small_volunteer,subsidy,nash,1.2180560006970074,0.0,0.3018234703803863,9.91371928967706,0.6705651891709102,0.2746613386193408,0.38780151101262805,0.0,57.93955933929194,1.9226293703353854,-0.009694708604738977
12,small_volunteer,subsidy,nash,1.2180560298087997,0.0,0.30899424230529315,9.913719180224518,0.6705651863571155,0.2746613356097116,0.38780151183410516,0.0,57.93956008486976,1.922629349267981,-0.009610702465272736
13,small_volunteer,subsidy,nash,1.218056036401307,0.0,0.31849250080158986,9.91371915543845,0.6705651857199176,0.27466133492816625,0.3878015120201326,0.0,57.939560253709494,1.9226293444971632,-0.00950019773112154
14,small_volunteer,subsidy,nash,1.2180560378942127,0.0,0.3203400594450882,9.913719149825528,0.6705651855756214,0.27466133477382687,0.38780151206225955,0.0,57.93956029194407,1.9226293434167887,-0.009478803861156626
15,small_volunteer,subsidy,nash,1.2180560382322885,0.0,0.3262017152658816,9.913719148554453,0.6705651855429446,0.2746613347388761,0.38780151207179925,0.0,57.93956030060247,1.9226293431721324,-0.009411144915814296
16,small_volunteer,subsidy,nash,1.2180560383088475,0.0,0.3291517313072367,9.913719148266614,0.6705651855355449,0.27466133473096127,0.3878015120739595,0.0,57.939560302563216,1.922629343116729,-0.00937721790679058
17,small_volunteer,subsidy,nash,1.2180560383261845,0.0,0.32646146797887454,9.913719148201428,0.6705651855338691,0.2746613347291689,0.3878015120744487,0.0,57.93956030300724,1.9226293431041825,-0.00940815427541919
18,small_volunteer,subsidy,nash,1.2180560383301104,0.0,0.32061227575254914,9.913719148186667,0.6705651855334895,0.2746613347287631,0.3878015120745595,0.0,57.93956030310778,1.9226293431013415,-0.009475654493100505
19,small_volunteer,subsidy,nash,1.2180560383309997,0.0,0.3193503409613635,9.913719148183326,0.6705651855334037,0.27466133472867116,0.38780151207458435,0.0,57.93956030313058,1.922629343100698,-0.009490260275984985
20,small_volunteer,subsidy,nash,1.218056038331201,0.0,0.3257137169732058,9.913719148182567,0.6705651855333843,0.27466133472865034,0.3878015120745901,0.0,57.93956030313572,1.9226293431005523,-0.009416765182362896
21,small_volunteer,subsidy,nash,1.2180560383312464,0.0,0.33230120742329494,9.913719148182398,0.67056518553338,0.2746613347286457,0.38780151207459124,0.0,57.939560303136886,1.9226293431005193,-0.009341088165637723
22,small_volunteer,subsidy,nash,1.2180560383312569,0.0,0.34548869664639686,9.913719148182357,0.6705651855333788,0.27466133472864457,0.3878015120745917,0.0,57.93956030313714,1.9226293431005121,-0.009190820865940807
23,small_volunteer,subsidy,nash,1.218056038331259,0.0,0.35147815223980144,9.91371914818235,0.6705651855333786,0.27466133472864435,0.3878015120745921,0.0,57.9395603031372,1.9226293431005104,-0.009123109578462962
24,small_volunteer,subsidy,nash,1.2180560383312595,0.0,0.3583357562436716,9.913719148182347,0.6705651855333785,0.2746613347286443,0.3878015120745919,0.0,57.93956030313721,1.9226293431005101,-0.00904599142071616
25,small_volunteer,subsidy,nash,1.2180560383312597,0.0,0.3707777815142375,9.913719148182347,0.6705651855333785,0.2746613347286443,0.3878015120745919,0.0,57.93956030313723,1.9226293431005101,-0.008907173349579134
26,small_volunteer,subsidy,nash,1.21805603833126,0.0,0.37663891750022765,9.913719148182347,0.6705651855333785,0.2746613347286443,0.3878015120745921,0.0,57.93956030313723,1.9226293431005101,-0.008842266545527888
27,small_volunteer,subsidy,nash,1.21805603833126,0.0,0.3818179335640713,9.913719148182347,0.6705651855333785,0.2746613347286443,0.3878015120745921,0.0,57.93956030313723,1.9226293431005101,-0.008785170900190264
28,small_volunteer,subsidy,nash,1.21805603833126,0.0,0.3864166358074481,9.913719148182347,0.6705651855333785,0.2746613347286443,0.3878015120745921,0.0,57.93956030313723,1.9226293431005101,-0.008734674035635992
29,small_volunteer,subsidy,nash,1.21805603833126,0.0,0.39229713143210004,9.913719148182347,0.6705651855333785,0.2746613347286443,0.3878015120745921,0.0,57.93956030313723,1.9226293431005101,-0.00867037628224554
0,small_volunteer,penalty,nash,0.8295033303852108,0.0,0.2958932971674571,5.35362864132787,0.5187790031251893,0.1514266415363084,0.47005910866811806,0.0,49.21779442629797,0.35000000000000003,-0.006391682486364347
1,small_volunteer,penalty,nash,1.0152527265140419,0.0,0.30332394281916103,4.988306183240008,0.502164423568866,0.14133100659352105,0.46942217238211237,0.0,54.87108123418245,0.35000000000000003,-0.007879484834949047
2,small_volunteer,penalty,nash,1.1153865436183792,0.0,0.297294370473407,4.765275294736539,0.4915152409872898,0.1350252144133607,0.4701243274009217,0.0,57.59782731656873,0.35000000000000003,-0.008793068304538076
3,small_volunteer,penalty,nash,1.1641775275280812,0.0,0.3057253758033059,4.624361020721788,0.48457240927728595,0.13121701349281656,0.47137924968579026,0.0,58.85723549540563,0.35000000000000003,-0.009096887709130419
4,small_volunteer,penalty,nash,1.186797744367276,0.0,0.29841514765099497,4.549270110874178,0.4808013017002775,0.12913685200705952,0.47184320895285703,0.0,59.4282309206682,0.35000000000000003,-0.009372784099569875
5,small_volunteer,penalty,nash,1.1970657837416232,0.0,0.29908142772365115,4.516573398717763,0.47914328015149493,0.1282432114223971,0.4721168029266094,0.0,59.68425119521476,0.35000000000000003,-0.00944977322659879
6,small_volunteer,penalty,nash,1.2016790173727796,0.0,0.31263308957108593,4.501752266823705,0.47838847409462576,0.12783813137837005,0.47224183868763814,0.0,59.798709887932986,0.35000000000000003,-0.009324909428767292
7,small_volunteer,penalty,nash,1.203742049745784,0.0,0.3047492384088642,4.495097049355248,0.4780488774605934,0.1276562358431236,0.4722981929193082,0.0,59.84978299248327,0.35000000000000003,-0.009436634362957497
8,small_volunteer,penalty,nash,1.2046627177209026,0.0,0.30536687865102585,4.4921215172782,0.47789691153133657,0.12757491075075375,0.47232343080168504,0.0,59.8725529598789,0.35000000000000003,-0.009436823365301494
9,small_volunteer,penalty,nash,1.2050732019748154,0.0,0.3028897418167966,4.490793757942777,0.4778290738369057,0.12753862138686445,0.47233470099635344,0.0,59.88270061319929,0.35000000000000003,-0.009470064637509656
10,small_volunteer,penalty,nash,1.2052561425323376,0.0,0.3064481200591297,4.49020179530684,0.4777988240773407,0.12752244228849333,0.4723397273245684,0.0,59.88722223609472,0.35000000000000003,-0.00942873128217725
11,small_volunteer,penalty,nash,1.2053376586103728,0.0,0.3006146592345297,4.489937980241147,0.47778534186783367,0.12751523188404498,0.47234196769878656,0.0,59.88923684079723,0.35000000000000003,-0.009499715570907119
12,small_volunteer,penalty,nash,1.2053739781895838,0.0,0.3077382301569144,4.489820428455502,0.47777933420164737,0.1275120190427811,0.4723429660398062,0.0,59.89013441537906,0.35000000000000003,-0.009414203739598337
13,small_volunteer,penalty,nash,1.2053901598250354,0.0,0.3171880034422905,4.489768053322027,0.4777766574478541,0.12751058756311387,0.47234341086320275,0.0,59.890534309161644,0.35000000000000003,-0.009301282391973587
14,small_volunteer,penalty,nash,1.2053973691885016,0.0,0.3189854927764634,4.4897447184176125,0.4777754648547193,0.1275099497902037,0.4723436090497648,0.0,59.89071247146539,0.35000000000000003,-0.00927993719575304
15,small_volunteer,penalty,nash,1.2054005811347466,0.0,0.32479622737230684,4.489734322083849,0.4777749335204509,0.12750966564504815,0.47234369734777837,0.0,59.890791846819965,0.35000000000000003,-0.009210985108309089
16,small_volunteer,penalty,nash,1.2054020121300442,0.0,0.32769404220019654,4.489729690266581,0.4777746967979039,0.1275095390515327,0.47234373668677376,0.0,59.89082721029652,0.35000000000000003,-0.009176720644439085
17,small_volunteer,penalty,nash,1.2054026496701606,0.0,0.32495057054734666,4.489727626686667,0.47777459133256217,0.127509482651243,0.4723437542132114,0.0,59.890842965498294,0.35000000000000003,-0.009209174579943635
18,small_volunteer,penalty,nash,1.2054029337082277,0.0,0.319047718062472,4.489726707316146,0.4777745443454056,0.12750945752366574,0.47234376202163175,0.0,59.89084998478315,0.35000000000000003,-0.00927924290821558
19,small_volunteer,penalty,nash,1.2054030602533632,0.0,0.3177319837357442,4.48972629771648,0.4777745234115976,0.12750944632878078,0.4723437655004541,0.0,59.89085311202678,0.35000000000000003,-0.009294908127212675
20,small_volunteer,penalty,nash,1.2054031166319659,0.0,0.324040954273759,4.489726115230927,0.47777451408513066,0.1275094413412161,0.47234376705034475,0.0,59.890854505281574,0.35000000000000003,-0.009219953229954614
21,small_volunteer,penalty,nash,1.2054031417498545,0.0,0.3305726530048222,4.489726033929653,0.4777745099299872,0.1275094391191479,0.47234376774085507,0.0,59.89085512600675,0.35000000000000003,-0.00914276177007567
22,small_volunteer,penalty,nash,1.2054031529404179,0.0,0.34370292258834534,4.4897259977081765,0.47777450807878086,0.1275094381291684,0.47234376804849276,0.0,59.89085540255325,0.35000000000000003,-0.008988837613723488
23,small_volunteer,penalty,nash,1.205403157926056,0.0,0.3496330430330176,4.4897259815707224,0.47777450725402826,0.12750943768811104,0.4723437681855509,0.0,59.89085552576069,0.35000000000000003,-0.008919861478135616
24,small_volunteer,penalty,nash,1.205403160147266,0.0,0.3564298961081414,4.489725974381138,0.47777450688658313,0.12750943749161045,0.4723437682466145,0.0,59.890855580652286,0.35000000000000003,-0.008841214535795006
25,small_volunteer,penalty,nash,1.205403161136863,0.0,0.36880964747014217,4.489725971178023,0.47777450672287836,0.1275094374040652,0.4723437682738194,0.0,59.89085560510769,0.35000000000000003,-0.00869908375630879
26,small_volunteer,penalty,nash,1.2054031615777498,0.0,0.3746064005140824,4.489725969750967,0.47777450664994436,0.12750943736506193,0.47234376828593905,0.0,59.89085561600308,0.35000000000000003,-0.008633022635926801
27,small_volunteer,penalty,nash,1.2054031617741743,0.0,0.3797195619643433,4.489725969115181,0.4777745066174507,0.12750943734768516,0.4723437682913394,0.0,59.89085562085721,0.35000000000000003,-0.008575009512579612
28,small_volunteer,penalty,nash,1.2054031618616858,0.0,0.38425098688978876,4.489725968831925,0.47777450660297405,0.1275094373399434,0.47234376829374547,0.0,59.890855623019846,0.35000000000000003,-0.008523797362239183
29,small_volunteer,penalty,nash,1.205403161900674,0.0,0.39006282182267815,4.489725968705727,0.4777745065965244,0.12750943733649422,0.4723437682948173,0.0,59.89085562398334,0.35000000000000003,-0.00845838903773699
0,small_volunteer,reputation,nash,0.9164262564753947,0.0,0.2958932971674571,9.994273467021982,0.672628462585529,0.27925228496503934,0.3165003586626596,0.0,51.54446550461406,0.12361024223461065,-0.007238604155236583
1,small_volunteer,reputation,nash,1.1192130405357137,0.0,0.3035297021087632,9.661452478605337,0.664003812128249,0.27013507580786705,0.31634266502863007,0.0,57.28084441172111,0.12204682272211612,-0.008848150300607038
2,small_volunteer,reputation,nash,1.1910265270029048,0.0,0.29775506432677484,9.49989729482906,0.6597197543763109,0.2657091843622939,0.3166775441807661,0.0,59.124542350145106,0.12127058114049363,-0.00951357722466728
3,small_volunteer,reputation,nash,1.210873875624231,0.0,0.30637220075083205,9.446705625253752,0.6582948021550901,0.26425192587252716,0.31679849778044544,0.0,59.620023921443746,0.1210124408406567,-0.009576711506377622
4,small_volunteer,reputation,nash,1.2158463595145732,0.0,0.2991850357543224,9.432296220463664,0.6579075394051861,0.2638571566967139,0.31683292127942253,0.0,59.74334631239376,0.12094228985485823,-0.009702441316244537
5,small_volunteer,reputation,nash,1.2170574192427535,0.0,0.29993123227879914,9.428704474661634,0.6578109254622551,0.2637587546984054,0.31684153141509763,0.0,59.773336205203975,0.1209247889494058,-0.00970367679753803
6,small_volunteer,reputation,nash,1.2173502693313445,0.0,0.31354240044707016,9.427830787421339,0.6577874192216969,0.2637348185317686,0.3168436276094806,0.0,59.78058554398387,0.12092053098462238,-0.009546611499767543
7,small_volunteer,reputation,nash,1.2174209604569355,0.0,0.3057102369424087,9.427619582238918,0.6577817365267324,0.26372903220114163,0.31684413444881976,0.0,59.78233531169875,0.12091950161158045,-0.009638751326557005
8,small_volunteer,reputation,nash,1.217438017370991,0.0,0.30637442979773805,9.427568603108906,0.6577803648630067,0.26372763553980416,0.3168442567920551,0.0,59.78275750070369,0.12091925314613888,-0.009631105508267623
9,small_volunteer,reputation,nash,1.2174421325772613,0.0,0.3039423454436831,9.42755630267767,0.657780033901954,0.2637272985482373,0.31684428631183703,0.0,59.78285935887733,0.12091919319530862,-0.009659675059395134
10,small_volunteer,reputation,nash,1.2174431254007385,0.0,0.3075451573501317,9.427553335048442,0.6577799540535005,0.26372721724490683,0.31684429343386555,0.0,59.78288393287362,0.1209191787314284,-0.009617432381725521
11,small_volunteer,reputation,nash,1.2174433649252054,0.0,0.30175664674267527,9.427552619087017,0.6577799347894961,0.2637271976299064,0.316844295152106,0.0,59.78288986149211,0.12091917524191496,-0.009685379249249726
12,small_volunteer,reputation,nash,1.2174434227118,0.0,0.3089250212782386,9.427552446357177,0.6577799301419432,0.26372719289767416,0.3168442955666415,0.0,59.782891291803836,0.12091917440004962,-0.009601286420576116
13,small_volunteer,reputation,nash,1.2174434366531288,0.0,0.3184208143724282,9.427552404685162,0.6577799290206958,0.2637271917559972,0.3168442956666502,0.0,59.78289163687427,0.12091917419694499,-0.0094906588000645
14,small_volunteer,reputation,nash,1.2174434400165497,0.0,0.32026582720942215,9.42755239463156,0.6577799287501888,0.26372719148056145,0.316844295690778,0.0,59.782891720124375,0.12091917414794491,-0.009469265043922315
15,small_volunteer,reputation,nash,1.217443440827993,0.0,0.32612489319576177,9.42755239220607,0.6577799286849273,0.2637271914141111,0.3168442956965991,0.0,59.7828917402089,0.12091917413612337,-0.009401542818000541
16,small_volunteer,reputation,nash,1.2174434410237582,0.0,0.329072255094041,9.427552391620912,0.6577799286691828,0.26372719139807943,0.31684429569800376,0.0,59.782891745054414,0.12091917413327136,-0.009367599542557281
17,small_volunteer,reputation,nash,1.2174434410709878,0.0,0.3263792866988144,9.427552391479738,0.6577799286653843,0.2637271913942118,0.3168442956983426,0.0,59.78289174622343,0.1209191741325833,-0.009398609835606031
18,small_volunteer,reputation,nash,1.217443441082382,0.0,0.320527365423692,9.42755239144568,0.6577799286644679,0.2637271913932787,0.3168442956984241,0.0,59.78289174650545,0.1209191741324173,-0.009466235041757143
19,small_volunteer,reputation,nash,1.2174434410851311,0.0,0.3192626927534256,9.427552391437466,0.6577799286642468,0.26372719139305356,0.31684429569844363,0.0,59.7828917465735,0.12091917413237725,-0.00948089280582165
20,small_volunteer,reputation,nash,1.2174434410857942,0.0,0.3256232994534344,9.42755239143548,0.6577799286641933,0.2637271913929993,0.3168442956984485,0.0,59.78289174658991,0.12091917413236758,-0.009407327664015419
21,small_volunteer,reputation,nash,1.2174434410859543,0.0,0.33220795135710673,9.427552391435004,0.6577799286641807,0.26372719139298617,0.3168442956984503,0.0,59.78289174659386,0.12091917413236525,-0.009331577967186977
22,small_volunteer,reputation,nash,1.217443441085993,0.0,0.34539253074962073,9.427552391434888,0.6577799286641776,0.263727191392983,0.31684429569844985,0.0,59.78289174659483,0.12091917413236469,-0.009181134205812125
23,small_volunteer,reputation,nash,1.217443441086002,0.0,0.35137897190372525,9.42755239143486,0.6577799286641768,0.2637271913929823,0.3168442956984503,0.0,59.78289174659504,0.12091917413236455,-0.009113362338505793
24,small_volunteer,reputation,nash,1.2174434410860042,0.0,0.3582334906982714,9.427552391434856,0.6577799286641767,0.26372719139298206,0.3168442956984501,0.0,59.782891746595105,0.12091917413236451,-0.009036170820127865
25,small_volunteer,reputation,nash,1.2174434410860049,0.0,0.37067235476253857,9.427552391434855,0.6577799286641766,0.263727191392982,0.3168442956984501,0.0,59.782891746595126,0.12091917413236451,-0.008897192991323521
26,small_volunteer,reputation,nash,1.2174434410860049,0.0,0.37653022513308254,9.427552391434851,0.6577799286641766,0.263727191392982,0.3168442956984501,0.0,59.782891746595126,0.12091917413236451,-0.008832230964676668
27,small_volunteer,reputation,nash,1.2174434410860049,0.0,0.3817059019892753,9.427552391434851,0.6577799286641766,0.263727191392982,0.3168442956984501,0.0,59.782891746595126,0.12091917413236451,-0.008775091568641313
28,small_volunteer,reputation,nash,1.2174434410860049,0.0,0.3863011937645912,9.427552391434851,0.6577799286641766,0.263727191392982,0.3168442956984501,0.0,59.782891746595126,0.12091917413236451,-0.008724560747342514
29,small_volunteer,reputation,nash,1.2174434410860049,0.0,0.3921782095256756,9.427552391434851,0.6577799286641766,0.263727191392982,0.3168442956984501,0.0,59.782891746595126,0.12091917413236451,-0.008660209898940119
0,small_volunteer,matching_fund,nash,0.824467905680009,0.0,0.2958932971674571,3.0466630744449987,0.3922050308087333,0.08334016639891209,0.4476602741645792,0.2,49.3698684718163,0.3062751115160018,-0.006339861022384818
1,small_volunteer,matching_fund,nash,0.9861779002414243,0.0,0.3033120232318117,2.323704326024196,0.3369855342276532,0.06356707219138825,0.433677210282746,0.2571428571428571,54.44408838279165,0.23360899030335186,-0.007571812814736623
2,small_volunteer,matching_fund,nash,1.0703207445295133,0.0,0.297211756441505,1.850573388604645,0.29390145930440026,0.050625797761973755,0.4211333622812923,0.2857142857142857,56.847503708535925,0.18604980677525357,-0.008304982123968685
3,small_volunteer,matching_fund,nash,1.115619466205694,0.0,0.30553454146021913,1.5907794463578564,0.26708991677470584,0.04351927326021476,0.41335468254698915,0.3142857142857143,58.079554673088914,0.15993332923128922,-0.008541096966980355
4,small_volunteer,matching_fund,nash,1.1410418424463138,0.0,0.29810308333010355,1.4434856367523186,0.2506673236503227,0.039489905376983686,0.410043708949861,0.37142857142857144,58.7532883936848,0.14512540226041504,-0.008820206725293822
5,small_volunteer,matching_fund,nash,1.1557761562162154,0.0,0.2986560324840736,1.3576944055287339,0.24063941234027367,0.037142912016108545,0.4084633288395567,0.37142857142857144,59.13813493156667,0.1365002016591989,-0.008918078380283578
6,small_volunteer,matching_fund,nash,1.1645049579190199,0.0,0.3121032677711472,1.3067406373760562,0.23450936427176794,0.035748933549045715,0.4078513633634997,0.37142857142857144,59.3642073127542,0.131377330792743,-0.008808524279301455
7,small_volunteer,matching_fund,nash,1.1697497683674944,0.0,0.3041193867523516,1.276081408957987,0.23075527968716286,0.03491015395402083,0.40761180143221476,0.37142857142857144,59.499367266915876,0.12829481578102656,-0.008945773664741807
8,small_volunteer,matching_fund,nash,1.1729295092155245,0.0,0.30464574046235826,1.2574788340289693,0.22845274884732414,0.034401216964058685,0.4074973698425015,0.37142857142857144,59.58106342169234,0.12642447234291568,-0.008960834351105618
9,small_volunteer,matching_fund,nash,1.1748680789418782,0.0,0.3020814301546337,1.2461321481247318,0.2270389799292218,0.034090787684385365,0.40743409995937574,0.37142857142857144,59.630779561527355,0.12528364474011622,-0.009006713775040254
10,small_volunteer,matching_fund,nash,1.1760540607506464,0.0,0.3055557872984244,1.2391884751762916,0.22617028865746636,0.03390081788313037,0.407408648823806,0.37142857142857144,59.66116109544203,0.12458550572050407,-0.008970492865778779
11,small_volunteer,matching_fund,nash,1.176781181612024,0.0,0.2996387703057369,1.2349306024205393,0.22563627222862825,0.033784327782555766,0.40739990016049665,0.37142857142857144,59.67977518819571,0.1241574046008924,-0.009050918333911806
12,small_volunteer,matching_fund,nash,1.17722756741732,0.0,0.3066805744457781,1.232316382955636,0.2253078961773956,0.03371280588616196,0.40739451328048304,0.37142857142857144,59.69119775955201,0.1238945616316452,-0.008964119944030235
13,small_volunteer,matching_fund,nash,1.177501831350484,0.0,0.3160468624835391,1.2307100770755852,0.22510593487940753,0.03366885925203537,0.4073911974683888,0.4,59.69821409913349,0.12373305775122999,-0.008847285491367707
14,small_volunteer,matching_fund,nash,1.1776704266287958,0.0,0.3177582709435014,1.2297226113140762,0.2249817083333645,0.0336418433385798,0.40739229163761914,0.4,59.7025264960942,0.12363377426928077,-0.008826828103344786
15,small_volunteer,matching_fund,nash,1.1777740974563677,0.0,0.32348177860965155,1.2291153946330833,0.22490529109318397,0.03362523059153432,0.40739355549582545,0.4,59.70517797228305,0.12357272242388863,-0.008755538516882488
16,small_volunteer,matching_fund,nash,1.1778378577745265,0.0,0.3262901668314555,1.2287419346716089,0.22485828142010275,0.03361501315619122,0.40739433395234204,0.4,59.706808603369105,0.12353517334900271,-0.00872076559900914
17,small_volunteer,matching_fund,nash,1.177877076665614,0.0,0.32345559050339073,1.2285122178262262,0.22482936165289485,0.03360872836649214,0.4073948132155931,0.4,59.707811565665885,0.12351207674685862,-0.008756555251746123
18,small_volunteer,matching_fund,nash,1.1779012018965227,0.0,0.3174611152713297,1.2283709082974126,0.2248115702764167,0.03360486229937652,0.4073951081960432,0.4,59.708428517086865,0.12349786895020873,-0.008832121933238124
19,small_volunteer,matching_fund,nash,1.1779160430250837,0.0,0.31605388872454204,1.2282839785546187,0.2248006249495157,0.03360248400090448,0.40739528972174655,0.4,59.708808042082715,0.12348912870332394,-0.008849976847221441
20,small_volunteer,matching_fund,nash,1.177925173097817,0.0,0.3222704656061414,1.2282305003736953,0.22479389129777402,0.03360102089891284,0.40739540141768327,0.4,59.709041519017454,0.12348375180350468,-0.008771755306636209
21,small_volunteer,matching_fund,nash,1.1779307898963325,0.0,0.32870716652481763,1.2281976006840676,0.22478974868591836,0.033600120800938674,0.40739547014170063,0.4,59.70918515270411,0.12348044394344959,-0.00869115566633516
22,small_volunteer,matching_fund,nash,1.1779342453728263,0.0,0.34173974198482526,1.22817736064962,0.22478720010240788,0.03359956705668096,0.4073955124243738,0.4,59.709273516426144,0.12347840893330256,-0.008529198937971216
23,small_volunteer,matching_fund,nash,1.1779363712090496,0.0,0.34756798057529126,1.2281649088156348,0.2247856321815796,0.03359922638870269,0.4073955384382877,0.4,59.70932787837238,0.12347715697848238,-0.008457327907585244
24,small_volunteer,matching_fund,nash,1.177937679045274,0.0,0.3542602869333843,1.2281572483174654,0.22478466757597554,0.03359901680620758,0.4073955544427992,0.4,59.70936132235771,0.12347638676281288,-0.008375211759361623
25,small_volunteer,matching_fund,nash,1.1779384836414557,0.0,0.3665325983949141,1.2281525354882816,0.22478407413753804,0.03359888786857452,0.40739556428914603,0.4,59.709381897474174,0.12347591291701135,-0.008225766766194686
26,small_volunteer,matching_fund,nash,1.1779389786391945,0.0,0.3722177515484748,1.228149636095875,0.224783709046046,0.033598808544503936,0.4073955703468122,0.4,59.709394555539966,0.12347562140105199,-0.008157036830961362
27,small_volunteer,matching_fund,nash,1.1779392831683366,0.0,0.3772165428713809,1.2281478523512745,0.22478348443668972,0.033598759743285314,0.4073955740735953,0.4,59.709402342946895,0.12347544205657353,-0.008096862950712769
28,small_volunteer,matching_fund,nash,1.1779394705187891,0.0,0.3816309399086932,1.2281467549673908,0.22478334625387641,0.03359872972011335,0.4073955763663726,0.4,59.70940713386426,0.12347533172141655,-0.008043923874224479
29,small_volunteer,matching_fund,nash,1.1779395857793646,0.0,0.3873231809956118,1.228146079841713,0.22478326124187287,0.033598711249444496,0.4073955777769245,0.4,59.70941008130221,0.12347526384170851,-0.00797593576844835
0,small_volunteer,threshold_governance,nash,0.8222199982302741,0.0,0.2958932971674571,4.182919359613784,0.4616390352821543,0.11746668878249221,0.44633674171485294,0.0,46.4918570106456,3.0,-0.006271079407206059
1,small_volunteer,threshold_governance,nash,1.007886589679433,0.0,0.3033067021058355,3.6897878797759223,0.4335874519066914,0.10402414376032748,0.44529835726219424,0.0,52.17668514376101,3.0,-0.0077533598566730255
2,small_volunteer,threshold_governance,nash,1.1166321212299024,0.0,0.297259047178414,3.3498102507600276,0.4124732116346176,0.09473303597008711,0.44559520202983594,0.02857142857142857,55.134884793908924,3.0054,-0.008734101731407318
3,small_volunteer,threshold_governance,nash,1.177707243340598,0.0,0.3056925580958215,3.1842190576209175,0.401583736054018,0.09010306340838208,0.449122653544638,0.02857142857142857,56.697019006132855,3.0054,-0.009136845065411903
4,small_volunteer,threshold_governance,nash,1.211051856336634,0.0,0.2984149804950765,3.078885004279498,0.394430238265931,0.08720312935915274,0.4506551920135107,0.02857142857142857,57.523504059085425,3.0054,-0.009500951555631021
5,small_volunteer,threshold_governance,nash,1.229074263094814,0.0,0.2991391606348689,3.0206378480808844,0.39039478682782414,0.0856007811708166,0.45159274564127605,0.02857142857142857,57.96258281152426,3.0054,-0.009640047589469791
6,small_volunteer,threshold_governance,nash,1.2387720686148385,0.0,0.3127682062118648,2.9890097292705904,0.38817898172516274,0.08473114252486132,0.4521016849236803,0.02857142857142857,58.19668847863652,3.0054,-0.00955295105226206
7,small_volunteer,threshold_governance,nash,1.2439526802183143,0.0,0.30497900666766237,2.9425458818091976,0.3848917440153563,0.08355065828218924,0.44987888381898333,0.02857142857142857,58.32338357299022,3.0054,-0.009688147003572123
8,small_volunteer,threshold_governance,nash,1.2467523618695204,0.0,0.3056978858216897,2.950374916753016,0.38544833988084504,0.08370923523718767,0.45162507993452916,0.05714285714285714,58.38377715753423,3.0108,-0.009703619523045326
9,small_volunteer,threshold_governance,nash,1.248251549150437,0.0,0.30332819675397527,2.9279722532730736,0.3838526993544918,0.08315068811350007,0.4501035687898831,0.05714285714285714,58.42094632720261,3.0108,-0.009743545749814508
10,small_volunteer,threshold_governance,nash,1.2490612367866367,0.0,0.3069973334599183,2.9425874017789595,0.38489469874219384,0.08349396878347688,0.4518298146854096,0.05714285714285714,58.43899985771746,3.0108,-0.009706641599893429
11,small_volunteer,threshold_governance,nash,1.2494959902260037,0.0,0.3012789494085446,2.941133075118523,0.3847911845017289,0.083454067112246,0.45185164628885177,0.05714285714285714,58.44939051538555,3.0108,-0.009780205405778286
12,small_volunteer,threshold_governance,nash,1.2497294102727106,0.0,0.3085180148493837,2.9403520521706676,0.3847355780629319,0.08343263855533248,0.45186337709105784,0.05714285714285714,58.4549680628322,3.0108,-0.009693552356724755
13,small_volunteer,threshold_governance,nash,1.2498547293092461,0.0,0.3180879023297773,2.939932679617412,0.3847057154750166,0.08342113242896074,0.45186967785153875,0.05714285714285714,58.457962196829705,3.0108,-0.009578309139741226
14,small_volunteer,threshold_governance,nash,1.2499220095063879,0.0,0.3200108182266925,2.939707514562808,0.3846896806601688,0.08341495468182418,0.4518730613287616,0.05714285714285714,58.45956956030831,3.0108,-0.009555608349570921
15,small_volunteer,threshold_governance,nash,1.2499581299276392,0.0,0.32594952845377395,2.9395866265979893,0.3846810714145196,0.08341163793588194,0.4518748780259525,0.05714285714285714,58.460432469247586,3.0108,-0.00948432482562378
16,small_volunteer,threshold_governance,nash,1.249977521626574,0.0,0.32897926610048495,2.939521725059463,0.3846764492301327,0.0834098572630475,0.4518758534073064,0.05714285714285714,58.46089572427451,3.0108,-0.009448100549795946
17,small_volunteer,threshold_governance,nash,1.2499879322700256,0.0,0.32637064438224156,2.9394868815838935,0.3846739677017855,0.0834089012790774,0.4518763770700198,0.05714285714285714,58.46114442532676,3.0108,-0.009479506642576352
18,small_volunteer,threshold_governance,nash,1.2499935213273792,0.0,0.3206035768981096,2.939468175407754,0.3846726354517418,0.083408388046564,0.4518766582089322,0.05714285714285714,58.46127794225891,3.0108,-0.00954903407797647
19,small_volunteer,threshold_governance,nash,1.2499965218656717,0.0,0.3194234367162571,2.9394581327884537,0.38467192021583674,0.08340811251196471,0.451876809142568,0.05714285714285714,58.461349621885255,3.0108,-0.009563317638349389
20,small_volunteer,threshold_governance,nash,1.249998132732259,0.0,0.3258694377010921,2.939452741306736,0.38467153623345685,0.08340796458842908,0.4518768901731258,0.05714285714285714,58.46138810369411,3.0108,-0.00948561573989637
21,small_volunteer,threshold_governance,nash,1.249998997540585,0.0,0.3325423400654078,2.939449846838281,0.38467133008863186,0.08340788517426605,0.4518769336752444,0.05714285714285714,58.461408762985215,3.0108,-0.00940560429449011
22,small_volunteer,threshold_governance,nash,1.249999461820708,0.0,0.34581812261487693,2.939448292916112,0.3846712194178129,0.08340784254003797,0.4518769570297849,0.05714285714285714,58.46141985410653,3.0108,-0.009247705255307714
23,small_volunteer,threshold_governance,nash,1.249999711073647,0.0,0.3519004789044043,2.939447458678871,0.3846711600031598,0.08340781965146506,0.4518769695678897,0.05714285714285714,58.461425808472875,3.0108,-0.009175933412424397
24,small_volunteer,threshold_governance,nash,1.2499998448873124,0.0,0.3588538155051727,2.9394470108110973,0.3846711281058632,0.08340780736352864,0.45187697629908574,0.05714285714285714,58.461429005127194,3.0108,-0.009094317248476758
25,small_volunteer,threshold_governance,nash,1.2499999167263718,0.0,0.3713946664693933,2.9394467703692717,0.38467111098151224,0.08340780076663987,0.45187697991278974,0.05714285714285714,58.461430721279456,3.0108,-0.008948275931697669
26,small_volunteer,threshold_governance,nash,1.249999955293811,0.0,0.37735919148725905,2.9394466412859286,0.384671101788151,0.08340779722504123,0.45187698185283853,0.05714285714285714,58.46143164261107,3.0108,-0.008879336741412613
27,small_volunteer,threshold_governance,nash,1.2499999759990843,0.0,0.3826445419651075,2.939446571986386,0.38467109685261297,0.08340779532370243,0.4518769828943716,0.05714285714285714,58.46143213723612,3.0108,-0.008818524683201545
28,small_volunteer,threshold_governance,nash,1.2499999871148946,0.0,0.38735239087210194,2.9394465347823093,0.38467109420292545,0.08340779430295171,0.4518769834535281,0.05714285714285714,58.461432402780005,3.0108,-0.008764575210905123
29,small_volunteer,threshold_governance,nash,1.2499999930825165,0.0,0.39334473645334955,2.939446514808969,0.384671092780417,0.08340779375495262,0.4518769837537162,0.05714285714285714,58.46143254533959,3.0108,-0.00869620143187011
0,small_volunteer,combined_portfolio,nash,1.0456597091373556,0.0,0.2958932971674571,12.676111252364759,0.7338699124310664,0.3547211100124824,0.33927750990212435,0.0,49.99375517816267,4.755073230860282,-0.008393383333604731
1,small_volunteer,combined_portfolio,nash,1.2298043526601916,0.0,0.3038356166080631,12.275263746924928,0.7255235040347585,0.343587378996298,0.3414292812511308,0.0,54.88431764094185,4.682818392799207,-0.0098250114035483
2,small_volunteer,combined_portfolio,nash,1.2448932390187315,0.0,0.29833375418813385,12.150690344361125,0.7228782510405307,0.3401280579887349,0.342215432670963,0.0,55.29989805228201,4.6603626016635555,-0.010012623622255967
3,small_volunteer,combined_portfolio,nash,1.245001847821779,0.0,0.3070872813188144,12.140927255756877,0.7226698790739076,0.3398568200371428,0.34228082277124106,0.0,55.30682084674198,4.658601772757903,-0.009912297469347964
4,small_volunteer,combined_portfolio,nash,1.2450020116899407,0.0,0.29999374575319915,12.140857202291604,0.722668383375192,0.33985487380991286,0.3422812923885281,0.0,55.30685590351867,4.658589138131614,-0.009994222260842456
5,small_volunteer,combined_portfolio,nash,1.2450020119305125,0.0,0.3008210153609834,12.140857096597811,0.7226683811185372,0.339854870873525,0.3422812930970722,0.0,55.30685595625259,4.658589119069007,-0.009984643057075804
6,small_volunteer,combined_portfolio,nash,1.2450020119308656,0.0,0.3145116565643661,12.140857096442643,0.722668381115224,0.3398548708692142,0.3422812930981123,0.0,55.30685595633,4.658589119041022,-0.009827070666978743
7,small_volunteer,combined_portfolio,nash,1.2450020119308665,0.0,0.30676238384071225,12.140857096442417,0.7226683811152194,0.3398548708692079,0.3422812930981143,0.0,55.306855956330125,4.658589119040981,-0.009916040089809508
8,small_volunteer,combined_portfolio,nash,1.2450020119308665,0.0,0.30750871916192646,12.140857096442417,0.7226683811152194,0.3398548708692078,0.34228129309811406,0.0,55.306855956330125,4.658589119040981,-0.009907446410219345
9,small_volunteer,combined_portfolio,nash,1.2450020119308665,0.0,0.30516002873058234,12.140857096442417,0.7226683811152194,0.3398548708692078,0.34228129309811406,0.0,55.306855956330125,4.658589119040981,-0.009934508478085746
10,small_volunteer,combined_portfolio,nash,1.2450020119308665,0.0,0.30884685243028226,12.140857096442417,0.7226683811152194,0.3398548708692078,0.34228129309811406,0.0,55.306855956330125,4.658589119040981,-0.009892051843639615
11,small_volunteer,combined_portfolio,nash,1.2450020119308665,0.0,0.3031443183238505,12.140857096442417,0.7226683811152194,0.3398548708692078,0.34228129309811406,0.0,55.306855956330125,4.658589119040981,-0.0099577761771803
12,small_volunteer,combined_portfolio,nash,1.2450020119308665,0.0,0.31039859281629584,12.140857096442417,0.7226683811152194,0.3398548708692078,0.34228129309811406,0.0,55.306855956330125,4.658589119040981,-0.009874221299750019
13,small_volunteer,combined_portfolio,nash,1.2450020119308665,0.0,0.3199830652949617,12.140857096442417,0.7226683811152194,0.3398548708692078,0.34228129309811406,0.0,55.306855956330125,4.658589119040981,-0.009764597789576168
14,small_volunteer,combined_portfolio,nash,1.2450020119308665,0.0,0.3219200889718424,12.140857096442417,0.7226683811152194,0.3398548708692078,0.34228129309811406,0.0,55.306855956330125,4.658589119040981,-0.009742548661888506
15,small_volunteer,combined_portfolio,nash,1.2450020119308665,0.0,0.3278728570296582,12.140857096442417,0.7226683811152194,0.3398548708692078,0.34228129309811406,0.0,55.306855956330125,4.658589119040981,-0.00967500952598499
16,small_volunteer,combined_portfolio,nash,1.2450020119308665,0.0,0.3309165208196532,12.140857096442417,0.7226683811152194,0.3398548708692078,0.34228129309811406,0.0,55.306855956330125,4.658589119040981,-0.009640605031860261
17,small_volunteer,combined_portfolio,nash,1.2450020119308665,0.0,0.32832184849224505,12.140857096442417,0.7226683811152194,0.3398548708692078,0.34228129309811406,0.0,55.306855956330125,4.658589119040981,-0.009669928835649877
18,small_volunteer,combined_portfolio,nash,1.2450020119308665,0.0,0.3225690017846228,12.140857096442417,0.7226683811152194,0.3398548708692078,0.34228129309811406,0.0,55.306855956330125,4.658589119040981,-0.00973517001023394
19,small_volunteer,combined_portfolio,nash,1.2450020119308665,0.0,0.3214034965996873,12.140857096442417,0.7226683811152194,0.3398548708692078,0.34228129309811406,0.0,55.306855956330125,4.658589119040981,-0.009748425565224705
20,small_volunteer,combined_portfolio,nash,1.2450020119308665,0.0,0.32786437634414023,12.140857096442417,0.7226683811152194,0.3398548708692078,0.34228129309811406,0.0,55.306855956330125,4.658589119040981,-0.009675105509760584
21,small_volunteer,combined_portfolio,nash,1.2450020119308665,0.0,0.3345521034194124,12.140857096442417,0.7226683811152194,0.3398548708692078,0.34228129309811406,0.0,55.306855956330125,4.658589119040981,-0.009599623036618432
22,small_volunteer,combined_portfolio,nash,1.2450020119308665,0.0,0.34784264862334807,12.140857096442417,0.7226683811152194,0.3398548708692078,0.34228129309811406,0.0,55.306855956330125,4.658589119040981,-0.00945084781987715
23,small_volunteer,combined_portfolio,nash,1.2450020119308665,0.0,0.35393944165862923,12.140857096442417,0.7226683811152194,0.3398548708692078,0.34228129309811406,0.0,55.306855956330125,4.658589119040981,-0.009383142704586067
24,small_volunteer,combined_portfolio,nash,1.2450020119308665,0.0,0.36090717267049055,12.140857096442417,0.7226683811152194,0.3398548708692078,0.34228129309811406,0.0,55.306855956330125,4.658589119040981,-0.009306179652653901
25,small_volunteer,combined_portfolio,nash,1.2450020119308665,0.0,0.37346234060238326,12.140857096442417,0.7226683811152194,0.3398548708692078,0.34228129309811406,0.0,55.306855956330125,4.658589119040981,-0.009168603457678781
26,small_volunteer,combined_portfolio,nash,1.2450020119308665,0.0,0.3794408808229492,12.140857096442417,0.7226683811152194,0.3398548708692078,0.34228129309811406,0.0,55.306855956330125,4.658589119040981,-0.009103586354416882
27,small_volunteer,combined_portfolio,nash,1.2450020119308665,0.0,0.38474020355849725,12.140857096442417,0.7226683811152194,0.3398548708692078,0.34228129309811406,0.0,55.306855956330125,4.658589119040981,-0.00904621994930932
28,small_volunteer,combined_portfolio,nash,1.2450020119308665,0.0,0.3894620083856929,12.140857096442417,0.7226683811152194,0.3398548708692078,0.34228129309811406,0.0,55.306855956330125,4.658589119040981,-0.008995313196630716
29,small_volunteer,combined_portfolio,nash,1.2450020119308665,0.0,0.39546831644028907,12.140857096442417,0.7226683811152194,0.3398548708692078,0.34228129309811406,0.0,55.306855956330125,4.658589119040981,-0.008930839349040598
0,rapid_growth,baseline,nash,0.7280064736227991,0.2116045466144859,0.44157979215435117,3.3439927387130965,0.41162061453255794,0.09994635990167648,0.5900300166175825,0.17142857142857143,65.35598250196406,0.0,-0.020148200228393698
1,rapid_growth,baseline,nash,0.8290361897149501,0.18362569109398194,0.4483480951350274,2.9285057546033215,0.3834463522578465,0.08745910315682241,0.5838573208380142,0.17142857142857143,70.7814001906773,0.0,-0.02190792100779193
2,rapid_growth,baseline,nash,0.9014872047635131,0.1757503698941715,0.4581788059803975,2.614090389399433,0.3600686998035085,0.07800498646487102,0.5775444709531203,0.2,74.25086152056336,0.0,-0.02299791896688763
3,rapid_growth,baseline,nash,0.9501809451985969,0.18015972728843957,0.47173687484824117,2.390481282856629,0.3421699891875685,0.07127829559207426,0.5718345026944696,0.22857142857142856,76.35461719968674,0.0,-0.023578641804388845
4,rapid_growth,baseline,nash,0.9805343144806609,0.1920480237601241,0.5020625363473248,2.2392383744998794,0.3293814346117333,0.06672683672796915,0.5671749294852335,0.22857142857142856,77.51669295164274,0.0,-0.02363623181850727
5,rapid_growth,baseline,nash,0.9972837403715381,0.21290639114128718,0.5249935098877655,2.1440309535975417,0.32102105325147884,0.06386088114272927,0.5638380894769264,0.22857142857142856,77.97805837978458,0.0,-0.023573283619535257
6,rapid_growth,baseline,nash,1.00311194189179,0.2354176894803499,0.5294398436231756,2.0910662596282727,0.31625981478774645,0.06226622892014159,0.5618686635075296,0.22857142857142856,77.95941503280994,0.0,-0.02355797109163582
7,rapid_growth,baseline,nash,1.0014830366728493,0.2515155656450978,0.5443285487416056,2.0725530309974363,0.31457631171372324,0.06170878303550809,0.5611794757888622,0.22857142857142856,77.70524995847127,0.0,-0.023331420274880443
8,rapid_growth,baseline,nash,0.9965645931147658,0.26623208275698806,0.5702221261480671,2.0777318270117315,0.31504826599000685,0.061864722905213144,0.5613738093788925,0.22857142857142856,77.32942493483176,0.0,-0.022965098978520837
9,rapid_growth,baseline,nash,0.989848273155395,0.2831700811841905,0.5803847597779073,2.0933475045178813,0.31646656198910744,0.06233491683502364,0.561952535421629,0.22857142857142856,76.85130671917874,0.0,-0.02274669460531875
10,rapid_growth,baseline,nash,0.9814371875004039,0.29607932247838503,0.59240368410102,2.1146208036657526,0.31838723443017874,0.06297543243947468,0.5627435025266239,0.22857142857142856,76.34733492478836,0.0,-0.022487995294512286
11,rapid_growth,baseline,nash,0.9728998677815487,0.3068725725054533,0.6049667629298597,2.141184426990552,0.3207672124901888,0.06377518395049449,0.5637333193590883,0.22857142857142856,75.86003765899676,0.0,-0.022232112470972343
12,rapid_growth,baseline,nash,0.9647922361176761,0.3164678401295291,0.6183757764832353,2.1680643363873493,0.3231551283818501,0.06458440272967332,0.5647135500281302,0.22857142857142856,75.40250674427497,0.0,-0.021980835775484486
13,rapid_growth,baseline,nash,0.9572525701140765,0.3255759132501474,0.6418735720528491,2.1935202765816064,0.32539793795384364,0.0653507030221476,0.5656158671329865,0.22857142857142856,74.97279536149536,0.0,-0.021653708568253327
14,rapid_growth,baseline,nash,0.9501987083593663,0.3374417640962861,0.654808537229482,2.2171355394259957,0.32746264545982834,0.06606155094311512,0.5664312667693197,0.22857142857142856,74.52990478568618,0.0,-0.021434960162947547
15,rapid_growth,baseline,nash,0.9427980890920934,0.34767037974628445,0.6819906617303573,2.239182907963564,0.3293766358619074,0.06672516725244798,0.5671730863486544,0.22857142857142856,74.08947737780974,0.0,-0.021092684545878537
16,rapid_growth,baseline,nash,0.9355678033259307,0.3610601889709815,0.7042434805591393,2.2622697475016293,0.331366952412898,0.0674200345865329,0.5679309724722232,0.22857142857142856,73.61750369870568,0.0,-0.020808810940140754
17,rapid_growth,baseline,nash,0.9276896488558879,0.3746636915085534,0.7324333890506868,2.284784964611274,0.3332944690259825,0.06809766188573418,0.5686552474094566,0.22857142857142856,73.1127865936584,0.0,-0.02047589235471836
18,rapid_growth,baseline,nash,0.919342931468101,0.38987461321666395,0.7658434478915116,2.3092765003411304,0.33537623196740957,0.06883473045988325,0.5694243516523334,0.22857142857142856,72.56619695588564,0.0,-0.020113992048352625
19,rapid_growth,baseline,nash,0.9103085989342725,0.4071996412198212,0.7823813267247867,2.335182704931048,0.33756153969350094,0.06961433014706654,0.5702158170689133,0.22857142857142856,71.9616427927547,0.0,-0.0198731510676442
20,rapid_growth,baseline,nash,0.9003233940209927,0.4206051277050569,0.8094800395159698,2.3631803451375464,0.3399042658349921,0.0704568190496497,0.5710466421509133,0.22857142857142856,71.35702148401047,0.0,-0.019544435522032888
21,rapid_growth,baseline,nash,0.8906650279773948,0.4345446863857756,0.8214561359586435,2.39408071603678,0.34246734647740323,0.07138659794579513,0.5719370732662772,0.22857142857142856,70.75690881971545,0.0,-0.019331363201103624
22,rapid_growth,baseline,nash,0.8810882071818811,0.44448826160800986,0.8472538668114278,2.4239335499790613,0.3449214715014119,0.0722848012264753,0.5727729578792813,0.2,70.2036377963141,0.0,-0.019028089654447022
23,rapid_growth,baseline,nash,0.8725214094472147,0.4559261136826738,0.8666788502255303,2.4535070120849247,0.3473316224834978,0.07317454626477114,0.5735757230511638,0.2,69.67570932400514,0.0,-0.01879374298298009
24,rapid_growth,baseline,nash,0.8642460031453071,0.46639554849756504,0.8900267880415014,2.4799445713575947,0.3494687981703953,0.0739699015105828,0.5742728967216493,0.2,69.16985882067875,0.0,-0.01854193051471409
25,rapid_growth,baseline,nash,0.8563891684148788,0.4772894873733092,0.9033955205796861,2.505472880138295,0.351517118435561,0.07473786473002302,0.5749284415504567,0.2,68.67582594916672,0.0,-0.018359502256350524
26,rapid_growth,baseline,nash,0.8486986955370969,0.48571440176627934,0.9445696937160638,2.529705234578215,0.35344770145429,0.07546680830343155,0.5755352186807636,0.2,68.2159881931749,0.0,-0.01802770524137287
27,rapid_growth,baseline,nash,0.8417060653787576,0.4999366513919887,0.9723083130903903,2.553423981436378,0.3553245725565135,0.0761802706849251,0.5761150096643075,0.2,67.71892407925444,0.0,-0.0178088730843331
28,rapid_growth,baseline,nash,0.8337710280012331,0.5134595147771008,0.9945318866927756,2.5749932217970244,0.357020507992783,0.0768290494402428,0.576630502446114,0.2,67.18333875479448,0.0,-0.017599669531470852
29,rapid_growth,baseline,nash,0.8253918131884339,0.5249696358929488,1.0259269029819627,2.599476255682039,0.3589331926585058,0.07756544213949536,0.5772061672713278,0.2,66.64705633870568,0.0,-0.017340507524499227
0,rapid_growth,subsidy,nash,0.8697650476460245,0.12060149000377199,0.44157979215435117,10.28953555014836,0.6792766633875988,0.3075303369684385,0.42498330241182747,0.05714285714285714,70.26343277238749,2.1527123587790693,-0.02490702755150509
1,rapid_growth,subsidy,nash,1.066407399779661,0.02713226131635052,0.4496326697742484,9.920742827532568,0.6699691320359479,0.297487536794409,0.4264989078363115,0.05714285714285714,79.86542604299473,2.082412757560863,-0.028645836371322897
2,rapid_growth,subsidy,nash,1.1842040341303925,0.0,0.46170939828143315,9.69827414028698,0.6642012744477738,0.29143056296165315,0.42767224236537005,0.05714285714285714,84.7103351192164,2.0400139407315723,-0.0306517754038913
3,rapid_growth,subsidy,nash,1.2397771813658653,0.0,0.47803483244319195,9.576047900048442,0.6609810973938507,0.28810283778960843,0.428442970686415,0.05714285714285714,86.72966236928968,2.01671986452726,-0.03143404849528175
4,rapid_growth,subsidy,nash,1.2608410933723908,0.0,0.5113814764951751,9.520464214862374,0.6595043577581616,0.28658952652491926,0.4288288061462324,0.05714285714285714,87.47964903001072,2.006126685674435,-0.03148075941229167
5,rapid_growth,subsidy,nash,1.2684778878279612,0.0,0.5376148778133361,9.499691206731104,0.6589504596796996,0.286023965588126,0.4289740256886043,0.05714285714285714,87.74930478199096,2.0021677591168814,-0.03137844927785105
6,rapid_growth,subsidy,nash,1.271199621757391,0.0,0.5456536356124364,9.492197145605056,0.6587503666359479,0.2858199342381816,0.42902655273166856,0.05714285714285714,87.84512753751312,2.0007395396672716,-0.03135538570881202
7,rapid_growth,subsidy,nash,1.2721635990752227,0.0,0.5643826309169051,9.48953094843055,0.6586791441283133,0.2857473450712575,0.4290452581831723,0.05714285714285714,87.87903068267146,2.0002314154988023,-0.03121403531149025
8,rapid_growth,subsidy,nash,1.2725042571670275,0.001810716190338818,0.5944550009707458,9.488587223492873,0.6586539299306565,0.28572165147261697,0.4290518813724251,0.05714285714285714,87.86985136299177,2.0000515603083193,-0.03096951042189744
9,rapid_growth,subsidy,nash,1.2721899745924166,0.014936121738644836,0.6092300603828175,9.488253794966635,0.6586450209315572,0.2857125736385156,0.429054221696912,0.05714285714285714,87.70591261152121,1.9999880154696095,-0.03080779984469406
10,rapid_growth,subsidy,nash,1.268928903147935,0.02870393914167435,0.6261771849687673,9.488561406372906,0.6586532401236735,0.2857209485827452,0.42905206257680484,0.05714285714285714,87.43363908737523,2.000046640079217,-0.030581615344073
11,rapid_growth,subsidy,nash,1.2644706353220503,0.04356327962106954,0.6439730991583329,9.491755164848026,0.6587385611921006,0.2858079009882569,0.4290296529298736,0.05714285714285714,87.10626108853668,2.000655306917799,-0.030331261826826106
12,rapid_growth,subsidy,nash,1.2593193775792608,0.05924561891243818,0.6629069722679292,9.49612708030564,0.6588553145530762,0.28592692960274324,0.4289989980808917,0.05714285714285714,86.74455263735288,2.001488507219203,-0.03006473333726345
13,rapid_growth,subsidy,nash,1.2537136160915616,0.07568080430869845,0.6922148061986644,9.501186811697975,0.6589903755585679,0.28606468454836764,0.4289635515157022,0.05714285714285714,86.3575085177784,2.0024527918385733,-0.02972554517893089
14,rapid_growth,subsidy,nash,1.247751717955823,0.09628799789489134,0.711302651197923,9.50670315001527,0.6591375507870001,0.28621487100102494,0.42892494408935233,0.05714285714285714,85.90849965484195,2.0035040970071747,-0.02944721060806721
15,rapid_growth,subsidy,nash,1.2406455720991836,0.11517232863090046,0.7449007732756592,9.51258175099916,0.6592943061133177,0.2863749203775645,0.4288838447929386,0.05714285714285714,85.43886601430142,2.0046244426429523,-0.029071644810040098
16,rapid_growth,subsidy,nash,1.233518337240012,0.13815118928209305,0.7739224306431064,9.519604764431307,0.6594814627963445,0.2865661273206906,0.4288348032779632,0.05714285714285714,84.91905415598903,2.005962891244835,-0.028727973987394684
17,rapid_growth,subsidy,nash,1.2253789256955507,0.1613597630882883,0.8091976747536131,9.526666567912693,0.6596695272548124,0.28675839042774687,0.4287855552757305,0.05714285714285714,84.35979554798533,2.0073087329942285,-0.028344555799280302
18,rapid_growth,subsidy,nash,1.2167849602082363,0.18649088927852667,0.8500453816078708,9.534753659224084,0.6598847414748867,0.2869785678876624,0.42872923620299797,0.05714285714285714,83.76005657142407,2.008849975213636,-0.027937259201433973
19,rapid_growth,subsidy,nash,1.2075297823609552,0.21407221335104645,0.8744048397782517,9.543318836259626,0.6601124984692017,0.28721176171658075,0.4286696796438225,0.05714285714285714,83.10623608276529,2.010482332016065,-0.027611559929576313
20,rapid_growth,subsidy,nash,1.197402975709703,0.23675395420801018,0.9096032999591495,9.552574071218839,0.6603583969316231,0.28746374305024336,0.4286054309398022,0.05714285714285714,82.47612470131682,2.012246201351704,-0.027237713715651646
21,rapid_growth,subsidy,nash,1.1880794889085355,0.2600877604797467,0.930032816394965,9.562738722938631,0.660628208934475,0.2877404841450692,0.42853499578847276,0.05714285714285714,81.864513968258,2.0141833890154843,-0.026953525931235678
22,rapid_growth,subsidy,nash,1.178868194934119,0.2785121291426687,0.9645554469129123,9.572132812344199,0.6608773362534127,0.2879962461763086,0.42847001772859894,0.05714285714285714,81.31249140392924,2.0159737232341604,-0.026624827453507027
23,rapid_growth,subsidy,nash,1.170841794788497,0.29868227154492744,0.9930723990016606,9.5814483450119,0.6611241617782165,0.28824986956252585,0.42840569424264974,0.05714285714285714,80.78122530334056,2.0177490869376817,-0.026348968450323085
24,rapid_growth,subsidy,nash,1.1628302166018267,0.3174602250716977,1.025846753839025,9.589594151140744,0.6613398160652699,0.2884716462425967,0.4283495382156366,0.05714285714285714,80.26559880503197,2.019301523698177,-0.026066469063666275
25,rapid_growth,subsidy,nash,1.1551308676009437,0.33653527135567196,1.049003691664772,9.597752020498541,0.6615556235256888,0.28869375145205806,0.42829338348284307,0.05714285714285714,79.75637479213684,2.020856260164407,-0.025832143905178517
26,rapid_growth,subsidy,nash,1.147458499255107,0.3524988645383749,1.1002747848388743,9.605617990300837,0.6617635518490002,0.2889079095299686,0.42823931790274394,0.05714285714285714,79.28308990549756,2.022355366709781,-0.025510600510176173
27,rapid_growth,subsidy,nash,1.1405182211387697,0.3750715740661025,1.1385857561290362,9.613482277566558,0.6619712815867088,0.2891220218893677,0.42818534209784254,0.05714285714285714,78.7583355563421,2.023854153225574,-0.025254507402344695
28,rapid_growth,subsidy,nash,1.1322664731978465,0.3963221726703957,1.1717734688572572,9.620618838300905,0.6621596557560498,0.2893163213110672,0.4281364285179998,0.05714285714285714,78.19891957249966,2.025214249177471,-0.025001067944572686
29,rapid_growth,subsidy,nash,1.1237693122475334,0.4150301063766241,1.2144955267330215,9.629132532606969,0.6623842147590183,0.28954811455569157,0.4280825393287442,0.05714285714285714,77.65760819697047,2.026836801889841,-0.024724919684486757
0,rapid_growth,penalty,nash,0.8021605094853002,0.1540007669489083,0.44157979215435117,6.159200583495243,0.5516317311960215,0.18746647785381723,0.5714843097707396,0.02857142857142857,69.04728820866855,0.36050000000000004,-0.022889580221614914
1,rapid_growth,penalty,nash,0.9616697555821896,0.08588270079066461,0.449059308805765,5.66368764903462,0.5315311516967082,0.17262770645388403,0.5675962194278457,0.02857142857142857,77.20974601608094,0.36050000000000004,-0.025903183106103622
2,rapid_growth,penalty,nash,1.0725395799978563,0.049453593092875815,0.46018434823304016,5.323752171532118,0.5168574934861205,0.1623131962363401,0.5642740969235691,0.02857142857142857,82.21465237588568,0.36050000000000004,-0.027835305801585886
3,rapid_growth,penalty,nash,1.143493266926785,0.03329071964662884,0.47548895745059444,5.120180389092281,0.5076875865960788,0.15611280641491002,0.5612936484582796,0.02857142857142857,85.140230350142,0.36050000000000004,-0.02894353804669736
4,rapid_growth,penalty,nash,1.185428169311329,0.031216339753084223,0.5079189672980609,4.970583499797177,0.5007524146264384,0.15165009837503476,0.5598205521172734,0.02857142857142857,86.72123959231583,0.36050000000000004,-0.02932254468498785
5,rapid_growth,penalty,nash,1.2077947016210349,0.04427769626993761,0.5333100436023231,4.864075682907818,0.495708082170915,0.14847648747329942,0.5597280589586133,0.02857142857142857,87.3847206425194,0.36050000000000004,-0.029404410917794888
6,rapid_growth,penalty,nash,1.2162671179751352,0.0630984177019157,0.5404924560688126,4.816559927659971,0.4934280561406978,0.1470797294528314,0.5593059974683203,0.02857142857142857,87.47146066297444,0.36050000000000004,-0.02942169431872288
7,rapid_growth,penalty,nash,1.2162006680729998,0.07762550787135254,0.5582780200101773,4.811540983806328,0.49318613722841914,0.14688827643158822,0.5587123952232029,0.02857142857142857,87.29974148442766,0.36050000000000004,-0.029217956987478644
8,rapid_growth,penalty,nash,1.212679949379444,0.09333304499918398,0.5872651732977653,4.81168090321025,0.4931928843364933,0.14689249463300547,0.5587134787010635,0.02857142857142857,86.99152498829426,0.36050000000000004,-0.028862682043662158
9,rapid_growth,penalty,nash,1.207107977408978,0.11362663245320041,0.6007627660329231,4.821036467658774,0.4936436544984137,0.14716783047781792,0.5587350829058806,0.02857142857142857,86.55522099640697,0.36050000000000004,-0.028605666956801556
10,rapid_growth,penalty,nash,1.1992683615448598,0.13091851922183118,0.6162758229981558,4.818016100056304,0.49349820627122026,0.14712359276918632,0.559316200246561,0.02857142857142857,86.07420912874406,0.36050000000000004,-0.028300124470417742
11,rapid_growth,penalty,nash,1.1911437475578723,0.14645354010927655,0.6324941672547698,4.847281859402445,0.494904354554282,0.14796649182684274,0.5589877692821887,0.02857142857142857,85.59714390389225,0.36050000000000004,-0.02800388019775779
12,rapid_growth,penalty,nash,1.1831134201490452,0.161440498645424,0.6497223127047509,4.852022818994348,0.4951314834948791,0.1481131537013563,0.5596175574807785,0.02857142857142857,85.13210951297891,0.36050000000000004,-0.027700628873529753
13,rapid_growth,penalty,nash,1.1753340178012333,0.17611353258357051,0.6772036874538141,4.868956431015355,0.49594123592316236,0.14862361685807055,0.5597726836532488,0.02857142857142857,84.67630145963685,0.36050000000000004,-0.027338749831988363
14,rapid_growth,penalty,nash,1.1678422012156942,0.193827621129999,0.6943316802532912,4.8976489489832895,0.49730797176386965,0.14948482273931457,0.559416096831505,0.02857142857142857,84.19205705803955,0.36050000000000004,-0.027063544026297404
15,rapid_growth,penalty,nash,1.1596694120847306,0.20970348385531867,0.7258672167345872,4.913408420147991,0.49805583014925864,0.149959893500749,0.5595535105193306,0.02857142857142857,83.70488413959828,0.36050000000000004,-0.026685633112863538
16,rapid_growth,penalty,nash,1.1515686768644162,0.2291987197801453,0.7526971393557963,4.930599778993182,0.49886936855531344,0.15047812287211398,0.5597022078635436,0.02857142857142857,83.17617967833691,0.36050000000000004,-0.026347924088275576
17,rapid_growth,penalty,nash,1.142623914088471,0.24884867088542018,0.7856630715537078,4.947640390653311,0.4996734492294016,0.1509918020614287,0.5598483774062613,0.02857142857142857,82.61259013434747,0.36050000000000004,-0.025969587715085396
18,rapid_growth,penalty,nash,1.1332343753686287,0.2701530186174661,0.8240723837808639,4.9724075185922825,0.5008380163394588,0.15170510757616454,0.5598361961859504,0.02857142857142857,82.00994805935683,0.36050000000000004,-0.02556869532091821
19,rapid_growth,penalty,nash,1.123144342321178,0.29378639571410425,0.8458543784913088,4.992111276925437,0.5017610562456232,0.15229933390232517,0.5600043134549644,0.02857142857142857,81.35192896658761,0.36050000000000004,-0.025256478319338305
20,rapid_growth,penalty,nash,1.112103573702536,0.3129303680972975,0.8783686122007413,5.013293457939994,0.5027499748987468,0.15293813756564933,0.5601832728380753,0.02857142857142857,80.70727335582366,0.36050000000000004,-0.02488372310217546
21,rapid_growth,penalty,nash,1.1016097923880197,0.33268893767162794,0.8959803319702931,5.036484826214817,0.503828708239043,0.15363752285873483,0.5603771302009364,0.02857142857142857,80.07277089995614,0.36050000000000004,-0.024604501881893892
22,rapid_growth,penalty,nash,1.0912366468650883,0.3479193808359835,0.9275752793013383,5.0585434087403165,0.5048509119312791,0.15430273628859764,0.5605595327984845,0.02857142857142857,79.49291031639015,0.36050000000000004,-0.024268467222387402
23,rapid_growth,penalty,nash,1.0821053564457477,0.36462508063379995,0.9530218396451022,5.091165817329071,0.506355845852002,0.1552329794801559,0.5606233421660818,0.02857142857142857,78.93968893416343,0.36050000000000004,-0.023995160009255834
24,rapid_growth,penalty,nash,1.0730470984773908,0.38035483192411335,0.9825953290787037,5.100045413504546,0.5067640831539137,0.155505163708921,0.5611199073999731,0.02857142857142857,78.40173135296789,0.36050000000000004,-0.0237047376509969
25,rapid_growth,penalty,nash,1.064353104333399,0.3963815016255144,1.0024078881863023,5.119111562219166,0.5076386405831965,0.15608055106841895,0.5612844667201242,0.02857142857142857,77.87062360259362,0.36050000000000004,-0.02347175487043396
26,rapid_growth,penalty,nash,1.0562442024855072,0.4088819221556228,1.0502077153940979,5.179290980352009,0.5103812817820487,0.15795605231870707,0.5608717635710461,0.02857142857142857,77.39995803118362,0.36050000000000004,-0.02315828522562291
27,rapid_growth,penalty,nash,1.0484827569331696,0.42843290900108016,1.084877596483703,5.167341681259843,0.5098388310632328,0.15772881083064513,0.5617156045544296,0.02857142857142857,76.86479240689025,0.36050000000000004,-0.022893356285022648
28,rapid_growth,penalty,nash,1.0395390910696527,0.4468074894734941,1.1142689235659122,5.184083736179982,0.5105985591753265,0.15823284777875843,0.5618579132663115,0.02857142857142857,76.29019149748491,0.36050000000000004,-0.022642719889966578
29,rapid_growth,penalty,nash,1.0303483286207034,0.46263064712769475,1.1530481194998792,5.214538182513563,0.5119752753465509,0.15917197062548746,0.5619995147894994,0.02857142857142857,75.73232750018988,0.36050000000000004,-0.02236610848798004
0,rapid_growth,reputation,nash,0.8678353184527982,0.1218402951781648,0.44157979215435117,10.14370659256614,0.6756331187570318,0.30256397796200357,0.38556307274243196,0.02857142857142857,72.21523818668224,0.12740624818559051,-0.024852448374494518
1,rapid_growth,reputation,nash,1.0633719831728115,0.029424810541590046,0.4496151831340273,9.751481088284839,0.6655915892516145,0.29092623809538054,0.38016988245921657,0.02857142857142857,81.70784930946823,0.12554582316748777,-0.028567383477913877
2,rapid_growth,reputation,nash,1.1810848264579468,0.0,0.4616619086999825,9.516372213754746,0.6593953338949864,0.28395045692357734,0.37689508909513836,0.02857142857142857,86.54624961645236,0.12439789870640676,-0.030580912210650846
3,rapid_growth,reputation,nash,1.237760590437886,0.0,0.47796422630386604,9.387164475299612,0.6559308341480714,0.2801173291566398,0.3751310002957844,0.02857142857142857,88.58645622777325,0.12375616735236468,-0.03138190190652468
4,rapid_growth,reputation,nash,1.2595483756229244,0.0,0.5112938820226468,9.32738447088285,0.6543133206398217,0.278344026469375,0.3743313168718423,0.02857142857142857,89.35266669994041,0.12345658527388735,-0.03143990021437637
5,rapid_growth,reputation,nash,1.2675628854041274,0.0,0.5375141032826609,9.304762071477578,0.6536987657552185,0.27767298584628725,0.3740266482044803,0.02857142857142857,89.63192404338574,0.1233427678893206,-0.03134329478214304
6,rapid_growth,reputation,nash,1.2704606182988445,0.0,0.5455416654878713,9.296487346685218,0.6534736394360376,0.27742753905114337,0.37391492504845725,0.02857142857142857,89.73255693231391,0.12330107455491912,-0.03132306414245045
7,rapid_growth,reputation,nash,1.2715016648706745,0.0,0.5642603400038105,9.293501567218868,0.6533923623984056,0.2773389746444432,0.3738745745537524,0.02857142857142857,89.7686673689375,0.12328602216513711,-0.03118259207583196
8,rapid_growth,reputation,nash,1.2718748104460236,0.0035606554911737365,0.5943224260576491,9.292429664343057,0.653363177971619,0.27730717984491166,0.37386008378897784,0.02857142857142857,89.74000328546632,0.12328061726395158,-0.030932503466154948
9,rapid_growth,reputation,nash,1.2711538897701664,0.01773934162390267,0.6090775499816408,9.292045558312648,0.6533527192747709,0.2772957864938193,0.3738548905424681,0.02857142857142857,89.54983058912836,0.12327868033448143,-0.030760725748117723
10,rapid_growth,reputation,nash,1.2674927650989614,0.03211953819200694,0.625994244530826,9.29278770192054,0.6533729265076614,0.27731779995742656,0.3738649242858776,0.02857142857142857,89.2566209036256,0.12328242267383907,-0.030526153258131794
11,rapid_growth,reputation,nash,1.262726693719074,0.04731170647224847,0.6437507830360206,9.296559637054205,0.6534756069874078,0.27742968333641027,0.37391590175141864,0.02857142857142857,88.91513993331615,0.12330143894321778,-0.03026999612500947
12,rapid_growth,reputation,nash,1.2573604695039124,0.06315195761770562,0.6626380498717391,9.301477607315597,0.6536094286176776,0.27757556108267933,0.373982320399026,0.02857142857142857,88.54469935652375,0.12332622262850647,-0.029999851860586624
13,rapid_growth,reputation,nash,1.2516106509449,0.07963616317902239,0.6918933906890052,9.307025320277665,0.6537603093550136,0.27774011918891534,0.3740571795734411,0.02857142857142857,88.15271168609398,0.12335416581553858,-0.0296585735129391
14,rapid_growth,reputation,nash,1.2455535501698682,0.10021416005954373,0.7109231717085559,9.312982054279171,0.653922223820982,0.27791681077405367,0.3741374821220924,0.02857142857142857,87.70140613456024,0.1233841526493304,-0.029379346331238843
15,rapid_growth,reputation,nash,1.23838658087505,0.11903516666371308,0.7444590520364721,9.319271252138632,0.6540930737722248,0.27810336514462114,0.37422218150385134,0.02857142857142857,87.2310584059283,0.12341579456851265,-0.02900343819877893
16,rapid_growth,reputation,nash,1.2312129979125408,0.14191371146122597,0.7734137319217934,9.32673184558182,0.6542956104369091,0.27832466766419167,0.37432254341507143,0.02857142857142857,86.71165704407026,0.12345330525132091,-0.02865986900473194
17,rapid_growth,reputation,nash,1.2230414332744115,0.165007717936601,0.8086178495292003,9.33422027931773,0.6544987558065105,0.2785467975685797,0.3744231565579994,0.02857142857142857,86.1534104700816,0.12349092898455043,-0.0282767606522647
18,rapid_growth,reputation,nash,1.214418726135616,0.1900104486159475,0.849390043015685,9.34277649645707,0.6547306877734941,0.2788006031147078,0.37453796533477224,0.02857142857142857,85.55510811761802,0.12353388455294581,-0.027869843810278683
19,rapid_growth,reputation,nash,1.2051372567569336,0.21745216873320308,0.8736693185595309,9.351835691029812,0.6549760448407554,0.27906933084431734,0.3746593480984488,0.02857142857142857,84.90297288501932,0.1235793269991231,-0.02754471486169563
20,rapid_growth,reputation,nash,1.194984620260408,0.24000776903563986,0.9087840943132778,9.361622837376038,0.6552408764041914,0.2793596547547033,0.3747902826967566,0.02857142857142857,84.2744595056555,0.12362837682048008,-0.027171202104500303
21,rapid_growth,reputation,nash,1.1856281064559095,0.263212264356275,0.9291255744697176,9.37237212412658,0.6555314545495552,0.2796785224560627,0.37493384799251395,0.02857142857142857,83.66441299752418,0.12368219581530909,-0.026887344716729267
22,rapid_growth,reputation,nash,1.1763863803638315,0.2815223584172998,0.9635566412748547,9.38231968069032,0.6558000919094784,0.2799736104108789,0.37506648130490894,0.02857142857142857,83.11371977272317,0.12373195165013172,-0.02655875093942628
23,rapid_growth,reputation,nash,1.1683279151308832,0.3015734262091415,0.9919774359580134,9.392184865102672,0.6560662507001253,0.28026625753933954,0.37519780397503655,0.02857142857142857,82.58382009053021,0.12378124895373667,-0.02628306108673195
24,rapid_growth,reputation,nash,1.1602911528976105,0.32023835068707635,1.0246513687363228,9.400819824784918,0.6562990112296148,0.2805224126905767,0.37531257706812116,0.02857142857142857,82.06951670267983,0.12382436074861125,-0.02600074462806301
25,rapid_growth,reputation,nash,1.152568278439823,0.33920115928638406,1.0477033328035403,9.409462637131632,0.6565317900068349,0.28077880283721224,0.3754272930285698,0.02857142857142857,81.56167611157261,0.12386747633166238,-0.025766703332945617
26,rapid_growth,reputation,nash,1.1448747201069105,0.3550627389538713,1.098865453116079,9.417797720734503,0.6567560976572555,0.281026066106658,0.37554051426497503,0.02857142857142857,81.0896775770711,0.1239090232673833,-0.025445140044024983
27,rapid_growth,reputation,nash,1.137912166619027,0.377517065971712,1.1370615901507248,9.426130780759875,0.6569801715233664,0.2812732712421204,0.375654821272575,0.02857142857142857,80.56639678826383,0.12395052727805868,-0.025189298113090564
28,rapid_growth,reputation,nash,1.1296454909267033,0.39865736423883347,1.170129530882107,9.433698012744268,0.657183497363936,0.2814977592769168,0.3757584890850145,0.02857142857142857,80.00840194585035,0.12398818856796365,-0.024936192559851467
29,rapid_growth,reputation,nash,1.1211283872646087,0.4172633358178749,1.2127272013593264,9.442715219589637,0.6574255904703811,0.281765264017911,0.3758822363279639,0.02857142857142857,79.46844034532596,0.12403303097785157,-0.024660129641104422
0,rapid_growth,matching_fund,nash,0.8138293795237147,0.20152039127219354,0.44157979215435117,3.8289434823554487,0.44127989495106495,0.11451484527618547,0.5953310891621744,0.17142857142857143,69.32548214358532,0.42084205638998146,-0.023115159059232893
1,rapid_growth,matching_fund,nash,0.9481991357890909,0.17444965491044864,0.4489491238236476,3.038441861686825,0.39118102973143415,0.09076377199526901,0.5856894694021111,0.17142857142857143,75.9481411604293,0.33355686208261365,-0.025259106653391816
2,rapid_growth,matching_fund,nash,1.0248012394383117,0.17160951011998501,0.4596274389498128,2.554351965732678,0.3553977493118495,0.076208183931421,0.5761374159041073,0.2,79.27936252860519,0.2800650759479721,-0.026262928272343444
3,rapid_growth,matching_fund,nash,1.0654109428629372,0.18142659876104417,0.47408816389965475,2.27064248501611,0.33208528759799827,0.06767202800168555,0.5682016177510096,0.22857142857142856,80.83924657789015,0.24869470290619428,-0.02661074397067198
4,rapid_growth,matching_fund,nash,1.0844404487058907,0.19738757304828727,0.5052941667094464,2.11539504056197,0.31845688921640986,0.06299874318356517,0.5627726678780507,0.22857142857142856,81.42363992673258,0.23152038119960203,-0.02646469991274536
5,rapid_growth,matching_fund,nash,1.0907231974326437,0.22055313105194416,0.5290850422670773,2.041070621185121,0.31169002576455174,0.06076076161995487,0.5599718529564568,0.22857142857142856,81.40901126129152,0.22329579895333415,-0.02622834155847742
6,rapid_growth,matching_fund,nash,1.0885186618887723,0.2438956500798874,0.5343623578255181,2.01627701560134,0.3093958543533101,0.06001409968487183,0.558994353940252,0.22857142857142856,81.05534381490435,0.22055181634190396,-0.02606925136663607
7,rapid_growth,matching_fund,nash,1.081738176111079,0.2598981590949218,0.5500482166219348,2.0249919093373294,0.3102043924307764,0.060276555573200594,0.5593413382502541,0.22857142857142856,80.60398940767811,0.2215163417315122,-0.02578248622768875
8,rapid_growth,matching_fund,nash,1.0742801564727262,0.27407547303763796,0.5767412643790742,2.051694312648339,0.3126673253520523,0.06108067922809598,0.5603843492211937,0.22857142857142856,80.14307538080583,0.2244714961632527,-0.02541738166833296
9,rapid_growth,matching_fund,nash,1.0669096570145105,0.2904253925082899,0.5877389176367306,2.080893393059342,0.3153359957410313,0.06195992044363273,0.5614918539607439,0.22857142857142856,79.65815213863993,0.22770270763035028,-0.025195703815939385
10,rapid_growth,matching_fund,nash,1.0590747744599376,0.3029539140419671,0.6006273466135591,2.1095813962395398,0.3179334369054253,0.06282370467855071,0.5625530147414957,0.22857142857142856,79.19799710879246,0.23087711469367386,-0.024958161886072805
11,rapid_growth,matching_fund,nash,1.0519211823642145,0.3136182540208887,0.6141069566421504,2.139902226592436,0.3206527963277254,0.06373658197427785,0.563686012296605,0.22857142857142856,78.78457531063914,0.2342319387554711,-0.024736196989489256
12,rapid_growth,matching_fund,nash,1.0455843554179576,0.3233459210859836,0.6284876861503681,2.167436855777002,0.3230996165468454,0.06456551306914826,0.5646909923380039,0.22857142857142856,78.41365204936511,0.23727826052911982,-0.024524439887509075
13,rapid_growth,matching_fund,nash,1.039910078023933,0.332810486549431,0.6530176312321238,2.1917139714480336,0.3252393827346666,0.0652963293867962,0.5655526567551801,0.22857142857142856,78.07171913083052,0.23996401049647612,-0.024252130906028624
14,rapid_growth,matching_fund,nash,1.0346529053866842,0.34517923833672337,0.6670589289199216,2.213365956854568,0.32713408544015926,0.06594808466025491,0.5663025727744653,0.22857142857142856,77.71211820187864,0.24235921112643688,-0.024064799901165834
15,rapid_growth,matching_fund,nash,1.028921960522724,0.3560232072605318,0.6954104930403185,2.2333559709472577,0.32887205355009536,0.06654978230362787,0.5669788177716661,0.22857142857142856,77.3506097438783,0.2445704499658324,-0.02377564607003313
16,rapid_growth,matching_fund,nash,1.0233118567540629,0.3700502480048622,0.7189133239347149,2.2550732683310906,0.3307480589163646,0.06720343904146321,0.56769646316847,0.22857142857142856,76.95548004761253,0.24697263847737727,-0.023530950028698205
17,rapid_growth,matching_fund,nash,1.0170048413917028,0.3843070914400996,0.7484299498932001,2.2762605312557884,0.3325662551270482,0.06784111107046266,0.5683826585139913,0.22857142857142856,76.52832796411874,0.2493160831839503,-0.023244558341863453
18,rapid_growth,matching_fund,nash,1.0102813189460012,0.40014832193731936,0.7832526742481585,2.2999980830255016,0.33458939158458756,0.06855550278760811,0.5691354099907511,0.22857142857142856,76.06385059079562,0.2519414727444597,-0.022933996929500378
19,rapid_growth,matching_fund,nash,1.0029636752073263,0.41806674294433277,0.8012992144862544,2.3252122107672495,0.3367224985137829,0.0693142916057734,0.5699138381563793,0.22857142857142856,75.54887007274199,0.2547300216512173,-0.022719789847263305
20,rapid_growth,matching_fund,nash,0.9948412506324397,0.43208762347487367,0.829985453350117,2.352552850994816,0.33901730580006995,0.07013702848484524,0.570734211088961,0.22857142857142856,75.04388734462819,0.25775357968180623,-0.02244111892351297
21,rapid_growth,matching_fund,nash,0.9872386504807363,0.446641630747476,0.8436459833709761,2.3827831930446406,0.3415329716695112,0.07104666720738216,0.5716138200493028,0.22857142857142856,74.55168714865982,0.26109650198712947,-0.0222595824523526
22,rapid_growth,matching_fund,nash,0.9797832227428913,0.45728026220017026,0.8712109016684055,2.410973628883126,0.3438587083064078,0.07189487356502795,0.5724132930981074,0.22857142857142856,74.10985480079819,0.2642136603514777,-0.022012289351634795
23,rapid_growth,matching_fund,nash,0.9733473218407657,0.4694436997099475,0.892507863464099,2.4385255164949475,0.3461132648598238,0.0727238205329895,0.5731721344258349,0.2,73.691519986774,0.26726004045873636,-0.021820987208633902
24,rapid_growth,matching_fund,nash,0.9670785139184905,0.4806929652847865,0.9178274909169514,2.462240049285019,0.34803939336122774,0.07343727797069756,0.5738081171606884,0.2,73.2902500954031,0.26988199654231354,-0.021615621943951613
25,rapid_growth,matching_fund,nash,0.9611176210863457,0.4923822166975974,0.9332745477340795,2.48528034305505,0.34989816493849996,0.07413041955615639,0.5744113272015066,0.2,72.89574195145168,0.2724292918688747,-0.02146423202889025
26,rapid_growth,matching_fund,nash,0.9552124664865831,0.5016504897659465,0.9766214200966102,2.5071382385319256,0.35165022338702373,0.07478796211375376,0.5749706187614383,0.2,72.53088957139366,0.274845760768045,-0.021197947607260348
27,rapid_growth,matching_fund,nash,0.94991820316149,0.516627381969687,1.0066684367039536,2.528745679343982,0.35337150639146436,0.07543794413745444,0.575511471931637,0.2,72.1244590756539,0.27723444470514513,-0.021014055737849535
28,rapid_growth,matching_fund,nash,0.94357200310162,0.530874207321509,1.0313194634148697,2.5480809248971807,0.3549028705094244,0.07601955364396597,0.5759855976461519,0.2,71.68049648480576,0.2793718596415749,-0.020834723769149965
29,rapid_growth,matching_fund,nash,0.9368547201335045,0.5431009678512775,1.065254718242733,2.5712146104604097,0.35672414575187106,0.07671539480058927,0.5765409896316904,0.2,71.24183533390733,0.28192907589216554,-0.020620928773074088
0,rapid_growth,threshold_governance,nash,0.7957181844828425,0.1341854203420944,0.44157979215435117,4.792472459473266,0.4922651035690035,0.14462004249061805,0.5636243455874284,0.05714285714285714,66.53084894169814,3.0108,-0.0224034352225031
1,rapid_growth,threshold_governance,nash,0.958920246046693,0.055350913478387234,0.4490949418938552,4.271431084217674,0.4658500526750103,0.12897060993687434,0.5555338651099839,0.05714285714285714,75.000727099817,3.0108,-0.025488359264848937
2,rapid_growth,threshold_governance,nash,1.0794685432004603,0.014400618396594747,0.46032476276849044,3.880434740606489,0.44425233022022087,0.11723455934988937,0.5480310585235528,0.08571428571428572,80.43560752410461,3.0162,-0.027561206376774727
3,rapid_growth,threshold_governance,nash,1.161579944662713,0.0,0.47582503151296424,3.5859310151128514,0.42680962131281375,0.10838530547410645,0.5417902692194558,0.08571428571428572,83.73891960558248,3.0162,-0.028791273056667954
4,rapid_growth,threshold_governance,nash,1.2131736536938202,0.0,0.5085356593480145,3.36137243289986,0.4127395936008349,0.10158216311713272,0.5365716826457296,0.08571428571428572,85.62009150848647,3.0162,-0.029245104986093562
5,rapid_growth,threshold_governance,nash,1.2433696230124422,0.016091331298068237,0.534299867048125,3.225814809825975,0.4038909777680516,0.0972934155461476,0.5340786869231595,0.08571428571428572,86.50207906477142,3.0162,-0.029401737676310713
6,rapid_growth,threshold_governance,nash,1.2575938121364165,0.03678381671361709,0.5419348591784362,3.208862795388101,0.4027645076910593,0.09674649999456865,0.5328843181517595,0.08571428571428572,86.75627876849647,3.0162,-0.0295247067369675
7,rapid_growth,threshold_governance,nash,1.2609111920100096,0.053442378535094634,0.5602330133359181,3.1726441646868917,0.4003424813096313,0.0956362397859627,0.5319335095506459,0.08571428571428572,86.67869093980428,3.0162,-0.029343573758757957
8,rapid_growth,threshold_governance,nash,1.258784174714879,0.07123060185142925,0.5897846566201542,3.1534221898618,0.39904850848104356,0.09510904110872982,0.5313397229063546,0.08571428571428572,86.39925077102822,3.0162,-0.028974856703302798
9,rapid_growth,threshold_governance,nash,1.2533372114955053,0.09297913797918743,0.603894523615705,3.169603072624217,0.40013816041616207,0.09554314263166606,0.5318516584540285,0.08571428571428572,85.95625248780857,3.0162,-0.02871694792496049
10,rapid_growth,threshold_governance,nash,1.2448633797406468,0.1113865132742934,0.6200474866291882,3.1700902852508404,0.4001709046401152,0.09563206876980068,0.5320939613474389,0.08571428571428572,85.4479178016409,3.0162,-0.028388182178372023
11,rapid_growth,threshold_governance,nash,1.2355076497731217,0.12787606292386355,0.6369303679753949,3.1921458389672095,0.40164920538198473,0.09630438828071564,0.5326719109564693,0.08571428571428572,84.92774927408495,3.0162,-0.028060761179759197
12,rapid_growth,threshold_governance,nash,1.2260493779856159,0.14342839172943522,0.6548435424258896,3.209497483252902,0.4028067647177944,0.09688446108193494,0.5328850597324957,0.08571428571428572,84.41304607891202,3.0162,-0.027728017290183038
13,rapid_growth,threshold_governance,nash,1.216466775375806,0.15946158343868255,0.6830311392975184,3.1903936342346313,0.40153204642490975,0.09623016515098788,0.5331383674976462,0.08571428571428572,83.88701766384976,3.0162,-0.02729550696732308
14,rapid_growth,threshold_governance,nash,1.20700663576758,0.1782440960632372,0.7008853501806411,3.214905085455318,0.4031665405056614,0.09697754434412349,0.5337864206571732,0.08571428571428572,83.3298823763318,3.0162,-0.026980848078769437
15,rapid_growth,threshold_governance,nash,1.196934767950231,0.19480599741453136,0.7331578062833374,3.236458983596293,0.40459598141122466,0.09765628732259381,0.5343077861560541,0.08571428571428572,82.7748238787093,3.0162,-0.026558965517341715
16,rapid_growth,threshold_governance,nash,1.186961502611004,0.21498633392245153,0.7607470528158572,3.2518148756970793,0.4056099450742572,0.09817987790087852,0.5345860114629459,0.08571428571428572,82.17918182815755,3.0162,-0.02617945112992004
17,rapid_growth,threshold_governance,nash,1.176609486688032,0.23427483882916783,0.7944899124169972,3.3123316526864786,0.4095705833347527,0.10000245817932686,0.5354943078709784,0.08571428571428572,81.57512825799463,3.0162,-0.025796208573019896
18,rapid_growth,threshold_governance,nash,1.1657642998666118,0.25588356445838983,0.833708595283886,3.3233635812817,0.4102865958612404,0.10042120518386273,0.53566533121824,0.08571428571428572,80.9262024354114,3.0162,-0.025353974904174237
19,rapid_growth,threshold_governance,nash,1.1543812836977434,0.27943042944621777,0.8563294853763256,3.3660047572196614,0.4130370898545835,0.10164081571429406,0.536793737758108,0.08571428571428572,80.22894253776235,3.0162,-0.025035371838930676
20,rapid_growth,threshold_governance,nash,1.1418872355724194,0.29885437105066004,0.8897057214746096,3.3798386724116614,0.4139236537107319,0.10214487696544652,0.5370026579164351,0.08571428571428572,79.537770347936,3.0162,-0.024627117970576595
21,rapid_growth,threshold_governance,nash,1.1298997066346783,0.31876029989536026,0.9082033270697693,3.4126621747139536,0.4160160347043801,0.10313587446290752,0.5377942404332134,0.08571428571428572,78.8541323258323,3.0162,-0.02433026344616196
22,rapid_growth,threshold_governance,nash,1.1180855371708893,0.3340163828013722,0.940699150795905,3.4440331752854627,0.4180013282452025,0.10408299439604184,0.5385450344369582,0.08571428571428572,78.22765021678136,3.0162,-0.02396936949140871
23,rapid_growth,threshold_governance,nash,1.1074804224701595,0.3509347280703063,0.9670701955525851,3.4748436796647266,0.41993755678311956,0.10501316987248417,0.5392973904408673,0.08571428571428572,77.6241213002428,3.0162,-0.02367121616285872
24,rapid_growth,threshold_governance,nash,1.097178836298035,0.3666364501233697,0.9975855641140289,3.502418487643575,0.42165917243882706,0.10584564032376861,0.5399634852116713,0.08571428571428572,77.04364903989091,3.0162,-0.023364596525600856
25,rapid_growth,threshold_governance,nash,1.0873398282185676,0.38271206554072595,1.018363837437727,3.5291358269851245,0.4233172247343554,0.1066522075927411,0.5405976511234525,0.08571428571428572,76.47380677195264,3.0162,-0.02311724209352839
26,rapid_growth,threshold_governance,nash,1.0778325720021158,0.3956903768870904,1.0671486962560597,3.5656049324685584,0.4255647436907975,0.1077716960573662,0.5413188723523246,0.08571428571428572,75.95008825133137,3.0162,-0.022767964763976245
27,rapid_growth,threshold_governance,nash,1.0691037930218175,0.4151808332138499,1.1028273540134808,3.5901517444968385,0.4270674293578,0.10851272086374597,0.5418873995737903,0.08571428571428572,75.37864873758284,3.0162,-0.022501215522549467
28,rapid_growth,threshold_governance,nash,1.0592644918858742,0.43363718867976003,1.1332549524660265,3.6126493825301584,0.42843762948072056,0.10919183519830589,0.5424002213431576,0.08571428571428572,74.77337998510849,3.0162,-0.022240087866225
29,rapid_growth,threshold_governance,nash,1.0483176112690178,0.4506674569524484,1.1730946979054837,3.5931509391632668,0.4272504803218369,0.10852765605588037,0.5428823516190151,0.08571428571428572,74.1388110938024,3.0162,-0.02190502897954305
0,rapid_growth,combined_portfolio,nash,0.9853636109201945,0.06382307077142696,0.44157979215435117,12.463289925609674,0.7286249552474372,0.3688855386194721,0.3831569679103899,0.0,72.74373462849286,4.846957617324984,-0.027753271709937355
1,rapid_growth,combined_portfolio,nash,1.2143116236538913,0.0,0.45061177067916736,12.017775438723914,0.7191944794251189,0.35676192218159547,0.38336935962288354,0.0,82.49643020534666,4.768314562398025,-0.03179377810442241
2,rapid_growth,combined_portfolio,nash,1.2944329902562912,0.0,0.4638193587646971,11.810323702165226,0.7146925340798247,0.3511162247914171,0.38374383847370486,0.0,85.3527839643376,4.731681555225659,-0.032991881922735944
3,rapid_growth,combined_portfolio,nash,1.3100290031421797,0.0,0.4809814358022509,11.742882071518562,0.7132132556403654,0.34928086770774674,0.38390104354368093,0.0,85.9040288384513,4.719771034505871,-0.033096624086808024
4,rapid_growth,combined_portfolio,nash,1.312639782216986,0.0,0.5149417223467899,11.729973218305735,0.7129292177226849,0.3489296040190879,0.3839303636759639,0.0,85.99649508720921,4.717491428511274,-0.03285583659340485
5,rapid_growth,combined_portfolio,nash,1.3130633149944126,0.0,0.5417079909571115,11.727817983759302,0.7128817673017411,0.34887095241490484,0.3839351999384486,0.0,86.01150806984198,4.717110792822199,-0.0326491474607602
6,rapid_growth,combined_portfolio,nash,1.3131316571192415,0.0,0.5502633414737773,11.727468353805511,0.7128740689651599,0.348861437194265,0.38393597751434894,0.0,86.0139310449624,4.717049041112463,-0.03258369014214613
7,rapid_growth,combined_portfolio,nash,1.3131426753951592,0.0,0.5695131756101447,11.727411942096182,0.712872826842601,0.3488599019427716,0.3839361029813073,0.0,86.01432169206394,4.71703907766271,-0.032436970767505624
8,rapid_growth,combined_portfolio,nash,1.3131444515387343,0.0,0.6001306012406753,11.727402847407419,0.7128726265872413,0.3488596544297131,0.38393612320926995,0.0,86.01438466453396,4.717037471356508,-0.03221127683336844
9,rapid_growth,combined_portfolio,nash,1.3131447378462189,0.0,0.6154970613005916,11.727401381349242,0.7128725943061883,0.34885961453076186,0.38393612647000963,0.0,86.01439481545933,4.717037212420944,-0.03210150470857198
10,rapid_growth,combined_portfolio,nash,1.313144783997712,0.0,0.6331419714275126,11.727401145026416,0.7128725891026089,0.3488596080992076,0.3839361269956285,0.0,86.01439645174351,4.717037170681547,-0.03197822564430308
11,rapid_growth,combined_portfolio,nash,1.3131447914371228,0.0,0.6517826183817633,11.727401106932229,0.712872588263815,0.3488596070624696,0.38393612708035607,0.0,86.01439671550509,4.717037163953343,-0.03185110331399943
12,rapid_growth,combined_portfolio,nash,1.313144792636322,0.0,0.6717383415019981,11.72740110079162,0.7128725881286053,0.34885960689535217,0.38393612709401337,0.0,86.01439675802226,4.717037162868786,-0.03171843208601244
13,rapid_growth,combined_portfolio,nash,1.3131447928296276,0.0,0.7022723244434907,11.727401099801785,0.7128725881068102,0.3488596068684137,0.38393612709621494,0.0,86.01439676487583,4.717037162693962,-0.03152198267238093
14,rapid_growth,combined_portfolio,nash,1.3131447928607873,0.0,0.7228321130250146,11.727401099642229,0.712872588103297,0.3488596068640713,0.38393612709656977,0.0,86.01439676598059,4.717037162665781,-0.03139397200333893
15,rapid_growth,combined_portfolio,nash,1.3131447928658102,0.006756165255077502,0.7581830178981269,11.727401099616504,0.7128725881027305,0.34885960686337125,0.38393612709662706,0.0,85.93545958992014,4.717037162661238,-0.03116243557896481
16,rapid_growth,combined_portfolio,nash,1.3115233132054014,0.024648585062569235,0.7892458455522644,11.72740109961236,0.7128725881026392,0.34885960686325845,0.38393612709663616,0.0,85.67252460614701,4.717037162660505,-0.030908616517519194
17,rapid_growth,combined_portfolio,nash,1.306967010324998,0.04677344529422537,0.8267971212646626,11.728739910090393,0.7129020657476126,0.348896042742305,0.3839331499608485,0.0,85.26172875305592,4.717273623485369,-0.030571425658823426
18,rapid_growth,combined_portfolio,nash,1.300912486208319,0.07332886525728521,0.8701325601818974,11.73250145071897,0.7129848699608798,0.3489984001015811,0.38392461286628277,0.0,84.7475454883569,4.717937898593269,-0.030185675328015416
19,rapid_growth,combined_portfolio,nash,1.2935315388883295,0.10389178164856078,0.8971822924110339,11.737509417055216,0.7130950742570085,0.3491346723124832,0.3839132336312667,0.0,84.14062807945668,4.718822269435675,-0.029862707059826743
20,rapid_growth,combined_portfolio,nash,1.2849398438838768,0.12979266438672518,0.9352222165045793,11.743630624841158,0.713229717487941,0.3493012365745234,0.38389934660132363,0.0,83.54560100213143,4.719903222073645,-0.029491390947768092
21,rapid_growth,combined_portfolio,nash,1.2772218799949915,0.15680971037637847,0.9586666728659256,11.75077856879024,0.7133868631679047,0.3494957387286765,0.3838831604356461,0.0,82.96518376954236,4.72116547547275,-0.029206948237683772
22,rapid_growth,combined_portfolio,nash,1.269352943034078,0.1786368875965551,0.9963458958092508,11.757219680198313,0.7135283938796081,0.34967100792087435,0.38386857344292924,0.0,82.43925333392667,4.722302906178676,-0.028880830433651195
23,rapid_growth,combined_portfolio,nash,1.2626675304610488,0.20249042190251834,1.0281953178144243,11.763784060189044,0.7136725596709842,0.3498496580592053,0.38385306676757014,0.0,81.92883856764121,4.723462270874024,-0.028604603165882203
24,rapid_growth,combined_portfolio,nash,1.2556857022808752,0.2248414343797195,1.064466000991278,11.76937803539096,0.713795355097048,0.3500018981805497,0.3838398720633691,0.0,81.42519459611968,4.724450239973829,-0.028319257589963343
25,rapid_growth,combined_portfolio,nash,1.2489815657424312,0.24751420193925686,1.0912923137208528,11.77523687521922,0.7139239070035054,0.3501613462312124,0.38382607194141793,0.0,80.92619019498028,4.725484979706202,-0.028079547098779134
26,rapid_growth,combined_portfolio,nash,1.2422273559632835,0.26676910658283026,1.1463872130509374,11.780879121599527,0.7140476508044715,0.35031489934849813,0.38381280064125556,0.0,80.46445328392804,4.726481458847776,-0.02776124233644417
27,rapid_growth,combined_portfolio,nash,1.2362577194518922,0.2932025570436568,1.1887429344612863,11.786580032888034,0.7141726257535037,0.35047004867386866,0.3837994098967159,0.0,79.9451637175416,4.727488291203927,-0.027500678221652697
28,rapid_growth,combined_portfolio,nash,1.2287002143910284,0.3180669889582775,1.226165198729527,11.791632725140174,0.7142833439253572,0.35060755653470943,0.383787557286684,0.0,79.38800052818199,4.728380635839329,-0.027239572017618396
29,rapid_growth,combined_portfolio,nash,1.221167345461497,0.34009786821390625,1.273300541724008,11.798048513057275,0.7144238682093812,0.3507821603336023,0.3837725281321569,0.0,78.862880971509,4.7295137050940435,-0.026965600383564325
0,critical_infrastructure,baseline,nash,0.7374512703930107,0.318046251150648,0.5825543631046842,3.006840466174304,0.39293091802461055,0.08947680596651127,0.4500559891068663,0.2571428571428571,66.02768068622144,0.0,0.00042094246239221533
1,critical_infrastructure,baseline,nash,0.8189825013421338,0.3140255397638434,0.6034547392182511,2.6920788296437186,0.36977030957555723,0.08013353069089009,0.4476541586973355,0.2571428571428571,70.2858030156244,0.0,-0.0003828479026124487
2,critical_infrastructure,baseline,nash,0.8715458175235754,0.3249409598362357,0.6145724282295807,2.4847637147293735,0.3534106531653249,0.07398062089140017,0.44572263537714174,0.2857142857142857,72.7013968434448,0.0,-0.0008455257560315843
3,critical_infrastructure,baseline,nash,0.9011623328168767,0.33958393121469177,0.6262633002643142,2.3540145792764964,0.34258462846346316,0.07010058076623438,0.4442901552471328,0.2857142857142857,73.90766768332306,0.0,-0.000991931360548426
4,critical_infrastructure,baseline,nash,0.915248046675674,0.35487579431275873,0.640763136255681,2.2809605185563764,0.3363504618753321,0.06793284439563348,0.44343587898071557,0.2857142857142857,74.3672676000221,0.0,-0.0009288533272506783
5,critical_infrastructure,baseline,nash,0.9194392380523949,0.3701636687931143,0.6452496263928619,2.2463163645484747,0.3333453697424292,0.06690489416155518,0.4430703024551095,0.2857142857142857,74.371153890566,0.0,-0.0008716793100913556
6,critical_infrastructure,baseline,nash,0.9174640348867503,0.38123335663021785,0.659492841484065,2.236017178530082,0.33244581482384145,0.06659930608691729,0.4429589736822477,0.2857142857142857,74.14619378774078,0.0,-0.0006577211563212337
7,critical_infrastructure,baseline,nash,0.9129126038168107,0.3923797407617869,0.6642316054990989,2.2408704685092755,0.3328700686296992,0.06674330813953203,0.44301158942579577,0.2857142857142857,73.8021036432665,0.0,-0.0005254326355055294
8,critical_infrastructure,baseline,nash,0.9067328712744184,0.400216361493357,0.6834838855481203,2.252057000690794,0.3338455323979322,0.06707522631107389,0.44313182134586504,0.2857142857142857,73.42324117734394,0.0,-0.00023824651233450567
9,critical_infrastructure,baseline,nash,0.900530720749258,0.41053750963969077,0.6875481805532756,2.2672534262914135,0.3351652966543423,0.06752612821730357,0.44329285403460483,0.2857142857142857,73.01094216061428,0.0,-0.00010607894560554776
10,critical_infrastructure,baseline,nash,0.8935682004409202,0.41743444720728723,0.7012818795964645,2.2825152551329255,0.33648457729898745,0.06797897676918867,0.4434519703685331,0.2857142857142857,72.60424075183012,0.0,0.00012446835340140794
11,critical_infrastructure,baseline,nash,0.8871575893740544,0.42525576424076394,0.7171749542612171,2.2996620412683453,0.3379595022608372,0.06848776282646361,0.4436447822014964,0.2857142857142857,72.20970798148288,0.0,0.00036118558304043535
12,critical_infrastructure,baseline,nash,0.8808124131308053,0.4342765347349067,0.7295491351615381,2.3154641610026596,0.3393119915319507,0.06895665598757972,0.4438343492320165,0.2857142857142857,71.80190278542449,0.0,0.0005631501930398741
13,critical_infrastructure,baseline,nash,0.8741467882167444,0.44283718160745184,0.7418912523936969,2.331120178325616,0.34064563384129853,0.06942122000259798,0.44402079459411925,0.2857142857142857,71.38310619503778,0.0,0.0007661324488004162
14,critical_infrastructure,baseline,nash,0.8674175964097075,0.45103216740145646,0.7616040385838321,2.3475847056337242,0.3420414032690417,0.06990978157234926,0.4442146363548327,0.2857142857142857,70.9639302325674,0.0,0.0010281555655913266
15,critical_infrastructure,baseline,nash,0.8607565971681407,0.4611854348753667,0.7753260969552096,2.3642264398242014,0.34344523654130416,0.07040360816418473,0.4444090599902244,0.2857142857142857,70.52196500240166,0.0,0.0012340057016637651
16,critical_infrastructure,baseline,nash,0.853548782143827,0.4705527657756027,0.8023316948745511,2.38072117914771,0.3448298339975339,0.07089307934406093,0.4445984838276513,0.2857142857142857,70.06170347936866,0.0,0.001549691032707523
17,critical_infrastructure,baseline,nash,0.846232816172305,0.4833018573489648,0.812392291311251,2.3985962028825503,0.3463226884081654,0.07142351682226826,0.44480015719278554,0.2857142857142857,69.55223820634896,0.0,0.0017260078098706444
18,critical_infrastructure,baseline,nash,0.8378321574954317,0.4927746653482635,0.8181288468674613,2.4167694041448793,0.3478324177499879,0.07196281023087342,0.4450014480377844,0.2857142857142857,69.0282694282225,0.0,0.0018841194955809826
19,critical_infrastructure,baseline,nash,0.8297325847102297,0.4990277128623206,0.8249276875911478,2.4376771472919705,0.34955941599861445,0.07258326101880296,0.4452284768810666,0.2857142857142857,68.55538492717831,0.0,0.002041351507233946
20,critical_infrastructure,baseline,nash,0.8227838049061936,0.503809390018078,0.8263917850069085,2.457879196275586,0.35121817441460823,0.07318277916975746,0.44544334310837086,0.2857142857142857,68.15436680163943,0.0,0.0021410939574866283
21,critical_infrastructure,baseline,nash,0.8169942593577912,0.5063191666218201,0.8333529513354724,2.4752474513127907,0.35263652551872093,0.07369820853316546,0.4456246279324563,0.2857142857142857,67.83671696127429,0.0,0.002266173029128904
22,critical_infrastructure,baseline,nash,0.8126106656120516,0.5092431601249705,0.8507673609081485,2.4897454980437734,0.3538150679681506,0.07412846511475173,0.44577357504306514,0.2857142857142857,67.58246131755293,0.0,0.0024462026694793693
23,critical_infrastructure,baseline,nash,0.8089831477184868,0.5154758630803862,0.8652158720972868,2.5007400279863585,0.3547055506384464,0.07445475130435397,0.44588511285028964,0.2857142857142857,67.32448056569935,0.0,0.002592455348491618
24,critical_infrastructure,baseline,nash,0.8048364942269074,0.5226706983032945,0.8701643821846267,2.509849866290132,0.3554412699213303,0.07472510718315285,0.44597662011897476,0.2857142857142857,67.02826819903072,0.0,0.002681048492182092
25,critical_infrastructure,baseline,nash,0.8000743499265645,0.5276109664229556,0.884298413033215,2.520276708075182,0.35628101167202664,0.0750345503822753,0.44608035751776054,0.2857142857142857,66.72806071059145,0.0,0.0028408754315889517
26,critical_infrastructure,baseline,nash,0.7956007506264362,0.5338489302655602,0.9067384801328646,2.53226923850673,0.3572437784860099,0.07539046220225525,0.4461983720104583,0.2857142857142857,66.42520350699455,0.0,0.003044788275274657
27,critical_infrastructure,baseline,nash,0.7909177547213173,0.543060748158863,0.9186673537603255,2.5435532374229664,0.3581466839140916,0.07572534908698789,0.44630816305176957,0.2857142857142857,66.07421300443269,0.0,0.003178109718627642
28,critical_infrastructure,baseline,nash,0.7852095717328132,0.5508199398588671,0.92914499399177,2.555384813926137,0.35909032191187135,0.07607648979745221,0.44642199944411387,0.2857142857142857,65.68790185504933,0.0,0.0033178920607452866
29,critical_infrastructure,baseline,nash,0.7792905301994898,0.5572868433391037,0.9333318432947808,2.569834269938511,0.3602385010682769,0.07650532848882413,0.4465592721903149,0.2857142857142857,65.30493711369337,0.0,0.0034195141346798907
0,critical_infrastructure,subsidy,nash,0.9137613984421754,0.21293388283317133,0.5825543631046842,9.645265172577444,0.6695424135969176,0.2898263182234542,0.4015849421264477,0.02857142857142857,72.9939777805022,2.0287842275641803,-0.004714551592462923
1,critical_infrastructure,subsidy,nash,1.114115164404201,0.13858269372415866,0.6052910265676004,9.25868909197223,0.6590708427376253,0.2785767226157997,0.4062440211824052,0.05714285714285714,82.4856348538414,1.9500370583105981,-0.007386976671373224
2,critical_infrastructure,subsidy,nash,1.2254123057889912,0.10367539902825235,0.6196232007575376,9.03400883463416,0.6528018371355998,0.27207882535051053,0.4091697465772257,0.05714285714285714,87.17134469740076,1.904551777453574,-0.00876915900148112
3,critical_infrastructure,subsidy,nash,1.2778313223041353,0.08925355055559722,0.6353925278026874,8.919275456264828,0.6495462002046415,0.26876102528866214,0.4107935867931416,0.05714285714285714,89.25074842997456,1.881327177020635,-0.009308017830211401
4,critical_infrastructure,subsidy,nash,1.3000759415277106,0.08750638452229148,0.6545250301181098,8.867107440302261,0.6480534239927676,0.2672524669358416,0.4115507671853542,0.05714285714285714,90.0617416204834,1.8707672685508911,-0.00939056693171958
5,critical_infrastructure,subsidy,nash,1.3078498419155722,0.09459401799355871,0.6640491217200007,8.845279938817844,0.6474264915171705,0.26662127614711056,0.4118701264041498,0.05714285714285714,90.2491823365662,1.8663489330297744,-0.00935343496962071
6,critical_infrastructure,subsidy,nash,1.3082075279356338,0.10285657001407017,0.6835655592712252,8.837692613877955,0.6472082417410305,0.2664018719932026,0.4119814923166747,0.05714285714285714,90.16266281234469,1.8648131039524178,-0.009132795912760727
7,critical_infrastructure,subsidy,nash,1.3058424350374271,0.11578357408303086,0.6938352672066227,8.83734400855191,0.6471982100474731,0.2663917913079592,0.4119866135268342,0.05714285714285714,89.9227628052924,1.8647425391557146,-0.008947195110809103
8,critical_infrastructure,subsidy,nash,1.3012116983187187,0.12757641028461852,0.7187636416567293,8.839649864129036,0.6472645582470922,0.26645847016856655,0.4119527464141488,0.05714285714285714,89.61808362641807,1.865209291179966,-0.008616430067472036
9,critical_infrastructure,subsidy,nash,1.2961933417902531,0.14448180750109405,0.7287353907133666,8.844170147071933,0.6473945788066636,0.26658918407536536,0.41188640432767554,0.05714285714285714,89.23569497737381,1.8661242885275575,-0.008392769580521708
10,critical_infrastructure,subsidy,nash,1.2895069995428527,0.15821570140293123,0.7484640225934892,8.849077151007158,0.6475356553691871,0.26673108091740694,0.41181446032200464,0.05714285714285714,88.83416040769418,1.8671175664218485,-0.00808808650058812
11,critical_infrastructure,subsidy,nash,1.2832187718893662,0.17382767813510944,0.7705016764765923,8.85562879983121,0.6477239060071922,0.2669205363728337,0.41171852293033173,0.05714285714285714,88.42160918009755,1.8684437546098356,-0.0077700842685950455
12,critical_infrastructure,subsidy,nash,1.2764788526858575,0.19123820719763482,0.7891716180316072,8.861804814197798,0.6479012488691883,0.2670991296074623,0.41162821099426394,0.05714285714285714,87.97045038377236,1.8696939072522367,-0.007473272473900838
13,critical_infrastructure,subsidy,nash,1.2690329686578974,0.208154903963015,0.8079201913759957,8.868440272903033,0.6480916608520085,0.26729100878952483,0.41153131543832755,0.05714285714285714,87.49949267310878,1.8710370615266738,-0.007176904389634142
14,critical_infrastructure,subsidy,nash,1.2614799211174978,0.22462221638195906,0.8341428301809708,8.875790094168991,0.6483024228839485,0.2675035454764604,0.4114241509473109,0.05714285714285714,87.02875890011642,1.8725248183352226,-0.006837077837122729
15,critical_infrastructure,subsidy,nash,1.2540018807168851,0.24342809001951324,0.8545251577078642,8.883266805915214,0.6485166627236206,0.2677197516047996,0.4113153113538637,0.05714285714285714,86.53049253425449,1.8740382612335975,-0.006538447342852027
16,critical_infrastructure,subsidy,nash,1.2458235042950119,0.26109451290307784,0.8882882641321445,8.890690596602163,0.6487292258519646,0.2679344275165734,0.4112074163741277,0.05714285714285714,86.02014756571226,1.8755409926160143,-0.006160059956204389
17,critical_infrastructure,subsidy,nash,1.2377220796421207,0.2827388959863256,0.9052896264870522,8.898834397489628,0.6489622213822522,0.26816992430570746,0.4110892561842352,0.05714285714285714,85.46165962692453,1.8771894701399525,-0.005882880789162437
18,critical_infrastructure,subsidy,nash,1.228425464011013,0.3001541930656575,0.9180211812378978,8.906927563044041,0.6491935784023809,0.2684039569954945,0.410972036598229,0.05714285714285714,84.91087248615872,1.8788276989684611,-0.005636178643268153
19,critical_infrastructure,subsidy,nash,1.2199494460114715,0.3136434268851217,0.9318491717730535,8.916247238817949,0.6494597633012561,0.26867345724915304,0.4108373061103259,0.05714285714285714,84.43554474313335,1.8807142007440714,-0.005410119497946342
20,critical_infrastructure,subsidy,nash,1.2129060339541204,0.3253528603479713,0.9403967055279182,8.924775223721113,0.6497031171332256,0.2689200640669715,0.4107142579267129,0.05714285714285714,84.03274736511345,1.8824404484688007,-0.005239374475225933
21,critical_infrastructure,subsidy,nash,1.2068796616977515,0.3342493574983343,0.9544683062476081,8.931884724662181,0.6499058334583195,0.26912565218889617,0.4106118494651727,0.05714285714285714,83.70106070452995,1.883879565322274,-0.005061733107306399
22,critical_infrastructure,subsidy,nash,1.2020432531137373,0.3435260466220026,0.9790617427515572,8.937984435878194,0.6500796415811105,0.2693020399249416,0.4105241113855487,0.05714285714285714,83.40772097017242,1.8851142794745916,-0.004845270704115112
23,critical_infrastructure,subsidy,nash,1.1975095193753313,0.3564649085486944,1.0008178405328283,8.942891065783966,0.6502193760643227,0.2694439269186648,0.4104536181145384,0.05714285714285714,83.0802563209815,1.8861074884306537,-0.004641778864991952
24,critical_infrastructure,subsidy,nash,1.1919775961761734,0.3701414343029414,1.013166813621685,8.947499929641,0.650350567763,0.2695772033377056,0.4103874705731039,0.05714285714285714,82.70659380133414,1.8870404233639393,-0.004474682570496213
25,critical_infrastructure,subsidy,nash,1.1858491004684795,0.3809147381490594,1.0347298601264423,8.953135865854753,0.6505109125767685,0.269740180092848,0.410306671277904,0.05714285714285714,82.34548159169167,1.8881812606499353,-0.004267662330850186
26,critical_infrastructure,subsidy,nash,1.1803578098646417,0.3931488743467408,1.0646893035414213,8.959395638146047,0.6506888994043036,0.26992119665842973,0.41021704301678086,0.05714285714285714,81.98879384744772,1.889448376609008,-0.004031707858333178
27,critical_infrastructure,subsidy,nash,1.174649489858043,0.40864208332567575,1.0842693920209325,8.965019083330777,0.6508486979024196,0.270083812345802,0.41013662844299414,0.05714285714285714,81.5833518229313,1.890586686420614,-0.0038372977570722
28,critical_infrastructure,subsidy,nash,1.1678691774696308,0.4221551611468267,1.102454727040562,8.97087954104141,0.6510151355315664,0.27025328190149456,0.41005292782219804,0.05714285714285714,81.16129176393243,1.8917729733104616,-0.0036448203212187114
29,critical_infrastructure,subsidy,nash,1.1612642796348225,0.43411623067885846,1.1144015589634306,8.977860396969604,0.6512132649717995,0.2704551506229145,0.40995336256382364,0.05714285714285714,80.76329587774215,1.8931860543604015,-0.003487161465808075
0,critical_infrastructure,penalty,nash,0.8043521941287747,0.26816133577850265,0.5825543631046842,4.8052837319222315,0.49789122163551924,0.14602818943351892,0.39319390990990044,0.0,69.4641707055067,0.35000000000000003,-0.0018781928485225308
1,critical_infrastructure,penalty,nash,0.9460992005001053,0.22878019210910963,0.6042318712543304,4.565890746937908,0.4859698546083375,0.1392131720502885,0.39758628544067687,0.0,76.66270284563073,0.35000000000000003,-0.0037582169688636924
2,critical_infrastructure,penalty,nash,1.039011413950018,0.21975963545250088,0.6168121593046294,4.191563580402614,0.4662604728198516,0.12746502259990944,0.38879995295657976,0.0,80.77066607186508,0.35000000000000003,-0.004789776361610265
3,critical_infrastructure,penalty,nash,1.096020311853919,0.2209561392571751,0.6304264235538468,4.092970372194612,0.4608325773482947,0.12477196557286092,0.3911522397713769,0.0,83.06613955588078,0.35000000000000003,-0.005367410187245181
4,critical_infrastructure,penalty,nash,1.1269477802795467,0.22911170312914791,0.6472022225429301,3.983157569618027,0.4546619078573132,0.12151173716312706,0.39051194816420365,0.0,84.18344016510734,0.35000000000000003,-0.00552609523398484
5,critical_infrastructure,penalty,nash,1.1415823441071853,0.241156506858005,0.6542240532387374,3.9432265344274735,0.4523843069668791,0.12026261898719692,0.3904692302681796,0.0,84.59978247898715,0.35000000000000003,-0.005584266001822824
6,critical_infrastructure,penalty,nash,1.1455442602463357,0.2519710899765219,0.6711581925157478,3.89892256403925,0.4498356497418624,0.11868536708193098,0.38946451889210554,0.0,84.62074562745232,0.35000000000000003,-0.005411411472448835
7,critical_infrastructure,penalty,nash,1.144436167166504,0.2647815526155484,0.678730224173464,3.892118743967079,0.449442208578451,0.11848170430982284,0.38945559728173396,0.0,84.42154286452664,0.35000000000000003,-0.005274760305236548
8,critical_infrastructure,penalty,nash,1.1399958118606897,0.2751023915472097,0.700888599248587,3.8940213719423658,0.4495522859985528,0.11853865678462562,0.3894581001122259,0.0,84.12498737511135,0.35000000000000003,-0.004978400853429044
9,critical_infrastructure,penalty,nash,1.134504271428853,0.28896579734083927,0.7079713032824706,3.901647991278916,0.44999309842486834,0.11876694894747246,0.38946807048013277,0.0,83.74331140740102,0.35000000000000003,-0.00479869672619726
10,critical_infrastructure,penalty,nash,1.12740607559635,0.299361392738085,0.7247576690285634,3.912684747923219,0.45062980107892475,0.11910102353337117,0.3896219215291341,0.0,83.34113416647413,0.35000000000000003,-0.00453071500970581
11,critical_infrastructure,penalty,nash,1.120755505304329,0.3106561058192933,0.7437695272030762,3.9424386738403334,0.4523391838317738,0.12023903398060128,0.3904652203696528,0.0,82.94380060867206,0.35000000000000003,-0.004262109670141623
12,critical_infrastructure,penalty,nash,1.1137635767630452,0.32353221398817106,0.7593346448730467,3.9538765237293,0.4529935590671332,0.12058143197753583,0.3905232221649073,0.0,82.51264616563819,0.35000000000000003,-0.004009942417119827
13,critical_infrastructure,penalty,nash,1.105853270543007,0.3362841122560256,0.7749172818447957,3.9521936284431978,0.4528973731506674,0.1205853400968308,0.39031166478017854,0.0,82.04794867509712,0.35000000000000003,-0.003745071624131624
14,critical_infrastructure,penalty,nash,1.097976141214474,0.3482159816832397,0.7979098556342948,3.979780931391129,0.4544700176162955,0.12135766581575094,0.39065414696478373,0.0,81.58817527885184,0.35000000000000003,-0.003446992089366274
15,critical_infrastructure,penalty,nash,1.0898396740492098,0.36264356379725626,0.8149809449262895,3.97975205256196,0.4544683759064757,0.12140990113341561,0.39048977341334923,0.0,81.09011318764247,0.35000000000000003,-0.0031768290716784886
16,critical_infrastructure,penalty,nash,1.0812757104263837,0.3757734196447464,0.8453707267601607,4.005354472723199,0.4559201032543386,0.12213499828229217,0.39068920076078784,0.0,80.58498916872016,0.35000000000000003,-0.002831380972105002
17,critical_infrastructure,penalty,nash,1.0726363266476957,0.3926177001147832,0.8589009723255293,4.020207883381326,0.4567589324774437,0.12257952948036051,0.39077541213017297,0.0,80.03064433398478,0.35000000000000003,-0.0025938228314901224
18,critical_infrastructure,penalty,nash,1.06282731010362,0.40579232224097195,0.8681244317413085,4.035216409057854,0.45760400453697786,0.1230287035186084,0.3908638276680827,0.0,79.47212566806462,0.35000000000000003,-0.0023801303627615233
19,critical_infrastructure,penalty,nash,1.0534582383423565,0.4154567489770944,0.8784152714585098,4.052288372676165,0.4585622040063637,0.12353963265439202,0.3909633661567302,0.0,78.9715881247195,0.35000000000000003,-0.0021759959192437783
20,critical_infrastructure,penalty,nash,1.0452375447086024,0.4236602686046722,0.8833846077428641,4.062288780181163,0.45912199498568224,0.12382874543843858,0.39067020853795364,0.0,78.53499514479698,0.35000000000000003,-0.0020216613176997633
21,critical_infrastructure,penalty,nash,1.038073712412292,0.4294134225075844,0.8938463570267355,4.0703251708314365,0.4595710457321901,0.12416218791460053,0.3909729591997002,0.0,78.16949007582792,0.35000000000000003,-0.0018526827372682408
22,critical_infrastructure,penalty,nash,1.0326011711676122,0.4351995089964322,0.9147765507072031,4.094618637009694,0.4609241806998954,0.12482126267043606,0.39116437796872794,0.0,77.86916230714823,0.35000000000000003,-0.0016536503167876582
23,critical_infrastructure,penalty,nash,1.0275379566504665,0.4447696379417617,0.9327950413532654,4.091521214211444,0.460752014989916,0.12477671600717094,0.39107400306711804,0.0,77.54271741511288,0.35000000000000003,-0.001462655670299462
24,critical_infrastructure,penalty,nash,1.0220673849771966,0.4548470783275659,0.9413447922555656,4.111362425346692,0.461853051146223,0.1253319982593377,0.3912119801056593,0.0,77.18847741061954,0.35000000000000003,-0.0013326835980087548
25,critical_infrastructure,penalty,nash,1.0166716638922144,0.4617636850311132,0.9590856055278362,4.153093234525743,0.4641549119839117,0.12638809594321515,0.39238542877554283,0.0,76.87707419892065,0.35000000000000003,-0.0011696101510965118
26,critical_infrastructure,penalty,nash,1.0116815093226785,0.47033800606927834,0.9851838081820156,4.167644007048211,0.46495314815991284,0.12681303411264344,0.3926281819041084,0.0,76.56017616069128,0.35000000000000003,-0.0009571593872135242
27,critical_infrastructure,penalty,nash,1.0063834540036394,0.48220511512103115,1.000840518239235,4.179923932584815,0.4656250617714774,0.1272095707175562,0.3928575829430643,0.0,76.18925114843996,0.35000000000000003,-0.0007948592781312769
28,critical_infrastructure,penalty,nash,0.9998459149758063,0.492552797963121,1.0150740842526165,4.189384774770883,0.4661416397672443,0.12749243471014654,0.39293260422115184,0.0,75.78445691275371,0.35000000000000003,-0.0006263061061357877
29,critical_infrastructure,penalty,nash,0.9938627509880142,0.500835748403092,1.0230382231200528,4.237261897531831,0.46874145346093576,0.12921006829721654,0.39618114577886154,0.0,75.42683381513692,0.35000000000000003,-0.0005173999451431044
0,critical_infrastructure,reputation,nash,0.9087494836439477,0.2159218804035674,0.5825543631046842,9.353650213797989,0.6616792620958752,0.2819822180825765,0.3542768815637849,0.0,74.67867484087189,0.12406937108852396,-0.004597045247619835
1,critical_infrastructure,reputation,nash,1.1074529250042489,0.1430427122007237,0.6052388269813268,9.013918713224971,0.6522344636834416,0.27211389823352117,0.35653899568136405,0.0,84.03128876116249,0.1223901678750488,-0.0072518146038096365
2,critical_infrastructure,reputation,nash,1.2193369002459724,0.10873342964246549,0.6194938526373477,8.81902314385982,0.6466704960353719,0.26636685536030086,0.3578083963564376,0.0,88.69896576382472,0.12138666331735685,-0.00864428288333352
3,critical_infrastructure,reputation,nash,1.272802306176474,0.09449074115482631,0.6351809822637913,8.718979462140062,0.6437713567113054,0.2634144747478044,0.3585427434269699,0.0,90.7942970557599,0.12086351197992362,-0.009198071196509394
4,critical_infrastructure,reputation,nash,1.2958043725807908,0.09273667661777929,0.6542322940738617,8.672998792804993,0.6424288706791881,0.26205675717090093,0.3588862223121754,0.0,91.6223245657649,0.12062115106510848,-0.009291696732186105
5,critical_infrastructure,reputation,nash,1.3040115458102044,0.09973457983476702,0.6636759571576369,8.653541014162279,0.6418588441241815,0.2614822134762756,0.3590328902795732,0.0,91.82162487714547,0.12051825036995997,-0.009261589824510974
6,critical_infrastructure,reputation,nash,1.3045979794903382,0.10788994318245806,0.6831127848866339,8.646642783866806,0.6416564806852527,0.2612785253418399,0.35908507724234084,0.0,91.74264271768655,0.12048172090713198,-0.009045340605115193
7,critical_infrastructure,reputation,nash,1.3023421794955434,0.12069316303538455,0.6933016557426466,8.646150751107331,0.6416420411009421,0.2612639968155081,0.3590888034111621,0.0,91.50778789056544,0.12047911437815476,-0.0088626583985425
8,critical_infrastructure,reputation,nash,1.297766435177395,0.13237059960453273,0.7181484385674025,8.64804405833662,0.641697599564088,0.26131990156851526,0.35907446815834065,0.0,91.2066072913801,0.12048914340351084,-0.00853402110259105
9,critical_infrastructure,reputation,nash,1.2927660743339169,0.1491475129519672,0.7280360113444013,8.651889794058892,0.6418104178273845,0.26143345688214237,0.3590453731337384,0.0,90.82707441110327,0.12050950869035114,-0.008312102251610609
10,critical_infrastructure,reputation,nash,1.2860867062927515,0.16276911755640724,0.7476793467067196,8.656100568908759,0.6419338933128222,0.2615577910765628,0.3590135518866864,0.0,90.42777162999319,0.12053179794434257,-0.008008810485976126
11,critical_infrastructure,reputation,nash,1.2797844623504713,0.178267149234712,0.7696294471200735,8.661738688518342,0.642099139534304,0.26172427162905376,0.3589710020454706,0.0,90.01714077132448,0.120561627776491,-0.007691922207360147
12,critical_infrastructure,reputation,nash,1.2730268944716654,0.19556063283582908,0.7882093034178159,8.667072779682764,0.6422553863169511,0.2618817751948853,0.35893080765526686,0.0,89.56768262793439,0.12058983337642622,-0.007396186726403631
13,critical_infrastructure,reputation,nash,1.2655594952567648,0.21236541218321553,0.8068656686138135,8.672807904561235,0.6424232840721167,0.2620511206610258,0.3588876573545112,0.0,89.09826453955925,0.12062014255536947,-0.0071007487445535755
14,critical_infrastructure,reputation,nash,1.2579765367579623,0.2287257329712685,0.8329939496965635,8.679164592312517,0.6426092620171943,0.26223881984267977,0.3588399102681781,0.0,88.62885300711542,0.12065371602361746,-0.006761624048378767
15,critical_infrastructure,reputation,nash,1.2504631401894692,0.24741931920573343,0.8532790304633429,8.685640538165591,0.642798603547323,0.26243004083265575,0.35879135343658963,0.0,88.13179837430197,0.12068789715655878,-0.006463685791143536
16,critical_infrastructure,reputation,nash,1.2422493570174975,0.2649799756574467,0.8869426436828813,8.692078184155228,0.6429866998451319,0.2626201312837025,0.3587431696375325,0.0,87.62249337655179,0.12072185394858108,-0.006085789369209227
17,critical_infrastructure,reputation,nash,1.2341048566660224,0.2865084084689942,0.9038410687719904,8.699140392918725,0.6431929010778815,0.26282866421875195,0.3586904093924259,0.0,87.06504471304056,0.12075907972425583,-0.005809201305134293
18,critical_infrastructure,reputation,nash,1.2247657060406474,0.3038251921927084,0.9164679159985715,8.70616870420946,0.6433979635700792,0.26303619667413897,0.35863800414050573,0.0,86.51496014091632,0.12079610046275412,-0.00556291583377444
19,critical_infrastructure,reputation,nash,1.216232471806892,0.31723120022092144,0.930189592932674,8.714260008552383,0.6436338568329197,0.2632751178095658,0.3585777982277001,0.0,86.0399364064112,0.12083868786838357,-0.005336916267426162
20,critical_infrastructure,reputation,nash,1.2091277897295112,0.32886225543537595,0.9386287480228517,8.72168361446337,0.643850111300256,0.2634943235702948,0.3585226782039488,0.0,85.6371542897577,0.12087773037569922,-0.005166198191968174
21,critical_infrastructure,reputation,nash,1.2030478308246986,0.3376865065434948,0.9525902233251968,8.727887093802963,0.6440306960714802,0.26367750156044634,0.35847670370399287,0.0,85.30543583004925,0.1209103335468633,-0.004988557118166703
22,critical_infrastructure,reputation,nash,1.1981663380318006,0.34688607540313365,0.9770712487121592,8.733212450250628,0.64418562663744,0.26383475037766463,0.35843729944480907,0.0,85.01230347268658,0.12093830538381643,-0.004772119694515631
23,critical_infrastructure,reputation,nash,1.193601148972434,0.3597338464298503,0.9987119149530062,8.737499329004185,0.6443102832060066,0.26396133487899465,0.3584056210579889,0.0,84.68546739903546,0.120960811644538,-0.004568976963135185
24,critical_infrastructure,reputation,nash,1.1880491749973099,0.37331806445221827,1.010943115957723,8.741513783929006,0.6444269683134782,0.26407981600791364,0.3583755051952451,0.0,84.31269694261958,0.12098186833338608,-0.0044024578335792874
25,critical_infrastructure,reputation,nash,1.1818972128308287,0.3840107773095153,1.0323870466521994,8.746405788668088,0.644569095509483,0.26422416147438965,0.35833856056675906,0.0,83.95237116500627,0.12100751016442836,-0.004195695934141375
26,critical_infrastructure,reputation,nash,1.1763727828383668,0.3961612929132464,1.0622250678752683,8.751842146892143,0.6447269541206747,0.26438456902455243,0.35829756204165153,0.0,83.59633992544936,0.12103599047243932,-0.003959795776641517
27,critical_infrastructure,reputation,nash,1.1706334322146708,0.4115630114860215,1.081680786717702,8.75673820441307,0.6448690484158839,0.2645290343800588,0.3582606895490128,0.0,83.19154853787951,0.1210616269055962,-0.003765685543720032
28,critical_infrastructure,reputation,nash,1.1638233273749115,0.4249944464912826,1.0997399452538237,8.761839191910653,0.6450170144031802,0.26467954664877436,0.3582223253605259,0.0,82.7699918526439,0.1210883229709099,-0.0035734126746485018
29,critical_infrastructure,reputation,nash,1.1571773999802015,0.4368810977992759,1.1115587970633711,8.76791121023505,0.6451930466300839,0.26485871083914486,0.358176726680159,0.0,82.37224167942023,0.12112008311439008,-0.003415821006187203
0,critical_infrastructure,matching_fund,nash,0.8364857553789561,0.3070861433694547,0.5825543631046842,3.4365936572522764,0.4217733069224876,0.102235692024876,0.45251944776487796,0.22857142857142856,70.77305696710438,0.3757161681914194,-0.002567781784361234
1,critical_infrastructure,matching_fund,nash,0.9571742818452199,0.30468235755250883,0.6040998418187545,2.779328035995761,0.37638233674032123,0.08272324317646648,0.44837454456324544,0.2571428571428571,76.50679915905783,0.30400791867351434,-0.003637392278893481
2,critical_infrastructure,matching_fund,nash,1.0176127012505296,0.32106113502238,0.6161101695601222,2.4314146237143066,0.34904323030445195,0.07239741555097179,0.44516097765527873,0.2857142857142857,78.95797785913177,0.26606050214982124,-0.004007893806824203
3,critical_infrastructure,matching_fund,nash,1.042426121681567,0.34088691163099333,0.6287243386984736,2.2570295067667105,0.33427805733529004,0.0672227677417077,0.4431848027108811,0.2857142857142857,79.77267948209416,0.24704367145077577,-0.003989794568147742
4,critical_infrastructure,matching_fund,nash,1.0487039411445338,0.35969572848254744,0.6441049050680278,2.1848919783913043,0.3279376118402426,0.0650824080688992,0.4423893911994454,0.2857142857142857,79.81069329932332,0.23917784965320465,-0.003791380391891863
5,critical_infrastructure,matching_fund,nash,1.0461590589580416,0.37686369941599523,0.6494251197130334,2.1665685505518364,0.3263042210145338,0.06453876478345122,0.4421860289290742,0.2857142857142857,79.49857233778557,0.23717996057918325,-0.0036304943487210917
6,critical_infrastructure,matching_fund,nash,1.0397526328833362,0.388722858567357,0.6644603948266128,2.174000331552218,0.3269678428474794,0.06475925938632536,0.4422674943082636,0.2857142857142857,79.08871103648642,0.23799027824474567,-0.003376040436903649
7,critical_infrastructure,matching_fund,nash,1.033034598665131,0.40008370502980695,0.6699826159295456,2.1926856496309544,0.32862951025100356,0.06531364369375485,0.4424780128009995,0.2857142857142857,78.66879834090139,0.2400276405745491,-0.0032181196760918684
8,critical_infrastructure,matching_fund,nash,1.0263146065020299,0.40798400312586824,0.6900178236091741,2.21224587351186,0.33035859575134136,0.06589399640129144,0.4426972240520919,0.2857142857142857,78.2898633572887,0.24216043677474602,-0.002949921982094761
9,critical_infrastructure,matching_fund,nash,1.0206338344215196,0.41838098846834415,0.6948913455188288,2.2317793773428063,0.33207484372356183,0.06647356672674684,0.44291280415564116,0.2857142857142857,77.92201348208494,0.2442903577207946,-0.002819680655232748
10,critical_infrastructure,matching_fund,nash,1.0147173978311357,0.425499758037019,0.7094513719594691,2.2482685503040476,0.33351555641280906,0.06696281795747158,0.44309126549672606,0.2857142857142857,77.5842237163566,0.24608835599370796,-0.0026155570716157595
11,critical_infrastructure,matching_fund,nash,1.0096695027944937,0.43365361379047623,0.7262005201776555,2.265420432126595,0.3350064325035702,0.06747174007126644,0.44327356891664893,0.2857142857142857,77.26890698742292,0.24795864476190407,-0.002407835732012087
12,critical_infrastructure,matching_fund,nash,1.0047393700741947,0.4431064113223553,0.7394642122343222,2.280038341405956,0.33627088256223847,0.0679054814481485,0.4434263219656682,0.2857142857142857,76.94217601243648,0.24955264432194574,-0.002227347861118112
13,critical_infrastructure,matching_fund,nash,0.9994780635803118,0.4521713953343064,0.7527251457232759,2.294301938126014,0.3374992642749942,0.06832871497542048,0.4435797554704968,0.2857142857142857,76.60546315971293,0.25110802753467026,-0.002046663155104156
14,critical_infrastructure,matching_fund,nash,0.9941706633975265,0.4609090898244214,0.7733854921256459,2.3095101908585205,0.33880315491483265,0.06877998428031964,0.44376329575963225,0.2857142857142857,76.26972224387507,0.2527664422301747,-0.0018177253085611689
15,critical_infrastructure,matching_fund,nash,0.9889391628233865,0.4716072987703871,0.7880918672835878,2.3248386461597548,0.3401113022167885,0.06923482616318864,0.4439461853704898,0.2857142857142857,75.9120846154548,0.25443798614971824,-0.0016330781905318226
16,critical_infrastructure,matching_fund,nash,0.9831570896665786,0.4815340117312831,0.8161120846643644,2.3399361388707534,0.3413938568724271,0.06968282034681564,0.4441246805064367,0.2857142857142857,75.53945916764056,0.2560843647745475,-0.0013583794696465645
17,critical_infrastructure,matching_fund,nash,0.9773358673141765,0.4948003089068813,0.8272322735591994,2.3566101936670556,0.3428036228726275,0.07017760295566439,0.4443204977497375,0.2857142857142857,75.12254061066255,0.2579026908620666,-0.0011955534047238814
18,critical_infrastructure,matching_fund,nash,0.9704935203978875,0.5048149220036091,0.8340554833836445,2.373385430269851,0.3442148943371898,0.07067539474211046,0.4445146394386601,0.2857142857142857,74.70028508393077,0.2597320756772559,-0.0010544381432522343
19,critical_infrastructure,matching_fund,nash,0.9641243510700652,0.5116431803849548,0.8419639775719829,2.3930901467710153,0.3458636818452422,0.07126012500045324,0.44473842943699515,0.2857142857142857,74.33571983578058,0.26188095937666567,-0.0009226418107006751
20,critical_infrastructure,matching_fund,nash,0.9589433619652178,0.5170498838043582,0.8445636608353416,2.411421327446617,0.3473889644812614,0.07180410419110421,0.4449425980873096,0.2857142857142857,74.03948656759876,0.26388008290230797,-0.0008416835762321551
21,critical_infrastructure,matching_fund,nash,0.9547727789100635,0.5202608643954753,0.8526806873813998,2.426326348003594,0.34862313732202155,0.07224641749060187,0.4451058194401667,0.2857142857142857,73.8143656972923,0.2655055842779619,-0.0007423427398891569
22,critical_infrastructure,matching_fund,nash,0.9517575788580132,0.52392083831945,0.871276186629839,2.438321075674689,0.34961243818133697,0.07260237016579912,0.4452353931722004,0.2857142857142857,73.63448740292658,0.2668137103593118,-0.0005948944961458036
23,critical_infrastructure,matching_fund,nash,0.9491758898887435,0.5308565511887633,0.886940799414478,2.4469912575228214,0.3503253906527509,0.07285966641796822,0.4453280823042072,0.2857142857142857,73.43365523223332,0.26775927408603317,-0.00046585318968883627
24,critical_infrastructure,matching_fund,nash,0.9458246252170337,0.5387090632683842,0.8931341725482691,2.454413958850845,0.3509343389410247,0.07307994377383403,0.44540679612920164,0.2857142857142857,73.18751718466216,0.26856879336884015,-0.0003795003540290054
25,critical_infrastructure,matching_fund,nash,0.941819323083426,0.5442906892098223,0.9085290147086443,2.464048227534559,0.3517227727724794,0.07336585379282366,0.4455080936641995,0.2857142857142857,72.93953922246965,0.26961951268862694,-0.00023957074557134916
26,critical_infrastructure,matching_fund,nash,0.938172939847028,0.551117366803112,0.9322565967809653,2.4755614897037437,0.3526621056742752,0.07370752816014788,0.44562787699198236,0.2857142857142857,72.69123108288825,0.27087516598854344,-6.3389822406279e-05
27,critical_infrastructure,matching_fund,nash,0.9343293121022633,0.5608447828645895,0.9455100286027904,2.4860422109388702,0.35351449497458876,0.07401856273150828,0.4457357322082478,0.2857142857142857,72.39807859006679,0.27201821803829296,6.071057679024605e-05
28,critical_infrastructure,matching_fund,nash,0.9295178474234219,0.5691104920450473,0.957337295630122,2.4970893923786712,0.3544101843256899,0.07434641059960678,0.4458482117869844,0.2857142857142857,72.07894635553912,0.2732230589535549,0.00018667877759026563
29,critical_infrastructure,matching_fund,nash,0.9246674125934579,0.5760884466069367,0.9628979697699193,2.510918182247092,0.355527423015963,0.07475681208670423,0.4459872976786048,0.2857142857142857,71.77252839119237,0.2747312844186381,0.0002770798439711841
0,critical_infrastructure,threshold_governance,nash,0.8021558641970911,0.24437521231692588,0.5825543631046842,3.9930463034226733,0.4552231254817739,0.12030211079660129,0.39444756256263114,0.05714285714285714,67.13491694247583,3.0108,-0.001543987468336283
1,critical_infrastructure,threshold_governance,nash,0.9483221779651096,0.1939376190218804,0.604410644673568,3.622386254451166,0.43338687849720176,0.10900241618024932,0.3927602059641029,0.05714285714285714,74.67034841306852,3.0108,-0.003454943338328853
2,critical_infrastructure,threshold_governance,nash,1.0531844588668413,0.1776357555639354,0.617297234006842,3.3391757121597467,0.4154879869510777,0.10062404342689821,0.3923389197229765,0.05714285714285714,79.34255318156977,3.0108,-0.004690356800051365
3,critical_infrastructure,threshold_governance,nash,1.1213573741208775,0.17666935262103323,0.6313628792155628,3.176530097442898,0.40467289255732425,0.09634770407396684,0.3994345932624017,0.08571428571428572,82.06922959057064,3.0162,-0.0053732565472977
4,critical_infrastructure,threshold_governance,nash,1.1607298647367752,0.18566466811862842,0.6486952206371431,3.018379872036382,0.3937450270532338,0.0917713212249956,0.39730460727385064,0.11428571428571428,83.46759159121841,3.0216,-0.00557701685982348
5,critical_infrastructure,threshold_governance,nash,1.1814800616020347,0.19891313713348097,0.6563438376719506,2.9765433618827797,0.39078223681792223,0.0902500292560388,0.39932309147193323,0.11428571428571428,84.08512393043449,3.0216,-0.005698710161866627
6,critical_infrastructure,threshold_governance,nash,1.1895458978206956,0.2107156611377265,0.6739507547414313,2.9431226225704665,0.3883929540334563,0.0893637380662672,0.4007760186833629,0.11428571428571428,84.23949333262564,3.0216,-0.005559970939648995
7,critical_infrastructure,threshold_governance,nash,1.1906524522545647,0.22481508682125112,0.6822417222392352,2.9289685978718722,0.38737495799592225,0.08896532538005558,0.401173192128502,0.14285714285714285,84.10220628218295,3.027,-0.005433489408481318
8,critical_infrastructure,threshold_governance,nash,1.1870570417555717,0.23635086768952301,0.7051417166380562,2.9268769382191415,0.38722420918952066,0.08890313277633197,0.4011801187577202,0.14285714285714285,83.8276258726412,3.027,-0.005124162248110631
9,critical_infrastructure,threshold_governance,nash,1.1813813028686158,0.25166544923766293,0.7129949330044903,2.9253970310876216,0.3871175017220731,0.08875908630014152,0.3996029661415301,0.11428571428571428,83.4350153965465,3.0216,-0.004925070415055632
10,critical_infrastructure,threshold_governance,nash,1.1736635247989207,0.26300610707189276,0.7305560728783782,2.943309485440383,0.3884063692668934,0.08936929941761343,0.40077566012779875,0.11428571428571428,83.00638366947139,3.0216,-0.004640150806292098
11,critical_infrastructure,threshold_governance,nash,1.1658297678044842,0.27555291786215724,0.7503577127160017,2.9579056758706526,0.3894522975689024,0.08980370773327973,0.40074759559349227,0.11428571428571428,82.55773548979883,3.0216,-0.004335126188700356
12,critical_infrastructure,threshold_governance,nash,1.1577520733962718,0.28920379264985313,0.7667216389135924,2.9823412335227393,0.3911946877164179,0.09048030383724295,0.40159058886866683,0.11428571428571428,82.08440097714119,3.0216,-0.004068140423757249
13,critical_infrastructure,threshold_governance,nash,1.1487069705201707,0.30278027122697077,0.7831132964592427,2.982342875202605,0.39119480441772075,0.0904228412097126,0.39935719291597116,0.11428571428571428,81.575897070613,3.0216,-0.003775693734651142
14,critical_infrastructure,threshold_governance,nash,1.139582641323679,0.31551691195407505,0.8069232391972121,3.0073025324038203,0.3929635619916305,0.09114651518984694,0.4003030759843407,0.11428571428571428,81.06941413794159,3.0216,-0.0034510615809297818
15,critical_infrastructure,threshold_governance,nash,1.130433315988813,0.330499211305859,0.8248248188409653,3.021374221983429,0.39395589744145165,0.09167388032642809,0.400135287798949,0.11428571428571428,80.53301290279803,3.0216,-0.0031669406503906927
16,critical_infrastructure,threshold_governance,nash,1.1208246990805535,0.34422401957904164,0.8560563671876483,3.0466425198720026,0.39572913289482686,0.09238538051229461,0.4011626829181578,0.11428571428571428,79.99149033429873,3.0216,-0.002798627140081278
17,critical_infrastructure,threshold_governance,nash,1.1101550010428556,0.3629742605385224,0.8704490537926178,3.0194250358403156,0.3938186482191326,0.09180227925048866,0.3973107644870728,0.11428571428571428,79.34639395473991,3.0216,-0.0024962528480392265
18,critical_infrastructure,threshold_governance,nash,1.0983460971889374,0.377292508848807,0.8805162783425441,3.0403558494647576,0.39528899454337546,0.09242225861530606,0.39743282861474905,0.11428571428571428,78.70583297064726,3.0216,-0.0022558381058817023
19,critical_infrastructure,threshold_governance,nash,1.08719464478441,0.38762727365662936,0.8916369360796412,3.06351529537544,0.396907047042277,0.09310825799997516,0.39758534982031124,0.11428571428571428,78.13621760154865,3.0216,-0.0020278873232018046
20,critical_infrastructure,threshold_governance,nash,1.0776079210723555,0.3961413675202623,0.8974298976532926,3.0853840210786165,0.3984264793493942,0.09375603199853298,0.39773974312547256,0.11428571428571428,77.64801055856721,3.0216,-0.001859822686504753
21,critical_infrastructure,threshold_governance,nash,1.0694678041966457,0.4020075952456685,0.9087128918198423,3.1041866284837227,0.3997263899813253,0.09431298955662755,0.39787019657745115,0.11428571428571428,77.24811605606571,3.0216,-0.0016790958187680172
22,critical_infrastructure,threshold_governance,nash,1.0634105481021248,0.40778954533636286,0.9304716499018122,3.1387306650655717,0.4020991317391042,0.09516841718601673,0.39829890494468545,0.11428571428571428,76.93157319357813,3.0216,-0.0014759752013764338
23,critical_infrastructure,threshold_governance,nash,1.0582830993940808,0.41724428113226625,0.9493379262345301,3.156382194394048,0.40330393596831854,0.09575064427384218,0.3992578463287364,0.08571428571428572,76.61122538043938,3.0162,-0.0012917087364994195
24,critical_infrastructure,threshold_governance,nash,1.052453772742079,0.4277898757913707,0.958757978713376,3.1664831211510394,0.403991074586043,0.09604997296131217,0.39934615131313955,0.08571428571428572,76.24377384792605,3.0162,-0.001150291438843487
25,critical_infrastructure,threshold_governance,nash,1.04588398717383,0.4358142394777448,0.9773746124156203,3.1779701836500447,0.4047704867117432,0.09639037954385653,0.3994474551788598,0.08571428571428572,75.87597417273543,3.0162,-0.0009513238462368623
26,critical_infrastructure,threshold_governance,nash,1.0396333580091817,0.4452955415243905,1.0043442408465413,3.190921551329387,0.4056466878607718,0.09677418104776217,0.3995625000534275,0.08571428571428572,75.50183895398887,3.0162,-0.0007151683614254889
27,critical_infrastructure,threshold_governance,nash,1.0324341649717188,0.45867041326374186,1.0208733779742412,3.176165571102687,0.404648183393664,0.09599291159768349,0.39431069563491405,0.08571428571428572,75.04057284413247,3.0162,-0.0005053281091913497
28,critical_infrastructure,threshold_governance,nash,1.024004731044101,0.47008561370190055,1.0359568540231074,3.18318774427333,0.4051237975190124,0.09611769530267197,0.39307773749286246,0.08571428571428572,74.55058442747765,3.0162,-0.0003061775103756492
29,critical_infrastructure,threshold_governance,nash,1.015923804814366,0.47944136369733364,1.0447522219267855,3.211487576900549,0.40703249630357663,0.09694664938402758,0.3948960921405975,0.08571428571428572,74.0965098726824,3.0162,-0.0001626133810270769
0,critical_infrastructure,combined_portfolio,nash,1.045454782950071,0.15531309320348027,0.5825543631046842,11.539905419487736,0.7159129126224203,0.34689982179940265,0.3525348981758678,0.0,76.16615549032657,4.704318148615169,-0.007310694039784238
1,critical_infrastructure,combined_portfolio,nash,1.27841768681477,0.04499007449515311,0.6064947538975352,11.091394592312467,0.705602183154167,0.33421089105284135,0.3572527324434498,0.0,86.51127953910641,4.6219454217195715,-0.010448657666082939
2,critical_infrastructure,combined_portfolio,nash,1.3646532233603759,0.0,0.6225946814011358,10.894654448701967,0.7009581020582559,0.3286676725364522,0.3593520645856543,0.0,90.07317656202153,4.585948381511377,-0.01153665008654392
3,critical_infrastructure,combined_portfolio,nash,1.3899634888493386,0.0,0.6401519583306251,10.826854710303342,0.6993398630199187,0.3267311745968757,0.3598584936170508,0.0,90.93133782493256,4.573371176882887,-0.011646614002894351
4,critical_infrastructure,combined_portfolio,nash,1.39262587727581,0.0,0.6608660604946424,10.805701869379043,0.6988330895145395,0.3261265321583358,0.36005999815737044,0.0,91.02731042919578,4.569443939113776,-0.011473734331926888
5,critical_infrastructure,combined_portfolio,nash,1.3928850578808463,0.0,0.671913699940943,10.803541693087936,0.6987812855601567,0.32606426524151527,0.3600747657846015,0.0,91.03669631429511,4.569039501446387,-0.011371345605314831
6,critical_infrastructure,combined_portfolio,nash,1.392910075301596,0.0,0.693026169265354,10.803331514913452,0.6987762446966668,0.32605820687090503,0.3600762029686966,0.0,91.0376029764068,4.5690001509103135,-0.011175183542932121
7,critical_infrastructure,combined_portfolio,nash,1.3929124881045423,0.0,0.7050465312317996,10.803311228510124,0.6987757581476305,0.3260576221167957,0.3600763416889532,0.0,91.03769042589184,4.568996352794921,-0.011066004557920062
8,critical_infrastructure,combined_portfolio,nash,1.3929127207884482,0.00468570347738765,0.7319291526022211,10.803309271999556,0.6987757112226427,0.3260575657205199,0.360076355067779,0.0,90.97994476231302,4.568995986487848,-0.010803788487512733
9,critical_infrastructure,combined_portfolio,nash,1.3915070321844376,0.01922191427207951,0.7440634880819416,10.803309083319295,0.6987757066973314,0.3260575602818248,0.3600763563579943,0.0,90.75525421982564,4.568995951162246,-0.010608207801745984
10,critical_infrastructure,combined_portfolio,nash,1.387010052258828,0.03288029117256611,0.7660769597239027,10.804449230874237,0.6988030507006825,0.3260904249507215,0.36006856079856586,0.0,90.44048905276918,4.5692094147774505,-0.010304842363726419
11,critical_infrastructure,combined_portfolio,nash,1.3824695985203128,0.050156157261981006,0.7905171529140839,10.808100669795596,0.6988906048925136,0.3261956773806324,0.36004360671906577,0.0,90.0781683141951,4.569893051770883,-0.009973525577097853
12,critical_infrastructure,combined_portfolio,nash,1.3768279808731,0.07030916950587943,0.8116932604882485,10.811763187101718,0.698978397528173,0.3263009334873892,0.36001632640040726,0.0,89.64399846571622,4.570576709829453,-0.009650934281216994
13,critical_infrastructure,combined_portfolio,nash,1.3701955016798917,0.0904223358464665,0.8330255476961489,10.816222850265019,0.6990852614592178,0.32642902891632203,0.3599880727375444,0.0,89.17682056741246,4.571408709750795,-0.009325197216325298
14,critical_infrastructure,combined_portfolio,nash,1.3634509991411292,0.11030389314660602,0.861901168113142,10.822358480062007,0.6992322195622132,0.32660198194249135,0.3598916122900331,0.0,88.70717654967795,4.572532060198807,-0.008957229572351899
15,critical_infrastructure,combined_portfolio,nash,1.356736795758335,0.1328724505799592,0.8850208012398956,10.827831294557825,0.6993632378422732,0.3267592353185276,0.35985130410856314,0.0,88.20478384565854,4.573553432968191,-0.008628144909462954
16,critical_infrastructure,combined_portfolio,nash,1.3491943223695426,0.1542154487050327,0.9215831459775259,10.833293726227884,0.6994939471225329,0.32691619024282864,0.35981111584254877,0.0,87.68906223815107,4.574572861021074,-0.008222416071279603
17,critical_infrastructure,combined_portfolio,nash,1.3418938940429344,0.17987853339634932,0.9414764347830883,10.839447157034135,0.6996411189135903,0.32709299986972606,0.35976589564659167,0.0,87.12669377708076,4.575721238632106,-0.00791555382930964
18,critical_infrastructure,combined_portfolio,nash,1.333299952291252,0.20083265632244293,0.9571438486963084,10.84679978769009,0.6998168717328328,0.3272983420888311,0.35962216052962837,0.0,86.57734648459041,4.5770549253567685,-0.007643592514986697
19,critical_infrastructure,combined_portfolio,nash,1.3259061617882777,0.21751249813776077,0.9739455437245759,10.850758307605615,0.6999114486230935,0.32742472882653717,0.35978982951777616,0.0,86.12107649793069,4.577875795157174,-0.007400616726384479
20,critical_infrastructure,combined_portfolio,nash,1.3199239241170555,0.23224123833278468,0.9855155460412898,10.85674711907466,0.7000544731699607,0.32759568230649133,0.3597376786327342,0.0,85.73466616902641,4.578986115278616,-0.007213545365784446
21,critical_infrastructure,combined_portfolio,nash,1.314691099540728,0.24390261846196828,1.0026482427944048,10.86160603233399,0.7001704604621228,0.3277343821962786,0.35969541136488514,0.0,85.41127920389157,4.579886947203135,-0.007020503163575498
22,critical_infrastructure,combined_portfolio,nash,1.3104633778683128,0.2559771604985906,1.0303559327363816,10.865747809409248,0.700269291465816,0.32785181376605455,0.3596692998828852,0.0,85.11679949869217,4.580649641256957,-0.006789133718331675
23,critical_infrastructure,combined_portfolio,nash,1.306240809497082,0.27197099119847745,1.055300062507934,10.869197100332284,0.700351572054266,0.3279502776747618,0.3596393089773233,0.0,84.77410361618236,4.581289141549863,-0.0065644905829105316
24,critical_infrastructure,combined_portfolio,nash,1.3008326706646856,0.2886518164220906,1.0708936704742948,10.87255310967584,0.7004316045243947,0.32804508589441206,0.3596030437834459,0.0,84.38200955143246,4.581904896682059,-0.006372697120291315
25,critical_infrastructure,combined_portfolio,nash,1.2950322193245842,0.3021113944207988,1.0957328344529447,10.876828113601,0.7005335199710417,0.3281655114033789,0.35955441676968247,0.0,84.01508130624877,4.582687026293983,-0.006149949334761651
26,critical_infrastructure,combined_portfolio,nash,1.29012188348398,0.3171156960217981,1.1290263569155552,10.881424340981551,0.7006430524222058,0.32829498556249126,0.35950217919306104,0.0,83.65894284275355,4.5835279202608525,-0.00590320090961205
27,critical_infrastructure,combined_portfolio,nash,1.2848670456760325,0.3355403023981092,1.152014733378695,10.885324337965573,0.7007359598186027,0.32840484705684675,0.359457889614089,0.0,83.24851093219958,4.584241432831294,-0.005691923142044697
28,critical_infrastructure,combined_portfolio,nash,1.2785180415234354,0.35170407291779016,1.1736515249350545,10.889507288720502,0.7008355739826393,0.32852267916237937,0.35941042251660416,0.0,82.82719432996927,4.585006708407717,-0.005485295488105724
29,critical_infrastructure,combined_portfolio,nash,1.2726552307557442,0.3661497969601851,1.1890929063420028,10.89457424315985,0.7009561931730782,0.32866541318052694,0.3593529735179066,0.0,82.44271218828231,4.585933707952285,-0.005316922040781602
0,burnout_prone,baseline,nash,0.4876216313978585,0.4637357986163662,0.4900343669342137,1.6007835041391647,0.2684771831844954,0.04590417093066541,0.40250928569580413,0.37142857142857144,32.95576335832571,0.0,0.0022338663172866147
1,burnout_prone,baseline,nash,0.43188769124689064,0.4661343952752389,0.5176420999651746,1.727503513429095,0.2818401855542641,0.04957537985423599,0.40327598470239834,0.2857142857142857,29.99066144835888,0.0,0.003664744717263302
2,burnout_prone,baseline,nash,0.3890455683834593,0.47340196890665315,0.5248785951518796,1.8321024562655241,0.292410772261138,0.05260481406070114,0.4038394076964016,0.2571428571428571,27.477613931119762,0.0,0.00460357980715187
3,burnout_prone,baseline,nash,0.3541099664170574,0.47858824254008187,0.5187853108628212,1.9178230554712727,0.3007864453301851,0.05508693944694061,0.40430725188189354,0.2571428571428571,25.320321056871265,0.0,0.005251002699272256
4,burnout_prone,baseline,nash,0.3258641998706464,0.47874830555197834,0.516733871120939,1.9918862354216793,0.3078272700997545,0.05723114923137919,0.40472396000738664,0.2571428571428571,23.54300438502365,0.0,0.005911820431754644
5,burnout_prone,baseline,nash,0.3044706202643155,0.4768580398061803,0.5334554475482839,2.0549749017952768,0.3136886742909483,0.05905738771452695,0.4050753700911398,0.2571428571428571,22.16665060033235,0.0,0.006822834390555088
6,burnout_prone,baseline,nash,0.2889906599030324,0.47930376745193026,0.5438267292860981,2.104934835302928,0.3182450715955113,0.06050343449342263,0.40534005237191084,0.2571428571428571,21.087164702875565,0.0,0.007452349110076972
7,burnout_prone,baseline,nash,0.2764189831655445,0.4832054367093047,0.5515229160279623,2.1423818268122803,0.3216124597024939,0.06158722101587249,0.4055302900274622,0.2571428571428571,20.16415963331366,0.0,0.007968154047426346
8,burnout_prone,baseline,nash,0.2655222987440935,0.4874648734566383,0.5403353270469617,2.1736618369066445,0.3243946694737818,0.06249247025666567,0.40568346301797753,0.22857142857142856,19.33649118326177,0.0,0.00807389244108736
9,burnout_prone,baseline,nash,0.2557642754856968,0.4865975929966201,0.558175751952274,2.201445897667681,0.3268430307463779,0.0632965066388341,0.40581652791579903,0.22857142857142856,18.644270698651592,0.0,0.0087922860839591
10,burnout_prone,baseline,nash,0.24871413025083833,0.4906031485701226,0.5642502167400254,2.2268864669833137,0.3290663167307433,0.06403269355106625,0.40593595070178257,0.22857142857142856,18.073962750347032,0.0,0.009128249827402679
11,burnout_prone,baseline,nash,0.24195483253289204,0.49471566146122475,0.5828345610028519,2.245612302035676,0.33069162217006665,0.0645745537627046,0.4060221689428565,0.22857142857142856,17.51770608052963,0.0,0.009726750225144132
12,burnout_prone,baseline,nash,0.2353781996199572,0.5024778298203171,0.5808810152015236,2.2638487493251627,0.3322654633303885,0.06510223763363163,0.4061045619569845,0.22857142857142856,16.92025522984878,0.0,0.00987304385069887
13,burnout_prone,baseline,nash,0.22762731646773338,0.5068465160546802,0.601503808952218,2.281868061870349,0.3338119517164809,0.06562362410010904,0.40618449037147086,0.22857142857142856,16.27182195545872,0.0,0.010579818039584965
14,burnout_prone,baseline,nash,0.2202158099393717,0.5152156252787616,0.6062764041440513,2.3034670436839453,0.3356545111972188,0.0662485692060848,0.4062784071000469,0.22857142857142856,15.587076659575814,0.0,0.010907409178994243
15,burnout_prone,baseline,nash,0.2116228545072403,0.5217919286250572,0.6259105404576242,2.32450150408631,0.337437370020685,0.06685716127022497,0.4063679447585655,0.22857142857142856,14.824422845367875,0.0,0.011634976255998852
16,burnout_prone,baseline,nash,0.20278998419999353,0.531203429056155,0.6511911532684377,2.349376022768261,0.33953120776559276,0.0675768341677893,0.4064714546085546,0.22857142857142856,13.992413696434205,0.0,0.01245685946895625
17,burnout_prone,baseline,nash,0.19276116780962824,0.5439678049558481,0.6568523818439482,2.375515514969746,0.34171483553942794,0.06833307806862761,0.40657754808185387,0.22857142857142856,13.004521989208147,0.0,0.012938317943490762
18,burnout_prone,baseline,nash,0.1806334396846713,0.5533761105597015,0.6406192092346289,2.4059320782443323,0.3442345724894746,0.06921302777816148,0.40669767102866117,0.22857142857142856,11.866476403080657,0.0,0.013196145130737746
19,burnout_prone,baseline,nash,0.16814913859117628,0.554474836422147,0.6331408285103365,2.44382603253062,0.34734244848545376,0.07030924751031917,0.4068453546176585,0.22857142857142856,10.779779959371027,0.0,0.013825819430282382
20,burnout_prone,baseline,nash,0.15840417755019343,0.5524041126232162,0.6418022552680074,2.484193176550674,0.35061576812174605,0.07147695338997227,0.4069973658361614,0.22857142857142856,9.947957675371642,0.0,0.014730730464290409
21,burnout_prone,baseline,nash,0.15186403216864997,0.5527347104394063,0.6518544534150365,2.5167280120346307,0.3532264930307567,0.07241804947863624,0.40711579747842075,0.22857142857142856,9.355308492236604,0.0,0.015439640953630263
22,burnout_prone,baseline,nash,0.14686216022989915,0.5552438493415889,0.6509549914408851,2.5390970895369476,0.35500750272014464,0.07306507094984065,0.40719519569977836,0.22857142857142856,8.866367263693629,0.0,0.01576756190262263
23,burnout_prone,baseline,nash,0.1422284267793887,0.556335069903053,0.6649838981524908,2.5565071048361747,0.3563859025236942,0.07356864032025852,0.4072558834391722,0.22857142857142856,8.425430716026774,0.0,0.016488424245958644
24,burnout_prone,baseline,nash,0.13838293298950038,0.5605269296294495,0.6780939391068487,2.5728774477627834,0.35767584712610234,0.07404212854104679,0.407312083153734,0.22857142857142856,8.012025543592284,0.0,0.017063725835324228
25,burnout_prone,baseline,nash,0.13401100758489462,0.5665485056331324,0.6758337145260613,2.5866446098895355,0.3587561001500756,0.07444031649899426,0.40735871094791487,0.22857142857142856,7.52199119270299,0.0,0.017298509831624287
26,burnout_prone,baseline,nash,0.12859131803801302,0.569600509984807,0.6863349949168417,2.602501980594212,0.3599952365199923,0.07489895170800434,0.40741171284092403,0.22857142857142856,6.967198946155246,0.0,0.01806946360965278
27,burnout_prone,baseline,nash,0.12346573355645452,0.574022347187354,0.690383288863629,2.6224722647522998,0.3615480296724781,0.07547653088728827,0.4074774099939298,0.22857142857142856,6.415096418307493,0.0,0.018635601099837085
28,burnout_prone,baseline,nash,0.11807025314990605,0.5776282986417116,0.6898847696417557,2.641687606272625,0.3630340621018429,0.07603226335553784,0.4075395419733765,0.22857142857142856,5.841259532246581,0.0,0.019184874879420555
29,burnout_prone,baseline,nash,0.11277343939241496,0.5794713953562269,0.6783946719396339,2.6622722407553794,0.3646173157322612,0.07662758435942557,0.40760495362954696,0.22857142857142856,5.293198260543292,0.0,0.01950121298713836
0,burnout_prone,subsidy,nash,0.614095009768868,0.3994782122750843,0.4900343669342137,5.7463446624671635,0.53621712627317,0.1679209753159379,0.3857059234727116,0.11428571428571428,37.95135108786386,1.1754468272115655,-0.0035278942184477913
1,burnout_prone,subsidy,nash,0.6740796482332649,0.3601536220653839,0.5184032523355091,5.695130110871088,0.5340766367079846,0.16644187873510127,0.3864396856184955,0.11428571428571428,41.01156277481511,1.165093151145709,-0.004092122557706412
2,burnout_prone,subsidy,nash,0.7295136560836264,0.3420240156608948,0.527110237765936,5.642208989895362,0.5318475514439075,0.16491347892660815,0.3872276903225429,0.11428571428571428,43.46293595750496,1.1543943524862577,-0.004764351330838634
3,burnout_prone,subsidy,nash,0.7731726358063292,0.3326591612013615,0.5230468533051689,5.596320767661222,0.5299002742553647,0.16358818009750034,0.38792315205310945,0.11428571428571428,45.24690156961818,1.1451172606825026,-0.0053799221171708655
4,burnout_prone,subsidy,nash,0.8051017714061304,0.3251424763149064,0.5234152229727402,5.561913180095912,0.5284312729896206,0.162594444941096,0.3884583844537095,0.14285714285714285,46.518153142818335,1.1381611145876724,-0.0057847105882002925
5,burnout_prone,subsidy,nash,0.8283093288514392,0.3202663060128662,0.5428605625723343,5.537599051149528,0.5273885507183967,0.16189221715970986,0.3888449882589624,0.14285714285714285,47.41281543359637,1.133245520117969,-0.005882298292582355
6,burnout_prone,subsidy,nash,0.8447628179218563,0.3235196918675345,0.556281506011761,5.520335781762849,0.5266458508212839,0.16139362621341136,0.3891215668225758,0.14285714285714285,47.947649447372086,1.1297553834938794,-0.005949528824612305
7,burnout_prone,subsidy,nash,0.8539084067430986,0.3303588788343109,0.5672618498784757,5.508291740241595,0.5261265269813457,0.1610457737839623,0.3893155629456879,0.14285714285714285,48.17556094966146,1.127320416487736,-0.005948729691532373
8,burnout_prone,subsidy,nash,0.8571436535272208,0.33877040237063644,0.5595309408469124,5.50166401033587,0.5258403375578367,0.16085435324642033,0.3894226828803906,0.14285714285714285,48.17701706542151,1.1259804727249423,-0.0060477297430170385
9,burnout_prone,subsidy,nash,0.8561245793091845,0.3420300319061963,0.5808542675899098,5.499330597737271,0.5257395099357579,0.16078696010241963,0.3894604584058883,0.14285714285714285,48.100002243911966,1.1255087207169374,-0.005837228086608803
10,burnout_prone,subsidy,nash,0.8543186306406266,0.35124586606109987,0.590586757583117,5.500064980386918,0.5257712467849748,0.16080817039537654,0.3894485660262239,0.14285714285714285,47.9157247856098,1.1256571927676358,-0.0057198377360818675
11,burnout_prone,subsidy,nash,0.8498792694280346,0.36068449390320745,0.6129154472713572,5.5013678179376475,0.5258275409800002,0.16084579868034893,0.3894274761359009,0.14285714285714285,47.637994441752056,1.1259205907624426,-0.005466224219721871
12,burnout_prone,subsidy,nash,0.8437197069938381,0.37426497891551336,0.6148526450521596,5.504578118395176,0.5259662064426945,0.160938517866587,0.3893755518772324,0.14285714285714285,47.24462841823076,1.1265696250661088,-0.0053632981044151595
13,burnout_prone,subsidy,nash,0.8349885968453615,0.3839879622158956,0.6393796916764698,5.509050667126808,0.5261592793089961,0.16106769291324363,0.3893033134705606,0.14285714285714285,46.81156127365599,1.1274738503927055,-0.005050615849285567
14,burnout_prone,subsidy,nash,0.8260214859963747,0.3982187170422449,0.6481964243220786,5.515427541695451,0.5264343296171685,0.16125186799794955,0.3892005217582437,0.14285714285714285,46.307195079923694,1.1287630759856468,-0.004862795491060501
15,burnout_prone,subsidy,nash,0.8152585943492268,0.4103905104143897,0.6719151374825207,5.522023065216842,0.5267185277330919,0.16144235775616272,0.38909445755247996,0.14285714285714285,45.76407133391872,1.130096504293139,-0.004543813020245757
16,burnout_prone,subsidy,nash,0.8040737359141373,0.42571880386272165,0.7014019007548443,5.530003020078873,0.5270619963931803,0.16167283182431888,0.38896647125007533,0.14285714285714285,45.159629231097185,1.1317098227702322,-0.004187523434084017
17,burnout_prone,subsidy,nash,0.7914468040198567,0.4447004147311111,0.7114155103412775,5.538371507660371,0.5274217374638722,0.16191452689855254,0.38883265323071714,0.14285714285714285,44.45028796865537,1.1334016882898674,-0.003957143655026085
18,burnout_prone,subsidy,nash,0.7765403472848644,0.4599381331236989,0.699564042354287,5.54791470818991,0.5278314151141994,0.16219014896849074,0.3886805478377622,0.14285714285714285,43.701284613341116,1.1353310427794352,-0.003847513645123035
19,burnout_prone,subsidy,nash,0.7614590242425523,0.4661825623235951,0.696377414923388,5.55931634459064,0.5283200909917926,0.16251944469855825,0.388499512364326,0.14285714285714285,43.05666070669978,1.1376361128899075,-0.0036746218564855937
20,burnout_prone,subsidy,nash,0.749430824875496,0.4691882981217368,0.7092963338914897,5.571007401809522,0.5288202902305982,0.1628570984429865,0.3883146578433465,0.14285714285714285,42.561818163668796,1.1399996891009054,-0.003429101211538166
21,burnout_prone,subsidy,nash,0.7404966687477581,0.4748326576465287,0.7236617850389749,5.580448566055879,0.5292235792082711,0.16312977155209102,0.388166391507498,0.11428571428571428,42.14521527954759,1.141908400864637,-0.0032162432091271675
22,burnout_prone,subsidy,nash,0.732602657299848,0.4826017484548465,0.7271352920650656,5.587530692765291,0.529525719859355,0.16333431221075265,0.3880576864824028,0.11428571428571428,41.73823905700571,1.143340185475269,-0.003091491375974087
23,burnout_prone,subsidy,nash,0.7246051135612228,0.4885444702497268,0.7455357119680989,5.593839036531429,0.5297945756550654,0.1635165047813501,0.38796109236974297,0.11428571428571428,41.34948821209815,1.1446155334694508,-0.0028668218604632756
24,burnout_prone,subsidy,nash,0.7171766640420518,0.49759197652446174,0.7630920932372358,5.600279870774133,0.5300688128281281,0.16370252357404538,0.3878626961682847,0.11428571428571428,40.93910956485893,1.145917665018318,-0.0026612540858872435
25,burnout_prone,subsidy,nash,0.7089886550164712,0.5083091242200717,0.7653432546881931,5.606308298874383,0.5303252482652003,0.16387663135749397,0.38777080702247546,0.11428571428571428,40.4748424780474,1.1471364195024578,-0.0025441152967868863
26,burnout_prone,subsidy,nash,0.6996750862644827,0.5156626238870523,0.7803405178939576,5.613005595842945,0.5306098615965918,0.16407005655519477,0.38766895616316144,0.11428571428571428,40.007803095176236,1.1484903958863635,-0.00233048203815045
27,burnout_prone,subsidy,nash,0.6907966345369794,0.5244395729665473,0.7889343928616769,5.62069211324218,0.5309361585459049,0.16429205116110865,0.38755236342489385,0.11428571428571428,39.535296045106506,1.1500443581277604,-0.0021649357796140745
28,burnout_prone,subsidy,nash,0.681671225827836,0.5322692561931622,0.7929974204844134,5.628089328055617,0.5312498169295018,0.16450569005547935,0.38744046249736996,0.11428571428571428,39.06229174979137,1.1515398303883557,-0.002021952575233632
29,burnout_prone,subsidy,nash,0.6726948384676863,0.5382148374794735,0.7860631979869034,5.63576531029184,0.5315749257974343,0.16472737966513243,0.38732465800325877,0.11428571428571428,38.61674404816133,1.153091657655927,-0.0019436254042308754
0,burnout_prone,penalty,nash,0.5492291186007549,0.42243475740754716,0.4900343669342137,3.1376501489466593,0.3988981882212414,0.09184131213770652,0.39867557481594806,0.02857142857142857,35.91254939172592,0.36050000000000004,-0.001139284880077085
1,burnout_prone,penalty,nash,0.5550097427597612,0.3984558513492217,0.5180571323231122,3.1607829796500653,0.40046421204912735,0.09247306725796187,0.399276849220503,0.02857142857142857,36.496254291044345,0.36050000000000004,-0.0008604979034279037
2,burnout_prone,penalty,nash,0.5676540852256886,0.3905171162558567,0.5261055706487161,3.143809852974387,0.3993160354983095,0.09202098147695277,0.39862495166579937,0.02857142857142857,37.18700915979648,0.36050000000000004,-0.0009558040035957394
3,burnout_prone,penalty,nash,0.5799570162389396,0.38774491591966664,0.5211421204506946,3.128272414946642,0.39826084800453593,0.09156777641805756,0.39875299826411514,0.02857142857142857,37.78467257537516,0.36050000000000004,-0.001218767671708143
4,burnout_prone,penalty,nash,0.5901067546048335,0.3844979397282343,0.5204481744470837,3.113013715667576,0.39722071811284226,0.09113559307157106,0.3985653242717948,0.02857142857142857,38.28311533083743,0.36050000000000004,-0.001385895715126928
5,burnout_prone,penalty,nash,0.5988248467571375,0.38220403361018873,0.5387085070625706,3.10118243721729,0.39641156358904767,0.09078516067511132,0.3988018430813065,0.02857142857142857,38.701701858598106,0.36050000000000004,-0.001291527301640727
6,burnout_prone,penalty,nash,0.6061160289945462,0.3865466620411374,0.5508128441560101,3.090986593826657,0.39571238352653904,0.09048713476820171,0.3989134516843873,0.02857142857142857,38.96578423028084,0.36050000000000004,-0.0012644714873419893
7,burnout_prone,penalty,nash,0.6099495264033766,0.393516008582938,0.5603832916844547,3.082532768370036,0.39513133969369696,0.09024002688058691,0.39900889379372173,0.02857142857142857,39.0418332844232,0.36050000000000004,-0.0012174091915175822
8,burnout_prone,penalty,nash,0.6102742923253599,0.4014021597450074,0.5511738922365179,3.078114132737523,0.3948271614094221,0.09011086830955982,0.39905897404632107,0.02857142857142857,38.95195013998749,0.36050000000000004,-0.0013379290950390477
9,burnout_prone,penalty,nash,0.6076752260156122,0.4039689539192774,0.5710089253398498,3.077740612138854,0.39480143319568994,0.09009995012991856,0.3990632136327099,0.02857142857142857,38.80464221805963,0.36050000000000004,-0.0010656799277564133
10,burnout_prone,penalty,nash,0.6048303777552185,0.411851770775146,0.5791781161978563,3.080733426473094,0.3950075129931688,0.0901874314051727,0.3990292711229886,0.02857142857142857,38.5751369581715,0.36050000000000004,-0.0009391505235119002
11,burnout_prone,penalty,nash,0.5998887476808611,0.41971880843909887,0.5999025516785147,3.08401866606798,0.39523355472665367,0.0902834602144115,0.3989920829126279,0.02857142857142857,38.25316492661625,0.36050000000000004,-0.0006413894353294314
12,burnout_prone,penalty,nash,0.5933987830139051,0.43134522476039605,0.6001674248797236,3.089748934848929,0.3956273924741178,0.09045095769981,0.3989273941626139,0.02857142857142857,37.81104044043299,0.36050000000000004,-0.0005526412766170274
13,burnout_prone,penalty,nash,0.5844027869338032,0.43917708038781783,0.6230075081746901,3.0973210216365277,0.3961469716844109,0.09067229118324159,0.3988428768882699,0.02857142857142857,37.304682137749985,0.36050000000000004,-0.00017541055929637395
14,burnout_prone,penalty,nash,0.5748977058050784,0.45118578623503147,0.6300679425216595,3.1077390194192995,0.396860263581791,0.09098143820901343,0.3986148482518401,0.02857142857142857,36.71518249129686,0.36050000000000004,3.0370180138294955e-05
15,burnout_prone,penalty,nash,0.5635110961640339,0.4611574785573489,0.6520005821673643,3.1193674485133096,0.39765429699975463,0.09131807348440943,0.3985767730183287,0.02857142857142857,36.06132236951933,0.36050000000000004,0.0004223609792007865
16,burnout_prone,penalty,nash,0.5514348624056267,0.47407404431806077,0.6796357203200692,3.133337954701267,0.3986052975637999,0.09171553149894109,0.3987111235913947,0.02857142857142857,35.330560471074314,0.36050000000000004,0.0008641917046953163
17,burnout_prone,penalty,nash,0.5380719359853803,0.4902967156354304,0.6877195799246894,3.1580621393999992,0.40028047168171654,0.09239358286871503,0.39930088364076566,0.02857142857142857,34.483089747996935,0.36050000000000004,0.0011188405343224295
18,burnout_prone,penalty,nash,0.520518380723686,0.5038328196608831,0.6739110569758255,3.1227240451682894,0.3978830813481934,0.09165513303882879,0.3955117121253302,0.02857142857142857,33.46231656625608,0.36050000000000004,0.0013209678798338231
19,burnout_prone,penalty,nash,0.5036282883059804,0.5078073828475632,0.6687755436623335,3.1817859556270993,0.4018785282273205,0.09318904478928647,0.3970891011473179,0.02857142857142857,32.57725706137305,0.36050000000000004,0.001534785512645298
20,burnout_prone,penalty,nash,0.4890288281129389,0.5088130450953792,0.6797399598740012,3.191530814423094,0.402532325019424,0.09353325216782797,0.3958793841249022,0.02857142857142857,31.833692827330573,0.36050000000000004,0.001926576698685345
21,burnout_prone,penalty,nash,0.47759679877372097,0.5122549356412321,0.6921007398401416,3.2110993463613675,0.40384062803365095,0.09410384247426495,0.3957485904288556,0.02857142857142857,31.20426285470093,0.36050000000000004,0.0022531747115460687
22,burnout_prone,penalty,nash,0.4676643736733388,0.5177386422233078,0.6935175226068189,3.2267025968938947,0.4048794731671605,0.09455880628527487,0.3956453256052377,0.02857142857142857,30.617328853631022,0.36050000000000004,0.0024421991951710798
23,burnout_prone,penalty,nash,0.458444999806474,0.5213389477213892,0.7098381407474119,3.250210499114069,0.40643738120529976,0.09520070185871776,0.3962860362181406,0.02857142857142857,30.08445927906039,0.36050000000000004,0.0027602830935082867
24,burnout_prone,penalty,nash,0.4501033397303209,0.5280326837770777,0.7252611260464688,3.2630320388072467,0.4072834585442018,0.09557519567417819,0.3961968026715359,0.02857142857142857,29.55305451244825,0.36050000000000004,0.0030472827924308277
25,burnout_prone,penalty,nash,0.44130660146012657,0.5364532371093367,0.7253302456796984,3.274786680677079,0.40805689975221376,0.09591852494789216,0.3961157929889416,0.02857142857142857,28.969360898470214,0.36050000000000004,0.0031965283176274006
26,burnout_prone,penalty,nash,0.43152729729724976,0.5416928815239104,0.7381349336441325,3.2873463987400644,0.4088809672557565,0.09628536634394722,0.39602981489221967,0.02857142857142857,28.368471503316577,0.36050000000000004,0.003502909158659251
27,burnout_prone,penalty,nash,0.4221244927713751,0.548340463837904,0.7444956858095007,3.3015135302939305,0.4098076079324381,0.09669915360060366,0.3959335445200114,0.02857142857142857,27.762063676049088,0.36050000000000004,0.0037354634107488183
28,burnout_prone,penalty,nash,0.4124295534894849,0.5541325763360666,0.7463004334146265,3.313570186227284,0.41059380642890003,0.0970577472897829,0.3955975228194608,0.02857142857142857,27.144137154091432,0.36050000000000004,0.003944172746805363
29,burnout_prone,penalty,nash,0.402929947416496,0.5580594449257706,0.7370924547178178,3.3300491275016424,0.41166482933938897,0.09753314001806825,0.39571740401493916,0.02857142857142857,26.553485469001593,0.36050000000000004,0.0040569289626232186
0,burnout_prone,reputation,nash,0.6174938476336251,0.39775135781474114,0.4900343669342137,5.921390889925872,0.5434123531912667,0.17386075107109433,0.3379416095657177,0.05714285714285714,39.13870965948335,0.10181588027580502,-0.0036326204422882924
1,burnout_prone,reputation,nash,0.6804811116068972,0.35714112833324996,0.5184237074979352,5.875410323141964,0.5415401107697876,0.17253404970786151,0.33847632900827307,0.05714285714285714,42.31745733032653,0.10147396066509863,-0.004240531869875941
2,burnout_prone,reputation,nash,0.738309281407858,0.33805583549521334,0.527170612260497,5.8287817105583075,0.5396286504200227,0.1711886449515994,0.33903457560793715,0.05714285714285714,44.84735421873622,0.10112490941984781,-0.004942812056250467
3,burnout_prone,reputation,nash,0.783696031779346,0.32797328126642344,0.5231626668898449,5.788825872859631,0.5379803163639029,0.1700357698805778,0.3395299490139301,0.05714285714285714,46.68016610369625,0.100823932531056,-0.005577629401587014
4,burnout_prone,reputation,nash,0.8167797432151414,0.3199130370544946,0.5235972591149378,5.759083018293389,0.5367469967510874,0.16917757498956296,0.33990374029209347,0.05714285714285714,47.980783368094905,0.10059875021351349,-0.005994958011539708
5,burnout_prone,reputation,nash,0.8407210011677331,0.3146386418666096,0.5431171423541657,5.738187182427044,0.5358772782409856,0.168574649057348,0.34017024119267547,0.08571428571428572,48.89223225294776,0.10043996285793226,-0.006101539584662419
6,burnout_prone,reputation,nash,0.8576188525349198,0.3176383145678245,0.5566215180704327,5.723440396022433,0.5352618682364203,0.16814914640298734,0.34036479337029024,0.08571428571428572,49.4355617842724,0.10032760936728619,-0.00617314908787403
7,burnout_prone,reputation,nash,0.8670109653881454,0.3243287707880784,0.5676917726344616,5.713208945986946,0.5348340977198,0.16785392859985093,0.34050708802760465,0.08571428571428572,49.66763141075082,0.10024951455620836,-0.006174317781260985
8,burnout_prone,reputation,nash,0.8703819795954695,0.33267280263756294,0.5600557004422928,5.707582608126203,0.5345985861418632,0.16769158638525675,0.3405855793124528,0.08571428571428572,49.671860273610896,0.10020651967151605,-0.0062726808083077845
9,burnout_prone,reputation,nash,0.8694454007390667,0.33589964728267313,0.5814750559933187,5.705573465205608,0.5345144380220381,0.16763361460525403,0.34061365008030986,0.08571428571428572,49.5979632233091,0.10019115774577665,-0.00606403217273388
10,burnout_prone,reputation,nash,0.8677097581236708,0.34516147733533575,0.5913089453752184,5.706131133305575,0.534537797136969,0.16764970555335967,0.3406058564022696,0.08571428571428572,49.41633800750822,0.10019542213663721,-0.005946614707220466
11,burnout_prone,reputation,nash,0.8633110490188983,0.35468220574770176,0.6137421619209233,5.707165682512189,0.5345811262878131,0.1676795564206231,0.34059140258182286,0.08571428571428572,49.14097232438152,0.10020333222769887,-0.0056938984969441275
12,burnout_prone,reputation,nash,0.8571814347814293,0.3683936929850966,0.6157886779224098,5.709793985862495,0.534691175247121,0.16775539343377888,0.3405547084896652,0.08571428571428572,48.75010312329739,0.1002234226386333,-0.005589797604921731
13,burnout_prone,reputation,nash,0.8484691447863681,0.37824936725981173,0.6404262895840078,5.7134720182779155,0.534845104771271,0.16786151927931717,0.34050342220791285,0.08571428571428572,48.32051302411818,0.10025152401013741,-0.005278339767043061
14,burnout_prone,reputation,nash,0.8395324512392086,0.39265344115301437,0.6493582786547217,5.7187313320956745,0.5350650661381126,0.16801327131521984,0.34043021446901744,0.08571428571428572,47.82007304713929,0.10029168050847548,-0.005090076582115355
15,burnout_prone,reputation,nash,0.8287933885010578,0.4049998560746254,0.673194266958284,5.724165445700802,0.5352921574050804,0.16817006694406617,0.34035473122118165,0.08571428571428572,47.28153273388409,0.10033313909032032,-0.004772308215376775
16,burnout_prone,reputation,nash,0.8176399895556161,0.42052776063211317,0.7028025265651698,5.730749590604664,0.5355670626433204,0.1683600454161712,0.34026596309742807,0.08571428571428572,46.682212080669984,0.10038332735358262,-0.004417440991566712
17,burnout_prone,reputation,nash,0.8050419325511091,0.4397312207636668,0.7129425148074313,5.737652029637339,0.5358549689106874,0.16855920780893416,0.34017711929176553,0.08571428571428572,45.97847092077354,0.10043588985595472,-0.0041867976261245055
18,burnout_prone,reputation,nash,0.7901633407938773,0.4551768920657915,0.7012190909847827,5.745529803306703,0.5361831969793202,0.16878651227963665,0.34007601512859353,0.08571428571428572,45.23669924015263,0.10049581470279095,-0.004075997576375112
19,burnout_prone,reputation,nash,0.7751278635687575,0.4615954363220951,0.6981589729376213,5.754948744632946,0.536575135147883,0.16905828524096592,0.3399560424087755,0.05714285714285714,44.60113848925207,0.10056737236315029,-0.003903904002119374
20,burnout_prone,reputation,nash,0.7631676816376305,0.46476870534074727,0.7112045383505065,5.764598791245915,0.5369761236203324,0.16933672625812146,0.33983409267089115,0.05714285714285714,44.11507841149198,0.10064058373648098,-0.0036607607303720258
21,burnout_prone,reputation,nash,0.7542959548847709,0.47059271568344263,0.725699343980555,5.772373480603464,0.5372987694930442,0.1695610558279712,0.33973617650423615,0.05714285714285714,43.70501398041937,0.10069949253383298,-0.003449659290396756
22,burnout_prone,reputation,nash,0.746435271489527,0.4785440642665739,0.7293049925605354,5.778198825114892,0.5375402758481805,0.16972913923484775,0.3396630054960681,0.05714285714285714,43.30249896035499,0.10074358743274564,-0.00332505815817008
23,burnout_prone,reputation,nash,0.7384438399173112,0.48465472463386494,0.7478385488837356,5.783402950019475,0.5377558522929351,0.1698792980167505,0.33959777807685887,0.05714285714285714,42.917325094521594,0.10078294839837867,-0.0031019137327432666
24,burnout_prone,reputation,nash,0.7310087629284452,0.49387728563057187,0.7655311209760591,5.788735711768279,0.5379765859077591,0.17003316839218102,0.3395310755627605,0.05714285714285714,42.509732978492785,0.10082325139621459,-0.0028971477522288236
25,burnout_prone,reputation,nash,0.7227988802703197,0.5047689138190443,0.7679211825646479,5.793736183802426,0.5381834079238675,0.1701774508880887,0.3394686551765689,0.05714285714285714,42.048043274821914,0.10086101470048704,-0.0027792383647229357
26,burnout_prone,reputation,nash,0.7134573105192528,0.5122802970735283,0.7830577378815818,5.799302419645524,0.5384134512496219,0.1703380577346635,0.33939931524233335,0.05714285714285714,41.58438705293126,0.10090301837597825,-0.002566647940507316
27,burnout_prone,reputation,nash,0.7045582973858902,0.5212197577783549,0.7917931281344045,5.805694375507168,0.5386773880305339,0.17052248961838984,0.3393198741669994,0.05714285714285714,41.115547419825496,0.10095121122323482,-0.002401354467910899
28,burnout_prone,reputation,nash,0.6954118071050093,0.5292063552967018,0.7959989553909581,5.8118429199996875,0.5389310400569349,0.17069989807923008,0.33924364435171306,0.05714285714285714,40.64641765372657,0.1009975267123145,-0.0022584622918961905
29,burnout_prone,reputation,nash,0.6864161920026142,0.5353017843144875,0.7892082158424214,5.818224542226403,0.5391940654498464,0.17088403160710117,0.3391647171537908,0.05714285714285714,40.204971297543906,0.10104555430637759,-0.002179432623638622
0,burnout_prone,matching_fund,nash,0.5408488864622821,0.45780278134835495,0.4900343669342137,1.8400518202290443,0.2931980884678757,0.052835015768459795,0.4038793699782848,0.2571428571428571,35.41723993443805,0.19416868294908973,-0.0008016247365607576
1,burnout_prone,matching_fund,nash,0.5287312552364622,0.4583135367093493,0.5178690000717134,1.8781808535493274,0.2969440642794601,0.05393911818486171,0.4040912669359109,0.2571428571428571,34.82625369204306,0.19822625932936677,-0.00028184646185680506
2,burnout_prone,matching_fund,nash,0.5203695557850331,0.46633813023315324,0.5255303856042166,1.9026386187076751,0.2993208745466943,0.054647292800991926,0.4042244030775912,0.2571428571428571,34.31184810175088,0.20082880104364537,-8.624486155484057e-05
3,burnout_prone,matching_fund,nash,0.5118330153239146,0.47380788896282494,0.5200084991698415,1.9196750463370587,0.3009646736293358,0.05514056059039611,0.40431734144880727,0.2571428571428571,33.79352078684871,0.20264156016970575,-4.114064679860974e-05
4,burnout_prone,matching_fund,nash,0.5033741902162323,0.47700490718813415,0.5186231371578907,1.9372081272992636,0.3026464085191223,0.05564818984301112,0.40441179105463476,0.2571428571428571,33.331131180382194,0.20450709767306588,6.417465979746684e-05
5,burnout_prone,matching_fund,nash,0.4965021358558793,0.47843624449697686,0.5360802775543927,1.9547270207744463,0.30431678572060084,0.056155389909098054,0.40451077025004567,0.2571428571428571,32.96692925366685,0.20637105791593535,0.0003850623430515787
6,burnout_prone,matching_fund,nash,0.4913360407189212,0.48417981232402,0.547262137002711,1.969070071005297,0.3056769981964887,0.05657063072799329,0.4045933585226278,0.2571428571428571,32.628907524283896,0.20789706792537538,0.0005867457049437697
7,burnout_prone,matching_fund,nash,0.48577037499919473,0.49115355360111645,0.5558200257818691,1.9799197746843684,0.30670156360962986,0.05688472888814564,0.40465588969915145,0.2571428571428571,32.253314457333545,0.20905137866393522,0.0007647853416197226
8,burnout_prone,matching_fund,nash,0.4794896515049052,0.49816731988762486,0.5455295725597327,1.9916749688744189,0.3078074349466442,0.05722503328928371,0.4047227662942785,0.2571428571428571,31.83845860716683,0.21030199733811766,0.0007260712334162811
9,burnout_prone,matching_fund,nash,0.4727080938068901,0.4997694754100396,0.5642652215176397,2.0050251783508166,0.3090581000276135,0.05761150270030678,0.40479763696904913,0.2571428571428571,31.466662768285648,0.21172227242362746,0.0010619761868343458
10,burnout_prone,matching_fund,nash,0.4675328597192112,0.5058853011086052,0.5712724901343214,2.019543700211939,0.3104119228454749,0.058031781714543304,0.4048787382741956,0.2571428571428571,31.114915761000194,0.21326679780094665,0.0012083654035195401
11,burnout_prone,matching_fund,nash,0.4618202354925922,0.511821442804564,0.5908061428795914,2.030697741799714,0.31144760049831766,0.0583546585418521,0.40494148470653,0.2571428571428571,30.73632582665759,0.21445337014130653,0.0015155113926008656
12,burnout_prone,matching_fund,nash,0.4558060379912442,0.5211089612524359,0.5898354047541055,2.0430868576814882,0.312593498841342,0.0587132791574728,0.4050102629663592,0.2571428571428571,30.294775536243918,0.21577130090371252,0.0015790737078543726
13,burnout_prone,matching_fund,nash,0.44837876259833415,0.5268627073839084,0.611442090406312,2.0562193699106586,0.3138030732967227,0.05909340935945125,0.40508213596848486,0.2571428571428571,29.82223633591666,0.21716827939598332,0.0019359255366363515
14,burnout_prone,matching_fund,nash,0.4412614651349934,0.5364067861752311,0.6172335885918179,2.0725676226598666,0.3153015928214313,0.059566608643456385,0.40517015659205424,0.2571428571428571,29.311290442331067,0.2189072867647022,0.0020898503234760835
15,burnout_prone,matching_fund,nash,0.43298750389246843,0.5440872984077477,0.6378981551859728,2.0883727480317233,0.3167427669341928,0.06002407373828378,0.40525375811810216,0.2571428571428571,28.758555793230776,0.22058847098819287,0.0024350321305102174
16,burnout_prone,matching_fund,nash,0.4245948500455492,0.5544831807976495,0.6642433942962906,2.1069235636186248,0.31842492492618757,0.060560993821247,0.4053503500907427,0.2571428571428571,28.157387657611633,0.22256165229308272,0.002817984919493366
17,burnout_prone,matching_fund,nash,0.41514035727393406,0.5681140996050985,0.6710126427123412,2.125942087265797,0.3201390990816228,0.06111143263844229,0.40544771693940596,0.2571428571428571,27.448443247425597,0.22458451494627538,0.0030077216198280965
18,burnout_prone,matching_fund,nash,0.4037943638763453,0.5784458036196499,0.6559023122355857,2.147619705873006,0.322080269567441,0.061738809530979995,0.40555629509375124,0.2571428571428571,26.668385019282418,0.2268901250263514,0.003036168253429561
19,burnout_prone,matching_fund,nash,0.3923422090278519,0.5807052343279633,0.6495295926904143,2.174003744957017,0.32442492884146634,0.06250236487645464,0.40568510943587066,0.22857142857142856,25.977599406703103,0.22969619092097074,0.003187692846545853
20,burnout_prone,matching_fund,nash,0.38371768601287676,0.5799555137619032,0.659293072930013,2.201063788443521,0.3268095031948918,0.06328544911732287,0.40581472046242495,0.22857142857142856,25.48086000288772,0.2325740255061615,0.0034560918816151087
21,burnout_prone,matching_fund,nash,0.3781012866929965,0.5815899858132787,0.6704678118027501,2.2217409101728434,0.3286180569782871,0.06388379632375972,0.4059119669460185,0.22857142857142856,25.124965093825526,0.23477295148981694,0.0036666321787945932
22,burnout_prone,matching_fund,nash,0.37367797120496465,0.5853191360427548,0.6707125910993449,2.2353494372282636,0.3298020236055602,0.06427758429949985,0.4059751216169545,0.22857142857142856,24.81084481260481,0.23622012230066192,0.003738440347219596
23,burnout_prone,matching_fund,nash,0.3693143232799647,0.5876134628287758,0.6858898424043925,2.246148994121473,0.33073806591270427,0.06459008352182215,0.40602461568574744,0.22857142857142856,24.518181056811596,0.23736855694269637,0.003971432390608376
24,burnout_prone,matching_fund,nash,0.36550722124612656,0.5928591970332401,0.7001729241195569,2.2568751345885136,0.3316646675612514,0.064900453151578,0.40607323539617624,0.22857142857142856,24.218037727085864,0.2385091653320491,0.004162651435063336
25,burnout_prone,matching_fund,nash,0.36101724796772866,0.5998003940409407,0.6991081732613228,2.266293016277119,0.3324757397659112,0.06517296301792963,0.4061154896034369,0.22857142857142856,23.8530243642415,0.2395106390908915,0.00421435151960825
26,burnout_prone,matching_fund,nash,0.3554496065076317,0.6038095870544407,0.7108044534665904,2.277473149505564,0.33343554737715503,0.06549645919534403,0.4061651297243414,0.22857142857142856,23.458901382731533,0.24069948754288928,0.004432081821224232
27,burnout_prone,matching_fund,nash,0.35019994901247026,0.6091297503634103,0.7160654662969793,2.2914487862269,0.33463075324789243,0.06590083533827329,0.4062264002747553,0.22857142857142856,23.06331640395828,0.24218556986815437,0.004567855454534753
28,burnout_prone,matching_fund,nash,0.344694797778912,0.6136435409677389,0.7167882023979905,2.30474263060765,0.3357629515219798,0.06628547642044272,0.4062838904081667,0.22857142857142856,22.660020902025565,0.24359912584512697,0.004674941574244418
29,burnout_prone,matching_fund,nash,0.3393043080152066,0.6164563766711577,0.7065213993622068,2.318807946008622,0.3369559058886126,0.06669243085475979,0.40634389309507424,0.22857142857142856,22.283281623827808,0.24509468339124216,0.004684920792321967
0,burnout_prone,threshold_governance,nash,0.5520556263126987,0.393700488690599,0.4900343669342137,2.500877818114318,0.35195764120852574,0.07266011395442191,0.4051317104126879,0.14285714285714285,33.86856267395267,3.027,-0.00048270494431168487
1,burnout_prone,threshold_governance,nash,0.5699379023573928,0.3495665582903068,0.5181949680614716,2.5117755056613182,0.35283064653155466,0.07297590265455133,0.40494893217339745,0.14285714285714285,35.27717881298748,3.027,-0.0003407356236269088
2,burnout_prone,threshold_governance,nash,0.5992883337360078,0.32798440209047935,0.5265334830797337,2.4873746598008424,0.35087213609715273,0.07226881988007235,0.4053608077694224,0.14285714285714285,36.88244148924163,3.027,-0.0006939278248452307
3,burnout_prone,threshold_governance,nash,0.6290687393018854,0.316406839729017,0.5220010460652156,2.4482846478107194,0.3477058714590171,0.0711360383891048,0.4060513020633658,0.14285714285714285,38.331724921810114,3.027,-0.0012206451965550702
4,burnout_prone,threshold_governance,nash,0.6554621017873602,0.30757647076048544,0.5218517819244575,2.4097290048300146,0.3445475324789623,0.07001869399943228,0.40677235643864273,0.17142857142857143,39.557260975554904,3.0324,-0.0016157102578751026
5,burnout_prone,threshold_governance,nash,0.6782482537633455,0.30201998933421687,0.5407553763168081,2.3763960670895914,0.34178809992013925,0.06905266416036258,0.4074447771870928,0.17142857142857143,40.567526227697016,3.0324,-0.0016898636617754814
6,burnout_prone,threshold_governance,nash,0.6971082108537664,0.30509622439950845,0.5536086506916862,2.348192374463736,0.33943192586385157,0.06823525673443484,0.40803531576331675,0.2,41.27978574577407,3.0378,-0.0017999875290459766
7,burnout_prone,threshold_governance,nash,0.7099082384687386,0.31202946495293415,0.5640106942383806,2.325217498182738,0.3374978582274329,0.06756937196744285,0.4085261991363811,0.2,41.6946814051691,3.0378,-0.0018550815779800889
8,burnout_prone,threshold_governance,nash,0.7168270043522073,0.32061593712278874,0.5556977414329246,2.3098025327838787,0.3361926925112659,0.06712258696365776,0.4088611754258227,0.2,41.85233075092329,3.0378,-0.002061923268247945
9,burnout_prone,threshold_governance,nash,0.7188167395548438,0.3239158338606322,0.5764528486978998,2.301527317528674,0.33548953072467885,0.0668827358942764,0.4090428601737144,0.2,41.88674845268963,3.0378,-0.0018297820583932367
10,burnout_prone,threshold_governance,nash,0.7190889167042448,0.33313477891514337,0.5856025901257675,2.299154690213679,0.33528759865626484,0.06681396657155932,0.4090951758285293,0.2,41.77518403169256,3.0378,-0.001735015549216401
11,burnout_prone,threshold_governance,nash,0.715969793842644,0.3424622748267778,0.6073411626066834,2.298830384252055,0.3352599860014486,0.06680456672249166,0.4091023344563456,0.2,41.530254531575714,3.0378,-0.0014463706529410647
12,burnout_prone,threshold_governance,nash,0.7103228624840555,0.3558542536754154,0.6086675420523159,2.3025504682337794,0.33557656533544983,0.06691239130305683,0.4090203309244689,0.2,41.13174633023618,3.0378,-0.0013687220092104546
13,burnout_prone,threshold_governance,nash,0.7013547225380221,0.3651910364152764,0.632577777481701,2.3093055124624766,0.3361505093390054,0.06710818126186632,0.40887205352539,0.2,40.65457224484817,3.0378,-0.000984226081189199
14,burnout_prone,threshold_governance,nash,0.6913996703426913,0.3789509959408007,0.640749927542646,2.320087985514514,0.3370642217550378,0.06742069989134049,0.4086370331158691,0.2,40.07560586404619,3.0378,-0.0007760599763306786
15,burnout_prone,threshold_governance,nash,0.6791154805260642,0.39049972514598424,0.6638067315077146,2.332137831523695,0.338081827496159,0.06776994711850022,0.40837739342952717,0.2,39.42779674098716,3.0378,-0.00037258368763026795
16,burnout_prone,threshold_governance,nash,0.6658959384212954,0.40513708346752475,0.6925994840934317,2.3471288174181244,0.33934268701969683,0.0682044318855916,0.4080578427583901,0.2,38.693954487247225,3.0378,8.113632131812043e-05
17,burnout_prone,threshold_governance,nash,0.650854267169161,0.4234044638132189,0.7018794527917611,2.3634185572119253,0.34070639572695516,0.06867654967810298,0.40771487838442044,0.17142857142857143,37.833795204821314,3.0324,0.0003558207689040582
18,burnout_prone,threshold_governance,nash,0.6331331848368674,0.4377790515592447,0.6892697366431986,2.3821622889685248,0.3422673938701009,0.0692197790916955,0.40732564228490276,0.17142857142857143,36.895940064955866,3.0324,0.0004783732160563714
19,burnout_prone,threshold_governance,nash,0.6147930408118514,0.44287488602625186,0.6853184505353236,2.4045467786229047,0.3441203029091011,0.06986850910531828,0.4068749303941581,0.17142857142857143,36.039381689192886,3.0324,0.000724481993021997
20,burnout_prone,threshold_governance,nash,0.5992930337151134,0.4445538985486717,0.6974575488802317,2.4280797838813206,0.34605519159079656,0.07055050652493934,0.4064241193099818,0.17142857142857143,35.337060936810005,3.0324,0.0010922458312536687
21,burnout_prone,threshold_governance,nash,0.5871072367871523,0.44889258360227763,0.7110125458179485,2.448278478162442,0.3477053688940047,0.07113585959627211,0.406051415031212,0.14285714285714285,34.74154175915559,3.027,0.0014101979098016804
22,burnout_prone,threshold_governance,nash,0.5764196155877,0.45544760438117476,0.7136441118998915,2.464369438563329,0.3490130530837936,0.07160216214926254,0.40575909805099775,0.14285714285714285,34.17187403954431,3.027,0.0015938497394052398
23,burnout_prone,threshold_governance,nash,0.5660410846886946,0.46019424203289533,0.731183070118442,2.4786426148786527,0.35016793580377936,0.07201577993256757,0.40551117754156385,0.14285714285714285,33.634544989393675,3.027,0.0019247304806346843
24,burnout_prone,threshold_governance,nash,0.5565320816467353,0.46817187345394456,0.747845943547754,2.4926526660591377,0.3512969291648812,0.07242176644778002,0.40527064591831574,0.14285714285714285,33.088797452184565,3.027,0.0022148698944428613
25,burnout_prone,threshold_governance,nash,0.5465018587565882,0.4779271712789232,0.7491731553156733,2.5056234584688046,0.35233814434705646,0.07279763161680199,0.4050519342545471,0.14285714285714285,32.49011820622097,3.027,0.002368546282976336
26,burnout_prone,threshold_governance,nash,0.5354273303317908,0.4842649762544617,0.7632316253056641,2.5194499970442745,0.3534438199344978,0.07319828870832737,0.40482109461894766,0.14285714285714285,31.8813668595391,3.027,0.0026754101738177827
27,burnout_prone,threshold_governance,nash,0.5247814591736868,0.49206674391645805,0.770859943351027,2.53489558276019,0.35467384200688123,0.0736458546525931,0.4045659886970059,0.14285714285714285,31.26643790479298,3.027,0.002907370269617182
28,burnout_prone,threshold_governance,nash,0.5139182577265311,0.4989074373484034,0.773936630001443,2.5499282140477635,0.35586582803163486,0.0740814475018032,0.4043204587679581,0.14285714285714285,30.646901150609473,3.027,0.0031115315992873427
29,burnout_prone,threshold_governance,nash,0.5032224662721195,0.5038066725596598,0.7659998856255598,2.5654625069665453,0.3570923010176734,0.07453156963452605,0.40406954258825456,0.11428571428571428,30.05947165175796,3.0216,0.003226517567756604
0,burnout_prone,combined_portfolio,nash,0.712719205450608,0.34525603006457334,0.4900343669342137,7.3308933496990205,0.5954762188169659,0.21523945278399476,0.34546805710663175,0.0,39.61122906081069,3.8472162352690473,-0.005906117847043202
1,burnout_prone,combined_portfolio,nash,0.8487595916051962,0.2680492974100785,0.5190150094758682,7.210856940341846,0.5913995660779635,0.21177414566618014,0.3457477475745274,0.0,45.670189206603865,3.82456286100323,-0.0074017426937953434
2,burnout_prone,combined_portfolio,nash,0.9523997786448324,0.22422137084066865,0.5288596880874001,7.125192693571464,0.5884536450721867,0.2093234683468713,0.3455551694036738,0.0,49.695485161059196,3.808538310731425,-0.008569906879509315
3,burnout_prone,combined_portfolio,nash,1.020466723536937,0.19759657864748184,0.5262911636779397,7.06632018306679,0.5864110061634801,0.20763278692746423,0.3454573343298146,0.0,52.158984762954546,3.7974812653350494,-0.009392190084729801
4,burnout_prone,combined_portfolio,nash,1.0617923800717517,0.17842739352925296,0.5283511894494612,7.02794768603332,0.5850715940608863,0.2065166141356323,0.3455899210327893,0.0,53.64328896466861,3.7901806055804848,-0.009858403749395839
5,burnout_prone,combined_portfolio,nash,1.086970013837313,0.16601503930670466,0.5496152402983961,7.005297380086785,0.5842779651307641,0.2058620839765356,0.3456830005462883,0.0,54.53874236185538,3.7858991215212843,-0.009960743157009011
6,burnout_prone,combined_portfolio,nash,1.1022064759169528,0.1654541289928213,0.5650000511357685,6.99176017159452,0.5838025711548318,0.2054708959187067,0.34574446903106626,0.0,54.98183454116838,3.783340120532076,-0.00998475873396476
7,burnout_prone,combined_portfolio,nash,1.1087899052930044,0.17090675220471063,0.5780417297816328,6.983658496474079,0.5835176746163401,0.20523677952585578,0.3457817121019393,0.0,55.09729145682101,3.781808578887878,-0.009926903413415955
8,burnout_prone,combined_portfolio,nash,1.1095528646783681,0.1795551120613732,0.5724446485375749,6.980178240577331,0.583395202148988,0.20513620952292919,0.3457977433577757,0.0,55.00540227870609,3.781150660613517,-0.009959379004442104
9,burnout_prone,combined_portfolio,nash,1.1067541361295494,0.18339008094515008,0.5959032524113944,6.979775690793105,0.5833810327142622,0.20512457691800415,0.3457995989093883,0.0,54.87662718837961,3.781074560965725,-0.009725990798910678
10,burnout_prone,combined_portfolio,nash,1.1042179710632931,0.19469100698735683,0.6078716551902393,6.9812531357188305,0.5834330341075658,0.205167271095832,0.345792789922607,0.0,54.65500786763419,3.78135386275562,-0.009576663920177308
11,burnout_prone,combined_portfolio,nash,1.0990995117330498,0.20674303091147583,0.6324945878836583,6.982593856926411,0.5834802149274515,0.20520601432037905,0.34578661411111944,0.0,54.35093050768243,3.781607316811008,-0.009305400821151277
12,burnout_prone,combined_portfolio,nash,1.0926328571668114,0.22382094326896887,0.636822936904381,6.9853051826231365,0.583575603967067,0.2052843642976856,0.3457741337466995,0.0,53.9409244797701,3.7821198713459596,-0.009167933339716106
13,burnout_prone,combined_portfolio,nash,1.0837799926739538,0.2367658786249283,0.6637666297562566,6.988741295465885,0.5836964457267313,0.20538365862811933,0.34575833426485514,0.0,53.516903434367244,3.7827694357338544,-0.008853114848298649
14,burnout_prone,combined_portfolio,nash,1.0753872247055858,0.2549537712941438,0.6751010075384792,6.993464888880301,0.5838624809964377,0.20552015758803524,0.3457366460330693,0.0,53.034160658129686,3.783662376235662,-0.008650421378748385
15,burnout_prone,combined_portfolio,nash,1.0652692824434302,0.2708998155222654,0.7013853190635496,6.997964240761002,0.5840205429164546,0.20565017651193435,0.3457160208971273,0.0,52.53018671756225,3.7845129159184756,-0.008338452361646098
16,burnout_prone,combined_portfolio,nash,1.0551834815685555,0.29044154050528287,0.7335338619615354,7.003416549771153,0.5842119630337332,0.2058077331939083,0.34569143368127575,0.0,51.97675036712394,3.785543585057054,-0.007995704521393865
17,burnout_prone,combined_portfolio,nash,1.0437723810835606,0.31406889155320855,0.746321422165546,7.0088827992389655,0.5844037417134071,0.2059656926198076,0.34566730563102954,0.0,51.328106243464624,3.786576874259902,-0.00776087775912937
18,burnout_prone,combined_portfolio,nash,1.030261646676465,0.33344975915481184,0.7372902967108762,7.015105911717436,0.5846219150141714,0.20614552316662657,0.3456403254754892,0.0,50.67060216798892,3.7877532154027733,-0.007640878480017266
19,burnout_prone,combined_portfolio,nash,1.0172848990563563,0.3427708395038199,0.7369063198103954,7.022528528744433,0.584881919795558,0.20636001587682015,0.3456099816064806,0.0,50.15789739746046,3.789156270597884,-0.007490092186640984
20,burnout_prone,combined_portfolio,nash,1.0080913783250633,0.34855239580208813,0.7526498955349381,7.029715080946854,0.5851334264218574,0.2065676868099892,0.34558338711570236,0.0,49.80230257850768,3.7905146772770735,-0.0072913032262997834
21,burnout_prone,combined_portfolio,nash,1.0018293296187046,0.35733680675974194,0.7699194345231705,7.0348414403107915,0.5853126952920106,0.20671582392425053,0.34556445927295765,0.0,49.494504900459894,3.7914836490743156,-0.007114464686491351
22,burnout_prone,combined_portfolio,nash,0.995798068319979,0.3684758061464792,0.7763779432127466,7.038350183590314,0.5854353301798908,0.20681721651467364,0.3455515245408145,0.0,49.16230581681467,3.7921468554402438,-0.006999693239875926
23,burnout_prone,combined_portfolio,nash,0.989008603808471,0.3775479874316759,0.7978042706319872,7.041742856689721,0.5855538573797264,0.2069152549732448,0.34553903347051795,0.0,48.833610049381974,3.7927881168686612,-0.00679981792544071
24,burnout_prone,combined_portfolio,nash,0.9825692479992948,0.3900561672897079,0.8184710405442075,7.043052764095241,0.5855996072230839,0.20695623048879744,0.34573796418126546,0.0,48.469981026846426,3.79305613267454,-0.006608942107296123
25,burnout_prone,combined_portfolio,nash,0.9750615874956057,0.40432408442484563,0.8239092339495158,7.046712016715434,0.5857273708596915,0.2070619643977102,0.3457239031161199,0.0,48.04784594319721,3.793747720690641,-0.006485771069691282
26,burnout_prone,combined_portfolio,nash,0.9663989305474529,0.4147971487902928,0.8421199458031566,7.050998013218182,0.5858769435421727,0.20718580798405384,0.3457074573772274,0.0,47.638538920457435,3.7945577529198573,-0.006291605653931942
27,burnout_prone,combined_portfolio,nash,0.9585414465723537,0.42680680943920496,0.8539949376230637,7.057120784122036,0.5860904779017272,0.20736972644877852,0.3455865180679938,0.0,47.23115850027013,3.7957607047302506,-0.006139097340398969
28,burnout_prone,combined_portfolio,nash,0.950483255890463,0.4377214553555113,0.8613881858623409,7.062759216866904,0.5862869772787126,0.20752988463440308,0.3454713713708082,0.0,46.83075857649911,3.796808232320406,-0.006007766230549549
29,burnout_prone,combined_portfolio,nash,0.9426835883440716,0.4465532372921198,0.8578212469180138,7.067434502074866,0.5864498067821418,0.20766498772537742,0.34545307152935245,0.0,46.46500479780622,3.7976918735833376,-0.005931958609070032
