alpha,sample_index,t_sample,i_sample
0.0,1,61.0,0.0002611007473107717
0.0,2,62.0,0.000252696955077583
0.0,3,63.0,0.000257799787130042
0.0,4,64.0,0.00025563218559993955
0.0,5,65.0,0.00025557224992604245
0.0,6,66.0,0.0002575990832303716
0.0,7,67.0,0.00025416564425120495
0.0,8,68.0,0.00025880862107596417
0.0,9,69.0,0.00025337254996325395
0.0,10,70.0,0.0002594486657485168
0.0,11,71.0,0.0002530248352620044
0.0,12,72.0,0.0002596785457536887
0.0,13,73.0,0.000252988304495962
0.0,14,74.0,0.000259627912571008
0.0,15,75.0,0.0002531578049143804
0.0,16,76.0,0.00025939839929275607
0.0,17,77.0,0.0002534527609078117
0.0,18,78.0,0.0002590668369348259
0.0,19,79.0,0.00025381310443398547
0.0,20,80.0,0.0002586891252003744
0.0,21,81.0,0.00025419558817696446
0.0,22,82.0,0.00025830416643781595
0.0,23,83.0,0.00025457048330809626
0.0,24,84.0,0.0002579375170992755
0.0,25,85.0,0.0002549186696031189
0.0,26,86.0,0.0002576045848010652
0.0,27,87.0,0.0002552291223169497
0.0,28,88.0,0.0002573133119693121
0.0,29,89.0,0.0002554967908087479
0.0,30,90.0,0.0002570663543970631
0.0,31,91.0,0.00025572085216881053
0.0,32,92.0,0.00025686279914089995
0.0,33,93.0,0.0002559033120453929
0.0,34,94.0,0.0002566994822766501
0.0,35,95.0,0.00025604791639370015
0.0,36,96.0,0.0002565719711113034
0.0,37,97.0,0.000256159332769151
0.0,38,98.0,0.00025647527282245943
0.0,39,99.0,0.0002562425580405662
0.0,40,100.0,0.0002564043255031496
0.0,41,101.0,0.00025630251047859486
0.0,42,102.0,0.00025635432022585547
0.0,43,103.0,0.00025634376733025584
0.0,44,104.0,0.0002563208951401013
0.0,45,105.0,0.0002563704134469533
0.0,46,106.0,0.00025630023539489227
0.0,47,107.0,0.00025638597161231646
0.0,48,108.0,0.00025628910613037466
0.0,49,109.0,0.0002563933903899076
0.0,50,110.0,0.0002562848400367631
0.0,51,111.0,0.0002563950702102024
0.0,52,112.0,0.0002562852960576991
0.0,53,113.0,0.0002563929128152564
0.0,54,114.0,0.0002562888016904276
0.0,55,115.0,0.00025638838296525117
0.0,56,116.0,0.0002562940879479549
0.0,57,117.0,0.0002563825744539676
0.0,58,118.0,0.0002563002233244844
0.0,59,119.0,0.0002563762750070829
0.0,60,120.0,0.00025630655096341474
0.013333333333333334,1,61.0,0.0004468708794800583
0.013333333333333334,2,62.0,0.00012954818933915273
0.013333333333333334,3,63.0,0.0004477861019462574
0.013333333333333334,4,64.0,0.00012914091047754573
0.013333333333333334,5,65.0,0.000448707976095178
0.013333333333333334,6,66.0,0.00012873771175806614
0.013333333333333334,7,67.0,0.00044964713109611163
0.013333333333333334,8,68.0,0.00012833225204986982
0.013333333333333334,9,69.0,0.00045061036597555173
0.013333333333333334,10,70.0,0.00012792045870943085
0.013333333333333334,11,71.0,0.00045160221564915744
0.013333333333333334,12,72.0,0.00012749969197293373
0.013333333333333334,13,73.0,0.00045262585002791607
0.013333333333333334,14,74.0,0.00012706821580433218
0.013333333333333334,15,75.0,0.0004536836022908862
0.013333333333333334,16,76.0,0.0001266248656239889
0.013333333333333334,17,77.0,0.00045477728364612857
0.013333333333333334,18,78.0,0.00012616884109676
0.013333333333333334,19,79.0,0.00045590837175122647
0.013333333333333334,20,80.0,0.00012569957783428653
0.013333333333333334,21,81.0,0.0004570781227862092
0.013333333333333334,22,82.0,0.00012521666871366033
0.013333333333333334,23,83.0,0.000458287636602164
0.013333333333333334,24,84.0,0.00012471981634692273
0.013333333333333334,25,85.0,0.00045953789257820345
0.013333333333333334,26,86.0,0.00012420880511662373
0.013333333333333334,27,87.0,0.0004608297668791385
0.013333333333333334,28,88.0,0.00012368348553043598
0.013333333333333334,29,89.0,0.00046216403764263585
0.013333333333333334,30,90.0,0.00012314376636842394
0.013333333333333334,31,91.0,0.0004635413820968467
0.013333333333333334,32,92.0,0.00012258961179652968
0.013333333333333334,33,93.0,0.00046496236806493706
0.013333333333333334,34,94.0,0.00012202104167845107
0.013333333333333334,35,95.0,0.0004664274413692458
0.013333333333333334,36,96.0,0.00012143813397428846
0.013333333333333334,37,97.0,0.0004679369100747401
0.013333333333333334,38,98.0,0.00012084102851874595
0.013333333333333334,39,99.0,0.00046949092617124753
0.013333333333333334,40,100.0,0.00012022993171807303
0.013333333333333334,41,101.0,0.000471089465102585
0.013333333333333334,42,102.0,0.00011960512185197304
0.013333333333333334,43,103.0,0.0004727323034543584
0.013333333333333334,44,104.0,0.00011896695475140287
0.013333333333333334,45,105.0,0.0004744189950820707
0.013333333333333334,46,106.0,0.00011831586966787951
0.013333333333333334,47,107.0,0.00047614884597574396
0.013333333333333334,48,108.0,0.00011765239516959425
0.013333333333333334,49,109.0,0.0004779208882059664
0.013333333333333334,50,110.0,0.000116977154902733
0.013333333333333334,51,111.0,0.00047973385337090094
0.013333333333333334,52,112.0,0.00011629087304935101
0.013333333333333334,53,113.0,0.0004815861460592932
0.013333333333333334,54,114.0,0.00011559437929970072
0.013333333333333334,55,115.0,0.0004834758179564722
0.013333333333333334,56,116.0,0.00011488861313985599
0.013333333333333334,57,117.0,0.00048540054334410965
0.013333333333333334,58,118.0,0.00011417462723767914
0.013333333333333334,59,119.0,0.00048735759687488085
0.013333333333333334,60,120.0,0.00011345358969307977
0.02666666666666667,1,61.0,0.0005428818050875879
0.02666666666666667,2,62.0,5.838076046570292e-05
0.02666666666666667,3,63.0,0.0005531160022124172
0.02666666666666667,4,64.0,5.699690516371969e-05
0.02666666666666667,5,65.0,0.0005576580455635246
0.02666666666666667,6,66.0,5.584027644156024e-05
0.02666666666666667,7,67.0,0.0005560053609634494
0.02666666666666667,8,68.0,5.540690180996012e-05
0.02666666666666667,9,69.0,0.0005510241432116365
0.02666666666666667,10,70.0,5.5669949312753866e-05
0.02666666666666667,11,71.0,0.0005465089545384652
0.02666666666666667,12,72.0,5.625584959189655e-05
0.02666666666666667,13,73.0,0.0005446862946987089
0.02666666666666667,14,74.0,5.674587155930349e-05
0.02666666666666667,15,75.0,0.0005455263859420983
0.02666666666666667,16,76.0,5.6916658436304864e-05
0.02666666666666667,17,77.0,0.0005476393611437459
0.02666666666666667,18,78.0,5.6792146371867305e-05
0.02666666666666667,19,79.0,0.0005495008013574871
0.02666666666666667,20,80.0,5.6540801492776625e-05
0.02666666666666667,21,81.0,0.0005502473380836758
0.02666666666666667,22,82.0,5.633606571145551e-05
0.02666666666666667,23,83.0,0.0005498777329570319
0.02666666666666667,24,84.0,5.626668008418478e-05
0.02666666666666667,25,85.0,0.0005489684811423734
0.02666666666666667,26,86.0,5.6321266212009344e-05
0.02666666666666667,27,87.0,0.00054817985147064
0.02666666666666667,28,88.0,5.6428474858111155e-05
0.02666666666666667,29,89.0,0.0005478785735036972
0.02666666666666667,30,90.0,5.6514434130877854e-05
0.02666666666666667,31,91.0,0.0005480488064049126
0.02666666666666667,32,92.0,5.654207042915593e-05
0.02666666666666667,33,93.0,0.0005484370754327846
0.02666666666666667,34,94.0,5.651752331239723e-05
0.02666666666666667,35,95.0,0.0005487671075265618
0.02666666666666667,36,96.0,5.647173620299384e-05
0.02666666666666667,37,97.0,0.0005488891488590901
0.02666666666666667,38,98.0,5.643575071846228e-05
0.02666666666666667,39,99.0,0.0005488126936239126
0.02666666666666667,40,100.0,5.6424700012566014e-05
0.02666666666666667,41,101.0,0.0005486464682764904
0.02666666666666667,42,102.0,5.643557841296149e-05
0.02666666666666667,43,103.0,0.0005485077542591243
0.02666666666666667,44,104.0,5.6455108953584775e-05
0.02666666666666667,45,105.0,0.0005484586059145173
0.02666666666666667,46,106.0,5.6470178924187525e-05
0.02666666666666667,47,107.0,0.0005484930557141203
0.02666666666666667,48,108.0,5.647456294410104e-05
0.02666666666666667,49,109.0,0.0005485640726481732
0.02666666666666667,50,110.0,5.646973355431274e-05
0.02666666666666667,51,111.0,0.0005486222219145781
0.02666666666666667,52,112.0,5.646140560907688e-05
0.02666666666666667,53,113.0,0.0005486419862242203
0.02666666666666667,54,114.0,5.645510106937282e-05
0.02666666666666667,55,115.0,0.0005486265713140666
0.02666666666666667,56,116.0,5.645336719195751e-05
0.02666666666666667,57,117.0,0.0005485962290485744
0.02666666666666667,58,118.0,5.645550173400725e-05
0.02666666666666667,59,119.0,0.0005485718462177877
0.02666666666666667,60,120.0,5.645905054851444e-05
0.04,1,61.0,2.3679223588401962e-05
0.04,2,62.0,0.00039919006370512744
0.04,3,63.0,4.199080823335207e-05
0.04,4,64.0,0.00035746667019240577
0.04,5,65.0,6.340105383905128e-05
0.04,6,66.0,0.0004506080422833728
0.04,7,67.0,5.885883869365907e-05
0.04,8,68.0,0.0005478762539580079
0.04,9,69.0,4.4536771985649636e-05
0.04,10,70.0,0.0005692034088131932
0.04,11,71.0,3.658541612455629e-05
0.04,12,72.0,0.0004915135914242988
0.04,13,73.0,3.990397605960094e-05
0.04,14,74.0,0.0004406277847699063
0.04,15,75.0,4.782731450876951e-05
0.04,16,76.0,0.0004598838791616103
0.04,17,77.0,4.966279234269351e-05
0.04,18,78.0,0.000499576675976449
0.04,19,79.0,4.567460208916269e-05
0.04,20,80.0,0.0005151637729376523
0.04,21,81.0,4.208562887477892e-05
0.04,22,82.0,0.000496385381282044
0.04,23,83.0,4.229691776312243e-05
0.04,24,84.0,0.0004748766893972755
0.04,25,85.0,4.483757135651684e-05
0.04,26,86.0,0.0004749852727284148
0.04,27,87.0,4.6167693316786544e-05
0.04,28,88.0,0.00048814031554894946
0.04,29,89.0,4.5285071192086085e-05
0.04,30,90.0,0.0004963642794381095
0.04,31,91.0,4.390989120892543e-05
0.04,32,92.0,0.0004926729482976475
0.04,33,93.0,4.363149290084674e-05
0.04,34,94.0,0.00048496034748121437
0.04,35,95.0,4.436206842728981e-05
0.04,36,96.0,0.00048287775036853303
0.04,37,97.0,4.498034866379041e-05
0.04,38,98.0,0.0004865535304653474
0.04,39,99.0,4.4869523206386636e-05
0.04,40,100.0,0.0004901233435405164
0.04,41,101.0,4.440385213539961e-05
0.04,42,102.0,0.0004898923804471152
0.04,43,103.0,4.419441147790077e-05
0.04,44,104.0,0.00048740544650738873
0.04,45,105.0,4.4370937184386645e-05
0.04,46,106.0,0.00048607925209327843
0.04,47,107.0,4.46134407250578e-05
0.04,48,108.0,0.00048689646288064615
0.04,49,109.0,4.4643182106812715e-05
0.04,50,110.0,0.0004882450796558256
0.04,51,111.0,4.450354088259519e-05
0.04,52,112.0,0.0004885265905727907
0.04,53,113.0,4.440040077776183e-05
0.04,54,114.0,0.00048781551653816066
0.04,55,115.0,4.442915743980161e-05
0.04,56,116.0,0.00048720691011820347
0.04,57,117.0,4.451353897617937e-05
0.04,58,118.0,0.0004873046560275499
0.04,59,119.0,4.454535134657196e-05
0.04,60,120.0,0.0004877580974871697
0.05333333333333334,1,61.0,0.0004735519243586675
0.05333333333333334,2,62.0,3.0951067325726844e-05
0.05333333333333334,3,63.0,0.0003935078306731152
0.05333333333333334,4,64.0,3.871308791637725e-05
0.05333333333333334,5,65.0,0.0004093666581944289
0.05333333333333334,6,66.0,4.085891191772199e-05
0.05333333333333334,7,67.0,0.00045474545531462915
0.05333333333333334,8,68.0,3.585582689130642e-05
0.05333333333333334,9,69.0,0.0004491237767931437
0.05333333333333334,10,70.0,3.414349140070533e-05
0.05333333333333334,11,71.0,0.0004164449192792207
0.05333333333333334,12,72.0,3.734305661263773e-05
0.05333333333333334,13,73.0,0.0004210244402823651
0.05333333333333334,14,74.0,3.845126441830959e-05
0.05333333333333334,15,75.0,0.00044103810586587633
0.05333333333333334,16,76.0,3.6388768815638774e-05
0.05333333333333334,17,77.0,0.00043920283700256364
0.05333333333333334,18,78.0,3.559196741020576e-05
0.05333333333333334,19,79.0,0.0004255900788218443
0.05333333333333334,20,80.0,3.690969362092701e-05
0.05333333333333334,21,81.0,0.0004267895092903486
0.05333333333333334,22,82.0,3.7444404656954405e-05
0.05333333333333334,23,83.0,0.00043541766995614434
0.05333333333333334,24,84.0,3.6597274655575425e-05
0.05333333333333334,25,85.0,0.00043495724821197927
0.05333333333333334,26,86.0,3.6226510837510844e-05
0.05333333333333334,27,87.0,0.0004292366257057615
0.05333333333333334,28,88.0,3.676750183288803e-05
0.05333333333333334,29,89.0,0.00042946655289999454
0.05333333333333334,30,90.0,3.701843301778746e-05
0.05333333333333334,31,91.0,0.000433144537316112
0.05333333333333334,32,92.0,3.6671708260438953e-05
0.05333333333333334,33,93.0,0.0004330992979932281
0.05333333333333334,34,94.0,3.6500361219902107e-05
0.05333333333333334,35,95.0,0.0004306895053200346
0.05333333333333334,36,96.0,3.672158874173828e-05
0.05333333333333334,37,97.0,0.0004306763235248959
0.05333333333333334,38,98.0,3.6837498882227134e-05
0.05333333333333334,39,99.0,0.0004322339597444831
0.05333333333333334,40,100.0,3.6696119196429476e-05
0.05333333333333334,41,101.0,0.0004322808473556459
0.05333333333333334,42,102.0,3.661760760454986e-05
0.05333333333333334,43,103.0,0.0004312663351888711
0.05333333333333334,44,104.0,3.67076864576083e-05
0.05333333333333334,45,105.0,0.000431215495498156
0.05333333333333334,46,106.0,3.676063533861206e-05
0.05333333333333334,47,107.0,0.0004318722028516509
0.05333333333333334,48,108.0,3.670322372055992e-05
0.05333333333333334,49,109.0,0.00043192035182738724
0.05333333333333334,50,110.0,3.666754837160733e-05
0.05333333333333334,51,111.0,0.000431494072369211
0.05333333333333334,52,112.0,3.67040590498244e-05
0.05333333333333334,53,113.0,0.0004314537851902517
0.05333333333333334,54,114.0,3.672803438749077e-05
0.05333333333333334,55,115.0,0.00043172965476258215
0.05333333333333334,56,116.0,3.670482603675332e-05
0.05333333333333334,57,117.0,0.00043176199651292265
0.05333333333333334,58,118.0,3.6688737662919075e-05
0.05333333333333334,59,119.0,0.0004315833360703572
0.05333333333333334,60,120.0,3.670346364405336e-05
0.06666666666666667,1,61.0,0.00020352894116164704
0.06666666666666667,2,62.0,0.0002762734950046669
0.06666666666666667,3,63.0,0.00016143338530912613
0.06666666666666667,4,64.0,0.0003749556786038077
0.06666666666666667,5,65.0,9.292388374467762e-05
0.06666666666666667,6,66.0,0.0006319985022313807
0.06666666666666667,7,67.0,2.6542644046394914e-05
0.06666666666666667,8,68.0,0.000691874131650685
0.06666666666666667,9,69.0,9.886841235580095e-06
0.06666666666666667,10,70.0,0.00011177556572020937
0.06666666666666667,11,71.0,0.00013617402112478172
0.06666666666666667,12,72.0,0.00028170382772601903
0.06666666666666667,13,73.0,0.00011437163550978152
0.06666666666666667,14,74.0,0.0004975117345542069
0.06666666666666667,15,75.0,4.424760551232896e-05
0.06666666666666667,16,76.0,0.0007647630161265723
0.06666666666666667,17,77.0,1.1122009410042333e-05
0.06666666666666667,18,78.0,0.00018475099439039941
0.06666666666666667,19,79.0,6.478934279543075e-05
0.06666666666666667,20,80.0,0.0003702644266941276
0.06666666666666667,21,81.0,4.856062270951025e-05
0.06666666666666667,22,82.0,0.0005778812898915898
0.06666666666666667,23,83.0,1.9199734958239637e-05
0.06666666666666667,24,84.0,0.00032868660197318096
0.06666666666666667,25,85.0,3.149781126456649e-05
0.06666666666666667,26,86.0,0.00032542582678983956
0.06666666666666667,27,87.0,4.131354177343392e-05
0.06666666666666667,28,88.0,0.00044272511940773336
0.06666666666666667,29,89.0,2.7906700394856844e-05
0.06666666666666667,30,90.0,0.00039979574471307906
0.06666666666666667,31,91.0,2.7063042453331142e-05
0.06666666666666667,32,92.0,0.0003335380789847254
0.06666666666666667,33,93.0,3.661114307046956e-05
0.06666666666666667,34,94.0,0.0003998172576148316
0.06666666666666667,35,95.0,3.1242859366744375e-05
0.06666666666666667,36,96.0,0.00040802699040139666
0.06666666666666667,37,97.0,2.7711992963219802e-05
0.06666666666666667,38,98.0,0.0003547679785081089
0.06666666666666667,39,99.0,3.327169622001851e-05
0.06666666666666667,40,100.0,0.0003824468821726879
0.06666666666666667,41,101.0,3.209656205683578e-05
0.06666666666666667,42,102.0,0.00039983498404694984
0.06666666666666667,43,103.0,2.91313147359224e-05
0.06666666666666667,44,104.0,0.00037116869529479446
0.06666666666666667,45,105.0,3.154675482424948e-05
0.06666666666666667,46,106.0,0.00037692112565081165
0.06666666666666667,47,107.0,3.201550004805827e-05
0.06666666666666667,48,108.0,0.0003915107813607578
0.06666666666666667,49,109.0,3.018708436980442e-05
0.06666666666666667,50,110.0,0.0003795817899275542
0.06666666666666667,51,111.0,3.0900546209571116e-05
0.06666666666666667,52,112.0,0.0003769115705147028
0.06666666666666667,53,113.0,3.167113703659619e-05
0.06666666666666667,54,114.0,0.00038603422862415904
0.06666666666666667,55,115.0,3.076640524695726e-05
0.06666666666666667,56,116.0,0.00038263624093151394
0.06666666666666667,57,117.0,3.0774551668471925e-05
0.06666666666666667,58,118.0,0.00037858969450742935
0.06666666666666667,59,119.0,3.1358181349040325e-05
0.06666666666666667,60,120.0,0.0003831119952836298
0.08,1,61.0,0.00011735437771027646
0.08,2,62.0,0.00047250263216829804
0.08,3,63.0,4.6979241155952967e-05
0.08,4,64.0,0.0009161995151398146
0.08,5,65.0,5.343776986696011e-06
0.08,6,66.0,6.497545370447191e-05
0.08,7,67.0,0.00023757611202805513
0.08,8,68.0,0.00014710545815872853
0.08,9,69.0,0.0003443008740815418
0.08,10,70.0,9.636062306061905e-05
0.08,11,71.0,0.0006232924860230463
0.08,12,72.0,2.0488485342963465e-05
0.08,13,73.0,0.0006078142515920599
0.08,14,74.0,7.144716533949663e-06
0.08,15,75.0,5.5282290299813956e-05
0.08,16,76.0,0.00033384272940645813
0.08,17,77.0,8.376865456412425e-05
0.08,18,78.0,0.0007019158852117207
0.08,19,79.0,1.617646307547953e-05
0.08,20,80.0,0.0005562617999775688
0.08,21,81.0,7.485919080137987e-06
0.08,22,82.0,5.3407276402370486e-05
0.08,23,83.0,0.00035521666413894257
0.08,24,84.0,7.416582382543663e-05
0.08,25,85.0,0.0007840260220393103
0.08,26,86.0,1.160479704091326e-05
0.08,27,87.0,0.00036226243517736986
0.08,28,88.0,1.4815732315740991e-05
0.08,29,89.0,0.00012999114972468088
0.08,30,90.0,0.00012112415346670475
0.08,31,91.0,0.00035097162223386014
0.08,32,92.0,6.049838571774459e-05
0.08,33,93.0,0.0007015667135073068
0.08,34,94.0,1.0505531000054689e-05
0.08,35,95.0,0.00018695453169464334
0.08,36,96.0,5.224183196708212e-05
0.08,37,97.0,0.0003928836866968013
0.08,38,98.0,2.8820238159276614e-05
0.08,39,99.0,0.00045380743470774113
0.08,40,100.0,1.5484930003375836e-05
0.08,41,101.0,0.000194532019578302
0.08,42,102.0,5.894495125391338e-05
0.08,43,103.0,0.0004376518253613768
0.08,44,104.0,2.51558767304291e-05
0.08,45,105.0,0.00043383552584793386
0.08,46,106.0,1.5703668111743906e-05
0.08,47,107.0,0.0001872112875715876
0.08,48,108.0,6.386081020545423e-05
0.08,49,109.0,0.000441319171532691
0.08,50,110.0,2.6008376898290442e-05
0.08,51,111.0,0.000460870022783566
0.08,52,112.0,1.4180431476074096e-05
0.08,53,113.0,0.00016650529474383926
0.08,54,114.0,7.568237782470036e-05
0.08,55,115.0,0.00042786505897183234
0.08,56,116.0,3.070401634605847e-05
0.08,57,117.0,0.0005492609129129836
0.08,58,118.0,1.0987585561462674e-05
0.08,59,119.0,0.00012717383294646512
0.08,60,120.0,0.00010936933095315032
0.09333333333333334,1,61.0,3.727279583900244e-06
0.09333333333333334,2,62.0,0.00026168775562760034
0.09333333333333334,3,63.0,2.2495591812329232e-05
0.09333333333333334,4,64.0,0.0016104904004249283
0.09333333333333334,5,65.0,6.215608291399212e-07
0.09333333333333334,6,66.0,1.2747678620981393e-06
0.09333333333333334,7,67.0,0.0029253365353900528
0.09333333333333334,8,68.0,1.8083836877205554e-08
0.09333333333333334,9,69.0,1.6978039775302052e-09
0.09333333333333334,10,70.0,5.0384136234121526e-06
0.09333333333333334,11,71.0,0.0002541728474982021
0.09333333333333334,12,72.0,3.045684759615745e-05
0.09333333333333334,13,73.0,0.0014261327999383192
0.09333333333333334,14,74.0,1.043252852032375e-06
0.09333333333333334,15,75.0,4.112407955829208e-06
0.09333333333333334,16,76.0,0.0017032828070914158
0.09333333333333334,17,77.0,1.138534133467212e-07
0.09333333333333334,18,78.0,1.3573545857907784e-07
0.09333333333333334,19,79.0,0.0026031883972055616
0.09333333333333334,20,80.0,1.7893514998161295e-08
0.09333333333333334,21,81.0,2.8885843693154643e-10
0.09333333333333334,22,82.0,1.5130228798312364e-07
0.09333333333333334,23,83.0,0.0012874731965722274
0.09333333333333334,24,84.0,5.1115045155578104e-09
0.09333333333333334,25,85.0,5.886554930079158e-10
0.09333333333333334,26,86.0,2.138217286549383e-06
0.09333333333333334,27,87.0,0.0003685626796647117
0.09333333333333334,28,88.0,6.751080857290977e-06
0.09333333333333334,29,89.0,0.0010912223928617253
0.09333333333333334,30,90.0,7.078557785590067e-07
0.09333333333333334,31,91.0,5.801231008980691e-07
0.09333333333333334,32,92.0,0.003367330308710293
0.09333333333333334,33,93.0,1.7115596373801992e-08
0.09333333333333334,34,94.0,5.789362647914539e-10
0.09333333333333334,35,95.0,6.286699294923337e-07
0.09333333333333334,36,96.0,0.0006794649158560809
0.09333333333333334,37,97.0,1.5215808099720962e-07
0.09333333333333334,38,98.0,8.991009393660264e-07
0.09333333333333334,39,99.0,0.002626122347744439
0.09333333333333334,40,100.0,1.3269002440581384e-08
0.09333333333333334,41,101.0,1.2707603399258134e-09
0.09333333333333334,42,102.0,3.846874018213492e-06
0.09333333333333334,43,103.0,0.00029795380767284397
0.09333333333333334,44,104.0,1.904494790983168e-05
0.09333333333333334,45,105.0,0.0016481529372423336
0.09333333333333334,46,106.0,5.245952170835578e-07
0.09333333333333334,47,107.0,7.745960230974793e-07
0.09333333333333334,48,108.0,0.003444311061568624
0.09333333333333334,49,109.0,1.3639235209540213e-08
0.09333333333333334,50,110.0,6.108460239644412e-10
0.09333333333333334,51,111.0,8.747293735432029e-07
0.09333333333333334,52,112.0,0.0005937553499507562
0.09333333333333334,53,113.0,4.178326471294938e-07
0.09333333333333334,54,114.0,7.264115713748534e-06
0.09333333333333334,55,115.0,0.0010149281755843505
0.09333333333333334,56,116.0,1.1023307605189673e-06
0.09333333333333334,57,117.0,1.8559907938922836e-05
0.09333333333333334,58,118.0,0.0006813202561485385
0.09333333333333334,59,119.0,9.23740849269386e-06
0.09333333333333334,60,120.0,0.0006559020795183821
0.10666666666666667,1,61.0,2.6618705974280674e-06
0.10666666666666667,2,62.0,6.540259275475744e-05
0.10666666666666667,3,63.0,0.00016442755067237408
0.10666666666666667,4,64.0,0.0002186344317905386
0.10666666666666667,5,65.0,0.00011538490508984184
0.10666666666666667,6,66.0,0.00044608086605501173
0.10666666666666667,7,67.0,2.2391289090858206e-05
0.10666666666666667,8,68.0,0.0006234874280279227
0.10666666666666667,9,69.0,2.8601400972426966e-06
0.10666666666666667,10,70.0,1.04494869362861e-05
0.10666666666666667,11,71.0,0.00149809324959014
0.10666666666666667,12,72.0,3.349164773839563e-07
0.10666666666666667,13,73.0,9.780003516836573e-07
0.10666666666666667,14,74.0,0.0032713124002015184
0.10666666666666667,15,75.0,6.391251045740216e-09
0.10666666666666667,16,76.0,1.9678653858099125e-10
0.10666666666666667,17,77.0,1.9480572427263077e-07
0.10666666666666667,18,78.0,0.0010968828387890315
0.10666666666666667,19,79.0,6.032216337180591e-09
0.10666666666666667,20,80.0,9.683173190277376e-10
0.10666666666666667,21,81.0,4.8771032621547974e-06
0.10666666666666667,22,82.0,0.00026724339698930635
0.10666666666666667,23,83.0,3.7032703130229896e-05
0.10666666666666667,24,84.0,0.001335717626769822
0.10666666666666667,25,85.0,8.582174127676087e-07
0.10666666666666667,26,86.0,2.448170337674846e-06
0.10666666666666667,27,87.0,0.0024547487874042088
0.10666666666666667,28,88.0,1.886626644758819e-08
0.10666666666666667,29,89.0,2.507747442591335e-09
0.10666666666666667,30,90.0,1.0473425086688546e-05
0.10666666666666667,31,91.0,0.0001336760932308563
0.10666666666666667,32,92.0,0.00010581874302971963
0.10666666666666667,33,93.0,0.0003734359489339187
0.10666666666666667,34,94.0,4.8591567015727884e-05
0.10666666666666667,35,95.0,0.0009412372010393182
0.10666666666666667,36,96.0,2.0049568863687405e-06
0.10666666666666667,37,97.0,9.259124393691688e-06
0.10666666666666667,38,98.0,0.0014889700502672813
0.10666666666666667,39,99.0,3.060316915747316e-07
0.10666666666666667,40,100.0,8.664613341665694e-07
0.10666666666666667,41,101.0,0.003406105363521105
0.10666666666666667,42,102.0,5.790399500939135e-09
0.10666666666666667,43,103.0,1.49186926917218e-10
0.10666666666666667,44,104.0,1.238958122336161e-07
0.10666666666666667,45,105.0,0.0013457517668014358
0.10666666666666667,46,106.0,2.3270562290271574e-09
0.10666666666666667,47,107.0,1.1911355241025852e-10
0.10666666666666667,48,108.0,1.9461957633542997e-07
0.10666666666666667,49,109.0,0.0009520680164643634
0.10666666666666667,50,110.0,8.87153728916154e-09
0.10666666666666667,51,111.0,2.4243293474878846e-09
0.10666666666666667,52,112.0,2.057034861880345e-05
0.10666666666666667,53,113.0,3.389671755405661e-05
0.10666666666666667,54,114.0,6.423716267714518e-05
0.10666666666666667,55,115.0,0.000502066364606019
0.10666666666666667,56,116.0,2.382621439901217e-05
0.10666666666666667,57,117.0,0.0009647964260181542
0.10666666666666667,58,118.0,1.1144238550178371e-06
0.10666666666666667,59,119.0,1.9688731084636885e-06
0.10666666666666667,60,120.0,0.0028877817656916406
0.12000000000000001,1,61.0,0.0008827046295991717
0.12000000000000001,2,62.0,6.009943287568318e-08
0.12000000000000001,3,63.0,1.0400561348337372e-07
0.12000000000000001,4,64.0,0.0029550906207934866
0.12000000000000001,5,65.0,3.514992013875546e-09
0.12000000000000001,6,66.0,1.0227952017394827e-11
0.12000000000000001,7,67.0,9.894876633878212e-10
0.12000000000000001,8,68.0,0.0021601300383302254
0.12000000000000001,9,69.0,8.08194247854446e-10
0.12000000000000001,10,70.0,2.2291626748205045e-13
0.12000000000000001,11,71.0,2.113684411739511e-12
0.12000000000000001,12,72.0,5.94070086116114e-07
0.12000000000000001,13,73.0,0.00028634236045036745
0.12000000000000001,14,74.0,9.38959019578994e-06
0.12000000000000001,15,75.0,0.0016001420575134152
0.12000000000000001,16,76.0,1.1766643399506183e-07
0.12000000000000001,17,77.0,1.987032041200101e-08
0.12000000000000001,18,78.0,0.00010311747363586174
0.12000000000000001,19,79.0,2.230936129186822e-06
0.12000000000000001,20,80.0,1.0396492233163474e-06
0.12000000000000001,21,81.0,0.003469356489490372
0.12000000000000001,22,82.0,6.092376795130213e-09
0.12000000000000001,23,83.0,6.69467866347623e-11
0.12000000000000001,24,84.0,2.400153671395299e-08
0.12000000000000001,25,85.0,0.004047891904585313
0.12000000000000001,26,86.0,1.4119949397850674e-10
0.12000000000000001,27,87.0,1.2062734535653848e-13
0.12000000000000001,28,88.0,3.486315254880446e-12
0.12000000000000001,29,89.0,2.9391206239016817e-06
0.12000000000000001,30,90.0,3.191444455752237e-05
0.12000000000000001,31,91.0,1.922999262260632e-05
0.12000000000000001,32,92.0,0.0017811428558556501
0.12000000000000001,33,93.0,1.916145583683151e-07
0.12000000000000001,34,94.0,1.6907701212512134e-07
0.12000000000000001,35,95.0,0.0025848512902841626
0.12000000000000001,36,96.0,5.772182120318967e-09
0.12000000000000001,37,97.0,2.67309790120931e-11
0.12000000000000001,38,98.0,4.0886779074898435e-09
0.12000000000000001,39,99.0,0.005918307495362688
0.12000000000000001,40,100.0,1.9482301560902736e-10
0.12000000000000001,41,101.0,4.306465641636129e-14
0.12000000000000001,42,102.0,3.2827509377266587e-13
0.12000000000000001,43,103.0,7.44088379969418e-08
0.12000000000000001,44,104.0,0.00045170454422645246
0.12000000000000001,45,105.0,6.211963066809377e-08
0.12000000000000001,46,106.0,2.4934778315429573e-07
0.12000000000000001,47,107.0,0.00453935788406047
0.12000000000000001,48,108.0,1.3716890887837508e-09
0.12000000000000001,49,109.0,4.360889165290894e-12
0.12000000000000001,50,110.0,4.603701316671944e-10
0.12000000000000001,51,111.0,0.0012278393767359548
0.12000000000000001,52,112.0,1.4974072634385566e-09
0.12000000000000001,53,113.0,5.016852701699777e-13
0.12000000000000001,54,114.0,5.76231420590797e-12
0.12000000000000001,55,115.0,1.956202541545732e-06
0.12000000000000001,56,116.0,9.614213663590097e-05
0.12000000000000001,57,117.0,4.6255019439620686e-05
0.12000000000000001,58,118.0,0.001022810635000311
0.12000000000000001,59,119.0,1.6534537772727582e-06
0.12000000000000001,60,120.0,1.0987850001549464e-05
0.13333333333333333,1,61.0,1.9332844967570135e-09
0.13333333333333333,2,62.0,2.0138050837054736e-10
0.13333333333333333,3,63.0,6.62818708481467e-07
0.13333333333333333,4,64.0,0.0010021377469645585
0.13333333333333333,5,65.0,7.970279992702635e-08
0.13333333333333333,6,66.0,1.437409754810745e-07
0.13333333333333333,7,67.0,0.00357946153546325
0.13333333333333333,8,68.0,1.4319262189526625e-09
0.13333333333333333,9,69.0,2.0196744188484688e-12
0.13333333333333333,10,70.0,9.568885592009912e-11
0.13333333333333333,11,71.0,0.00012971881487931693
0.13333333333333333,12,72.0,3.048576736647608e-08
0.13333333333333333,13,73.0,7.618690010036041e-11
0.13333333333333333,14,74.0,6.343774897823764e-09
0.13333333333333333,15,75.0,0.005681966815663099
0.13333333333333333,16,76.0,1.4208417290196107e-10
0.13333333333333333,17,77.0,2.067526195911588e-14
0.13333333333333333,18,78.0,1.0436816600497856e-13
0.13333333333333333,19,79.0,1.575784016929408e-08
0.13333333333333333,20,80.0,0.0006833066150885274
0.13333333333333333,21,81.0,5.591988676146488e-10
0.13333333333333333,22,82.0,1.540849333978984e-11
0.13333333333333333,23,83.0,1.3672949990652563e-08
0.13333333333333333,24,84.0,0.00411610246701012
0.13333333333333333,25,85.0,4.4522501748494896e-11
0.13333333333333333,26,86.0,1.2753157060484574e-14
0.13333333333333333,27,87.0,1.2551498101503384e-13
0.13333333333333333,28,88.0,3.659916548298158e-08
0.13333333333333333,29,89.0,0.0005469476473244246
0.13333333333333333,30,90.0,8.487506745023725e-09
0.13333333333333333,31,91.0,4.089579623209331e-09
0.13333333333333333,32,92.0,6.034692722276475e-05
0.13333333333333333,33,93.0,2.227468819107693e-06
0.13333333333333333,34,94.0,8.489627112261867e-07
0.13333333333333333,35,95.0,0.003312154595221893
0.13333333333333333,36,96.0,3.595404049772192e-09
0.13333333333333333,37,97.0,1.7351358114163347e-11
0.13333333333333333,38,98.0,2.7641357684889767e-09
0.13333333333333333,39,99.0,0.005520362741780568
0.13333333333333333,40,100.0,1.147152192658095e-10
0.13333333333333333,41,101.0,1.1136577193476636e-14
0.13333333333333333,42,102.0,3.772136099636765e-14
0.13333333333333333,43,103.0,3.8432006851199914e-09
0.13333333333333333,44,104.0,0.001200056231123874
0.13333333333333333,45,105.0,3.323738996013793e-11
0.13333333333333333,46,106.0,3.238304388519819e-14
0.13333333333333333,47,107.0,1.0653862593349045e-12
0.13333333333333333,48,108.0,1.020746623789165e-06
0.13333333333333333,49,109.0,0.00013898448900636064
0.13333333333333333,50,110.0,4.2692227553956876e-05
0.13333333333333333,51,111.0,0.001174542509241444
0.13333333333333333,52,112.0,5.861694264526668e-07
0.13333333333333333,53,113.0,1.0678311811455945e-06
0.13333333333333333,54,114.0,0.003986120760213102
0.13333333333333333,55,115.0,1.5819488161770399e-09
0.13333333333333333,56,116.0,8.271051865925274e-12
0.13333333333333333,57,117.0,1.4258600971043237e-09
0.13333333333333333,58,118.0,0.004202656473634818
0.13333333333333333,59,119.0,1.5753228751669476e-10
0.13333333333333333,60,120.0,1.4136774486670766e-14
0.14666666666666667,1,61.0,1.6211614418883258e-09
0.14666666666666667,2,62.0,1.0791070930472696e-11
0.14666666666666667,3,63.0,2.3602765784974112e-09
0.14666666666666667,4,64.0,0.0060826358768846156
0.14666666666666667,5,65.0,4.7917160318168104e-11
0.14666666666666667,6,66.0,1.998396565318382e-15
0.14666666666666667,7,67.0,2.942943532032237e-15
0.14666666666666667,8,68.0,1.31911722815769e-10
0.14666666666666667,9,69.0,0.008242432361794609
0.14666666666666667,10,70.0,2.369665752811916e-12
0.14666666666666667,11,71.0,1.510727646526655e-17
0.14666666666666667,12,72.0,3.49272799947727e-18
0.14666666666666667,13,73.0,2.5231929057918534e-14
0.14666666666666667,14,74.0,4.91638440787708e-06
0.14666666666666667,15,75.0,2.2879068449084825e-07
0.14666666666666667,16,76.0,1.050135584749272e-09
0.14666666666666667,17,77.0,1.591737544247686e-07
0.14666666666666667,18,78.0,0.002892468158255398
0.14666666666666667,19,79.0,1.5670920507597767e-10
0.14666666666666667,20,80.0,2.283472145836442e-13
0.14666666666666667,21,81.0,1.1171616100036337e-11
0.14666666666666667,22,82.0,1.5806154994355716e-05
0.14666666666666667,23,83.0,9.043469528160567e-07
0.14666666666666667,24,84.0,5.0812903310893615e-08
0.14666666666666667,25,85.0,8.891867979789318e-05
0.14666666666666667,26,86.0,2.974747382829422e-06
0.14666666666666667,27,87.0,2.8877684054157184e-06
0.14666666666666667,28,88.0,0.003640153325853664
0.14666666666666667,29,89.0,1.974054475032843e-09
0.14666666666666667,30,90.0,1.3288591304113986e-11
0.14666666666666667,31,91.0,2.9389304094518393e-09
0.14666666666666667,32,92.0,0.0065132130249758785
0.14666666666666667,33,93.0,4.272628536905739e-11
0.14666666666666667,34,94.0,1.8506180475657346e-15
0.14666666666666667,35,95.0,2.8288833726652905e-15
0.14666666666666667,36,96.0,1.3154814987669335e-10
0.14666666666666667,37,97.0,0.00818082639354463
0.14666666666666667,38,98.0,2.326581734014546e-12
0.14666666666666667,39,99.0,1.4842047876903343e-17
0.14666666666666667,40,100.0,3.433562248033272e-18
0.14666666666666667,41,101.0,2.4819855994382395e-14
0.14666666666666667,42,102.0,4.839067617711145e-06
0.14666666666666667,43,103.0,2.3520752060021406e-07
0.14666666666666667,44,104.0,1.1079830882927549e-09
0.14666666666666667,45,105.0,1.722931892221413e-07
0.14666666666666667,46,106.0,0.0027878218561594756
0.14666666666666667,47,107.0,1.7477142165839603e-10
0.14666666666666667,48,108.0,2.962914510125723e-13
0.14666666666666667,49,109.0,1.6828845140824582e-11
0.14666666666666667,50,110.0,2.7555178663646987e-05
0.14666666666666667,51,111.0,2.772034696187528e-07
0.14666666666666667,52,112.0,4.7448052312802025e-09
0.14666666666666667,53,113.0,2.6298096856720237e-06
0.14666666666666667,54,114.0,0.0014091484038864044
0.14666666666666667,55,115.0,1.201984594917178e-07
0.14666666666666667,56,116.0,1.4863495322515207e-07
0.14666666666666667,57,117.0,0.0030718987375617356
0.14666666666666667,58,118.0,1.1192657083629274e-09
0.14666666666666667,59,119.0,9.854897463902793e-13
0.14666666666666667,60,120.0,2.934222758130436e-11
0.16,1,61.0,1.8891024886031407e-09
0.16,2,62.0,0.0017230412775468761
0.16,3,63.0,3.855538776556633e-12
0.16,4,64.0,3.1050213203090527e-16
0.16,5,65.0,8.747824898250341e-16
0.16,6,66.0,7.432595860597173e-11
0.16,7,67.0,0.008917300729041247
0.16,8,68.0,9.538340052047944e-13
0.16,9,69.0,2.2980904332636525e-18
0.16,10,70.0,2.035800280672704e-19
0.16,11,71.0,5.712413088134873e-16
0.16,12,72.0,4.383076101099737e-08
0.16,13,73.0,0.0003916830528347664
0.16,14,74.0,2.449395978219194e-06
0.16,15,75.0,0.00023435252322331315
0.16,16,76.0,1.456983494442111e-06
0.16,17,77.0,1.5463825256239392e-06
0.16,18,78.0,0.004353713630170082
0.16,19,79.0,5.509285756954097e-10
0.16,20,80.0,7.759048231344572e-13
0.16,21,81.0,3.6707117491923436e-11
0.16,22,82.0,5.009469447535823e-05
0.16,23,83.0,6.686670703651398e-08
0.16,24,84.0,3.2497364595412737e-10
0.16,25,85.0,5.212461687022693e-08
0.16,26,86.0,0.004723798625452246
0.16,27,87.0,2.7444897425596346e-11
0.16,28,88.0,3.833557780749245e-15
0.16,29,89.0,1.858686333450582e-14
0.16,30,90.0,2.6969369440797536e-09
0.16,31,91.0,0.0014416872443100202
0.16,32,92.0,6.129256865609422e-12
0.16,33,93.0,9.396650916151898e-16
0.16,34,94.0,4.993771507253712e-15
0.16,35,95.0,7.931944334558298e-10
0.16,36,96.0,0.0024375342349827367
0.16,37,97.0,1.7434436074280901e-12
0.16,38,98.0,4.4332836625229404e-17
0.16,39,99.0,4.0086723881734465e-17
0.16,40,100.0,1.1109163966355208e-12
0.16,41,101.0,0.0007770949305286063
0.16,42,102.0,3.8593614388173e-11
0.16,43,103.0,1.514574789956646e-16
0.16,44,104.0,2.1703731182250737e-17
0.16,45,105.0,9.784344064513845e-14
0.16,46,106.0,1.1971368754012607e-05
0.16,47,107.0,4.659862669826965e-08
0.16,48,108.0,5.875927329174425e-11
0.16,49,109.0,2.492722973460132e-09
0.16,50,110.0,0.0023886447984484906
0.16,51,111.0,1.7090280996903316e-10
0.16,52,112.0,1.0557132229695937e-14
0.16,53,113.0,2.289983971617531e-14
0.16,54,114.0,1.503607248884103e-09
0.16,55,115.0,0.0025624454096910315
0.16,56,116.0,2.6011387866909403e-12
0.16,57,117.0,9.177349207290125e-17
0.16,58,118.0,1.146069423373463e-16
0.16,59,119.0,4.366379282249704e-12
0.16,60,120.0,0.0034647368473914707
0.17333333333333334,1,61.0,3.392390795175194e-10
0.17333333333333334,2,62.0,9.803922370095699e-08
0.17333333333333334,3,63.0,0.003323699620619783
0.17333333333333334,4,64.0,2.4002630064134584e-11
0.17333333333333334,5,65.0,4.9165199441779774e-15
0.17333333333333334,6,66.0,3.4766600078791894e-14
0.17333333333333334,7,67.0,7.31816425806353e-09
0.17333333333333334,8,68.0,0.0010017403722111116
0.17333333333333334,9,69.0,1.994099101602917e-11
0.17333333333333334,10,70.0,1.4141796558100511e-14
0.17333333333333334,11,71.0,3.4018685498143714e-13
0.17333333333333334,12,72.0,2.393949560453263e-07
0.17333333333333334,13,73.0,0.0010070899953657194
0.17333333333333334,14,74.0,2.3201882309899438e-07
0.17333333333333334,15,75.0,7.486646550767627e-07
0.17333333333333334,16,76.0,0.005002745936296608
0.17333333333333334,17,77.0,1.2730072147240348e-10
0.17333333333333334,18,78.0,4.585534645663543e-14
0.17333333333333334,19,79.0,5.656882044752897e-13
0.17333333333333334,20,80.0,2.0609310531937232e-07
0.17333333333333334,21,81.0,0.0011225311555750925
0.17333333333333334,22,82.0,7.980942832884896e-08
0.17333333333333334,23,83.0,9.989250139503115e-08
0.17333333333333334,24,84.0,0.002545592423904065
0.17333333333333334,25,85.0,4.288527644394345e-10
0.17333333333333334,26,86.0,1.0449402972155448e-13
0.17333333333333334,27,87.0,8.768207748321399e-13
0.17333333333333334,28,88.0,2.184754049432727e-07
0.17333333333333334,29,89.0,0.0011644493950134604
0.17333333333333334,30,90.0,5.9001000667709514e-08
0.17333333333333334,31,91.0,5.485543042946864e-08
0.17333333333333334,32,92.0,0.0012959818228651745
0.17333333333333334,33,93.0,1.3104850419258348e-09
0.17333333333333334,34,94.0,6.31090092746732e-13
0.17333333333333334,35,95.0,1.0365487724537773e-11
0.17333333333333334,36,96.0,5.005310929459245e-06
0.17333333333333334,37,97.0,1.5124288483783558e-05
0.17333333333333334,38,98.0,2.36909359422794e-05
0.17333333333333334,39,99.0,0.0015138663183617137
0.17333333333333334,40,100.0,6.176685456544215e-08
0.17333333333333334,41,101.0,9.677695588825613e-09
0.17333333333333334,42,102.0,4.723506558399264e-05
0.17333333333333334,43,103.0,2.8369127925161934e-06
0.17333333333333334,44,104.0,2.494516729469307e-06
0.17333333333333334,45,105.0,0.004290677521173316
0.17333333333333334,46,106.0,4.203382554870103e-10
0.17333333333333334,47,107.0,4.532424132857974e-13
0.17333333333333334,48,108.0,1.647919458132454e-11
0.17333333333333334,49,109.0,1.7399420930900945e-05
0.17333333333333334,50,110.0,4.7400550420517096e-07
0.17333333333333334,51,111.0,1.86448108288622e-08
0.17333333333333334,52,112.0,2.333585855121965e-05
0.17333333333333334,53,113.0,4.700342296899474e-05
0.17333333333333334,54,114.0,0.00026536105490069405
0.17333333333333334,55,115.0,4.747988002371921e-06
0.17333333333333334,56,116.0,4.054361827980285e-05
0.17333333333333334,57,117.0,0.00033395352068923663
0.17333333333333334,58,118.0,1.207128206818906e-05
0.17333333333333334,59,119.0,0.0004924583304410457
0.17333333333333334,60,120.0,2.854372350393638e-07
0.18666666666666668,1,61.0,1.3373839224005104e-13
0.18666666666666668,2,62.0,4.898529039073895e-19
0.18666666666666668,3,63.0,6.557958858484911e-20
0.18666666666666668,4,64.0,2.764676178693657e-16
0.18666666666666668,5,65.0,3.168743895876783e-08
0.18666666666666668,6,66.0,0.0007512035765122337
0.18666666666666668,7,67.0,4.0254784241351076e-07
0.18666666666666668,8,68.0,3.169471121221699e-06
0.18666666666666668,9,69.0,0.0036195027791397303
0.18666666666666668,10,70.0,4.0561923221690766e-10
0.18666666666666668,11,71.0,7.394689309141583e-13
0.18666666666666668,12,72.0,4.51190662330176e-11
0.18666666666666668,13,73.0,7.89763903528254e-05
0.18666666666666668,14,74.0,9.263955275652417e-09
0.18666666666666668,15,75.0,6.685172223299228e-12
0.18666666666666668,16,76.0,1.635963572148428e-10
0.18666666666666668,17,77.0,0.00011591931718701838
0.18666666666666668,18,78.0,7.838906489666317e-09
0.18666666666666668,19,79.0,5.9082426233416335e-12
0.18666666666666668,20,80.0,1.5091714296718165e-10
0.18666666666666668,21,81.0,0.00011159754928051045
0.18666666666666668,22,82.0,8.208326216657582e-09
0.18666666666666668,23,83.0,6.391266032537485e-12
0.18666666666666668,24,84.0,1.6857611353733722e-10
0.18666666666666668,25,85.0,0.0001284748795811839
0.18666666666666668,26,86.0,6.1697307270548306e-09
0.18666666666666668,27,87.0,3.686994510469082e-12
0.18666666666666668,28,88.0,7.491806955924879e-11
0.18666666666666668,29,89.0,4.446716642201544e-05
0.18666666666666668,30,90.0,6.145073156602647e-08
0.18666666666666668,31,91.0,3.492299593841873e-10
0.18666666666666668,32,92.0,6.535555735933316e-08
0.18666666666666668,33,93.0,0.004755951431299948
0.18666666666666668,34,94.0,7.82811844333052e-12
0.18666666666666668,35,95.0,3.3328274108414082e-16
0.18666666666666668,36,96.0,5.008996397284827e-16
0.18666666666666668,37,97.0,2.290679474461361e-11
0.18666666666666668,38,98.0,0.009910245250413372
0.18666666666666668,39,99.0,6.449279703331551e-13
0.18666666666666668,40,100.0,3.205503650089732e-19
0.18666666666666668,41,101.0,5.99071032199646e-21
0.18666666666666668,42,102.0,3.6254523432134e-18
0.18666666666666668,43,103.0,6.131572661993012e-11
0.18666666666666668,44,104.0,0.0014176806532614186
0.18666666666666668,45,105.0,1.3243946612771814e-13
0.18666666666666668,46,106.0,4.913068482531959e-19
0.18666666666666668,47,107.0,6.66044501849e-20
0.18666666666666668,48,108.0,2.8428175733556055e-16
0.18666666666666668,49,109.0,3.298267026094185e-08
0.18666666666666668,50,110.0,0.0007420901106147516
0.18666666666666668,51,111.0,4.442360626287886e-07
0.18666666666666668,52,112.0,3.8112289899247284e-06
0.18666666666666668,53,113.0,0.003475140012691629
0.18666666666666668,54,114.0,5.999191561826221e-10
0.18666666666666668,55,115.0,1.5749787111445796e-12
0.18666666666666668,56,116.0,1.376730063544881e-10
0.18666666666666668,57,117.0,0.00033654765794258136
0.18666666666666668,58,118.0,6.038317162180202e-10
0.18666666666666668,59,119.0,4.0167526832274014e-14
0.18666666666666668,60,120.0,9.372763963913567e-14
0.2,1,61.0,4.768246588357833e-10
0.2,2,62.0,1.846635584432812e-06
0.2,3,63.0,0.0020783919283300025
0.2,4,64.0,1.004696041945796e-08
0.2,5,65.0,4.489105685494804e-10
0.2,6,66.0,6.414146536704733e-07
0.2,7,67.0,0.0023744140212625512
0.2,8,68.0,3.52327459357335e-10
0.2,9,69.0,1.2468434015737702e-12
0.2,10,70.0,1.4629520327598124e-10
0.2,11,71.0,0.000473728342807816
0.2,12,72.0,1.8000595125197863e-10
0.2,13,73.0,3.9309336988633724e-15
0.2,14,74.0,3.059141878873286e-15
0.2,15,75.0,7.311955533437521e-11
0.2,16,76.0,0.010837612514053206
0.2,17,77.0,3.7513279322426425e-13
0.2,18,78.0,1.5214169477517307e-19
0.2,19,79.0,2.3268113957371702e-21
0.2,20,80.0,1.155609040967509e-18
0.2,21,81.0,1.6084362340785645e-11
0.2,22,82.0,0.0031610905642057243
0.2,23,83.0,2.987012673937938e-14
0.2,24,84.0,1.0979616781634982e-20
0.2,25,85.0,1.5240276785741173e-22
0.2,26,86.0,6.879115517208619e-20
0.2,27,87.0,8.713734598907857e-13
0.2,28,88.0,0.012086568745409977
0.2,29,89.0,2.3955826482876742e-14
0.2,30,90.0,1.2232277657289031e-21
0.2,31,91.0,2.4255950286910074e-24
0.2,32,92.0,1.6078677868496492e-22
0.2,33,93.0,3.073489349609418e-16
0.2,34,94.0,1.4635688385864551e-05
0.2,35,95.0,2.283308045410451e-10
0.2,36,96.0,7.798683378784342e-16
0.2,37,97.0,9.745451471761899e-17
0.2,38,98.0,3.838659634637742e-13
0.2,39,99.0,4.104654022972059e-05
0.2,40,100.0,1.4678766164458422e-09
0.2,41,101.0,8.226287577540546e-14
0.2,42,102.0,1.6210909793881863e-13
0.2,43,103.0,9.683159174105027e-09
0.2,44,104.0,0.0015389164097359073
0.2,45,105.0,3.003425787368016e-12
0.2,46,106.0,2.110384870834439e-16
0.2,47,107.0,5.197596413121596e-16
0.2,48,108.0,3.86791117888436e-11
0.2,49,109.0,0.011530499816082927
0.2,50,110.0,2.0665992924540232e-13
0.2,51,111.0,5.794807174466846e-20
0.2,52,112.0,6.159491068523494e-22
0.2,53,113.0,2.1371189544370208e-19
0.2,54,114.0,2.0886478817909254e-12
0.2,55,115.0,0.009592695631329322
0.2,56,116.0,2.404438220014775e-14
0.2,57,117.0,1.8207325798920166e-21
0.2,58,118.0,5.324344086438653e-24
0.2,59,119.0,5.176236858559737e-22
0.2,60,120.0,1.4432859276839657e-15
0.21333333333333335,1,61.0,1.9510417965513212e-12
0.21333333333333335,2,62.0,3.571583448397644e-07
0.21333333333333335,3,63.0,0.0021439894408062307
0.21333333333333335,4,64.0,4.329380268258787e-09
0.21333333333333335,5,65.0,1.1549886264764514e-10
0.21333333333333335,6,66.0,9.927091181447293e-08
0.21333333333333335,7,67.0,0.0029960855922795612
0.21333333333333335,8,68.0,4.182947590633976e-12
0.21333333333333335,9,69.0,1.830634711482026e-16
0.21333333333333335,10,70.0,2.8270512863764673e-16
0.21333333333333335,11,71.0,1.3279262782488387e-11
0.21333333333333335,12,72.0,0.008490380844005472
0.21333333333333335,13,73.0,2.8920109614525146e-13
0.21333333333333335,14,74.0,4.382322944386696e-20
0.21333333333333335,15,75.0,2.5393524662189664e-22
0.21333333333333335,16,76.0,4.8445891417081605e-20
0.21333333333333335,17,77.0,2.6255960068340145e-13
0.21333333333333335,18,78.0,0.012906157204010256
0.21333333333333335,19,79.0,3.8620911554677e-14
0.21333333333333335,20,80.0,9.439590324052497e-22
0.21333333333333335,21,81.0,9.053924853270338e-25
0.21333333333333335,22,82.0,2.9330249385219895e-23
0.21333333333333335,23,83.0,2.7679266958272395e-17
0.21333333333333335,24,84.0,6.576777422246201e-07
0.21333333333333335,25,85.0,7.227972370070205e-08
0.21333333333333335,26,86.0,7.696545832231912e-11
0.21333333333333335,27,87.0,2.7637323001783156e-09
0.21333333333333335,28,88.0,0.0023437155199948346
0.21333333333333335,29,89.0,1.9655269051606657e-11
0.21333333333333335,30,90.0,1.2094047527356615e-16
0.21333333333333335,31,91.0,2.6999908267063103e-17
0.21333333333333335,32,92.0,1.8844092912974321e-13
0.21333333333333335,33,93.0,3.54310054494653e-05
0.21333333333333335,34,94.0,8.33481016468254e-10
0.21333333333333335,35,95.0,2.4323985440005297e-14
0.21333333333333335,36,96.0,2.5193149144660848e-14
0.21333333333333335,37,97.0,7.981769792667473e-10
0.21333333333333335,38,98.0,0.005924370938954527
0.21333333333333335,39,99.0,1.5158552747536942e-13
0.21333333333333335,40,100.0,1.2228086501397417e-19
0.21333333333333335,41,101.0,3.683605235326727e-21
0.21333333333333335,42,102.0,3.569016664522056e-18
0.21333333333333335,43,103.0,9.599536165149602e-11
0.21333333333333335,44,104.0,0.00111142836150814
0.21333333333333335,45,105.0,7.226695603881809e-14
0.21333333333333335,46,106.0,1.9004380272362893e-19
0.21333333333333335,47,107.0,1.835278820574056e-20
0.21333333333333335,48,108.0,5.607057358044591e-17
0.21333333333333335,49,109.0,4.678634998907931e-09
0.21333333333333335,50,110.0,0.0007838376153103554
0.21333333333333335,51,111.0,8.820087214775167e-10
0.21333333333333335,52,112.0,3.0446214970709e-11
0.21333333333333335,53,113.0,3.3737341025322387e-08
0.21333333333333335,54,114.0,0.003944802501366704
0.21333333333333335,55,115.0,1.3642983367548387e-12
0.21333333333333335,56,116.0,1.466930587435525e-17
0.21333333333333335,57,117.0,5.677660189498747e-18
0.21333333333333335,58,118.0,6.816507802414402e-14
0.21333333333333335,59,119.0,2.1895450782392455e-05
0.21333333333333335,60,120.0,1.4345989634990103e-09
0.22666666666666668,1,61.0,4.056932200084961e-14
0.22666666666666668,2,62.0,3.1243365709831126e-09
0.22666666666666668,3,63.0,0.0023995308180202943
0.22666666666666668,4,64.0,1.9931420907008274e-13
0.22666666666666668,5,65.0,6.157037715281811e-19
0.22666666666666668,6,66.0,6.968639385005574e-20
0.22666666666666668,7,67.0,2.489608329145664e-16
0.22666666666666668,8,68.0,2.4238217507926e-08
0.22666666666666668,9,69.0,0.0016792139982710738
0.22666666666666668,10,70.0,5.7153082527800565e-09
0.22666666666666668,11,71.0,3.1501005295491657e-10
0.22666666666666668,12,72.0,5.535871323091755e-07
0.22666666666666668,13,73.0,0.0029098391536723453
0.22666666666666668,14,74.0,5.495082972365154e-11
0.22666666666666668,15,75.0,2.5742850899395206e-14
0.22666666666666668,16,76.0,4.1147954163480463e-13
0.22666666666666668,17,77.0,1.9352834528029608e-07
0.22666666666666668,18,78.0,0.002389744725119278
0.22666666666666668,19,79.0,1.1169299882050947e-09
0.22666666666666668,20,80.0,8.639679069885386e-12
0.22666666666666668,21,81.0,2.191310013782701e-09
0.22666666666666668,22,82.0,0.007235791860402093
0.22666666666666668,23,83.0,1.2573731495694827e-12
0.22666666666666668,24,84.0,1.116428983783348e-18
0.22666666666666668,25,85.0,3.6967562875256383e-20
0.22666666666666668,26,86.0,3.931776203430043e-17
0.22666666666666668,27,87.0,1.1593332977911244e-09
0.22666666666666668,28,88.0,0.0006500690570946502
0.22666666666666668,29,89.0,3.1732744712416e-12
0.22666666666666668,30,90.0,5.843833920308999e-16
0.22666666666666668,31,91.0,3.72090766541275e-15
0.22666666666666668,32,92.0,7.062875133929007e-10
0.22666666666666668,33,93.0,0.00328731653121521
0.22666666666666668,34,94.0,6.919502069503361e-14
0.22666666666666668,35,95.0,5.4092065670662706e-20
0.22666666666666668,36,96.0,1.5797907908299183e-21
0.22666666666666668,37,97.0,1.4846265435577063e-18
0.22666666666666668,38,98.0,3.874796416491801e-11
0.22666666666666668,39,99.0,0.0017739919728278182
0.22666666666666668,40,100.0,1.659794654973438e-14
0.22666666666666668,41,101.0,6.3548263148530534e-21
0.22666666666666668,42,102.0,9.182426587448547e-23
0.22666666666666668,43,103.0,4.312188759767898e-20
0.22666666666666668,44,104.0,5.67970369219133e-13
0.22666666666666668,45,105.0,0.014339503372696493
0.22666666666666668,46,106.0,9.489136810732724e-15
0.22666666666666668,47,107.0,1.4104739931123848e-22
0.22666666666666668,48,108.0,8.285526985498521e-26
0.22666666666666668,49,109.0,1.655352588499473e-24
0.22666666666666668,50,110.0,9.700590893903313e-19
0.22666666666666668,51,111.0,1.441030353877882e-08
0.22666666666666668,52,112.0,0.0003990430933487186
0.22666666666666668,53,113.0,2.617601208698746e-06
0.22666666666666668,54,114.0,0.00010217429969562696
0.22666666666666668,55,115.0,2.134572511954089e-06
0.22666666666666668,56,116.0,5.428484177417811e-06
0.22666666666666668,57,117.0,0.004261283577058859
0.22666666666666668,58,118.0,1.1157058001513351e-10
0.22666666666666668,59,119.0,2.740130089210419e-14
0.22666666666666668,60,120.0,2.31728781989291e-13
0.24000000000000002,1,61.0,4.914099969830994e-16
0.24000000000000002,2,62.0,1.3808652736273938e-08
0.24000000000000002,3,63.0,0.0014377756348935133
0.24000000000000002,4,64.0,3.0297876878063633e-10
0.24000000000000002,5,65.0,1.7584259881390137e-12
0.24000000000000002,6,66.0,3.360014357909097e-10
0.24000000000000002,7,67.0,0.0016281505513393829
0.24000000000000002,8,68.0,5.4064806675117324e-12
0.24000000000000002,9,69.0,5.939840408660388e-18
0.24000000000000002,10,70.0,2.4263069516242953e-19
0.24000000000000002,11,71.0,3.173960883295248e-16
0.24000000000000002,12,72.0,1.1477132223005114e-08
0.24000000000000002,13,73.0,0.0013582327464523368
0.24000000000000002,14,74.0,2.9243928872186504e-10
0.24000000000000002,15,75.0,1.7709589971643515e-12
0.24000000000000002,16,76.0,3.5287800090715555e-10
0.24000000000000002,17,77.0,0.0017643966533454048
0.24000000000000002,18,78.0,4.802366829915758e-12
0.24000000000000002,19,79.0,4.895460366608356e-18
0.24000000000000002,20,80.0,1.857393331021667e-19
0.24000000000000002,21,81.0,2.2591956560062036e-16
0.24000000000000002,22,82.0,7.603756864750729e-09
0.24000000000000002,23,83.0,0.0011054866590769442
0.24000000000000002,24,84.0,1.3625105197629554e-10
0.24000000000000002,25,85.0,5.22359937835163e-13
0.24000000000000002,26,86.0,6.632229218491681e-11
0.24000000000000002,27,87.0,0.00023679848173785645
0.24000000000000002,28,88.0,1.064551930632091e-10
0.24000000000000002,29,89.0,1.0114477972121201e-15
0.24000000000000002,30,90.0,3.465306586806297e-16
0.24000000000000002,31,91.0,3.689127438577309e-12
0.24000000000000002,32,92.0,0.0009986475191261525
0.24000000000000002,33,93.0,1.895724531061107e-12
0.24000000000000002,34,94.0,4.195617095375661e-19
0.24000000000000002,35,95.0,3.531807925743726e-21
0.24000000000000002,36,96.0,9.736730689531033e-19
0.24000000000000002,37,97.0,7.585740045474102e-12
0.24000000000000002,38,98.0,0.006825871921646156
0.24000000000000002,39,99.0,5.547905168509881e-15
0.24000000000000002,40,100.0,1.62285298227242e-22
0.24000000000000002,41,101.0,1.858128539633869e-25
0.24000000000000002,42,102.0,7.16764451783025e-24
0.24000000000000002,43,103.0,8.034545850855728e-18
0.24000000000000002,44,104.0,2.262107188653871e-07
0.24000000000000002,45,105.0,3.775404351560399e-07
0.24000000000000002,46,106.0,3.494182218020452e-09
0.24000000000000002,47,107.0,1.0563655851429044e-06
0.24000000000000002,48,108.0,0.0039254195251520515
0.24000000000000002,49,109.0,2.239650458814278e-11
0.24000000000000002,50,110.0,2.7833239700335575e-15
0.24000000000000002,51,111.0,1.2026265614018702e-14
0.24000000000000002,52,112.0,1.5576423186776035e-09
0.24000000000000002,53,113.0,0.0028157233890304715
0.24000000000000002,54,114.0,6.448582912036104e-14
0.24000000000000002,55,115.0,5.573725910446261e-20
0.24000000000000002,56,116.0,1.797278772624104e-21
0.24000000000000002,57,117.0,1.862202423873142e-18
0.24000000000000002,58,118.0,5.351194798619717e-11
0.24000000000000002,59,119.0,0.0015616022389604667
0.24000000000000002,60,120.0,1.2448411952508567e-14
0.25333333333333335,1,61.0,0.013046757535519482
0.25333333333333335,2,62.0,2.5809991832980032e-14
0.25333333333333335,3,63.0,7.995587822191654e-22
0.25333333333333335,4,64.0,9.687371720916723e-25
0.25333333333333335,5,65.0,3.951093213655302e-23
0.25333333333333335,6,66.0,4.6791737371282755e-17
0.25333333333333335,7,67.0,1.3906826512506205e-06
0.25333333333333335,8,68.0,3.793288448131675e-09
0.25333333333333335,9,69.0,2.143029488785557e-13
0.25333333333333335,10,70.0,4.2567604028312914e-13
0.25333333333333335,11,71.0,2.5626339334539073e-08
0.25333333333333335,12,72.0,0.00171070021585061
0.25333333333333335,13,73.0,8.84975162061097e-13
0.25333333333333335,14,74.0,1.6562504360813995e-17
0.25333333333333335,15,75.0,1.1070479604310133e-17
0.25333333333333335,16,76.0,2.277580120932335e-13
0.25333333333333335,17,77.0,0.00012380290850672713
0.25333333333333335,18,78.0,1.3556862457167002e-11
0.25333333333333335,19,79.0,8.163009562499928e-18
0.25333333333333335,20,80.0,1.8431328980563842e-19
0.25333333333333335,21,81.0,1.3440015297281408e-16
0.25333333333333335,22,82.0,2.7316129986181935e-09
0.25333333333333335,23,83.0,0.0008209770634812429
0.25333333333333335,24,84.0,3.393397688748427e-12
0.25333333333333335,25,85.0,5.178679528017929e-16
0.25333333333333335,26,86.0,2.7398170764449306e-15
0.25333333333333335,27,87.0,4.332580203260437e-10
0.25333333333333335,28,88.0,0.004968506989594842
0.25333333333333335,29,89.0,1.7684706345237467e-14
0.25333333333333335,30,90.0,2.2720878558575067e-21
0.25333333333333335,31,91.0,1.1188789896513743e-23
0.25333333333333335,32,92.0,1.81827108528031e-21
0.25333333333333335,33,93.0,8.413150571305986e-15
0.25333333333333335,34,94.0,0.0009233996462973149
0.25333333333333335,35,95.0,1.3231174757856865e-13
0.25333333333333335,36,96.0,1.4271901871707938e-21
0.25333333333333335,37,97.0,6.111630156163493e-25
0.25333333333333335,38,98.0,8.94117803695873e-24
0.25333333333333335,39,99.0,3.8537992707216506e-18
0.25333333333333335,40,100.0,4.2290391712341704e-08
0.25333333333333335,41,101.0,6.0972920708431254e-05
0.25333333333333335,42,102.0,5.124971671324064e-05
0.25333333333333335,43,103.0,0.00011848960431068392
0.25333333333333335,44,104.0,2.000778114040744e-05
0.25333333333333335,45,105.0,0.0006281657836179943
0.25333333333333335,46,106.0,9.460139298709844e-09
0.25333333333333335,47,107.0,7.140960881762442e-11
0.25333333333333335,48,108.0,1.768029910002177e-08
0.25333333333333335,49,109.0,0.008764387447910664
0.25333333333333335,50,110.0,2.2654874963228915e-13
0.25333333333333335,51,111.0,1.1862350831825157e-19
0.25333333333333335,52,112.0,2.333757909633433e-21
0.25333333333333335,53,113.0,1.48568292366486e-18
0.25333333333333335,54,114.0,2.6412490675351636e-11
0.25333333333333335,55,115.0,0.0027829034930242505
0.25333333333333335,56,116.0,4.180075773484455e-15
0.25333333333333335,57,117.0,2.573456626122075e-22
0.25333333333333335,58,118.0,6.13637599022392e-25
0.25333333333333335,59,119.0,4.878564993508764e-23
0.25333333333333335,60,120.0,1.115580925978855e-16
0.26666666666666666,1,61.0,0.009058642868187325
0.26666666666666666,2,62.0,1.457032049372533e-14
0.26666666666666666,3,63.0,6.841319913825202e-22
0.26666666666666666,4,64.0,1.2489411307512606e-24
0.26666666666666666,5,65.0,7.630874148562618e-23
0.26666666666666666,6,66.0,1.3460378593712e-16
0.26666666666666666,7,67.0,5.923991380002227e-06
0.26666666666666666,8,68.0,1.0799811501306377e-10
0.26666666666666666,9,69.0,1.6645697676408256e-16
0.26666666666666666,10,70.0,9.49321207339234e-18
0.26666666666666666,11,71.0,1.7256520111933846e-14
0.26666666666666666,12,72.0,8.630221613626196e-07
0.26666666666666666,13,73.0,2.5728164689485585e-06
0.26666666666666666,14,74.0,9.632610870393592e-07
0.26666666666666666,15,75.0,0.00409927077724474
0.26666666666666666,16,76.0,9.404989681732124e-12
0.26666666666666666,17,77.0,6.655762723639759e-17
0.26666666666666666,18,78.0,1.705585642709352e-17
0.26666666666666666,19,79.0,1.363709445202654e-13
0.26666666666666666,20,80.0,2.9332940107354773e-05
0.26666666666666666,21,81.0,1.5076328516599678e-10
0.26666666666666666,22,82.0,7.72972983444356e-16
0.26666666666666666,23,83.0,1.441632487273036e-16
0.26666666666666666,24,84.0,8.427032507580855e-13
0.26666666666666666,25,85.0,0.00013240828215025152
0.26666666666666666,26,86.0,1.3895019338261607e-11
0.26666666666666666,27,87.0,9.683512409915048e-18
0.26666666666666666,28,88.0,2.525349146155356e-19
0.26666666666666666,29,89.0,2.1225550892979692e-16
0.26666666666666666,30,90.0,4.96246361294196e-09
0.26666666666666666,31,91.0,0.001038855069298168
0.26666666666666666,32,92.0,6.330059789500717e-12
0.26666666666666666,33,93.0,1.3616530927982776e-15
0.26666666666666666,34,94.0,1.0104826662710213e-14
0.26666666666666666,35,95.0,2.2306374946263635e-09
0.26666666666666666,36,96.0,0.0022307571345855314
0.26666666666666666,37,97.0,3.109594404325291e-14
0.26666666666666666,38,98.0,1.6981526725299362e-20
0.26666666666666666,39,99.0,3.482303140875522e-22
0.26666666666666666,40,100.0,2.309331418615035e-19
0.26666666666666666,41,101.0,4.274317755389088e-12
0.26666666666666666,42,102.0,0.006964075123394458
0.26666666666666666,43,103.0,1.5689895880880808e-15
0.26666666666666666,44,104.0,1.3249344239201488e-23
0.26666666666666666,45,105.0,4.457263404529442e-27
0.26666666666666666,46,106.0,5.140331922069401e-26
0.26666666666666666,47,107.0,1.7524112497462816e-20
0.26666666666666666,48,108.0,1.5261043149928498e-10
0.26666666666666666,49,109.0,0.000471558815055841
0.26666666666666666,50,110.0,3.0955694334882657e-12
0.26666666666666666,51,111.0,7.69204778142018e-16
0.26666666666666666,52,112.0,6.580495397242826e-15
0.26666666666666666,53,113.0,1.6712329913753428e-09
0.26666666666666666,54,114.0,0.002374161639541327
0.26666666666666666,55,115.0,2.4466066505875506e-14
0.26666666666666666,56,116.0,9.895853249633029e-21
0.26666666666666666,57,117.0,1.5094146338366003e-22
0.26666666666666666,58,118.0,7.476819365674464e-20
0.26666666666666666,59,119.0,1.0379668612199227e-12
0.26666666666666666,60,120.0,0.013478109424536082
0.28,1,61.0,3.3511672379978964e-30
0.28,2,62.0,2.4914409200674985e-30
0.28,3,63.0,5.692671858408288e-26
0.28,4,64.0,3.4525158061281314e-17
0.28,5,65.0,0.0004737351136092205
0.28,6,66.0,2.0497621834347654e-14
0.28,7,67.0,2.068414807618519e-23
0.28,8,68.0,8.569545917973658e-28
0.28,9,69.0,1.2537996152117105e-27
0.28,10,70.0,5.5839179655286e-23
0.28,11,71.0,6.538711790091584e-14
0.28,12,72.0,0.009783209598302119
0.28,13,73.0,2.6999116023882435e-16
0.28,14,74.0,2.801635283978849e-25
0.28,15,75.0,1.193129665784807e-29
0.28,16,76.0,1.7936770706939215e-29
0.28,17,77.0,8.2049182818825285e-25
0.28,18,78.0,9.864650540098196e-16
0.28,19,79.0,0.014082429369402067
0.28,20,80.0,1.0207906466657688e-15
0.28,21,81.0,4.0484867858613085e-25
0.28,22,82.0,6.680167297429933e-30
0.28,23,83.0,3.9436945144310725e-30
0.28,24,84.0,7.17878058656897e-26
0.28,25,85.0,3.4797853242890946e-17
0.28,26,86.0,0.0003839191500303781
0.28,27,87.0,2.6678091223354043e-14
0.28,28,88.0,3.184615826437098e-23
0.28,29,89.0,1.5570781166239635e-27
0.28,30,90.0,2.6822150485897435e-27
0.28,31,91.0,1.4031738813279868e-22
0.28,32,92.0,1.9256615708539146e-13
0.28,33,93.0,0.005596463580023683
0.28,34,94.0,2.521103650044585e-16
0.28,35,95.0,4.718457206237653e-25
0.28,36,96.0,3.5941005804352017e-29
0.28,37,97.0,9.584717297182879e-29
0.28,38,98.0,7.714552976939492e-24
0.28,39,99.0,1.6189685441164546e-14
0.28,40,100.0,0.013993952334850015
0.28,41,101.0,2.5997726295234624e-16
0.28,42,102.0,1.6056479907417406e-25
0.28,43,103.0,4.0999215166761474e-30
0.28,44,104.0,3.7224795754528715e-30
0.28,45,105.0,1.0357833303076264e-25
0.28,46,106.0,7.628613029787367e-17
0.28,47,107.0,0.0012365215779334934
0.28,48,108.0,8.476330190040354e-15
0.28,49,109.0,5.713772911464965e-24
0.28,50,110.0,1.5904108749511681e-28
0.28,51,111.0,1.5721570303624767e-28
0.28,52,112.0,4.7570584489620185e-24
0.28,53,113.0,3.805438246375802e-15
0.28,54,114.0,0.01899768148899237
0.28,55,115.0,7.217834968519884e-16
0.28,56,116.0,3.4557011732519585e-25
0.28,57,117.0,6.865056974259698e-30
0.28,58,118.0,4.8666487142404104e-30
0.28,59,119.0,1.0610115056730692e-25
0.28,60,120.0,6.144028153394282e-17
0.29333333333333333,1,61.0,1.601447265529724e-16
0.29333333333333333,2,62.0,3.7260011429735895e-06
0.29333333333333333,3,63.0,1.4906826998956057e-10
0.29333333333333333,4,64.0,3.406643946509169e-16
0.29333333333333333,5,65.0,2.8646217904978365e-17
0.29333333333333333,6,66.0,7.635625639437355e-14
0.29333333333333333,7,67.0,5.567890750684404e-06
0.29333333333333333,8,68.0,4.100355647722478e-09
0.29333333333333333,9,69.0,7.473502577161047e-13
0.29333333333333333,10,70.0,4.710309603036482e-12
0.29333333333333333,11,71.0,8.850928001208065e-07
0.29333333333333333,12,72.0,0.0005018346531482366
0.29333333333333333,13,73.0,5.1192442834652146e-08
0.29333333333333333,14,74.0,6.434254706712066e-09
0.29333333333333333,15,75.0,2.536221948408235e-05
0.29333333333333333,16,76.0,2.62023279838777e-07
0.29333333333333333,17,77.0,3.160025135421223e-08
0.29333333333333333,18,78.0,0.00011736114164778785
0.29333333333333333,19,79.0,3.5118466736783687e-09
0.29333333333333333,20,80.0,2.7498888895386527e-12
0.29333333333333333,21,81.0,7.293520649216262e-11
0.29333333333333333,22,82.0,5.6300895310588436e-05
0.29333333333333333,23,83.0,5.200330728625159e-10
0.29333333333333333,24,84.0,2.190925466862027e-14
0.29333333333333333,25,85.0,3.2588996861263576e-14
0.29333333333333333,26,86.0,1.475207164423389e-09
0.29333333333333333,27,87.0,0.005345123227891392
0.29333333333333333,28,88.0,6.672875904226168e-15
0.29333333333333333,29,89.0,3.020456322021979e-22
0.29333333333333333,30,90.0,5.318497319667637e-25
0.29333333333333333,31,91.0,3.135869455793273e-23
0.29333333333333333,32,92.0,5.340680145991866e-17
0.29333333333333333,33,93.0,2.270851920427359e-06
0.29333333333333333,34,94.0,2.646670944920132e-10
0.29333333333333333,35,95.0,9.841955505347488e-16
0.29333333333333333,36,96.0,1.3374044584838048e-16
0.29333333333333333,37,97.0,5.721689745372742e-13
0.29333333333333333,38,98.0,6.632031434597612e-05
0.29333333333333333,39,99.0,1.8682154252476037e-11
0.29333333333333333,40,100.0,1.4609659528042607e-17
0.29333333333333333,41,101.0,4.268331692901375e-19
0.29333333333333333,42,102.0,4.0125956842900995e-16
0.29333333333333333,43,103.0,1.0476178313868864e-08
0.29333333333333333,44,104.0,0.00174396887670686
0.29333333333333333,45,105.0,3.442610862265552e-12
0.29333333333333333,46,106.0,2.2484421448447383e-16
0.29333333333333333,47,107.0,5.152544875656149e-16
0.29333333333333333,48,108.0,3.571396960407183e-11
0.29333333333333333,49,109.0,0.013987266586108434
0.29333333333333333,50,110.0,7.171853023350971e-15
0.29333333333333333,51,111.0,5.080974452890383e-23
0.29333333333333333,52,112.0,1.4376189239354663e-26
0.29333333333333333,53,113.0,1.3978344557984643e-25
0.29333333333333333,54,114.0,4.027546915977982e-20
0.29333333333333333,55,115.0,2.9714194108114127e-10
0.29333333333333333,56,116.0,0.0006509447802468195
0.29333333333333333,57,117.0,2.603340373296946e-12
0.29333333333333333,58,118.0,3.875979274693655e-16
0.29333333333333333,59,119.0,2.0012545452972096e-15
0.29333333333333333,60,120.0,3.0895511133811634e-10
0.3066666666666667,1,61.0,2.4565551044245404e-21
0.3066666666666667,2,62.0,1.7507161930390292e-11
0.3066666666666667,3,63.0,0.0005240008684307074
0.3066666666666667,4,64.0,2.788952094738113e-15
0.3066666666666667,5,65.0,6.4156580390521e-22
0.3066666666666667,6,66.0,5.6102702568857876e-24
0.3066666666666667,7,67.0,1.6058548846281023e-21
0.3066666666666667,8,68.0,1.2982696352222613e-14
0.3066666666666667,9,69.0,0.0023481182635390918
0.3066666666666667,10,70.0,8.442624738506337e-15
0.3066666666666667,11,71.0,9.22429522941719e-24
0.3066666666666667,12,72.0,4.1331881192962875e-28
0.3066666666666667,13,73.0,6.532877388192058e-28
0.3066666666666667,14,74.0,3.139700707191046e-23
0.3066666666666667,15,75.0,3.9631815751922827e-14
0.3066666666666667,16,76.0,0.01258868530376374
0.3066666666666667,17,77.0,1.2655075977477022e-16
0.3066666666666667,18,78.0,4.548840566565356e-26
0.3066666666666667,19,79.0,6.81210078184024e-31
0.3066666666666667,20,80.0,3.6549378832721274e-31
0.3066666666666667,21,81.0,6.054789897090813e-27
0.3066666666666667,22,82.0,2.6745586004022e-18
0.3066666666666667,23,83.0,2.7238318780931078e-05
0.3066666666666667,24,84.0,1.9323254762795737e-13
0.3066666666666667,25,85.0,5.514425758094155e-22
0.3066666666666667,26,86.0,6.366525645987585e-26
0.3066666666666667,27,87.0,2.5582421814415066e-25
0.3066666666666667,28,88.0,3.0845888490078114e-20
0.3066666666666667,29,89.0,9.641794190099066e-11
0.3066666666666667,30,90.0,0.0005080466469080738
0.3066666666666667,31,91.0,3.18503827459984e-14
0.3066666666666667,32,92.0,8.256240412048353e-20
0.3066666666666667,33,93.0,7.860908915214263e-21
0.3066666666666667,34,94.0,2.3682886787059587e-17
0.3066666666666667,35,95.0,1.949088677470501e-09
0.3066666666666667,36,96.0,0.00093801474687526
0.3066666666666667,37,97.0,3.137404171673855e-13
0.3066666666666667,38,98.0,4.039968518662176e-18
0.3066666666666667,39,99.0,1.8678163347128844e-18
0.3066666666666667,40,100.0,2.6719444872604982e-14
0.3066666666666667,41,101.0,1.0208403921455844e-05
0.3066666666666667,42,102.0,1.8638637583477203e-10
0.3066666666666667,43,103.0,9.983610690846925e-16
0.3066666666666667,44,104.0,1.9440746757023022e-16
0.3066666666666667,45,105.0,1.1857743909817648e-12
0.3066666666666667,46,106.0,0.0001938193141237527
0.3066666666666667,47,107.0,1.824798688578584e-12
0.3066666666666667,48,108.0,1.8504094894592162e-19
0.3066666666666667,49,109.0,7.216208008093882e-22
0.3066666666666667,50,110.0,9.317612425199705e-20
0.3066666666666667,51,111.0,3.4366915161220814e-13
0.3066666666666667,52,112.0,0.013726145447675614
0.3066666666666667,53,113.0,2.0320876528497374e-15
0.3066666666666667,54,114.0,2.1365174485017515e-24
0.3066666666666667,55,115.0,9.217294621984385e-29
0.3066666666666667,56,116.0,1.4034639156737458e-28
0.3066666666666667,57,117.0,6.501200186687158e-24
0.3066666666666667,58,118.0,7.913792542119155e-15
0.3066666666666667,59,119.0,0.020072636789122942
0.3066666666666667,60,120.0,1.9405828807826387e-16
0.32,1,61.0,1.8871926128613094e-21
0.32,2,62.0,1.054252824593657e-14
0.32,3,63.0,0.0013755609200230053
0.32,4,64.0,1.0145090123978604e-14
0.32,5,65.0,1.0031071823844143e-23
0.32,6,66.0,4.073334265180327e-28
0.32,7,67.0,5.842872797184684e-28
0.32,8,68.0,2.5519070017523726e-23
0.32,9,69.0,2.931325053594349e-14
0.32,10,70.0,0.014954281727569416
0.32,11,71.0,9.631733591691417e-17
0.32,12,72.0,2.0778522751817792e-26
0.32,13,73.0,1.8811094538812823e-31
0.32,14,74.0,6.14514838373362e-32
0.32,15,75.0,6.24204934922837e-28
0.32,16,76.0,1.7024285621040004e-19
0.32,17,77.0,1.0787182749907845e-06
0.32,18,78.0,1.6588509577652734e-11
0.32,19,79.0,1.940113199195825e-18
0.32,20,80.0,8.708755603787452e-21
0.32,21,81.0,1.291733661107397e-18
0.32,22,82.0,5.462300636217025e-12
0.32,23,83.0,0.012324008300275979
0.32,24,84.0,4.790049116827302e-16
0.32,25,85.0,5.917568595519626e-25
0.32,26,86.0,2.992858528973368e-29
0.32,27,87.0,5.330284985347444e-29
0.32,28,88.0,2.8816650912661682e-24
0.32,29,89.0,4.0849135758333705e-15
0.32,30,90.0,0.021438352095884506
0.32,31,91.0,1.5598205204267724e-16
0.32,32,92.0,2.0935233933672998e-26
0.32,33,93.0,1.1871169746693435e-31
0.32,34,94.0,2.445175813914606e-32
0.32,35,95.0,1.5763199939566122e-28
0.32,36,96.0,2.74616562039497e-20
0.32,37,97.0,1.1186171274139313e-07
0.32,38,98.0,2.193744192733182e-09
0.32,39,99.0,4.713983592220911e-14
0.32,40,100.0,3.610635823761478e-14
0.32,41,101.0,8.495840728512092e-10
0.32,42,102.0,0.009257462303436383
0.32,43,103.0,2.7528931710307764e-15
0.32,44,104.0,2.5550211247482006e-23
0.32,45,105.0,9.43446038249609e-27
0.32,46,106.0,1.1926545350919241e-25
0.32,47,107.0,4.4511053711489565e-20
0.32,48,108.0,4.2380291723511324e-10
0.32,49,109.0,0.0008710186048719477
0.32,50,110.0,1.123578078371397e-12
0.32,51,111.0,5.3788478918418085e-17
0.32,52,112.0,9.074757134423315e-17
0.32,53,113.0,4.65096636020874e-12
0.32,54,114.0,0.004921666415669999
0.32,55,115.0,1.3418466804947074e-14
0.32,56,116.0,4.555880375538459e-23
0.32,57,117.0,6.24243039802748e-27
0.32,58,118.0,2.9697303147573996e-26
0.32,59,119.0,4.2291832101519356e-21
0.32,60,120.0,1.5576675565294467e-11
0.33333333333333337,1,61.0,5.639683574749965e-10
0.33333333333333337,2,62.0,0.001147949262858596
0.33333333333333337,3,63.0,2.4969156282577466e-15
0.33333333333333337,4,64.0,2.3168140269341446e-22
0.33333333333333337,5,65.0,8.277776629501173e-25
0.33333333333333337,6,66.0,9.804597166018532e-23
0.33333333333333337,7,67.0,3.3213691074233633e-16
0.33333333333333337,8,68.0,2.779277555789527e-05
0.33333333333333337,9,69.0,6.418836743912159e-13
0.33333333333333337,10,70.0,7.914378583858187e-21
0.33333333333333337,11,71.0,3.866740680771489e-24
0.33333333333333337,12,72.0,6.442039148899625e-23
0.33333333333333337,13,73.0,3.156141923848412e-17
0.33333333333333337,14,74.0,3.929602797501934e-07
0.33333333333333337,15,75.0,9.808363712818088e-09
0.33333333333333337,16,76.0,2.8913215974073473e-12
0.33333333333333337,17,77.0,2.927204366734775e-11
0.33333333333333337,18,78.0,8.771428114959183e-06
0.33333333333333337,19,79.0,2.671308105433689e-08
0.33333333333333337,20,80.0,1.1855796637558702e-10
0.33333333333333337,21,81.0,1.738821117808725e-08
0.33333333333333337,22,82.0,0.011201592586012818
0.33333333333333337,23,83.0,1.6386682396317926e-14
0.33333333333333337,24,84.0,3.6685880038035985e-22
0.33333333333333337,25,85.0,3.2270099586116457e-25
0.33333333333333337,26,86.0,9.599077063560498e-24
0.33333333333333337,27,87.0,8.328031951516186e-18
0.33333333333333337,28,88.0,1.8213641405172685e-07
0.33333333333333337,29,89.0,4.898694818739326e-08
0.33333333333333337,30,90.0,9.837204665342902e-11
0.33333333333333337,31,91.0,6.601676747536481e-09
0.33333333333333337,32,92.0,0.0070844766384714295
0.33333333333333337,33,93.0,4.947363415457388e-14
0.33333333333333337,34,94.0,1.3010220578583892e-21
0.33333333333333337,35,95.0,1.3412121354860103e-24
0.33333333333333337,36,96.0,4.665096575650348e-23
0.33333333333333337,37,97.0,4.7221945840293996e-17
0.33333333333333337,38,98.0,1.2022706946969282e-06
0.33333333333333337,39,99.0,3.433061320781181e-10
0.33333333333333337,40,100.0,1.93689788704552e-15
0.33333333333333337,41,101.0,3.9697550803463013e-16
0.33333333333333337,42,102.0,2.5466479662151366e-12
0.33333333333333337,43,103.0,0.0004329243564220896
0.33333333333333337,44,104.0,2.4579744869769446e-13
0.33333333333333337,45,105.0,4.51831556977253e-21
0.33333333333333337,46,106.0,3.272528711799862e-24
0.33333333333333337,47,107.0,8.037393901817421e-23
0.33333333333333337,48,108.0,5.773124730835549e-17
0.33333333333333337,49,109.0,1.0480879920875214e-06
0.33333333333333337,50,110.0,6.083700553980307e-10
0.33333333333333337,51,111.0,6.742670625448974e-15
0.33333333333333337,52,112.0,2.688861800129039e-15
0.33333333333333337,53,113.0,3.3247020774348374e-11
0.33333333333333337,54,114.0,0.007300575398248429
0.33333333333333337,55,115.0,9.249898222152752e-15
0.33333333333333337,56,116.0,3.1172339777888835e-23
0.33333333333333337,57,117.0,4.239939773994525e-27
0.33333333333333337,58,118.0,2.002521043566107e-26
0.33333333333333337,59,119.0,2.831490347394618e-21
0.33333333333333337,60,120.0,1.0355596267001928e-11
0.3466666666666667,1,61.0,0.003697378929305021
0.3466666666666667,2,62.0,2.0655647779945886e-13
0.3466666666666667,3,63.0,3.540378733582195e-19
0.3466666666666667,4,64.0,2.2419787726087256e-20
0.3466666666666667,5,65.0,4.518523654368568e-17
0.3466666666666667,6,66.0,2.5019121751224483e-09
0.3466666666666667,7,67.0,0.001153456972868493
0.3466666666666667,8,68.0,3.069564724988143e-14
0.3466666666666667,9,69.0,3.274321560532538e-20
0.3466666666666667,10,70.0,1.2991465834817641e-21
0.3466666666666667,11,71.0,1.6514231806700404e-18
0.3466666666666667,12,72.0,5.80508538600879e-11
0.3466666666666667,13,73.0,0.002091346210850688
0.3466666666666667,14,74.0,2.189789852841708e-16
0.3466666666666667,15,75.0,1.0097588748827056e-24
0.3466666666666667,16,76.0,1.870936829222654e-28
0.3466666666666667,17,77.0,1.198459542324545e-27
0.3466666666666667,18,78.0,2.2883932124858503e-22
0.3466666666666667,19,79.0,1.1254032480244504e-12
0.3466666666666667,20,80.0,0.001827239544884443
0.3466666666666667,21,81.0,4.1665014693159176e-17
0.3466666666666667,22,82.0,4.3560714907495505e-26
0.3466666666666667,23,83.0,1.8688994175593072e-30
0.3466666666666667,24,84.0,2.8301639031514737e-30
0.3466666666666667,25,85.0,1.303961769694367e-25
0.3466666666666667,26,86.0,1.5788763722573312e-16
0.3466666666666667,27,87.0,0.003861835346504428
0.3466666666666667,28,88.0,4.726757019038333e-16
0.3466666666666667,29,89.0,3.198555275984579e-26
0.3466666666666667,30,90.0,9.233687497732555e-32
0.3466666666666667,31,91.0,9.775881856444134e-33
0.3466666666666667,32,92.0,3.270047187496017e-29
0.3466666666666667,33,93.0,2.9836040095686653e-21
0.3466666666666667,34,94.0,6.423692430530947e-09
0.3466666666666667,35,95.0,6.278123930030826e-06
0.3466666666666667,36,96.0,4.27716360895581e-06
0.3466666666666667,37,97.0,0.0028951360892838767
0.3466666666666667,38,98.0,3.38838504735191e-12
0.3466666666666667,39,99.0,7.18372955667791e-18
0.3466666666666667,40,100.0,5.610069212076276e-19
0.3466666666666667,41,101.0,1.3902037020604263e-15
0.3466666666666667,42,102.0,9.436786790711823e-08
0.3466666666666667,43,103.0,0.0003295180835538839
0.3466666666666667,44,104.0,3.818651098686912e-08
0.3466666666666667,45,105.0,3.983193874471195e-09
0.3466666666666667,46,106.0,1.3086961002069918e-05
0.3466666666666667,47,107.0,3.038490467025526e-07
0.3466666666666667,48,108.0,6.432978448104901e-08
0.3466666666666667,49,109.0,0.00039592265446558356
0.3466666666666667,50,110.0,2.172481685629756e-11
0.3466666666666667,51,111.0,8.482870949150618e-17
0.3466666666666667,52,112.0,1.209563287612142e-17
0.3466666666666667,53,113.0,5.4262211946468486e-14
0.3466666666666667,54,114.0,6.6102678096210594e-06
0.3466666666666667,55,115.0,2.3333009065372854e-10
0.3466666666666667,56,116.0,1.881643343531278e-15
0.3466666666666667,57,117.0,5.484475744758743e-16
0.3466666666666667,58,118.0,4.97864978775977e-12
0.3466666666666667,59,119.0,0.0011543491005883328
0.3466666666666667,60,120.0,4.502414968896339e-14
0.36000000000000004,1,61.0,1.3876063929518536e-16
0.36000000000000004,2,62.0,5.757979539045789e-27
0.36000000000000004,3,63.0,1.0264007879634951e-32
0.36000000000000004,4,64.0,6.756052450781202e-34
0.36000000000000004,5,65.0,1.4145359205967105e-30
0.36000000000000004,6,66.0,8.132236988660969e-23
0.36000000000000004,7,67.0,1.110470911682604e-10
0.36000000000000004,8,68.0,0.0013301455599546025
0.36000000000000004,9,69.0,4.4689435854700263e-13
0.36000000000000004,10,70.0,5.4310930758181695e-18
0.36000000000000004,11,71.0,2.3717803554840994e-18
0.36000000000000004,12,72.0,3.207372978967268e-14
0.36000000000000004,13,73.0,1.1593022143019196e-05
0.36000000000000004,14,74.0,2.0397605005712195e-11
0.36000000000000004,15,75.0,1.1261222844649124e-17
0.36000000000000004,16,76.0,2.3342175130485237e-19
0.36000000000000004,17,77.0,1.5644443937468191e-16
0.36000000000000004,18,78.0,2.9259831364889973e-09
0.36000000000000004,19,79.0,0.0012562211290460497
0.36000000000000004,20,80.0,8.218396536490279e-15
0.36000000000000004,21,81.0,2.2132513205137106e-21
0.36000000000000004,22,82.0,2.2607148953443027e-23
0.36000000000000004,23,83.0,7.54194516140998e-21
0.36000000000000004,24,84.0,7.091072587848684e-14
0.36000000000000004,25,85.0,0.010398754194688291
0.36000000000000004,26,86.0,5.078561915909469e-16
0.36000000000000004,27,87.0,8.431761081233227e-26
0.36000000000000004,28,88.0,5.896549930246527e-31
0.36000000000000004,29,89.0,1.493436407498983e-31
0.36000000000000004,30,90.0,1.1803732594101064e-27
0.36000000000000004,31,91.0,2.513870049956551e-19
0.36000000000000004,32,92.0,1.2481918637694708e-06
0.36000000000000004,33,93.0,3.800541168561738e-12
0.36000000000000004,34,94.0,1.0739604487974524e-19
0.36000000000000004,35,95.0,1.188474870815949e-22
0.36000000000000004,36,96.0,4.433076170542603e-21
0.36000000000000004,37,97.0,4.807389069963918e-15
0.36000000000000004,38,98.0,0.0001304009585215283
0.36000000000000004,39,99.0,6.014648593249166e-14
0.36000000000000004,40,100.0,1.2626587391749918e-22
0.36000000000000004,41,101.0,1.0770478503271848e-26
0.36000000000000004,42,102.0,3.2113326629774077e-26
0.36000000000000004,43,103.0,2.8852896448278193e-21
0.36000000000000004,44,104.0,6.748508654295088e-12
0.36000000000000004,45,105.0,0.001170971552073357
0.36000000000000004,46,106.0,6.907581026325989e-17
0.36000000000000004,47,107.0,1.8623050353962062e-25
0.36000000000000004,48,108.0,2.0328619248371377e-29
0.36000000000000004,49,109.0,7.729421560698275e-29
0.36000000000000004,50,110.0,8.825557447125972e-24
0.36000000000000004,51,111.0,2.6144167535652007e-14
0.36000000000000004,52,112.0,0.012719575648787059
0.36000000000000004,53,113.0,2.2850777106408242e-17
0.36000000000000004,54,114.0,1.5740189927913038e-27
0.36000000000000004,55,115.0,4.62423781245716e-33
0.36000000000000004,56,116.0,4.981060689957429e-34
0.36000000000000004,57,117.0,1.6947836378424918e-30
0.36000000000000004,58,118.0,1.5724987296774148e-22
0.36000000000000004,59,119.0,3.4420547086788987e-10
0.36000000000000004,60,120.0,0.004127815050817464
0.37333333333333335,1,61.0,0.008543577506323874
0.37333333333333335,2,62.0,3.4253164613048064e-15
0.37333333333333335,3,63.0,4.0261014641184436e-23
0.37333333333333335,4,64.0,1.8764240253183278e-26
0.37333333333333335,5,65.0,2.984129287118756e-25
0.37333333333333335,6,66.0,1.3965119821191634e-19
0.37333333333333335,7,67.0,1.6619444703958949e-09
0.37333333333333335,8,68.0,0.003323407116929004
0.37333333333333335,9,69.0,7.824796654803194e-14
0.37333333333333335,10,70.0,6.087957889132927e-20
0.37333333333333335,11,71.0,1.769726930558417e-21
0.37333333333333335,12,72.0,1.6554664061030187e-18
0.37333333333333335,13,73.0,4.301033546292069e-11
0.37333333333333335,14,74.0,0.0029342006926127984
0.37333333333333335,15,75.0,7.772056837203372e-17
0.37333333333333335,16,76.0,9.112201398180135e-26
0.37333333333333335,17,77.0,4.376955909039449e-30
0.37333333333333335,18,78.0,7.409003302170619e-30
0.37333333333333335,19,79.0,3.809680461258002e-25
0.37333333333333335,20,80.0,5.14007347211e-16
0.37333333333333335,21,81.0,0.010825948854610992
0.37333333333333335,22,82.0,1.1048790317410206e-16
0.37333333333333335,23,83.0,3.2917134003304076e-27
0.37333333333333335,24,84.0,4.2326582953700626e-33
0.37333333333333335,25,85.0,2.0190431573074956e-34
0.37333333333333335,26,86.0,3.077559146162283e-31
0.37333333333333335,27,87.0,1.2938902096370912e-23
0.37333333333333335,28,88.0,1.2978255891160756e-11
0.37333333333333335,29,89.0,0.00037845714866087166
0.37333333333333335,30,90.0,8.06924810974749e-15
0.37333333333333335,31,91.0,7.277388762750587e-21
0.37333333333333335,32,92.0,2.4470582470235953e-22
0.37333333333333335,33,93.0,2.6423818634720983e-19
0.37333333333333335,34,94.0,7.908623021310446e-12
0.37333333333333335,35,95.0,0.006063415270578365
0.37333333333333335,36,96.0,5.194099563873601e-17
0.37333333333333335,37,97.0,1.8758678822400483e-26
0.37333333333333335,38,98.0,2.8223389536601257e-31
0.37333333333333335,39,99.0,1.521267770019592e-31
0.37333333333333335,40,100.0,2.5315884575359673e-27
0.37333333333333335,41,101.0,1.1232679098072407e-18
0.37333333333333335,42,102.0,1.1495738758094493e-05
0.37333333333333335,43,103.0,7.017568963299543e-14
0.37333333333333335,44,104.0,5.69030338187304e-23
0.37333333333333335,45,105.0,1.9002774721891284e-27
0.37333333333333335,46,106.0,2.2478979245812385e-27
0.37333333333333335,47,107.0,8.118669924642552e-23
0.37333333333333335,48,108.0,7.732533092908138e-14
0.37333333333333335,49,109.0,0.012546801530867917
0.37333333333333335,50,110.0,2.172571083099503e-17
0.37333333333333335,51,111.0,1.43943584378328e-27
0.37333333333333335,52,112.0,4.0697837833899776e-33
0.37333333333333335,53,113.0,4.221219766796515e-34
0.37333333333333335,54,114.0,1.3837193851583816e-30
0.37333333333333335,55,115.0,1.2375724903733838e-22
0.37333333333333335,56,116.0,2.6125784467613325e-10
0.37333333333333335,57,117.0,0.0035148358678984298
0.37333333333333335,58,118.0,1.9078428013531803e-13
0.37333333333333335,59,119.0,3.141508315719556e-19
0.37333333333333335,60,120.0,1.912280578279952e-20
0.3866666666666667,1,61.0,2.1235716166586787e-24
0.3866666666666667,2,62.0,3.7934047763505536e-28
0.3866666666666667,3,63.0,2.3439010717461256e-27
0.3866666666666667,4,64.0,4.319302192524823e-22
0.3866666666666667,5,65.0,2.051040380484674e-12
0.3866666666666667,6,66.0,0.0016308056972957974
0.3866666666666667,7,67.0,1.6195784361644118e-17
0.3866666666666667,8,68.0,7.50595510999421e-27
0.3866666666666667,9,69.0,1.4440710881639442e-31
0.3866666666666667,10,70.0,9.918503895319324e-32
0.3866666666666667,11,71.0,2.0960486687872725e-27
0.3866666666666667,12,72.0,1.1770269427239976e-18
0.3866666666666667,13,73.0,1.5192848541863483e-05
0.3866666666666667,14,74.0,3.073666909318952e-14
0.3866666666666667,15,75.0,1.1926809780186969e-23
0.3866666666666667,16,76.0,1.9260363866983756e-28
0.3866666666666667,17,77.0,1.1131617178266695e-28
0.3866666666666667,18,78.0,1.984325881270529e-24
0.3866666666666667,19,79.0,9.422063131923101e-16
0.3866666666666667,20,80.0,0.00794371160589522
0.3866666666666667,21,81.0,1.296819140356519e-16
0.3866666666666667,22,82.0,3.748882396611275e-27
0.3866666666666667,23,83.0,4.679437584508652e-33
0.3866666666666667,24,84.0,2.167752039117062e-34
0.3866666666666667,25,85.0,3.2102154436482523e-31
0.3866666666666667,26,86.0,1.3117957020212838e-23
0.3866666666666667,27,87.0,1.2793806327194954e-11
0.3866666666666667,28,88.0,0.00038125578938582563
0.3866666666666667,29,89.0,3.625073526469992e-15
0.3866666666666667,30,90.0,1.477588575965129e-21
0.3866666666666667,31,91.0,2.2709549832364637e-23
0.3866666666666667,32,92.0,1.1333626062216793e-20
0.3866666666666667,33,93.0,1.5850310218689742e-13
0.3866666666666667,34,94.0,0.01820588330807565
0.3866666666666667,35,95.0,1.2539878153247968e-16
0.3866666666666667,36,96.0,9.281744742546061e-27
0.3866666666666667,37,97.0,2.92714403166195e-32
0.3866666666666667,38,98.0,3.38121882026852e-33
0.3866666666666667,39,99.0,1.2324871621038962e-29
0.3866666666666667,40,100.0,1.223909869415403e-21
0.3866666666666667,41,101.0,2.8644801007420563e-09
0.3866666666666667,42,102.0,2.997521733184668e-05
0.3866666666666667,43,103.0,2.869445551688552e-05
0.3866666666666667,44,104.0,1.0887096054197229e-05
0.3866666666666667,45,105.0,0.0002263496397954162
0.3866666666666667,46,106.0,9.587410373322365e-10
0.3866666666666667,47,107.0,4.994560108947618e-13
0.3866666666666667,48,108.0,8.864347337013175e-12
0.3866666666666667,49,109.0,4.621014131588395e-06
0.3866666666666667,50,110.0,1.2003979262474408e-08
0.3866666666666667,51,111.0,2.368051230257908e-11
0.3866666666666667,52,112.0,1.5616786820889252e-09
0.3866666666666667,53,113.0,0.002555128926579385
0.3866666666666667,54,114.0,3.149392804350273e-14
0.3866666666666667,55,115.0,2.2093186083748203e-22
0.3866666666666667,56,116.0,6.190580712381661e-26
0.3866666666666667,57,117.0,5.961822886865857e-25
0.3866666666666667,58,118.0,1.7015978218229883e-19
0.3866666666666667,59,119.0,1.2437277477066404e-09
0.3866666666666667,60,120.0,0.0022844957863548173
0.4,1,61.0,1.099466309517199e-25
0.4,2,62.0,5.286934210124511e-20
0.4,3,63.0,6.462507189668439e-10
0.4,4,64.0,0.00156871641836141
0.4,5,65.0,8.816169350365486e-15
0.4,6,66.0,1.9888865844990925e-21
0.4,7,67.0,1.7060913924391193e-23
0.4,8,68.0,4.791728450591035e-21
0.4,9,69.0,3.802173636763606e-14
0.4,10,70.0,0.005960121972447576
0.4,11,71.0,3.1174898993984085e-16
0.4,12,72.0,2.056268432058181e-26
0.4,13,73.0,5.788189103938527e-32
0.4,14,74.0,5.9775093624140345e-33
0.4,15,75.0,1.9510467643464196e-29
0.4,16,76.0,1.7376115749669733e-21
0.4,17,77.0,3.65288542592003e-09
0.4,18,78.0,8.247433839774299e-06
0.4,19,79.0,1.2531347906848335e-05
0.4,20,80.0,5.647081992570895e-05
0.4,21,81.0,1.3640172278098157e-06
0.4,22,82.0,1.672501239704573e-05
0.4,23,83.0,3.0062540472704633e-06
0.4,24,84.0,3.9696607544288005e-05
0.4,25,85.0,1.1238896141069285e-07
0.4,26,86.0,2.1021843394146444e-08
0.4,27,87.0,0.0001198811875582893
0.4,28,88.0,3.7019243527375095e-11
0.4,29,89.0,1.8860088954191004e-16
0.4,30,90.0,3.495586098910292e-17
0.4,31,91.0,2.0307814756646101e-13
0.4,32,92.0,3.188799427282872e-05
0.4,33,93.0,1.2570646255544624e-12
0.4,34,94.0,4.9647784846415626e-20
0.4,35,95.0,7.642553976941457e-23
0.4,36,96.0,3.946909604219658e-21
0.4,37,97.0,5.898737459284384e-15
0.4,38,98.0,0.00021892249997072989
0.4,39,99.0,9.292744865031699e-15
0.4,40,100.0,3.66857520640199e-24
0.4,41,101.0,6.025835938093838e-29
0.4,42,102.0,3.5414899365031906e-29
0.4,43,103.0,6.418185147902491e-25
0.4,44,104.0,3.097520202987692e-16
0.4,45,105.0,0.0031427767877038734
0.4,46,106.0,1.8489089739683816e-16
0.4,47,107.0,4.412547268630145e-27
0.4,48,108.0,4.559459151885287e-33
0.4,49,109.0,1.7531754297024212e-34
0.4,50,110.0,2.160695062387905e-31
0.4,51,111.0,7.367155700544557e-24
0.4,52,112.0,6.010652986549319e-12
0.4,53,113.0,0.0003472569110343364
0.4,54,114.0,3.5445630442093416e-16
0.4,55,115.0,1.613188701713437e-23
0.4,56,116.0,2.855818233811936e-26
0.4,57,117.0,1.6927580536378346e-24
0.4,58,118.0,2.8979672794822324e-18
0.4,59,119.0,1.238627683510334e-07
0.4,60,120.0,5.461767359381608e-09
0.4133333333333334,1,61.0,1.1917502689685783e-17
0.4133333333333334,2,62.0,2.181747892377767e-28
0.4133333333333334,3,63.0,1.73583004253423e-34
0.4133333333333334,4,64.0,5.158317153235295e-36
0.4133333333333334,5,65.0,4.931195122016266e-33
0.4133333333333334,6,66.0,1.308877627739084e-25
0.4133333333333334,7,67.0,8.342626249289786e-14
0.4133333333333334,8,68.0,0.0011840200543076
0.4133333333333334,9,69.0,2.5296122665550764e-18
0.4133333333333334,10,70.0,2.6145241010759973e-28
0.4133333333333334,11,71.0,1.1459159149444925e-33
0.4133333333333334,12,72.0,1.831048620802871e-34
0.4133333333333334,13,73.0,9.190256267664595e-31
0.4133333333333334,14,74.0,1.2509528353029025e-22
0.4133333333333334,15,75.0,3.9951782623731735e-10
0.4133333333333334,16,76.0,0.006651762778822185
0.4133333333333334,17,77.0,1.1619602067897878e-13
0.4133333333333334,18,78.0,2.78858271889604e-20
0.4133333333333334,19,79.0,2.542476279384698e-22
0.4133333333333334,20,80.0,7.583193613879874e-20
0.4133333333333334,21,81.0,6.384491388401068e-13
0.4133333333333334,22,82.0,0.02053978395214289
0.4133333333333334,23,83.0,5.140511089697408e-17
0.4133333333333334,24,84.0,2.4689720421456586e-27
0.4133333333333334,25,85.0,5.08356177791189e-33
0.4133333333333334,26,86.0,3.85710060536678e-34
0.4133333333333334,27,87.0,9.290147625776743e-31
0.4133333333333334,28,88.0,6.131879069164685e-23
0.4133333333333334,29,89.0,9.594167435317878e-11
0.4133333333333334,30,90.0,0.0013727610122101417
0.4133333333333334,31,91.0,9.528538434808365e-15
0.4133333333333334,32,92.0,2.6639009477084007e-21
0.4133333333333334,33,93.0,2.8232580070206815e-23
0.4133333333333334,34,94.0,9.767374203437373e-21
0.4133333333333334,35,95.0,9.5185315850021e-14
0.4133333333333334,36,96.0,0.012976030071974138
0.4133333333333334,37,97.0,1.1157129829439422e-16
0.4133333333333334,38,98.0,4.6029627315466175e-27
0.4133333333333334,39,99.0,8.158323990325508e-33
0.4133333333333334,40,100.0,5.339844155419708e-34
0.4133333333333334,41,101.0,1.1118217799885913e-30
0.4133333333333334,42,102.0,6.356945392081487e-23
0.4133333333333334,43,103.0,8.633550505579283e-11
0.4133333333333334,44,104.0,0.0011893048782678718
0.4133333333333334,45,105.0,9.01679107127472e-15
0.4133333333333334,46,106.0,2.7822290261254336e-21
0.4133333333333334,47,107.0,3.2498752668949306e-23
0.4133333333333334,48,108.0,1.2374740261889444e-20
0.4133333333333334,49,109.0,1.3254996303648477e-13
0.4133333333333334,50,110.0,0.01595014399065161
0.4133333333333334,51,111.0,8.757565996900891e-17
0.4133333333333334,52,112.0,3.521653068478092e-27
0.4133333333333334,53,113.0,6.0861966897888824e-33
0.4133333333333334,54,114.0,3.885662320921379e-34
0.4133333333333334,55,115.0,7.894350552918808e-31
0.4133333333333334,56,116.0,4.4058086526988335e-23
0.4133333333333334,57,117.0,5.842672807059689e-11
0.4133333333333334,58,118.0,0.000862854467170541
0.4133333333333334,59,119.0,7.813403713502695e-15
0.4133333333333334,60,120.0,2.932729356492875e-21
0.4266666666666667,1,61.0,0.0003491567712763167
0.4266666666666667,2,62.0,1.6640686618249365e-16
0.4266666666666667,3,63.0,3.576869953687292e-24
0.4266666666666667,4,64.0,3.022586983247612e-27
0.4266666666666667,5,65.0,8.642288579075779e-26
0.4266666666666667,6,66.0,7.211132733413385e-20
0.4266666666666667,7,67.0,1.5175902458489436e-09
0.4266666666666667,8,68.0,0.006443397140068691
0.4266666666666667,9,69.0,9.095081337550892e-15
0.4266666666666667,10,70.0,3.623750539790958e-22
0.4266666666666667,11,71.0,5.626679801782299e-25
0.4266666666666667,12,72.0,2.930708430202725e-23
0.4266666666666667,13,73.0,4.416952798653918e-17
0.4266666666666667,14,74.0,1.6648788132303121e-06
0.4266666666666667,15,75.0,4.259094821902266e-12
0.4266666666666667,16,76.0,2.3264760107747563e-19
0.4266666666666667,17,77.0,4.930357870255868e-22
0.4266666666666667,18,78.0,3.489544046680124e-20
0.4266666666666667,19,79.0,7.115402885620447e-14
0.4266666666666667,20,80.0,0.003237752374150812
0.4266666666666667,21,81.0,3.75321959315567e-16
0.4266666666666667,22,82.0,2.147336068390773e-26
0.4266666666666667,23,83.0,5.253640117957099e-32
0.4266666666666667,24,84.0,4.724969063426057e-33
0.4266666666666667,25,85.0,1.345732338939852e-29
0.4266666666666667,26,86.0,1.0478379991573955e-21
0.4266666666666667,27,87.0,1.929531024243591e-09
0.4266666666666667,28,88.0,4.790847031989702e-05
0.4266666666666667,29,89.0,5.681494480791362e-06
0.4266666666666667,30,90.0,0.00029924215104249147
0.4266666666666667,31,91.0,5.249989398731929e-11
0.4266666666666667,32,92.0,9.185335437779063e-16
0.4266666666666667,33,93.0,5.745017756104553e-16
0.4266666666666667,34,94.0,1.107034876031806e-11
0.4266666666666667,35,95.0,0.004661927623594456
0.4266666666666667,36,96.0,9.689194821296457e-16
0.4266666666666667,37,97.0,2.1223979878241684e-25
0.4266666666666667,38,98.0,1.9505659929799155e-30
0.4266666666666667,39,99.0,6.467257934757069e-31
0.4266666666666667,40,100.0,6.66596836578377e-27
0.4266666666666667,41,101.0,1.8444090453151165e-18
0.4266666666666667,42,102.0,1.1849995019441883e-05
0.4266666666666667,43,103.0,1.7225894940664044e-14
0.4266666666666667,44,104.0,3.620278077968278e-24
0.4266666666666667,45,105.0,3.1941239005571144e-29
0.4266666666666667,46,106.0,1.0172757616923211e-29
0.4266666666666667,47,107.0,1.0077597720282959e-25
0.4266666666666667,48,108.0,2.6814558147139197e-17
0.4266666666666667,49,109.0,0.00016507005527140772
0.4266666666666667,50,110.0,1.1627625397448208e-15
0.4266666666666667,51,111.0,4.435980948386036e-26
0.4266666666666667,52,112.0,7.278616015787431e-32
0.4266666666666667,53,113.0,4.4151680840914665e-33
0.4266666666666667,54,114.0,8.528898310149588e-30
0.4266666666666667,55,115.0,4.52904364420804e-22
0.4266666666666667,56,116.0,5.71875050480949e-10
0.4266666666666667,57,117.0,0.006616701090634003
0.4266666666666667,58,118.0,9.660619197460592e-14
0.4266666666666667,59,119.0,1.481616337686868e-20
0.4266666666666667,60,120.0,8.687719922249321e-23
0.44,1,61.0,1.2679696371262399e-28
0.44,2,62.0,1.6404010934311736e-17
0.44,3,63.0,0.021228037482692398
0.44,4,64.0,6.2890933559103155e-18
0.44,5,65.0,1.507507791626817e-29
0.44,6,66.0,1.616357090232187e-36
0.44,7,67.0,6.659769181400508e-39
0.44,8,68.0,9.078112859363764e-37
0.44,9,69.0,3.5321072640685924e-30
0.44,10,70.0,3.391241851531428e-19
0.44,11,71.0,0.000685017405734464
0.44,12,72.0,6.391994737014881e-17
0.44,13,73.0,2.293469942017804e-28
0.44,14,74.0,3.659917133223284e-35
0.44,15,75.0,2.231742082343902e-37
0.44,16,76.0,4.4773014754089665e-35
0.44,17,77.0,2.549820286309959e-28
0.44,18,78.0,3.564031414575056e-17
0.44,19,79.0,0.027299311214268932
0.44,20,80.0,4.358797340470908e-18
0.44,21,81.0,1.0813158660208332e-29
0.44,22,82.0,1.1993147224776625e-36
0.44,23,83.0,5.1091579442164635e-39
0.44,24,84.0,7.197379977926683e-37
0.44,25,85.0,2.8926689502167468e-30
0.44,26,86.0,2.8675415942358437e-19
0.44,27,87.0,0.0005989957607475667
0.44,28,88.0,6.941927544295146e-17
0.44,29,89.0,2.5457686215962946e-28
0.44,30,90.0,4.1509246539293043e-35
0.44,31,91.0,2.5854297080390028e-37
0.44,32,92.0,5.296506270347012e-35
0.44,33,93.0,3.0792026241720245e-28
0.44,34,94.0,4.3923676111937186e-17
0.44,35,95.0,0.028102714971725624
0.44,36,96.0,3.9747919377226354e-18
0.44,37,97.0,1.0017529381683312e-29
0.44,38,98.0,1.128506956308953e-36
0.44,39,99.0,4.8818845422796295e-39
0.44,40,100.0,6.982085075128611e-37
0.44,41,101.0,2.8483196582393006e-30
0.44,42,102.0,2.865411933960635e-19
0.44,43,103.0,0.0006071789385541415
0.44,44,104.0,6.856444366958285e-17
0.44,45,105.0,2.4981242347592163e-28
0.44,46,106.0,4.047214542936848e-35
0.44,47,107.0,2.5049546565955727e-37
0.44,48,108.0,5.099778439374543e-35
0.44,49,109.0,2.946681176210744e-28
0.44,50,110.0,4.177961837923352e-17
0.44,51,111.0,0.027943029252771825
0.44,52,112.0,4.065256015940681e-18
0.44,53,113.0,1.0205750289752163e-29
0.44,54,114.0,1.1453107144679353e-36
0.44,55,115.0,4.9358843636217765e-39
0.44,56,116.0,7.033059377556543e-37
0.44,57,117.0,2.858594201592572e-30
0.44,58,118.0,2.865352905507049e-19
0.44,59,119.0,0.0006050324184161623
0.44,60,120.0,6.878308174548034e-17
0.45333333333333337,1,61.0,9.233723347018167e-25
0.45333333333333337,2,62.0,1.2931582397033108e-15
0.45333333333333337,3,63.0,0.019174151600653985
0.45333333333333337,4,64.0,1.1947456453823187e-17
0.45333333333333337,5,65.0,5.864608579346259e-29
0.45333333333333337,6,66.0,1.2746580126712e-35
0.45333333333333337,7,67.0,1.0539976815853725e-37
0.45333333333333337,8,68.0,2.855017451227784e-35
0.45333333333333337,9,69.0,2.1859900607543533e-28
0.45333333333333337,10,70.0,4.090724286248828e-17
0.45333333333333337,11,71.0,0.029036416381810017
0.45333333333333337,12,72.0,2.7531166305338987e-18
0.45333333333333337,13,73.0,5.163268268733503e-30
0.45333333333333337,14,74.0,4.34652766391859e-37
0.45333333333333337,15,75.0,1.4108940725444467e-39
0.45333333333333337,16,76.0,1.5203018823374343e-37
0.45333333333333337,17,77.0,4.691535187302097e-31
0.45333333333333337,18,78.0,3.584372670625549e-20
0.45333333333333337,19,79.0,5.865136020433484e-05
0.45333333333333337,20,80.0,3.061871180035752e-16
0.45333333333333337,21,81.0,1.864040612449029e-27
0.45333333333333337,22,82.0,5.009434505934463e-34
0.45333333333333337,23,83.0,5.10629504104893e-36
0.45333333333333337,24,84.0,1.7000326184647142e-33
0.45333333333333337,25,85.0,1.595173832418953e-26
0.45333333333333337,26,86.0,3.647692024525052e-15
0.45333333333333337,27,87.0,0.007625346182115901
0.45333333333333337,28,88.0,8.443780544692814e-19
0.45333333333333337,29,89.0,4.3581522151520434e-30
0.45333333333333337,30,90.0,9.952901495774452e-37
0.45333333333333337,31,91.0,8.641387747407803e-39
0.45333333333333337,32,92.0,2.4560650879337237e-36
0.45333333333333337,33,93.0,1.9718334542517215e-29
0.45333333333333337,34,94.0,3.866526532012707e-18
0.45333333333333337,35,95.0,0.011699471002034379
0.45333333333333337,36,96.0,7.288940172820131e-18
0.45333333333333337,37,97.0,1.2288283584155664e-29
0.45333333333333337,38,98.0,9.31305220725766e-37
0.45333333333333337,39,99.0,2.725675047326576e-39
0.45333333333333337,40,100.0,2.652024094101071e-37
0.45333333333333337,41,101.0,7.400473233108172e-31
0.45333333333333337,42,102.0,5.1200561134856185e-20
0.45333333333333337,43,103.0,7.594409816579769e-05
0.45333333333333337,44,104.0,2.555454053374917e-16
0.45333333333333337,45,105.0,1.4434490578324776e-27
0.45333333333333337,46,106.0,3.6029743835010504e-34
0.45333333333333337,47,107.0,3.414756079592666e-36
0.45333333333333337,48,108.0,1.0581344444275172e-33
0.45333333333333337,49,109.0,9.250466558010389e-27
0.45333333333333337,50,110.0,1.972794593857018e-15
0.45333333333333337,51,111.0,0.010124311508902717
0.45333333333333337,52,112.0,9.314613821178636e-19
0.45333333333333337,53,113.0,3.869851896952257e-30
0.45333333333333337,54,114.0,7.135793156868775e-37
0.45333333333333337,55,115.0,5.017580118295321e-39
0.45333333333333337,56,116.0,1.1584253052647298e-36
0.45333333333333337,57,117.0,7.576987305312752e-30
0.45333333333333337,58,118.0,1.2139715418743143e-18
0.45333333333333337,59,119.0,0.0037739041156426767
0.45333333333333337,60,120.0,1.516642067442214e-17
0.4666666666666667,1,61.0,0.008550899615948205
0.4666666666666667,2,62.0,5.1936450494031474e-15
0.4666666666666667,3,63.0,6.555271873167252e-23
0.4666666666666667,4,64.0,3.2774205408812526e-26
0.4666666666666667,5,65.0,5.585738949769059e-25
0.4666666666666667,6,66.0,2.7985941776744383e-19
0.4666666666666667,7,67.0,3.562164505863539e-09
0.4666666666666667,8,68.0,0.0017882680696657128
0.4666666666666667,9,69.0,9.400819040239775e-13
0.4666666666666667,10,70.0,4.873896190530222e-19
0.4666666666666667,11,71.0,9.495609840015349e-21
0.4666666666666667,12,72.0,5.987048164751556e-18
0.4666666666666667,13,73.0,1.0543058716533009e-10
0.4666666666666667,14,74.0,0.003141929201259447
0.4666666666666667,15,75.0,8.01057964059701e-18
0.4666666666666667,16,76.0,9.407331386555787e-28
0.4666666666666667,17,77.0,4.6763113996242564e-33
0.4666666666666667,18,78.0,8.459633368049945e-34
0.4666666666666667,19,79.0,4.798600379465572e-30
0.4666666666666667,20,80.0,7.368948749028452e-22
0.4666666666666667,21,81.0,2.6504836045472187e-09
0.4666666666666667,22,82.0,7.096208794376387e-07
0.4666666666666667,23,83.0,1.1421228131408275e-07
0.4666666666666667,24,84.0,0.0004772262708211039
0.4666666666666667,25,85.0,3.209549285258706e-13
0.4666666666666667,26,86.0,1.5249115670454214e-20
0.4666666666666667,27,87.0,2.816455625786232e-23
0.4666666666666667,28,88.0,1.740676971814133e-21
0.4666666666666667,29,89.0,3.1053277626960543e-15
0.4666666666666667,30,90.0,0.00013764521862481464
0.4666666666666667,31,91.0,2.4021114837018194e-15
0.4666666666666667,32,92.0,2.0203701706841157e-25
0.4666666666666667,33,93.0,7.22702102893121e-31
0.4666666666666667,34,94.0,9.452046719034504e-32
0.4666666666666667,35,95.0,3.8940880624075676e-28
0.4666666666666667,36,96.0,4.3629884303583284e-20
0.4666666666666667,37,97.0,1.1500927937092269e-07
0.4666666666666667,38,98.0,1.2481430078298838e-11
0.4666666666666667,39,99.0,1.2990588582490091e-18
0.4666666666666667,40,100.0,5.197810399356502e-21
0.4666666666666667,41,101.0,6.883459807491019e-19
0.4666666666666667,42,102.0,2.602985383091289e-12
0.4666666666666667,43,103.0,0.020423334196700473
0.4666666666666667,44,104.0,1.5321050914719648e-17
0.4666666666666667,45,105.0,2.902167066964972e-28
0.4666666666666667,46,106.0,2.3879719755470547e-34
0.4666666666666667,47,107.0,7.335450463910357e-36
0.4666666666666667,48,108.0,7.245403241229672e-33
0.4666666666666667,49,109.0,1.986079134898269e-25
0.4666666666666667,50,110.0,1.3067133763294843e-13
0.4666666666666667,51,111.0,0.0011628815364084996
0.4666666666666667,52,112.0,7.87459716331073e-19
0.4666666666666667,53,113.0,2.627196290140167e-29
0.4666666666666667,54,114.0,3.776965036846065e-35
0.4666666666666667,55,115.0,2.0111605554567816e-36
0.4666666666666667,56,116.0,3.416644808739381e-33
0.4666666666666667,57,117.0,1.598489275449338e-25
0.4666666666666667,58,118.0,1.781452815371892e-13
0.4666666666666667,59,119.0,0.0008648025413387581
0.4666666666666667,60,120.0,9.31930344012736e-19
0.48000000000000004,1,61.0,1.7405989971782333e-32
0.48000000000000004,2,62.0,8.4458173848555295e-22
0.48000000000000004,3,63.0,8.845397650311996e-07
0.48000000000000004,4,64.0,1.1432922641772358e-14
0.48000000000000004,5,65.0,6.540864346055501e-25
0.48000000000000004,6,66.0,1.6002110863269707e-30
0.48000000000000004,7,67.0,1.4391221717464172e-31
0.48000000000000004,8,68.0,4.098625950927473e-28
0.48000000000000004,9,69.0,3.191178712295886e-20
0.48000000000000004,10,70.0,5.8759197858387474e-08
0.48000000000000004,11,71.0,4.619127929473059e-11
0.48000000000000004,12,72.0,2.3271382819012544e-17
0.48000000000000004,13,73.0,4.407546112009185e-19
0.48000000000000004,14,74.0,2.7026429090644713e-16
0.48000000000000004,15,75.0,4.6303639769172075e-09
0.48000000000000004,16,76.0,0.004056674986832661
0.48000000000000004,17,77.0,1.193823881033356e-16
0.48000000000000004,18,78.0,1.4524529628272677e-25
0.48000000000000004,19,79.0,7.235972106937316e-30
0.48000000000000004,20,80.0,1.2697110702991706e-29
0.48000000000000004,21,81.0,6.764406740791673e-25
0.48000000000000004,22,82.0,9.451027038470413e-16
0.48000000000000004,23,83.0,0.016712270718735087
0.48000000000000004,24,84.0,8.298447386293877e-18
0.48000000000000004,25,85.0,2.388005365152541e-29
0.48000000000000004,26,86.0,3.065872845144944e-36
0.48000000000000004,27,87.0,1.5087146245109597e-38
0.48000000000000004,28,88.0,2.4500781174557463e-36
0.48000000000000004,29,89.0,1.1328537353087937e-29
0.48000000000000004,30,90.0,1.2893911312831332e-18
0.48000000000000004,31,91.0,0.002925156498076505
0.48000000000000004,32,92.0,1.1423874997428321e-17
0.48000000000000004,33,93.0,1.4475543103987937e-29
0.48000000000000004,34,94.0,8.279210600565965e-37
0.48000000000000004,35,95.0,1.835937954274106e-39
0.48000000000000004,36,96.0,1.3588060756895029e-37
0.48000000000000004,37,97.0,2.8954739862047735e-31
0.48000000000000004,38,98.0,1.5355826207424553e-20
0.48000000000000004,39,99.0,1.7548811004229914e-05
0.48000000000000004,40,100.0,5.130458796245361e-16
0.48000000000000004,41,101.0,3.3770490659840894e-27
0.48000000000000004,42,102.0,9.801720314236819e-34
0.48000000000000004,43,103.0,1.0778957368043649e-35
0.48000000000000004,44,104.0,3.867384992163465e-33
0.48000000000000004,45,105.0,3.906563987828442e-26
0.48000000000000004,46,106.0,9.606671929081713e-15
0.48000000000000004,47,107.0,0.005244670207407233
0.48000000000000004,48,108.0,4.67412737441356e-19
0.48000000000000004,49,109.0,2.0137184136880136e-30
0.48000000000000004,50,110.0,3.84850089960551e-37
0.48000000000000004,51,111.0,2.8032894902235715e-39
0.48000000000000004,52,112.0,6.701131851708612e-37
0.48000000000000004,53,113.0,4.535940310443353e-30
0.48000000000000004,54,114.0,7.517169687823654e-19
0.48000000000000004,55,115.0,0.0024966475879358964
0.48000000000000004,56,116.0,1.1672881511608223e-17
0.48000000000000004,57,117.0,1.3934712255054123e-29
0.48000000000000004,58,118.0,7.514808761834101e-37
0.48000000000000004,59,119.0,1.572588302593492e-39
0.48000000000000004,60,120.0,1.0992579518080276e-37
0.49333333333333335,1,61.0,4.396789274059253e-17
0.49333333333333335,2,62.0,1.4367725622070903e-28
0.49333333333333335,3,63.0,2.090921003686051e-35
0.49333333333333335,4,64.0,1.164257968221147e-37
0.49333333333333335,5,65.0,2.1355970533354983e-35
0.49333333333333335,6,66.0,1.1134204785398754e-28
0.49333333333333335,7,67.0,1.4265064291425657e-17
0.49333333333333335,8,68.0,0.02033802513802299
0.49333333333333335,9,69.0,2.5889121135527445e-18
0.49333333333333335,10,70.0,2.316405763193394e-30
0.49333333333333335,11,71.0,9.401300770245143e-38
0.49333333333333335,12,72.0,1.4865834982215153e-40
0.49333333333333335,13,73.0,7.883229232416038e-39
0.49333333333333335,14,74.0,1.2093027055218936e-32
0.49333333333333335,15,75.0,4.638533526627803e-22
0.49333333333333335,16,76.0,3.8530888742002044e-07
0.49333333333333335,17,77.0,2.4722966198751836e-14
0.49333333333333335,18,78.0,2.5970504087558816e-24
0.49333333333333335,19,79.0,1.1565950579310275e-29
0.49333333333333335,20,80.0,1.8774583522932428e-30
0.49333333333333335,21,81.0,9.570642160868401e-27
0.49333333333333335,22,82.0,1.3228045933288406e-18
0.49333333333333335,23,83.0,4.2881878168086206e-06
0.49333333333333335,24,84.0,1.2299865038871327e-14
0.49333333333333335,25,85.0,1.4464135597298485e-24
0.49333333333333335,26,86.0,7.199637093472541e-30
0.49333333333333335,27,87.0,1.3041616192941377e-30
0.49333333333333335,28,88.0,7.407272647569705e-27
0.49333333333333335,29,89.0,1.1389452655063615e-18
0.49333333333333335,30,90.0,4.10124835826695e-06
0.49333333333333335,31,91.0,1.2450906660828715e-14
0.49333333333333335,32,92.0,1.4582290562272281e-24
0.49333333333333335,33,93.0,7.229388570248835e-30
0.49333333333333335,34,94.0,1.30438197775104e-30
0.49333333333333335,35,95.0,7.379696178154074e-27
0.49333333333333335,36,96.0,1.1303522602594975e-18
0.49333333333333335,37,97.0,4.054917620298111e-06
0.49333333333333335,38,98.0,1.2648894099110197e-14
0.49333333333333335,39,99.0,1.5008736215330545e-24
0.49333333333333335,40,100.0,7.537136288574462e-30
0.49333333333333335,41,101.0,1.3772626632592935e-30
0.49333333333333335,42,102.0,7.890045886145627e-27
0.49333333333333335,43,103.0,1.2235082017712386e-18
0.49333333333333335,44,104.0,4.442698262841043e-06
0.49333333333333335,45,105.0,1.1233749311918283e-14
0.49333333333333335,46,106.0,1.2114227501055884e-24
0.49333333333333335,47,107.0,5.536385268055814e-30
0.49333333333333335,48,108.0,9.219038469335863e-31
0.49333333333333335,49,109.0,4.8191417311500245e-27
0.49333333333333335,50,110.0,6.827831199650071e-19
0.49333333333333335,51,111.0,2.268242631655293e-06
0.49333333333333335,52,112.0,2.7810000537126035e-14
0.49333333333333335,53,113.0,6.362152868424718e-24
0.49333333333333335,54,114.0,6.102868247557098e-29
0.49333333333333335,55,115.0,2.1106942741406624e-29
0.49333333333333335,56,116.0,2.2679760708421382e-25
0.49333333333333335,57,117.0,6.53793419312663e-17
0.49333333333333335,58,118.0,0.0004326663197818167
0.49333333333333335,59,119.0,1.125621080883575e-16
0.49333333333333335,60,120.0,6.4646285485951615e-28
0.5066666666666667,1,61.0,8.471656285548813e-26
0.5066666666666667,2,62.0,2.0097292760927426e-17
0.5066666666666667,3,63.0,0.00011066862896886678
0.5066666666666667,4,64.0,2.638182821402943e-16
0.5066666666666667,5,65.0,2.0141787512392935e-27
0.5066666666666667,6,66.0,6.766455244907744e-34
0.5066666666666667,7,67.0,8.594746900013548e-36
0.5066666666666667,8,68.0,3.5545342403681764e-33
0.5066666666666667,9,69.0,4.1303975196184486e-26
0.5066666666666667,10,70.0,1.1660929923133782e-14
0.5066666666666667,11,71.0,0.004923021892122565
0.5066666666666667,12,72.0,2.7693743202617696e-19
0.5066666666666667,13,73.0,7.631200246695969e-31
0.5066666666666667,14,74.0,9.387530172031382e-38
0.5066666666666667,15,75.0,4.429013971771841e-40
0.5066666666666667,16,76.0,6.899882558447395e-38
0.5066666666666667,17,77.0,3.062327732410209e-31
0.5066666666666667,18,78.0,3.3475445531185587e-20
0.5066666666666667,19,79.0,7.79450106578266e-05
0.5066666666666667,20,80.0,7.256265073419999e-17
0.5066666666666667,21,81.0,1.226269843436251e-28
0.5066666666666667,22,82.0,9.31575119115779e-36
0.5066666666666667,23,83.0,2.73285126238148e-38
0.5066666666666667,24,84.0,2.6651411827715437e-36
0.5066666666666667,25,85.0,7.453940388074034e-30
0.5066666666666667,26,86.0,5.1684761806866005e-19
0.5066666666666667,27,87.0,0.000756801190764712
0.5066666666666667,28,88.0,1.7406591811580294e-17
0.5066666666666667,29,89.0,1.8423489391921368e-29
0.5066666666666667,30,90.0,8.824115021971358e-37
0.5066666666666667,31,91.0,1.642775476680212e-39
0.5066666666666667,32,92.0,1.0232759173471595e-37
0.5066666666666667,33,93.0,1.839631667827924e-31
0.5066666666666667,34,94.0,8.250946011879337e-21
0.5066666666666667,35,95.0,7.994967150134842e-06
0.5066666666666667,36,96.0,5.966014798551307e-16
0.5066666666666667,37,97.0,3.540028716756037e-27
0.5066666666666667,38,98.0,9.275812765026653e-34
0.5066666666666667,39,99.0,9.22224266791709e-36
0.5066666666666667,40,100.0,2.9957665235024062e-33
0.5066666666666667,41,101.0,2.743638639114182e-26
0.5066666666666667,42,102.0,6.1255551540249555e-15
0.5066666666666667,43,103.0,0.007040086527163053
0.5066666666666667,44,104.0,3.076676667584786e-19
0.5066666666666667,45,105.0,6.448485033114449e-31
0.5066666666666667,46,106.0,6.05712166932166e-38
0.5066666666666667,47,107.0,2.1904520627419775e-40
0.5066666666666667,48,108.0,2.625538230414618e-38
0.5066666666666667,49,109.0,8.998984438659765e-32
0.5066666666666667,50,110.0,7.624761422355758e-21
0.5066666666666667,51,111.0,1.3829995745218421e-05
0.5066666666666667,52,112.0,3.0465570360652596e-16
0.5066666666666667,53,113.0,1.1131073870570893e-27
0.5066666666666667,54,114.0,1.8083165312886808e-34
0.5066666666666667,55,115.0,1.1222663130815733e-36
0.5066666666666667,56,116.0,2.2909066883979e-34
0.5066666666666667,57,117.0,1.327177180086138e-27
0.5066666666666667,58,118.0,1.8865699185202304e-16
0.5066666666666667,59,119.0,0.027297212588984567
0.5066666666666667,60,120.0,7.593778945758629e-19
0.52,1,61.0,2.7723737630007466e-38
0.52,2,62.0,1.2212799767907932e-35
0.52,3,63.0,1.51024798506769e-28
0.52,4,64.0,4.5334331933286915e-17
0.52,5,65.0,0.031177829298698147
0.52,6,66.0,6.862639490493815e-19
0.52,7,67.0,3.8547604638604633e-31
0.52,8,68.0,9.886604546578228e-39
0.52,9,69.0,9.943791107858768e-42
0.52,10,70.0,3.375647887951712e-40
0.52,11,71.0,3.3359915579645503e-34
0.52,12,72.0,8.294941250294913e-24
0.52,13,73.0,4.494190552925974e-09
0.52,14,74.0,3.625381566541897e-11
0.52,15,75.0,8.598726553733044e-18
0.52,16,76.0,7.74938969207352e-20
0.52,17,77.0,2.2850327861250695e-17
0.52,18,78.0,1.9022187597466856e-10
0.52,19,79.0,0.0039267203634466355
0.52,20,80.0,2.9084082068547586e-18
0.52,21,81.0,9.996435281204664e-29
0.52,22,82.0,1.4799179490663232e-34
0.52,23,83.0,8.111521442173371e-36
0.52,24,84.0,1.4178714356971377e-32
0.52,25,85.0,6.8225730426670385e-25
0.52,26,86.0,7.816815315832153e-13
0.52,27,87.0,0.0006137823530782374
0.52,28,88.0,5.545152593285388e-19
0.52,29,89.0,2.4767533965298342e-29
0.52,30,90.0,4.74723721283907e-35
0.52,31,91.0,3.356451147916988e-36
0.52,32,92.0,7.54086245757575e-33
0.52,33,93.0,4.647205273679397e-25
0.52,34,94.0,6.795284762520863e-13
0.52,35,95.0,0.0005986177767424484
0.52,36,96.0,5.343578196739095e-19
0.52,37,97.0,2.359371477547504e-29
0.52,38,98.0,4.47116164252319e-35
0.52,39,99.0,3.126047941748596e-36
0.52,40,100.0,6.946102529585218e-33
0.52,41,101.0,4.234332227042078e-25
0.52,42,102.0,6.125488628234856e-13
0.52,43,103.0,0.0006191245492800509
0.52,44,104.0,4.989072494862381e-19
0.52,45,105.0,1.9910837580649666e-29
0.52,46,106.0,3.4154010544587276e-35
0.52,47,107.0,2.1645064193318432e-36
0.52,48,108.0,4.365675658747975e-33
0.52,49,109.0,2.419017004702631e-25
0.52,50,110.0,3.185128088302611e-13
0.52,51,111.0,0.0007878798182932024
0.52,52,112.0,3.430212048396664e-19
0.52,53,113.0,7.448155392082137e-30
0.52,54,114.0,7.011456070311814e-36
0.52,55,115.0,2.4593988935228485e-37
0.52,56,116.0,2.7686581691237505e-34
0.52,57,117.0,8.633718206345728e-27
0.52,58,118.0,6.450163103655164e-15
0.52,59,119.0,0.004608239508795794
0.52,60,120.0,1.7982949750724693e-19
0.5333333333333333,1,61.0,3.610428187407639e-14
0.5333333333333333,2,62.0,9.129512875047986e-24
0.5333333333333333,3,63.0,9.665989073795846e-29
0.5333333333333333,4,64.0,3.6846648616926873e-29
0.5333333333333333,5,65.0,4.3578334916817355e-25
0.5333333333333333,6,66.0,1.380819139732037e-16
0.5333333333333333,7,67.0,0.0009895347781048644
0.5333333333333333,8,68.0,2.77738871974341e-17
0.5333333333333333,9,69.0,5.7524145214345e-29
0.5333333333333333,10,70.0,5.340347995283408e-36
0.5333333333333333,11,71.0,1.9090609814378838e-38
0.5333333333333333,12,72.0,2.2623397646403848e-36
0.5333333333333333,13,73.0,7.667517307886281e-30
0.5333333333333333,14,74.0,6.42500630301786e-19
0.5333333333333333,15,75.0,0.0011252149781588914
0.5333333333333333,16,76.0,8.260129990258702e-18
0.5333333333333333,17,77.0,4.9859711548362296e-30
0.5333333333333333,18,78.0,1.3728176098982628e-37
0.5333333333333333,19,79.0,1.4807912722316962e-40
0.5333333333333333,20,80.0,5.385723536442232e-39
0.5333333333333333,21,81.0,5.696803745981279e-33
0.5333333333333333,22,82.0,1.5146691505900237e-22
0.5333333333333333,23,83.0,8.76667643960553e-08
0.5333333333333333,24,84.0,7.328190631870789e-14
0.5333333333333333,25,85.0,1.9181308799147162e-23
0.5333333333333333,26,86.0,2.1011490813197242e-28
0.5333333333333333,27,87.0,8.282832013632256e-29
0.5333333333333333,28,88.0,1.0125467659856717e-24
0.5333333333333333,29,89.0,3.3146756405794264e-16
0.5333333333333333,30,90.0,0.0023672419633756496
0.5333333333333333,31,91.0,1.5641389013396166e-17
0.5333333333333333,32,92.0,2.7341316901394334e-29
0.5333333333333333,33,93.0,2.147406576817229e-36
0.5333333333333333,34,94.0,6.509836641817807e-39
0.5333333333333333,35,95.0,6.557363474334095e-37
0.5333333333333333,36,96.0,1.8934275533075513e-30
0.5333333333333333,37,97.0,1.3548072483838588e-19
0.5333333333333333,38,98.0,0.00020715475548374322
0.5333333333333333,39,99.0,2.433859740541477e-17
0.5333333333333333,40,100.0,2.1081864247129795e-29
0.5333333333333333,41,101.0,8.287013897994392e-37
0.5333333333333333,42,102.0,1.2697313723684842e-39
0.5333333333333333,43,103.0,6.527285289221618e-38
0.5333333333333333,44,104.0,9.710875164077458e-32
0.5333333333333333,45,105.0,3.613940503887969e-21
0.5333333333333333,46,106.0,2.913625374697266e-06
0.5333333333333333,47,107.0,8.985735613637428e-16
0.5333333333333333,48,108.0,5.913425970125769e-27
0.5333333333333333,49,109.0,1.7159695876818742e-33
0.5333333333333333,50,110.0,1.8866463055168093e-35
0.5333333333333333,51,111.0,6.767648601633756e-33
0.5333333333333333,52,112.0,6.83469950317218e-26
0.5333333333333333,53,113.0,1.6803219972961883e-14
0.5333333333333333,54,114.0,0.004752038147841998
0.5333333333333333,55,115.0,1.7865730881236447e-19
0.5333333333333333,56,116.0,3.32211812029559e-31
0.5333333333333333,57,117.0,2.773187745617735e-38
0.5333333333333333,58,118.0,8.927482273657178e-41
0.5333333333333333,59,119.0,9.541396254871997e-39
0.5333333333333333,60,120.0,2.9207216732107254e-32
0.5466666666666667,1,61.0,1.2923931725025621e-17
0.5466666666666667,2,62.0,2.375581374731077e-14
0.5466666666666667,3,63.0,1.2011310220310775e-06
0.5466666666666667,4,64.0,1.1607231568033171e-11
0.5466666666666667,5,65.0,4.3549789456367575e-18
0.5466666666666667,6,66.0,6.168379548704667e-20
0.5466666666666667,7,67.0,2.840283834297942e-17
0.5466666666666667,8,68.0,3.668993240349277e-10
0.5466666666666667,9,69.0,0.0032531423349278056
0.5466666666666667,10,70.0,2.1232983401636797e-18
0.5466666666666667,11,71.0,6.522510313109149e-29
0.5466666666666667,12,72.0,8.643965745410297e-35
0.5466666666666667,13,73.0,4.247813586646109e-36
0.5466666666666667,14,74.0,6.667445891552658e-33
0.5466666666666667,15,75.0,2.88530006798903e-25
0.5466666666666667,16,76.0,2.9774219375796884e-13
0.5466666666666667,17,77.0,0.0009472540643021118
0.5466666666666667,18,78.0,1.8088110891716828e-19
0.5466666666666667,19,79.0,1.7406095901483973e-30
0.5466666666666667,20,80.0,7.3460487831176306e-37
0.5466666666666667,21,81.0,1.1684473040674557e-38
0.5466666666666667,22,82.0,6.031919739990139e-36
0.5466666666666667,23,83.0,8.721515343636012e-29
0.5466666666666667,24,84.0,3.0542497374782475e-17
0.5466666666666667,25,85.0,0.03238929984664489
0.5466666666666667,26,86.0,4.907304755255952e-19
0.5466666666666667,27,87.0,1.719595970943048e-31
0.5466666666666667,28,88.0,2.7698719121700013e-39
0.5466666666666667,29,89.0,1.7612184129634956e-42
0.5466666666666667,30,90.0,3.804446935965776e-41
0.5466666666666667,31,91.0,2.407776657758441e-35
0.5466666666666667,32,92.0,3.858367878446072e-25
0.5466666666666667,33,93.0,1.3556264351247215e-10
0.5466666666666667,34,94.0,2.7554606753409323e-06
0.5466666666666667,35,95.0,3.6330457702918715e-06
0.5466666666666667,36,96.0,2.2996668872884534e-05
0.5466666666666667,37,97.0,1.0948646335610007e-07
0.5466666666666667,38,98.0,1.0445059487934427e-07
0.5466666666666667,39,99.0,0.0017588676878104491
0.5466666666666667,40,100.0,3.5231862126820066e-15
0.5466666666666667,41,101.0,2.483833086428317e-24
0.5466666666666667,42,102.0,7.22608417706138e-29
0.5466666666666667,43,103.0,7.461218914524086e-29
0.5466666666666667,44,104.0,2.3566645793808595e-24
0.5466666666666667,45,105.0,1.9666351091528916e-15
0.5466666666666667,46,106.0,0.01916282774320911
0.5466666666666667,47,107.0,2.58497302652422e-18
0.5466666666666667,48,108.0,2.5183052171473507e-30
0.5466666666666667,49,109.0,1.1115074357847759e-37
0.5466666666666667,50,110.0,1.9090941877825643e-40
0.5466666666666667,51,111.0,1.0983618685920731e-38
0.5466666666666667,52,112.0,1.8258870566793062e-32
0.5466666666666667,53,113.0,7.580756791297048e-22
0.5466666666666667,54,114.0,6.808041590504e-07
0.5466666666666667,55,115.0,2.9050199995500385e-15
0.5466666666666667,56,116.0,4.131662549370686e-26
0.5466666666666667,57,117.0,2.5629396926184784e-32
0.5466666666666667,58,118.0,5.9591233007260745e-34
0.5466666666666667,59,119.0,4.472789217972225e-31
0.5466666666666667,60,120.0,9.353153850119288e-24
0.56,1,61.0,1.6757073663400848e-07
0.56,2,62.0,1.6105050623763307e-07
0.56,3,63.0,0.0019776578916854293
0.56,4,64.0,2.6258187647723682e-15
0.56,5,65.0,1.4836525231166235e-24
0.56,6,66.0,3.470217530806061e-29
0.56,7,67.0,2.8896899932221304e-29
0.56,8,68.0,7.383318697283782e-25
0.56,9,69.0,4.999136086975873e-16
0.56,10,70.0,0.006544602701543443
0.56,11,71.0,4.5940868388912704e-18
0.56,12,72.0,3.8692419627448264e-30
0.56,13,73.0,1.4794521539004292e-37
0.56,14,74.0,2.205824276073681e-40
0.56,15,75.0,1.1038633912988217e-38
0.56,16,76.0,1.5992949221872844e-32
0.56,17,77.0,5.798249413622646e-22
0.56,18,78.0,4.555841900127874e-07
0.56,19,79.0,3.46588684873863e-15
0.56,20,80.0,5.406083751724095e-26
0.56,21,81.0,3.672994507648238e-32
0.56,22,82.0,9.341734109523074e-34
0.56,23,83.0,7.660086833587672e-31
0.56,24,84.0,1.747741373070451e-23
0.56,25,85.0,9.595804528994764e-12
0.56,26,86.0,0.0006300628981273495
0.56,27,87.0,1.114360406343496e-18
0.56,28,88.0,9.623931998782122e-29
0.56,29,89.0,3.533512092864757e-34
0.56,30,90.0,4.7417355619616557e-35
0.56,31,91.0,2.003642686199546e-31
0.56,32,92.0,2.3016346150427538e-23
0.56,33,93.0,6.21795686235098e-11
0.56,34,94.0,0.006337559053127022
0.56,35,95.0,2.960200180793603e-17
0.56,36,96.0,5.489500684402147e-27
0.56,37,97.0,4.2811896817761067e-32
0.56,38,98.0,1.2073467496103958e-32
0.56,39,99.0,1.060904286196324e-28
0.56,40,100.0,2.50808120775473e-20
0.56,41,101.0,1.380227152301525e-07
0.56,42,102.0,2.057627722742009e-13
0.56,43,103.0,2.4106754757321166e-22
0.56,44,104.0,1.157112845169752e-26
0.56,45,105.0,1.9572853694791263e-26
0.56,46,106.0,1.0057081284787199e-21
0.56,47,107.0,1.3558975338107267e-12
0.56,48,108.0,0.005208111865183232
0.56,49,109.0,3.327803716948836e-19
0.56,50,110.0,1.0270789591326496e-30
0.56,51,111.0,1.4128587736697645e-37
0.56,52,112.0,7.442212404556328e-40
0.56,53,113.0,1.292422237715616e-37
0.56,54,114.0,6.384234760820077e-31
0.56,55,115.0,7.755455061527973e-20
0.56,56,116.0,0.00019986906943250367
0.56,57,117.0,1.3921672242697822e-17
0.56,58,118.0,6.906738216817441e-30
0.56,59,119.0,1.567338590544218e-37
0.56,60,120.0,1.3972093145345246e-40
0.5733333333333334,1,61.0,4.2207330170925027e-35
0.5733333333333334,2,62.0,1.7019034301319243e-31
0.5733333333333334,3,63.0,1.8668183296478102e-23
0.5733333333333334,4,64.0,4.818868853432963e-11
0.5733333333333334,5,65.0,0.005214003563587601
0.5733333333333334,6,66.0,1.3483023314394541e-17
0.5733333333333334,7,67.0,1.4773199844255007e-27
0.5733333333333334,8,68.0,6.858402109116103e-33
0.5733333333333334,9,69.0,1.1598520181965695e-33
0.5733333333333334,10,70.0,6.1561459688006796e-30
0.5733333333333334,11,71.0,8.85404202213918e-22
0.5733333333333334,12,72.0,2.9852418220958355e-09
0.5733333333333334,13,73.0,2.2953063365325497e-09
0.5733333333333334,14,74.0,2.7317924181613975e-13
0.5733333333333334,15,75.0,1.1310918062218533e-12
0.5733333333333334,16,76.0,1.4046362441725432e-07
0.5733333333333334,17,77.0,1.1810074109522256e-05
0.5733333333333334,18,78.0,3.0635534351778476e-06
0.5733333333333334,19,79.0,6.503455039708146e-05
0.5733333333333334,20,80.0,3.5896474487170155e-11
0.5733333333333334,21,81.0,4.376374010937507e-16
0.5733333333333334,22,82.0,1.9171697903457357e-16
0.5733333333333334,23,83.0,2.600574065670163e-12
0.5733333333333334,24,84.0,0.0009151466782180706
0.5733333333333334,25,85.0,1.5653394326082684e-16
0.5733333333333334,26,86.0,2.2161719249344787e-27
0.5733333333333334,27,87.0,1.3685610572963432e-33
0.5733333333333334,28,88.0,3.1679827884316243e-35
0.5733333333333334,29,89.0,2.367445727209675e-32
0.5733333333333334,30,90.0,4.929298530925998e-25
0.5733333333333334,31,91.0,2.472928819431607e-13
0.5733333333333334,32,92.0,0.001387426047258435
0.5733333333333334,33,93.0,1.0093569797074708e-19
0.5733333333333334,34,94.0,3.7351849971606916e-31
0.5733333333333334,35,95.0,6.144835286714803e-38
0.5733333333333334,36,96.0,3.861130796610066e-40
0.5733333333333334,37,97.0,7.978676776747724e-38
0.5733333333333334,38,98.0,4.678177158321408e-31
0.5733333333333334,39,99.0,6.729095251378151e-20
0.5733333333333334,40,100.0,0.00020483658595627887
0.5733333333333334,41,101.0,1.0581181767218305e-17
0.5733333333333334,42,102.0,4.0670144707565034e-30
0.5733333333333334,43,103.0,7.17624908197122e-38
0.5733333333333334,44,104.0,4.99203773810513e-41
0.5733333333333334,45,105.0,1.1782267824707614e-39
0.5733333333333334,46,106.0,8.137267799092648e-34
0.5733333333333334,47,107.0,1.4211756625825032e-23
0.5733333333333334,48,108.0,5.4353027835985835e-09
0.5733333333333334,49,109.0,3.8681891920401244e-12
0.5733333333333334,50,110.0,7.529974786022356e-20
0.5733333333333334,51,111.0,5.770756684184894e-23
0.5733333333333334,52,112.0,1.4984631697055297e-21
0.5733333333333334,53,113.0,1.1370244526814124e-15
0.5733333333333334,54,114.0,2.1775422176611487e-05
0.5733333333333334,55,115.0,1.6966115749980228e-15
0.5733333333333334,56,116.0,5.420508484975322e-26
0.5733333333333334,57,117.0,7.467068515616597e-32
0.5733333333333334,58,118.0,3.812200026031913e-33
0.5733333333333334,59,119.0,6.213078930190243e-30
0.5733333333333334,60,120.0,2.790235179973352e-22
0.5866666666666667,1,61.0,7.896936920203908e-23
0.5866666666666667,2,62.0,2.1028344679057442e-10
0.5866666666666667,3,63.0,0.0002990657449726141
0.5866666666666667,4,64.0,2.517266422625018e-12
0.5866666666666667,5,65.0,2.3195485129618815e-18
0.5866666666666667,6,66.0,7.966546819396396e-20
0.5866666666666667,7,67.0,8.783835130295293e-17
0.5866666666666667,8,68.0,2.683537683000012e-09
0.5866666666666667,9,69.0,0.012016249150218858
0.5866666666666667,10,70.0,2.2424063468961817e-17
0.5866666666666667,11,71.0,1.3186314735661895e-27
0.5866666666666667,12,72.0,3.3145690820797346e-33
0.5866666666666667,13,73.0,3.0615486871186303e-34
0.5866666666666667,14,74.0,8.951743913263461e-31
0.5866666666666667,15,75.0,7.152753843595161e-23
0.5866666666666667,16,76.0,1.3510281399419445e-10
0.5866666666666667,17,77.0,0.005647626650048646
0.5866666666666667,18,78.0,1.6730132553874086e-15
0.5866666666666667,19,79.0,1.5489494887376662e-24
0.5866666666666667,20,80.0,5.895084754437693e-29
0.5866666666666667,21,81.0,7.932562746481508e-29
0.5866666666666667,22,82.0,3.2530030644893015e-24
0.5866666666666667,23,83.0,3.511384510030304e-15
0.5866666666666667,24,84.0,0.026420772456573725
0.5866666666666667,25,85.0,9.465392652368862e-19
0.5866666666666667,26,86.0,4.797136486039876e-31
0.5866666666666667,27,87.0,1.1117376703777787e-38
0.5866666666666667,28,88.0,1.0118163511463193e-41
0.5866666666666667,29,89.0,3.1125460218888544e-40
0.5866666666666667,30,90.0,2.7912260515431458e-34
0.5866666666666667,31,91.0,6.306390760641323e-24
0.5866666666666667,32,92.0,3.1087037634675316e-09
0.5866666666666667,33,93.0,6.641120020348808e-12
0.5866666666666667,34,94.0,2.49015208311902e-19
0.5866666666666667,35,95.0,3.6418797593023005e-22
0.5866666666666667,36,96.0,1.7882074207117057e-20
0.5866666666666667,37,97.0,2.542693205990529e-14
0.5866666666666667,38,98.0,0.0008831074863210449
0.5866666666666667,39,99.0,3.818059598366086e-17
0.5866666666666667,40,100.0,1.1526701252414853e-28
0.5866666666666667,41,101.0,1.551500767713948e-35
0.5866666666666667,42,102.0,7.999100218622045e-38
0.5866666666666667,43,103.0,1.3600683947497448e-35
0.5866666666666667,44,104.0,6.579763808782964e-29
0.5866666666666667,45,105.0,7.8302585279329e-18
0.5866666666666667,46,106.0,0.013992821152979566
0.5866666666666667,47,107.0,8.392857455864171e-19
0.5866666666666667,48,108.0,1.7576354554591648e-31
0.5866666666666667,49,109.0,1.7043874588446488e-39
0.5866666666666667,50,110.0,6.571339249518246e-43
0.5866666666666667,51,111.0,8.66852877074896e-42
0.5866666666666667,52,112.0,3.3738000621536504e-36
0.5866666666666667,53,113.0,3.347691071921604e-26
0.5866666666666667,54,114.0,7.332631382831998e-12
0.5866666666666667,55,115.0,0.0039102163015956775
0.5866666666666667,56,116.0,7.443915250130207e-18
0.5866666666666667,57,117.0,6.310297374171296e-28
0.5866666666666667,58,118.0,2.2747823398701492e-33
0.5866666666666667,59,119.0,2.997914578616955e-34
0.5866666666666667,60,120.0,1.2444033504854814e-30
0.6000000000000001,1,61.0,1.0497878733544234e-27
0.6000000000000001,2,62.0,1.7776049999650257e-34
0.6000000000000001,3,63.0,1.1492038814348613e-36
0.6000000000000001,4,64.0,2.4422770066487024e-34
0.6000000000000001,5,65.0,1.4721319568501046e-27
0.6000000000000001,6,66.0,2.175983566692568e-16
0.6000000000000001,7,67.0,0.029504684354588646
0.6000000000000001,8,68.0,1.8720093699941472e-19
0.6000000000000001,9,69.0,3.9819866327128145e-32
0.6000000000000001,10,70.0,3.921173505851517e-40
0.6000000000000001,11,71.0,1.5349122921180089e-43
0.6000000000000001,12,72.0,2.055243917337431e-42
0.6000000000000001,13,73.0,8.11769194784227e-37
0.6000000000000001,14,74.0,8.172601655814552e-27
0.6000000000000001,15,75.0,1.8158542484598337e-12
0.6000000000000001,16,76.0,0.0006789343366118133
0.6000000000000001,17,77.0,8.10980377339655e-19
0.6000000000000001,18,78.0,4.750330302648417e-29
0.6000000000000001,19,79.0,1.1894762474641175e-34
0.6000000000000001,20,80.0,1.0945151024220926e-35
0.6000000000000001,21,81.0,3.188327679487781e-32
0.6000000000000001,22,82.0,2.538192813504454e-24
0.6000000000000001,23,83.0,4.776725589990865e-12
0.6000000000000001,24,84.0,0.0006728673152573441
0.6000000000000001,25,85.0,3.3120245575907103e-19
0.6000000000000001,26,86.0,8.115233588575969e-30
0.6000000000000001,27,87.0,8.605884892200963e-36
0.6000000000000001,28,88.0,3.3948200302435717e-37
0.6000000000000001,29,89.0,4.2907334308450915e-34
0.6000000000000001,30,90.0,1.4997287764784705e-26
0.6000000000000001,31,91.0,1.2537578487502512e-14
0.6000000000000001,32,92.0,0.004134434631165727
0.6000000000000001,33,93.0,4.9538481789232015e-20
0.6000000000000001,34,94.0,3.0233653899470704e-32
0.6000000000000001,35,95.0,8.415321636126007e-40
0.6000000000000001,36,96.0,9.174900433515185e-43
0.6000000000000001,37,97.0,3.372359275342612e-41
0.6000000000000001,38,98.0,3.6044027933290554e-35
0.6000000000000001,39,99.0,9.681765092380397e-25
0.6000000000000001,40,100.0,5.659976963029617e-10
0.6000000000000001,41,101.0,3.0434127723588465e-10
0.6000000000000001,42,102.0,1.6569511118667717e-15
0.6000000000000001,43,103.0,3.27874500763901e-16
0.6000000000000001,44,104.0,2.031717512586284e-12
0.6000000000000001,45,105.0,0.0003366135281536538
0.6000000000000001,46,106.0,2.7324542856567647e-16
0.6000000000000001,47,107.0,4.452388850372152e-27
0.6000000000000001,48,108.0,3.158152783760452e-33
0.6000000000000001,49,109.0,8.380641101337014e-35
0.6000000000000001,50,110.0,7.165680265508678e-32
0.6000000000000001,51,111.0,1.7037764999379716e-24
0.6000000000000001,52,112.0,9.742339781080086e-13
0.6000000000000001,53,113.0,0.0009174672220272452
0.6000000000000001,54,114.0,9.440393659980947e-20
0.6000000000000001,55,115.0,4.941825114168338e-31
0.6000000000000001,56,116.0,1.1444028301255081e-37
0.6000000000000001,57,117.0,1.0073262315252092e-39
0.6000000000000001,58,118.0,2.9019910946544774e-37
0.6000000000000001,59,119.0,2.3610280310135068e-30
0.6000000000000001,60,120.0,4.690445442177286e-19
0.6133333333333334,1,61.0,2.626114101715598e-23
0.6133333333333334,2,62.0,1.967197651522891e-14
0.6133333333333334,3,63.0,0.028332755823218536
0.6133333333333334,4,64.0,4.2039188780988267e-19
0.6133333333333334,5,65.0,1.7373597955171268e-31
0.6133333333333334,6,66.0,3.2927493923560724e-39
0.6133333333333334,7,67.0,2.4577941655276445e-42
0.6133333333333334,8,68.0,6.218246698712653e-41
0.6133333333333334,9,69.0,4.598940529565542e-35
0.6133333333333334,10,70.0,8.59283078896798e-25
0.6133333333333334,11,71.0,3.512257602371727e-10
0.6133333333333334,12,72.0,1.1521853353636087e-09
0.6133333333333334,13,73.0,4.4598664172414116e-14
0.6133333333333334,14,74.0,6.102186747983878e-14
0.6133333333333334,15,75.0,2.5438532330932073e-09
0.6133333333333334,16,76.0,0.013505896304116152
0.6133333333333334,17,77.0,2.692253611018723e-18
0.6133333333333334,18,78.0,1.967655879223133e-29
0.6133333333333334,19,79.0,6.331708198100014e-36
0.6133333333333334,20,80.0,7.708423172380924e-38
0.6133333333333334,21,81.0,3.0573582926521565e-35
0.6133333333333334,22,82.0,3.409058326890318e-28
0.6133333333333334,23,83.0,9.240240312644922e-17
0.6133333333333334,24,84.0,0.03191261044617275
0.6133333333333334,25,85.0,1.5810796352662684e-19
0.6133333333333334,26,86.0,2.4599501696878612e-32
0.6133333333333334,27,87.0,1.7797116459287332e-40
0.6133333333333334,28,88.0,5.140711697409367e-44
0.6133333333333334,29,89.0,5.101304098938891e-43
0.6133333333333334,30,90.0,1.4995941412645367e-37
0.6133333333333334,31,91.0,1.1283473407484202e-27
0.6133333333333334,32,92.0,1.8814591666342285e-13
0.6133333333333334,33,93.0,0.000379515386364089
0.6133333333333334,34,94.0,7.432236470484836e-20
0.6133333333333334,35,95.0,7.391573557016276e-31
0.6133333333333334,36,96.0,3.222517941071193e-37
0.6133333333333334,37,97.0,5.29244057634424e-39
0.6133333333333334,38,98.0,2.8197354222578505e-36
0.6133333333333334,39,99.0,4.2058060598494664e-29
0.6133333333333334,40,100.0,1.5186472430800114e-17
0.6133333333333334,41,101.0,0.031971836468213284
0.6133333333333334,42,102.0,2.538225567481342e-19
0.6133333333333334,43,103.0,3.290972959608591e-32
0.6133333333333334,44,104.0,1.98926278550704e-40
0.6133333333333334,45,105.0,4.813017089672534e-44
0.6133333333333334,46,106.0,4.010684770367896e-43
0.6133333333333334,47,107.0,9.924999449961413e-38
0.6133333333333334,48,108.0,6.3020303489882355e-28
0.6133333333333334,49,109.0,8.88915673806062e-14
0.6133333333333334,50,110.0,0.00044735010192796943
0.6133333333333334,51,111.0,4.5301250659449195e-20
0.6133333333333334,52,112.0,2.3508881252353944e-31
0.6133333333333334,53,113.0,5.39761021073617e-38
0.6133333333333334,54,114.0,4.711111863936981e-40
0.6133333333333334,55,115.0,1.3459583975566895e-37
0.6133333333333334,56,116.0,1.0860976321090969e-30
0.6133333333333334,57,117.0,2.140232322936092e-19
0.6133333333333334,58,118.0,0.0008767337472952815
0.6133333333333334,59,119.0,2.3386312889266304e-18
0.6133333333333334,60,120.0,3.7003566982544972e-31
0.6266666666666667,1,61.0,2.317323681441917e-15
0.6266666666666667,2,62.0,1.996965415554322e-24
0.6266666666666667,3,63.0,7.08126698040202e-29
0.6266666666666667,4,64.0,8.887038204591665e-29
0.6266666666666667,5,65.0,3.402340246373266e-24
0.6266666666666667,6,66.0,3.431926726639834e-15
0.6266666666666667,7,67.0,0.026449438964514856
0.6266666666666667,8,68.0,5.662488841178892e-19
0.6266666666666667,9,69.0,1.6115931471101346e-31
0.6266666666666667,10,70.0,2.1146299384740705e-39
0.6266666666666667,11,71.0,1.0984902258680864e-42
0.6266666666666667,12,72.0,1.9441349882986032e-41
0.6266666666666667,13,73.0,1.010938809492939e-35
0.6266666666666667,14,74.0,1.334690611703915e-25
0.6266666666666667,15,75.0,3.8738588613238386e-11
0.6266666666666667,16,76.0,1.4937481811193872e-05
0.6266666666666667,17,77.0,4.544150313735431e-07
0.6266666666666667,18,78.0,1.179685827158205e-05
0.6266666666666667,19,79.0,2.8036246511226746e-10
0.6266666666666667,20,80.0,4.204640025962442e-14
0.6266666666666667,21,81.0,2.1865484083627944e-13
0.6266666666666667,22,82.0,3.399401376011239e-08
0.6266666666666667,23,83.0,0.0005196840276839162
0.6266666666666667,24,84.0,4.384679114371593e-14
0.6266666666666667,25,85.0,3.8282336268778324e-22
0.6266666666666667,26,86.0,1.3309180107334228e-25
0.6266666666666667,27,87.0,1.5854283175965533e-24
0.6266666666666667,28,88.0,5.580199237528374e-19
0.6266666666666667,29,89.0,5.014366972179162e-09
0.6266666666666667,30,90.0,7.287902765504211e-08
0.6266666666666667,31,91.0,3.5726009461265656e-09
0.6266666666666667,32,92.0,5.5201944862263295e-06
0.6266666666666667,33,93.0,5.875441553484117e-11
0.6266666666666667,34,94.0,6.601870219644195e-16
0.6266666666666667,35,95.0,2.6685714408140405e-16
0.6266666666666667,36,96.0,3.343844192804317e-12
0.6266666666666667,37,97.0,0.0010834254653279555
0.6266666666666667,38,98.0,4.9606629402963945e-17
0.6266666666666667,39,99.0,2.3895913012795393e-28
0.6266666666666667,40,100.0,5.098165599996202e-35
0.6266666666666667,41,101.0,4.139125978607604e-37
0.6266666666666667,42,102.0,1.1011209650485889e-34
0.6266666666666667,43,103.0,8.281872367055201e-28
0.6266666666666667,44,104.0,1.5226729614574752e-16
0.6266666666666667,45,105.0,0.03138193300977734
0.6266666666666667,46,106.0,1.3635622009038234e-19
0.6266666666666667,47,107.0,1.9228434764171784e-32
0.6266666666666667,48,108.0,1.262610280273333e-40
0.6266666666666667,49,109.0,3.3146830385507287e-44
0.6266666666666667,50,110.0,2.993556412636017e-43
0.6266666666666667,51,111.0,8.019491964386529e-38
0.6266666666666667,52,112.0,5.506205400755912e-28
0.6266666666666667,53,113.0,8.388788890510689e-14
0.6266666666666667,54,114.0,0.00046811735095352795
0.6266666666666667,55,115.0,3.4120488633409535e-20
0.6266666666666667,56,116.0,1.280380744295039e-31
0.6266666666666667,57,117.0,2.135540179707088e-38
0.6266666666666667,58,118.0,1.3601830270082188e-40
0.6266666666666667,59,119.0,2.8484848194635565e-38
0.6266666666666667,60,120.0,1.6922794965130692e-31
0.64,1,61.0,8.709442777343824e-19
0.64,2,62.0,8.76889444113574e-32
0.64,3,63.0,4.130768603484265e-40
0.64,4,64.0,7.816457582685068e-44
0.64,5,65.0,5.111855575511639e-43
0.64,6,66.0,9.96205548474362e-38
0.64,7,67.0,4.998320447869671e-28
0.64,8,68.0,5.589451492215093e-14
0.64,9,69.0,0.0005876502060616291
0.64,10,70.0,2.167718267736533e-20
0.64,11,71.0,4.1529703192403157e-32
0.64,12,72.0,3.570265852410192e-39
0.64,13,73.0,1.183166134989586e-41
0.64,14,74.0,1.3011955718675075e-39
0.64,15,75.0,4.0968381712717735e-33
0.64,16,76.0,3.1923117454620624e-22
0.64,17,77.0,5.332151632611705e-07
0.64,18,78.0,3.52876993160368e-16
0.64,19,79.0,5.975053200813988e-28
0.64,20,80.0,4.547855960795942e-35
0.64,21,81.0,1.3366727120803237e-37
0.64,22,82.0,1.305974204429301e-35
0.64,23,83.0,3.659170932173855e-29
0.64,24,84.0,2.5415595868942487e-18
0.64,25,85.0,0.003522637584535555
0.64,26,86.0,9.34645855862026e-19
0.64,27,87.0,1.0947213630674746e-31
0.64,28,88.0,5.9863184010376874e-40
0.64,29,89.0,1.3121709594282263e-43
0.64,30,90.0,9.919842452788599e-43
0.64,31,91.0,2.23011771427142e-37
0.64,32,92.0,1.288174456830493e-27
0.64,33,93.0,1.6550933590007696e-13
0.64,34,94.0,0.0004537626280335303
0.64,35,95.0,3.693455294937608e-20
0.64,36,96.0,1.5451974339476888e-31
0.64,37,97.0,2.8688639473978733e-38
0.64,38,98.0,2.030936831519548e-40
0.64,39,99.0,4.720176721443223e-38
0.64,40,100.0,3.1075497942147562e-31
0.64,41,101.0,5.0104837545461944e-20
0.64,42,102.0,0.00017082262403896416
0.64,43,103.0,4.080304991398642e-18
0.64,44,104.0,5.926393561909936e-31
0.64,45,105.0,4.006478289054378e-39
0.64,46,106.0,1.0824377359191393e-42
0.64,47,107.0,1.0056309724642081e-41
0.64,48,108.0,2.7702107698298223e-36
0.64,49,109.0,1.955050934329309e-26
0.64,50,110.0,3.0603302198808137e-12
0.64,51,111.0,0.002175506717515708
0.64,52,112.0,6.408482686901716e-19
0.64,53,113.0,9.179277934398518e-30
0.64,54,114.0,5.733972771208242e-36
0.64,55,115.0,1.342422545406157e-37
0.64,56,116.0,1.0144466282869121e-34
0.64,57,117.0,2.1355033427578147e-27
0.64,58,118.0,1.0829415165707397e-15
0.64,59,119.0,0.01385296250895272
0.64,60,120.0,4.774900175415597e-20
0.6533333333333333,1,61.0,1.0958983660405857e-18
0.6533333333333333,2,62.0,2.531733103265144e-30
0.6533333333333333,3,63.0,2.6175699002017975e-37
0.6533333333333333,4,64.0,1.0405076640618408e-39
0.6533333333333333,5,65.0,1.3690608837240586e-37
0.6533333333333333,6,66.0,5.144023002287117e-31
0.6533333333333333,7,67.0,4.771327561800147e-20
0.6533333333333333,8,68.0,9.445638259947527e-05
0.6533333333333333,9,69.0,5.268923925289631e-18
0.6533333333333333,10,70.0,7.944621906169744e-31
0.6533333333333333,11,71.0,5.5727357241652966e-39
0.6533333333333333,12,72.0,1.561363889441163e-42
0.6533333333333333,13,73.0,1.5035261960699117e-41
0.6533333333333333,14,74.0,4.290759650890916e-36
0.6533333333333333,15,75.0,3.1355038265061906e-26
0.6533333333333333,16,76.0,5.0795291598330835e-12
0.6533333333333333,17,77.0,0.00784894807758825
0.6533333333333333,18,78.0,2.4641829794413782e-18
0.6533333333333333,19,79.0,3.239835926275127e-29
0.6533333333333333,20,80.0,1.8599210381162616e-35
0.6533333333333333,21,81.0,4.006568482228245e-37
0.6533333333333333,22,82.0,2.78913361465131e-34
0.6533333333333333,23,83.0,5.415033100221102e-27
0.6533333333333333,24,84.0,2.5354848137244394e-15
0.6533333333333333,25,85.0,0.010612165024416918
0.6533333333333333,26,86.0,3.5604481043858597e-20
0.6533333333333333,27,87.0,5.854338230182122e-33
0.6533333333333333,28,88.0,4.472612577784707e-41
0.6533333333333333,29,89.0,1.363198699085122e-44
0.6533333333333333,30,90.0,1.4262957255207238e-43
0.6533333333333333,31,91.0,4.4173813047883603e-38
0.6533333333333333,32,92.0,3.4991754726188853e-28
0.6533333333333333,33,93.0,6.137787555979681e-14
0.6533333333333333,34,94.0,0.0005398649382944406
0.6533333333333333,35,95.0,1.852563849474486e-20
0.6533333333333333,36,96.0,3.306988732305125e-32
0.6533333333333333,37,97.0,2.6516324658244712e-39
0.6533333333333333,38,98.0,8.204015930785163e-42
0.6533333333333333,39,99.0,8.431679063793088e-40
0.6533333333333333,40,100.0,2.4832864009436004e-33
0.6533333333333333,41,101.0,1.811746889152071e-22
0.6533333333333333,42,102.0,2.836018686211981e-07
0.6533333333333333,43,103.0,5.066069465704848e-16
0.6533333333333333,44,104.0,1.0573095798738657e-27
0.6533333333333333,45,105.0,9.88989403257324e-35
0.6533333333333333,46,106.0,3.5617597257512957e-37
0.6533333333333333,47,107.0,4.251833961340928e-35
0.6533333333333333,48,108.0,1.4514110147643743e-28
0.6533333333333333,49,109.0,1.2247637912737315e-17
0.6533333333333333,50,110.0,0.015256608923651013
0.6533333333333333,51,111.0,3.5552595430500834e-19
0.6533333333333333,52,112.0,3.2899616662795977e-32
0.6533333333333333,53,113.0,1.4261378207900602e-40
0.6533333333333333,54,114.0,2.4862077153062757e-44
0.6533333333333333,55,115.0,1.499710862723594e-43
0.6533333333333333,56,116.0,2.6988348445033513e-38
0.6533333333333333,57,117.0,1.2518085483518431e-28
0.6533333333333333,58,118.0,1.2955293828539179e-14
0.6533333333333333,59,119.0,0.001003006680784929
0.6533333333333333,60,120.0,1.2073957689034994e-20
0.6666666666666667,1,61.0,1.0810696495209556e-39
0.6666666666666667,2,62.0,5.2212382762268844e-30
0.6666666666666667,3,63.0,5.623212401059135e-16
0.6666666666666667,4,64.0,0.0032991928067831215
0.6666666666666667,5,65.0,9.329856003349826e-21
0.6666666666666667,6,66.0,1.3935080879266955e-33
0.6666666666666667,7,67.0,9.683811671072555e-42
0.6666666666666667,8,68.0,2.6883209555762285e-45
0.6666666666666667,9,69.0,2.565331450982718e-44
0.6666666666666667,10,70.0,7.255659305264252e-39
0.6666666666666667,11,71.0,5.255476102481714e-29
0.6666666666666667,12,72.0,8.439901874402794e-15
0.6666666666666667,13,73.0,0.001067542439497545
0.6666666666666667,14,74.0,9.169309349191222e-21
0.6666666666666667,15,75.0,4.1621814371084095e-33
0.6666666666666667,16,76.0,8.652882927382554e-41
0.6666666666666667,17,77.0,7.0753574247574e-44
0.6666666666666667,18,78.0,1.9584310786652277e-42
0.6666666666666667,19,79.0,1.582619368945562e-36
0.6666666666666667,20,80.0,3.2268087698250076e-26
0.6666666666666667,21,81.0,1.437385630705088e-11
0.6666666666666667,22,82.0,9.828288414108258e-05
0.6666666666666667,23,83.0,7.393180692219309e-12
0.6666666666666667,24,84.0,2.5144939988434268e-17
0.6666666666666667,25,85.0,3.129079928280882e-18
0.6666666666666667,26,86.0,1.2274240294533249e-14
0.6666666666666667,27,87.0,1.310176297974392e-06
0.6666666666666667,28,88.0,8.925113036673802e-14
0.6666666666666667,29,89.0,1.3147937595732206e-22
0.6666666666666667,30,90.0,7.909609933050309e-27
0.6666666666666667,31,91.0,1.6714796506740485e-26
0.6666666666666667,32,92.0,1.0695669943026767e-21
0.6666666666666667,33,93.0,1.7901089571411065e-12
0.6666666666666667,34,94.0,0.005642903604216694
0.6666666666666667,35,95.0,6.312606836604147e-20
0.6666666666666667,36,96.0,3.51784771233384e-32
0.6666666666666667,37,97.0,8.952354651059564e-40
0.6666666666666667,38,98.0,8.935103943888221e-43
0.6666666666666667,39,99.0,3.010274909792409e-41
0.6666666666666667,40,100.0,2.952635932226294e-35
0.6666666666666667,41,101.0,7.286980850409426e-25
0.6666666666666667,42,102.0,3.9184111983493517e-10
0.6666666666666667,43,103.0,4.42092847595162e-11
0.6666666666666667,44,104.0,2.537005409845221e-17
0.6666666666666667,45,105.0,5.4630856117454005e-19
0.6666666666666667,46,106.0,3.801674897146136e-16
0.6666666666666667,47,107.0,7.378144709512423e-09
0.6666666666666667,48,108.0,4.262429279839375e-05
0.6666666666666667,49,109.0,8.340646838079942e-11
0.6666666666666667,50,110.0,5.8081236852197225e-15
0.6666666666666667,51,111.0,1.4178133024317486e-14
0.6666666666666667,52,112.0,1.045861668497744e-09
0.6666666666666667,53,113.0,0.01623176223559108
0.6666666666666667,54,114.0,9.717356337967945e-19
0.6666666666666667,55,115.0,2.0895234461712202e-30
0.6666666666666667,56,116.0,2.0128937606997614e-37
0.6666666666666667,57,117.0,7.462709088734461e-40
0.6666666666666667,58,118.0,9.167091970772583e-38
0.6666666666666667,59,119.0,3.2187789980574474e-31
0.6666666666666667,60,120.0,2.792675567793154e-20
0.68,1,61.0,4.1672567864114316e-41
0.68,2,62.0,9.427478093793419e-32
0.68,3,63.0,4.8073378744837695e-18
0.68,4,64.0,0.02363748402155201
0.68,5,65.0,2.2744409787566028e-20
0.68,6,66.0,9.834237409482913e-34
0.68,7,67.0,2.0134673973008696e-42
0.68,8,68.0,1.6756149989179078e-46
0.68,9,69.0,4.875879933130933e-46
0.68,10,70.0,4.2768122145221635e-41
0.68,11,71.0,9.767972761354247e-32
0.68,12,72.0,5.027982224326858e-18
0.68,13,73.0,0.023255946229707704
0.68,14,74.0,2.2417975195256398e-20
0.68,15,75.0,9.755138578814884e-34
0.68,16,76.0,2.0098752279990552e-42
0.68,17,77.0,1.6830295033006414e-46
0.68,18,78.0,4.927484716662566e-46
0.68,19,79.0,4.3482007721838663e-41
0.68,20,80.0,9.990191569153815e-32
0.68,21,81.0,5.172570529587349e-18
0.68,22,82.0,0.02301715159583705
0.68,23,83.0,2.2215563596911107e-20
0.68,24,84.0,9.706432023230617e-34
0.68,25,85.0,2.0078693893719984e-42
0.68,26,86.0,1.6880044806103698e-46
0.68,27,87.0,4.961332359624035e-46
0.68,28,88.0,4.394908093725334e-41
0.68,29,89.0,1.0135788267962631e-31
0.68,30,90.0,5.267569657125492e-18
0.68,31,91.0,0.022864772115117536
0.68,32,92.0,2.208713377834866e-20
0.68,33,93.0,9.675662644926124e-34
0.68,34,94.0,2.006686264692653e-42
0.68,35,95.0,1.6913154102063402e-46
0.68,36,96.0,4.983570665287391e-46
0.68,37,97.0,4.425556615533608e-41
0.68,38,98.0,1.0231425925425456e-31
0.68,39,99.0,5.330088060525003e-18
0.68,40,100.0,0.022766363012986186
0.68,41,101.0,2.200448811723606e-20
0.68,42,102.0,9.655917901883611e-34
0.68,43,103.0,2.0059622448823702e-42
0.68,44,104.0,1.6935107276062855e-46
0.68,45,105.0,4.998202207228222e-46
0.68,46,106.0,4.445707495040399e-41
0.68,47,107.0,1.029435157814763e-31
0.68,48,108.0,5.37127344773206e-18
0.68,49,109.0,0.022702323007200535
0.68,50,110.0,2.1950829315601095e-20
0.68,51,111.0,9.643121784612129e-34
0.68,52,112.0,2.0055079855641812e-42
0.68,53,113.0,1.6949635893468692e-46
0.68,54,114.0,5.0078388535850754e-46
0.68,55,115.0,4.458973848217208e-41
0.68,56,116.0,1.033579908013271e-31
0.68,57,117.0,5.3984233295533585e-18
0.68,58,118.0,0.022660443761443754
0.68,59,119.0,2.1915790901632083e-20
0.68,60,120.0,9.634776094102625e-34
0.6933333333333334,1,61.0,1.3196906532294646e-41
0.6933333333333334,2,62.0,2.2016353750681195e-32
0.6933333333333334,3,63.0,8.314854468117128e-19
0.6933333333333334,4,64.0,0.0384604710742439
0.6933333333333334,5,65.0,3.621252061099955e-20
0.6933333333333334,6,66.0,1.117123411882427e-33
0.6933333333333334,7,67.0,1.639687131085757e-42
0.6933333333333334,8,68.0,9.828713250280956e-47
0.6933333333333334,9,69.0,2.069676497637567e-46
0.6933333333333334,10,70.0,1.31974093210176e-41
0.6933333333333334,11,71.0,2.2011754796087992e-32
0.6933333333333334,12,72.0,8.31109360995888e-19
0.6933333333333334,13,73.0,0.038463679781723915
0.6933333333333334,14,74.0,3.622080818081203e-20
0.6933333333333334,15,75.0,1.1173415387460818e-33
0.6933333333333334,16,76.0,1.639952979595319e-42
0.6933333333333334,17,77.0,9.829985878323915e-47
0.6933333333333334,18,78.0,2.0698778602519922e-46
0.6933333333333334,19,79.0,1.3198274553410835e-41
0.6933333333333334,20,80.0,2.2012509385351212e-32
0.6933333333333334,21,81.0,8.311122258614127e-19
0.6933333333333334,22,82.0,0.0384637837449505
0.6933333333333334,23,83.0,3.622120762981866e-20
0.6933333333333334,24,84.0,1.1173554052192174e-33
0.6933333333333334,25,85.0,1.6399755661923636e-42
0.6933333333333334,26,86.0,9.83013446701535e-47
0.6933333333333334,27,87.0,2.0699118889586716e-46
0.6933333333333334,28,88.0,1.3198508760369716e-41
0.6933333333333334,29,89.0,2.201292832860155e-32
0.6933333333333334,30,90.0,8.3112909789883795e-19
0.6933333333333334,31,91.0,0.03846367775603183
0.6933333333333334,32,92.0,3.6220972371169026e-20
0.6933333333333334,33,93.0,1.1173502037729721e-33
0.6933333333333334,34,94.0,1.6399709064971904e-42
0.6933333333333334,35,95.0,9.830124113689713e-47
0.6933333333333334,36,96.0,2.0699133575857884e-46
0.6933333333333334,37,97.0,1.3198541060263876e-41
0.6933333333333334,38,98.0,2.2013019908916787e-32
0.6933333333333334,39,99.0,8.311339591868337e-19
0.6933333333333334,40,100.0,0.03846364201997454
0.6933333333333334,41,101.0,3.6220885862085945e-20
0.6933333333333334,42,102.0,1.1173480765282728e-33
0.6933333333333334,43,103.0,1.6399685676336552e-42
0.6933333333333334,44,104.0,9.830114723284156e-47
0.6933333333333334,45,105.0,2.069912341145395e-46
0.6933333333333334,46,106.0,1.3198540619067343e-41
0.6933333333333334,47,107.0,2.2013029103807424e-32
0.6933333333333334,48,108.0,8.311346759752798e-19
0.6933333333333334,49,109.0,0.038463635981932906
0.6933333333333334,50,110.0,3.6220870336733183e-20
0.6933333333333334,51,111.0,1.1173476698941625e-33
0.6933333333333334,52,112.0,1.6399680754076566e-42
0.6933333333333334,53,113.0,9.83011239095274e-47
0.6933333333333334,54,114.0,2.0699119783389914e-46
0.6933333333333334,55,115.0,1.3198539112215984e-41
0.6933333333333334,56,116.0,2.201302791670291e-32
0.6933333333333334,57,117.0,8.311346805111354e-19
0.6933333333333334,58,118.0,0.038463635721509445
0.6933333333333334,59,119.0,3.622086943791908e-20
0.6933333333333334,60,120.0,1.1173476404473565e-33
0.7066666666666667,1,61.0,6.401879313080511e-42
0.7066666666666667,2,62.0,8.779747921408675e-33
0.7066666666666667,3,63.0,2.73334451893466e-19
0.7066666666666667,4,64.0,0.038958956693133234
0.7066666666666667,5,65.0,4.873241125831883e-20
0.7066666666666667,6,66.0,1.2186327590228553e-33
0.7066666666666667,7,67.0,1.4542482184573318e-42
0.7066666666666667,8,68.0,7.108124873640698e-47
0.7066666666666667,9,69.0,1.2240480077164648e-46
0.7066666666666667,10,70.0,6.401189127950088e-42
0.7066666666666667,11,71.0,8.780554860184429e-33
0.7066666666666667,12,72.0,2.734133987954651e-19
0.7066666666666667,13,73.0,0.03896181244523815
0.7066666666666667,14,74.0,4.872389886587044e-20
0.7066666666666667,15,75.0,1.2184285084181414e-33
0.7066666666666667,16,76.0,1.454014612755363e-42
0.7066666666666667,17,77.0,7.10703188615338e-47
0.7066666666666667,18,78.0,1.2238680817803239e-46
0.7066666666666667,19,79.0,6.400290943654443e-42
0.7066666666666667,20,80.0,8.779380613222214e-33
0.7066666666666667,21,81.0,2.7337860869202595e-19
0.7066666666666667,22,82.0,0.03896113632545437
0.7066666666666667,23,83.0,4.872575636180534e-20
0.7066666666666667,24,84.0,1.2184645141851164e-33
0.7066666666666667,25,85.0,1.4540452935252324e-42
0.7066666666666667,26,86.0,7.107122645784905e-47
0.7066666666666667,27,87.0,1.2238736605439493e-46
0.7066666666666667,28,88.0,6.400268304560095e-42
0.7066666666666667,29,89.0,8.779279494953847e-33
0.7066666666666667,30,90.0,2.7337330932060937e-19
0.7066666666666667,31,91.0,0.03896097804562972
0.7066666666666667,32,92.0,4.8726219134017587e-20
0.7066666666666667,33,93.0,1.2184751268236751e-33
0.7066666666666667,34,94.0,1.454056829015453e-42
0.7066666666666667,35,95.0,7.107173589090451e-47
0.7066666666666667,36,96.0,1.2238815096455916e-46
0.7066666666666667,37,97.0,6.400304590488314e-42
0.7066666666666667,38,98.0,8.779322830463797e-33
0.7066666666666667,39,99.0,2.7337446109905034e-19
0.7066666666666667,40,100.0,0.03896099726406531
0.7066666666666667,41,101.0,4.8726167946458426e-20
0.7066666666666667,42,102.0,1.218474228806897e-33
0.7066666666666667,43,103.0,1.4540562067754877e-42
0.7066666666666667,44,104.0,7.107172713126521e-47
0.7066666666666667,45,105.0,1.223881726407683e-46
0.7066666666666667,46,106.0,6.400307619173633e-42
0.7066666666666667,47,107.0,8.779329547568928e-33
0.7066666666666667,48,108.0,2.733747489221438e-19
0.7066666666666667,49,109.0,0.03896100498994471
0.7066666666666667,50,110.0,4.8726145644985597e-20
0.7066666666666667,51,111.0,1.2184737331952056e-33
0.7066666666666667,52,112.0,1.4540556883634658e-42
0.7066666666666667,53,113.0,7.107170531076294e-47
0.7066666666666667,54,114.0,1.2238814103821061e-46
0.7066666666666667,55,115.0,6.400306274448448e-42
0.7066666666666667,56,116.0,8.779328119402089e-33
0.7066666666666667,57,117.0,2.7337471723299125e-19
0.7066666666666667,58,118.0,0.03896100462886325
0.7066666666666667,59,119.0,4.8726146507841904e-20
0.7066666666666667,60,120.0,1.2184737423468597e-33
0.7200000000000001,1,61.0,3.6285605926926614e-42
0.7200000000000001,2,62.0,4.273663197024221e-33
0.7200000000000001,3,63.0,1.145079729436352e-19
0.7200000000000001,4,64.0,0.02898303674414128
0.7200000000000001,5,65.0,6.120083662692554e-20
0.7200000000000001,6,66.0,1.2991663399643562e-33
0.7200000000000001,7,67.0,1.3191433657843439e-42
0.7200000000000001,8,68.0,5.49876067521237e-47
0.7200000000000001,9,69.0,8.093661379206775e-47
0.7200000000000001,10,70.0,3.6258513023964645e-42
0.7200000000000001,11,71.0,4.269967783022648e-33
0.7200000000000001,12,72.0,1.1439563589522912e-19
0.7200000000000001,13,73.0,0.028968742756482202
0.7200000000000001,14,74.0,6.12243075591471e-20
0.7200000000000001,15,75.0,1.2996213349247908e-33
0.7200000000000001,16,76.0,1.3195620722734523e-42
0.7200000000000001,17,77.0,5.500328160178052e-47
0.7200000000000001,18,78.0,8.095710491928749e-47
0.7200000000000001,19,79.0,3.626655305761029e-42
0.7200000000000001,20,80.0,4.270782305726918e-33
0.7200000000000001,21,81.0,1.144139634116045e-19
0.7200000000000001,22,82.0,0.028970425086042095
0.7200000000000001,23,83.0,6.122179863614654e-20
0.7200000000000001,24,84.0,1.2995801015901453e-33
0.7200000000000001,25,85.0,1.3195322418314068e-42
0.7200000000000001,26,86.0,5.500253274661706e-47
0.7200000000000001,27,87.0,8.09567203225766e-47
0.7200000000000001,28,88.0,3.626669768089183e-42
0.7200000000000001,29,89.0,4.270836126991492e-33
0.7200000000000001,30,90.0,1.1441637689049023e-19
0.7200000000000001,31,91.0,0.028970810987481686
0.7200000000000001,32,92.0,6.122113425615751e-20
0.7200000000000001,33,93.0,1.2995663269690063e-33
0.7200000000000001,34,94.0,1.3195185844886657e-42
0.7200000000000001,35,95.0,5.500197697205321e-47
0.7200000000000001,36,96.0,8.095592189516677e-47
0.7200000000000001,37,97.0,3.626634866088108e-42
0.7200000000000001,38,98.0,4.2707960306675176e-33
0.7200000000000001,39,99.0,1.1441532924363907e-19
0.7200000000000001,40,100.0,0.028970694948824594
0.7200000000000001,41,101.0,6.122131805696513e-20
0.7200000000000001,42,102.0,1.2995696930910033e-33
0.7200000000000001,43,103.0,1.3195214662871741e-42
0.7200000000000001,44,104.0,5.500207506959643e-47
0.7200000000000001,45,105.0,8.095603432341409e-47
0.7200000000000001,46,106.0,3.626638491242565e-42
0.7200000000000001,47,107.0,4.270798661266014e-33
0.7200000000000001,48,108.0,1.1441535644715316e-19
0.7200000000000001,49,109.0,0.028970693072764016
0.7200000000000001,50,110.0,6.12213232189945e-20
0.7200000000000001,51,111.0,1.2995698538939984e-33
0.7200000000000001,52,112.0,1.3195216808342012e-42
0.7200000000000001,53,113.0,5.500208611964167e-47
0.7200000000000001,54,114.0,8.095605364491541e-47
0.7200000000000001,55,115.0,3.6266394918141126e-42
0.7200000000000001,56,116.0,4.2707999962959944e-33
0.7200000000000001,57,117.0,1.1441539635217179e-19
0.7200000000000001,58,118.0,0.02897069808406437
0.7200000000000001,59,119.0,6.122131501634727e-20
0.7200000000000001,60,120.0,1.2995696956560898e-33
0.7333333333333334,1,61.0,2.2330005832827898e-42
0.7333333333333334,2,62.0,2.3119775818622623e-33
0.7333333333333334,3,63.0,5.455510956105047e-20
0.7333333333333334,4,64.0,0.01767936084268384
0.7333333333333334,5,65.0,7.40369859162301e-20
0.7333333333333334,6,66.0,1.3683626106591867e-33
0.7333333333333334,7,67.0,1.2120672000989802e-42
0.7333333333333334,8,68.0,4.416099451971335e-47
0.7333333333333334,9,69.0,5.692294143626771e-47
0.7333333333333334,10,70.0,2.2373660548493394e-42
0.7333333333333334,11,71.0,2.3160049156832003e-33
0.7333333333333334,12,72.0,5.463868682321776e-20
0.7333333333333334,13,73.0,0.017695409545919985
0.7333333333333334,14,74.0,7.400397861729059e-20
0.7333333333333334,15,75.0,1.3678326959669245e-33
0.7333333333333334,16,76.0,1.2116677885544822e-42
0.7333333333333334,17,77.0,4.414895569668712e-47
0.7333333333333334,18,78.0,5.691061765973244e-47
0.7333333333333334,19,79.0,2.237005437065112e-42
0.7333333333333334,20,80.0,2.315757931372074e-33
0.7333333333333334,21,81.0,5.463579767282241e-20
0.7333333333333334,22,82.0,0.017695416866835484
0.7333333333333334,23,83.0,7.400356302842365e-20
0.7333333333333334,24,84.0,1.3678163354668149e-33
0.7333333333333334,25,85.0,1.211645716824939e-42
0.7333333333333334,26,86.0,4.414787924230878e-47
0.7333333333333334,27,87.0,5.690888409645027e-47
0.7333333333333334,28,88.0,2.2369238899610886e-42
0.7333333333333334,29,89.0,2.3156598333129027e-33
0.7333333333333334,30,90.0,5.463316507304479e-20
0.7333333333333334,31,91.0,0.01769476159413395
0.7333333333333334,32,92.0,7.40050170236214e-20
0.7333333333333334,33,93.0,1.3678422646063757e-33
0.7333333333333334,34,94.0,1.2116678600775908e-42
0.7333333333333334,35,95.0,4.414865641158733e-47
0.7333333333333334,36,96.0,5.690984823095282e-47
0.7333333333333334,37,97.0,2.2369603273607966e-42
0.7333333333333334,38,98.0,2.3156960633764955e-33
0.7333333333333334,39,99.0,5.46339851950416e-20
0.7333333333333334,40,100.0,0.017694936165762825
0.7333333333333334,41,101.0,7.400464591127113e-20
0.7333333333333334,42,102.0,1.3678360107758794e-33
0.7333333333333334,43,103.0,1.2116628490222643e-42
0.7333333333333334,44,104.0,4.414849281946987e-47
0.7333333333333334,45,105.0,5.690966148687675e-47
0.7333333333333334,46,106.0,2.2369539221884268e-42
0.7333333333333334,47,107.0,2.3156903871214287e-33
0.7333333333333334,48,108.0,5.463387347194241e-20
0.7333333333333334,49,109.0,0.017694916246758195
0.7333333333333334,50,110.0,7.400468577284687e-20
0.7333333333333334,51,111.0,1.367836624427153e-33
0.7333333333333334,52,112.0,1.2116632850985408e-42
0.7333333333333334,53,113.0,4.414850484672574e-47
0.7333333333333334,54,114.0,5.690967208325112e-47
0.7333333333333334,55,115.0,2.2369541485436385e-42
0.7333333333333334,56,116.0,2.3156904273881948e-33
0.7333333333333334,57,117.0,5.463386990868288e-20
0.7333333333333334,58,118.0,0.017694914457534284
0.7333333333333334,59,119.0,7.400469023907595e-20
0.7333333333333334,60,120.0,1.3678367151898978e-33
0.7466666666666667,1,61.0,1.4621635029931223e-42
0.7466666666666667,2,62.0,1.3511665216619014e-33
0.7466666666666667,3,63.0,2.850181438244394e-20
0.7466666666666667,4,64.0,0.009906651866712617
0.7466666666666667,5,65.0,8.709564376206527e-20
0.7466666666666667,6,66.0,1.4254115496531992e-33
0.7466666666666667,7,67.0,1.1199693944133036e-42
0.7466666666666667,8,68.0,3.62574310032476e-47
0.7466666666666667,9,69.0,4.159603304269276e-47
0.7466666666666667,10,70.0,1.457553807120319e-42
0.7466666666666667,11,71.0,1.3472694642227883e-33
0.7466666666666667,12,72.0,2.8427153181436824e-20
0.7466666666666667,13,73.0,0.009887254454437003
0.7466666666666667,14,74.0,8.71682735517768e-20
0.7466666666666667,15,75.0,1.426520173662536e-33
0.7466666666666667,16,76.0,1.1207784662750188e-42
0.7466666666666667,17,77.0,3.628164522491151e-47
0.7466666666666667,18,78.0,4.1621575288684546e-47
0.7466666666666667,19,79.0,1.4583715445986822e-42
0.7466666666666667,20,80.0,1.3479549132635955e-33
0.7466666666666667,21,81.0,2.8440151484015004e-20
0.7466666666666667,22,82.0,0.00989059043409538
0.7466666666666667,23,83.0,8.715582241533276e-20
0.7466666666666667,24,84.0,1.4263311409578903e-33
0.7466666666666667,25,85.0,1.1206413586866432e-42
0.7466666666666667,26,86.0,3.627757093919867e-47
0.7466666666666667,27,87.0,4.1617313159138466e-47
0.7466666666666667,28,88.0,1.4582364292417195e-42
0.7466666666666667,29,89.0,1.3478429889513698e-33
0.7466666666666667,30,90.0,2.843805960164603e-20
0.7466666666666667,31,91.0,0.009890063306224453
0.7466666666666667,32,92.0,8.715777732446865e-20
0.7466666666666667,33,93.0,1.4263605812859884e-33
0.7466666666666667,34,94.0,1.1206625125097423e-42
0.7466666666666667,35,95.0,3.6278192645751003e-47
0.7466666666666667,36,96.0,4.161795502804474e-47
0.7466666666666667,37,97.0,1.4582564553242718e-42
0.7466666666666667,38,98.0,1.347859253433088e-33
0.7466666666666667,39,99.0,2.843835605958173e-20
0.7466666666666667,40,100.0,0.009890135581386853
0.7466666666666667,41,101.0,8.715751238059612e-20
0.7466666666666667,42,102.0,1.4263566525736794e-33
0.7466666666666667,43,103.0,1.1206597411652665e-42
0.7466666666666667,44,104.0,3.627811299574856e-47
0.7466666666666667,45,105.0,4.161787503620498e-47
0.7466666666666667,46,106.0,1.4582540456297367e-42
0.7466666666666667,47,107.0,1.3478573843902842e-33
0.7466666666666667,48,108.0,2.8438324075568755e-20
0.7466666666666667,49,109.0,0.00989012847327048
0.7466666666666667,50,110.0,8.715753752673271e-20
0.7466666666666667,51,111.0,1.4263570072718432e-33
0.7466666666666667,52,112.0,1.1206599758312014e-42
0.7466666666666667,53,113.0,3.6278119187784215e-47
0.7466666666666667,54,114.0,4.161788055116222e-47
0.7466666666666667,55,115.0,1.458254183999807e-42
0.7466666666666667,56,116.0,1.3478574622900043e-33
0.7466666666666667,57,117.0,2.843832467932106e-20
0.7466666666666667,58,118.0,0.009890128350411947
0.7466666666666667,59,119.0,8.7157538333725e-20
0.7466666666666667,60,120.0,1.4263570263596084e-33
0.76,1,61.0,1.0217489617290132e-42
0.76,2,62.0,8.530356861842485e-34
0.76,3,63.0,1.628017697519779e-20
0.76,4,64.0,0.005583509074407142
0.76,5,65.0,9.943965793004969e-20
0.76,6,66.0,1.4582928855484514e-33
0.76,7,67.0,1.0283191212808318e-42
0.76,8,68.0,2.9922811714066985e-47
0.76,9,69.0,3.090278105964548e-47
0.76,10,70.0,9.762410212475332e-43
0.76,11,71.0,8.147212335562371e-34
0.76,12,72.0,1.5542911545438522e-20
0.76,13,73.0,0.005351553262791592
0.76,14,74.0,1.011998318073887e-19
0.76,15,75.0,1.4843385340786887e-33
0.76,16,76.0,1.0468469390883397e-42
0.76,17,77.0,3.0466586316513716e-47
0.76,18,78.0,3.146908696308307e-47
0.76,19,79.0,9.942781302375555e-43
0.76,20,80.0,8.29895125892926e-34
0.76,21,81.0,1.5834669312419563e-20
0.76,22,82.0,0.005443516090954784
0.76,23,83.0,1.0048984347715725e-19
0.76,24,84.0,1.4738262110804279e-33
0.76,25,85.0,1.0393644262476303e-42
0.76,26,86.0,3.024685399289254e-47
0.76,27,87.0,3.124012126151971e-47
0.76,28,88.0,9.869814824559504e-43
0.76,29,89.0,8.23753495797319e-34
0.76,30,90.0,1.571651960266938e-20
0.76,31,91.0,0.00540629429779329
0.76,32,92.0,1.0077525531812423e-19
0.76,33,93.0,1.4780513301603464e-33
0.76,34,94.0,1.0423712616100552e-42
0.76,35,95.0,3.0335137663810186e-47
0.76,36,96.0,3.133209913375096e-47
0.76,37,97.0,9.899121391419112e-43
0.76,38,98.0,8.262198526202222e-34
0.76,39,99.0,1.576395882649275e-20
0.76,40,100.0,0.005421243466159618
0.76,41,101.0,1.0066030918692074e-19
0.76,42,102.0,1.4763495607420981e-33
0.76,43,103.0,1.0411600790942248e-42
0.76,44,104.0,3.029957311082561e-47
0.76,45,105.0,3.1295043328811786e-47
0.76,46,106.0,9.88731349047238e-43
0.76,47,107.0,8.252260560086114e-34
0.76,48,108.0,1.574484216498736e-20
0.76,49,109.0,0.005415219933812527
0.76,50,110.0,1.0070657355511175e-19
0.76,51,111.0,1.477034479213494e-33
0.76,52,112.0,1.041647533582643e-42
0.76,53,113.0,3.031388604135993e-47
0.76,54,114.0,3.1309955970496884e-47
0.76,55,115.0,9.892065294620051e-43
0.76,56,116.0,8.256259742410704e-34
0.76,57,117.0,1.5752534779179887e-20
0.76,58,118.0,0.0054176439237655135
0.76,59,119.0,1.0068794750768678e-19
0.76,60,120.0,1.4767587269642743e-33
0.7733333333333334,1,61.0,7.729144239086482e-43
0.7733333333333334,2,62.0,5.9008492558995415e-34
0.7733333333333334,3,63.0,1.0311217054849195e-20
0.7733333333333334,4,64.0,0.003375309537822894
0.7733333333333334,5,65.0,1.0924146258924224e-19
0.7733333333333334,6,66.0,1.4462683953122564e-33
0.7733333333333334,7,67.0,9.220158967733576e-43
0.7733333333333334,8,68.0,2.4290718885695577e-47
0.7733333333333334,9,69.0,2.274443044203637e-47
0.7733333333333334,10,70.0,6.523438841177431e-43
0.7733333333333334,11,71.0,4.949512627920955e-34
0.7733333333333334,12,72.0,8.59604980167881e-21
0.7733333333333334,13,73.0,0.002824066078645645
0.7733333333333334,14,74.0,1.1747013343330118e-19
0.7733333333333334,15,75.0,1.560346508201905e-33
0.7733333333333334,16,76.0,9.979814192908337e-43
0.7733333333333334,17,77.0,2.637644598635985e-47
0.7733333333333334,18,78.0,2.477553797274695e-47
0.7733333333333334,19,79.0,7.1281572080823936e-43
0.7733333333333334,20,80.0,5.424960107091915e-34
0.7733333333333334,21,81.0,9.450341819724535e-21
0.7733333333333334,22,82.0,0.0030990809483611437
0.7733333333333334,23,83.0,1.131091267372775e-19
0.7733333333333334,24,84.0,1.4997318960222087e-33
0.7733333333333334,25,85.0,9.575213056738804e-43
0.7733333333333334,26,86.0,2.5263095120169664e-47
0.7733333333333334,27,87.0,2.3689090268975643e-47
0.7733333333333334,28,88.0,6.8040600883638324e-43
0.7733333333333334,29,89.0,5.169677255357974e-34
0.7733333333333334,30,90.0,8.990848966300351e-21
0.7733333333333334,31,91.0,0.002951246399454389
0.7733333333333334,32,92.0,1.153828601181373e-19
0.7733333333333334,33,93.0,1.5312926321978795e-33
0.7733333333333334,34,94.0,9.785617569903077e-43
0.7733333333333334,35,95.0,2.5841396068637563e-47
0.7733333333333334,36,96.0,2.425280043591791e-47
0.7733333333333334,37,97.0,6.972046823509889e-43
0.7733333333333334,38,98.0,5.301867293353101e-34
0.7733333333333334,39,99.0,9.228563090340924e-21
0.7733333333333334,40,100.0,0.003027755819390143
0.7733333333333334,41,101.0,1.1418676183186595e-19
0.7733333333333334,42,102.0,1.5146783767994476e-33
0.7733333333333334,43,103.0,9.674783545059188e-43
0.7733333333333334,44,104.0,2.553658058073167e-47
0.7733333333333334,45,105.0,2.3955505688137275e-47
0.7733333333333334,46,106.0,6.8834047788822654e-43
0.7733333333333334,47,107.0,5.2320788130342664e-34
0.7733333333333334,48,108.0,9.10300390727114e-21
0.7733333333333334,49,109.0,0.002987351157851608
0.7733333333333334,50,110.0,1.1481309056547401e-19
0.7733333333333334,51,111.0,1.5233751024468674e-33
0.7733333333333334,52,112.0,9.732779656254235e-43
0.7733333333333334,53,113.0,2.569603025520994e-47
0.7733333333333334,54,114.0,2.4110974541814465e-47
0.7733333333333334,55,115.0,6.9297466069456074e-43
0.7733333333333334,56,116.0,5.268554308106864e-34
0.7733333333333334,57,117.0,9.168611799133109e-21
0.7733333333333334,58,118.0,0.003008465700524191
0.7733333333333334,59,119.0,1.1448431983196094e-19
0.7733333333333334,60,120.0,1.5188091557499158e-33
0.7866666666666667,1,61.0,6.437970964925819e-43
0.7866666666666667,2,62.0,4.556050840748666e-34
0.7866666666666667,3,63.0,7.387537773467827e-21
0.7866666666666667,4,64.0,0.0022896625267249133
0.7866666666666667,5,65.0,1.1419850251627258e-19
0.7866666666666667,6,66.0,1.369186773644818e-33
0.7866666666666667,7,67.0,7.915964941887544e-43
0.7866666666666667,8,68.0,1.8939107563036876e-47
0.7866666666666667,9,69.0,1.6126537858073672e-47
0.7866666666666667,10,70.0,4.211856043719477e-43
0.7866666666666667,11,71.0,2.9138260129832206e-34
0.7866666666666667,12,72.0,4.620248659668206e-21
0.7866666666666667,13,73.0,0.001421581515676796
0.7866666666666667,14,74.0,1.3864554276340298e-19
0.7866666666666667,15,75.0,1.6862180555281137e-33
0.7866666666666667,16,76.0,9.887179700528541e-43
0.7866666666666667,17,77.0,2.3986055295110657e-47
0.7866666666666667,18,78.0,2.0705497161841813e-47
0.7866666666666667,19,79.0,5.481240706163189e-43
0.7866666666666667,20,80.0,3.8427892980574385e-34
0.7866666666666667,21,81.0,6.173675038879373e-21
0.7866666666666667,22,82.0,0.001908466916313239
0.7866666666666667,23,83.0,1.2296395038308598e-19
0.7866666666666667,24,84.0,1.4815833186656068e-33
0.7866666666666667,25,85.0,8.60761427221298e-43
0.7866666666666667,26,86.0,2.0693025311022664e-47
0.7866666666666667,27,87.0,1.77035995297616e-47
0.7866666666666667,28,88.0,4.6453745590386545e-43
0.7866666666666667,29,89.0,3.2285597839315524e-34
0.7866666666666667,30,90.0,5.142569372442964e-21
0.7866666666666667,31,91.0,0.0015850032964280203
0.7866666666666667,32,92.0,1.326222098048247e-19
0.7866666666666667,33,93.0,1.6070950686153912e-33
0.7866666666666667,34,94.0,9.389450798449495e-43
0.7866666666666667,35,95.0,2.2698055379957237e-47
0.7866666666666667,36,96.0,1.9525373876645912e-47
0.7866666666666667,37,97.0,5.151076037178846e-43
0.7866666666666667,38,98.0,3.5990864211501375e-34
0.7866666666666667,39,99.0,5.7628462370592665e-21
0.7866666666666667,40,100.0,0.001779498380872607
0.7866666666666667,41,101.0,1.26513989438041e-19
0.7866666666666667,42,102.0,1.5275181933343344e-33
0.7866666666666667,43,103.0,8.892623775295489e-43
0.7866666666666667,44,104.0,2.142127625902739e-47
0.7866666666666667,45,105.0,1.8363047584140739e-47
0.7866666666666667,46,106.0,4.827847228928198e-43
0.7866666666666667,47,107.0,3.361856318000725e-34
0.7866666666666667,48,108.0,5.3650787466714396e-21
0.7866666666666667,49,109.0,0.0016547322347473747
0.7866666666666667,50,110.0,1.3031509049229637e-19
0.7866666666666667,51,111.0,1.5769588844429288e-33
0.7866666666666667,52,112.0,9.200847846376154e-43
0.7866666666666667,53,113.0,2.221230104782793e-47
0.7866666666666667,54,114.0,1.9082258137661967e-47
0.7866666666666667,55,115.0,5.027615189689692e-43
0.7866666666666667,56,116.0,3.5083106981872797e-34
0.7866666666666667,57,117.0,5.6103821733486015e-21
0.7866666666666667,58,118.0,0.0017316607659375294
0.7866666666666667,59,119.0,1.2792523979929968e-19
0.7866666666666667,60,120.0,1.5458434501585713e-33
0.8,1,61.0,5.977328670728595e-43
0.8,2,62.0,3.982182304673953e-34
0.8,3,63.0,6.083734717267597e-21
0.8,4,64.0,0.0017934066595567421
0.8,5,65.0,1.1259458092356705e-19
0.8,6,66.0,1.2219908437226233e-33
0.8,7,67.0,6.40428711948119e-43
0.8,8,68.0,1.3908902210769803e-47
0.8,9,69.0,1.0765564030090182e-47
0.8,10,70.0,2.5592809865861833e-43
0.8,11,71.0,1.6137369772751786e-34
0.8,12,72.0,2.3351913414367587e-21
0.8,13,73.0,0.0006649503704415527
0.8,14,74.0,1.6898921811247488e-19
0.8,15,75.0,1.9077447572837386e-33
0.8,16,76.0,1.039420413751732e-42
0.8,17,77.0,2.345536387343095e-47
0.8,18,78.0,1.885293994755663e-47
0.8,19,79.0,4.651795338215808e-43
0.8,20,80.0,3.042749518130408e-34
0.8,21,81.0,4.56520446580563e-21
0.8,22,82.0,0.0013322612725876315
0.8,23,83.0,1.2701078551181737e-19
0.8,24,84.0,1.3919057715691293e-33
0.8,25,85.0,7.36498073113443e-43
0.8,26,86.0,1.6147066025443602e-47
0.8,27,87.0,1.2614770103087154e-47
0.8,28,88.0,3.0265297505186718e-43
0.8,29,89.0,1.9256952801760326e-34
0.8,30,90.0,2.8115724387980503e-21
0.8,31,91.0,0.0008057878219140722
0.8,32,92.0,1.560650222606304e-19
0.8,33,93.0,1.7457503824613312e-33
0.8,34,94.0,9.425945582257167e-43
0.8,35,95.0,2.1081591202554168e-47
0.8,36,96.0,1.6796653330481132e-47
0.8,37,97.0,4.108666702014009e-43
0.8,38,98.0,2.6646280900599014e-34
0.8,39,99.0,3.9643634989298605e-21
0.8,40,100.0,0.0011508353948066657
0.8,41,101.0,1.3481924872255805e-19
0.8,42,102.0,1.485543659951763e-33
0.8,43,103.0,7.902744682659372e-43
0.8,44,104.0,1.741797447401489e-47
0.8,45,105.0,1.3678814684936733e-47
0.8,46,106.0,3.2987319361323397e-43
0.8,47,107.0,2.1095551472179604e-34
0.8,48,108.0,3.0954410343858686e-21
0.8,49,109.0,0.0008902758666965576
0.8,50,110.0,1.4978059990348094e-19
0.8,51,111.0,1.6679759280616566e-33
0.8,52,112.0,8.96639267964761e-43
0.8,53,113.0,1.9966804581789656e-47
0.8,54,114.0,1.5840433780499989e-47
0.8,55,115.0,3.858431230468534e-43
0.8,56,116.0,2.4919426717754774e-34
0.8,57,117.0,3.692259531043191e-21
0.8,58,118.0,0.0010689733722133925
0.8,59,119.0,1.3894825632298288e-19
0.8,60,120.0,1.5355000575999555e-33
