t,model,s,i,r,R0,beta,gamma,beta0,mu
0.0,basic_sir,0.9999,0.0001,0.0,15.0,780.0,52.0,,
0.0027397260273972603,basic_sir,0.9992259952389123,0.000729051274134934,4.495348695269175e-05,15.0,780.0,52.0,,
0.005479452054794521,basic_sir,0.9943365793846994,0.005291442849966072,0.00037197776533443575,15.0,780.0,52.0,,
0.008219178082191782,basic_sir,0.9600917096724817,0.037199354522268,0.0027089358052502822,15.0,780.0,52.0,,
0.010958904109589041,basic_sir,0.7683919054689812,0.21403536830625597,0.017572726224762754,15.0,780.0,52.0,,
0.0136986301369863,basic_sir,0.32212534497756107,0.6023067187330361,0.07556793628940281,15.0,780.0,52.0,,
0.016438356164383564,basic_sir,0.07185454366706352,0.7521238304451243,0.17602162588781212,15.0,780.0,52.0,,
0.019178082191780823,basic_sir,0.015078393686750357,0.7041643908281217,0.2807572154851279,15.0,780.0,52.0,,
0.021917808219178082,basic_sir,0.003675498991673697,0.6210997643059608,0.3752247367023654,15.0,780.0,52.0,,
0.024657534246575342,basic_sir,0.0010660435946995394,0.5410212529630545,0.457912703442246,15.0,780.0,52.0,,
0.0273972602739726,basic_sir,0.0003630253553440016,0.4698288297235624,0.5298081449210936,15.0,780.0,52.0,,
0.030136986301369864,basic_sir,0.00014244883715074918,0.4076466568936971,0.5922108942691521,15.0,780.0,52.0,,
0.03287671232876713,basic_sir,6.32578097859064e-05,0.3535912040000757,0.6463455381901383,15.0,780.0,52.0,,
0.03561643835616438,basic_sir,3.1281851674498714e-05,0.30666990745873474,0.6932988106895906,15.0,780.0,52.0,,
0.038356164383561646,basic_sir,1.698396970298988e-05,0.26596265088159404,0.7340203651487028,15.0,780.0,52.0,,
0.0410958904109589,basic_sir,9.999738816471903e-06,0.23065386478700212,0.7693361354741812,15.0,780.0,52.0,,
0.043835616438356165,basic_sir,6.316491651926467e-06,0.2000304259699559,0.7999632575383919,15.0,780.0,52.0,,
0.04657534246575343,basic_sir,4.240826725459568e-06,0.17347176435737435,0.8265239948159,15.0,780.0,52.0,,
0.049315068493150684,basic_sir,3.0019090848393943e-06,0.1504388598797195,0.8495581382111954,15.0,780.0,52.0,,
0.052054794520547946,basic_sir,2.2246806487997416e-06,0.1304638996509836,0.8695338756683674,15.0,780.0,52.0,,
0.0547945205479452,basic_sir,1.7156000861971459e-06,0.11314102055972922,0.8868572638401844,15.0,780.0,52.0,,
0.057534246575342465,basic_sir,1.3694580318955161e-06,0.09811816944419291,0.901880461097775,15.0,780.0,52.0,,
0.06027397260273973,basic_sir,1.1263573400730305e-06,0.08508999780573964,0.91490887583692,15.0,780.0,52.0,,
0.06301369863013699,basic_sir,9.507647459959821e-07,0.0737916796017532,0.9262073696335006,15.0,780.0,52.0,,
0.06575342465753425,basic_sir,8.208107443769735e-07,0.06399354046038529,0.9360056387288701,15.0,780.0,52.0,,
0.0684931506849315,basic_sir,7.225841361070884e-07,0.05549639542568094,0.9445028819901827,15.0,780.0,52.0,,
0.07123287671232877,basic_sir,6.469696001921934e-07,0.04812750341765667,0.951871849612743,15.0,780.0,52.0,,
0.07397260273972603,basic_sir,5.878322979104622e-07,0.041737057623812364,0.9582623545438895,15.0,780.0,52.0,,
0.07671232876712329,basic_sir,5.409420862475655e-07,0.03619514122139345,0.9638043178365201,15.0,780.0,52.0,,
0.07945205479452055,basic_sir,5.033173193075113e-07,0.031389086938601624,0.968610409744079,15.0,780.0,52.0,,
0.0821917808219178,basic_sir,4.728138940809738e-07,0.027221186993281493,0.9727783401928244,15.0,780.0,52.0,,
0.08493150684931507,basic_sir,4.47861604512008e-07,0.02360670697568381,0.9763928451627116,15.0,780.0,52.0,,
0.08767123287671233,basic_sir,4.2729121994731094e-07,0.02047216336918959,0.9795274093395905,15.0,780.0,52.0,,
0.09041095890410959,basic_sir,4.1021873909015714e-07,0.01775382973350988,0.9822457600477511,15.0,780.0,52.0,,
0.09315068493150686,basic_sir,3.959664481277867e-07,0.01539644120681364,0.9846031628267383,15.0,780.0,52.0,,
0.0958904109589041,basic_sir,3.840081378001878e-07,0.01335207100517801,0.9866475449866843,15.0,780.0,52.0,,
0.09863013698630137,basic_sir,3.7393046841725845e-07,0.011579156088515917,0.9884204699810157,15.0,780.0,52.0,,
0.10136986301369863,basic_sir,3.6540531090814205e-07,0.010041652191046734,0.9899579824036424,15.0,780.0,52.0,,
0.10410958904109589,basic_sir,3.58169665810525e-07,0.008708301042085724,0.9912913407882485,15.0,780.0,52.0,,
0.10684931506849316,basic_sir,3.5201089083812887e-07,0.007551994882322128,0.9924476531067871,15.0,780.0,52.0,,
0.1095890410958904,basic_sir,3.467556982622513e-07,0.006549225357853992,0.9934504278864478,15.0,780.0,52.0,,
0.11232876712328767,basic_sir,3.422618638293672e-07,0.005679605589053849,0.9943200521490824,15.0,780.0,52.0,,
0.11506849315068493,basic_sir,3.384119096699927e-07,0.004925455698596859,0.9950742058894936,15.0,780.0,52.0,,
0.1178082191780822,basic_sir,3.3510824074857543e-07,0.004271443372854286,0.995728221518905,15.0,780.0,52.0,,
0.12054794520547946,basic_sir,3.322693632754027e-07,0.0037042721495174832,0.9962953955811193,15.0,780.0,52.0,,
0.12328767123287672,basic_sir,3.2982691684320157e-07,0.0032124110944827555,0.9967872590786006,15.0,780.0,52.0,,
0.12602739726027398,basic_sir,3.2772332461486425e-07,0.002785860372400226,0.9972138119042753,15.0,780.0,52.0,,
0.12876712328767123,basic_sir,3.2590991739378493e-07,0.002415947944962298,0.9975837261451205,15.0,780.0,52.0,,
0.1315068493150685,basic_sir,3.243454243401757e-07,0.00209515326380541,0.9979045223907703,15.0,780.0,52.0,,
0.13424657534246576,basic_sir,3.2299474983538834e-07,0.001816954373681746,0.9981827226315685,15.0,780.0,52.0,,
0.136986301369863,basic_sir,3.218279755332706e-07,0.0015756953174781818,0.9984239828545464,15.0,780.0,52.0,,
0.13972602739726028,basic_sir,3.2081954103808807e-07,0.0013664711473913133,0.9986332080330678,15.0,780.0,52.0,,
0.14246575342465753,basic_sir,3.1994756735254334e-07,0.0011850282044985829,0.9988146518479342,15.0,780.0,52.0,,
0.1452054794520548,basic_sir,3.191932952605567e-07,0.0010276776393722052,0.9989720031673326,15.0,780.0,52.0,,
0.14794520547945206,basic_sir,3.1854061686760135e-07,0.0008912204155745178,0.9991084610438087,15.0,780.0,52.0,,
0.1506849315068493,basic_sir,3.179756831320883e-07,0.0007728822713224406,0.9992267997529944,15.0,780.0,52.0,,
0.15342465753424658,basic_sir,3.1748657375675594e-07,0.0006702573170609881,0.9993294251963654,15.0,780.0,52.0,,
0.15616438356164383,basic_sir,3.170630185399592e-07,0.0005812591222564644,0.9994184238147251,15.0,780.0,52.0,,
0.1589041095890411,basic_sir,3.166961614114903e-07,0.0005040782969785398,0.9994956050068602,15.0,780.0,52.0,,
0.16164383561643836,basic_sir,3.1637836004239867e-07,0.0004371457058821182,0.999562537915758,15.0,780.0,52.0,,
0.1643835616438356,basic_sir,3.1610301523182504e-07,0.00037910056670900074,0.9996205833302759,15.0,780.0,52.0,,
0.16712328767123288,basic_sir,3.158644253173076e-07,0.00032876278473396647,0.9996709213508409,15.0,780.0,52.0,,
0.16986301369863013,basic_sir,3.1565766168938725e-07,0.00028510896069869026,0.9997145753816398,15.0,780.0,52.0,,
0.1726027397260274,basic_sir,3.154784621628207e-07,0.00024725158446081127,0.9997524329370772,15.0,780.0,52.0,,
0.17534246575342466,basic_sir,3.1532313950045295e-07,0.00021442099135275883,0.9997852636855078,15.0,780.0,52.0,,
0.1780821917808219,basic_sir,3.1518850282872504e-07,0.00018594971441231322,0.9998137350970849,15.0,780.0,52.0,,
0.18082191780821918,basic_sir,3.150717900466328e-07,0.0001612589143563134,0.9998384260138538,15.0,780.0,52.0,,
0.18356164383561643,basic_sir,3.1497060962878586e-07,0.0001398466114106111,0.9998598384179799,15.0,780.0,52.0,,
0.1863013698630137,basic_sir,3.1488289047056584e-07,0.00012127747974215552,0.9998784076373675,15.0,780.0,52.0,,
0.18904109589041096,basic_sir,3.1480683862909043e-07,0.00010517399700772125,0.9998945111961537,15.0,780.0,52.0,,
0.1917808219178082,basic_sir,3.147408999855014e-07,9.120876908410751e-05,0.9999084764900159,15.0,780.0,52.0,,
0.19452054794520549,basic_sir,3.146837279981818e-07,7.909787393679491e-05,0.9999205874423351,15.0,780.0,52.0,,
0.19726027397260273,basic_sir,3.146341558377812e-07,6.859508930374196e-05,0.9999310902765404,15.0,780.0,52.0,,
0.2,basic_sir,3.145911722973453e-07,5.9486886839507984e-05,0.9999401985219881,15.0,780.0,52.0,,
0.20273972602739726,basic_sir,3.145539009576026e-07,5.1588090947502535e-05,0.9999480973551514,15.0,780.0,52.0,,
0.2054794520547945,basic_sir,3.145215821611503e-07,4.4738114041676965e-05,0.9999549473643761,15.0,780.0,52.0,,
0.20821917808219179,basic_sir,3.144935574120275e-07,3.87976916981487e-05,0.9999608878147443,15.0,780.0,52.0,,
0.21095890410958903,basic_sir,3.144692558707085e-07,3.364605132031976e-05,0.9999660394794236,15.0,780.0,52.0,,
0.2136986301369863,basic_sir,3.1444818266033125e-07,2.917845675465315e-05,0.9999705070950625,15.0,780.0,52.0,,
0.21643835616438356,basic_sir,3.1442990873918953e-07,2.5304078937585733e-05,0.9999743814911536,15.0,780.0,52.0,,
0.2191780821917808,basic_sir,3.1441406212815575e-07,2.194414928247212e-05,0.9999777414366553,15.0,780.0,52.0,,
0.2219178082191781,basic_sir,3.1440032031059767e-07,1.9030358263740346e-05,0.9999806552414159,15.0,780.0,52.0,,
0.22465753424657534,basic_sir,3.14388403647204e-07,1.6503466640452984e-05,0.9999831821449559,15.0,780.0,52.0,,
0.2273972602739726,basic_sir,3.143780696695287e-07,1.4312101084561902e-05,0.9999853735208458,15.0,780.0,52.0,,
0.23013698630136986,basic_sir,3.1436910813450404e-07,1.2411709728210166e-05,0.9999872739211637,15.0,780.0,52.0,,
0.23287671232876714,basic_sir,3.1436133673807083e-07,1.0763656395689339e-05,0.9999889219822676,15.0,780.0,52.0,,
0.2356164383561644,basic_sir,3.143545973998015e-07,9.33443510520915e-06,0.9999903512102974,15.0,780.0,52.0,,
0.23835616438356164,basic_sir,3.1434875304224146e-07,8.094988870797302e-06,0.9999915906623762,15.0,780.0,52.0,,
0.2410958904109589,basic_sir,3.143436847989362e-07,7.020118955136391e-06,0.9999926655373601,15.0,780.0,52.0,,
0.24383561643835616,basic_sir,3.143392895939646e-07,6.087972563069614e-06,0.9999935976881473,15.0,780.0,52.0,,
0.24657534246575344,basic_sir,3.143354780434549e-07,5.279598560255993e-06,0.9999944060659617,15.0,780.0,52.0,,
0.2493150684931507,basic_sir,3.1433217263618413e-07,4.57856218445097e-06,0.9999951071056429,15.0,780.0,52.0,,
0.25205479452054796,basic_sir,3.1432930615609394e-07,3.970610916245487e-06,0.9999957150597776,15.0,780.0,52.0,,
0.2547945205479452,basic_sir,3.143268203145181e-07,3.4433847162017645e-06,0.9999962422884634,15.0,780.0,52.0,,
0.25753424657534246,basic_sir,3.143246645642141e-07,2.9861647373207737e-06,0.999996699510598,15.0,780.0,52.0,,
0.2602739726027397,basic_sir,3.143227950710114e-07,2.589655404004894e-06,0.9999970960218008,15.0,780.0,52.0,,
0.263013698630137,basic_sir,3.143211738221125e-07,2.2457954270412274e-06,0.999997439883399,15.0,780.0,52.0,,
0.26575342465753427,basic_sir,3.143197678528764e-07,1.947593912419046e-06,0.9999977380863195,15.0,780.0,52.0,,
0.2684931506849315,basic_sir,3.143185485763309e-07,1.6889882319684105e-06,0.9999979966932192,15.0,780.0,52.0,,
0.27123287671232876,basic_sir,3.143174912017593e-07,1.4647207662390065e-06,0.9999982209617423,15.0,780.0,52.0,,
0.273972602739726,basic_sir,3.1431657423052217e-07,1.2702320137227517e-06,0.9999984154514118,15.0,780.0,52.0,,
0.2767123287671233,basic_sir,3.143157790188508e-07,1.101567893262137e-06,0.9999985841163275,15.0,780.0,52.0,,
0.27945205479452057,basic_sir,3.1431508939871286e-07,9.552993550428021e-07,0.9999987303855553,15.0,780.0,52.0,,
0.2821917808219178,basic_sir,3.143144913490352e-07,8.284526658101973e-07,0.9999988572328425,15.0,780.0,52.0,,
0.28493150684931506,basic_sir,3.1431397271059274e-07,7.184489509641234e-07,0.999998967237076,15.0,780.0,52.0,,
0.2876712328767123,basic_sir,3.143135229387635e-07,6.23051764383088e-07,0.9999990626347124,15.0,780.0,52.0,,
0.2904109589041096,basic_sir,3.1431313288911973e-07,5.403216200393826e-07,0.9999991453652468,15.0,780.0,52.0,,
0.29315068493150687,basic_sir,3.1431279463149285e-07,4.6857656100344647e-07,0.9999992171106441,15.0,780.0,52.0,,
0.2958904109589041,basic_sir,3.14312501288731e-07,4.0635796418004746e-07,0.9999992793295343,15.0,780.0,52.0,,
0.29863013698630136,basic_sir,3.1431224689686946e-07,3.5240088556465745e-07,0.9999993332868673,15.0,780.0,52.0,,
0.3013698630136986,basic_sir,3.143120262838695e-07,3.056083431200277e-07,0.9999993800796303,15.0,780.0,52.0,,
0.3041095890410959,basic_sir,3.143118349644603e-07,2.6502901442735216e-07,0.9999994206591504,15.0,780.0,52.0,,
0.30684931506849317,basic_sir,3.143116690489453e-07,2.2983789569095687e-07,0.999999455850435,15.0,780.0,52.0,,
0.3095890410958904,basic_sir,3.1431152516411776e-07,1.99319528881657e-07,0.9999994863689458,15.0,780.0,52.0,,
0.31232876712328766,basic_sir,3.1431140038467833e-07,1.7285345601585863e-07,0.9999995128351433,15.0,780.0,52.0,,
0.3150684931506849,basic_sir,3.143112921737596e-07,1.4990160484655144e-07,0.9999995357871028,15.0,780.0,52.0,,
0.3178082191780822,basic_sir,3.14311198331348e-07,1.2999734950920025e-07,0.9999995556914519,15.0,780.0,52.0,,
0.32054794520547947,basic_sir,3.143111169495549e-07,1.1273602371844676e-07,0.999999572952859,15.0,780.0,52.0,,
0.3232876712328767,basic_sir,3.1431104637382724e-07,9.776669364281655e-08,0.9999995879222596,15.0,780.0,52.0,,
0.32602739726027397,basic_sir,3.143109851693083e-07,8.478502319470217e-08,0.9999996009039913,15.0,780.0,52.0,,
0.3287671232876712,basic_sir,3.143109320916658e-07,7.352708668238253e-08,0.999999612161981,15.0,780.0,52.0,,
0.3315068493150685,basic_sir,3.1431088606179333e-07,6.376400303132567e-08,0.9999996219251107,15.0,780.0,52.0,,
0.33424657534246577,basic_sir,3.143108461438711e-07,5.529728248505115e-08,0.9999996303918711,15.0,780.0,52.0,,
0.336986301369863,basic_sir,3.1431081152633996e-07,4.795479118099103e-08,0.999999637734397,15.0,780.0,52.0,,
0.33972602739726027,basic_sir,3.143107815054017e-07,4.158725155859111e-08,0.9999996441019667,15.0,780.0,52.0,,
0.3424657534246575,basic_sir,3.1431075547071e-07,3.6065207450699894e-08,0.9999996496240369,15.0,780.0,52.0,,
0.3452054794520548,basic_sir,3.143107328929621e-07,3.127639215660668e-08,0.9999996544128747,15.0,780.0,52.0,,
0.34794520547945207,basic_sir,3.143107133131371e-07,2.7123445987964867e-08,0.9999996585658405,15.0,780.0,52.0,,
0.3506849315068493,basic_sir,3.1431069633316405e-07,2.3521936883842815e-08,0.9999996621673666,15.0,780.0,52.0,,
0.35342465753424657,basic_sir,3.1431068160782883e-07,2.0398643852737838e-08,0.9999996652906743,15.0,780.0,52.0,,
0.3561643835616438,basic_sir,3.1431066883775566e-07,1.769006834282634e-08,0.9999996679992625,15.0,780.0,52.0,,
0.3589041095890411,basic_sir,3.1431065776332054e-07,1.5341143275652424e-08,0.9999996703481987,15.0,780.0,52.0,,
0.36164383561643837,basic_sir,3.143106481593729e-07,1.3304113497081557e-08,0.9999996723852381,15.0,780.0,52.0,,
0.3643835616438356,basic_sir,3.143106398306581e-07,1.1537564884367908e-08,0.9999996741517951,15.0,780.0,52.0,,
0.36712328767123287,basic_sir,3.143106326078481e-07,1.0005582370459932e-08,0.9999996756837849,15.0,780.0,52.0,,
0.3698630136986301,basic_sir,3.143106263440983e-07,8.6770197676372e-09,0.9999996770123537,15.0,780.0,52.0,,
0.3726027397260274,basic_sir,3.143106209120627e-07,7.52486654552469e-09,0.9999996781645124,15.0,780.0,52.0,,
0.37534246575342467,basic_sir,3.1431061620130455e-07,6.5256986896752415e-09,0.9999996791636849,15.0,780.0,52.0,,
0.3780821917808219,basic_sir,3.1431061211605094e-07,5.6592024763223806e-09,0.9999996800301852,15.0,780.0,52.0,,
0.38082191780821917,basic_sir,3.1431060857324606e-07,4.907761481339087e-09,0.9999996807816298,15.0,780.0,52.0,,
0.3835616438356164,basic_sir,3.143106055008624e-07,4.256098427029204e-09,0.9999996814332959,15.0,780.0,52.0,,
0.3863013698630137,basic_sir,3.1431060283643643e-07,3.690964585267044e-09,0.9999996819984324,15.0,780.0,52.0,,
0.38904109589041097,basic_sir,3.1431060052579863e-07,3.200870422351728e-09,0.9999996824885288,15.0,780.0,52.0,,
0.3917808219178082,basic_sir,3.143105985219723e-07,2.7758520094130915e-09,0.9999996829135492,15.0,780.0,52.0,,
0.39452054794520547,basic_sir,3.143105967842183e-07,2.4072684493430466e-09,0.9999996832821345,15.0,780.0,52.0,,
0.3972602739726027,basic_sir,3.14310595277207e-07,2.08762620181171e-09,0.9999996836017783,15.0,780.0,52.0,,
0.4,basic_sir,3.143105939702999e-07,1.8104267347832052e-09,0.9999996838789791,15.0,780.0,52.0,,
0.40273972602739727,basic_sir,3.143105928369267e-07,1.5700344051886932e-09,0.9999996841193726,15.0,780.0,52.0,,
0.4054794520547945,basic_sir,3.1431059185404525e-07,1.3615618826858452e-09,0.9999996843278461,15.0,780.0,52.0,,
0.40821917808219177,basic_sir,3.1431059100167293e-07,1.1807707870963606e-09,0.9999996845086382,15.0,780.0,52.0,,
0.410958904109589,basic_sir,3.143105902624804e-07,1.0239855194167818e-09,0.9999996846654241,15.0,780.0,52.0,,
0.4136986301369863,basic_sir,3.143105896214394e-07,8.880185345317845e-10,0.9999996848013918,15.0,780.0,52.0,,
0.41643835616438357,basic_sir,3.1431058906551724e-07,7.701055363762556e-10,0.9999996849193054,15.0,780.0,52.0,,
0.4191780821917808,basic_sir,3.143105885834116e-07,6.678492780221722e-10,0.9999996850215621,15.0,780.0,52.0,,
0.42191780821917807,basic_sir,3.1431058816532095e-07,5.791708241100345e-10,0.999999685110241,15.0,780.0,52.0,,
0.4246575342465753,basic_sir,3.143105878027453e-07,5.022672847587625e-10,0.9999996851871449,15.0,780.0,52.0,,
0.4273972602739726,basic_sir,3.1431058748831325e-07,4.355751616573328e-10,0.9999996852538373,15.0,780.0,52.0,,
0.4301369863013699,basic_sir,3.143105872156321e-07,3.777385611406817e-10,0.9999996853116742,15.0,780.0,52.0,,
0.4328767123287671,basic_sir,3.143105869791582e-07,3.275816280012861e-10,0.9999996853618314,15.0,780.0,52.0,,
0.43561643835616437,basic_sir,3.143105867740838e-07,2.840846395981464e-10,0.9999996854053286,15.0,780.0,52.0,,
0.4383561643835616,basic_sir,3.143105865962396e-07,2.463632742410446e-10,0.9999996854430502,15.0,780.0,52.0,,
0.4410958904109589,basic_sir,3.143105864420099e-07,2.1365063236303174e-10,0.9999996854757629,15.0,780.0,52.0,,
0.4438356164383562,basic_sir,3.143105863082592e-07,1.8528164496004515e-10,0.9999996855041321,15.0,780.0,52.0,,
0.4465753424657534,basic_sir,3.143105861922682e-07,1.6067955231121637e-10,0.9999996855287343,15.0,780.0,52.0,,
0.44931506849315067,basic_sir,3.1431058609167874e-07,1.393441780835894e-10,0.9999996855500698,15.0,780.0,52.0,,
0.452054794520548,basic_sir,3.1431058600444573e-07,1.2084176042626184e-10,0.9999996855685722,15.0,780.0,52.0,,
0.4547945205479452,basic_sir,3.1431058592879573e-07,1.0479613331357305e-10,0.9999996855846179,15.0,780.0,52.0,,
0.4575342465753425,basic_sir,3.143105858631907e-07,9.088107884838023e-11,0.999999685598533,15.0,780.0,52.0,,
0.4602739726027397,basic_sir,3.143105858062968e-07,7.881369504284716e-11,0.9999996856106005,15.0,780.0,52.0,,
0.46301369863013697,basic_sir,3.1431058575695747e-07,6.834864423946723e-11,0.9999996856210657,15.0,780.0,52.0,,
0.4657534246575343,basic_sir,3.143105857141695e-07,5.927316523903055e-11,0.9999996856301412,15.0,780.0,52.0,,
0.4684931506849315,basic_sir,3.14310585677063e-07,5.140274772889651e-11,0.9999996856380116,15.0,780.0,52.0,,
0.4712328767123288,basic_sir,3.143105856448836e-07,4.457738106991957e-11,0.999999685644837,15.0,780.0,52.0,,
0.473972602739726,basic_sir,3.1431058561697696e-07,3.8658301177462806e-11,0.999999685650756,15.0,780.0,52.0,,
0.4767123287671233,basic_sir,3.143105855927759e-07,3.352516935849947e-11,0.9999996856558893,15.0,780.0,52.0,,
0.4794520547945206,basic_sir,3.1431058557178834e-07,2.9073625748751384e-11,0.9999996856603408,15.0,780.0,52.0,,
0.4821917808219178,basic_sir,3.143105855535875e-07,2.5213167609671246e-11,0.9999996856642013,15.0,780.0,52.0,,
0.4849315068493151,basic_sir,3.143105855378034e-07,2.1865309349683593e-11,0.9999996856675492,15.0,780.0,52.0,,
0.4876712328767123,basic_sir,3.143105855241152e-07,1.8961986861737066e-11,0.9999996856704525,15.0,780.0,52.0,,
0.4904109589041096,basic_sir,3.143105855122445e-07,1.644417373632503e-11,0.9999996856729704,15.0,780.0,52.0,,
0.4931506849315069,basic_sir,3.1431058550195005e-07,1.4260681216697639e-11,0.999999685675154,15.0,780.0,52.0,,
0.4958904109589041,basic_sir,3.1431058549302253e-07,1.2367117498584772e-11,0.9999996856770474,15.0,780.0,52.0,,
0.4986301369863014,basic_sir,3.143105854852804e-07,1.072498521632471e-11,0.9999996856786896,15.0,780.0,52.0,,
0.5013698630136987,basic_sir,3.143105854785663e-07,9.300898766713113e-12,0.9999996856801137,15.0,780.0,52.0,,
0.5041095890410959,basic_sir,3.1431058547274366e-07,8.065905558263351e-12,0.9999996856813487,15.0,780.0,52.0,,
0.5068493150684932,basic_sir,3.143105854676942e-07,6.994897386439898e-12,0.9999996856824197,15.0,780.0,52.0,,
0.5095890410958904,basic_sir,3.143105854633152e-07,6.066099967746014e-12,0.9999996856833485,15.0,780.0,52.0,,
0.5123287671232877,basic_sir,3.143105854595176e-07,5.26063025456569e-12,0.999999685684154,15.0,780.0,52.0,,
0.5150684931506849,basic_sir,3.143105854562243e-07,4.562112530686633e-12,0.9999996856848525,15.0,780.0,52.0,,
0.5178082191780822,basic_sir,3.143105854533683e-07,3.956345482479889e-12,0.9999996856854583,15.0,780.0,52.0,,
0.5205479452054794,basic_sir,3.1431058545089154e-07,3.4310134770794835e-12,0.9999996856859836,15.0,780.0,52.0,,
0.5232876712328767,basic_sir,3.143105854487436e-07,2.9754361776621935e-12,0.9999996856864393,15.0,780.0,52.0,,
0.526027397260274,basic_sir,3.1431058544688094e-07,2.5803514053453708e-12,0.9999996856868344,15.0,780.0,52.0,,
0.5287671232876713,basic_sir,3.1431058544526554e-07,2.2377268331459355e-12,0.999999685687177,15.0,780.0,52.0,,
0.5315068493150685,basic_sir,3.1431058544386466e-07,1.940596683617638e-12,0.9999996856874742,15.0,780.0,52.0,,
0.5342465753424658,basic_sir,3.1431058544264975e-07,1.6829201101250668e-12,0.9999996856877319,15.0,780.0,52.0,,
0.536986301369863,basic_sir,3.143105854415962e-07,1.4594583825545735e-12,0.9999996856879554,15.0,780.0,52.0,,
0.5397260273972603,basic_sir,3.1431058544068257e-07,1.2656683805688901e-12,0.9999996856881492,15.0,780.0,52.0,,
0.5424657534246575,basic_sir,3.143105854398902e-07,1.0976102290549395e-12,0.9999996856883173,15.0,780.0,52.0,,
0.5452054794520548,basic_sir,3.1431058543920307e-07,9.518671979342084e-13,0.9999996856884631,15.0,780.0,52.0,,
0.547945205479452,basic_sir,3.143105854386072e-07,8.254762378474246e-13,0.9999996856885894,15.0,780.0,52.0,,
0.5506849315068493,basic_sir,3.143105854380904e-07,7.158677394594241e-13,0.999999685688699,15.0,780.0,52.0,,
0.5534246575342466,basic_sir,3.1431058543764225e-07,6.208132916522108e-13,0.999999685688794,15.0,780.0,52.0,,
0.5561643835616439,basic_sir,3.143105854372536e-07,5.383803764967684e-13,0.9999996856888764,15.0,780.0,52.0,,
0.5589041095890411,basic_sir,3.1431058543691655e-07,4.668930799232668e-13,0.9999996856889478,15.0,780.0,52.0,,
0.5616438356164384,basic_sir,3.1431058543662427e-07,4.048980193124526e-13,0.9999996856890098,15.0,780.0,52.0,,
0.5643835616438356,basic_sir,3.143105854363708e-07,3.5113479529422653e-13,0.9999996856890636,15.0,780.0,52.0,,
0.5671232876712329,basic_sir,3.14310585436151e-07,3.0451036701953664e-13,0.9999996856891102,15.0,780.0,52.0,,
0.5698630136986301,basic_sir,3.1431058543596036e-07,2.6407682993841296e-13,0.9999996856891508,15.0,780.0,52.0,,
0.5726027397260274,basic_sir,3.1431058543579503e-07,2.2901214429210994e-13,0.9999996856891858,15.0,780.0,52.0,,
0.5753424657534246,basic_sir,3.1431058543565167e-07,1.9860342251723323e-13,0.9999996856892163,15.0,780.0,52.0,,
0.5780821917808219,basic_sir,3.1431058543552737e-07,1.722324357840511e-13,0.9999996856892427,15.0,780.0,52.0,,
0.5808219178082192,basic_sir,3.1431058543541953e-07,1.4936304500761111e-13,0.9999996856892656,15.0,780.0,52.0,,
0.5835616438356165,basic_sir,3.14310585435326e-07,1.2953030079605746e-13,0.9999996856892853,15.0,780.0,52.0,,
0.5863013698630137,basic_sir,3.143105854352449e-07,1.1233099073108854e-13,0.9999996856893025,15.0,780.0,52.0,,
0.589041095890411,basic_sir,3.143105854351745e-07,9.741544180071853e-14,0.9999996856893175,15.0,780.0,52.0,,
0.5917808219178082,basic_sir,3.143105854351136e-07,8.448041132252567e-14,0.9999996856893304,15.0,780.0,52.0,,
0.5945205479452055,basic_sir,3.143105854350607e-07,7.326292182530021e-14,0.9999996856893416,15.0,780.0,52.0,,
0.5972602739726027,basic_sir,3.143105854350148e-07,6.353491454827805e-14,0.9999996856893513,15.0,780.0,52.0,,
0.6,basic_sir,3.1431058543497505e-07,5.509861286016834e-14,0.9999996856893597,15.0,780.0,52.0,,
0.6027397260273972,basic_sir,3.143105854349406e-07,4.7782501333308024e-14,0.999999685689367,15.0,780.0,52.0,,
0.6054794520547945,basic_sir,3.1431058543491067e-07,4.143783872494041e-14,0.9999996856893735,15.0,780.0,52.0,,
0.6082191780821918,basic_sir,3.1431058543488473e-07,3.5935633972288856e-14,0.999999685689379,15.0,780.0,52.0,,
0.6109589041095891,basic_sir,3.1431058543486223e-07,3.116402372146607e-14,0.9999996856893838,15.0,780.0,52.0,,
0.6136986301369863,basic_sir,3.143105854348427e-07,2.7025998073695355e-14,0.9999996856893879,15.0,780.0,52.0,,
0.6164383561643836,basic_sir,3.143105854348258e-07,2.3437428311809287e-14,0.9999996856893916,15.0,780.0,52.0,,
0.6191780821917808,basic_sir,3.143105854348111e-07,2.0325356509436398e-14,0.9999996856893948,15.0,780.0,52.0,,
0.6219178082191781,basic_sir,3.143105854347984e-07,1.7626512249534308e-14,0.9999996856893976,15.0,780.0,52.0,,
0.6246575342465753,basic_sir,3.143105854347873e-07,1.528602629620484e-14,0.9999996856893999,15.0,780.0,52.0,,
0.6273972602739726,basic_sir,3.1431058543477774e-07,1.3256315067913631e-14,0.9999996856894019,15.0,780.0,52.0,,
0.6301369863013698,basic_sir,3.1431058543476943e-07,1.1496113232738817e-14,0.9999996856894037,15.0,780.0,52.0,,
0.6328767123287671,basic_sir,3.1431058543476223e-07,9.96963475768933e-15,0.9999996856894052,15.0,780.0,52.0,,
0.6356164383561644,basic_sir,3.14310585434756e-07,8.645845355686988e-15,0.9999996856894066,15.0,780.0,52.0,,
0.6383561643835617,basic_sir,3.143105854347506e-07,7.497831538592863e-15,0.9999996856894077,15.0,780.0,52.0,,
0.6410958904109589,basic_sir,3.1431058543474587e-07,6.502253448720268e-15,0.9999996856894087,15.0,780.0,52.0,,
0.6438356164383562,basic_sir,3.143105854347418e-07,5.638870344548883e-15,0.9999996856894096,15.0,780.0,52.0,,
0.6465753424657534,basic_sir,3.1431058543473825e-07,4.890129093459267e-15,0.9999996856894102,15.0,780.0,52.0,,
0.6493150684931507,basic_sir,3.143105854347352e-07,4.240807305281259e-15,0.9999996856894109,15.0,780.0,52.0,,
0.6520547945205479,basic_sir,3.1431058543473253e-07,3.677703851332222e-15,0.9999996856894114,15.0,780.0,52.0,,
0.6547945205479452,basic_sir,3.143105854347302e-07,3.189370476998558e-15,0.9999996856894119,15.0,780.0,52.0,,
0.6575342465753424,basic_sir,3.143105854347282e-07,2.7658790513720252e-15,0.9999996856894123,15.0,780.0,52.0,,
0.6602739726027397,basic_sir,3.1431058543472644e-07,2.3986197219765864e-15,0.9999996856894128,15.0,780.0,52.0,,
0.663013698630137,basic_sir,3.143105854347249e-07,2.080125870941832e-15,0.999999685689413,15.0,780.0,52.0,,
0.6657534246575343,basic_sir,3.143105854347236e-07,1.8039223138697172e-15,0.9999996856894132,15.0,780.0,52.0,,
0.6684931506849315,basic_sir,3.1431058543472247e-07,1.5643936551799523e-15,0.9999996856894134,15.0,780.0,52.0,,
0.6712328767123288,basic_sir,3.1431058543472147e-07,1.3566701235140008e-15,0.9999996856894137,15.0,780.0,52.0,,
0.673972602739726,basic_sir,3.143105854347206e-07,1.1765285661579696e-15,0.9999996856894139,15.0,780.0,52.0,,
0.6767123287671233,basic_sir,3.143105854347199e-07,1.0203065896375528e-15,0.9999996856894141,15.0,780.0,52.0,,
0.6794520547945205,basic_sir,3.1431058543471924e-07,8.848281009082082e-16,0.9999996856894143,15.0,780.0,52.0,,
0.6821917808219178,basic_sir,3.143105854347187e-07,7.673387353451732e-16,0.9999996856894146,15.0,780.0,52.0,,
0.684931506849315,basic_sir,3.1431058543471824e-07,6.6544985874291605e-16,0.9999996856894146,15.0,780.0,52.0,,
0.6876712328767123,basic_sir,3.143105854347178e-07,5.770900048487333e-16,0.9999996856894146,15.0,780.0,52.0,,
0.6904109589041096,basic_sir,3.1431058543471744e-07,5.004627611243811e-16,0.9999996856894146,15.0,780.0,52.0,,
0.6931506849315069,basic_sir,3.143105854347171e-07,4.340102465262625e-16,0.9999996856894146,15.0,780.0,52.0,,
0.6958904109589041,basic_sir,3.1431058543471686e-07,3.7638143878395864e-16,0.9999996856894146,15.0,780.0,52.0,,
0.6986301369863014,basic_sir,3.1431058543471665e-07,3.2640470725040957e-16,0.9999996856894146,15.0,780.0,52.0,,
0.7013698630136986,basic_sir,3.1431058543471644e-07,2.830639928989142e-16,0.9999996856894146,15.0,780.0,52.0,,
0.7041095890410959,basic_sir,3.143105854347162e-07,2.454781511910196e-16,0.9999996856894146,15.0,780.0,52.0,,
0.7068493150684931,basic_sir,3.1431058543471607e-07,2.1288303784254373e-16,0.9999996856894146,15.0,780.0,52.0,,
0.7095890410958904,basic_sir,3.1431058543471596e-07,1.8461597327985676e-16,0.9999996856894146,15.0,780.0,52.0,,
0.7123287671232876,basic_sir,3.1431058543471586e-07,1.6010226993884732e-16,0.9999996856894146,15.0,780.0,52.0,,
0.715068493150685,basic_sir,3.1431058543471575e-07,1.3884354849791398e-16,0.9999996856894146,15.0,780.0,52.0,,
0.7178082191780822,basic_sir,3.1431058543471564e-07,1.20407605506505e-16,0.9999996856894146,15.0,780.0,52.0,,
0.7205479452054795,basic_sir,3.1431058543471554e-07,1.0441962641157906e-16,0.9999996856894146,15.0,780.0,52.0,,
0.7232876712328767,basic_sir,3.1431058543471543e-07,9.055456533719276e-17,0.9999996856894146,15.0,780.0,52.0,,
0.726027397260274,basic_sir,3.143105854347153e-07,7.853053669323033e-17,0.9999996856894146,15.0,780.0,52.0,,
0.7287671232876712,basic_sir,3.143105854347153e-07,6.810308426044482e-17,0.9999996856894146,15.0,780.0,52.0,,
0.7315068493150685,basic_sir,3.143105854347153e-07,5.906021123863103e-17,0.9999996856894146,15.0,780.0,52.0,,
0.7342465753424657,basic_sir,3.143105854347153e-07,5.121807021561956e-17,0.9999996856894146,15.0,780.0,52.0,,
0.736986301369863,basic_sir,3.143105854347153e-07,4.441722543139589e-17,0.9999996856894146,15.0,780.0,52.0,,
0.7397260273972602,basic_sir,3.143105854347153e-07,3.8519411346774747e-17,0.9999996856894146,15.0,780.0,52.0,,
0.7424657534246576,basic_sir,3.143105854347153e-07,3.34047216162507e-17,0.9999996856894146,15.0,780.0,52.0,,
0.7452054794520548,basic_sir,3.143105854347153e-07,2.896917131504e-17,0.9999996856894146,15.0,780.0,52.0,,
0.7479452054794521,basic_sir,3.143105854347153e-07,2.512258285882187e-17,0.9999996856894146,15.0,780.0,52.0,,
0.7506849315068493,basic_sir,3.143105854347153e-07,2.178675263557497e-17,0.9999996856894146,15.0,780.0,52.0,,
0.7534246575342466,basic_sir,3.143105854347153e-07,1.889386107595437e-17,0.9999996856894146,15.0,780.0,52.0,,
0.7561643835616438,basic_sir,3.143105854347153e-07,1.6385093837920768e-17,0.9999996856894146,15.0,780.0,52.0,,
0.7589041095890411,basic_sir,3.143105854347153e-07,1.4209446073420335e-17,0.9999996856894146,15.0,780.0,52.0,,
0.7616438356164383,basic_sir,3.143105854347153e-07,1.2322685467089296e-17,0.9999996856894146,15.0,780.0,52.0,,
0.7643835616438356,basic_sir,3.143105854347153e-07,1.0686452964894675e-17,0.9999996856894146,15.0,780.0,52.0,,
0.7671232876712328,basic_sir,3.143105854347153e-07,9.267482909947314e-18,0.9999996856894146,15.0,780.0,52.0,,
0.7698630136986302,basic_sir,3.143105854347153e-07,8.036926730347663e-18,0.9999996856894146,15.0,780.0,52.0,,
0.7726027397260274,basic_sir,3.143105854347153e-07,6.969766429204491e-18,0.9999996856894146,15.0,780.0,52.0,,
0.7753424657534247,basic_sir,3.143105854347153e-07,6.044305952701468e-18,0.9999996856894146,15.0,780.0,52.0,,
0.7780821917808219,basic_sir,3.143105854347153e-07,5.2417300953989426e-18,0.9999996856894146,15.0,780.0,52.0,,
0.7808219178082192,basic_sir,3.143105854347153e-07,4.54572197503187e-18,0.9999996856894146,15.0,780.0,52.0,,
0.7835616438356164,basic_sir,3.143105854347153e-07,3.942131299821335e-18,0.9999996856894146,15.0,780.0,52.0,,
0.7863013698630137,basic_sir,3.143105854347153e-07,3.4186866839611538e-18,0.9999996856894146,15.0,780.0,52.0,,
0.7890410958904109,basic_sir,3.143105854347153e-07,2.9647461624687653e-18,0.9999996856894146,15.0,780.0,52.0,,
0.7917808219178082,basic_sir,3.143105854347153e-07,2.5710808332072197e-18,0.9999996856894146,15.0,780.0,52.0,,
0.7945205479452054,basic_sir,3.143105854347153e-07,2.229687227381705e-18,0.9999996856894146,15.0,780.0,52.0,,
0.7972602739726028,basic_sir,3.143105854347153e-07,1.9336245938823816e-18,0.9999996856894146,15.0,780.0,52.0,,
0.8,basic_sir,3.143105854347153e-07,1.6768737893598547e-18,0.9999996856894146,15.0,780.0,52.0,,
0.8027397260273973,basic_sir,3.143105854347153e-07,1.4542149051777736e-18,0.9999996856894146,15.0,780.0,52.0,,
0.8054794520547945,basic_sir,3.143105854347153e-07,1.2611211433202147e-18,0.9999996856894146,15.0,780.0,52.0,,
0.8082191780821918,basic_sir,3.143105854347153e-07,1.0936667836827462e-18,0.9999996856894146,15.0,780.0,52.0,,
0.810958904109589,basic_sir,3.143105854347153e-07,9.484473716632122e-19,0.9999996856894146,15.0,780.0,52.0,,
0.8136986301369863,basic_sir,3.143105854347153e-07,8.225105034147219e-19,0.9999996856894146,15.0,780.0,52.0,,
0.8164383561643835,basic_sir,3.143105854347153e-07,7.132958015806159e-19,0.9999996856894146,15.0,780.0,52.0,,
0.8191780821917808,basic_sir,3.143105854347153e-07,6.185828611795776e-19,0.9999996856894146,15.0,780.0,52.0,,
0.821917808219178,basic_sir,3.143105854347153e-07,5.364461073473267e-19,0.9999996856894146,15.0,780.0,52.0,,
0.8246575342465754,basic_sir,3.143105854347153e-07,4.652156471638091e-19,0.9999996856894146,15.0,780.0,52.0,,
0.8273972602739726,basic_sir,3.143105854347153e-07,4.034433196584208e-19,0.9999996856894146,15.0,780.0,52.0,,
0.8301369863013699,basic_sir,3.143105854347153e-07,3.4987325376804074e-19,0.9999996856894146,15.0,780.0,52.0,,
0.8328767123287671,basic_sir,3.143105854347153e-07,3.034163356723233e-19,0.9999996856894146,15.0,780.0,52.0,,
0.8356164383561644,basic_sir,3.143105854347153e-07,2.631280664107436e-19,0.9999996856894146,15.0,780.0,52.0,,
0.8383561643835616,basic_sir,3.143105854347153e-07,2.2818935961255897e-19,0.9999996856894146,15.0,780.0,52.0,,
0.8410958904109589,basic_sir,3.143105854347153e-07,1.978898889452095e-19,0.9999996856894146,15.0,780.0,52.0,,
0.8438356164383561,basic_sir,3.143105854347153e-07,1.716136467240958e-19,0.9999996856894146,15.0,780.0,52.0,,
0.8465753424657534,basic_sir,3.143105854347153e-07,1.4882642008100289e-19,0.9999996856894146,15.0,780.0,52.0,,
0.8493150684931506,basic_sir,3.143105854347153e-07,1.2906493007363624e-19,0.9999996856894146,15.0,780.0,52.0,,
0.852054794520548,basic_sir,3.143105854347153e-07,1.1192741292739603e-19,0.9999996856894146,15.0,780.0,52.0,,
0.8547945205479452,basic_sir,3.143105854347153e-07,9.706545191999374e-20,0.9999996856894146,15.0,780.0,52.0,,
0.8575342465753425,basic_sir,3.143105854347153e-07,8.417689384587308e-20,0.9999996856894146,15.0,780.0,52.0,,
0.8602739726027397,basic_sir,3.143105854347153e-07,7.299970604762463e-20,0.9999996856894146,15.0,780.0,52.0,,
0.863013698630137,basic_sir,3.143105854347153e-07,6.330664912388979e-20,0.9999996856894146,15.0,780.0,52.0,,
0.8657534246575342,basic_sir,3.143105854347153e-07,5.490065700649085e-20,0.9999996856894146,15.0,780.0,52.0,,
0.8684931506849315,basic_sir,3.143105854347153e-07,4.761083048078973e-20,0.9999996856894146,15.0,780.0,52.0,,
0.8712328767123287,basic_sir,3.143105854347153e-07,4.128896269497277e-20,0.9999996856894146,15.0,780.0,52.0,,
0.873972602739726,basic_sir,3.143105854347153e-07,3.5806526019635523e-20,0.9999996856894146,15.0,780.0,52.0,,
0.8767123287671232,basic_sir,3.143105854347153e-07,3.105205899858902e-20,0.9999996856894146,15.0,780.0,52.0,,
0.8794520547945206,basic_sir,3.143105854347153e-07,2.6928900265920375e-20,0.9999996856894146,15.0,780.0,52.0,,
0.8821917808219178,basic_sir,3.143105854347153e-07,2.3353223358387973e-20,0.9999996856894146,15.0,780.0,52.0,,
0.8849315068493151,basic_sir,3.143105854347153e-07,2.0252332469623707e-20,0.9999996856894146,15.0,780.0,52.0,,
0.8876712328767123,basic_sir,3.143105854347153e-07,1.7563184497734664e-20,0.9999996856894146,15.0,780.0,52.0,,
0.8904109589041096,basic_sir,3.143105854347153e-07,1.5231107338580965e-20,0.9999996856894146,15.0,780.0,52.0,,
0.8931506849315068,basic_sir,3.143105854347153e-07,1.3208688366810531e-20,0.9999996856894146,15.0,780.0,52.0,,
0.8958904109589041,basic_sir,3.143105854347153e-07,1.145481050675667e-20,0.9999996856894146,15.0,780.0,52.0,,
0.8986301369863013,basic_sir,3.143105854347153e-07,9.933816295901196e-21,0.9999996856894146,15.0,780.0,52.0,,
0.9013698630136986,basic_sir,3.143105854347153e-07,8.61478294577679e-21,0.9999996856894146,15.0,780.0,52.0,,
0.904109589041096,basic_sir,3.143105854347153e-07,7.470893661831449e-21,0.9999996856894146,15.0,780.0,52.0,,
0.9068493150684932,basic_sir,3.143105854347153e-07,6.478892440784636e-21,0.9999996856894146,15.0,780.0,52.0,,
0.9095890410958904,basic_sir,3.143105854347153e-07,5.618611261154812e-21,0.9999996856894146,15.0,780.0,52.0,,
0.9123287671232877,basic_sir,3.143105854347153e-07,4.872560054439255e-21,0.9999996856894146,15.0,780.0,52.0,,
0.915068493150685,basic_sir,3.143105854347153e-07,4.225571120796376e-21,0.9999996856894146,15.0,780.0,52.0,,
0.9178082191780822,basic_sir,3.143105854347153e-07,3.664490759973442e-21,0.9999996856894146,15.0,780.0,52.0,,
0.9205479452054794,basic_sir,3.143105854347153e-07,3.177911848138512e-21,0.9999996856894146,15.0,780.0,52.0,,
0.9232876712328767,basic_sir,3.143105854347153e-07,2.7559419237319414e-21,0.9999996856894146,15.0,780.0,52.0,,
0.9260273972602739,basic_sir,3.143105854347153e-07,2.3900020673739816e-21,0.9999996856894146,15.0,780.0,52.0,,
0.9287671232876712,basic_sir,3.143105854347153e-07,2.0726524869279135e-21,0.9999996856894146,15.0,780.0,52.0,,
0.9315068493150686,basic_sir,3.143105854347153e-07,1.7974412617511053e-21,0.9999996856894146,15.0,780.0,52.0,,
0.9342465753424658,basic_sir,3.143105854347153e-07,1.558773171007606e-21,0.9999996856894146,15.0,780.0,52.0,,
0.936986301369863,basic_sir,3.143105854347153e-07,1.3517959392375192e-21,0.9999996856894146,15.0,780.0,52.0,,
0.9397260273972603,basic_sir,3.143105854347153e-07,1.1723015864828034e-21,0.9999996856894146,15.0,780.0,52.0,,
0.9424657534246575,basic_sir,3.143105854347153e-07,1.016640877354068e-21,0.9999996856894146,15.0,780.0,52.0,,
0.9452054794520548,basic_sir,3.143105854347153e-07,8.816491297330599e-22,0.9999996856894146,15.0,780.0,52.0,,
0.947945205479452,basic_sir,3.143105854347153e-07,7.64581874754135e-22,0.9999996856894146,15.0,780.0,52.0,,
0.9506849315068493,basic_sir,3.143105854347153e-07,6.630590599908433e-22,0.9999996856894146,15.0,780.0,52.0,,
0.9534246575342465,basic_sir,3.143105854347153e-07,5.75016661462603e-22,0.9999996856894146,15.0,780.0,52.0,,
0.9561643835616438,basic_sir,3.143105854347153e-07,4.986647207025026e-22,0.9999996856894146,15.0,780.0,52.0,,
0.9589041095890412,basic_sir,3.143105854347153e-07,4.3245095375288675e-22,0.9999996856894146,15.0,780.0,52.0,,
0.9616438356164384,basic_sir,3.143105854347153e-07,3.750291922362655e-22,0.9999996856894146,15.0,780.0,52.0,,
0.9643835616438357,basic_sir,3.143105854347153e-07,3.2523201488822454e-22,0.9999996856894146,15.0,780.0,52.0,,
0.9671232876712329,basic_sir,3.143105854347153e-07,2.8204701313389046e-22,0.9999996856894146,15.0,780.0,52.0,,
0.9698630136986301,basic_sir,3.143105854347153e-07,2.445962081718457e-22,0.9999996856894146,15.0,780.0,52.0,,
0.9726027397260274,basic_sir,3.143105854347153e-07,2.121182011016166e-22,0.9999996856894146,15.0,780.0,52.0,,
0.9753424657534246,basic_sir,3.143105854347153e-07,1.8395269319536785e-22,0.9999996856894146,15.0,780.0,52.0,,
0.9780821917808219,basic_sir,3.143105854347153e-07,1.595270616009917e-22,0.9999996856894146,15.0,780.0,52.0,,
0.9808219178082191,basic_sir,3.143105854347153e-07,1.383447175520202e-22,0.9999996856894146,15.0,780.0,52.0,,
0.9835616438356164,basic_sir,3.143105854347153e-07,1.1997501039929687e-22,0.9999996856894146,15.0,780.0,52.0,,
0.9863013698630138,basic_sir,3.143105854347153e-07,1.0404447220689068e-22,0.9999996856894146,15.0,780.0,52.0,,
0.989041095890411,basic_sir,3.143105854347153e-07,9.022922490927288e-23,0.9999996856894146,15.0,780.0,52.0,,
0.9917808219178083,basic_sir,3.143105854347153e-07,7.824839566237874e-23,0.9999996856894146,15.0,780.0,52.0,,
0.9945205479452055,basic_sir,3.143105854347153e-07,6.78584065184287e-23,0.9999996856894146,15.0,780.0,52.0,,
0.9972602739726028,basic_sir,3.143105854347153e-07,5.884802232992316e-23,0.9999996856894146,15.0,780.0,52.0,,
1.0,basic_sir,3.143105854347153e-07,5.103405620352496e-23,0.9999996856894146,15.0,780.0,52.0,,
1.0027397260273974,basic_sir,3.143105854347153e-07,4.425764519294986e-23,0.9999996856894146,15.0,780.0,52.0,,
1.0054794520547945,basic_sir,3.143105854347153e-07,3.8381020513313e-23,0.9999996856894146,15.0,780.0,52.0,,
1.0082191780821919,basic_sir,3.143105854347153e-07,3.328470661331069e-23,0.9999996856894146,15.0,780.0,52.0,,
1.010958904109589,basic_sir,3.143105854347153e-07,2.886509216058756e-23,0.9999996856894146,15.0,780.0,52.0,,
1.0136986301369864,basic_sir,3.143105854347153e-07,2.5032323556849562e-23,0.9999996856894146,15.0,780.0,52.0,,
1.0164383561643835,basic_sir,3.143105854347153e-07,2.1708478156546368e-23,0.9999996856894146,15.0,780.0,52.0,,
1.0191780821917809,basic_sir,3.143105854347153e-07,1.8825980049474697e-23,0.9999996856894146,15.0,780.0,52.0,,
1.021917808219178,basic_sir,3.143105854347153e-07,1.6326226199156474e-23,0.9999996856894146,15.0,780.0,52.0,,
1.0246575342465754,basic_sir,3.143105854347153e-07,1.4158395005494424e-23,0.9999996856894146,15.0,780.0,52.0,,
1.0273972602739727,basic_sir,3.143105854347153e-07,1.2278413069026729e-23,0.9999996856894146,15.0,780.0,52.0,,
1.0301369863013699,basic_sir,3.143105854347153e-07,1.0648059150429352e-23,0.9999996856894146,15.0,780.0,52.0,,
1.0328767123287672,basic_sir,3.143105854347153e-07,9.23418710819022e-24,0.9999996856894146,15.0,780.0,52.0,,
1.0356164383561643,basic_sir,3.143105854347153e-07,8.008052016280278e-24,0.9999996856894146,15.0,780.0,52.0,,
1.0383561643835617,basic_sir,3.143105854347153e-07,6.944725761358143e-24,0.9999996856894146,15.0,780.0,52.0,,
1.0410958904109588,basic_sir,3.143105854347153e-07,6.022590238228045e-24,0.9999996856894146,15.0,780.0,52.0,,
1.0438356164383562,basic_sir,3.143105854347153e-07,5.222897839886175e-24,0.9999996856894146,15.0,780.0,52.0,,
1.0465753424657533,basic_sir,3.143105854347153e-07,4.529390306638869e-24,0.9999996856894146,15.0,780.0,52.0,,
1.0493150684931507,basic_sir,3.143105854347153e-07,3.9279681852480985e-24,0.9999996856894146,15.0,780.0,52.0,,
1.052054794520548,basic_sir,3.143105854347153e-07,3.4064041779986525e-24,0.9999996856894146,15.0,780.0,52.0,,
1.0547945205479452,basic_sir,3.143105854347153e-07,2.9540945538880178e-24,0.9999996856894146,15.0,780.0,52.0,,
1.0575342465753426,basic_sir,3.143105854347153e-07,2.5618435679696372e-24,0.9999996856894146,15.0,780.0,52.0,,
1.0602739726027397,basic_sir,3.143105854347153e-07,2.221676505956642e-24,0.9999996856894146,15.0,780.0,52.0,,
1.063013698630137,basic_sir,3.143105854347153e-07,1.9266775531620423e-24,0.9999996856894146,15.0,780.0,52.0,,
1.0657534246575342,basic_sir,3.143105854347153e-07,1.670849191547854e-24,0.9999996856894146,15.0,780.0,52.0,,
1.0684931506849316,basic_sir,3.143105854347153e-07,1.4489902663340407e-24,0.9999996856894146,15.0,780.0,52.0,,
1.0712328767123287,basic_sir,3.143105854347153e-07,1.2565902431839466e-24,0.9999996856894146,15.0,780.0,52.0,,
1.073972602739726,basic_sir,3.143105854347153e-07,1.0897375061462664e-24,0.9999996856894146,15.0,780.0,52.0,,
1.0767123287671232,basic_sir,3.143105854347153e-07,9.45039831992441e-25,0.9999996856894146,15.0,780.0,52.0,,
1.0794520547945206,basic_sir,3.143105854347153e-07,8.195554241412129e-25,0.9999996856894146,15.0,780.0,52.0,,
1.082191780821918,basic_sir,3.143105854347153e-07,7.107331040461961e-25,0.9999996856894146,15.0,780.0,52.0,,
1.084931506849315,basic_sir,3.143105854347153e-07,6.16360444098664e-25,0.9999996856894146,15.0,780.0,52.0,,
1.0876712328767124,basic_sir,3.143105854347153e-07,5.345187875543296e-25,0.9999996856894146,15.0,780.0,52.0,,
1.0904109589041096,basic_sir,3.143105854347153e-07,4.63544241010409e-25,0.9999996856894146,15.0,780.0,52.0,,
1.093150684931507,basic_sir,3.143105854347153e-07,4.0199384638481673e-25,0.9999996856894146,15.0,780.0,52.0,,
1.095890410958904,basic_sir,3.143105854347153e-07,3.4861624465232597e-25,0.9999996856894146,15.0,780.0,52.0,,
1.0986301369863014,basic_sir,3.143105854347153e-07,3.0232623491243396e-25,0.9999996856894146,15.0,780.0,52.0,,
1.1013698630136985,basic_sir,3.143105854347153e-07,2.621827115586176e-25,0.9999996856894146,15.0,780.0,52.0,,
1.104109589041096,basic_sir,3.143105854347153e-07,2.2736953099732927e-25,0.9999996856894146,15.0,780.0,52.0,,
1.1068493150684933,basic_sir,3.143105854347153e-07,1.9717891892497002e-25,0.9999996856894146,15.0,780.0,52.0,,
1.1095890410958904,basic_sir,3.143105854347153e-07,1.709970808220431e-25,0.9999996856894146,15.0,780.0,52.0,,
1.1123287671232878,basic_sir,3.143105854347153e-07,1.4829172311663974e-25,0.9999996856894146,15.0,780.0,52.0,,
1.115068493150685,basic_sir,3.143105854347153e-07,1.286012313145151e-25,0.9999996856894146,15.0,780.0,52.0,,
1.1178082191780823,basic_sir,3.143105854347153e-07,1.1152528508014536e-25,0.9999996856894146,15.0,780.0,52.0,,
1.1205479452054794,basic_sir,3.143105854347153e-07,9.671671946739737e-26,0.9999996856894146,15.0,780.0,52.0,,
1.1232876712328768,basic_sir,3.143105854347153e-07,8.387446683335518e-26,0.9999996856894146,15.0,780.0,52.0,,
1.126027397260274,basic_sir,3.143105854347153e-07,7.273743593992673e-26,0.9999996856894146,15.0,780.0,52.0,,
1.1287671232876713,basic_sir,3.143105854347153e-07,6.307920380139889e-26,0.9999996856894146,15.0,780.0,52.0,,
1.1315068493150684,basic_sir,3.143105854347153e-07,5.470341235982905e-26,0.9999996856894146,15.0,780.0,52.0,,
1.1342465753424658,basic_sir,3.143105854347153e-07,4.74397763996999e-26,0.9999996856894146,15.0,780.0,52.0,,
1.1369863013698631,basic_sir,3.143105854347153e-07,4.1140621540205447e-26,0.9999996856894146,15.0,780.0,52.0,,
1.1397260273972603,basic_sir,3.143105854347153e-07,3.567788192031071e-26,0.9999996856894146,15.0,780.0,52.0,,
1.1424657534246576,basic_sir,3.143105854347153e-07,3.094049653760439e-26,0.9999996856894146,15.0,780.0,52.0,,
1.1452054794520548,basic_sir,3.143105854347153e-07,2.683215130684482e-26,0.9999996856894146,15.0,780.0,52.0,,
1.1479452054794521,basic_sir,3.143105854347153e-07,2.3269320932790376e-26,0.9999996856894146,15.0,780.0,52.0,,
1.1506849315068493,basic_sir,3.143105854347153e-07,2.01795707873441e-26,0.9999996856894146,15.0,780.0,52.0,,
1.1534246575342466,basic_sir,3.143105854347153e-07,1.7500084267074264e-26,0.9999996856894146,15.0,780.0,52.0,,
1.1561643835616437,basic_sir,3.143105854347153e-07,1.5176385691353483e-26,0.9999996856894146,15.0,780.0,52.0,,
1.158904109589041,basic_sir,3.143105854347153e-07,1.3161232776807786e-26,0.9999996856894146,15.0,780.0,52.0,,
1.1616438356164385,basic_sir,3.143105854347153e-07,1.1413656171377348e-26,0.9999996856894146,15.0,780.0,52.0,,
1.1643835616438356,basic_sir,3.143105854347153e-07,9.898126521094682e-27,0.9999996856894146,15.0,780.0,52.0,,
1.167123287671233,basic_sir,3.143105854347153e-07,8.58383213551577e-27,0.9999996856894146,15.0,780.0,52.0,,
1.16986301369863,basic_sir,3.143105854347153e-07,7.444052566279503e-27,0.9999996856894146,15.0,780.0,52.0,,
1.1726027397260275,basic_sir,3.143105854347153e-07,6.455615363242679e-27,0.9999996856894146,15.0,780.0,52.0,,
1.1753424657534246,basic_sir,3.143105854347153e-07,5.59842496369747e-27,0.9999996856894146,15.0,780.0,52.0,,
1.178082191780822,basic_sir,3.143105854347153e-07,4.855054136683769e-27,0.9999996856894146,15.0,780.0,52.0,,
1.180821917808219,basic_sir,3.143105854347153e-07,4.210389676199689e-27,0.9999996856894146,15.0,780.0,52.0,,
1.1835616438356165,basic_sir,3.143105854347153e-07,3.651325140023538e-27,0.9999996856894146,15.0,780.0,52.0,,
1.1863013698630136,basic_sir,3.143105854347153e-07,3.1664943873322725e-27,0.9999996856894146,15.0,780.0,52.0,,
1.189041095890411,basic_sir,3.143105854347153e-07,2.7460404977635144e-27,0.9999996856894146,15.0,780.0,52.0,,
1.1917808219178083,basic_sir,3.143105854347153e-07,2.3814153738987856e-27,0.9999996856894146,15.0,780.0,52.0,,
1.1945205479452055,basic_sir,3.143105854347153e-07,2.0652059529567612e-27,0.9999996856894146,15.0,780.0,52.0,,
1.1972602739726028,basic_sir,3.143105854347153e-07,1.79098349446923e-27,0.9999996856894146,15.0,780.0,52.0,,
1.2,basic_sir,3.143105854347153e-07,1.5531728798616382e-27,0.9999996856894146,15.0,780.0,52.0,,
1.2027397260273973,basic_sir,3.143105854347153e-07,1.3469392667142261e-27,0.9999996856894146,15.0,780.0,52.0,,
1.2054794520547945,basic_sir,3.143105854347153e-07,1.1680897933128328e-27,0.9999996856894146,15.0,780.0,52.0,,
1.2082191780821918,basic_sir,3.143105854347153e-07,1.012988335079169e-27,0.9999996856894146,15.0,780.0,52.0,,
1.210958904109589,basic_sir,3.143105854347153e-07,8.784815798246263e-28,0.9999996856894146,15.0,780.0,52.0,,
1.2136986301369863,basic_sir,3.143105854347153e-07,7.6183491888961265e-28,0.9999996856894146,15.0,780.0,52.0,,
1.2164383561643837,basic_sir,3.143105854347153e-07,6.606768507945357e-28,0.9999996856894146,15.0,780.0,52.0,,
1.2191780821917808,basic_sir,3.143105854347153e-07,5.72950767092676e-28,0.9999996856894146,15.0,780.0,52.0,,
1.2219178082191782,basic_sir,3.143105854347153e-07,4.9687314020053625e-28,0.9999996856894146,15.0,780.0,52.0,,
1.2246575342465753,basic_sir,3.143105854347153e-07,4.308972631374639e-28,0.9999996856894146,15.0,780.0,52.0,,
1.2273972602739727,basic_sir,3.143105854347153e-07,3.7368180398002173e-28,0.9999996856894146,15.0,780.0,52.0,,
1.2301369863013698,basic_sir,3.143105854347153e-07,3.2406353572317303e-28,0.9999996856894146,15.0,780.0,52.0,,
1.2328767123287672,basic_sir,3.143105854347153e-07,2.810336871286823e-28,0.9999996856894146,15.0,780.0,52.0,,
1.2356164383561643,basic_sir,3.143105854347153e-07,2.437174337584546e-28,0.9999996856894146,15.0,780.0,52.0,,
1.2383561643835617,basic_sir,3.143105854347153e-07,2.1135611223222584e-28,0.9999996856894146,15.0,780.0,52.0,,
1.241095890410959,basic_sir,3.143105854347153e-07,1.8329179611416119e-28,0.9999996856894146,15.0,780.0,52.0,,
1.2438356164383562,basic_sir,3.143105854347153e-07,1.5895391984615242e-28,0.9999996856894146,15.0,780.0,52.0,,
1.2465753424657535,basic_sir,3.143105854347153e-07,1.378476787838333e-28,0.9999996856894146,15.0,780.0,52.0,,
1.2493150684931507,basic_sir,3.143105854347153e-07,1.1954396950061158e-28,0.9999996856894146,15.0,780.0,52.0,,
1.252054794520548,basic_sir,3.143105854347153e-07,1.0367066583959774e-28,0.9999996856894146,15.0,780.0,52.0,,
1.2547945205479452,basic_sir,3.143105854347153e-07,8.990505335002011e-29,0.9999996856894146,15.0,780.0,52.0,,
1.2575342465753425,basic_sir,3.143105854347153e-07,7.796726829531505e-29,0.9999996856894146,15.0,780.0,52.0,,
1.2602739726027397,basic_sir,3.143105854347153e-07,6.761460784375753e-29,0.9999996856894146,15.0,780.0,52.0,,
1.263013698630137,basic_sir,3.143105854347153e-07,5.863659576411984e-29,0.9999996856894146,15.0,780.0,52.0,,
1.2657534246575342,basic_sir,3.143105854347153e-07,5.085070330881568e-29,0.9999996856894146,15.0,780.0,52.0,,
1.2684931506849315,basic_sir,3.143105854347153e-07,4.409863828731057e-29,0.9999996856894146,15.0,780.0,52.0,,
1.2712328767123289,basic_sir,3.143105854347153e-07,3.82431268843024e-29,0.9999996856894146,15.0,780.0,52.0,,
1.273972602739726,basic_sir,3.143105854347153e-07,3.3165122794952977e-29,0.9999996856894146,15.0,780.0,52.0,,
1.2767123287671234,basic_sir,3.143105854347153e-07,2.87613869371069e-29,0.9999996856894146,15.0,780.0,52.0,,
1.2794520547945205,basic_sir,3.143105854347153e-07,2.4942388534496185e-29,0.9999996856894146,15.0,780.0,52.0,,
1.2821917808219179,basic_sir,3.143105854347153e-07,2.1630484898595735e-29,0.9999996856894146,15.0,780.0,52.0,,
1.284931506849315,basic_sir,3.143105854347153e-07,1.8758342902937797e-29,0.9999996856894146,15.0,780.0,52.0,,
1.2876712328767124,basic_sir,3.143105854347153e-07,1.6267570057434852e-29,0.9999996856894146,15.0,780.0,52.0,,
1.2904109589041095,basic_sir,3.143105854347153e-07,1.4107527351582265e-29,0.9999996856894146,15.0,780.0,52.0,,
1.2931506849315069,basic_sir,3.143105854347153e-07,1.22342997308734e-29,0.9999996856894146,15.0,780.0,52.0,,
1.2958904109589042,basic_sir,3.143105854347153e-07,1.060980327555852e-29,0.9999996856894146,15.0,780.0,52.0,,
1.2986301369863014,basic_sir,3.143105854347153e-07,9.20101093011373e-30,0.9999996856894146,15.0,780.0,52.0,,
1.3013698630136987,basic_sir,3.143105854347153e-07,7.979281042005443e-30,0.9999996856894146,15.0,780.0,52.0,,
1.3041095890410959,basic_sir,3.143105854347153e-07,6.919775058513187e-30,0.9999996856894146,15.0,780.0,52.0,,
1.3068493150684932,basic_sir,3.143105854347153e-07,6.000952543010824e-30,0.9999996856894146,15.0,780.0,52.0,,
1.3095890410958904,basic_sir,3.143105854347153e-07,5.204133244066183e-30,0.9999996856894146,15.0,780.0,52.0,,
1.3123287671232877,basic_sir,3.143105854347153e-07,4.513117313940014e-30,0.9999996856894146,15.0,780.0,52.0,,
1.3150684931506849,basic_sir,3.143105854347153e-07,3.913855955285054e-30,0.9999996856894146,15.0,780.0,52.0,,
1.3178082191780822,basic_sir,3.143105854347153e-07,3.3941658000791135e-30,0.9999996856894146,15.0,780.0,52.0,,
1.3205479452054794,basic_sir,3.143105854347153e-07,2.943481213934397e-30,0.9999996856894146,15.0,780.0,52.0,,
1.3232876712328767,basic_sir,3.143105854347153e-07,2.55263948996913e-30,0.9999996856894146,15.0,780.0,52.0,,
1.326027397260274,basic_sir,3.143105854347153e-07,2.2136945650963767e-30,0.9999996856894146,15.0,780.0,52.0,,
1.3287671232876712,basic_sir,3.143105854347153e-07,1.919755471461642e-30,0.9999996856894146,15.0,780.0,52.0,,
1.3315068493150686,basic_sir,3.143105854347153e-07,1.664846238643775e-30,0.9999996856894146,15.0,780.0,52.0,,
1.3342465753424657,basic_sir,3.143105854347153e-07,1.4437843983411389e-30,0.9999996856894146,15.0,780.0,52.0,,
1.336986301369863,basic_sir,3.143105854347153e-07,1.2520756214648129e-30,0.9999996856894146,15.0,780.0,52.0,,
1.3397260273972602,basic_sir,3.143105854347153e-07,1.0858223455439357e-30,0.9999996856894146,15.0,780.0,52.0,,
1.3424657534246576,basic_sir,3.143105854347153e-07,9.416445347791273e-31,0.9999996856894146,15.0,780.0,52.0,,
1.3452054794520547,basic_sir,3.143105854347153e-07,8.166109617455198e-31,0.9999996856894146,15.0,780.0,52.0,,
1.347945205479452,basic_sir,3.143105854347153e-07,7.081796136578784e-31,0.9999996856894146,15.0,780.0,52.0,,
1.3506849315068494,basic_sir,3.143105854347153e-07,6.141460116193125e-31,0.9999996856894146,15.0,780.0,52.0,,
1.3534246575342466,basic_sir,3.143105854347153e-07,5.3259839215045024e-31,0.9999996856894146,15.0,780.0,52.0,,
1.356164383561644,basic_sir,3.143105854347153e-07,4.618788398109357e-31,0.9999996856894146,15.0,780.0,52.0,,
1.358904109589041,basic_sir,3.143105854347153e-07,4.005495807145353e-31,0.9999996856894146,15.0,780.0,52.0,,
1.3616438356164384,basic_sir,3.143105854347153e-07,3.4736375166323325e-31,0.9999996856894146,15.0,780.0,52.0,,
1.3643835616438356,basic_sir,3.143105854347153e-07,3.012400506182309e-31,0.9999996856894146,15.0,780.0,52.0,,
1.367123287671233,basic_sir,3.143105854347153e-07,2.612407531354926e-31,0.9999996856894146,15.0,780.0,52.0,,
1.36986301369863,basic_sir,3.143105854347153e-07,2.265526478260056e-31,0.9999996856894146,15.0,780.0,52.0,,
1.3726027397260274,basic_sir,3.143105854347153e-07,1.9647050324630332e-31,0.9999996856894146,15.0,780.0,52.0,,
1.3753424657534246,basic_sir,3.143105854347153e-07,1.703827300906312e-31,0.9999996856894146,15.0,780.0,52.0,,
1.378082191780822,basic_sir,3.143105854347153e-07,1.477589471878281e-31,0.9999996856894146,15.0,780.0,52.0,,
1.3808219178082193,basic_sir,3.143105854347153e-07,1.2813919851173864e-31,0.9999996856894146,15.0,780.0,52.0,,
1.3835616438356164,basic_sir,3.143105854347153e-07,1.1112460197999806e-31,0.9999996856894146,15.0,780.0,52.0,,
1.3863013698630138,basic_sir,3.143105854347153e-07,9.636923992529579e-32,0.9999996856894146,15.0,780.0,52.0,,
1.389041095890411,basic_sir,3.143105854347153e-07,8.357312636720135e-32,0.9999996856894146,15.0,780.0,52.0,,
1.3917808219178083,basic_sir,3.143105854347153e-07,7.247610810464414e-32,0.9999996856894146,15.0,780.0,52.0,,
1.3945205479452054,basic_sir,3.143105854347153e-07,6.285257563438004e-32,0.9999996856894146,15.0,780.0,52.0,,
1.3972602739726028,basic_sir,3.143105854347153e-07,5.450687636498904e-32,0.9999996856894146,15.0,780.0,52.0,,
1.4,basic_sir,3.143105854347153e-07,4.7269336874129833e-32,0.9999996856894146,15.0,780.0,52.0,,
1.4027397260273973,basic_sir,3.143105854347153e-07,4.0992813338963275e-32,0.9999996856894146,15.0,780.0,52.0,,
1.4054794520547946,basic_sir,3.143105854347153e-07,3.554970000780278e-32,0.9999996856894146,15.0,780.0,52.0,,
1.4082191780821918,basic_sir,3.143105854347153e-07,3.082933489328422e-32,0.9999996856894146,15.0,780.0,52.0,,
1.4109589041095891,basic_sir,3.143105854347153e-07,2.673574994314011e-32,0.9999996856894146,15.0,780.0,52.0,,
1.4136986301369863,basic_sir,3.143105854347153e-07,2.3185719948108085e-32,0.9999996856894146,15.0,780.0,52.0,,
1.4164383561643836,basic_sir,3.143105854347153e-07,2.0107070520010728e-32,0.9999996856894146,15.0,780.0,52.0,,
1.4191780821917808,basic_sir,3.143105854347153e-07,1.743721074012536e-32,0.9999996856894146,15.0,780.0,52.0,,
1.4219178082191781,basic_sir,3.143105854347153e-07,1.51218606456341e-32,0.9999996856894146,15.0,780.0,52.0,,
1.4246575342465753,basic_sir,3.143105854347153e-07,1.3113947683145105e-32,0.9999996856894146,15.0,780.0,52.0,,
1.4273972602739726,basic_sir,3.143105854347153e-07,1.1372649693469882e-32,0.9999996856894146,15.0,780.0,52.0,,
1.43013698630137,basic_sir,3.143105854347153e-07,9.86256497092886e-33,0.9999996856894146,15.0,780.0,52.0,,
1.4328767123287671,basic_sir,3.143105854347153e-07,8.552992523953865e-33,0.9999996856894146,15.0,780.0,52.0,,
1.4356164383561645,basic_sir,3.143105854347153e-07,7.417307904225671e-33,0.9999996856894146,15.0,780.0,52.0,,
1.4383561643835616,basic_sir,3.143105854347153e-07,6.43242191455305e-33,0.9999996856894146,15.0,780.0,52.0,,
1.441095890410959,basic_sir,3.143105854347153e-07,5.5783111906746845e-33,0.9999996856894146,15.0,780.0,52.0,,
1.4438356164383561,basic_sir,3.143105854347153e-07,4.837611113413562e-33,0.9999996856894146,15.0,780.0,52.0,,
1.4465753424657535,basic_sir,3.143105854347153e-07,4.195262774824087e-33,0.9999996856894146,15.0,780.0,52.0,,
1.4493150684931506,basic_sir,3.143105854347153e-07,3.638206820929361e-33,0.9999996856894146,15.0,780.0,52.0,,
1.452054794520548,basic_sir,3.143105854347153e-07,3.155117946673031e-33,0.9999996856894146,15.0,780.0,52.0,,
1.4547945205479451,basic_sir,3.143105854347153e-07,2.736174645199379e-33,0.9999996856894146,15.0,780.0,52.0,,
1.4575342465753425,basic_sir,3.143105854347153e-07,2.372859530315275e-33,0.9999996856894146,15.0,780.0,52.0,,
1.4602739726027398,basic_sir,3.143105854347153e-07,2.057786172562734e-33,0.9999996856894146,15.0,780.0,52.0,,
1.463013698630137,basic_sir,3.143105854347153e-07,1.784548928367374e-33,0.9999996856894146,15.0,780.0,52.0,,
1.4657534246575343,basic_sir,3.143105854347153e-07,1.5475927091934137e-33,0.9999996856894146,15.0,780.0,52.0,,
1.4684931506849315,basic_sir,3.143105854347153e-07,1.3421000430286798e-33,0.9999996856894146,15.0,780.0,52.0,,
1.4712328767123288,basic_sir,3.143105854347153e-07,1.1638931320866352e-33,0.9999996856894146,15.0,780.0,52.0,,
1.473972602739726,basic_sir,3.143105854347153e-07,1.0093489154962389e-33,0.9999996856894146,15.0,780.0,52.0,,
1.4767123287671233,basic_sir,3.143105854347153e-07,8.753254101490717e-34,0.9999996856894146,15.0,780.0,52.0,,
1.4794520547945205,basic_sir,3.143105854347153e-07,7.590978321663482e-34,0.9999996856894146,15.0,780.0,52.0,,
1.4821917808219178,basic_sir,3.143105854347153e-07,6.583032002938294e-34,0.9999996856894146,15.0,780.0,52.0,,
1.4849315068493152,basic_sir,3.143105854347153e-07,5.7089229497645395e-34,0.9999996856894146,15.0,780.0,52.0,,
1.4876712328767123,basic_sir,3.143105854347153e-07,4.9508799640957976e-34,0.9999996856894146,15.0,780.0,52.0,,
1.4904109589041097,basic_sir,3.143105854347153e-07,4.293491545528018e-34,0.9999996856894146,15.0,780.0,52.0,,
1.4931506849315068,basic_sir,3.143105854347153e-07,3.7233925656057556e-34,0.9999996856894146,15.0,780.0,52.0,,
1.4958904109589042,basic_sir,3.143105854347153e-07,3.228992546182616e-34,0.9999996856894146,15.0,780.0,52.0,,
1.4986301369863013,basic_sir,3.143105854347153e-07,2.8002400175622506e-34,0.9999996856894146,15.0,780.0,52.0,,
1.5013698630136987,basic_sir,3.143105854347153e-07,2.428418165668158e-34,0.9999996856894146,15.0,780.0,52.0,,
1.5041095890410958,basic_sir,3.143105854347153e-07,2.1059676136194176e-34,0.9999996856894146,15.0,780.0,52.0,,
1.5068493150684932,basic_sir,3.143105854347153e-07,1.8263327347469146e-34,0.9999996856894146,15.0,780.0,52.0,,
1.5095890410958903,basic_sir,3.143105854347153e-07,1.5838283724960265e-34,0.9999996856894146,15.0,780.0,52.0,,
1.5123287671232877,basic_sir,3.143105854347153e-07,1.3735242575449987e-34,0.9999996856894146,15.0,780.0,52.0,,
1.515068493150685,basic_sir,3.143105854347153e-07,1.1911447722655776e-34,0.9999996856894146,15.0,780.0,52.0,,
1.5178082191780822,basic_sir,3.143105854347153e-07,1.0329820246725043e-34,0.9999996856894146,15.0,780.0,52.0,,
1.5205479452054795,basic_sir,3.143105854347153e-07,8.958204645997341e-35,0.9999996856894146,15.0,780.0,52.0,,
1.5232876712328767,basic_sir,3.143105854347153e-07,7.768715095019343e-35,0.9999996856894146,15.0,780.0,52.0,,
1.526027397260274,basic_sir,3.143105854347153e-07,6.737168507815601e-35,0.9999996856894146,15.0,780.0,52.0,,
1.5287671232876712,basic_sir,3.143105854347153e-07,5.842592880230963e-35,0.9999996856894146,15.0,780.0,52.0,,
1.5315068493150685,basic_sir,3.143105854347153e-07,5.066800915625763e-35,0.9999996856894146,15.0,780.0,52.0,,
1.5342465753424657,basic_sir,3.143105854347153e-07,4.394020265463287e-35,0.9999996856894146,15.0,780.0,52.0,,
1.536986301369863,basic_sir,3.143105854347153e-07,3.8105728673409536e-35,0.9999996856894146,15.0,780.0,52.0,,
1.5397260273972604,basic_sir,3.143105854347153e-07,3.3045968612036157e-35,0.9999996856894146,15.0,780.0,52.0,,
1.5424657534246575,basic_sir,3.143105854347153e-07,2.8658054301156104e-35,0.9999996856894146,15.0,780.0,52.0,,
1.5452054794520549,basic_sir,3.143105854347153e-07,2.485277662670388e-35,0.9999996856894146,15.0,780.0,52.0,,
1.547945205479452,basic_sir,3.143105854347153e-07,2.155277185136496e-35,0.9999996856894146,15.0,780.0,52.0,,
1.5506849315068494,basic_sir,3.143105854347153e-07,1.86909487601423e-35,0.9999996856894146,15.0,780.0,52.0,,
1.5534246575342465,basic_sir,3.143105854347153e-07,1.6209124652899076e-35,0.9999996856894146,15.0,780.0,52.0,,
1.5561643835616439,basic_sir,3.143105854347153e-07,1.4056842452721873e-35,0.9999996856894146,15.0,780.0,52.0,,
1.558904109589041,basic_sir,3.143105854347153e-07,1.2190344881165773e-35,0.9999996856894146,15.0,780.0,52.0,,
1.5616438356164384,basic_sir,3.143105854347153e-07,1.0571684844699106e-35,0.9999996856894146,15.0,780.0,52.0,,
1.5643835616438355,basic_sir,3.143105854347153e-07,9.167953945939084e-36,0.9999996856894146,15.0,780.0,52.0,,
1.5671232876712329,basic_sir,3.143105854347153e-07,7.950613434811614e-36,0.9999996856894146,15.0,780.0,52.0,,
1.5698630136986302,basic_sir,3.143105854347153e-07,6.894913997447227e-36,0.9999996856894146,15.0,780.0,52.0,,
1.5726027397260274,basic_sir,3.143105854347153e-07,5.9793925867458156e-36,0.9999996856894146,15.0,780.0,52.0,,
1.5753424657534247,basic_sir,3.143105854347153e-07,5.1854360648541295e-36,0.9999996856894146,15.0,780.0,52.0,,
1.5780821917808219,basic_sir,3.143105854347153e-07,4.49690278612797e-36,0.9999996856894146,15.0,780.0,52.0,,
1.5808219178082192,basic_sir,3.143105854347153e-07,3.8997944271161566e-36,0.9999996856894146,15.0,780.0,52.0,,
1.5835616438356164,basic_sir,3.143105854347153e-07,3.3819713916612154e-36,0.9999996856894146,15.0,780.0,52.0,,
1.5863013698630137,basic_sir,3.143105854347153e-07,2.9329060051180205e-36,0.9999996856894146,15.0,780.0,52.0,,
1.5890410958904109,basic_sir,3.143105854347153e-07,2.543468479972031e-36,0.9999996856894146,15.0,780.0,52.0,,
1.5917808219178082,basic_sir,3.143105854347153e-07,2.205741301399407e-36,0.9999996856894146,15.0,780.0,52.0,,
1.5945205479452056,basic_sir,3.143105854347153e-07,1.9128582591094862e-36,0.9999996856894146,15.0,780.0,52.0,,
1.5972602739726027,basic_sir,3.143105854347153e-07,1.658864852882788e-36,0.9999996856894146,15.0,780.0,52.0,,
1.6,basic_sir,3.143105854347153e-07,1.438597233759961e-36,0.9999996856894146,15.0,780.0,52.0,,
1.6027397260273972,basic_sir,3.143105854347153e-07,1.2475772196784657e-36,0.9999996856894146,15.0,780.0,52.0,,
1.6054794520547946,basic_sir,3.143105854347153e-07,1.0819212511570394e-36,0.9999996856894146,15.0,780.0,52.0,,
1.6082191780821917,basic_sir,3.143105854347153e-07,9.382614360391337e-37,0.9999996856894146,15.0,780.0,52.0,,
1.610958904109589,basic_sir,3.143105854347153e-07,8.1367707808378e-37,0.9999996856894146,15.0,780.0,52.0,,
1.6136986301369862,basic_sir,3.143105854347153e-07,7.0563529733662766e-37,0.9999996856894146,15.0,780.0,52.0,,
1.6164383561643836,basic_sir,3.143105854347153e-07,6.119395350548106e-37,0.9999996856894146,15.0,780.0,52.0,,
1.619178082191781,basic_sir,3.143105854347153e-07,5.306848962580377e-37,0.9999996856894146,15.0,780.0,52.0,,
1.621917808219178,basic_sir,3.143105854347153e-07,4.602194219910674e-37,0.9999996856894146,15.0,780.0,52.0,,
1.6246575342465754,basic_sir,3.143105854347153e-07,3.991105039379229e-37,0.9999996856894146,15.0,780.0,52.0,,
1.6273972602739726,basic_sir,3.143105854347153e-07,3.4611575857543083e-37,0.9999996856894146,15.0,780.0,52.0,,
1.63013698630137,basic_sir,3.143105854347153e-07,3.0015776871880436e-37,0.9999996856894146,15.0,780.0,52.0,,
1.632876712328767,basic_sir,3.143105854347153e-07,2.6030217893883465e-37,0.9999996856894146,15.0,780.0,52.0,,
1.6356164383561644,basic_sir,3.143105854347153e-07,2.2573869951632353e-37,0.9999996856894146,15.0,780.0,52.0,,
1.6383561643835616,basic_sir,3.143105854347153e-07,1.957646327320818e-37,0.9999996856894146,15.0,780.0,52.0,,
1.641095890410959,basic_sir,3.143105854347153e-07,1.6977058657129e-37,0.9999996856894146,15.0,780.0,52.0,,
1.643835616438356,basic_sir,3.143105854347153e-07,1.4722808539275474e-37,0.9999996856894146,15.0,780.0,52.0,,
1.6465753424657534,basic_sir,3.143105854347153e-07,1.2767882567993486e-37,0.9999996856894146,15.0,780.0,52.0,,
1.6493150684931508,basic_sir,3.143105854347153e-07,1.1072535843632881e-37,0.9999996856894146,15.0,780.0,52.0,,
1.652054794520548,basic_sir,3.143105854347153e-07,9.60230087922899e-38,0.9999996856894146,15.0,780.0,52.0,,
1.6547945205479453,basic_sir,3.143105854347153e-07,8.327286854371447e-38,0.9999996856894146,15.0,780.0,52.0,,
1.6575342465753424,basic_sir,3.143105854347153e-07,7.221571915642392e-38,0.9999996856894146,15.0,780.0,52.0,,
1.6602739726027398,basic_sir,3.143105854347153e-07,6.262676168699217e-38,0.9999996856894146,15.0,780.0,52.0,,
1.663013698630137,basic_sir,3.143105854347153e-07,5.431104647595918e-38,0.9999996856894146,15.0,780.0,52.0,,
1.6657534246575343,basic_sir,3.143105854347153e-07,4.709950969613085e-38,0.9999996856894146,15.0,780.0,52.0,,
1.6684931506849314,basic_sir,3.143105854347153e-07,4.084553617647397e-38,0.9999996856894146,15.0,780.0,52.0,,
1.6712328767123288,basic_sir,3.143105854347153e-07,3.5421978621588017e-38,0.9999996856894146,15.0,780.0,52.0,,
1.6739726027397261,basic_sir,3.143105854347153e-07,3.071857262559145e-38,0.9999996856894146,15.0,780.0,52.0,,
1.6767123287671233,basic_sir,3.143105854347153e-07,2.663969492598161e-38,0.9999996856894146,15.0,780.0,52.0,,
1.6794520547945206,basic_sir,3.143105854347153e-07,2.310241932133714e-38,0.9999996856894146,15.0,780.0,52.0,,
1.6821917808219178,basic_sir,3.143105854347153e-07,2.0034830728424018e-38,0.9999996856894146,15.0,780.0,52.0,,
1.6849315068493151,basic_sir,3.143105854347153e-07,1.7374563102396604e-38,0.9999996856894146,15.0,780.0,52.0,,
1.6876712328767123,basic_sir,3.143105854347153e-07,1.506753149508197e-38,0.9999996856894146,15.0,780.0,52.0,,
1.6904109589041096,basic_sir,3.143105854347153e-07,1.3066832473270566e-38,0.9999996856894146,15.0,780.0,52.0,,
1.6931506849315068,basic_sir,3.143105854347153e-07,1.133179054181836e-38,0.9999996856894146,15.0,780.0,52.0,,
1.6958904109589041,basic_sir,3.143105854347153e-07,9.827131184724089e-39,0.9999996856894146,15.0,780.0,52.0,,
1.6986301369863013,basic_sir,3.143105854347153e-07,8.52226371158121e-39,0.9999996856894146,15.0,780.0,52.0,,
1.7013698630136986,basic_sir,3.143105854347153e-07,7.390659329208117e-39,0.9999996856894146,15.0,780.0,52.0,,
1.704109589041096,basic_sir,3.143105854347153e-07,6.409311794257597e-39,0.9999996856894146,15.0,780.0,52.0,,
1.7068493150684931,basic_sir,3.143105854347153e-07,5.558269681524003e-39,0.9999996856894146,15.0,780.0,52.0,,
1.7095890410958905,basic_sir,3.143105854347153e-07,4.820230758664027e-39,0.9999996856894146,15.0,780.0,52.0,,
1.7123287671232876,basic_sir,3.143105854347153e-07,4.180190220709195e-39,0.9999996856894146,15.0,780.0,52.0,,
1.715068493150685,basic_sir,3.143105854347153e-07,3.625135632750427e-39,0.9999996856894146,15.0,780.0,52.0,,
1.7178082191780821,basic_sir,3.143105854347153e-07,3.1437823787854886e-39,0.9999996856894146,15.0,780.0,52.0,,
1.7205479452054795,basic_sir,3.143105854347153e-07,2.7263442382329347e-39,0.9999996856894146,15.0,780.0,52.0,,
1.7232876712328766,basic_sir,3.143105854347153e-07,2.3643344257872957e-39,0.9999996856894146,15.0,780.0,52.0,,
1.726027397260274,basic_sir,3.143105854347153e-07,2.0503930496267983e-39,0.9999996856894146,15.0,780.0,52.0,,
1.7287671232876713,basic_sir,3.143105854347153e-07,1.778137480089333e-39,0.9999996856894146,15.0,780.0,52.0,,
1.7315068493150685,basic_sir,3.143105854347153e-07,1.542032586715005e-39,0.9999996856894146,15.0,780.0,52.0,,
1.7342465753424658,basic_sir,3.143105854347153e-07,1.3372782054914442e-39,0.9999996856894146,15.0,780.0,52.0,,
1.736986301369863,basic_sir,3.143105854347153e-07,1.1597115484388592e-39,0.9999996856894146,15.0,780.0,52.0,,
1.7397260273972603,basic_sir,3.143105854347153e-07,1.0057225714586326e-39,0.9999996856894146,15.0,780.0,52.0,,
1.7424657534246575,basic_sir,3.143105854347153e-07,8.721805798200188e-40,0.9999996856894146,15.0,780.0,52.0,,
1.7452054794520548,basic_sir,3.143105854347153e-07,7.563705791269142e-40,0.9999996856894146,15.0,780.0,52.0,,
1.747945205479452,basic_sir,3.143105854347153e-07,6.559380777394136e-40,0.9999996856894146,15.0,780.0,52.0,,
1.7506849315068493,basic_sir,3.143105854347153e-07,5.688412184476017e-40,0.9999996856894146,15.0,780.0,52.0,,
1.7534246575342465,basic_sir,3.143105854347153e-07,4.9330926620409675e-40,0.9999996856894146,15.0,780.0,52.0,,
1.7561643835616438,basic_sir,3.143105854347153e-07,4.2780660794403725e-40,0.9999996856894146,15.0,780.0,52.0,,
1.7589041095890412,basic_sir,3.143105854347153e-07,3.710015325859762e-40,0.9999996856894146,15.0,780.0,52.0,,
1.7616438356164383,basic_sir,3.143105854347153e-07,3.2173915649089305e-40,0.9999996856894146,15.0,780.0,52.0,,
1.7643835616438357,basic_sir,3.143105854347153e-07,2.7901794393660966e-40,0.9999996856894146,15.0,780.0,52.0,,
1.7671232876712328,basic_sir,3.143105854347153e-07,2.419693452538083e-40,0.9999996856894146,15.0,780.0,52.0,,
1.7698630136986302,basic_sir,3.143105854347153e-07,2.0984013865379868e-40,0.9999996856894146,15.0,780.0,52.0,,
1.7726027397260273,basic_sir,3.143105854347153e-07,1.819771167461674e-40,0.9999996856894146,15.0,780.0,52.0,,
1.7753424657534247,basic_sir,3.143105854347153e-07,1.5781380641328688e-40,0.9999996856894146,15.0,780.0,52.0,,
1.7780821917808218,basic_sir,3.143105854347153e-07,1.3685895204829482e-40,0.9999996856894146,15.0,780.0,52.0,,
1.7808219178082192,basic_sir,3.143105854347153e-07,1.186865280133074e-40,0.9999996856894146,15.0,780.0,52.0,,
1.7835616438356166,basic_sir,3.143105854347153e-07,1.0292707726479417e-40,0.9999996856894146,15.0,780.0,52.0,,
1.7863013698630137,basic_sir,3.143105854347153e-07,8.926020005476283e-41,0.9999996856894146,15.0,780.0,52.0,,
1.789041095890411,basic_sir,3.143105854347153e-07,7.740803999825035e-41,0.9999996856894146,15.0,780.0,52.0,,
1.7917808219178082,basic_sir,3.143105854347153e-07,6.712963507469831e-41,0.9999996856894146,15.0,780.0,52.0,,
1.7945205479452055,basic_sir,3.143105854347153e-07,5.821601871541989e-41,0.9999996856894146,15.0,780.0,52.0,,
1.7972602739726027,basic_sir,3.143105854347153e-07,5.048597137915231e-41,0.9999996856894146,15.0,780.0,52.0,,
1.8,basic_sir,3.143105854347153e-07,4.3782336242472005e-41,0.9999996856894146,15.0,780.0,52.0,,
1.8027397260273972,basic_sir,3.143105854347153e-07,3.796882410071765e-41,0.9999996856894146,15.0,780.0,52.0,,
1.8054794520547945,basic_sir,3.143105854347153e-07,3.2927242520985776e-41,0.9999996856894146,15.0,780.0,52.0,,
1.808219178082192,basic_sir,3.143105854347153e-07,2.8555092914118485e-41,0.9999996856894146,15.0,780.0,52.0,,
1.810958904109589,basic_sir,3.143105854347153e-07,2.4763486672601514e-41,0.9999996856894146,15.0,780.0,52.0,,
1.8136986301369864,basic_sir,3.143105854347153e-07,2.1475338008124867e-41,0.9999996856894146,15.0,780.0,52.0,,
1.8164383561643835,basic_sir,3.143105854347153e-07,1.8623796748035552e-41,0.9999996856894146,15.0,780.0,52.0,,
1.819178082191781,basic_sir,3.143105854347153e-07,1.615088922842154e-41,0.9999996856894146,15.0,780.0,52.0,,
1.821917808219178,basic_sir,3.143105854347153e-07,1.400633965231932e-41,0.9999996856894146,15.0,780.0,52.0,,
1.8246575342465754,basic_sir,3.143105854347153e-07,1.2146547950493438e-41,0.9999996856894146,15.0,780.0,52.0,,
1.8273972602739725,basic_sir,3.143105854347153e-07,1.0533703364048224e-41,0.9999996856894146,15.0,780.0,52.0,,
1.83013698630137,basic_sir,3.143105854347153e-07,9.135015727431598e-42,0.9999996856894146,15.0,780.0,52.0,,
1.832876712328767,basic_sir,3.143105854347153e-07,7.922048823326023e-42,0.9999996856894146,15.0,780.0,52.0,,
1.8356164383561644,basic_sir,3.143105854347153e-07,6.870142256099409e-42,0.9999996856894146,15.0,780.0,52.0,,
1.8383561643835618,basic_sir,3.143105854347153e-07,5.957910090135816e-42,0.9999996856894146,15.0,780.0,52.0,,
1.841095890410959,basic_sir,3.143105854347153e-07,5.166806060038729e-42,0.9999996856894146,15.0,780.0,52.0,,
1.8438356164383563,basic_sir,3.143105854347153e-07,4.4807465131525796e-42,0.9999996856894146,15.0,780.0,52.0,,
1.8465753424657534,basic_sir,3.143105854347153e-07,3.8857834185823376e-42,0.9999996856894146,15.0,780.0,52.0,,
1.8493150684931507,basic_sir,3.143105854347153e-07,3.369820794773243e-42,0.9999996856894146,15.0,780.0,52.0,,
1.8520547945205479,basic_sir,3.143105854347153e-07,2.922368790443096e-42,0.9999996856894146,15.0,780.0,52.0,,
1.8547945205479452,basic_sir,3.143105854347153e-07,2.534330419173053e-42,0.9999996856894146,15.0,780.0,52.0,,
1.8575342465753424,basic_sir,3.143105854347153e-07,2.1978166118356657e-42,0.9999996856894146,15.0,780.0,52.0,,
1.8602739726027397,basic_sir,3.143105854347153e-07,1.9059858267561254e-42,0.9999996856894146,15.0,780.0,52.0,,
1.863013698630137,basic_sir,3.143105854347153e-07,1.6529049567793783e-42,0.9999996856894146,15.0,780.0,52.0,,
1.8657534246575342,basic_sir,3.143105854347153e-07,1.4334287053937504e-42,0.9999996856894146,15.0,780.0,52.0,,
1.8684931506849316,basic_sir,3.143105854347153e-07,1.24309497955062e-42,0.9999996856894146,15.0,780.0,52.0,,
1.8712328767123287,basic_sir,3.143105854347153e-07,1.0780341724491263e-42,0.9999996856894146,15.0,780.0,52.0,,
1.873972602739726,basic_sir,3.143105854347153e-07,9.348904919463034e-43,0.9999996856894146,15.0,780.0,52.0,,
1.8767123287671232,basic_sir,3.143105854347153e-07,8.10753735149205e-43,0.9999996856894146,15.0,780.0,52.0,,
1.8794520547945206,basic_sir,3.143105854347153e-07,7.031001221222536e-43,0.9999996856894146,15.0,780.0,52.0,,
1.8821917808219177,basic_sir,3.143105854347153e-07,6.097409858214926e-43,0.9999996856894146,15.0,780.0,52.0,,
1.884931506849315,basic_sir,3.143105854347153e-07,5.287782750888448e-43,0.9999996856894146,15.0,780.0,52.0,,
1.8876712328767122,basic_sir,3.143105854347153e-07,4.5856596605397736e-43,0.9999996856894146,15.0,780.0,52.0,,
1.8904109589041096,basic_sir,3.143105854347153e-07,3.976765974125612e-43,0.9999996856894146,15.0,780.0,52.0,,
1.893150684931507,basic_sir,3.143105854347153e-07,3.4487224922186438e-43,0.9999996856894146,15.0,780.0,52.0,,
1.895890410958904,basic_sir,3.143105854347153e-07,2.9907937519380993e-43,0.9999996856894146,15.0,780.0,52.0,,
1.8986301369863015,basic_sir,3.143105854347153e-07,2.593669768099387e-43,0.9999996856894146,15.0,780.0,52.0,,
1.9013698630136986,basic_sir,3.143105854347153e-07,2.249276755240472e-43,0.9999996856894146,15.0,780.0,52.0,,
1.904109589041096,basic_sir,3.143105854347153e-07,1.950612982381489e-43,0.9999996856894146,15.0,780.0,52.0,,
1.906849315068493,basic_sir,3.143105854347153e-07,1.6916064233404954e-43,0.9999996856894146,15.0,780.0,52.0,,
1.9095890410958904,basic_sir,3.143105854347153e-07,1.4669913085440285e-43,0.9999996856894146,15.0,780.0,52.0,,
1.9123287671232876,basic_sir,3.143105854347153e-07,1.2722010685523194e-43,0.9999996856894146,15.0,780.0,52.0,,
1.915068493150685,basic_sir,3.143105854347153e-07,1.1032754927716529e-43,0.9999996856894146,15.0,780.0,52.0,,
1.9178082191780823,basic_sir,3.143105854347153e-07,9.567802158314844e-44,0.9999996856894146,15.0,780.0,52.0,,
1.9205479452054794,basic_sir,3.143105854347153e-07,8.297368947322576e-44,0.9999996856894146,15.0,780.0,52.0,,
1.9232876712328768,basic_sir,3.143105854347153e-07,7.195626572207249e-44,0.9999996856894146,15.0,780.0,52.0,,
1.926027397260274,basic_sir,3.143105854347153e-07,6.240175903394441e-44,0.9999996856894146,15.0,780.0,52.0,,
1.9287671232876713,basic_sir,3.143105854347153e-07,5.411592015587247e-44,0.9999996856894146,15.0,780.0,52.0,,
1.9315068493150684,basic_sir,3.143105854347153e-07,4.693029266568875e-44,0.9999996856894146,15.0,780.0,52.0,,
1.9342465753424658,basic_sir,3.143105854347153e-07,4.06987881448445e-44,0.9999996856894146,15.0,780.0,52.0,,
1.936986301369863,basic_sir,3.143105854347153e-07,3.529471610710751e-44,0.9999996856894146,15.0,780.0,52.0,,
1.9397260273972603,basic_sir,3.143105854347153e-07,3.0608208299664096e-44,0.9999996856894146,15.0,780.0,52.0,,
1.9424657534246577,basic_sir,3.143105854347153e-07,2.654398501103014e-44,0.9999996856894146,15.0,780.0,52.0,,
1.9452054794520548,basic_sir,3.143105854347153e-07,2.301941797336544e-44,0.9999996856894146,15.0,780.0,52.0,,
1.9479452054794522,basic_sir,3.143105854347153e-07,1.9962850476757758e-44,0.9999996856894146,15.0,780.0,52.0,,
1.9506849315068493,basic_sir,3.143105854347153e-07,1.7312140542323584e-44,0.9999996856894146,15.0,780.0,52.0,,
1.9534246575342467,basic_sir,3.143105854347153e-07,1.5013397535893258e-44,0.9999996856894146,15.0,780.0,52.0,,
1.9561643835616438,basic_sir,3.143105854347153e-07,1.3019886536833506e-44,0.9999996856894146,15.0,780.0,52.0,,
1.9589041095890412,basic_sir,3.143105854347153e-07,1.1291078187115396e-44,0.9999996856894146,15.0,780.0,52.0,,
1.9616438356164383,basic_sir,3.143105854347153e-07,9.791824703455544e-45,0.9999996856894146,15.0,780.0,52.0,,
1.9643835616438357,basic_sir,3.143105854347153e-07,8.491645300323281e-45,0.9999996856894146,15.0,780.0,52.0,,
1.9671232876712328,basic_sir,3.143105854347153e-07,7.364106496009503e-45,0.9999996856894146,15.0,780.0,52.0,,
1.9698630136986301,basic_sir,3.143105854347153e-07,6.386284702977898e-45,0.9999996856894146,15.0,780.0,52.0,,
1.9726027397260275,basic_sir,3.143105854347153e-07,5.538300176618857e-45,0.9999996856894146,15.0,780.0,52.0,,
1.9753424657534246,basic_sir,3.143105854347153e-07,4.8029128472825884e-45,0.9999996856894146,15.0,780.0,52.0,,
1.978082191780822,basic_sir,3.143105854347153e-07,4.165171818598485e-45,0.9999996856894146,15.0,780.0,52.0,,
1.9808219178082191,basic_sir,3.143105854347153e-07,3.612111406156954e-45,0.9999996856894146,15.0,780.0,52.0,,
1.9835616438356165,basic_sir,3.143105854347153e-07,3.13248753682369e-45,0.9999996856894146,15.0,780.0,52.0,,
1.9863013698630136,basic_sir,3.143105854347153e-07,2.7165491495168707e-45,0.9999996856894146,15.0,780.0,52.0,,
1.989041095890411,basic_sir,3.143105854347153e-07,2.355839949876904e-45,0.9999996856894146,15.0,780.0,52.0,,
1.9917808219178081,basic_sir,3.143105854347153e-07,2.0430264883751962e-45,0.9999996856894146,15.0,780.0,52.0,,
1.9945205479452055,basic_sir,3.143105854347153e-07,1.771749066578454e-45,0.9999996856894146,15.0,780.0,52.0,,
1.9972602739726029,basic_sir,3.143105854347153e-07,1.5364924403981283e-45,0.9999996856894146,15.0,780.0,52.0,,
2.0,basic_sir,3.143105854347153e-07,1.3324736916383668e-45,0.9999996856894146,15.0,780.0,52.0,,
2.0027397260273974,basic_sir,3.143105854347153e-07,1.1555449881994225e-45,0.9999996856894146,15.0,780.0,52.0,,
2.0054794520547947,basic_sir,3.143105854347153e-07,1.0021092559891226e-45,0.9999996856894146,15.0,780.0,52.0,,
2.0082191780821916,basic_sir,3.143105854347153e-07,8.690470480979564e-46,0.9999996856894146,15.0,780.0,52.0,,
2.010958904109589,basic_sir,3.143105854347153e-07,7.536531244413056e-46,0.9999996856894146,15.0,780.0,52.0,,
2.0136986301369864,basic_sir,3.143105854347153e-07,6.535814524924542e-46,0.9999996856894146,15.0,780.0,52.0,,
2.0164383561643837,basic_sir,3.143105854347153e-07,5.6679751093556836e-46,0.9999996856894146,15.0,780.0,52.0,,
2.0191780821917806,basic_sir,3.143105854347153e-07,4.9153692654164205e-46,0.9999996856894146,15.0,780.0,52.0,,
2.021917808219178,basic_sir,3.143105854347153e-07,4.26269603328345e-46,0.9999996856894146,15.0,780.0,52.0,,
2.0246575342465754,basic_sir,3.143105854347153e-07,3.6966861472677345e-46,0.9999996856894146,15.0,780.0,52.0,,
2.0273972602739727,basic_sir,3.143105854347153e-07,3.2058322631264362e-46,0.9999996856894146,15.0,780.0,52.0,,
2.03013698630137,basic_sir,3.143105854347153e-07,2.780155006369283e-46,0.9999996856894146,15.0,780.0,52.0,,
2.032876712328767,basic_sir,3.143105854347153e-07,2.4110000851705597e-46,0.9999996856894146,15.0,780.0,52.0,,
2.0356164383561643,basic_sir,3.143105854347153e-07,2.090862343061814e-46,0.9999996856894146,15.0,780.0,52.0,,
2.0383561643835617,basic_sir,3.143105854347153e-07,1.8132331742844687e-46,0.9999996856894146,15.0,780.0,52.0,,
2.041095890410959,basic_sir,3.143105854347153e-07,1.5724681996573366e-46,0.9999996856894146,15.0,780.0,52.0,,
2.043835616438356,basic_sir,3.143105854347153e-07,1.3636725127254485e-46,0.9999996856894146,15.0,780.0,52.0,,
2.0465753424657533,basic_sir,3.143105854347153e-07,1.1826011631701867e-46,0.9999996856894146,15.0,780.0,52.0,,
2.0493150684931507,basic_sir,3.143105854347153e-07,1.0255728542451387e-46,0.9999996856894146,15.0,780.0,52.0,,
2.052054794520548,basic_sir,3.143105854347153e-07,8.89395099650479e-47,0.9999996856894146,15.0,780.0,52.0,,
2.0547945205479454,basic_sir,3.143105854347153e-07,7.7129931823762e-47,0.9999996856894146,15.0,780.0,52.0,,
2.0575342465753423,basic_sir,3.143105854347153e-07,6.688845469776259e-47,0.9999996856894146,15.0,780.0,52.0,,
2.0602739726027397,basic_sir,3.143105854347153e-07,5.800686278418536e-47,0.9999996856894146,15.0,780.0,52.0,,
2.063013698630137,basic_sir,3.143105854347153e-07,5.030458761930198e-47,0.9999996856894146,15.0,780.0,52.0,,
2.0657534246575344,basic_sir,3.143105854347153e-07,4.3625037005758296e-47,0.9999996856894146,15.0,780.0,52.0,,
2.0684931506849313,basic_sir,3.143105854347153e-07,3.783241139270535e-47,0.9999996856894146,15.0,780.0,52.0,,
2.0712328767123287,basic_sir,3.143105854347153e-07,3.280894298377202e-47,0.9999996856894146,15.0,780.0,52.0,,
2.073972602739726,basic_sir,3.143105854347153e-07,2.845250144218812e-47,0.9999996856894146,15.0,780.0,52.0,,
2.0767123287671234,basic_sir,3.143105854347153e-07,2.467451751548761e-47,0.9999996856894146,15.0,780.0,52.0,,
2.0794520547945208,basic_sir,3.143105854347153e-07,2.139818236576401e-47,0.9999996856894146,15.0,780.0,52.0,,
2.0821917808219177,basic_sir,3.143105854347153e-07,1.8556885996700955e-47,0.9999996856894146,15.0,780.0,52.0,,
2.084931506849315,basic_sir,3.143105854347153e-07,1.6092863029595594e-47,0.9999996856894146,15.0,780.0,52.0,,
2.0876712328767124,basic_sir,3.143105854347153e-07,1.3956018296139028e-47,0.9999996856894146,15.0,780.0,52.0,,
2.0904109589041098,basic_sir,3.143105854347153e-07,1.2102908371492045e-47,0.9999996856894146,15.0,780.0,52.0,,
2.0931506849315067,basic_sir,3.143105854347153e-07,1.0495858341577255e-47,0.9999996856894146,15.0,780.0,52.0,,
2.095890410958904,basic_sir,3.143105854347153e-07,9.102195847895475e-48,0.9999996856894146,15.0,780.0,52.0,,
2.0986301369863014,basic_sir,3.143105854347153e-07,7.893586837510179e-48,0.9999996856894146,15.0,780.0,52.0,,
2.1013698630136988,basic_sir,3.143105854347153e-07,6.845459513565661e-48,0.9999996856894146,15.0,780.0,52.0,,
2.104109589041096,basic_sir,3.143105854347153e-07,5.936504774887288e-48,0.9999996856894146,15.0,780.0,52.0,,
2.106849315068493,basic_sir,3.143105854347153e-07,5.148242988278736e-48,0.9999996856894146,15.0,780.0,52.0,,
2.1095890410958904,basic_sir,3.143105854347153e-07,4.464648285718556e-48,0.9999996856894146,15.0,780.0,52.0,,
2.1123287671232878,basic_sir,3.143105854347153e-07,3.8718227481788056e-48,0.9999996856894146,15.0,780.0,52.0,,
2.115068493150685,basic_sir,3.143105854347153e-07,3.3577138520111166e-48,0.9999996856894146,15.0,780.0,52.0,,
2.117808219178082,basic_sir,3.143105854347153e-07,2.911869433405925e-48,0.9999996856894146,15.0,780.0,52.0,,
2.1205479452054794,basic_sir,3.143105854347153e-07,2.5252251891938397e-48,0.9999996856894146,15.0,780.0,52.0,,
2.1232876712328768,basic_sir,3.143105854347153e-07,2.1899203937452507e-48,0.9999996856894146,15.0,780.0,52.0,,
2.126027397260274,basic_sir,3.143105854347153e-07,1.8991380853730367e-48,0.9999996856894146,15.0,780.0,52.0,,
2.128767123287671,basic_sir,3.143105854347153e-07,1.6469664731265162e-48,0.9999996856894146,15.0,780.0,52.0,,
2.1315068493150684,basic_sir,3.143105854347153e-07,1.4282787462871254e-48,0.9999996856894146,15.0,780.0,52.0,,
2.1342465753424658,basic_sir,3.143105854347153e-07,1.2386288430164154e-48,0.9999996856894146,15.0,780.0,52.0,,
2.136986301369863,basic_sir,3.143105854347153e-07,1.0741610590652624e-48,0.9999996856894146,15.0,780.0,52.0,,
2.1397260273972605,basic_sir,3.143105854347153e-07,9.315316588319709e-49,0.9999996856894146,15.0,780.0,52.0,,
2.1424657534246574,basic_sir,3.143105854347153e-07,8.078408950715292e-49,0.9999996856894146,15.0,780.0,52.0,,
2.1452054794520548,basic_sir,3.143105854347153e-07,7.005740551730097e-49,0.9999996856894146,15.0,780.0,52.0,,
2.147945205479452,basic_sir,3.143105854347153e-07,6.075503354383881e-49,0.9999996856894146,15.0,780.0,52.0,,
2.1506849315068495,basic_sir,3.143105854347153e-07,5.268785039436591e-49,0.9999996856894146,15.0,780.0,52.0,,
2.1534246575342464,basic_sir,3.143105854347153e-07,4.5691845058007786e-49,0.9999996856894146,15.0,780.0,52.0,,
2.1561643835616437,basic_sir,3.143105854347153e-07,3.9624784256299665e-49,0.9999996856894146,15.0,780.0,52.0,,
2.158904109589041,basic_sir,3.143105854347153e-07,3.436332074935808e-49,0.9999996856894146,15.0,780.0,52.0,,
2.1616438356164385,basic_sir,3.143105854347153e-07,2.9800485607326195e-49,0.9999996856894146,15.0,780.0,52.0,,
2.164383561643836,basic_sir,3.143105854347153e-07,2.584351346337927e-49,0.9999996856894146,15.0,780.0,52.0,,
2.1671232876712327,basic_sir,3.143105854347153e-07,2.241195653428166e-49,0.9999996856894146,15.0,780.0,52.0,,
2.16986301369863,basic_sir,3.143105854347153e-07,1.9436049065320827e-49,0.9999996856894146,15.0,780.0,52.0,,
2.1726027397260275,basic_sir,3.143105854347153e-07,1.6855288947742305e-49,0.9999996856894146,15.0,780.0,52.0,,
2.175342465753425,basic_sir,3.143105854347153e-07,1.461720767204671e-49,0.9999996856894146,15.0,780.0,52.0,,
2.1780821917808217,basic_sir,3.143105854347153e-07,1.2676303609518683e-49,0.9999996856894146,15.0,780.0,52.0,,
2.180821917808219,basic_sir,3.143105854347153e-07,1.0993116934911342e-49,0.9999996856894146,15.0,780.0,52.0,,
2.1835616438356165,basic_sir,3.143105854347153e-07,9.533427382875938e-50,0.9999996856894146,15.0,780.0,52.0,,
2.186301369863014,basic_sir,3.143105854347153e-07,8.267558528003755e-50,0.9999996856894146,15.0,780.0,52.0,,
2.189041095890411,basic_sir,3.143105854347153e-07,7.169774444051809e-50,0.9999996856894146,15.0,780.0,52.0,,
2.191780821917808,basic_sir,3.143105854347153e-07,6.217756476045388e-50,0.9999996856894146,15.0,780.0,52.0,,
2.1945205479452055,basic_sir,3.143105854347153e-07,5.3921494876979e-50,0.9999996856894146,15.0,780.0,52.0,,
2.197260273972603,basic_sir,3.143105854347153e-07,4.676168359069148e-50,0.9999996856894146,15.0,780.0,52.0,,
2.2,basic_sir,3.143105854347153e-07,4.055256734303755e-50,0.9999996856894146,15.0,780.0,52.0,,
2.202739726027397,basic_sir,3.143105854347153e-07,3.516791081574733e-50,0.9999996856894146,15.0,780.0,52.0,,
2.2054794520547945,basic_sir,3.143105854347153e-07,3.0498240485794347e-50,0.9999996856894146,15.0,780.0,52.0,,
2.208219178082192,basic_sir,3.143105854347153e-07,2.644861895841849e-50,0.9999996856894146,15.0,780.0,52.0,,
2.210958904109589,basic_sir,3.143105854347153e-07,2.293671482895693e-50,0.9999996856894146,15.0,780.0,52.0,,
2.2136986301369865,basic_sir,3.143105854347153e-07,1.989112883254872e-50,0.9999996856894146,15.0,780.0,52.0,,
2.2164383561643834,basic_sir,3.143105854347153e-07,1.7249942251257134e-50,0.9999996856894146,15.0,780.0,52.0,,
2.219178082191781,basic_sir,3.143105854347153e-07,1.4959458066793472e-50,0.9999996856894146,15.0,780.0,52.0,,
2.221917808219178,basic_sir,3.143105854347153e-07,1.2973109265675562e-50,0.9999996856894146,15.0,780.0,52.0,,
2.2246575342465755,basic_sir,3.143105854347153e-07,1.1250512101955588e-50,0.9999996856894146,15.0,780.0,52.0,,
2.2273972602739724,basic_sir,3.143105854347153e-07,9.756645069747731e-51,0.9999996856894146,15.0,780.0,52.0,,
2.23013698630137,basic_sir,3.143105854347153e-07,8.461136893536074e-51,0.9999996856894146,15.0,780.0,52.0,,
2.232876712328767,basic_sir,3.143105854347153e-07,7.337649060652807e-51,0.9999996856894146,15.0,780.0,52.0,,
2.2356164383561645,basic_sir,3.143105854347153e-07,6.363340342410863e-51,0.9999996856894146,15.0,780.0,52.0,,
2.2383561643835614,basic_sir,3.143105854347153e-07,5.518402417265793e-51,0.9999996856894146,15.0,780.0,52.0,,
2.241095890410959,basic_sir,3.143105854347153e-07,4.7856571549254405e-51,0.9999996856894146,15.0,780.0,52.0,,
2.243835616438356,basic_sir,3.143105854347153e-07,4.150207373937145e-51,0.9999996856894146,15.0,780.0,52.0,,
2.2465753424657535,basic_sir,3.143105854347153e-07,3.599133972427368e-51,0.9999996856894146,15.0,780.0,52.0,,
2.249315068493151,basic_sir,3.143105854347153e-07,3.1212332744693803e-51,0.9999996856894146,15.0,780.0,52.0,,
2.252054794520548,basic_sir,3.143105854347153e-07,2.70678925216132e-51,0.9999996856894146,15.0,780.0,52.0,,
2.254794520547945,basic_sir,3.143105854347153e-07,2.3473759925430217e-51,0.9999996856894146,15.0,780.0,52.0,,
2.2575342465753425,basic_sir,3.143105854347153e-07,2.0356863933782683e-51,0.9999996856894146,15.0,780.0,52.0,,
2.26027397260274,basic_sir,3.143105854347153e-07,1.7653836050764125e-51,0.9999996856894146,15.0,780.0,52.0,,
2.263013698630137,basic_sir,3.143105854347153e-07,1.5309721984733746e-51,0.9999996856894146,15.0,780.0,52.0,,
2.265753424657534,basic_sir,3.143105854347153e-07,1.3276864392296723e-51,0.9999996856894146,15.0,780.0,52.0,,
2.2684931506849315,basic_sir,3.143105854347153e-07,1.1513933973929198e-51,0.9999996856894146,15.0,780.0,52.0,,
2.271232876712329,basic_sir,3.143105854347153e-07,9.985089222792613e-52,0.9999996856894146,15.0,780.0,52.0,,
2.2739726027397262,basic_sir,3.143105854347153e-07,8.659247743897327e-52,0.9999996856894146,15.0,780.0,52.0,,
2.276712328767123,basic_sir,3.143105854347153e-07,7.509454329064241e-52,0.9999996856894146,15.0,780.0,52.0,,
2.2794520547945205,basic_sir,3.143105854347153e-07,6.512332940242183e-52,0.9999996856894146,15.0,780.0,52.0,,
2.282191780821918,basic_sir,3.143105854347153e-07,5.647611459652913e-52,0.9999996856894146,15.0,780.0,52.0,,
2.2849315068493152,basic_sir,3.143105854347153e-07,4.897709544625458e-52,0.9999996856894146,15.0,780.0,52.0,,
2.287671232876712,basic_sir,3.143105854347153e-07,4.247381207946992e-52,0.9999996856894146,15.0,780.0,52.0,,
2.2904109589041095,basic_sir,3.143105854347153e-07,3.683404857157657e-52,0.9999996856894146,15.0,780.0,52.0,,
2.293150684931507,basic_sir,3.143105854347153e-07,3.1943144910909886e-52,0.9999996856894146,15.0,780.0,52.0,,
2.2958904109589042,basic_sir,3.143105854347153e-07,2.7701665887109795e-52,0.9999996856894146,15.0,780.0,52.0,,
2.2986301369863016,basic_sir,3.143105854347153e-07,2.4023379509478735e-52,0.9999996856894146,15.0,780.0,52.0,,
2.3013698630136985,basic_sir,3.143105854347153e-07,2.0833503855268292e-52,0.9999996856894146,15.0,780.0,52.0,,
2.304109589041096,basic_sir,3.143105854347153e-07,1.8067186705193365e-52,0.9999996856894146,15.0,780.0,52.0,,
2.3068493150684932,basic_sir,3.143105854347153e-07,1.5668187056195601e-52,0.9999996856894146,15.0,780.0,52.0,,
2.3095890410958906,basic_sir,3.143105854347153e-07,1.358773170575413e-52,0.9999996856894146,15.0,780.0,52.0,,
2.3123287671232875,basic_sir,3.143105854347153e-07,1.178352366137691e-52,0.9999996856894146,15.0,780.0,52.0,,
2.315068493150685,basic_sir,3.143105854347153e-07,1.0218882215596407e-52,0.9999996856894146,15.0,780.0,52.0,,
2.317808219178082,basic_sir,3.143105854347153e-07,8.861997203647177e-53,0.9999996856894146,15.0,780.0,52.0,,
2.3205479452054796,basic_sir,3.143105854347153e-07,7.685282282399498e-53,0.9999996856894146,15.0,780.0,52.0,,
2.323287671232877,basic_sir,3.143105854347153e-07,6.664814082299177e-53,0.9999996856894146,15.0,780.0,52.0,,
2.326027397260274,basic_sir,3.143105854347153e-07,5.779845829910846e-53,0.9999996856894146,15.0,780.0,52.0,,
2.328767123287671,basic_sir,3.143105854347153e-07,5.012385552698367e-53,0.9999996856894146,15.0,780.0,52.0,,
2.3315068493150686,basic_sir,3.143105854347153e-07,4.34683029067695e-53,0.9999996856894146,15.0,780.0,52.0,,
2.334246575342466,basic_sir,3.143105854347153e-07,3.7696488782222186e-53,0.9999996856894146,15.0,780.0,52.0,,
2.336986301369863,basic_sir,3.143105854347153e-07,3.2691068467891205e-53,0.9999996856894146,15.0,780.0,52.0,,
2.33972602739726,basic_sir,3.143105854347153e-07,2.835027855635011e-53,0.9999996856894146,15.0,780.0,52.0,,
2.3424657534246576,basic_sir,3.143105854347153e-07,2.4585868002817566e-53,0.9999996856894146,15.0,780.0,52.0,,
2.345205479452055,basic_sir,3.143105854347153e-07,2.132130392477488e-53,0.9999996856894146,15.0,780.0,52.0,,
2.3479452054794523,basic_sir,3.143105854347153e-07,1.8490215639347096e-53,0.9999996856894146,15.0,780.0,52.0,,
2.350684931506849,basic_sir,3.143105854347153e-07,1.603504530472442e-53,0.9999996856894146,15.0,780.0,52.0,,
2.3534246575342466,basic_sir,3.143105854347153e-07,1.3905877732296578e-53,0.9999996856894146,15.0,780.0,52.0,,
2.356164383561644,basic_sir,3.143105854347153e-07,1.205942557883563e-53,0.9999996856894146,15.0,780.0,52.0,,
2.3589041095890413,basic_sir,3.143105854347153e-07,1.0458149287025056e-53,0.9999996856894146,15.0,780.0,52.0,,
2.361643835616438,basic_sir,3.143105854347153e-07,9.0694938821676e-54,0.9999996856894146,15.0,780.0,52.0,,
2.3643835616438356,basic_sir,3.143105854347153e-07,7.865227108655306e-54,0.9999996856894146,15.0,780.0,52.0,,
2.367123287671233,basic_sir,3.143105854347153e-07,6.820865450095149e-54,0.9999996856894146,15.0,780.0,52.0,,
2.3698630136986303,basic_sir,3.143105854347153e-07,5.915176363706527e-54,0.9999996856894146,15.0,780.0,52.0,,
2.372602739726027,basic_sir,3.143105854347153e-07,5.129746609100036e-54,0.9999996856894146,15.0,780.0,52.0,,
2.3753424657534246,basic_sir,3.143105854347153e-07,4.448607895282403e-54,0.9999996856894146,15.0,780.0,52.0,,
2.378082191780822,basic_sir,3.143105854347153e-07,3.8579122350530514e-54,0.9999996856894146,15.0,780.0,52.0,,
2.3808219178082193,basic_sir,3.143105854347153e-07,3.3456504065362697e-54,0.9999996856894146,15.0,780.0,52.0,,
2.3835616438356166,basic_sir,3.143105854347153e-07,2.901407797993202e-54,0.9999996856894146,15.0,780.0,52.0,,
2.3863013698630136,basic_sir,3.143105854347153e-07,2.5161526720812502e-54,0.9999996856894146,15.0,780.0,52.0,,
2.389041095890411,basic_sir,3.143105854347153e-07,2.1820525448371673e-54,0.9999996856894146,15.0,780.0,52.0,,
2.3917808219178083,basic_sir,3.143105854347153e-07,1.8923149462516428e-54,0.9999996856894146,15.0,780.0,52.0,,
2.3945205479452056,basic_sir,3.143105854347153e-07,1.6410493249944054e-54,0.9999996856894146,15.0,780.0,52.0,,
2.3972602739726026,basic_sir,3.143105854347153e-07,1.4231472897252755e-54,0.9999996856894146,15.0,780.0,52.0,,
2.4,basic_sir,3.143105854347153e-07,1.2341787522195622e-54,0.9999996856894146,15.0,780.0,52.0,,
2.4027397260273973,basic_sir,3.143105854347153e-07,1.0703018608314772e-54,0.9999996856894146,15.0,780.0,52.0,,
2.4054794520547946,basic_sir,3.143105854347153e-07,9.281848931843614e-55,0.9999996856894146,15.0,780.0,52.0,,
2.408219178082192,basic_sir,3.143105854347153e-07,8.049385201165364e-55,0.9999996856894146,15.0,780.0,52.0,,
2.410958904109589,basic_sir,3.143105854347153e-07,6.980570637651176e-55,0.9999996856894146,15.0,780.0,52.0,,
2.4136986301369863,basic_sir,3.143105854347153e-07,6.0536755552687286e-55,0.9999996856894146,15.0,780.0,52.0,,
2.4164383561643836,basic_sir,3.143105854347153e-07,5.249855582120309e-55,0.9999996856894146,15.0,780.0,52.0,,
2.419178082191781,basic_sir,3.143105854347153e-07,4.552768542267262e-55,0.9999996856894146,15.0,780.0,52.0,,
2.421917808219178,basic_sir,3.143105854347153e-07,3.948242208805172e-55,0.9999996856894146,15.0,780.0,52.0,,
2.4246575342465753,basic_sir,3.143105854347153e-07,3.423986173394905e-55,0.9999996856894146,15.0,780.0,52.0,,
2.4273972602739726,basic_sir,3.143105854347153e-07,2.96934197437379e-55,0.9999996856894146,15.0,780.0,52.0,,
2.43013698630137,basic_sir,3.143105854347153e-07,2.5750664033891037e-55,0.9999996856894146,15.0,780.0,52.0,,
2.4328767123287673,basic_sir,3.143105854347153e-07,2.233143585040154e-55,0.9999996856894146,15.0,780.0,52.0,,
2.4356164383561643,basic_sir,3.143105854347153e-07,1.9366220089869117e-55,0.9999996856894146,15.0,780.0,52.0,,
2.4383561643835616,basic_sir,3.143105854347153e-07,1.6794732012831933e-55,0.9999996856894146,15.0,780.0,52.0,,
2.441095890410959,basic_sir,3.143105854347153e-07,1.4564691616326046e-55,0.9999996856894146,15.0,780.0,52.0,,
2.4438356164383563,basic_sir,3.143105854347153e-07,1.2630760747870292e-55,0.9999996856894146,15.0,780.0,52.0,,
2.4465753424657533,basic_sir,3.143105854347153e-07,1.0953621351729499e-55,0.9999996856894146,15.0,780.0,52.0,,
2.4493150684931506,basic_sir,3.143105854347153e-07,9.49917610760635e-56,0.9999996856894146,15.0,780.0,52.0,,
2.452054794520548,basic_sir,3.143105854347153e-07,8.237855210238025e-56,0.9999996856894146,15.0,780.0,52.0,,
2.4547945205479453,basic_sir,3.143105854347153e-07,7.144015196276432e-56,0.9999996856894146,15.0,780.0,52.0,,
2.4575342465753427,basic_sir,3.143105854347153e-07,6.1954175962208895e-56,0.9999996856894146,15.0,780.0,52.0,,
2.4602739726027396,basic_sir,3.143105854347153e-07,5.372776812060843e-56,0.9999996856894146,15.0,780.0,52.0,,
2.463013698630137,basic_sir,3.143105854347153e-07,4.659368028690475e-56,0.9999996856894146,15.0,780.0,52.0,,
2.4657534246575343,basic_sir,3.143105854347153e-07,4.0406871876845637e-56,0.9999996856894146,15.0,780.0,52.0,,
2.4684931506849317,basic_sir,3.143105854347153e-07,3.5041561104815685e-56,0.9999996856894146,15.0,780.0,52.0,,
2.4712328767123286,basic_sir,3.143105854347153e-07,3.038866775941124e-56,0.9999996856894146,15.0,780.0,52.0,,
2.473972602739726,basic_sir,3.143105854347153e-07,2.635359553273294e-56,0.9999996856894146,15.0,780.0,52.0,,
2.4767123287671233,basic_sir,3.143105854347153e-07,2.285430881673956e-56,0.9999996856894146,15.0,780.0,52.0,,
2.4794520547945207,basic_sir,3.143105854347153e-07,1.98196648666837e-56,0.9999996856894146,15.0,780.0,52.0,,
2.482191780821918,basic_sir,3.143105854347153e-07,1.7187967423453087e-56,0.9999996856894146,15.0,780.0,52.0,,
2.484931506849315,basic_sir,3.143105854347153e-07,1.4905712389027049e-56,0.9999996856894146,15.0,780.0,52.0,,
2.4876712328767123,basic_sir,3.143105854347153e-07,1.2926500053823875e-56,0.9999996856894146,15.0,780.0,52.0,,
2.4904109589041097,basic_sir,3.143105854347153e-07,1.1210091760828314e-56,0.9999996856894146,15.0,780.0,52.0,,
2.493150684931507,basic_sir,3.143105854347153e-07,9.721591827868109e-57,0.9999996856894146,15.0,780.0,52.0,,
2.495890410958904,basic_sir,3.143105854347153e-07,8.430738096000285e-57,0.9999996856894146,15.0,780.0,52.0,,
2.4986301369863013,basic_sir,3.143105854347153e-07,7.311286680397044e-57,0.9999996856894146,15.0,780.0,52.0,,
2.5013698630136987,basic_sir,3.143105854347153e-07,6.340478415325384e-57,0.9999996856894146,15.0,780.0,52.0,,
2.504109589041096,basic_sir,3.143105854347153e-07,5.498576145700242e-57,0.9999996856894146,15.0,780.0,52.0,,
2.506849315068493,basic_sir,3.143105854347153e-07,4.7684634580548194e-57,0.9999996856894146,15.0,780.0,52.0,,
2.5095890410958903,basic_sir,3.143105854347153e-07,4.135296692869186e-57,0.9999996856894146,15.0,780.0,52.0,,
2.5123287671232877,basic_sir,3.143105854347153e-07,3.586203163446415e-57,0.9999996856894146,15.0,780.0,52.0,,
2.515068493150685,basic_sir,3.143105854347153e-07,3.110019445929973e-57,0.9999996856894146,15.0,780.0,52.0,,
2.5178082191780824,basic_sir,3.143105854347153e-07,2.697064419732253e-57,0.9999996856894146,15.0,780.0,52.0,,
2.5205479452054793,basic_sir,3.143105854347153e-07,2.3389424441398276e-57,0.9999996856894146,15.0,780.0,52.0,,
2.5232876712328767,basic_sir,3.143105854347153e-07,2.0283726695492703e-57,0.9999996856894146,15.0,780.0,52.0,,
2.526027397260274,basic_sir,3.143105854347153e-07,1.759041013122284e-57,0.9999996856894146,15.0,780.0,52.0,,
2.5287671232876714,basic_sir,3.143105854347153e-07,1.5254717894290335e-57,0.9999996856894146,15.0,780.0,52.0,,
2.5315068493150683,basic_sir,3.143105854347153e-07,1.3229163862492046e-57,0.9999996856894146,15.0,780.0,52.0,,
2.5342465753424657,basic_sir,3.143105854347153e-07,1.1472567222378195e-57,0.9999996856894146,15.0,780.0,52.0,,
2.536986301369863,basic_sir,3.143105854347153e-07,9.949215236887437e-58,0.9999996856894146,15.0,780.0,52.0,,
2.5397260273972604,basic_sir,3.143105854347153e-07,8.628137182480919e-58,0.9999996856894146,15.0,780.0,52.0,,
2.5424657534246577,basic_sir,3.143105854347153e-07,7.482474694456349e-58,0.9999996856894146,15.0,780.0,52.0,,
2.5452054794520547,basic_sir,3.143105854347153e-07,6.488935719156287e-58,0.9999996856894146,15.0,780.0,52.0,,
2.547945205479452,basic_sir,3.143105854347153e-07,5.627320971568036e-58,0.9999996856894146,15.0,780.0,52.0,,
2.5506849315068494,basic_sir,3.143105854347153e-07,4.880113270896578e-58,0.9999996856894146,15.0,780.0,52.0,,
2.5534246575342467,basic_sir,3.143105854347153e-07,4.23212140503597e-58,0.9999996856894146,15.0,780.0,52.0,,
2.5561643835616437,basic_sir,3.143105854347153e-07,3.670171283477904e-58,0.9999996856894146,15.0,780.0,52.0,,
2.558904109589041,basic_sir,3.143105854347153e-07,3.1828380995963058e-58,0.9999996856894146,15.0,780.0,52.0,,
2.5616438356164384,basic_sir,3.143105854347153e-07,2.7602140569968342e-58,0.9999996856894146,15.0,780.0,52.0,,
2.5643835616438357,basic_sir,3.143105854347153e-07,2.3937069376570705e-58,0.9999996856894146,15.0,780.0,52.0,,
2.567123287671233,basic_sir,3.143105854347153e-07,2.0758654166198104e-58,0.9999996856894146,15.0,780.0,52.0,,
2.56986301369863,basic_sir,3.143105854347153e-07,1.800227571774532e-58,0.9999996856894146,15.0,780.0,52.0,,
2.5726027397260274,basic_sir,3.143105854347153e-07,1.5611895088335105e-58,0.9999996856894146,15.0,780.0,52.0,,
2.5753424657534247,basic_sir,3.143105854347153e-07,1.3538914305646891e-58,0.9999996856894146,15.0,780.0,52.0,,
2.578082191780822,basic_sir,3.143105854347153e-07,1.1741188339947901e-58,0.9999996856894146,15.0,780.0,52.0,,
2.580821917808219,basic_sir,3.143105854347153e-07,1.018216826859109e-58,0.9999996856894146,15.0,780.0,52.0,,
2.5835616438356164,basic_sir,3.143105854347153e-07,8.830158212959977e-59,0.9999996856894146,15.0,780.0,52.0,,
2.5863013698630137,basic_sir,3.143105854347153e-07,7.65767094091576e-59,0.9999996856894146,15.0,780.0,52.0,,
2.589041095890411,basic_sir,3.143105854347153e-07,6.640869033725824e-59,0.9999996856894146,15.0,780.0,52.0,,
2.5917808219178085,basic_sir,3.143105854347153e-07,5.759080256042528e-59,0.9999996856894146,15.0,780.0,52.0,,
2.5945205479452054,basic_sir,3.143105854347153e-07,4.994377276091449e-59,0.9999996856894146,15.0,780.0,52.0,,
2.5972602739726027,basic_sir,3.143105854347153e-07,4.331213191510327e-59,0.9999996856894146,15.0,780.0,52.0,,
2.6,basic_sir,3.143105854347153e-07,3.7561054508469168e-59,0.9999996856894146,15.0,780.0,52.0,,
2.6027397260273974,basic_sir,3.143105854347153e-07,3.257361744634473e-59,0.9999996856894146,15.0,780.0,52.0,,
2.6054794520547944,basic_sir,3.143105854347153e-07,2.8248422932364624e-59,0.9999996856894146,15.0,780.0,52.0,,
2.6082191780821917,basic_sir,3.143105854347153e-07,2.4497536986186663e-59,0.9999996856894146,15.0,780.0,52.0,,
2.610958904109589,basic_sir,3.143105854347153e-07,2.1244701689240385e-59,0.9999996856894146,15.0,780.0,52.0,,
2.6136986301369864,basic_sir,3.143105854347153e-07,1.8423784812297953e-59,0.9999996856894146,15.0,780.0,52.0,,
2.6164383561643834,basic_sir,3.143105854347153e-07,1.5977435304812007e-59,0.9999996856894146,15.0,780.0,52.0,,
2.6191780821917807,basic_sir,3.143105854347153e-07,1.3855917311249087e-59,0.9999996856894146,15.0,780.0,52.0,,
2.621917808219178,basic_sir,3.143105854347153e-07,1.201609900922901e-59,0.9999996856894146,15.0,780.0,52.0,,
2.6246575342465754,basic_sir,3.143105854347153e-07,1.0420575711892594e-59,0.9999996856894146,15.0,780.0,52.0,,
2.627397260273973,basic_sir,3.143105854347153e-07,9.036909406612256e-60,0.9999996856894146,15.0,780.0,52.0,,
2.6301369863013697,basic_sir,3.143105854347153e-07,7.836969269377034e-60,0.9999996856894146,15.0,780.0,52.0,,
2.632876712328767,basic_sir,3.143105854347153e-07,6.79635974708558e-60,0.9999996856894146,15.0,780.0,52.0,,
2.6356164383561644,basic_sir,3.143105854347153e-07,5.893924580295935e-60,0.9999996856894146,15.0,780.0,52.0,,
2.638356164383562,basic_sir,3.143105854347153e-07,5.111316682892358e-60,0.9999996856894146,15.0,780.0,52.0,,
2.6410958904109587,basic_sir,3.143105854347153e-07,4.432625134049912e-60,0.9999996856894146,15.0,780.0,52.0,,
2.643835616438356,basic_sir,3.143105854347153e-07,3.8440516990021785e-60,0.9999996856894146,15.0,780.0,52.0,,
2.6465753424657534,basic_sir,3.143105854347153e-07,3.3336303020735313e-60,0.9999996856894146,15.0,780.0,52.0,,
2.649315068493151,basic_sir,3.143105854347153e-07,2.8909837486804744e-60,0.9999996856894146,15.0,780.0,52.0,,
2.652054794520548,basic_sir,3.143105854347153e-07,2.5071127503058843e-60,0.9999996856894146,15.0,780.0,52.0,,
2.654794520547945,basic_sir,3.143105854347153e-07,2.174212963187846e-60,0.9999996856894146,15.0,780.0,52.0,,
2.6575342465753424,basic_sir,3.143105854347153e-07,1.8855163210020028e-60,0.9999996856894146,15.0,780.0,52.0,,
2.66027397260274,basic_sir,3.143105854347153e-07,1.635153435729824e-60,0.9999996856894146,15.0,780.0,52.0,,
2.663013698630137,basic_sir,3.143105854347153e-07,1.4180342692330415e-60,0.9999996856894146,15.0,780.0,52.0,,
2.665753424657534,basic_sir,3.143105854347153e-07,1.2297446495116435e-60,0.9999996856894146,15.0,780.0,52.0,,
2.6684931506849314,basic_sir,3.143105854347153e-07,1.0664565277540211e-60,0.9999996856894146,15.0,780.0,52.0,,
2.671232876712329,basic_sir,3.143105854347153e-07,9.248501516480026e-61,0.9999996856894146,15.0,780.0,52.0,,
2.673972602739726,basic_sir,3.143105854347153e-07,8.02046572685633e-61,0.9999996856894146,15.0,780.0,52.0,,
2.6767123287671235,basic_sir,3.143105854347153e-07,6.95549115292357e-61,0.9999996856894146,15.0,780.0,52.0,,
2.6794520547945204,basic_sir,3.143105854347153e-07,6.031926178102573e-61,0.9999996856894146,15.0,780.0,52.0,,
2.682191780821918,basic_sir,3.143105854347153e-07,5.230994133719096e-61,0.9999996856894146,15.0,780.0,52.0,,
2.684931506849315,basic_sir,3.143105854347153e-07,4.536411557279885e-61,0.9999996856894146,15.0,780.0,52.0,,
2.6876712328767125,basic_sir,3.143105854347153e-07,3.9340571392289776e-61,0.9999996856894146,15.0,780.0,52.0,,
2.6904109589041094,basic_sir,3.143105854347153e-07,3.4116846276617414e-61,0.9999996856894146,15.0,780.0,52.0,,
2.6931506849315068,basic_sir,3.143105854347153e-07,2.958673854163788e-61,0.9999996856894146,15.0,780.0,52.0,,
2.695890410958904,basic_sir,3.143105854347153e-07,2.565814818971689e-61,0.9999996856894146,15.0,780.0,52.0,,
2.6986301369863015,basic_sir,3.143105854347153e-07,2.2251204457665352e-61,0.9999996856894146,15.0,780.0,52.0,,
2.701369863013699,basic_sir,3.143105854347153e-07,1.9296641992864317e-61,0.9999996856894146,15.0,780.0,52.0,,
2.7041095890410958,basic_sir,3.143105854347153e-07,1.6734392644192713e-61,0.9999996856894146,15.0,780.0,52.0,,
2.706849315068493,basic_sir,3.143105854347153e-07,1.451236423796225e-61,0.9999996856894146,15.0,780.0,52.0,,
2.7095890410958905,basic_sir,3.143105854347153e-07,1.2585381510596534e-61,0.9999996856894146,15.0,780.0,52.0,,
2.712328767123288,basic_sir,3.143105854347153e-07,1.0914267666527755e-61,0.9999996856894146,15.0,780.0,52.0,,
2.7150684931506848,basic_sir,3.143105854347153e-07,9.465047888800134e-62,0.9999996856894146,15.0,780.0,52.0,,
2.717808219178082,basic_sir,3.143105854347153e-07,8.208258609235564e-62,0.9999996856894146,15.0,780.0,52.0,,
2.7205479452054795,basic_sir,3.143105854347153e-07,7.1183484951845106e-62,0.9999996856894146,15.0,780.0,52.0,,
2.723287671232877,basic_sir,3.143105854347153e-07,6.173158974533645e-62,0.9999996856894146,15.0,780.0,52.0,,
2.726027397260274,basic_sir,3.143105854347153e-07,5.353473737713866e-62,0.9999996856894146,15.0,780.0,52.0,,
2.728767123287671,basic_sir,3.143105854347153e-07,4.642628057793998e-62,0.9999996856894146,15.0,780.0,52.0,,
2.7315068493150685,basic_sir,3.143105854347153e-07,4.0261699858865734e-62,0.9999996856894146,15.0,780.0,52.0,,
2.734246575342466,basic_sir,3.143105854347153e-07,3.4915665337524994e-62,0.9999996856894146,15.0,780.0,52.0,,
2.736986301369863,basic_sir,3.143105854347153e-07,3.0279488701061252e-62,0.9999996856894146,15.0,780.0,52.0,,
2.73972602739726,basic_sir,3.143105854347153e-07,2.6258913502998655e-62,0.9999996856894146,15.0,780.0,52.0,,
2.7424657534246575,basic_sir,3.143105854347153e-07,2.2772198869189694e-62,0.9999996856894146,15.0,780.0,52.0,,
2.745205479452055,basic_sir,3.143105854347153e-07,1.974845765338713e-62,0.9999996856894146,15.0,780.0,52.0,,
2.747945205479452,basic_sir,3.143105854347153e-07,1.712621525606333e-62,0.9999996856894146,15.0,780.0,52.0,,
2.750684931506849,basic_sir,3.143105854347153e-07,1.485215980634908e-62,0.9999996856894146,15.0,780.0,52.0,,
2.7534246575342465,basic_sir,3.143105854347153e-07,1.2880058297482275e-62,0.9999996856894146,15.0,780.0,52.0,,
2.756164383561644,basic_sir,3.143105854347153e-07,1.116981664011075e-62,0.9999996856894146,15.0,780.0,52.0,,
2.758904109589041,basic_sir,3.143105854347153e-07,9.686664523722174e-63,0.9999996856894146,15.0,780.0,52.0,,
2.7616438356164386,basic_sir,3.143105854347153e-07,8.400448513916465e-63,0.9999996856894146,15.0,780.0,52.0,,
2.7643835616438355,basic_sir,3.143105854347153e-07,7.285019013732382e-63,0.9999996856894146,15.0,780.0,52.0,,
2.767123287671233,basic_sir,3.143105854347153e-07,6.317698625558037e-63,0.9999996856894146,15.0,780.0,52.0,,
2.76986301369863,basic_sir,3.143105854347153e-07,5.478821105084371e-63,0.9999996856894146,15.0,780.0,52.0,,
2.7726027397260276,basic_sir,3.143105854347153e-07,4.751331533935985e-63,0.9999996856894146,15.0,780.0,52.0,,
2.7753424657534245,basic_sir,3.143105854347153e-07,4.120439582235156e-63,0.9999996856894146,15.0,780.0,52.0,,
2.778082191780822,basic_sir,3.143105854347153e-07,3.5733188117027285e-63,0.9999996856894146,15.0,780.0,52.0,,
2.780821917808219,basic_sir,3.143105854347153e-07,3.098845905936617e-63,0.9999996856894146,15.0,780.0,52.0,,
2.7835616438356166,basic_sir,3.143105854347153e-07,2.687374526250084e-63,0.9999996856894146,15.0,780.0,52.0,,
2.786301369863014,basic_sir,3.143105854347153e-07,2.3305391954154112e-63,0.9999996856894146,15.0,780.0,52.0,,
2.789041095890411,basic_sir,3.143105854347153e-07,2.0210852221430173e-63,0.9999996856894146,15.0,780.0,52.0,,
2.791780821917808,basic_sir,3.143105854347153e-07,1.7527212085513523e-63,0.9999996856894146,15.0,780.0,52.0,,
2.7945205479452055,basic_sir,3.143105854347153e-07,1.5199911420105013e-63,0.9999996856894146,15.0,780.0,52.0,,
2.797260273972603,basic_sir,3.143105854347153e-07,1.3181634709035913e-63,0.9999996856894146,15.0,780.0,52.0,,
2.8,basic_sir,3.143105854347153e-07,1.1431349091458316e-63,0.9999996856894146,15.0,780.0,52.0,,
2.802739726027397,basic_sir,3.143105854347153e-07,9.913470137448476e-64,0.9999996856894146,15.0,780.0,52.0,,
2.8054794520547945,basic_sir,3.143105854347153e-07,8.597138393710392e-64,0.9999996856894146,15.0,780.0,52.0,,
2.808219178082192,basic_sir,3.143105854347153e-07,7.455591991083804e-64,0.9999996856894146,15.0,780.0,52.0,,
2.8109589041095893,basic_sir,3.143105854347153e-07,6.465622558568928e-64,0.9999996856894146,15.0,780.0,52.0,,
2.813698630136986,basic_sir,3.143105854347153e-07,5.607103382249244e-64,0.9999996856894146,15.0,780.0,52.0,,
2.8164383561643835,basic_sir,3.143105854347153e-07,4.862580216279884e-64,0.9999996856894146,15.0,780.0,52.0,,
2.819178082191781,basic_sir,3.143105854347153e-07,4.2169164268684566e-64,0.9999996856894146,15.0,780.0,52.0,,
2.8219178082191783,basic_sir,3.143105854347153e-07,3.656985254794921e-64,0.9999996856894146,15.0,780.0,52.0,,
2.824657534246575,basic_sir,3.143105854347153e-07,3.1714029399722213e-64,0.9999996856894146,15.0,780.0,52.0,,
2.8273972602739725,basic_sir,3.143105854347153e-07,2.7502972822974226e-64,0.9999996856894146,15.0,780.0,52.0,,
2.83013698630137,basic_sir,3.143105854347153e-07,2.385106933488194e-64,0.9999996856894146,15.0,780.0,52.0,,
2.8328767123287673,basic_sir,3.143105854347153e-07,2.0684073393773095e-64,0.9999996856894146,15.0,780.0,52.0,,
2.8356164383561646,basic_sir,3.143105854347153e-07,1.793759793961497e-64,0.9999996856894146,15.0,780.0,52.0,,
2.8383561643835615,basic_sir,3.143105854347153e-07,1.5555805363761235e-64,0.9999996856894146,15.0,780.0,52.0,,
2.841095890410959,basic_sir,3.143105854347153e-07,1.3490272294530614e-64,0.9999996856894146,15.0,780.0,52.0,,
2.8438356164383563,basic_sir,3.143105854347153e-07,1.169900511898521e-64,0.9999996856894146,15.0,780.0,52.0,,
2.8465753424657536,basic_sir,3.143105854347153e-07,1.014558622582676e-64,0.9999996856894146,15.0,780.0,52.0,,
2.8493150684931505,basic_sir,3.143105854347153e-07,8.798433611987052e-65,0.9999996856894146,15.0,780.0,52.0,,
2.852054794520548,basic_sir,3.143105854347153e-07,7.630158800235659e-65,0.9999996856894146,15.0,780.0,52.0,,
2.8547945205479452,basic_sir,3.143105854347153e-07,6.61701001386147e-65,0.9999996856894146,15.0,780.0,52.0,,
2.8575342465753426,basic_sir,3.143105854347153e-07,5.7383892878075705e-65,0.9999996856894146,15.0,780.0,52.0,,
2.86027397260274,basic_sir,3.143105854347153e-07,4.976433698822277e-65,0.9999996856894146,15.0,780.0,52.0,,
2.863013698630137,basic_sir,3.143105854347153e-07,4.31565220076526e-65,0.9999996856894146,15.0,780.0,52.0,,
2.8657534246575342,basic_sir,3.143105854347153e-07,3.7426106816970883e-65,0.9999996856894146,15.0,780.0,52.0,,
2.8684931506849316,basic_sir,3.143105854347153e-07,3.245658839762243e-65,0.9999996856894146,15.0,780.0,52.0,,
2.871232876712329,basic_sir,3.143105854347153e-07,2.814693325074893e-65,0.9999996856894146,15.0,780.0,52.0,,
2.873972602739726,basic_sir,3.143105854347153e-07,2.440952332131646e-65,0.9999996856894146,15.0,780.0,52.0,,
2.8767123287671232,basic_sir,3.143105854347153e-07,2.1168374666821824e-65,0.9999996856894146,15.0,780.0,52.0,,
2.8794520547945206,basic_sir,3.143105854347153e-07,1.8357592654979255e-65,0.9999996856894146,15.0,780.0,52.0,,
2.882191780821918,basic_sir,3.143105854347153e-07,1.5920032283552971e-65,0.9999996856894146,15.0,780.0,52.0,,
2.884931506849315,basic_sir,3.143105854347153e-07,1.3806136385787513e-65,0.9999996856894146,15.0,780.0,52.0,,
2.8876712328767122,basic_sir,3.143105854347153e-07,1.1972928101400936e-65,0.9999996856894146,15.0,780.0,52.0,,
2.8904109589041096,basic_sir,3.143105854347153e-07,1.0383137129435173e-65,0.9999996856894146,15.0,780.0,52.0,,
2.893150684931507,basic_sir,3.143105854347153e-07,9.004441999116374e-66,0.9999996856894146,15.0,780.0,52.0,,
2.8958904109589043,basic_sir,3.143105854347153e-07,7.808812953610825e-66,0.9999996856894146,15.0,780.0,52.0,,
2.8986301369863012,basic_sir,3.143105854347153e-07,6.771942087079408e-66,0.9999996856894146,15.0,780.0,52.0,,
2.9013698630136986,basic_sir,3.143105854347153e-07,5.872749149350656e-66,0.9999996856894146,15.0,780.0,52.0,,
2.904109589041096,basic_sir,3.143105854347153e-07,5.092952970906649e-66,0.9999996856894146,15.0,780.0,52.0,,
2.9068493150684933,basic_sir,3.143105854347153e-07,4.416699794973335e-66,0.9999996856894146,15.0,780.0,52.0,,
2.9095890410958902,basic_sir,3.143105854347153e-07,3.830240960470771e-66,0.9999996856894146,15.0,780.0,52.0,,
2.9123287671232876,basic_sir,3.143105854347153e-07,3.3216533829092374e-66,0.9999996856894146,15.0,780.0,52.0,,
2.915068493150685,basic_sir,3.143105854347153e-07,2.880597150430003e-66,0.9999996856894146,15.0,780.0,52.0,,
2.9178082191780823,basic_sir,3.143105854347153e-07,2.4981053067607776e-66,0.9999996856894146,15.0,780.0,52.0,,
2.9205479452054797,basic_sir,3.143105854347153e-07,2.1664015472398836e-66,0.9999996856894146,15.0,780.0,52.0,,
2.9232876712328766,basic_sir,3.143105854347153e-07,1.8787421215517665e-66,0.9999996856894146,15.0,780.0,52.0,,
2.926027397260274,basic_sir,3.143105854347153e-07,1.6292787289548192e-66,0.9999996856894146,15.0,780.0,52.0,,
2.9287671232876713,basic_sir,3.143105854347153e-07,1.4129396185741973e-66,0.9999996856894146,15.0,780.0,52.0,,
2.9315068493150687,basic_sir,3.143105854347153e-07,1.2253264774513356e-66,0.9999996856894146,15.0,780.0,52.0,,
2.9342465753424656,basic_sir,3.143105854347153e-07,1.0626250100187768e-66,0.9999996856894146,15.0,780.0,52.0,,
2.936986301369863,basic_sir,3.143105854347153e-07,9.21527391023202e-67,0.9999996856894146,15.0,780.0,52.0,,
2.9397260273972603,basic_sir,3.143105854347153e-07,7.991650153152556e-67,0.9999996856894146,15.0,780.0,52.0,,
2.9424657534246577,basic_sir,3.143105854347153e-07,6.930501772657049e-67,0.9999996856894146,15.0,780.0,52.0,,
2.945205479452055,basic_sir,3.143105854347153e-07,6.010254941134383e-67,0.9999996856894146,15.0,780.0,52.0,,
2.947945205479452,basic_sir,3.143105854347153e-07,5.2122004498935474e-67,0.9999996856894146,15.0,780.0,52.0,,
2.9506849315068493,basic_sir,3.143105854347153e-07,4.520113338943045e-67,0.9999996856894146,15.0,780.0,52.0,,
2.9534246575342467,basic_sir,3.143105854347153e-07,3.919923033142006e-67,0.9999996856894146,15.0,780.0,52.0,,
2.956164383561644,basic_sir,3.143105854347153e-07,3.399427278376668e-67,0.9999996856894146,15.0,780.0,52.0,,
2.958904109589041,basic_sir,3.143105854347153e-07,2.948044061903147e-67,0.9999996856894146,15.0,780.0,52.0,,
2.9616438356164383,basic_sir,3.143105854347153e-07,2.5565964732366358e-67,0.9999996856894146,15.0,780.0,52.0,,
2.9643835616438357,basic_sir,3.143105854347153e-07,2.2171261316720238e-67,0.9999996856894146,15.0,780.0,52.0,,
2.967123287671233,basic_sir,3.143105854347153e-07,1.9227313872962402e-67,0.9999996856894146,15.0,780.0,52.0,,
2.9698630136986304,basic_sir,3.143105854347153e-07,1.6674270060161835e-67,0.9999996856894146,15.0,780.0,52.0,,
2.9726027397260273,basic_sir,3.143105854347153e-07,1.4460224859083696e-67,0.9999996856894146,15.0,780.0,52.0,,
2.9753424657534246,basic_sir,3.143105854347153e-07,1.2540165309834728e-67,0.9999996856894146,15.0,780.0,52.0,,
2.978082191780822,basic_sir,3.143105854347153e-07,1.0875055369501852e-67,0.9999996856894146,15.0,780.0,52.0,,
2.9808219178082194,basic_sir,3.143105854347153e-07,9.431042284345274e-68,0.9999996856894146,15.0,780.0,52.0,,
2.9835616438356163,basic_sir,3.143105854347153e-07,8.178768341589126e-68,0.9999996856894146,15.0,780.0,52.0,,
2.9863013698630136,basic_sir,3.143105854347153e-07,7.09277400827843e-68,0.9999996856894146,15.0,780.0,52.0,,
2.989041095890411,basic_sir,3.143105854347153e-07,6.1509803226356435e-68,0.9999996856894146,15.0,780.0,52.0,,
2.9917808219178084,basic_sir,3.143105854347153e-07,5.334240014596793e-68,0.9999996856894146,15.0,780.0,52.0,,
2.9945205479452057,basic_sir,3.143105854347153e-07,4.625948229522744e-68,0.9999996856894146,15.0,780.0,52.0,,
2.9972602739726026,basic_sir,3.143105854347153e-07,4.011704940847633e-68,0.9999996856894146,15.0,780.0,52.0,,
3.0,basic_sir,3.143105854347153e-07,3.4790221882965874e-68,0.9999996856894146,15.0,780.0,52.0,,
3.0027397260273974,basic_sir,3.143105854347153e-07,3.0170701896392726e-68,0.9999996856894146,15.0,780.0,52.0,,
3.0054794520547947,basic_sir,3.143105854347153e-07,2.61645716426628e-68,0.9999996856894146,15.0,780.0,52.0,,
3.0082191780821916,basic_sir,3.143105854347153e-07,2.2690383922619333e-68,0.9999996856894146,15.0,780.0,52.0,,
3.010958904109589,basic_sir,3.143105854347153e-07,1.967750627020977e-68,0.9999996856894146,15.0,780.0,52.0,,
3.0136986301369864,basic_sir,3.143105854347153e-07,1.7064684949123007e-68,0.9999996856894146,15.0,780.0,52.0,,
3.0164383561643837,basic_sir,3.143105854347153e-07,1.4798799625015743e-68,0.9999996856894146,15.0,780.0,52.0,,
3.0191780821917806,basic_sir,3.143105854347153e-07,1.283378339502402e-68,0.9999996856894146,15.0,780.0,52.0,,
3.021917808219178,basic_sir,3.143105854347153e-07,1.1129686218061437e-68,0.9999996856894146,15.0,780.0,52.0,,
3.0246575342465754,basic_sir,3.143105854347153e-07,9.651862704846192e-69,0.9999996856894146,15.0,780.0,52.0,,
3.0273972602739727,basic_sir,3.143105854347153e-07,8.370267754900563e-69,0.9999996856894146,15.0,780.0,52.0,,
3.03013698630137,basic_sir,3.143105854347153e-07,7.258845720375857e-69,0.9999996856894146,15.0,780.0,52.0,,
3.032876712328767,basic_sir,3.143105854347153e-07,6.295000678009501e-69,0.9999996856894146,15.0,780.0,52.0,,
3.0356164383561643,basic_sir,3.143105854347153e-07,5.459137039502652e-69,0.9999996856894146,15.0,780.0,52.0,,
3.0383561643835617,basic_sir,3.143105854347153e-07,4.734261160634749e-69,0.9999996856894146,15.0,780.0,52.0,,
3.041095890410959,basic_sir,3.143105854347153e-07,4.105635849569478e-69,0.9999996856894146,15.0,780.0,52.0,,
3.043835616438356,basic_sir,3.143105854347153e-07,3.5604807502868023e-69,0.9999996856894146,15.0,780.0,52.0,,
3.0465753424657533,basic_sir,3.143105854347153e-07,3.087712509742409e-69,0.9999996856894146,15.0,780.0,52.0,,
3.0493150684931507,basic_sir,3.143105854347153e-07,2.6777194461876496e-69,0.9999996856894146,15.0,780.0,52.0,,
3.052054794520548,basic_sir,3.143105854347153e-07,2.322166137510536e-69,0.9999996856894146,15.0,780.0,52.0,,
3.0547945205479454,basic_sir,3.143105854347153e-07,2.0138239567546946e-69,0.9999996856894146,15.0,780.0,52.0,,
3.0575342465753423,basic_sir,3.143105854347153e-07,1.7464241094941156e-69,0.9999996856894146,15.0,780.0,52.0,,
3.0602739726027397,basic_sir,3.143105854347153e-07,1.5145301852190484e-69,0.9999996856894146,15.0,780.0,52.0,,
3.063013698630137,basic_sir,3.143105854347153e-07,1.313427631621558e-69,0.9999996856894146,15.0,780.0,52.0,,
3.0657534246575344,basic_sir,3.143105854347153e-07,1.1390279047211679e-69,0.9999996856894146,15.0,780.0,52.0,,
3.0684931506849313,basic_sir,3.143105854347153e-07,9.877853461418143e-70,0.9999996856894146,15.0,780.0,52.0,,
3.0712328767123287,basic_sir,3.143105854347153e-07,8.566250976013935e-70,0.9999996856894146,15.0,780.0,52.0,,
3.073972602739726,basic_sir,3.143105854347153e-07,7.428805870696182e-70,0.9999996856894146,15.0,780.0,52.0,,
3.0767123287671234,basic_sir,3.143105854347153e-07,6.442393156471567e-70,0.9999996856894146,15.0,780.0,52.0,,
3.0794520547945208,basic_sir,3.143105854347153e-07,5.5869584297889516e-70,0.9999996856894146,15.0,780.0,52.0,,
3.0821917808219177,basic_sir,3.143105854347153e-07,4.8451101536445494e-70,0.9999996856894146,15.0,780.0,52.0,,
3.084931506849315,basic_sir,3.143105854347153e-07,4.2017660764724436e-70,0.9999996856894146,15.0,780.0,52.0,,
3.0876712328767124,basic_sir,3.143105854347153e-07,3.643846600291317e-70,0.9999996856894146,15.0,780.0,52.0,,
3.0904109589041098,basic_sir,3.143105854347153e-07,3.160008864082623e-70,0.9999996856894146,15.0,780.0,52.0,,
3.0931506849315067,basic_sir,3.143105854347153e-07,2.7404161361465247e-70,0.9999996856894146,15.0,780.0,52.0,,
3.095890410958904,basic_sir,3.143105854347153e-07,2.376537827033044e-70,0.9999996856894146,15.0,780.0,52.0,,
3.0986301369863014,basic_sir,3.143105854347153e-07,2.0609760571840974e-70,0.9999996856894146,15.0,780.0,52.0,,
3.1013698630136988,basic_sir,3.143105854347153e-07,1.7873152532939034e-70,0.9999996856894146,15.0,780.0,52.0,,
3.104109589041096,basic_sir,3.143105854347153e-07,1.5499917155862914e-70,0.9999996856894146,15.0,780.0,52.0,,
3.106849315068493,basic_sir,3.143105854347153e-07,1.3441805042275502e-70,0.9999996856894146,15.0,780.0,52.0,,
3.1095890410958904,basic_sir,3.143105854347153e-07,1.1656973452028749e-70,0.9999996856894146,15.0,780.0,52.0,,
3.1123287671232878,basic_sir,3.143105854347153e-07,1.0109135613404171e-70,0.9999996856894146,15.0,780.0,52.0,,
3.115068493150685,basic_sir,3.143105854347153e-07,8.7668229897539e-71,0.9999996856894146,15.0,780.0,52.0,,
3.117808219178082,basic_sir,3.143105854347153e-07,7.602745503954936e-71,0.9999996856894146,15.0,780.0,52.0,,
3.1205479452054794,basic_sir,3.143105854347153e-07,6.593236713625976e-71,0.9999996856894146,15.0,780.0,52.0,,
3.1232876712328768,basic_sir,3.143105854347153e-07,5.717772657166025e-71,0.9999996856894146,15.0,780.0,52.0,,
3.126027397260274,basic_sir,3.143105854347153e-07,4.958554588442166e-71,0.9999996856894146,15.0,780.0,52.0,,
3.128767123287671,basic_sir,3.143105854347153e-07,4.300147116857901e-71,0.9999996856894146,15.0,780.0,52.0,,
3.1315068493150684,basic_sir,3.143105854347153e-07,3.729164395955618e-71,0.9999996856894146,15.0,780.0,52.0,,
3.1342465753424658,basic_sir,3.143105854347153e-07,3.2339979805678314e-71,0.9999996856894146,15.0,780.0,52.0,,
3.136986301369863,basic_sir,3.143105854347153e-07,2.804580819676281e-71,0.9999996856894146,15.0,780.0,52.0,,
3.1397260273972605,basic_sir,3.143105854347153e-07,2.432182586803907e-71,0.9999996856894146,15.0,780.0,52.0,,
3.1424657534246574,basic_sir,3.143105854347153e-07,2.109232186874572e-71,0.9999996856894146,15.0,780.0,52.0,,
3.1452054794520548,basic_sir,3.143105854347153e-07,1.829163830990898e-71,0.9999996856894146,15.0,780.0,52.0,,
3.147945205479452,basic_sir,3.143105854347153e-07,1.5862835497324328e-71,0.9999996856894146,15.0,780.0,52.0,,
3.1506849315068495,basic_sir,3.143105854347153e-07,1.3756534311027764e-71,0.9999996856894146,15.0,780.0,52.0,,
3.1534246575342464,basic_sir,3.143105854347153e-07,1.1929912296096684e-71,0.9999996856894146,15.0,780.0,52.0,,
3.1561643835616437,basic_sir,3.143105854347153e-07,1.03458330546571e-71,0.9999996856894146,15.0,780.0,52.0,,
3.158904109589041,basic_sir,3.143105854347153e-07,8.972091239082818e-72,0.9999996856894146,15.0,780.0,52.0,,
3.1616438356164385,basic_sir,3.143105854347153e-07,7.780757796607872e-72,0.9999996856894146,15.0,780.0,52.0,,
3.164383561643836,basic_sir,3.143105854347153e-07,6.747612153759482e-72,0.9999996856894146,15.0,780.0,52.0,,
3.1671232876712327,basic_sir,3.143105854347153e-07,5.85164979655494e-72,0.9999996856894146,15.0,780.0,52.0,,
3.16986301369863,basic_sir,3.143105854347153e-07,5.074655235251274e-72,0.9999996856894146,15.0,780.0,52.0,,
3.1726027397260275,basic_sir,3.143105854347153e-07,4.4008316717491016e-72,0.9999996856894146,15.0,780.0,52.0,,
3.175342465753425,basic_sir,3.143105854347153e-07,3.8164798405484206e-72,0.9999996856894146,15.0,780.0,52.0,,
3.1780821917808217,basic_sir,3.143105854347153e-07,3.3097194938891633e-72,0.9999996856894146,15.0,780.0,52.0,,
3.180821917808219,basic_sir,3.143105854347153e-07,2.8702478686892744e-72,0.9999996856894146,15.0,780.0,52.0,,
3.1835616438356165,basic_sir,3.143105854347153e-07,2.4891302247595273e-72,0.9999996856894146,15.0,780.0,52.0,,
3.186301369863014,basic_sir,3.143105854347153e-07,2.1586181958008983e-72,0.9999996856894146,15.0,780.0,52.0,,
3.189041095890411,basic_sir,3.143105854347153e-07,1.871992260144962e-72,0.9999996856894146,15.0,780.0,52.0,,
3.191780821917808,basic_sir,3.143105854347153e-07,1.6234251285658812e-72,0.9999996856894146,15.0,780.0,52.0,,
3.1945205479452055,basic_sir,3.143105854347153e-07,1.4078632717503867e-72,0.9999996856894146,15.0,780.0,52.0,,
3.197260273972603,basic_sir,3.143105854347153e-07,1.22092417880377e-72,0.9999996856894146,15.0,780.0,52.0,,
3.2,basic_sir,3.143105854347153e-07,1.0588072579905704e-72,0.9999996856894146,15.0,780.0,52.0,,
3.202739726027397,basic_sir,3.143105854347153e-07,9.18216568265471e-73,0.9999996856894146,15.0,780.0,52.0,,
3.2054794520547945,basic_sir,3.143105854347153e-07,7.962938106764543e-73,0.9999996856894146,15.0,780.0,52.0,,
3.208219178082192,basic_sir,3.143105854347153e-07,6.905602173128128e-73,0.9999996856894146,15.0,780.0,52.0,,
3.210958904109589,basic_sir,3.143105854347153e-07,5.988661563625787e-73,0.9999996856894146,15.0,780.0,52.0,,
3.2136986301369865,basic_sir,3.143105854347153e-07,5.19347428718197e-73,0.9999996856894146,15.0,780.0,52.0,,
3.2164383561643834,basic_sir,3.143105854347153e-07,4.5038736761225165e-73,0.9999996856894146,15.0,780.0,52.0,,
3.219178082191781,basic_sir,3.143105854347153e-07,3.905839707444794e-73,0.9999996856894146,15.0,780.0,52.0,,
3.221917808219178,basic_sir,3.143105854347153e-07,3.387213966752793e-73,0.9999996856894146,15.0,780.0,52.0,,
3.2246575342465755,basic_sir,3.143105854347153e-07,2.9374524598888324e-73,0.9999996856894146,15.0,780.0,52.0,,
3.2273972602739724,basic_sir,3.143105854347153e-07,2.5474112467654724e-73,0.9999996856894146,15.0,780.0,52.0,,
3.23013698630137,basic_sir,3.143105854347153e-07,2.209160539194788e-73,0.9999996856894146,15.0,780.0,52.0,,
3.232876712328767,basic_sir,3.143105854347153e-07,1.915823483205623e-73,0.9999996856894146,15.0,780.0,52.0,,
3.2356164383561645,basic_sir,3.143105854347153e-07,1.6614363481885903e-73,0.9999996856894146,15.0,780.0,52.0,,
3.238356164383562,basic_sir,3.143105854347153e-07,1.440827280425381e-73,0.9999996856894146,15.0,780.0,52.0,,
3.241095890410959,basic_sir,3.143105854347153e-07,1.2495111559834502e-73,0.9999996856894146,15.0,780.0,52.0,,
3.243835616438356,basic_sir,3.143105854347153e-07,1.0835983952678352e-73,0.9999996856894146,15.0,780.0,52.0,,
3.2465753424657535,basic_sir,3.143105854347153e-07,9.397158853718788e-74,0.9999996856894146,15.0,780.0,52.0,,
3.249315068493151,basic_sir,3.143105854347153e-07,8.149384025268743e-74,0.9999996856894146,15.0,780.0,52.0,,
3.252054794520548,basic_sir,3.143105854347153e-07,7.067291404255143e-74,0.9999996856894146,15.0,780.0,52.0,,
3.254794520547945,basic_sir,3.143105854347153e-07,6.128881353214962e-74,0.9999996856894146,15.0,780.0,52.0,,
3.2575342465753425,basic_sir,3.143105854347153e-07,5.3150753935474705e-74,0.9999996856894146,15.0,780.0,52.0,,
3.26027397260274,basic_sir,3.143105854347153e-07,4.609328327799164e-74,0.9999996856894146,15.0,780.0,52.0,,
3.263013698630137,basic_sir,3.143105854347153e-07,3.997291865181249e-74,0.9999996856894146,15.0,780.0,52.0,,
3.265753424657534,basic_sir,3.143105854347153e-07,3.466522911608917e-74,0.9999996856894146,15.0,780.0,52.0,,
3.2684931506849315,basic_sir,3.143105854347153e-07,3.0062305936133307e-74,0.9999996856894146,15.0,780.0,52.0,,
3.271232876712329,basic_sir,3.143105854347153e-07,2.607056872958102e-74,0.9999996856894146,15.0,780.0,52.0,,
3.2739726027397262,basic_sir,3.143105854347153e-07,2.2608862917161476e-74,0.9999996856894146,15.0,780.0,52.0,,
3.276712328767123,basic_sir,3.143105854347153e-07,1.960680979801648e-74,0.9999996856894146,15.0,780.0,52.0,,
3.2794520547945205,basic_sir,3.143105854347153e-07,1.7003375705541705e-74,0.9999996856894146,15.0,780.0,52.0,,
3.282191780821918,basic_sir,3.143105854347153e-07,1.474563115377669e-74,0.9999996856894146,15.0,780.0,52.0,,
3.2849315068493152,basic_sir,3.143105854347153e-07,1.2787674746983575e-74,0.9999996856894146,15.0,780.0,52.0,,
3.287671232876712,basic_sir,3.143105854347153e-07,1.1089699974813412e-74,0.9999996856894146,15.0,780.0,52.0,,
3.2904109589041095,basic_sir,3.143105854347153e-07,9.61718592040224e-75,0.9999996856894146,15.0,780.0,52.0,,
3.293150684931507,basic_sir,3.143105854347153e-07,8.340195427977688e-75,0.9999996856894146,15.0,780.0,52.0,,
3.2958904109589042,basic_sir,3.143105854347153e-07,7.232766461267562e-75,0.9999996856894146,15.0,780.0,52.0,,
3.2986301369863016,basic_sir,3.143105854347153e-07,6.272384278640531e-75,0.9999996856894146,15.0,780.0,52.0,,
3.3013698630136985,basic_sir,3.143105854347153e-07,5.439523693959127e-75,0.9999996856894146,15.0,780.0,52.0,,
3.304109589041096,basic_sir,3.143105854347153e-07,4.7172521170139485e-75,0.9999996856894146,15.0,780.0,52.0,,
3.3068493150684932,basic_sir,3.143105854347153e-07,4.0908853030983395e-75,0.9999996856894146,15.0,780.0,52.0,,
3.3095890410958906,basic_sir,3.143105854347153e-07,3.547688812888715e-75,0.9999996856894146,15.0,780.0,52.0,,
3.3123287671232875,basic_sir,3.143105854347153e-07,3.0766191131204826e-75,0.9999996856894146,15.0,780.0,52.0,,
3.315068493150685,basic_sir,3.143105854347153e-07,2.6680990544688357e-75,0.9999996856894146,15.0,780.0,52.0,,
3.317808219178082,basic_sir,3.143105854347153e-07,2.313823161956909e-75,0.9999996856894146,15.0,780.0,52.0,,
3.3205479452054796,basic_sir,3.143105854347153e-07,2.006588779318801e-75,0.9999996856894146,15.0,780.0,52.0,,
3.323287671232877,basic_sir,3.143105854347153e-07,1.7401496343751703e-75,0.9999996856894146,15.0,780.0,52.0,,
3.326027397260274,basic_sir,3.143105854347153e-07,1.5090888483110616e-75,0.9999996856894146,15.0,780.0,52.0,,
3.328767123287671,basic_sir,3.143105854347153e-07,1.3087088070529485e-75,0.9999996856894146,15.0,780.0,52.0,,
3.3315068493150686,basic_sir,3.143105854347153e-07,1.1349356557599564e-75,0.9999996856894146,15.0,780.0,52.0,,
3.334246575342466,basic_sir,3.143105854347153e-07,9.842364747402271e-76,0.9999996856894146,15.0,780.0,52.0,,
3.336986301369863,basic_sir,3.143105854347153e-07,8.535474529262483e-76,0.9999996856894146,15.0,780.0,52.0,,
3.33972602739726,basic_sir,3.143105854347153e-07,7.402115986294413e-76,0.9999996856894146,15.0,780.0,52.0,,
3.3424657534246576,basic_sir,3.143105854347153e-07,6.419247211940261e-76,0.9999996856894146,15.0,780.0,52.0,,
3.345205479452055,basic_sir,3.143105854347153e-07,5.566885853220925e-76,0.9999996856894146,15.0,780.0,52.0,,
3.3479452054794523,basic_sir,3.143105854347153e-07,4.82770285667566e-76,0.9999996856894146,15.0,780.0,52.0,,
3.350684931506849,basic_sir,3.143105854347153e-07,4.1866701575836894e-76,0.9999996856894146,15.0,780.0,52.0,,
3.3534246575342466,basic_sir,3.143105854347153e-07,3.6307551497631523e-76,0.9999996856894146,15.0,780.0,52.0,,
3.356164383561644,basic_sir,3.143105854347153e-07,3.148655724323833e-76,0.9999996856894146,15.0,780.0,52.0,,
3.3589041095890413,basic_sir,3.143105854347153e-07,2.7305704905394054e-76,0.9999996856894146,15.0,780.0,52.0,,
3.361643835616438,basic_sir,3.143105854347153e-07,2.367999507283682e-76,0.9999996856894146,15.0,780.0,52.0,,
3.3643835616438356,basic_sir,3.143105854347153e-07,2.0535714737721065e-76,0.9999996856894146,15.0,780.0,52.0,,
3.367123287671233,basic_sir,3.143105854347153e-07,1.7808938662863217e-76,0.9999996856894146,15.0,780.0,52.0,,
3.3698630136986303,basic_sir,3.143105854347153e-07,1.5444229740640658e-76,0.9999996856894146,15.0,780.0,52.0,,
3.3726027397260276,basic_sir,3.143105854347153e-07,1.3393511921015336e-76,0.9999996856894146,15.0,780.0,52.0,,
3.3753424657534246,basic_sir,3.143105854347153e-07,1.1615092794581982e-76,0.9999996856894146,15.0,780.0,52.0,,
3.378082191780822,basic_sir,3.143105854347153e-07,1.0072815959125967e-76,0.9999996856894146,15.0,780.0,52.0,,
3.3808219178082193,basic_sir,3.143105854347153e-07,8.73532593676315e-77,0.9999996856894146,15.0,780.0,52.0,,
3.3835616438356166,basic_sir,3.143105854347153e-07,7.575430696949633e-77,0.9999996856894146,15.0,780.0,52.0,,
3.3863013698630136,basic_sir,3.143105854347153e-07,6.569548825049654e-77,0.9999996856894146,15.0,780.0,52.0,,
3.389041095890411,basic_sir,3.143105854347153e-07,5.6972300970410754e-77,0.9999996856894146,15.0,780.0,52.0,,
3.3917808219178083,basic_sir,3.143105854347153e-07,4.940739713337214e-77,0.9999996856894146,15.0,780.0,52.0,,
3.3945205479452056,basic_sir,3.143105854347153e-07,4.284697738928536e-77,0.9999996856894146,15.0,780.0,52.0,,
3.3972602739726026,basic_sir,3.143105854347153e-07,3.7157664194334624e-77,0.9999996856894146,15.0,780.0,52.0,,
3.4,basic_sir,3.143105854347153e-07,3.2223790159913863e-77,0.9999996856894146,15.0,780.0,52.0,,
3.4027397260273973,basic_sir,3.143105854347153e-07,2.794504646038759e-77,0.9999996856894146,15.0,780.0,52.0,,
3.4054794520547946,basic_sir,3.143105854347153e-07,2.4234443490284584e-77,0.9999996856894146,15.0,780.0,52.0,,
3.408219178082192,basic_sir,3.143105854347153e-07,2.1016542309790495e-77,0.9999996856894146,15.0,780.0,52.0,,
3.410958904109589,basic_sir,3.143105854347153e-07,1.822592092268579e-77,0.9999996856894146,15.0,780.0,52.0,,
3.4136986301369863,basic_sir,3.143105854347153e-07,1.5805844205173601e-77,0.9999996856894146,15.0,780.0,52.0,,
3.4164383561643836,basic_sir,3.143105854347153e-07,1.3707110444403568e-77,0.9999996856894146,15.0,780.0,52.0,,
3.419178082191781,basic_sir,3.143105854347153e-07,1.1887051036070477e-77,0.9999996856894146,15.0,780.0,52.0,,
3.421917808219178,basic_sir,3.143105854347153e-07,1.0308663004305125e-77,0.9999996856894146,15.0,780.0,52.0,,
3.4246575342465753,basic_sir,3.143105854347153e-07,8.93985670742574e-78,0.9999996856894146,15.0,780.0,52.0,,
3.4273972602739726,basic_sir,3.143105854347153e-07,7.752803434929261e-78,0.9999996856894146,15.0,780.0,52.0,,
3.43013698630137,basic_sir,3.143105854347153e-07,6.72336963194555e-78,0.9999996856894146,15.0,780.0,52.0,,
3.4328767123287673,basic_sir,3.143105854347153e-07,5.830626248578439e-78,0.9999996856894146,15.0,780.0,52.0,,
3.4356164383561643,basic_sir,3.143105854347153e-07,5.056423238889388e-78,0.9999996856894146,15.0,780.0,52.0,,
3.4383561643835616,basic_sir,3.143105854347153e-07,4.385020558814525e-78,0.9999996856894146,15.0,780.0,52.0,,
3.441095890410959,basic_sir,3.143105854347153e-07,3.8027681609677605e-78,0.9999996856894146,15.0,780.0,52.0,,
3.4438356164383563,basic_sir,3.143105854347153e-07,3.297828480416433e-78,0.9999996856894146,15.0,780.0,52.0,,
3.4465753424657533,basic_sir,3.143105854347153e-07,2.8599357693891807e-78,0.9999996856894146,15.0,780.0,52.0,,
3.4493150684931506,basic_sir,3.143105854347153e-07,2.4801873880350093e-78,0.9999996856894146,15.0,780.0,52.0,,
3.452054794520548,basic_sir,3.143105854347153e-07,2.1508628080419127e-78,0.9999996856894146,15.0,780.0,52.0,,
3.4547945205479453,basic_sir,3.143105854347153e-07,1.8652666493410293e-78,0.9999996856894146,15.0,780.0,52.0,,
3.4575342465753427,basic_sir,3.143105854347153e-07,1.6175925587328828e-78,0.9999996856894146,15.0,780.0,52.0,,
3.4602739726027396,basic_sir,3.143105854347153e-07,1.4028051630004014e-78,0.9999996856894146,15.0,780.0,52.0,,
3.463013698630137,basic_sir,3.143105854347153e-07,1.2165376965396238e-78,0.9999996856894146,15.0,780.0,52.0,,
3.4657534246575343,basic_sir,3.143105854347153e-07,1.0550032222126275e-78,0.9999996856894146,15.0,780.0,52.0,,
3.4684931506849317,basic_sir,3.143105854347153e-07,9.149176404849484e-79,0.9999996856894146,15.0,780.0,52.0,,
3.4712328767123286,basic_sir,3.143105854347153e-07,7.93432921574394e-79,0.9999996856894146,15.0,780.0,52.0,,
3.473972602739726,basic_sir,3.143105854347153e-07,6.880792031776555e-79,0.9999996856894146,15.0,780.0,52.0,,
3.4767123287671233,basic_sir,3.143105854347153e-07,5.967145765846637e-79,0.9999996856894146,15.0,780.0,52.0,,
3.4794520547945207,basic_sir,3.143105854347153e-07,5.1748154029977433e-79,0.9999996856894146,15.0,780.0,52.0,,
3.482191780821918,basic_sir,3.143105854347153e-07,4.487692358442538e-79,0.9999996856894146,15.0,780.0,52.0,,
3.484931506849315,basic_sir,3.143105854347153e-07,3.891806979695811e-79,0.9999996856894146,15.0,780.0,52.0,,
3.4876712328767123,basic_sir,3.143105854347153e-07,3.375044534573486e-79,0.9999996856894146,15.0,780.0,52.0,,
3.4904109589041097,basic_sir,3.143105854347153e-07,2.9268989109127624e-79,0.9999996856894146,15.0,780.0,52.0,,
3.493150684931507,basic_sir,3.143105854347153e-07,2.538259020568722e-79,0.9999996856894146,15.0,780.0,52.0,,
3.495890410958904,basic_sir,3.143105854347153e-07,2.2012235651450778e-79,0.9999996856894146,15.0,780.0,52.0,,
3.4986301369863013,basic_sir,3.143105854347153e-07,1.9089403975265844e-79,0.9999996856894146,15.0,780.0,52.0,,
3.5013698630136987,basic_sir,3.143105854347153e-07,1.655467213330865e-79,0.9999996856894146,15.0,780.0,52.0,,
3.504109589041096,basic_sir,3.143105854347153e-07,1.435650740046374e-79,0.9999996856894146,15.0,780.0,52.0,,
3.506849315068493,basic_sir,3.143105854347153e-07,1.245021967694998e-79,0.9999996856894146,15.0,780.0,52.0,,
3.5095890410958903,basic_sir,3.143105854347153e-07,1.0797052909909125e-79,0.9999996856894146,15.0,780.0,52.0,,
3.5123287671232877,basic_sir,3.143105854347153e-07,9.363397157979758e-80,0.9999996856894146,15.0,780.0,52.0,,
3.515068493150685,basic_sir,3.143105854347153e-07,8.120105279617577e-80,0.9999996856894146,15.0,780.0,52.0,,
3.5178082191780824,basic_sir,3.143105854347153e-07,7.04190035300175e-80,0.9999996856894146,15.0,780.0,52.0,,
3.5205479452054793,basic_sir,3.143105854347153e-07,6.106861779991936e-80,0.9999996856894146,15.0,780.0,52.0,,
3.5232876712328767,basic_sir,3.143105854347153e-07,5.29597962629906e-80,0.9999996856894146,15.0,780.0,52.0,,
3.526027397260274,basic_sir,3.143105854347153e-07,4.5927681373217136e-80,0.9999996856894146,15.0,780.0,52.0,,
3.5287671232876714,basic_sir,3.143105854347153e-07,3.982930572174076e-80,0.9999996856894146,15.0,780.0,52.0,,
3.5315068493150683,basic_sir,3.143105854347153e-07,3.45406854176842e-80,0.9999996856894146,15.0,780.0,52.0,,
3.5342465753424657,basic_sir,3.143105854347153e-07,2.9954299416074562e-80,0.9999996856894146,15.0,780.0,52.0,,
3.536986301369863,basic_sir,3.143105854347153e-07,2.5976903545998083e-80,0.9999996856894146,15.0,780.0,52.0,,
3.5397260273972604,basic_sir,3.143105854347153e-07,2.252763479675862e-80,0.9999996856894146,15.0,780.0,52.0,,
3.5424657534246577,basic_sir,3.143105854347153e-07,1.9536367320973973e-80,0.9999996856894146,15.0,780.0,52.0,,
3.5452054794520547,basic_sir,3.143105854347153e-07,1.6942286731092825e-80,0.9999996856894146,15.0,780.0,52.0,,
3.547945205479452,basic_sir,3.143105854347153e-07,1.4692653703864076e-80,0.9999996856894146,15.0,780.0,52.0,,
3.5506849315068494,basic_sir,3.143105854347153e-07,1.2741731756050045e-80,0.9999996856894146,15.0,780.0,52.0,,
3.5534246575342467,basic_sir,3.143105854347153e-07,1.1049857392367226e-80,0.9999996856894146,15.0,780.0,52.0,,
3.5561643835616437,basic_sir,3.143105854347153e-07,9.58263372117217e-81,0.9999996856894146,15.0,780.0,52.0,,
3.558904109589041,basic_sir,3.143105854347153e-07,8.310231143577834e-81,0.9999996856894146,15.0,780.0,52.0,,
3.5616438356164384,basic_sir,3.143105854347153e-07,7.206780898565262e-81,0.9999996856894146,15.0,780.0,52.0,,
3.5643835616438357,basic_sir,3.143105854347153e-07,6.249849134468744e-81,0.9999996856894146,15.0,780.0,52.0,,
3.567123287671233,basic_sir,3.143105854347153e-07,5.419980814373857e-81,0.9999996856894146,15.0,780.0,52.0,,
3.56986301369863,basic_sir,3.143105854347153e-07,4.700304182731035e-81,0.9999996856894146,15.0,780.0,52.0,,
3.5726027397260274,basic_sir,3.143105854347153e-07,4.0761877517366507e-81,0.9999996856894146,15.0,780.0,52.0,,
3.5753424657534247,basic_sir,3.143105854347153e-07,3.53494283379631e-81,0.9999996856894146,15.0,780.0,52.0,,
3.578082191780822,basic_sir,3.143105854347153e-07,3.065565572362085e-81,0.9999996856894146,15.0,780.0,52.0,,
3.580821917808219,basic_sir,3.143105854347153e-07,2.658513226466905e-81,0.9999996856894146,15.0,780.0,52.0,,
3.5835616438356164,basic_sir,3.143105854347153e-07,2.305510160675996e-81,0.9999996856894146,15.0,780.0,52.0,,
3.5863013698630137,basic_sir,3.143105854347153e-07,1.999379596107654e-81,0.9999996856894146,15.0,780.0,52.0,,
3.589041095890411,basic_sir,3.143105854347153e-07,1.7338977019123164e-81,0.9999996856894146,15.0,780.0,52.0,,
3.5917808219178085,basic_sir,3.143105854347153e-07,1.5036670607970618e-81,0.9999996856894146,15.0,780.0,52.0,,
3.5945205479452054,basic_sir,3.143105854347153e-07,1.304006936068058e-81,0.9999996856894146,15.0,780.0,52.0,,
3.5972602739726027,basic_sir,3.143105854347153e-07,1.130858109249398e-81,0.9999996856894146,15.0,780.0,52.0,,
3.6,basic_sir,3.143105854347153e-07,9.807003535665083e-82,0.9999996856894146,15.0,780.0,52.0,,
3.6027397260273974,basic_sir,3.143105854347153e-07,8.504808654764362e-82,0.9999996856894146,15.0,780.0,52.0,,
3.6054794520547944,basic_sir,3.143105854347153e-07,7.375521992126124e-82,0.9999996856894146,15.0,780.0,52.0,,
3.6082191780821917,basic_sir,3.143105854347153e-07,6.396184425132376e-82,0.9999996856894146,15.0,780.0,52.0,,
3.610958904109589,basic_sir,3.143105854347153e-07,5.546885392516146e-82,0.9999996856894146,15.0,780.0,52.0,,
3.6136986301369864,basic_sir,3.143105854347153e-07,4.8103580998717416e-82,0.9999996856894146,15.0,780.0,52.0,,
3.616438356164384,basic_sir,3.143105854347153e-07,4.1716284746430005e-82,0.9999996856894146,15.0,780.0,52.0,,
3.6191780821917807,basic_sir,3.143105854347153e-07,3.6177107336180835e-82,0.9999996856894146,15.0,780.0,52.0,,
3.621917808219178,basic_sir,3.143105854347153e-07,3.1373433736222684e-82,0.9999996856894146,15.0,780.0,52.0,,
3.6246575342465754,basic_sir,3.143105854347153e-07,2.720760217931415e-82,0.9999996856894146,15.0,780.0,52.0,,
3.627397260273973,basic_sir,3.143105854347153e-07,2.3594918636309446e-82,0.9999996856894146,15.0,780.0,52.0,,
3.6301369863013697,basic_sir,3.143105854347153e-07,2.0461934932191424e-82,0.9999996856894146,15.0,780.0,52.0,,
3.632876712328767,basic_sir,3.143105854347153e-07,1.774495549753312e-82,0.9999996856894146,15.0,780.0,52.0,,
3.6356164383561644,basic_sir,3.143105854347153e-07,1.538874239669511e-82,0.9999996856894146,15.0,780.0,52.0,,
3.638356164383562,basic_sir,3.143105854347153e-07,1.3345392305140642e-82,0.9999996856894146,15.0,780.0,52.0,,
3.6410958904109587,basic_sir,3.143105854347153e-07,1.1573362604104663e-82,0.9999996856894146,15.0,780.0,52.0,,
3.643835616438356,basic_sir,3.143105854347153e-07,1.0036626792491554e-82,0.9999996856894146,15.0,780.0,52.0,,
3.6465753424657534,basic_sir,3.143105854347153e-07,8.703942044988078e-83,0.9999996856894146,15.0,780.0,52.0,,
3.649315068493151,basic_sir,3.143105854347153e-07,7.548214025372209e-83,0.9999996856894146,15.0,780.0,52.0,,
3.652054794520548,basic_sir,3.143105854347153e-07,6.54594604126914e-83,0.9999996856894146,15.0,780.0,52.0,,
3.654794520547945,basic_sir,3.143105854347153e-07,5.676761341315461e-83,0.9999996856894146,15.0,780.0,52.0,,
3.6575342465753424,basic_sir,3.143105854347153e-07,4.922988842725781e-83,0.9999996856894146,15.0,780.0,52.0,,
3.66027397260274,basic_sir,3.143105854347153e-07,4.2693038668394e-83,0.9999996856894146,15.0,780.0,52.0,,
3.663013698630137,basic_sir,3.143105854347153e-07,3.702416578567316e-83,0.9999996856894146,15.0,780.0,52.0,,
3.665753424657534,basic_sir,3.143105854347153e-07,3.2108017955157846e-83,0.9999996856894146,15.0,780.0,52.0,,
3.6684931506849314,basic_sir,3.143105854347153e-07,2.7844646736311895e-83,0.9999996856894146,15.0,780.0,52.0,,
3.671232876712329,basic_sir,3.143105854347153e-07,2.4147375056063104e-83,0.9999996856894146,15.0,780.0,52.0,,
3.673972602739726,basic_sir,3.143105854347153e-07,2.094103500827575e-83,0.9999996856894146,15.0,780.0,52.0,,
3.6767123287671235,basic_sir,3.143105854347153e-07,1.8160439641977644e-83,0.9999996856894146,15.0,780.0,52.0,,
3.6794520547945204,basic_sir,3.143105854347153e-07,1.5749057668810806e-83,0.9999996856894146,15.0,780.0,52.0,,
3.682191780821918,basic_sir,3.143105854347153e-07,1.3657864145656352e-83,0.9999996856894146,15.0,780.0,52.0,,
3.684931506849315,basic_sir,3.143105854347153e-07,1.1844343766079467e-83,0.9999996856894146,15.0,780.0,52.0,,
3.6876712328767125,basic_sir,3.143105854347153e-07,1.027162649686202e-83,0.9999996856894146,15.0,780.0,52.0,,
3.6904109589041094,basic_sir,3.143105854347153e-07,8.907737986564995e-84,0.9999996856894146,15.0,780.0,52.0,,
3.6931506849315068,basic_sir,3.143105854347153e-07,7.724949506442032e-84,0.9999996856894146,15.0,780.0,52.0,,
3.695890410958904,basic_sir,3.143105854347153e-07,6.699214207589286e-84,0.9999996856894146,15.0,780.0,52.0,,
3.6986301369863015,basic_sir,3.143105854347153e-07,5.80967823307324e-84,0.9999996856894146,15.0,780.0,52.0,,
3.701369863013699,basic_sir,3.143105854347153e-07,5.038256745635665e-84,0.9999996856894146,15.0,780.0,52.0,,
3.7041095890410958,basic_sir,3.143105854347153e-07,4.36926625134557e-84,0.9999996856894146,15.0,780.0,52.0,,
3.706849315068493,basic_sir,3.143105854347153e-07,3.7891057441016387e-84,0.9999996856894146,15.0,780.0,52.0,,
3.7095890410958905,basic_sir,3.143105854347153e-07,3.285980188449838e-84,0.9999996856894146,15.0,780.0,52.0,,
3.712328767123288,basic_sir,3.143105854347153e-07,2.849660718942236e-84,0.9999996856894146,15.0,780.0,52.0,,
3.7150684931506848,basic_sir,3.143105854347153e-07,2.4712766807378256e-84,0.9999996856894146,15.0,780.0,52.0,,
3.717808219178082,basic_sir,3.143105854347153e-07,2.1431352834962594e-84,0.9999996856894146,15.0,780.0,52.0,,
3.7205479452054795,basic_sir,3.143105854347153e-07,1.8585652020134365e-84,0.9999996856894146,15.0,780.0,52.0,,
3.723287671232877,basic_sir,3.143105854347153e-07,1.6117809438982507e-84,0.9999996856894146,15.0,780.0,52.0,,
3.726027397260274,basic_sir,3.143105854347153e-07,1.3977652267992669e-84,0.9999996856894146,15.0,780.0,52.0,,
3.728767123287671,basic_sir,3.143105854347153e-07,1.2121669738344964e-84,0.9999996856894146,15.0,780.0,52.0,,
3.7315068493150685,basic_sir,3.143105854347153e-07,1.0512128534057887e-84,0.9999996856894146,15.0,780.0,52.0,,
3.734246575342466,basic_sir,3.143105854347153e-07,9.1163056494593e-85,0.9999996856894146,15.0,780.0,52.0,,
3.736986301369863,basic_sir,3.143105854347153e-07,7.905823109478535e-85,0.9999996856894146,15.0,780.0,52.0,,
3.73972602739726,basic_sir,3.143105854347153e-07,6.856071027200954e-85,0.9999996856894146,15.0,780.0,52.0,,
3.7424657534246575,basic_sir,3.143105854347153e-07,5.945707269071916e-85,0.9999996856894146,15.0,780.0,52.0,,
3.745205479452055,basic_sir,3.143105854347153e-07,5.156223555625433e-85,0.9999996856894146,15.0,780.0,52.0,,
3.747945205479452,basic_sir,3.143105854347153e-07,4.4715691762834767e-85,0.9999996856894146,15.0,780.0,52.0,,
3.7506849315068496,basic_sir,3.143105854347153e-07,3.8778246681089004e-85,0.9999996856894146,15.0,780.0,52.0,,
3.7534246575342465,basic_sir,3.143105854347153e-07,3.3629188241906204e-85,0.9999996856894146,15.0,780.0,52.0,,
3.756164383561644,basic_sir,3.143105854347153e-07,2.916383278259596e-85,0.9999996856894146,15.0,780.0,52.0,,
3.758904109589041,basic_sir,3.143105854347153e-07,2.5291396760845753e-85,0.9999996856894146,15.0,780.0,52.0,,
3.7616438356164386,basic_sir,3.143105854347153e-07,2.193315106703823e-85,0.9999996856894146,15.0,780.0,52.0,,
3.7643835616438355,basic_sir,3.143105854347153e-07,1.9020820410926349e-85,0.9999996856894146,15.0,780.0,52.0,,
3.767123287671233,basic_sir,3.143105854347153e-07,1.6495195241162355e-85,0.9999996856894146,15.0,780.0,52.0,,
3.76986301369863,basic_sir,3.143105854347153e-07,1.430492797712156e-85,0.9999996856894146,15.0,780.0,52.0,,
3.7726027397260276,basic_sir,3.143105854347153e-07,1.2405489079631868e-85,0.9999996856894146,15.0,780.0,52.0,,
3.7753424657534245,basic_sir,3.143105854347153e-07,1.0758261736864481e-85,0.9999996856894146,15.0,780.0,52.0,,
3.778082191780822,basic_sir,3.143105854347153e-07,9.329756759764465e-86,0.9999996856894146,15.0,780.0,52.0,,
3.780821917808219,basic_sir,3.143105854347153e-07,8.09093172534581e-86,0.9999996856894146,15.0,780.0,52.0,,
3.7835616438356166,basic_sir,3.143105854347153e-07,7.016600525591835e-86,0.9999996856894146,15.0,780.0,52.0,,
3.786301369863014,basic_sir,3.143105854347153e-07,6.0849213177152825e-86,0.9999996856894146,15.0,780.0,52.0,,
3.789041095890411,basic_sir,3.143105854347153e-07,5.2769524654766716e-86,0.9999996856894146,15.0,780.0,52.0,,
3.791780821917808,basic_sir,3.143105854347153e-07,4.576267443562468e-86,0.9999996856894146,15.0,780.0,52.0,,
3.7945205479452055,basic_sir,3.143105854347153e-07,3.9686208757838485e-86,0.9999996856894146,15.0,780.0,52.0,,
3.797260273972603,basic_sir,3.143105854347153e-07,3.4416589174356824e-86,0.9999996856894146,15.0,780.0,52.0,,
3.8,basic_sir,3.143105854347153e-07,2.9846680937052974e-86,0.9999996856894146,15.0,780.0,52.0,,
3.802739726027397,basic_sir,3.143105854347153e-07,2.5883574878534386e-86,0.9999996856894146,15.0,780.0,52.0,,
3.8054794520547945,basic_sir,3.143105854347153e-07,2.2446698509145765e-86,0.9999996856894146,15.0,780.0,52.0,,
3.808219178082192,basic_sir,3.143105854347153e-07,1.94661779265406e-86,0.9999996856894146,15.0,780.0,52.0,,
3.8109589041095893,basic_sir,3.143105854347153e-07,1.688141723440277e-86,0.9999996856894146,15.0,780.0,52.0,,
3.813698630136986,basic_sir,3.143105854347153e-07,1.4639866588984924e-86,0.9999996856894146,15.0,780.0,52.0,,
3.8164383561643835,basic_sir,3.143105854347153e-07,1.2695953827057608e-86,0.9999996856894146,15.0,780.0,52.0,,
3.819178082191781,basic_sir,3.143105854347153e-07,1.1010157954585217e-86,0.9999996856894146,15.0,780.0,52.0,,
3.8219178082191783,basic_sir,3.143105854347153e-07,9.548205659551514e-87,0.9999996856894146,15.0,780.0,52.0,,
3.824657534246575,basic_sir,3.143105854347153e-07,8.280374513530602e-87,0.9999996856894146,15.0,780.0,52.0,,
3.8273972602739725,basic_sir,3.143105854347153e-07,7.180888695640653e-87,0.9999996856894146,15.0,780.0,52.0,,
3.83013698630137,basic_sir,3.143105854347153e-07,6.227394953563914e-87,0.9999996856894146,15.0,780.0,52.0,,
3.8328767123287673,basic_sir,3.143105854347153e-07,5.400508147580116e-87,0.9999996856894146,15.0,780.0,52.0,,
3.8356164383561646,basic_sir,3.143105854347153e-07,4.683417138234973e-87,0.9999996856894146,15.0,780.0,52.0,,
3.8383561643835615,basic_sir,3.143105854347153e-07,4.061543005085926e-87,0.9999996856894146,15.0,780.0,52.0,,
3.841095890410959,basic_sir,3.143105854347153e-07,3.522242647892536e-87,0.9999996856894146,15.0,780.0,52.0,,
3.8438356164383563,basic_sir,3.143105854347153e-07,3.0545517442749705e-87,0.9999996856894146,15.0,780.0,52.0,,
3.8465753424657536,basic_sir,3.143105854347153e-07,2.6489618380028015e-87,0.9999996856894146,15.0,780.0,52.0,,
3.8493150684931505,basic_sir,3.143105854347153e-07,2.2972270259775546e-87,0.9999996856894146,15.0,780.0,52.0,,
3.852054794520548,basic_sir,3.143105854347153e-07,1.9921963137303515e-87,0.9999996856894146,15.0,780.0,52.0,,
3.8547945205479452,basic_sir,3.143105854347153e-07,1.7276682311152555e-87,0.9999996856894146,15.0,780.0,52.0,,
3.8575342465753426,basic_sir,3.143105854347153e-07,1.4982647524409189e-87,0.9999996856894146,15.0,780.0,52.0,,
3.86027397260274,basic_sir,3.143105854347153e-07,1.299321957756769e-87,0.9999996856894146,15.0,780.0,52.0,,
3.863013698630137,basic_sir,3.143105854347153e-07,1.126795212367178e-87,0.9999996856894146,15.0,780.0,52.0,,
3.8657534246575342,basic_sir,3.143105854347153e-07,9.771769368121797e-88,0.9999996856894146,15.0,780.0,52.0,,
3.8684931506849316,basic_sir,3.143105854347153e-07,8.474252955260862e-88,0.9999996856894146,15.0,780.0,52.0,,
3.871232876712329,basic_sir,3.143105854347153e-07,7.349023543680953e-88,0.9999996856894146,15.0,780.0,52.0,,
3.873972602739726,basic_sir,3.143105854347153e-07,6.37320449728252e-88,0.9999996856894146,15.0,780.0,52.0,,
3.8767123287671232,basic_sir,3.143105854347153e-07,5.526956788579932e-88,0.9999996856894146,15.0,780.0,52.0,,
3.8794520547945206,basic_sir,3.143105854347153e-07,4.793075658541145e-88,0.9999996856894146,15.0,780.0,52.0,,
3.882191780821918,basic_sir,3.143105854347153e-07,4.1566408327940526e-88,0.9999996856894146,15.0,780.0,52.0,,
3.8849315068493153,basic_sir,3.143105854347153e-07,3.604713182872975e-88,0.9999996856894146,15.0,780.0,52.0,,
3.8876712328767122,basic_sir,3.143105854347153e-07,3.1260716654328075e-88,0.9999996856894146,15.0,780.0,52.0,,
3.8904109589041096,basic_sir,3.143105854347153e-07,2.710985191235944e-88,0.9999996856894146,15.0,780.0,52.0,,
3.893150684931507,basic_sir,3.143105854347153e-07,2.3510147858632194e-88,0.9999996856894146,15.0,780.0,52.0,,
3.8958904109589043,basic_sir,3.143105854347153e-07,2.0388420199475837e-88,0.9999996856894146,15.0,780.0,52.0,,
3.8986301369863012,basic_sir,3.143105854347153e-07,1.7681202208082939e-88,0.9999996856894146,15.0,780.0,52.0,,
3.9013698630136986,basic_sir,3.143105854347153e-07,1.5333454405219047e-88,0.9999996856894146,15.0,780.0,52.0,,
3.904109589041096,basic_sir,3.143105854347153e-07,1.329744557128864e-88,0.9999996856894146,15.0,780.0,52.0,,
3.9068493150684933,basic_sir,3.143105854347153e-07,1.1531782340005456e-88,0.9999996856894146,15.0,780.0,52.0,,
3.9095890410958902,basic_sir,3.143105854347153e-07,1.0000567644690696e-88,0.9999996856894146,15.0,780.0,52.0,,
3.9123287671232876,basic_sir,3.143105854347153e-07,8.672670907868071e-89,0.9999996856894146,15.0,780.0,52.0,,
3.915068493150685,basic_sir,3.143105854347153e-07,7.521095136645866e-89,0.9999996856894146,15.0,780.0,52.0,,
3.9178082191780823,basic_sir,3.143105854347153e-07,6.522428056523991e-89,0.9999996856894146,15.0,780.0,52.0,,
3.9205479452054797,basic_sir,3.143105854347153e-07,5.656366124827871e-89,0.9999996856894146,15.0,780.0,52.0,,
3.9232876712328766,basic_sir,3.143105854347153e-07,4.9053017466553524e-89,0.9999996856894146,15.0,780.0,52.0,,
3.926027397260274,basic_sir,3.143105854347153e-07,4.25396530117147e-89,0.9999996856894146,15.0,780.0,52.0,,
3.9287671232876713,basic_sir,3.143105854347153e-07,3.689114700417699e-89,0.9999996856894146,15.0,780.0,52.0,,
3.9315068493150687,basic_sir,3.143105854347153e-07,3.199266169164596e-89,0.9999996856894146,15.0,780.0,52.0,,
3.9342465753424656,basic_sir,3.143105854347153e-07,2.7744607723913976e-89,0.9999996856894146,15.0,780.0,52.0,,
3.936986301369863,basic_sir,3.143105854347153e-07,2.40606194374522e-89,0.9999996856894146,15.0,780.0,52.0,,
3.9397260273972603,basic_sir,3.143105854347153e-07,2.086579898604652e-89,0.9999996856894146,15.0,780.0,52.0,,
3.9424657534246577,basic_sir,3.143105854347153e-07,1.8095193619512352e-89,0.9999996856894146,15.0,780.0,52.0,,
3.945205479452055,basic_sir,3.143105854347153e-07,1.5692475152598047e-89,0.9999996856894146,15.0,780.0,52.0,,
3.947945205479452,basic_sir,3.143105854347153e-07,1.3608794776828098e-89,0.9999996856894146,15.0,780.0,52.0,,
3.9506849315068493,basic_sir,3.143105854347153e-07,1.1801789932874791e-89,0.9999996856894146,15.0,780.0,52.0,,
3.9534246575342467,basic_sir,3.143105854347153e-07,1.0234723052541196e-89,0.9999996856894146,15.0,780.0,52.0,,
3.956164383561644,basic_sir,3.143105854347153e-07,8.875734660420472e-90,0.9999996856894146,15.0,780.0,52.0,,
3.958904109589041,basic_sir,3.143105854347153e-07,7.697195650314256e-90,0.9999996856894146,15.0,780.0,52.0,,
3.9616438356164383,basic_sir,3.143105854347153e-07,6.675145567770795e-90,0.9999996856894146,15.0,780.0,52.0,,
3.9643835616438357,basic_sir,3.143105854347153e-07,5.7888054786694844e-90,0.9999996856894146,15.0,780.0,52.0,,
3.967123287671233,basic_sir,3.143105854347153e-07,5.020155520153666e-90,0.9999996856894146,15.0,780.0,52.0,,
3.9698630136986304,basic_sir,3.143105854347153e-07,4.353568545253971e-90,0.9999996856894146,15.0,780.0,52.0,,
3.9726027397260273,basic_sir,3.143105854347153e-07,3.775492412961153e-90,0.9999996856894146,15.0,780.0,52.0,,
3.9753424657534246,basic_sir,3.143105854347153e-07,3.2741744645013636e-90,0.9999996856894146,15.0,780.0,52.0,,
3.978082191780822,basic_sir,3.143105854347153e-07,2.8394225842410912e-90,0.9999996856894146,15.0,780.0,52.0,,
3.9808219178082194,basic_sir,3.143105854347153e-07,2.4623979874347345e-90,0.9999996856894146,15.0,780.0,52.0,,
3.9835616438356163,basic_sir,3.143105854347153e-07,2.1354355220582185e-90,0.9999996856894146,15.0,780.0,52.0,,
3.9863013698630136,basic_sir,3.143105854347153e-07,1.851887831348715e-90,0.9999996856894146,15.0,780.0,52.0,,
3.989041095890411,basic_sir,3.143105854347153e-07,1.6059902087757576e-90,0.9999996856894146,15.0,780.0,52.0,,
3.9917808219178084,basic_sir,3.143105854347153e-07,1.3927433978575188e-90,0.9999996856894146,15.0,780.0,52.0,,
3.9945205479452057,basic_sir,3.143105854347153e-07,1.2078119540681145e-90,0.9999996856894146,15.0,780.0,52.0,,
3.9972602739726026,basic_sir,3.143105854347153e-07,1.0474361024679657e-90,0.9999996856894146,15.0,780.0,52.0,,
4.0,basic_sir,3.143105854347153e-07,9.083552990661866e-91,0.9999996856894146,15.0,780.0,52.0,,
4.002739726027397,basic_sir,3.143105854347153e-07,7.877419418688178e-91,0.9999996856894146,15.0,780.0,52.0,,
4.005479452054795,basic_sir,3.143105854347153e-07,6.831438839154511e-91,0.9999996856894146,15.0,780.0,52.0,,
4.008219178082192,basic_sir,3.143105854347153e-07,5.924345795577866e-91,0.9999996856894146,15.0,780.0,52.0,,
4.010958904109589,basic_sir,3.143105854347153e-07,5.137698504218037e-91,0.9999996856894146,15.0,780.0,52.0,,
4.013698630136986,basic_sir,3.143105854347153e-07,4.4555039207786125e-91,0.9999996856894146,15.0,780.0,52.0,,
4.016438356164383,basic_sir,3.143105854347153e-07,3.863892591551379e-91,0.9999996856894146,15.0,780.0,52.0,,
4.019178082191781,basic_sir,3.143105854347153e-07,3.3508366785224665e-91,0.9999996856894146,15.0,780.0,52.0,,
4.021917808219178,basic_sir,3.143105854347153e-07,2.9059054257052503e-91,0.9999996856894146,15.0,780.0,52.0,,
4.024657534246575,basic_sir,3.143105854347153e-07,2.520053095177016e-91,0.9999996856894146,15.0,780.0,52.0,,
4.027397260273973,basic_sir,3.143105854347153e-07,2.1854350614215119e-91,0.9999996856894146,15.0,780.0,52.0,,
4.03013698630137,basic_sir,3.143105854347153e-07,1.8952483250575951e-91,0.9999996856894146,15.0,780.0,52.0,,
4.032876712328767,basic_sir,3.143105854347153e-07,1.643593203495707e-91,0.9999996856894146,15.0,780.0,52.0,,
4.035616438356165,basic_sir,3.143105854347153e-07,1.4253533866044634e-91,0.9999996856894146,15.0,780.0,52.0,,
4.038356164383561,basic_sir,3.143105854347153e-07,1.236091918842139e-91,0.9999996856894146,15.0,780.0,52.0,,
4.041095890410959,basic_sir,3.143105854347153e-07,1.0719609931026671e-91,0.9999996856894146,15.0,780.0,52.0,,
4.043835616438356,basic_sir,3.143105854347153e-07,9.296237223280544e-92,0.9999996856894146,15.0,780.0,52.0,,
4.046575342465753,basic_sir,3.143105854347153e-07,8.061862984526515e-92,0.9999996856894146,15.0,780.0,52.0,,
4.049315068493151,basic_sir,3.143105854347153e-07,6.99139159428025e-92,0.9999996856894146,15.0,780.0,52.0,,
4.052054794520548,basic_sir,3.143105854347153e-07,6.063059682158975e-92,0.9999996856894146,15.0,780.0,52.0,,
4.054794520547945,basic_sir,3.143105854347153e-07,5.2579936645940565e-92,0.9999996856894146,15.0,780.0,52.0,,
4.057534246575343,basic_sir,3.143105854347153e-07,4.559826032764151e-92,0.9999996856894146,15.0,780.0,52.0,,
4.06027397260274,basic_sir,3.143105854347153e-07,3.9543625906363474e-92,0.9999996856894146,15.0,780.0,52.0,,
4.063013698630137,basic_sir,3.143105854347153e-07,3.4292938778512657e-92,0.9999996856894146,15.0,780.0,52.0,,
4.065753424657534,basic_sir,3.143105854347153e-07,2.973944910493189e-92,0.9999996856894146,15.0,780.0,52.0,,
4.068493150684931,basic_sir,3.143105854347153e-07,2.5790581518169722e-92,0.9999996856894146,15.0,780.0,52.0,,
4.071232876712329,basic_sir,3.143105854347153e-07,2.2366053005838994e-92,0.9999996856894146,15.0,780.0,52.0,,
4.073972602739726,basic_sir,3.143105854347153e-07,1.9396240705451916e-92,0.9999996856894146,15.0,780.0,52.0,,
4.076712328767123,basic_sir,3.143105854347153e-07,1.6820766426942363e-92,0.9999996856894146,15.0,780.0,52.0,,
4.079452054794521,basic_sir,3.143105854347153e-07,1.4587269125311627e-92,0.9999996856894146,15.0,780.0,52.0,,
4.082191780821918,basic_sir,3.143105854347153e-07,1.2650340366978747e-92,0.9999996856894146,15.0,780.0,52.0,,
4.0849315068493155,basic_sir,3.143105854347153e-07,1.0970601147183075e-92,0.9999996856894146,15.0,780.0,52.0,,
4.087671232876712,basic_sir,3.143105854347153e-07,9.513901289544833e-93,0.9999996856894146,15.0,780.0,52.0,,
4.090410958904109,basic_sir,3.143105854347153e-07,8.25062515106021e-93,0.9999996856894146,15.0,780.0,52.0,,
4.093150684931507,basic_sir,3.143105854347153e-07,7.155089517074867e-93,0.9999996856894146,15.0,780.0,52.0,,
4.095890410958904,basic_sir,3.143105854347153e-07,6.205021445044808e-93,0.9999996856894146,15.0,780.0,52.0,,
4.098630136986301,basic_sir,3.143105854347153e-07,5.381105441320377e-93,0.9999996856894146,15.0,780.0,52.0,,
4.101369863013699,basic_sir,3.143105854347153e-07,4.666590764763854e-93,0.9999996856894146,15.0,780.0,52.0,,
4.104109589041096,basic_sir,3.143105854347153e-07,4.0469508734316485e-93,0.9999996856894146,15.0,780.0,52.0,,
4.1068493150684935,basic_sir,3.143105854347153e-07,3.5095880906535754e-93,0.9999996856894146,15.0,780.0,52.0,,
4.109589041095891,basic_sir,3.143105854347153e-07,3.0435774861810765e-93,0.9999996856894146,15.0,780.0,52.0,,
4.112328767123287,basic_sir,3.143105854347153e-07,2.6394447653438646e-93,0.9999996856894146,15.0,780.0,52.0,,
4.115068493150685,basic_sir,3.143105854347153e-07,2.2889736505582525e-93,0.9999996856894146,15.0,780.0,52.0,,
4.117808219178082,basic_sir,3.143105854347153e-07,1.985038839131528e-93,0.9999996856894146,15.0,780.0,52.0,,
4.120547945205479,basic_sir,3.143105854347153e-07,1.7214611412847121e-93,0.9999996856894146,15.0,780.0,52.0,,
4.123287671232877,basic_sir,3.143105854347153e-07,1.4928818532587453e-93,0.9999996856894146,15.0,780.0,52.0,,
4.126027397260274,basic_sir,3.143105854347153e-07,1.2946538114278947e-93,0.9999996856894146,15.0,780.0,52.0,,
4.1287671232876715,basic_sir,3.143105854347153e-07,1.1227469124807355e-93,0.9999996856894146,15.0,780.0,52.0,,
4.131506849315069,basic_sir,3.143105854347153e-07,9.73666178833345e-94,0.9999996856894146,15.0,780.0,52.0,,
4.134246575342466,basic_sir,3.143105854347153e-07,8.44380703491976e-94,0.9999996856894146,15.0,780.0,52.0,,
4.136986301369863,basic_sir,3.143105854347153e-07,7.322620297686979e-94,0.9999996856894146,15.0,780.0,52.0,,
4.13972602739726,basic_sir,3.143105854347153e-07,6.350307130698706e-94,0.9999996856894146,15.0,780.0,52.0,,
4.142465753424657,basic_sir,3.143105854347153e-07,5.507099783248475e-94,0.9999996856894146,15.0,780.0,52.0,,
4.145205479452055,basic_sir,3.143105854347153e-07,4.7758553087996035e-94,0.9999996856894146,15.0,780.0,52.0,,
4.147945205479452,basic_sir,3.143105854347153e-07,4.141707037880314e-94,0.9999996856894146,15.0,780.0,52.0,,
4.1506849315068495,basic_sir,3.143105854347153e-07,3.591762329152066e-94,0.9999996856894146,15.0,780.0,52.0,,
4.153424657534247,basic_sir,3.143105854347153e-07,3.1148404537367663e-94,0.9999996856894146,15.0,780.0,52.0,,
4.156164383561644,basic_sir,3.143105854347153e-07,2.7012452838229805e-94,0.9999996856894146,15.0,780.0,52.0,,
4.1589041095890416,basic_sir,3.143105854347153e-07,2.3425681641646413e-94,0.9999996856894146,15.0,780.0,52.0,,
4.161643835616438,basic_sir,3.143105854347153e-07,2.0315169587233863e-94,0.9999996856894146,15.0,780.0,52.0,,
4.164383561643835,basic_sir,3.143105854347153e-07,1.7617677968624806e-94,0.9999996856894146,15.0,780.0,52.0,,
4.167123287671233,basic_sir,3.143105854347153e-07,1.527836504998775e-94,0.9999996856894146,15.0,780.0,52.0,,
4.16986301369863,basic_sir,3.143105854347153e-07,1.3249671098336464e-94,0.9999996856894146,15.0,780.0,52.0,,
4.1726027397260275,basic_sir,3.143105854347153e-07,1.149035146363605e-94,0.9999996856894146,15.0,780.0,52.0,,
4.175342465753425,basic_sir,3.143105854347153e-07,9.964638048597271e-95,0.9999996856894146,15.0,780.0,52.0,,
4.178082191780822,basic_sir,3.143105854347153e-07,8.641512120303014e-95,0.9999996856894146,15.0,780.0,52.0,,
4.1808219178082195,basic_sir,3.143105854347153e-07,7.494073679460546e-95,0.9999996856894146,15.0,780.0,52.0,,
4.183561643835617,basic_sir,3.143105854347153e-07,6.498994566151698e-95,0.9999996856894146,15.0,780.0,52.0,,
4.186301369863013,basic_sir,3.143105854347153e-07,5.636044183370189e-95,0.9999996856894146,15.0,780.0,52.0,,
4.189041095890411,basic_sir,3.143105854347153e-07,4.887678195999592e-95,0.9999996856894146,15.0,780.0,52.0,,
4.191780821917808,basic_sir,3.143105854347153e-07,4.238681843222291e-95,0.9999996856894146,15.0,780.0,52.0,,
4.1945205479452055,basic_sir,3.143105854347153e-07,3.675860612666206e-95,0.9999996856894146,15.0,780.0,52.0,,
4.197260273972603,basic_sir,3.143105854347153e-07,3.1877719875004455e-95,0.9999996856894146,15.0,780.0,52.0,,
4.2,basic_sir,3.143105854347153e-07,2.7644928127244288e-95,0.9999996856894146,15.0,780.0,52.0,,
4.2027397260273975,basic_sir,3.143105854347153e-07,2.397417551058129e-95,0.9999996856894146,15.0,780.0,52.0,,
4.205479452054795,basic_sir,3.143105854347153e-07,2.0790833268462157e-95,0.9999996856894146,15.0,780.0,52.0,,
4.208219178082192,basic_sir,3.143105854347153e-07,1.803018201006371e-95,0.9999996856894146,15.0,780.0,52.0,,
4.210958904109589,basic_sir,3.143105854347153e-07,1.563609592354188e-95,0.9999996856894146,15.0,780.0,52.0,,
4.213698630136986,basic_sir,3.143105854347153e-07,1.3559901702252859e-95,0.9999996856894146,15.0,780.0,52.0,,
4.2164383561643834,basic_sir,3.143105854347153e-07,1.1759388985195584e-95,0.9999996856894146,15.0,780.0,52.0,,
4.219178082191781,basic_sir,3.143105854347153e-07,1.0197952193279151e-95,0.9999996856894146,15.0,780.0,52.0,,
4.221917808219178,basic_sir,3.143105854347153e-07,8.843846314407579e-96,0.9999996856894146,15.0,780.0,52.0,,
4.2246575342465755,basic_sir,3.143105854347153e-07,7.669541507010235e-96,0.9999996856894146,15.0,780.0,52.0,,
4.227397260273973,basic_sir,3.143105854347153e-07,6.651163400694296e-96,0.9999996856894146,15.0,780.0,52.0,,
4.23013698630137,basic_sir,3.143105854347153e-07,5.7680077149723e-96,0.9999996856894146,15.0,780.0,52.0,,
4.232876712328767,basic_sir,3.143105854347153e-07,5.002119327952243e-96,0.9999996856894146,15.0,780.0,52.0,,
4.235616438356164,basic_sir,3.143105854347153e-07,4.3379272371851195e-96,0.9999996856894146,15.0,780.0,52.0,,
4.238356164383561,basic_sir,3.143105854347153e-07,3.7619279911932926e-96,0.9999996856894146,15.0,780.0,52.0,,
4.241095890410959,basic_sir,3.143105854347153e-07,3.262411155634528e-96,0.9999996856894146,15.0,780.0,52.0,,
4.243835616438356,basic_sir,3.143105854347153e-07,2.8292212326564303e-96,0.9999996856894146,15.0,780.0,52.0,,
4.2465753424657535,basic_sir,3.143105854347153e-07,2.453551193107395e-96,0.9999996856894146,15.0,780.0,52.0,,
4.249315068493151,basic_sir,3.143105854347153e-07,2.1277634239816822e-96,0.9999996856894146,15.0,780.0,52.0,,
4.252054794520548,basic_sir,3.143105854347153e-07,1.8452344508452582e-96,0.9999996856894146,15.0,780.0,52.0,,
4.254794520547946,basic_sir,3.143105854347153e-07,1.6002202783496638e-96,0.9999996856894146,15.0,780.0,52.0,,
4.257534246575342,basic_sir,3.143105854347153e-07,1.3877396111201998e-96,0.9999996856894146,15.0,780.0,52.0,,
4.260273972602739,basic_sir,3.143105854347153e-07,1.2034725808237405e-96,0.9999996856894146,15.0,780.0,52.0,,
4.263013698630137,basic_sir,3.143105854347153e-07,1.0436729204734833e-96,0.9999996856894146,15.0,780.0,52.0,,
4.265753424657534,basic_sir,3.143105854347153e-07,9.050918004164988e-97,0.9999996856894146,15.0,780.0,52.0,,
4.2684931506849315,basic_sir,3.143105854347153e-07,7.849117775418918e-97,0.9999996856894146,15.0,780.0,52.0,,
4.271232876712329,basic_sir,3.143105854347153e-07,6.806895148541462e-97,0.9999996856894146,15.0,780.0,52.0,,
4.273972602739726,basic_sir,3.143105854347153e-07,5.90306106863894e-97,0.9999996856894146,15.0,780.0,52.0,,
4.276712328767124,basic_sir,3.143105854347153e-07,5.119240008794215e-97,0.9999996856894146,15.0,780.0,52.0,,
4.279452054794521,basic_sir,3.143105854347153e-07,4.4394963838112255e-97,0.9999996856894146,15.0,780.0,52.0,,
4.282191780821917,basic_sir,3.143105854347153e-07,3.850010569540798e-97,0.9999996856894146,15.0,780.0,52.0,,
4.284931506849315,basic_sir,3.143105854347153e-07,3.338797941051652e-97,0.9999996856894146,15.0,780.0,52.0,,
4.287671232876712,basic_sir,3.143105854347153e-07,2.8954652175150663e-97,0.9999996856894146,15.0,780.0,52.0,,
4.2904109589041095,basic_sir,3.143105854347153e-07,2.5109991601345225e-97,0.9999996856894146,15.0,780.0,52.0,,
4.293150684931507,basic_sir,3.143105854347153e-07,2.1775833272165593e-97,0.9999996856894146,15.0,780.0,52.0,,
4.295890410958904,basic_sir,3.143105854347153e-07,1.888439160894623e-97,0.9999996856894146,15.0,780.0,52.0,,
4.298630136986302,basic_sir,3.143105854347153e-07,1.637688174697221e-97,0.9999996856894146,15.0,780.0,52.0,,
4.301369863013699,basic_sir,3.143105854347153e-07,1.420232440145195e-97,0.9999996856894146,15.0,780.0,52.0,,
4.304109589041096,basic_sir,3.143105854347153e-07,1.231650942593936e-97,0.9999996856894146,15.0,780.0,52.0,,
4.306849315068493,basic_sir,3.143105854347153e-07,1.0681096991683397e-97,0.9999996856894146,15.0,780.0,52.0,,
4.30958904109589,basic_sir,3.143105854347153e-07,9.262838114301342e-98,0.9999996856894146,15.0,780.0,52.0,,
4.3123287671232875,basic_sir,3.143105854347153e-07,8.032898680590587e-98,0.9999996856894146,15.0,780.0,52.0,,
4.315068493150685,basic_sir,3.143105854347153e-07,6.966273232499544e-98,0.9999996856894146,15.0,780.0,52.0,,
4.317808219178082,basic_sir,3.143105854347153e-07,6.041276590117745e-98,0.9999996856894146,15.0,780.0,52.0,,
4.32054794520548,basic_sir,3.143105854347153e-07,5.2391029780509095e-98,0.9999996856894146,15.0,780.0,52.0,,
4.323287671232877,basic_sir,3.143105854347153e-07,4.54344369193779e-98,0.9999996856894146,15.0,780.0,52.0,,
4.326027397260274,basic_sir,3.143105854347153e-07,3.9401555320237306e-98,0.9999996856894146,15.0,780.0,52.0,,
4.328767123287672,basic_sir,3.143105854347153e-07,3.4169732628326756e-98,0.9999996856894146,15.0,780.0,52.0,,
4.331506849315068,basic_sir,3.143105854347153e-07,2.963260253058356e-98,0.9999996856894146,15.0,780.0,52.0,,
4.3342465753424655,basic_sir,3.143105854347153e-07,2.569792226022769e-98,0.9999996856894146,15.0,780.0,52.0,,
4.336986301369863,basic_sir,3.143105854347153e-07,2.2285697242121406e-98,0.9999996856894146,15.0,780.0,52.0,,
4.33972602739726,basic_sir,3.143105854347153e-07,1.9326554751710777e-98,0.9999996856894146,15.0,780.0,52.0,,
4.342465753424658,basic_sir,3.143105854347153e-07,1.6760333523014287e-98,0.9999996856894146,15.0,780.0,52.0,,
4.345205479452055,basic_sir,3.143105854347153e-07,1.4534860631474454e-98,0.9999996856894146,15.0,780.0,52.0,,
4.347945205479452,basic_sir,3.143105854347153e-07,1.260489078491746e-98,0.9999996856894146,15.0,780.0,52.0,,
4.35068493150685,basic_sir,3.143105854347153e-07,1.0931186457725226e-98,0.9999996856894146,15.0,780.0,52.0,,
4.353424657534247,basic_sir,3.143105854347153e-07,9.479720166757306e-99,0.9999996856894146,15.0,780.0,52.0,,
4.3561643835616435,basic_sir,3.143105854347153e-07,8.220982670780479e-99,0.9999996856894146,15.0,780.0,52.0,,
4.358904109589041,basic_sir,3.143105854347153e-07,7.129383028654128e-99,0.9999996856894146,15.0,780.0,52.0,,
4.361643835616438,basic_sir,3.143105854347153e-07,6.182728319075268e-99,0.9999996856894146,15.0,780.0,52.0,,
4.364383561643836,basic_sir,3.143105854347153e-07,5.3617724442435445e-99,0.9999996856894146,15.0,780.0,52.0,,
4.367123287671233,basic_sir,3.143105854347153e-07,4.649824844341411e-99,0.9999996856894146,15.0,780.0,52.0,,
4.36986301369863,basic_sir,3.143105854347153e-07,4.032411167741187e-99,0.9999996856894146,15.0,780.0,52.0,,
4.372602739726028,basic_sir,3.143105854347153e-07,3.496978998146954e-99,0.9999996856894146,15.0,780.0,52.0,,
4.375342465753425,basic_sir,3.143105854347153e-07,3.0326426559152314e-99,0.9999996856894146,15.0,780.0,52.0,,
4.378082191780822,basic_sir,3.143105854347153e-07,2.6299618852014925e-99,0.9999996856894146,15.0,780.0,52.0,,
4.380821917808219,basic_sir,3.143105854347153e-07,2.2807499275002754e-99,0.9999996856894146,15.0,780.0,52.0,,
4.383561643835616,basic_sir,3.143105854347153e-07,1.977907079590143e-99,0.9999996856894146,15.0,780.0,52.0,,
4.3863013698630136,basic_sir,3.143105854347153e-07,1.7152763520113438e-99,0.9999996856894146,15.0,780.0,52.0,,
4.389041095890411,basic_sir,3.143105854347153e-07,1.4875182935181226e-99,0.9999996856894146,15.0,780.0,52.0,,
4.391780821917808,basic_sir,3.143105854347153e-07,1.2900024366082057e-99,0.9999996856894146,15.0,780.0,52.0,,
4.394520547945206,basic_sir,3.143105854347153e-07,1.1187131571466846e-99,0.9999996856894146,15.0,780.0,52.0,,
4.397260273972603,basic_sir,3.143105854347153e-07,9.701680341501627e-100,0.9999996856894146,15.0,780.0,52.0,,
4.4,basic_sir,3.143105854347153e-07,8.413470499331747e-100,0.9999996856894146,15.0,780.0,52.0,,
4.402739726027398,basic_sir,3.143105854347153e-07,7.296311912104213e-100,0.9999996856894146,15.0,780.0,52.0,,
4.405479452054794,basic_sir,3.143105854347153e-07,6.327492028758486e-100,0.9999996856894146,15.0,780.0,52.0,,
4.4082191780821915,basic_sir,3.143105854347153e-07,5.487314119285485e-100,0.9999996856894146,15.0,780.0,52.0,,
4.410958904109589,basic_sir,3.143105854347153e-07,4.758696827567213e-100,0.9999996856894146,15.0,780.0,52.0,,
4.413698630136986,basic_sir,3.143105854347153e-07,4.126826896442907e-100,0.9999996856894146,15.0,780.0,52.0,,
4.416438356164384,basic_sir,3.143105854347153e-07,3.5788580046842774e-100,0.9999996856894146,15.0,780.0,52.0,,
4.419178082191781,basic_sir,3.143105854347153e-07,3.103649593040284e-100,0.9999996856894146,15.0,780.0,52.0,,
4.421917808219178,basic_sir,3.143105854347153e-07,2.69154036951765e-100,0.9999996856894146,15.0,780.0,52.0,,
4.424657534246576,basic_sir,3.143105854347153e-07,2.334151889114107e-100,0.9999996856894146,15.0,780.0,52.0,,
4.427397260273973,basic_sir,3.143105854347153e-07,2.0242182146542858e-100,0.9999996856894146,15.0,780.0,52.0,,
4.4301369863013695,basic_sir,3.143105854347153e-07,1.755438195623809e-100,0.9999996856894146,15.0,780.0,52.0,,
4.432876712328767,basic_sir,3.143105854347153e-07,1.5223473617349747e-100,0.9999996856894146,15.0,780.0,52.0,,
4.435616438356164,basic_sir,3.143105854347153e-07,1.3202068267392807e-100,0.9999996856894146,15.0,780.0,52.0,,
4.438356164383562,basic_sir,3.143105854347153e-07,1.144906943828258e-100,0.9999996856894146,15.0,780.0,52.0,,
4.441095890410959,basic_sir,3.143105854347153e-07,9.928837538764112e-101,0.9999996856894146,15.0,780.0,52.0,,
4.443835616438356,basic_sir,3.143105854347153e-07,8.610465278648809e-101,0.9999996856894146,15.0,780.0,52.0,,
4.446575342465754,basic_sir,3.143105854347153e-07,7.467149303768877e-101,0.9999996856894146,15.0,780.0,52.0,,
4.449315068493151,basic_sir,3.143105854347153e-07,6.475645266584926e-101,0.9999996856894146,15.0,780.0,52.0,,
4.452054794520548,basic_sir,3.143105854347153e-07,5.615795253682488e-101,0.9999996856894146,15.0,780.0,52.0,,
4.454794520547945,basic_sir,3.143105854347153e-07,4.870117962455351e-101,0.9999996856894146,15.0,780.0,52.0,,
4.457534246575342,basic_sir,3.143105854347153e-07,4.223453295003295e-101,0.9999996856894146,15.0,780.0,52.0,,
4.46027397260274,basic_sir,3.143105854347153e-07,3.6626541436136144e-101,0.9999996856894146,15.0,780.0,52.0,,
4.463013698630137,basic_sir,3.143105854347153e-07,3.176319101622625e-101,0.9999996856894146,15.0,780.0,52.0,,
4.465753424657534,basic_sir,3.143105854347153e-07,2.7545606655011218e-101,0.9999996856894146,15.0,780.0,52.0,,
4.468493150684932,basic_sir,3.143105854347153e-07,2.388804215561922e-101,0.9999996856894146,15.0,780.0,52.0,,
4.471232876712329,basic_sir,3.143105854347153e-07,2.0716136884385076e-101,0.9999996856894146,15.0,780.0,52.0,,
4.473972602739726,basic_sir,3.143105854347153e-07,1.7965403971443858e-101,0.9999996856894146,15.0,780.0,52.0,,
4.476712328767123,basic_sir,3.143105854347153e-07,1.557991925128014e-101,0.9999996856894146,15.0,780.0,52.0,,
4.47945205479452,basic_sir,3.143105854347153e-07,1.3511184288548458e-101,0.9999996856894146,15.0,780.0,52.0,,
4.482191780821918,basic_sir,3.143105854347153e-07,1.1717140373761508e-101,0.9999996856894146,15.0,780.0,52.0,,
4.484931506849315,basic_sir,3.143105854347153e-07,1.0161313442730159e-101,0.9999996856894146,15.0,780.0,52.0,,
4.487671232876712,basic_sir,3.143105854347153e-07,8.812072535430585e-102,0.9999996856894146,15.0,780.0,52.0,,
4.49041095890411,basic_sir,3.143105854347153e-07,7.641986718286507e-102,0.9999996856894146,15.0,780.0,52.0,,
4.493150684931507,basic_sir,3.143105854347153e-07,6.6272673956846604e-102,0.9999996856894146,15.0,780.0,52.0,,
4.495890410958904,basic_sir,3.143105854347153e-07,5.7472846725586665e-102,0.9999996856894146,15.0,780.0,52.0,,
4.498630136986302,basic_sir,3.143105854347153e-07,4.984147935382246e-102,0.9999996856894146,15.0,780.0,52.0,,
4.501369863013698,basic_sir,3.143105854347153e-07,4.3223421245143964e-102,0.9999996856894146,15.0,780.0,52.0,,
4.504109589041096,basic_sir,3.143105854347153e-07,3.7484123030786305e-102,0.9999996856894146,15.0,780.0,52.0,,
4.506849315068493,basic_sir,3.143105854347153e-07,3.2506901094623065e-102,0.9999996856894146,15.0,780.0,52.0,,
4.50958904109589,basic_sir,3.143105854347153e-07,2.819056532035504e-102,0.9999996856894146,15.0,780.0,52.0,,
4.512328767123288,basic_sir,3.143105854347153e-07,2.4447361831505256e-102,0.9999996856894146,15.0,780.0,52.0,,
4.515068493150685,basic_sir,3.143105854347153e-07,2.1201188898790508e-102,0.9999996856894146,15.0,780.0,52.0,,
4.517808219178082,basic_sir,3.143105854347153e-07,1.8386049743123637e-102,0.9999996856894146,15.0,780.0,52.0,,
4.52054794520548,basic_sir,3.143105854347153e-07,1.5944710778738537e-102,0.9999996856894146,15.0,780.0,52.0,,
4.523287671232877,basic_sir,3.143105854347153e-07,1.3827538017659506e-102,0.9999996856894146,15.0,780.0,52.0,,
4.526027397260274,basic_sir,3.143105854347153e-07,1.1991487978871613e-102,0.9999996856894146,15.0,780.0,52.0,,
4.528767123287671,basic_sir,3.143105854347153e-07,1.0399232586724437e-102,0.9999996856894146,15.0,780.0,52.0,,
4.531506849315068,basic_sir,3.143105854347153e-07,9.01840026720084e-103,0.9999996856894146,15.0,780.0,52.0,,
4.534246575342466,basic_sir,3.143105854347153e-07,7.820917813038943e-103,0.9999996856894146,15.0,780.0,52.0,,
4.536986301369863,basic_sir,3.143105854347153e-07,6.782439637411988e-103,0.9999996856894146,15.0,780.0,52.0,,
4.53972602739726,basic_sir,3.143105854347153e-07,5.881852812523374e-103,0.9999996856894146,15.0,780.0,52.0,,
4.542465753424658,basic_sir,3.143105854347153e-07,5.100847830234459e-103,0.9999996856894146,15.0,780.0,52.0,,
4.545205479452055,basic_sir,3.143105854347153e-07,4.42354635801322e-103,0.9999996856894146,15.0,780.0,52.0,,
4.5479452054794525,basic_sir,3.143105854347153e-07,3.8361784222433067e-103,0.9999996856894146,15.0,780.0,52.0,,
4.550684931506849,basic_sir,3.143105854347153e-07,3.326802455823126e-103,0.9999996856894146,15.0,780.0,52.0,,
4.553424657534246,basic_sir,3.143105854347153e-07,2.8850625184420363e-103,0.9999996856894146,15.0,780.0,52.0,,
4.556164383561644,basic_sir,3.143105854347153e-07,2.5019777536684734e-103,0.9999996856894146,15.0,780.0,52.0,,
4.558904109589041,basic_sir,3.143105854347153e-07,2.1697598023741777e-103,0.9999996856894146,15.0,780.0,52.0,,
4.561643835616438,basic_sir,3.143105854347153e-07,1.881654460394794e-103,0.9999996856894146,15.0,780.0,52.0,,
4.564383561643836,basic_sir,3.143105854347153e-07,1.6318043612244223e-103,0.9999996856894146,15.0,780.0,52.0,,
4.567123287671233,basic_sir,3.143105854347153e-07,1.4151298919953452e-103,0.9999996856894146,15.0,780.0,52.0,,
4.5698630136986305,basic_sir,3.143105854347153e-07,1.2272259216883785e-103,0.9999996856894146,15.0,780.0,52.0,,
4.572602739726028,basic_sir,3.143105854347153e-07,1.064272241992076e-103,0.9999996856894146,15.0,780.0,52.0,,
4.575342465753424,basic_sir,3.143105854347153e-07,9.229559000160242e-104,0.9999996856894146,15.0,780.0,52.0,,
4.578082191780822,basic_sir,3.143105854347153e-07,8.004038438321803e-104,0.9999996856894146,15.0,780.0,52.0,,
4.580821917808219,basic_sir,3.143105854347153e-07,6.941245114855502e-104,0.9999996856894146,15.0,780.0,52.0,,
4.583561643835616,basic_sir,3.143105854347153e-07,6.01957175940392e-104,0.9999996856894146,15.0,780.0,52.0,,
4.586301369863014,basic_sir,3.143105854347153e-07,5.2202801611289186e-104,0.9999996856894146,15.0,780.0,52.0,,
4.589041095890411,basic_sir,3.143105854347153e-07,4.527120208859292e-104,0.9999996856894146,15.0,780.0,52.0,,
4.5917808219178085,basic_sir,3.143105854347153e-07,3.9259995159014733e-104,0.9999996856894146,15.0,780.0,52.0,,
4.594520547945206,basic_sir,3.143105854347153e-07,3.404696912773687e-104,0.9999996856894146,15.0,780.0,52.0,,
4.597260273972603,basic_sir,3.143105854347153e-07,2.952613982986948e-104,0.9999996856894146,15.0,780.0,52.0,,
4.6,basic_sir,3.143105854347153e-07,2.5605595904359842e-104,0.9999996856894146,15.0,780.0,52.0,,
4.602739726027397,basic_sir,3.143105854347153e-07,2.220563017702939e-104,0.9999996856894146,15.0,780.0,52.0,,
4.605479452054794,basic_sir,3.143105854347153e-07,1.925711916257494e-104,0.9999996856894146,15.0,780.0,52.0,,
4.608219178082192,basic_sir,3.143105854347153e-07,1.6700117739744346e-104,0.9999996856894146,15.0,780.0,52.0,,
4.610958904109589,basic_sir,3.143105854347153e-07,1.4482640428550578e-104,0.9999996856894146,15.0,780.0,52.0,,
4.6136986301369864,basic_sir,3.143105854347153e-07,1.255960449209974e-104,0.9999996856894146,15.0,780.0,52.0,,
4.616438356164384,basic_sir,3.143105854347153e-07,1.0891913375616339e-104,0.9999996856894146,15.0,780.0,52.0,,
4.619178082191781,basic_sir,3.143105854347153e-07,9.445661848392859e-105,0.9999996856894146,15.0,780.0,52.0,,
4.6219178082191785,basic_sir,3.143105854347153e-07,8.191446688689416e-105,0.9999996856894146,15.0,780.0,52.0,,
4.624657534246575,basic_sir,3.143105854347153e-07,7.10376889736537e-105,0.9999996856894146,15.0,780.0,52.0,,
4.627397260273972,basic_sir,3.143105854347153e-07,6.160515286860416e-105,0.9999996856894146,15.0,780.0,52.0,,
4.63013698630137,basic_sir,3.143105854347153e-07,5.342508905901543e-105,0.9999996856894146,15.0,780.0,52.0,,
4.632876712328767,basic_sir,3.143105854347153e-07,4.633119159774599e-105,0.9999996856894146,15.0,780.0,52.0,,
4.635616438356164,basic_sir,3.143105854347153e-07,4.01792369966076e-105,0.9999996856894146,15.0,780.0,52.0,,
4.638356164383562,basic_sir,3.143105854347153e-07,3.4844152070289072e-105,0.9999996856894146,15.0,780.0,52.0,,
4.641095890410959,basic_sir,3.143105854347153e-07,3.0217471118228056e-105,0.9999996856894146,15.0,780.0,52.0,,
4.6438356164383565,basic_sir,3.143105854347153e-07,2.6205130747306245e-105,0.9999996856894146,15.0,780.0,52.0,,
4.646575342465754,basic_sir,3.143105854347153e-07,2.2725557502698247e-105,0.9999996856894146,15.0,780.0,52.0,,
4.64931506849315,basic_sir,3.143105854347153e-07,1.9708009427182765e-105,0.9999996856894146,15.0,780.0,52.0,,
4.652054794520548,basic_sir,3.143105854347153e-07,1.7091137831746953e-105,0.9999996856894146,15.0,780.0,52.0,,
4.654794520547945,basic_sir,3.143105854347153e-07,1.4821740037371611e-105,0.9999996856894146,15.0,780.0,52.0,,
4.657534246575342,basic_sir,3.143105854347153e-07,1.285367773041766e-105,0.9999996856894146,15.0,780.0,52.0,,
4.66027397260274,basic_sir,3.143105854347153e-07,1.1146938941099753e-105,0.9999996856894146,15.0,780.0,52.0,,
4.663013698630137,basic_sir,3.143105854347153e-07,9.666824574461198e-106,0.9999996856894146,15.0,780.0,52.0,,
4.6657534246575345,basic_sir,3.143105854347153e-07,8.383242955503927e-106,0.9999996856894146,15.0,780.0,52.0,,
4.668493150684932,basic_sir,3.143105854347153e-07,7.270098046123213e-106,0.9999996856894146,15.0,780.0,52.0,,
4.671232876712329,basic_sir,3.143105854347153e-07,6.304758895904793e-106,0.9999996856894146,15.0,780.0,52.0,,
4.673972602739726,basic_sir,3.143105854347153e-07,5.46759954037885e-106,0.9999996856894146,15.0,780.0,52.0,,
4.676712328767123,basic_sir,3.143105854347153e-07,4.74159999256553e-106,0.9999996856894146,15.0,780.0,52.0,,
4.67945205479452,basic_sir,3.143105854347153e-07,4.1120002157179943e-106,0.9999996856894146,15.0,780.0,52.0,,
4.682191780821918,basic_sir,3.143105854347153e-07,3.5660000423013648e-106,0.9999996856894146,15.0,780.0,52.0,,
4.684931506849315,basic_sir,3.143105854347153e-07,3.092498938372001e-106,0.9999996856894146,15.0,780.0,52.0,,
4.6876712328767125,basic_sir,3.143105854347153e-07,2.681870322598199e-106,0.9999996856894146,15.0,780.0,52.0,,
4.69041095890411,basic_sir,3.143105854347153e-07,2.325765851683465e-106,0.9999996856894146,15.0,780.0,52.0,,
4.693150684931507,basic_sir,3.143105854347153e-07,2.0169456931894035e-106,0.9999996856894146,15.0,780.0,52.0,,
4.695890410958905,basic_sir,3.143105854347153e-07,1.7491313350957843e-106,0.9999996856894146,15.0,780.0,52.0,,
4.698630136986301,basic_sir,3.143105854347153e-07,1.5168779396217488e-106,0.9999996856894146,15.0,780.0,52.0,,
4.701369863013698,basic_sir,3.143105854347153e-07,1.3154636461789846e-106,0.9999996856894146,15.0,780.0,52.0,,
4.704109589041096,basic_sir,3.143105854347153e-07,1.140793572915969e-106,0.9999996856894146,15.0,780.0,52.0,,
4.706849315068493,basic_sir,3.143105854347153e-07,9.893165651415578e-107,0.9999996856894146,15.0,780.0,52.0,,
4.7095890410958905,basic_sir,3.143105854347153e-07,8.579529980710934e-107,0.9999996856894146,15.0,780.0,52.0,,
4.712328767123288,basic_sir,3.143105854347153e-07,7.440321660780583e-107,0.9999996856894146,15.0,780.0,52.0,,
4.715068493150685,basic_sir,3.143105854347153e-07,6.452379855346518e-107,0.9999996856894146,15.0,780.0,52.0,,
4.717808219178083,basic_sir,3.143105854347153e-07,5.595619073451955e-107,0.9999996856894146,15.0,780.0,52.0,,
4.720547945205479,basic_sir,3.143105854347153e-07,4.85262081853971e-107,0.9999996856894146,15.0,780.0,52.0,,
4.723287671232876,basic_sir,3.143105854347153e-07,4.20827945923723e-107,0.9999996856894146,15.0,780.0,52.0,,
4.726027397260274,basic_sir,3.143105854347153e-07,3.649495122177568e-107,0.9999996856894146,15.0,780.0,52.0,,
4.728767123287671,basic_sir,3.143105854347153e-07,3.1649073631654583e-107,0.9999996856894146,15.0,780.0,52.0,,
4.7315068493150685,basic_sir,3.143105854347153e-07,2.7446642020560476e-107,0.9999996856894146,15.0,780.0,52.0,,
4.734246575342466,basic_sir,3.143105854347153e-07,2.3802218256756397e-107,0.9999996856894146,15.0,780.0,52.0,,
4.736986301369863,basic_sir,3.143105854347153e-07,2.0641708866165272e-107,0.9999996856894146,15.0,780.0,52.0,,
4.739726027397261,basic_sir,3.143105854347153e-07,1.790085866448942e-107,0.9999996856894146,15.0,780.0,52.0,,
4.742465753424658,basic_sir,3.143105854347153e-07,1.552394440807536e-107,0.9999996856894146,15.0,780.0,52.0,,
4.745205479452054,basic_sir,3.143105854347153e-07,1.3462641904608275e-107,0.9999996856894146,15.0,780.0,52.0,,
4.747945205479452,basic_sir,3.143105854347153e-07,1.167504355126563e-107,0.9999996856894146,15.0,780.0,52.0,,
4.750684931506849,basic_sir,3.143105854347153e-07,1.0124806326259873e-107,0.9999996856894146,15.0,780.0,52.0,,
4.7534246575342465,basic_sir,3.143105854347153e-07,8.780412911878106e-108,0.9999996856894146,15.0,780.0,52.0,,
4.756164383561644,basic_sir,3.143105854347153e-07,7.614530927186147e-108,0.9999996856894146,15.0,780.0,52.0,,
4.758904109589041,basic_sir,3.143105854347153e-07,6.6034572431824656e-108,0.9999996856894146,15.0,780.0,52.0,,
4.761643835616439,basic_sir,3.143105854347153e-07,5.726636082973122e-108,0.9999996856894146,15.0,780.0,52.0,,
4.764383561643836,basic_sir,3.143105854347153e-07,4.966241109634996e-108,0.9999996856894146,15.0,780.0,52.0,,
4.767123287671233,basic_sir,3.143105854347153e-07,4.3068130053453576e-108,0.9999996856894146,15.0,780.0,52.0,,
4.76986301369863,basic_sir,3.143105854347153e-07,3.734945173529047e-108,0.9999996856894146,15.0,780.0,52.0,,
4.772602739726027,basic_sir,3.143105854347153e-07,3.239011174145153e-108,0.9999996856894146,15.0,780.0,52.0,,
4.7753424657534245,basic_sir,3.143105854347153e-07,2.8089283507003454e-108,0.9999996856894146,15.0,780.0,52.0,,
4.778082191780822,basic_sir,3.143105854347153e-07,2.4359528433706406e-108,0.9999996856894146,15.0,780.0,52.0,,
4.780821917808219,basic_sir,3.143105854347153e-07,2.112501820719645e-108,0.9999996856894146,15.0,780.0,52.0,,
4.7835616438356166,basic_sir,3.143105854347153e-07,1.8319993158688586e-108,0.9999996856894146,15.0,780.0,52.0,,
4.786301369863014,basic_sir,3.143105854347153e-07,1.5887425328706395e-108,0.9999996856894146,15.0,780.0,52.0,,
4.789041095890411,basic_sir,3.143105854347153e-07,1.3777859052065823e-108,0.9999996856894146,15.0,780.0,52.0,,
4.791780821917809,basic_sir,3.143105854347153e-07,1.1948405492461796e-108,0.9999996856894146,15.0,780.0,52.0,,
4.794520547945205,basic_sir,3.143105854347153e-07,1.0361870684900934e-108,0.9999996856894146,15.0,780.0,52.0,,
4.7972602739726025,basic_sir,3.143105854347153e-07,8.985999358520488e-109,0.9999996856894146,15.0,780.0,52.0,,
4.8,basic_sir,3.143105854347153e-07,7.792819166233652e-109,0.9999996856894146,15.0,780.0,52.0,,
4.802739726027397,basic_sir,3.143105854347153e-07,6.758071988958744e-109,0.9999996856894146,15.0,780.0,52.0,,
4.8054794520547945,basic_sir,3.143105854347153e-07,5.860720752490182e-109,0.9999996856894146,15.0,780.0,52.0,,
4.808219178082192,basic_sir,3.143105854347153e-07,5.0825217302784735e-109,0.9999996856894146,15.0,780.0,52.0,,
4.810958904109589,basic_sir,3.143105854347153e-07,4.407653636760808e-109,0.9999996856894146,15.0,780.0,52.0,,
4.813698630136987,basic_sir,3.143105854347153e-07,3.8223959704715985e-109,0.9999996856894146,15.0,780.0,52.0,,
4.816438356164384,basic_sir,3.143105854347153e-07,3.3148500674419943e-109,0.9999996856894146,15.0,780.0,52.0,,
4.8191780821917805,basic_sir,3.143105854347153e-07,2.874697193725065e-109,0.9999996856894146,15.0,780.0,52.0,,
4.821917808219178,basic_sir,3.143105854347153e-07,2.4929887589116396e-109,0.9999996856894146,15.0,780.0,52.0,,
4.824657534246575,basic_sir,3.143105854347153e-07,2.1619643855450178e-109,0.9999996856894146,15.0,780.0,52.0,,
4.8273972602739725,basic_sir,3.143105854347153e-07,1.874894135666142e-109,0.9999996856894146,15.0,780.0,52.0,,
4.83013698630137,basic_sir,3.143105854347153e-07,1.6259416868558279e-109,0.9999996856894146,15.0,780.0,52.0,,
4.832876712328767,basic_sir,3.143105854347153e-07,1.4100456760542826e-109,0.9999996856894146,15.0,780.0,52.0,,
4.835616438356165,basic_sir,3.143105854347153e-07,1.222816798801761e-109,0.9999996856894146,15.0,780.0,52.0,,
4.838356164383562,basic_sir,3.143105854347153e-07,1.0604485718618823e-109,0.9999996856894146,15.0,780.0,52.0,,
4.841095890410959,basic_sir,3.143105854347153e-07,9.196399449744675e-110,0.9999996856894146,15.0,780.0,52.0,,
4.843835616438356,basic_sir,3.143105854347153e-07,7.975281883852009e-110,0.9999996856894146,15.0,780.0,52.0,,
4.846575342465753,basic_sir,3.143105854347153e-07,6.916306917122986e-110,0.9999996856894146,15.0,780.0,52.0,,
4.8493150684931505,basic_sir,3.143105854347153e-07,5.997944908843664e-110,0.9999996856894146,15.0,780.0,52.0,,
4.852054794520548,basic_sir,3.143105854347153e-07,5.2015249699891124e-110,0.9999996856894146,15.0,780.0,52.0,,
4.854794520547945,basic_sir,3.143105854347153e-07,4.510855372067147e-110,0.9999996856894146,15.0,780.0,52.0,,
4.857534246575343,basic_sir,3.143105854347153e-07,3.9118943588863767e-110,0.9999996856894146,15.0,780.0,52.0,,
4.86027397260274,basic_sir,3.143105854347153e-07,3.3924646686409576e-110,0.9999996856894146,15.0,780.0,52.0,,
4.863013698630137,basic_sir,3.143105854347153e-07,2.9420059623628197e-110,0.9999996856894146,15.0,780.0,52.0,,
4.865753424657535,basic_sir,3.143105854347153e-07,2.551360125452917e-110,0.9999996856894146,15.0,780.0,52.0,,
4.868493150684931,basic_sir,3.143105854347153e-07,2.2125850773339308e-110,0.9999996856894146,15.0,780.0,52.0,,
4.8712328767123285,basic_sir,3.143105854347153e-07,1.9187933038545534e-110,0.9999996856894146,15.0,780.0,52.0,,
4.873972602739726,basic_sir,3.143105854347153e-07,1.6640118297071062e-110,0.9999996856894146,15.0,780.0,52.0,,
4.876712328767123,basic_sir,3.143105854347153e-07,1.443060784005675e-110,0.9999996856894146,15.0,780.0,52.0,,
4.879452054794521,basic_sir,3.143105854347153e-07,1.2514480901867232e-110,0.9999996856894146,15.0,780.0,52.0,,
4.882191780821918,basic_sir,3.143105854347153e-07,1.0852781392095803e-110,0.9999996856894146,15.0,780.0,52.0,,
4.884931506849315,basic_sir,3.143105854347153e-07,9.411725893244763e-111,0.9999996856894146,15.0,780.0,52.0,,
4.887671232876713,basic_sir,3.143105854347153e-07,8.162016822165803e-111,0.9999996856894146,15.0,780.0,52.0,,
4.89041095890411,basic_sir,3.143105854347153e-07,7.07824679139166e-111,0.9999996856894146,15.0,780.0,52.0,,
4.8931506849315065,basic_sir,3.143105854347153e-07,6.138382060642963e-111,0.9999996856894146,15.0,780.0,52.0,,
4.895890410958904,basic_sir,3.143105854347153e-07,5.32331457674611e-111,0.9999996856894146,15.0,780.0,52.0,,
4.898630136986301,basic_sir,3.143105854347153e-07,4.616473494650705e-111,0.9999996856894146,15.0,780.0,52.0,,
4.901369863013699,basic_sir,3.143105854347153e-07,4.0034882815133954e-111,0.9999996856894146,15.0,780.0,52.0,,
4.904109589041096,basic_sir,3.143105854347153e-07,3.471896554542613e-111,0.9999996856894146,15.0,780.0,52.0,,
4.906849315068493,basic_sir,3.143105854347153e-07,3.0108907127581754e-111,0.9999996856894146,15.0,780.0,52.0,,
4.909589041095891,basic_sir,3.143105854347153e-07,2.611098211527133e-111,0.9999996856894146,15.0,780.0,52.0,,
4.912328767123288,basic_sir,3.143105854347153e-07,2.2643910127161695e-111,0.9999996856894146,15.0,780.0,52.0,,
4.915068493150685,basic_sir,3.143105854347153e-07,1.963720336459844e-111,0.9999996856894146,15.0,780.0,52.0,,
4.917808219178082,basic_sir,3.143105854347153e-07,1.702973354942165e-111,0.9999996856894146,15.0,780.0,52.0,,
4.920547945205479,basic_sir,3.143105854347153e-07,1.4768489146836022e-111,0.9999996856894146,15.0,780.0,52.0,,
4.923287671232877,basic_sir,3.143105854347153e-07,1.2807497606891249e-111,0.9999996856894146,15.0,780.0,52.0,,
4.926027397260274,basic_sir,3.143105854347153e-07,1.110689071303323e-111,0.9999996856894146,15.0,780.0,52.0,,
4.928767123287671,basic_sir,3.143105854347153e-07,9.632094035675372e-112,0.9999996856894146,15.0,780.0,52.0,,
4.931506849315069,basic_sir,3.143105854347153e-07,8.353124011855531e-112,0.9999996856894146,15.0,780.0,52.0,,
4.934246575342466,basic_sir,3.143105854347153e-07,7.243978360157803e-112,0.9999996856894146,15.0,780.0,52.0,,
4.936986301369863,basic_sir,3.143105854347153e-07,6.282107437643308e-112,0.9999996856894146,15.0,780.0,52.0,,
4.939726027397261,basic_sir,3.143105854347153e-07,5.447955791137077e-112,0.9999996856894146,15.0,780.0,52.0,,
4.942465753424657,basic_sir,3.143105854347153e-07,4.72456458231471e-112,0.9999996856894146,15.0,780.0,52.0,,
4.945205479452055,basic_sir,3.143105854347153e-07,4.0972268036342996e-112,0.9999996856894146,15.0,780.0,52.0,,
4.947945205479452,basic_sir,3.143105854347153e-07,3.5531882754356887e-112,0.9999996856894146,15.0,780.0,52.0,,
4.950684931506849,basic_sir,3.143105854347153e-07,3.081388345281485e-112,0.9999996856894146,15.0,780.0,52.0,,
4.953424657534247,basic_sir,3.143105854347153e-07,2.6722350177946334e-112,0.9999996856894146,15.0,780.0,52.0,,
4.956164383561644,basic_sir,3.143105854347153e-07,2.3174099432363393e-112,0.9999996856894146,15.0,780.0,52.0,,
4.958904109589041,basic_sir,3.143105854347153e-07,2.0096993001172394e-112,0.9999996856894146,15.0,780.0,52.0,,
4.961643835616439,basic_sir,3.143105854347153e-07,1.742847133576754e-112,0.9999996856894146,15.0,780.0,52.0,,
4.964383561643836,basic_sir,3.143105854347153e-07,1.5114281678057551e-112,0.9999996856894146,15.0,780.0,52.0,,
4.967123287671233,basic_sir,3.143105854347153e-07,1.310737506707534e-112,0.9999996856894146,15.0,780.0,52.0,,
4.96986301369863,basic_sir,3.143105854347153e-07,1.136694980340343e-112,0.9999996856894146,15.0,780.0,52.0,,
4.972602739726027,basic_sir,3.143105854347153e-07,9.857621924442534e-113,0.9999996856894146,15.0,780.0,52.0,,
4.975342465753425,basic_sir,3.143105854347153e-07,8.548705825740095e-113,0.9999996856894146,15.0,780.0,52.0,,
4.978082191780822,basic_sir,3.143105854347153e-07,7.413590402958719e-113,0.9999996856894146,15.0,780.0,52.0,,
4.980821917808219,basic_sir,3.143105854347153e-07,6.429198031046226e-113,0.9999996856894146,15.0,780.0,52.0,,
4.983561643835617,basic_sir,3.143105854347153e-07,5.575515381307321e-113,0.9999996856894146,15.0,780.0,52.0,,
4.986301369863014,basic_sir,3.143105854347153e-07,4.835186537586838e-113,0.9999996856894146,15.0,780.0,52.0,,
4.989041095890411,basic_sir,3.143105854347153e-07,4.193160139355631e-113,0.9999996856894146,15.0,780.0,52.0,,
4.991780821917808,basic_sir,3.143105854347153e-07,3.636383377890382e-113,0.9999996856894146,15.0,780.0,52.0,,
4.994520547945205,basic_sir,3.143105854347153e-07,3.153536624296325e-113,0.9999996856894146,15.0,780.0,52.0,,
4.997260273972603,basic_sir,3.143105854347153e-07,2.7348032941861186e-113,0.9999996856894146,15.0,780.0,52.0,,
5.0,basic_sir,3.143105854347153e-07,2.371670270219275e-113,0.9999996856894146,15.0,780.0,52.0,,
5.002739726027397,basic_sir,3.143105854347153e-07,2.0567548249629858e-113,0.9999996856894146,15.0,780.0,52.0,,
5.005479452054795,basic_sir,3.143105854347153e-07,1.783654525305245e-113,0.9999996856894146,15.0,780.0,52.0,,
5.008219178082192,basic_sir,3.143105854347153e-07,1.546817066880654e-113,0.9999996856894146,15.0,780.0,52.0,,
5.010958904109589,basic_sir,3.143105854347153e-07,1.341427392159256e-113,0.9999996856894146,15.0,780.0,52.0,,
5.013698630136986,basic_sir,3.143105854347153e-07,1.1633097972367415e-113,0.9999996856894146,15.0,780.0,52.0,,
5.016438356164383,basic_sir,3.143105854347153e-07,1.0088430370939241e-113,0.9999996856894146,15.0,780.0,52.0,,
5.019178082191781,basic_sir,3.143105854347153e-07,8.748867033617622e-114,0.9999996856894146,15.0,780.0,52.0,,
5.021917808219178,basic_sir,3.143105854347153e-07,7.58717377803491e-114,0.9999996856894146,15.0,780.0,52.0,,
5.024657534246575,basic_sir,3.143105854347153e-07,6.579732634740654e-114,0.9999996856894146,15.0,780.0,52.0,,
5.027397260273973,basic_sir,3.143105854347153e-07,5.70606167872487e-114,0.9999996856894146,15.0,780.0,52.0,,
5.03013698630137,basic_sir,3.143105854347153e-07,4.948398618737466e-114,0.9999996856894146,15.0,780.0,52.0,,
5.032876712328767,basic_sir,3.143105854347153e-07,4.2913396785074495e-114,0.9999996856894146,15.0,780.0,52.0,,
5.035616438356165,basic_sir,3.143105854347153e-07,3.72152642808533e-114,0.9999996856894146,15.0,780.0,52.0,,
5.038356164383561,basic_sir,3.143105854347153e-07,3.2273741983890704e-114,0.9999996856894146,15.0,780.0,52.0,,
5.041095890410959,basic_sir,3.143105854347153e-07,2.798836557446097e-114,0.9999996856894146,15.0,780.0,52.0,,
5.043835616438356,basic_sir,3.143105854347153e-07,2.427201059984544e-114,0.9999996856894146,15.0,780.0,52.0,,
5.046575342465753,basic_sir,3.143105854347153e-07,2.1049121178286433e-114,0.9999996856894146,15.0,780.0,52.0,,
5.049315068493151,basic_sir,3.143105854347153e-07,1.825417389942174e-114,0.9999996856894146,15.0,780.0,52.0,,
5.052054794520548,basic_sir,3.143105854347153e-07,1.5830345691299607e-114,0.9999996856894146,15.0,780.0,52.0,,
5.054794520547945,basic_sir,3.143105854347153e-07,1.3728358570857406e-114,0.9999996856894146,15.0,780.0,52.0,,
5.057534246575343,basic_sir,3.143105854347153e-07,1.1905477790899813e-114,0.9999996856894146,15.0,780.0,52.0,,
5.06027397260274,basic_sir,3.143105854347153e-07,1.032464301526153e-114,0.9999996856894146,15.0,780.0,52.0,,
5.063013698630137,basic_sir,3.143105854347153e-07,8.953714858388472e-115,0.9999996856894146,15.0,780.0,52.0,,
5.065753424657534,basic_sir,3.143105854347153e-07,7.764821471000959e-115,0.9999996856894146,15.0,780.0,52.0,,
5.068493150684931,basic_sir,3.143105854347153e-07,6.733791887512619e-115,0.9999996856894146,15.0,780.0,52.0,,
5.071232876712329,basic_sir,3.143105854347153e-07,5.839664614785469e-115,0.9999996856894146,15.0,780.0,52.0,,
5.073972602739726,basic_sir,3.143105854347153e-07,5.064261471521994e-115,0.9999996856894146,15.0,780.0,52.0,,
5.076712328767123,basic_sir,3.143105854347153e-07,4.39181801417277e-115,0.9999996856894146,15.0,780.0,52.0,,
5.079452054794521,basic_sir,3.143105854347153e-07,3.8086630356816253e-115,0.9999996856894146,15.0,780.0,52.0,,
5.082191780821918,basic_sir,3.143105854347153e-07,3.3029406210721293e-115,0.9999996856894146,15.0,780.0,52.0,,
5.0849315068493155,basic_sir,3.143105854347153e-07,2.864369109087099e-115,0.9999996856894146,15.0,780.0,52.0,,
5.087671232876712,basic_sir,3.143105854347153e-07,2.484032059416677e-115,0.9999996856894146,15.0,780.0,52.0,,
5.090410958904109,basic_sir,3.143105854347153e-07,2.1541969757438635e-115,0.9999996856894146,15.0,780.0,52.0,,
5.093150684931507,basic_sir,3.143105854347153e-07,1.8681580991324834e-115,0.9999996856894146,15.0,780.0,52.0,,
5.095890410958904,basic_sir,3.143105854347153e-07,1.6201000756438071e-115,0.9999996856894146,15.0,780.0,52.0,,
5.098630136986301,basic_sir,3.143105854347153e-07,1.404979726458865e-115,0.9999996856894146,15.0,780.0,52.0,,
5.101369863013699,basic_sir,3.143105854347153e-07,1.21842351681639e-115,0.9999996856894146,15.0,780.0,52.0,,
5.104109589041096,basic_sir,3.143105854347153e-07,1.056638639244226e-115,0.9999996856894146,15.0,780.0,52.0,,
5.1068493150684935,basic_sir,3.143105854347153e-07,9.163359033492275e-116,0.9999996856894146,15.0,780.0,52.0,,
5.109589041095891,basic_sir,3.143105854347153e-07,7.946628644655947e-116,0.9999996856894146,15.0,780.0,52.0,,
5.112328767123287,basic_sir,3.143105854347153e-07,6.891458316241754e-116,0.9999996856894146,15.0,780.0,52.0,,
5.115068493150685,basic_sir,3.143105854347153e-07,5.976395758273366e-116,0.9999996856894146,15.0,780.0,52.0,,
5.117808219178082,basic_sir,3.143105854347153e-07,5.182837161668601e-116,0.9999996856894146,15.0,780.0,52.0,,
5.120547945205479,basic_sir,3.143105854347153e-07,4.494648970859596e-116,0.9999996856894146,15.0,780.0,52.0,,
5.123287671232877,basic_sir,3.143105854347153e-07,3.897839878254111e-116,0.9999996856894146,15.0,780.0,52.0,,
5.126027397260274,basic_sir,3.143105854347153e-07,3.380276371972682e-116,0.9999996856894146,15.0,780.0,52.0,,
5.1287671232876715,basic_sir,3.143105854347153e-07,2.931436053764928e-116,0.9999996856894146,15.0,780.0,52.0,,
5.131506849315069,basic_sir,3.143105854347153e-07,2.5421937118999395e-116,0.9999996856894146,15.0,780.0,52.0,,
5.134246575342466,basic_sir,3.143105854347153e-07,2.2046357997553102e-116,0.9999996856894146,15.0,780.0,52.0,,
5.136986301369863,basic_sir,3.143105854347153e-07,1.9118995483355465e-116,0.9999996856894146,15.0,780.0,52.0,,
5.13972602739726,basic_sir,3.143105854347153e-07,1.6580334417735582e-116,0.9999996856894146,15.0,780.0,52.0,,
5.142465753424657,basic_sir,3.143105854347153e-07,1.4378762191940206e-116,0.9999996856894146,15.0,780.0,52.0,,
5.145205479452055,basic_sir,3.143105854347153e-07,1.2469519429669339e-116,0.9999996856894146,15.0,780.0,52.0,,
5.147945205479452,basic_sir,3.143105854347153e-07,1.08137900002309e-116,0.9999996856894146,15.0,780.0,52.0,,
5.1506849315068495,basic_sir,3.143105854347153e-07,9.37791186169191e-117,0.9999996856894146,15.0,780.0,52.0,,
5.153424657534247,basic_sir,3.143105854347153e-07,8.132692689961982e-117,0.9999996856894146,15.0,780.0,52.0,,
5.156164383561644,basic_sir,3.143105854347153e-07,7.0528163801092e-117,0.9999996856894146,15.0,780.0,52.0,,
5.1589041095890416,basic_sir,3.143105854347153e-07,6.116328353699193e-117,0.9999996856894146,15.0,780.0,52.0,,
5.161643835616438,basic_sir,3.143105854347153e-07,5.304189208125562e-117,0.9999996856894146,15.0,780.0,52.0,,
5.164383561643835,basic_sir,3.143105854347153e-07,4.599887633334549e-117,0.9999996856894146,15.0,780.0,52.0,,
5.167123287671233,basic_sir,3.143105854347153e-07,3.989104726296415e-117,0.9999996856894146,15.0,780.0,52.0,,
5.16986301369863,basic_sir,3.143105854347153e-07,3.459422878516008e-117,0.9999996856894146,15.0,780.0,52.0,,
5.1726027397260275,basic_sir,3.143105854347153e-07,3.00007331808283e-117,0.9999996856894146,15.0,780.0,52.0,,
5.175342465753425,basic_sir,3.143105854347153e-07,2.6017171736267894e-117,0.9999996856894146,15.0,780.0,52.0,,
5.178082191780822,basic_sir,3.143105854347153e-07,2.2562556090696462e-117,0.9999996856894146,15.0,780.0,52.0,,
5.1808219178082195,basic_sir,3.143105854347153e-07,1.956665169089777e-117,0.9999996856894146,15.0,780.0,52.0,,
5.183561643835617,basic_sir,3.143105854347153e-07,1.6968549877678984e-117,0.9999996856894146,15.0,780.0,52.0,,
5.186301369863013,basic_sir,3.143105854347153e-07,1.471542957373928e-117,0.9999996856894146,15.0,780.0,52.0,,
5.189041095890411,basic_sir,3.143105854347153e-07,1.2761483397265427e-117,0.9999996856894146,15.0,780.0,52.0,,
5.191780821917808,basic_sir,3.143105854347153e-07,1.1066986368465121e-117,0.9999996856894146,15.0,780.0,52.0,,
5.1945205479452055,basic_sir,3.143105854347153e-07,9.597488275229652e-118,0.9999996856894146,15.0,780.0,52.0,,
5.197260273972603,basic_sir,3.143105854347153e-07,8.32311327821267e-118,0.9999996856894146,15.0,780.0,52.0,,
5.2,basic_sir,3.143105854347153e-07,7.217952515842216e-118,0.9999996856894146,15.0,780.0,52.0,,
5.2027397260273975,basic_sir,3.143105854347153e-07,6.259537360536902e-118,0.9999996856894146,15.0,780.0,52.0,,
5.205479452054795,basic_sir,3.143105854347153e-07,5.428382617087003e-118,0.9999996856894146,15.0,780.0,52.0,,
5.208219178082192,basic_sir,3.143105854347153e-07,4.707590376130422e-118,0.9999996856894146,15.0,780.0,52.0,,
5.210958904109589,basic_sir,3.143105854347153e-07,4.082506468810615e-118,0.9999996856894146,15.0,780.0,52.0,,
5.213698630136986,basic_sir,3.143105854347153e-07,3.5404225381180453e-118,0.9999996856894146,15.0,780.0,52.0,,
5.2164383561643834,basic_sir,3.143105854347153e-07,3.070317669837278e-118,0.9999996856894146,15.0,780.0,52.0,,
5.219178082191781,basic_sir,3.143105854347153e-07,2.66263433028702e-118,0.9999996856894146,15.0,780.0,52.0,,
5.221917808219178,basic_sir,3.143105854347153e-07,2.309084055526654e-118,0.9999996856894146,15.0,780.0,52.0,,
5.2246575342465755,basic_sir,3.143105854347153e-07,2.0024789415648625e-118,0.9999996856894146,15.0,780.0,52.0,,
5.227397260273973,basic_sir,3.143105854347153e-07,1.7365855096583534e-118,0.9999996856894146,15.0,780.0,52.0,,
5.23013698630137,basic_sir,3.143105854347153e-07,1.5059979756884152e-118,0.9999996856894146,15.0,780.0,52.0,,
5.232876712328767,basic_sir,3.143105854347153e-07,1.3060283471004597e-118,0.9999996856894146,15.0,780.0,52.0,,
5.235616438356164,basic_sir,3.143105854347153e-07,1.1326111130064262e-118,0.9999996856894146,15.0,780.0,52.0,,
5.238356164383561,basic_sir,3.143105854347153e-07,9.822205897396053e-119,0.9999996856894146,15.0,780.0,52.0,,
5.241095890410959,basic_sir,3.143105854347153e-07,8.517992414426752e-119,0.9999996856894146,15.0,780.0,52.0,,
5.243835616438356,basic_sir,3.143105854347153e-07,7.386955184014919e-119,0.9999996856894146,15.0,780.0,52.0,,
5.2465753424657535,basic_sir,3.143105854347153e-07,6.406099493376595e-119,0.9999996856894146,15.0,780.0,52.0,,
5.249315068493151,basic_sir,3.143105854347153e-07,5.555483916816596e-119,0.9999996856894146,15.0,780.0,52.0,,
5.252054794520548,basic_sir,3.143105854347153e-07,4.8178148937459066e-119,0.9999996856894146,15.0,780.0,52.0,,
5.254794520547946,basic_sir,3.143105854347153e-07,4.1780951394960474e-119,0.9999996856894146,15.0,780.0,52.0,,
5.257534246575342,basic_sir,3.143105854347153e-07,3.6233187408968067e-119,0.9999996856894146,15.0,780.0,52.0,,
5.260273972602739,basic_sir,3.143105854347153e-07,3.1422067377137177e-119,0.9999996856894146,15.0,780.0,52.0,,
5.263013698630137,basic_sir,3.143105854347153e-07,2.7249778141488336e-119,0.9999996856894146,15.0,780.0,52.0,,
5.265753424657534,basic_sir,3.143105854347153e-07,2.3631494384122483e-119,0.9999996856894146,15.0,780.0,52.0,,
5.2684931506849315,basic_sir,3.143105854347153e-07,2.0493654074069868e-119,0.9999996856894146,15.0,780.0,52.0,,
5.271232876712329,basic_sir,3.143105854347153e-07,1.777246290398897e-119,0.9999996856894146,15.0,780.0,52.0,,
5.273972602739726,basic_sir,3.143105854347153e-07,1.5412597310955625e-119,0.9999996856894146,15.0,780.0,52.0,,
5.276712328767124,basic_sir,3.143105854347153e-07,1.3366079712922608e-119,0.9999996856894146,15.0,780.0,52.0,,
5.279452054794521,basic_sir,3.143105854347153e-07,1.1591303093685015e-119,0.9999996856894146,15.0,780.0,52.0,,
5.282191780821917,basic_sir,3.143105854347153e-07,1.005218510553828e-119,0.9999996856894146,15.0,780.0,52.0,,
5.284931506849315,basic_sir,3.143105854347153e-07,8.717434491990072e-120,0.9999996856894146,15.0,780.0,52.0,,
5.287671232876712,basic_sir,3.143105854347153e-07,7.559914916436355e-120,0.9999996856894146,15.0,780.0,52.0,,
5.2904109589041095,basic_sir,3.143105854347153e-07,6.5560932630203e-120,0.9999996856894146,15.0,780.0,52.0,,
5.293150684931507,basic_sir,3.143105854347153e-07,5.6855611932841025e-120,0.9999996856894146,15.0,780.0,52.0,,
5.295890410958904,basic_sir,3.143105854347153e-07,4.930620231550244e-120,0.9999996856894146,15.0,780.0,52.0,,
5.298630136986302,basic_sir,3.143105854347153e-07,4.2759219435522446e-120,0.9999996856894146,15.0,780.0,52.0,,
5.301369863013699,basic_sir,3.143105854347153e-07,3.708155892915537e-120,0.9999996856894146,15.0,780.0,52.0,,
5.304109589041096,basic_sir,3.143105854347153e-07,3.2157790314434486e-120,0.9999996856894146,15.0,780.0,52.0,,
5.306849315068493,basic_sir,3.143105854347153e-07,2.788781021539266e-120,0.9999996856894146,15.0,780.0,52.0,,
5.30958904109589,basic_sir,3.143105854347153e-07,2.418480719617815e-120,0.9999996856894146,15.0,780.0,52.0,,
5.3123287671232875,basic_sir,3.143105854347153e-07,2.0973496828857243e-120,0.9999996856894146,15.0,780.0,52.0,,
5.315068493150685,basic_sir,3.143105854347153e-07,1.818859111267171e-120,0.9999996856894146,15.0,780.0,52.0,,
5.317808219178082,basic_sir,3.143105854347153e-07,1.577347112708366e-120,0.9999996856894146,15.0,780.0,52.0,,
5.32054794520548,basic_sir,3.143105854347153e-07,1.3679035932783436e-120,0.9999996856894146,15.0,780.0,52.0,,
5.323287671232877,basic_sir,3.143105854347153e-07,1.1862704318080945e-120,0.9999996856894146,15.0,780.0,52.0,,
5.326027397260274,basic_sir,3.143105854347153e-07,1.028754909554372e-120,0.9999996856894146,15.0,780.0,52.0,,
5.328767123287672,basic_sir,3.143105854347153e-07,8.921546348576897e-121,0.9999996856894146,15.0,780.0,52.0,,
5.331506849315068,basic_sir,3.143105854347153e-07,7.736924364646514e-121,0.9999996856894146,15.0,780.0,52.0,,
5.3342465753424655,basic_sir,3.143105854347153e-07,6.709599018538592e-121,0.9999996856894146,15.0,780.0,52.0,,
5.336986301369863,basic_sir,3.143105854347153e-07,5.818684126638849e-121,0.9999996856894146,15.0,780.0,52.0,,
5.33972602739726,basic_sir,3.143105854347153e-07,5.046066817413669e-121,0.9999996856894146,15.0,780.0,52.0,,
5.342465753424658,basic_sir,3.143105854347153e-07,4.376039285107549e-121,0.9999996856894146,15.0,780.0,52.0,,
5.345205479452055,basic_sir,3.143105854347153e-07,3.794979439970964e-121,0.9999996856894146,15.0,780.0,52.0,,
5.347945205479452,basic_sir,3.143105854347153e-07,3.2910739624332183e-121,0.9999996856894146,15.0,780.0,52.0,,
5.35068493150685,basic_sir,3.143105854347153e-07,2.854078130733893e-121,0.9999996856894146,15.0,780.0,52.0,,
5.353424657534247,basic_sir,3.143105854347153e-07,2.475107539154482e-121,0.9999996856894146,15.0,780.0,52.0,,
5.3561643835616435,basic_sir,3.143105854347153e-07,2.146457472348302e-121,0.9999996856894146,15.0,780.0,52.0,,
5.358904109589041,basic_sir,3.143105854347153e-07,1.8614462635322644e-121,0.9999996856894146,15.0,780.0,52.0,,
5.361643835616438,basic_sir,3.143105854347153e-07,1.6142794519135817e-121,0.9999996856894146,15.0,780.0,52.0,,
5.364383561643836,basic_sir,3.143105854347153e-07,1.3999319775825727e-121,0.9999996856894146,15.0,780.0,52.0,,
5.367123287671233,basic_sir,3.143105854347153e-07,1.2140460188197752e-121,0.9999996856894146,15.0,780.0,52.0,,
5.36986301369863,basic_sir,3.143105854347153e-07,1.052842394783578e-121,0.9999996856894146,15.0,780.0,52.0,,
5.372602739726028,basic_sir,3.143105854347153e-07,9.130437323382652e-122,0.9999996856894146,15.0,780.0,52.0,,
5.375342465753425,basic_sir,3.143105854347153e-07,7.918078349547791e-122,0.9999996856894146,15.0,780.0,52.0,,
5.378082191780822,basic_sir,3.143105854347153e-07,6.866698990311871e-122,0.9999996856894146,15.0,780.0,52.0,,
5.380821917808219,basic_sir,3.143105854347153e-07,5.954924028535928e-122,0.9999996856894146,15.0,780.0,52.0,,
5.383561643835616,basic_sir,3.143105854347153e-07,5.164216494077362e-122,0.9999996856894146,15.0,780.0,52.0,,
5.3863013698630136,basic_sir,3.143105854347153e-07,4.478500795291846e-122,0.9999996856894146,15.0,780.0,52.0,,
5.389041095890411,basic_sir,3.143105854347153e-07,3.8838358919368023e-122,0.9999996856894146,15.0,780.0,52.0,,
5.391780821917808,basic_sir,3.143105854347153e-07,3.368131864876349e-122,0.9999996856894146,15.0,780.0,52.0,,
5.394520547945206,basic_sir,3.143105854347153e-07,2.9209041202660647e-122,0.9999996856894146,15.0,780.0,52.0,,
5.397260273972603,basic_sir,3.143105854347153e-07,2.5330602310312124e-122,0.9999996856894146,15.0,780.0,52.0,,
5.4,basic_sir,3.143105854347153e-07,2.196715081988871e-122,0.9999996856894146,15.0,780.0,52.0,,
5.402739726027398,basic_sir,3.143105854347153e-07,1.9050305603956688e-122,0.9999996856894146,15.0,780.0,52.0,,
5.405479452054794,basic_sir,3.143105854347153e-07,1.6520765327271465e-122,0.9999996856894146,15.0,780.0,52.0,,
5.4082191780821915,basic_sir,3.143105854347153e-07,1.4327102812569818e-122,0.9999996856894146,15.0,780.0,52.0,,
5.410958904109589,basic_sir,3.143105854347153e-07,1.2424719493055545e-122,0.9999996856894146,15.0,780.0,52.0,,
5.413698630136986,basic_sir,3.143105854347153e-07,1.0774938694910142e-122,0.9999996856894146,15.0,780.0,52.0,,
5.416438356164384,basic_sir,3.143105854347153e-07,9.344219315692592e-123,0.9999996856894146,15.0,780.0,52.0,,
5.419178082191781,basic_sir,3.143105854347153e-07,8.103473912200359e-123,0.9999996856894146,15.0,780.0,52.0,,
5.421917808219178,basic_sir,3.143105854347153e-07,7.027477334081024e-123,0.9999996856894146,15.0,780.0,52.0,,
5.424657534246576,basic_sir,3.143105854347153e-07,6.094353880336339e-123,0.9999996856894146,15.0,780.0,52.0,,
5.427397260273973,basic_sir,3.143105854347153e-07,5.285132552281294e-123,0.9999996856894146,15.0,780.0,52.0,,
5.4301369863013695,basic_sir,3.143105854347153e-07,4.5833613609656536e-123,0.9999996856894146,15.0,780.0,52.0,,
5.432876712328767,basic_sir,3.143105854347153e-07,3.974772847678973e-123,0.9999996856894146,15.0,780.0,52.0,,
5.435616438356164,basic_sir,3.143105854347153e-07,3.4469940173596545e-123,0.9999996856894146,15.0,780.0,52.0,,
5.438356164383562,basic_sir,3.143105854347153e-07,2.9892947876635226e-123,0.9999996856894146,15.0,780.0,52.0,,
5.441095890410959,basic_sir,3.143105854347153e-07,2.5923698395035386e-123,0.9999996856894146,15.0,780.0,52.0,,
5.443835616438356,basic_sir,3.143105854347153e-07,2.2481494339406896e-123,0.9999996856894146,15.0,780.0,52.0,,
5.446575342465754,basic_sir,3.143105854347153e-07,1.949635349212272e-123,0.9999996856894146,15.0,780.0,52.0,,
5.449315068493151,basic_sir,3.143105854347153e-07,1.6907586023920585e-123,0.9999996856894146,15.0,780.0,52.0,,
5.452054794520548,basic_sir,3.143105854347153e-07,1.4662560630723883e-123,0.9999996856894146,15.0,780.0,52.0,,
5.454794520547945,basic_sir,3.143105854347153e-07,1.2715634505452076e-123,0.9999996856894146,15.0,780.0,52.0,,
5.457534246575342,basic_sir,3.143105854347153e-07,1.1027225390457163e-123,0.9999996856894146,15.0,780.0,52.0,,
5.46027397260274,basic_sir,3.143105854347153e-07,9.563006844825943e-124,0.9999996856894146,15.0,780.0,52.0,,
5.463013698630137,basic_sir,3.143105854347153e-07,8.293210365803222e-124,0.9999996856894146,15.0,780.0,52.0,,
5.465753424657534,basic_sir,3.143105854347153e-07,7.192020176026324e-124,0.9999996856894146,15.0,780.0,52.0,,
5.468493150684932,basic_sir,3.143105854347153e-07,6.237048372202962e-124,0.9999996856894146,15.0,780.0,52.0,,
5.471232876712329,basic_sir,3.143105854347153e-07,5.408879764668951e-124,0.9999996856894146,15.0,780.0,52.0,,
5.473972602739726,basic_sir,3.143105854347153e-07,4.690677154121841e-124,0.9999996856894146,15.0,780.0,52.0,,
5.476712328767124,basic_sir,3.143105854347153e-07,4.067839020553127e-124,0.9999996856894146,15.0,780.0,52.0,,
5.47945205479452,basic_sir,3.143105854347153e-07,3.5277026649755156e-124,0.9999996856894146,15.0,780.0,52.0,,
5.482191780821918,basic_sir,3.143105854347153e-07,3.0592867686250296e-124,0.9999996856894146,15.0,780.0,52.0,,
5.484931506849315,basic_sir,3.143105854347153e-07,2.653068135703873e-124,0.9999996856894146,15.0,780.0,52.0,,
5.487671232876712,basic_sir,3.143105854347153e-07,2.3007880806972335e-124,0.9999996856894146,15.0,780.0,52.0,,
5.49041095890411,basic_sir,3.143105854347153e-07,1.995284523996604e-124,0.9999996856894146,15.0,780.0,52.0,,
5.493150684931507,basic_sir,3.143105854347153e-07,1.7303463822247805e-124,0.9999996856894146,15.0,780.0,52.0,,
5.495890410958904,basic_sir,3.143105854347153e-07,1.5005872929245865e-124,0.9999996856894146,15.0,780.0,52.0,,
5.498630136986302,basic_sir,3.143105854347153e-07,1.3013361063531983e-124,0.9999996856894146,15.0,780.0,52.0,,
5.501369863013698,basic_sir,3.143105854347153e-07,1.128541918010023e-124,0.9999996856894146,15.0,780.0,52.0,,
5.504109589041096,basic_sir,3.143105854347153e-07,9.786917111481501e-125,0.9999996856894146,15.0,780.0,52.0,,
5.506849315068493,basic_sir,3.143105854347153e-07,8.487389348896007e-125,0.9999996856894146,15.0,780.0,52.0,,
5.50958904109589,basic_sir,3.143105854347153e-07,7.360415658904965e-125,0.9999996856894146,15.0,780.0,52.0,,
5.512328767123288,basic_sir,3.143105854347153e-07,6.383083943109113e-125,0.9999996856894146,15.0,780.0,52.0,,
5.515068493150685,basic_sir,3.143105854347153e-07,5.535524420483471e-125,0.9999996856894146,15.0,780.0,52.0,,
5.517808219178082,basic_sir,3.143105854347153e-07,4.800505661976858e-125,0.9999996856894146,15.0,780.0,52.0,,
5.52054794520548,basic_sir,3.143105854347153e-07,4.1630842645003e-125,0.9999996856894146,15.0,780.0,52.0,,
5.523287671232877,basic_sir,3.143105854347153e-07,3.6103010419516825e-125,0.9999996856894146,15.0,780.0,52.0,,
5.526027397260274,basic_sir,3.143105854347153e-07,3.130917556645355e-125,0.9999996856894146,15.0,780.0,52.0,,
5.528767123287671,basic_sir,3.143105854347153e-07,2.71518763466065e-125,0.9999996856894146,15.0,780.0,52.0,,
5.531506849315068,basic_sir,3.143105854347153e-07,2.354659219871998e-125,0.9999996856894146,15.0,780.0,52.0,,
5.534246575342466,basic_sir,3.143105854347153e-07,2.0420025382227997e-125,0.9999996856894146,15.0,780.0,52.0,,
5.536986301369863,basic_sir,3.143105854347153e-07,1.7708610787148344e-125,0.9999996856894146,15.0,780.0,52.0,,
5.53972602739726,basic_sir,3.143105854347153e-07,1.535722361460115e-125,0.9999996856894146,15.0,780.0,52.0,,
5.542465753424658,basic_sir,3.143105854347153e-07,1.3318058654269048e-125,0.9999996856894146,15.0,780.0,52.0,,
5.545205479452055,basic_sir,3.143105854347153e-07,1.1549658373790455e-125,0.9999996856894146,15.0,780.0,52.0,,
5.5479452054794525,basic_sir,3.143105854347153e-07,1.0016070060519586e-125,0.9999996856894146,15.0,780.0,52.0,,
5.550684931506849,basic_sir,3.143105854347153e-07,8.686114879804633e-126,0.9999996856894146,15.0,780.0,52.0,,
5.553424657534246,basic_sir,3.143105854347153e-07,7.53275398926733e-126,0.9999996856894146,15.0,780.0,52.0,,
5.556164383561644,basic_sir,3.143105854347153e-07,6.532538821786698e-126,0.9999996856894146,15.0,780.0,52.0,,
5.558904109589041,basic_sir,3.143105854347153e-07,5.665134361078612e-126,0.9999996856894146,15.0,780.0,52.0,,
5.561643835616438,basic_sir,3.143105854347153e-07,4.912905717764367e-126,0.9999996856894146,15.0,780.0,52.0,,
5.564383561643836,basic_sir,3.143105854347153e-07,4.260559600751698e-126,0.9999996856894146,15.0,780.0,52.0,,
5.567123287671233,basic_sir,3.143105854347153e-07,3.694833394811769e-126,0.9999996856894146,15.0,780.0,52.0,,
5.5698630136986305,basic_sir,3.143105854347153e-07,3.2042255230997476e-126,0.9999996856894146,15.0,780.0,52.0,,
5.572602739726028,basic_sir,3.143105854347153e-07,2.7787616127159368e-126,0.9999996856894146,15.0,780.0,52.0,,
5.575342465753424,basic_sir,3.143105854347153e-07,2.4097917093033715e-126,0.9999996856894146,15.0,780.0,52.0,,
5.578082191780822,basic_sir,3.143105854347153e-07,2.089814417923815e-126,0.9999996856894146,15.0,780.0,52.0,,
5.580821917808219,basic_sir,3.143105854347153e-07,1.8123243948850542e-126,0.9999996856894146,15.0,780.0,52.0,,
5.583561643835616,basic_sir,3.143105854347153e-07,1.57168008992807e-126,0.9999996856894146,15.0,780.0,52.0,,
5.586301369863014,basic_sir,3.143105854347153e-07,1.3629890498897002e-126,0.9999996856894146,15.0,780.0,52.0,,
5.589041095890411,basic_sir,3.143105854347153e-07,1.1820084519899017e-126,0.9999996856894146,15.0,780.0,52.0,,
5.5917808219178085,basic_sir,3.143105854347153e-07,1.025058844521625e-126,0.9999996856894146,15.0,780.0,52.0,,
5.594520547945206,basic_sir,3.143105854347153e-07,8.88949341236171e-127,0.9999996856894146,15.0,780.0,52.0,,
5.597260273972603,basic_sir,3.143105854347153e-07,7.709127485778708e-127,0.9999996856894146,15.0,780.0,52.0,,
5.6,basic_sir,3.143105854347153e-07,6.685493068631713e-127,0.9999996856894146,15.0,780.0,52.0,,
5.602739726027397,basic_sir,3.143105854347153e-07,5.797779016259949e-127,0.9999996856894146,15.0,780.0,52.0,,
5.605479452054794,basic_sir,3.143105854347153e-07,5.02793753225203e-127,0.9999996856894146,15.0,780.0,52.0,,
5.608219178082192,basic_sir,3.143105854347153e-07,4.36031724516062e-127,0.9999996856894146,15.0,780.0,52.0,,
5.610958904109589,basic_sir,3.143105854347153e-07,3.781345006076357e-127,0.9999996856894146,15.0,780.0,52.0,,
5.6136986301369864,basic_sir,3.143105854347153e-07,3.279249937799398e-127,0.9999996856894146,15.0,780.0,52.0,,
5.616438356164384,basic_sir,3.143105854347153e-07,2.8438241253514996e-127,0.9999996856894146,15.0,780.0,52.0,,
5.619178082191781,basic_sir,3.143105854347153e-07,2.4662150825131614e-127,0.9999996856894146,15.0,780.0,52.0,,
5.6219178082191785,basic_sir,3.143105854347153e-07,2.138745775097337e-127,0.9999996856894146,15.0,780.0,52.0,,
5.624657534246575,basic_sir,3.143105854347153e-07,1.854758541917444e-127,0.9999996856894146,15.0,780.0,52.0,,
5.627397260273972,basic_sir,3.143105854347153e-07,1.6084797402622567e-127,0.9999996856894146,15.0,780.0,52.0,,
5.63013698630137,basic_sir,3.143105854347153e-07,1.3949023640346681e-127,0.9999996856894146,15.0,780.0,52.0,,
5.632876712328767,basic_sir,3.143105854347153e-07,1.209684248103901e-127,0.9999996856894146,15.0,780.0,52.0,,
5.635616438356164,basic_sir,3.143105854347153e-07,1.0490597893017345e-127,0.9999996856894146,15.0,780.0,52.0,,
5.638356164383562,basic_sir,3.143105854347153e-07,9.09763389293364e-128,0.9999996856894146,15.0,780.0,52.0,,
5.641095890410959,basic_sir,3.143105854347153e-07,7.889630628674221e-128,0.9999996856894146,15.0,780.0,52.0,,
5.6438356164383565,basic_sir,3.143105854347153e-07,6.842028618590886e-128,0.9999996856894146,15.0,780.0,52.0,,
5.646575342465754,basic_sir,3.143105854347153e-07,5.933529441476941e-128,0.9999996856894146,15.0,780.0,52.0,,
5.64931506849315,basic_sir,3.143105854347153e-07,5.145662725995161e-128,0.9999996856894146,15.0,780.0,52.0,,
5.652054794520548,basic_sir,3.143105854347153e-07,4.462410636173403e-128,0.9999996856894146,15.0,780.0,52.0,,
5.654794520547945,basic_sir,3.143105854347153e-07,3.8698822185207167e-128,0.9999996856894146,15.0,780.0,52.0,,
5.657534246575342,basic_sir,3.143105854347153e-07,3.3560309900267273e-128,0.9999996856894146,15.0,780.0,52.0,,
5.66027397260274,basic_sir,3.143105854347153e-07,2.91041002543098e-128,0.9999996856894146,15.0,780.0,52.0,,
5.663013698630137,basic_sir,3.143105854347153e-07,2.5239595645276495e-128,0.9999996856894146,15.0,780.0,52.0,,
5.6657534246575345,basic_sir,3.143105854347153e-07,2.1888228214260858e-128,0.9999996856894146,15.0,780.0,52.0,,
5.668493150684932,basic_sir,3.143105854347153e-07,1.8981862510512365e-128,0.9999996856894146,15.0,780.0,52.0,,
5.671232876712329,basic_sir,3.143105854347153e-07,1.6461410253994014e-128,0.9999996856894146,15.0,780.0,52.0,,
5.673972602739726,basic_sir,3.143105854347153e-07,1.4275629032727489e-128,0.9999996856894146,15.0,780.0,52.0,,
5.676712328767123,basic_sir,3.143105854347153e-07,1.2380080511667967e-128,0.9999996856894146,15.0,780.0,52.0,,
5.67945205479452,basic_sir,3.143105854347153e-07,1.07362269728368e-128,0.9999996856894146,15.0,780.0,52.0,,
5.682191780821918,basic_sir,3.143105854347153e-07,9.310647818778894e-129,0.9999996856894146,15.0,780.0,52.0,,
5.684931506849315,basic_sir,3.143105854347153e-07,8.074360110368162e-129,0.9999996856894146,15.0,780.0,52.0,,
5.6876712328767125,basic_sir,3.143105854347153e-07,7.002229325054098e-129,0.9999996856894146,15.0,780.0,52.0,,
5.69041095890411,basic_sir,3.143105854347153e-07,6.072458355887217e-129,0.9999996856894146,15.0,780.0,52.0,,
5.693150684931507,basic_sir,3.143105854347153e-07,5.2661443623455724e-129,0.9999996856894146,15.0,780.0,52.0,,
5.695890410958905,basic_sir,3.143105854347153e-07,4.566894463455275e-129,0.9999996856894146,15.0,780.0,52.0,,
5.698630136986301,basic_sir,3.143105854347153e-07,3.96049245999967e-129,0.9999996856894146,15.0,780.0,52.0,,
5.701369863013698,basic_sir,3.143105854347153e-07,3.43460981006467e-129,0.9999996856894146,15.0,780.0,52.0,,
5.704109589041096,basic_sir,3.143105854347153e-07,2.9785549818704744e-129,0.9999996856894146,15.0,780.0,52.0,,
5.706849315068493,basic_sir,3.143105854347153e-07,2.5830560880679414e-129,0.9999996856894146,15.0,780.0,52.0,,
5.7095890410958905,basic_sir,3.143105854347153e-07,2.2400723823183746e-129,0.9999996856894146,15.0,780.0,52.0,,
5.712328767123288,basic_sir,3.143105854347153e-07,1.9426307857599773e-129,0.9999996856894146,15.0,780.0,52.0,,
5.715068493150685,basic_sir,3.143105854347153e-07,1.6846841198393323e-129,0.9999996856894146,15.0,780.0,52.0,,
5.717808219178083,basic_sir,3.143105854347153e-07,1.4609881632903845e-129,0.9999996856894146,15.0,780.0,52.0,,
5.72054794520548,basic_sir,3.143105854347153e-07,1.2669950337504079e-129,0.9999996856894146,15.0,780.0,52.0,,
5.723287671232876,basic_sir,3.143105854347153e-07,1.0987607263928314e-129,0.9999996856894146,15.0,780.0,52.0,,
5.726027397260274,basic_sir,3.143105854347153e-07,9.52864929777676e-130,0.9999996856894146,15.0,780.0,52.0,,
5.728767123287671,basic_sir,3.143105854347153e-07,8.263414887251827e-130,0.9999996856894146,15.0,780.0,52.0,,
5.7315068493150685,basic_sir,3.143105854347153e-07,7.166181004771292e-130,0.9999996856894146,15.0,780.0,52.0,,
5.734246575342466,basic_sir,3.143105854347153e-07,6.2146401813093265e-130,0.9999996856894146,15.0,780.0,52.0,,
5.736986301369863,basic_sir,3.143105854347153e-07,5.389446981234467e-130,0.9999996856894146,15.0,780.0,52.0,,
5.739726027397261,basic_sir,3.143105854347153e-07,4.673824697187496e-130,0.9999996856894146,15.0,780.0,52.0,,
5.742465753424658,basic_sir,3.143105854347153e-07,4.053224268853689e-130,0.9999996856894146,15.0,780.0,52.0,,
5.745205479452054,basic_sir,3.143105854347153e-07,3.5150284912293155e-130,0.9999996856894146,15.0,780.0,52.0,,
5.747945205479452,basic_sir,3.143105854347153e-07,3.048295498745635e-130,0.9999996856894146,15.0,780.0,52.0,,
5.750684931506849,basic_sir,3.143105854347153e-07,2.643536310120536e-130,0.9999996856894146,15.0,780.0,52.0,,
5.7534246575342465,basic_sir,3.143105854347153e-07,2.2925219112784043e-130,0.9999996856894146,15.0,780.0,52.0,,
5.756164383561644,basic_sir,3.143105854347153e-07,1.9881159542128428e-130,0.9999996856894146,15.0,780.0,52.0,,
5.758904109589041,basic_sir,3.143105854347153e-07,1.7241296704516591e-130,0.9999996856894146,15.0,780.0,52.0,,
5.761643835616439,basic_sir,3.143105854347153e-07,1.4951960494219264e-130,0.9999996856894146,15.0,780.0,52.0,,
5.764383561643836,basic_sir,3.143105854347153e-07,1.2966607236805382e-130,0.9999996856894146,15.0,780.0,52.0,,
5.767123287671233,basic_sir,3.143105854347153e-07,1.1244873426369563e-130,0.9999996856894146,15.0,780.0,52.0,,
5.76986301369863,basic_sir,3.143105854347153e-07,9.751755109552566e-131,0.9999996856894146,15.0,780.0,52.0,,
5.772602739726027,basic_sir,3.143105854347153e-07,8.45689623270241e-131,0.9999996856894146,15.0,780.0,52.0,,
5.7753424657534245,basic_sir,3.143105854347153e-07,7.333971483824278e-131,0.9999996856894146,15.0,780.0,52.0,,
5.778082191780822,basic_sir,3.143105854347153e-07,6.360151082090307e-131,0.9999996856894146,15.0,780.0,52.0,,
5.780821917808219,basic_sir,3.143105854347153e-07,5.515636633743929e-131,0.9999996856894146,15.0,780.0,52.0,,
5.7835616438356166,basic_sir,3.143105854347153e-07,4.78325861804836e-131,0.9999996856894146,15.0,780.0,52.0,,
5.786301369863014,basic_sir,3.143105854347153e-07,4.1481273199107773e-131,0.9999996856894146,15.0,780.0,52.0,,
5.789041095890411,basic_sir,3.143105854347153e-07,3.5973301124183957e-131,0.9999996856894146,15.0,780.0,52.0,,
5.791780821917809,basic_sir,3.143105854347153e-07,3.119668934846121e-131,0.9999996856894146,15.0,780.0,52.0,,
5.794520547945205,basic_sir,3.143105854347153e-07,2.7054326288953153e-131,0.9999996856894146,15.0,780.0,52.0,,
5.7972602739726025,basic_sir,3.143105854347153e-07,2.3461995046125333e-131,0.9999996856894146,15.0,780.0,52.0,,
5.8,basic_sir,3.143105854347153e-07,2.034666122028609e-131,0.9999996856894146,15.0,780.0,52.0,,
5.802739726027397,basic_sir,3.143105854347153e-07,1.764498807536243e-131,0.9999996856894146,15.0,780.0,52.0,,
5.8054794520547945,basic_sir,3.143105854347153e-07,1.5302048862408126e-131,0.9999996856894146,15.0,780.0,52.0,,
5.808219178082192,basic_sir,3.143105854347153e-07,1.3270210123546165e-131,0.9999996856894146,15.0,780.0,52.0,,
5.810958904109589,basic_sir,3.143105854347153e-07,1.150816327319935e-131,0.9999996856894146,15.0,780.0,52.0,,
5.813698630136987,basic_sir,3.143105854347153e-07,9.980084768034053e-132,0.9999996856894146,15.0,780.0,52.0,,
5.816438356164384,basic_sir,3.143105854347153e-07,8.654907791332999e-132,0.9999996856894146,15.0,780.0,52.0,,
5.8191780821917805,basic_sir,3.143105854347153e-07,7.505690644673343e-132,0.9999996856894146,15.0,780.0,52.0,,
5.821917808219178,basic_sir,3.143105854347153e-07,6.509069005905348e-132,0.9999996856894146,15.0,780.0,52.0,,
5.824657534246575,basic_sir,3.143105854347153e-07,5.644780917490311e-132,0.9999996856894146,15.0,780.0,52.0,,
5.8273972602739725,basic_sir,3.143105854347153e-07,4.8952548478983045e-132,0.9999996856894146,15.0,780.0,52.0,,
5.83013698630137,basic_sir,3.143105854347153e-07,4.245252451095324e-132,0.9999996856894146,15.0,780.0,52.0,,
5.832876712328767,basic_sir,3.143105854347153e-07,3.681558761188577e-132,0.9999996856894146,15.0,780.0,52.0,,
5.835616438356165,basic_sir,3.143105854347153e-07,3.1927135236886357e-132,0.9999996856894146,15.0,780.0,52.0,,
5.838356164383562,basic_sir,3.143105854347153e-07,2.7687782011805777e-132,0.9999996856894146,15.0,780.0,52.0,,
5.841095890410959,basic_sir,3.143105854347153e-07,2.4011339164798746e-132,0.9999996856894146,15.0,780.0,52.0,,
5.843835616438356,basic_sir,3.143105854347153e-07,2.0823062253278087e-132,0.9999996856894146,15.0,780.0,52.0,,
5.846575342465753,basic_sir,3.143105854347153e-07,1.8058131561422593e-132,0.9999996856894146,15.0,780.0,52.0,,
5.8493150684931505,basic_sir,3.143105854347153e-07,1.5660334273759895e-132,0.9999996856894146,15.0,780.0,52.0,,
5.852054794520548,basic_sir,3.143105854347153e-07,1.3580921632546723e-132,0.9999996856894146,15.0,780.0,52.0,,
5.854794520547945,basic_sir,3.143105854347153e-07,1.177761784423858e-132,0.9999996856894146,15.0,780.0,52.0,,
5.857534246575343,basic_sir,3.143105854347153e-07,1.0213760585474743e-132,0.9999996856894146,15.0,780.0,52.0,,
5.86027397260274,basic_sir,3.143105854347153e-07,8.857555634514789e-133,0.9999996856894146,15.0,780.0,52.0,,
5.863013698630137,basic_sir,3.143105854347153e-07,7.681430474305364e-133,0.9999996856894146,15.0,780.0,52.0,,
5.865753424657535,basic_sir,3.143105854347153e-07,6.661473725512688e-133,0.9999996856894146,15.0,780.0,52.0,,
5.868493150684931,basic_sir,3.143105854347153e-07,5.7769490128348535e-133,0.9999996856894146,15.0,780.0,52.0,,
5.8712328767123285,basic_sir,3.143105854347153e-07,5.009873381182413e-133,0.9999996856894146,15.0,780.0,52.0,,
5.873972602739726,basic_sir,3.143105854347153e-07,4.3446516906618235e-133,0.9999996856894146,15.0,780.0,52.0,,
5.876712328767123,basic_sir,3.143105854347153e-07,3.7677595573714066e-133,0.9999996856894146,15.0,780.0,52.0,,
5.879452054794521,basic_sir,3.143105854347153e-07,3.2674683939971013e-133,0.9999996856894146,15.0,780.0,52.0,,
5.882191780821918,basic_sir,3.143105854347153e-07,2.833606960105065e-133,0.9999996856894146,15.0,780.0,52.0,,
5.884931506849315,basic_sir,3.143105854347153e-07,2.4573545742958425e-133,0.9999996856894146,15.0,780.0,52.0,,
5.887671232876713,basic_sir,3.143105854347153e-07,2.13106178409048e-133,0.9999996856894146,15.0,780.0,52.0,,
5.89041095890411,basic_sir,3.143105854347153e-07,1.848094847652276e-133,0.9999996856894146,15.0,780.0,52.0,,
5.8931506849315065,basic_sir,3.143105854347153e-07,1.6027008655578404e-133,0.9999996856894146,15.0,780.0,52.0,,
5.895890410958904,basic_sir,3.143105854347153e-07,1.3898908206593465e-133,0.9999996856894146,15.0,780.0,52.0,,
5.898630136986301,basic_sir,3.143105854347153e-07,1.2053381481644895e-133,0.9999996856894146,15.0,780.0,52.0,,
5.901369863013699,basic_sir,3.143105854347153e-07,1.0452907737971766e-133,0.9999996856894146,15.0,780.0,52.0,,
5.904109589041096,basic_sir,3.143105854347153e-07,9.06494831719531e-134,0.9999996856894146,15.0,780.0,52.0,,
5.906849315068493,basic_sir,3.143105854347153e-07,7.861285113511067e-134,0.9999996856894146,15.0,780.0,52.0,,
5.909589041095891,basic_sir,3.143105854347153e-07,6.817446881487741e-134,0.9999996856894146,15.0,780.0,52.0,,
5.912328767123288,basic_sir,3.143105854347153e-07,5.912211719942155e-134,0.9999996856894146,15.0,780.0,52.0,,
5.915068493150685,basic_sir,3.143105854347153e-07,5.127175617068169e-134,0.9999996856894146,15.0,780.0,52.0,,
5.917808219178082,basic_sir,3.143105854347153e-07,4.446378285065335e-134,0.9999996856894146,15.0,780.0,52.0,,
5.920547945205479,basic_sir,3.143105854347153e-07,3.8559786772438884e-134,0.9999996856894146,15.0,780.0,52.0,,
5.923287671232877,basic_sir,3.143105854347153e-07,3.3439735906638113e-134,0.9999996856894146,15.0,780.0,52.0,,
5.926027397260274,basic_sir,3.143105854347153e-07,2.8999536333145957e-134,0.9999996856894146,15.0,780.0,52.0,,
5.928767123287671,basic_sir,3.143105854347153e-07,2.514891594495252e-134,0.9999996856894146,15.0,780.0,52.0,,
5.931506849315069,basic_sir,3.143105854347153e-07,2.1809589158271727e-134,0.9999996856894146,15.0,780.0,52.0,,
5.934246575342466,basic_sir,3.143105854347153e-07,1.8913665316379966e-134,0.9999996856894146,15.0,780.0,52.0,,
5.936986301369863,basic_sir,3.143105854347153e-07,1.6402268428993282e-134,0.9999996856894146,15.0,780.0,52.0,,
5.939726027397261,basic_sir,3.143105854347153e-07,1.4224340185598798e-134,0.9999996856894146,15.0,780.0,52.0,,
5.942465753424657,basic_sir,3.143105854347153e-07,1.2335601907233795e-134,0.9999996856894146,15.0,780.0,52.0,,
5.945205479452055,basic_sir,3.143105854347153e-07,1.0697654332522367e-134,0.9999996856894146,15.0,780.0,52.0,,
5.947945205479452,basic_sir,3.143105854347153e-07,9.277196936051028e-135,0.9999996856894146,15.0,780.0,52.0,,
5.950684931506849,basic_sir,3.143105854347153e-07,8.045350907312524e-135,0.9999996856894146,15.0,780.0,52.0,,
5.953424657534247,basic_sir,3.143105854347153e-07,6.977072025954719e-135,0.9999996856894146,15.0,780.0,52.0,,
5.956164383561644,basic_sir,3.143105854347153e-07,6.050641496707673e-135,0.9999996856894146,15.0,780.0,52.0,,
5.958904109589041,basic_sir,3.143105854347153e-07,5.247224392336877e-135,0.9999996856894146,15.0,780.0,52.0,,
5.961643835616439,basic_sir,3.143105854347153e-07,4.5504867274844814e-135,0.9999996856894146,15.0,780.0,52.0,,
5.964383561643836,basic_sir,3.143105854347153e-07,3.946263378263969e-135,0.9999996856894146,15.0,780.0,52.0,,
5.967123287671233,basic_sir,3.143105854347153e-07,3.4222700962006446e-135,0.9999996856894146,15.0,780.0,52.0,,
5.96986301369863,basic_sir,3.143105854347153e-07,2.9678537615755674e-135,0.9999996856894146,15.0,780.0,52.0,,
5.972602739726027,basic_sir,3.143105854347153e-07,2.5737757986656093e-135,0.9999996856894146,15.0,780.0,52.0,,
5.975342465753425,basic_sir,3.143105854347153e-07,2.2320243495690606e-135,0.9999996856894146,15.0,780.0,52.0,,
5.978082191780822,basic_sir,3.143105854347153e-07,1.9356513879927315e-135,0.9999996856894146,15.0,780.0,52.0,,
5.980821917808219,basic_sir,3.143105854347153e-07,1.6786314614182306e-135,0.9999996856894146,15.0,780.0,52.0,,
5.983561643835617,basic_sir,3.143105854347153e-07,1.4557391897851835e-135,0.9999996856894146,15.0,780.0,52.0,,
5.986301369863014,basic_sir,3.143105854347153e-07,1.2624430301610022e-135,0.9999996856894146,15.0,780.0,52.0,,
5.9890410958904114,basic_sir,3.143105854347153e-07,1.0948131475647619e-135,0.9999996856894146,15.0,780.0,52.0,,
5.991780821917808,basic_sir,3.143105854347153e-07,9.494415188999494e-136,0.9999996856894146,15.0,780.0,52.0,,
5.994520547945205,basic_sir,3.143105854347153e-07,8.233726456574893e-136,0.9999996856894146,15.0,780.0,52.0,,
5.997260273972603,basic_sir,3.143105854347153e-07,7.140434667345255e-136,0.9999996856894146,15.0,780.0,52.0,,
6.0,basic_sir,3.143105854347153e-07,6.192312497570545e-136,0.9999996856894146,15.0,780.0,52.0,,
6.002739726027397,basic_sir,3.143105854347153e-07,5.370084015042822e-136,0.9999996856894146,15.0,780.0,52.0,,
6.005479452054795,basic_sir,3.143105854347153e-07,4.6570327870133306e-136,0.9999996856894146,15.0,780.0,52.0,,
6.008219178082192,basic_sir,3.143105854347153e-07,4.038662024386262e-136,0.9999996856894146,15.0,780.0,52.0,,
6.010958904109589,basic_sir,3.143105854347153e-07,3.5023998526925236e-136,0.9999996856894146,15.0,780.0,52.0,,
6.013698630136986,basic_sir,3.143105854347153e-07,3.0373437178134037e-136,0.9999996856894146,15.0,780.0,52.0,,
6.016438356164383,basic_sir,3.143105854347153e-07,2.6340387300575954e-136,0.9999996856894146,15.0,780.0,52.0,,
6.019178082191781,basic_sir,3.143105854347153e-07,2.2842854401866113e-136,0.9999996856894146,15.0,780.0,52.0,,
6.021917808219178,basic_sir,3.143105854347153e-07,1.9809731393488074e-136,0.9999996856894146,15.0,780.0,52.0,,
6.024657534246575,basic_sir,3.143105854347153e-07,1.717935293805e-136,0.9999996856894146,15.0,780.0,52.0,,
6.027397260273973,basic_sir,3.143105854347153e-07,1.489824175339921e-136,0.9999996856894146,15.0,780.0,52.0,,
6.03013698630137,basic_sir,3.143105854347153e-07,1.2920021385154777e-136,0.9999996856894146,15.0,780.0,52.0,,
6.032876712328767,basic_sir,3.143105854347153e-07,1.1204473343625964e-136,0.9999996856894146,15.0,780.0,52.0,,
6.035616438356165,basic_sir,3.143105854347153e-07,9.716719436104932e-137,0.9999996856894146,15.0,780.0,52.0,,
6.038356164383561,basic_sir,3.143105854347153e-07,8.426512670824873e-137,0.9999996856894146,15.0,780.0,52.0,,
6.041095890410959,basic_sir,3.143105854347153e-07,7.307622316203515e-137,0.9999996856894146,15.0,780.0,52.0,,
6.043835616438356,basic_sir,3.143105854347153e-07,6.337300613237928e-137,0.9999996856894146,15.0,780.0,52.0,,
6.046575342465753,basic_sir,3.143105854347153e-07,5.495820298962935e-137,0.9999996856894146,15.0,780.0,52.0,,
6.049315068493151,basic_sir,3.143105854347153e-07,4.766073538534704e-137,0.9999996856894146,15.0,780.0,52.0,,
6.052054794520548,basic_sir,3.143105854347153e-07,4.1332241119687153e-137,0.9999996856894146,15.0,780.0,52.0,,
6.054794520547945,basic_sir,3.143105854347153e-07,3.5844057842657186e-137,0.9999996856894146,15.0,780.0,52.0,,
6.057534246575343,basic_sir,3.143105854347153e-07,3.1084607265967644e-137,0.9999996856894146,15.0,780.0,52.0,,
6.06027397260274,basic_sir,3.143105854347153e-07,2.6957126704821166e-137,0.9999996856894146,15.0,780.0,52.0,,
6.063013698630137,basic_sir,3.143105854347153e-07,2.3377701830430213e-137,0.9999996856894146,15.0,780.0,52.0,,
6.065753424657534,basic_sir,3.143105854347153e-07,2.0273560637852872e-137,0.9999996856894146,15.0,780.0,52.0,,
6.068493150684931,basic_sir,3.143105854347153e-07,1.7581593944434935e-137,0.9999996856894146,15.0,780.0,52.0,,
6.071232876712329,basic_sir,3.143105854347153e-07,1.524707233961881e-137,0.9999996856894146,15.0,780.0,52.0,,
6.073972602739726,basic_sir,3.143105854347153e-07,1.3222533500903269e-137,0.9999996856894146,15.0,780.0,52.0,,
6.076712328767123,basic_sir,3.143105854347153e-07,1.146681725436611e-137,0.9999996856894146,15.0,780.0,52.0,,
6.079452054794521,basic_sir,3.143105854347153e-07,9.944228761912085e-138,0.9999996856894146,15.0,780.0,52.0,,
6.082191780821918,basic_sir,3.143105854347153e-07,8.623812822305775e-138,0.9999996856894146,15.0,780.0,52.0,,
6.0849315068493155,basic_sir,3.143105854347153e-07,7.478724532063713e-138,0.9999996856894146,15.0,780.0,52.0,,
6.087671232876712,basic_sir,3.143105854347153e-07,6.485683511338048e-138,0.9999996856894146,15.0,780.0,52.0,,
6.090410958904109,basic_sir,3.143105854347153e-07,5.624500598851837e-138,0.9999996856894146,15.0,780.0,52.0,,
6.093150684931507,basic_sir,3.143105854347153e-07,4.877667393295009e-138,0.9999996856894146,15.0,780.0,52.0,,
6.095890410958904,basic_sir,3.143105854347153e-07,4.230000296287649e-138,0.9999996856894146,15.0,780.0,52.0,,
6.098630136986301,basic_sir,3.143105854347153e-07,3.6683318200805835e-138,0.9999996856894146,15.0,780.0,52.0,,
6.101369863013699,basic_sir,3.143105854347153e-07,3.181242884078665e-138,0.9999996856894146,15.0,780.0,52.0,,
6.104109589041096,basic_sir,3.143105854347153e-07,2.7588306576036046e-138,0.9999996856894146,15.0,780.0,52.0,,
6.1068493150684935,basic_sir,3.143105854347153e-07,2.3925072289907334e-138,0.9999996856894146,15.0,780.0,52.0,,
6.109589041095891,basic_sir,3.143105854347153e-07,2.0748250078332168e-138,0.9999996856894146,15.0,780.0,52.0,,
6.112328767123287,basic_sir,3.143105854347153e-07,1.7993253106893668e-138,0.9999996856894146,15.0,780.0,52.0,,
6.115068493150685,basic_sir,3.143105854347153e-07,1.5604070519028015e-138,0.9999996856894146,15.0,780.0,52.0,,
6.117808219178082,basic_sir,3.143105854347153e-07,1.353212869936861e-138,0.9999996856894146,15.0,780.0,52.0,,
6.120547945205479,basic_sir,3.143105854347153e-07,1.1735303740967848e-138,0.9999996856894146,15.0,780.0,52.0,,
6.123287671232877,basic_sir,3.143105854347153e-07,1.0177065039235082e-138,0.9999996856894146,15.0,780.0,52.0,,
6.126027397260274,basic_sir,3.143105854347153e-07,8.825732601300271e-139,0.9999996856894146,15.0,780.0,52.0,,
6.1287671232876715,basic_sir,3.143105854347153e-07,7.653832971426997e-139,0.9999996856894146,15.0,780.0,52.0,,
6.131506849315069,basic_sir,3.143105854347153e-07,6.6375406780251195e-139,0.9999996856894146,15.0,780.0,52.0,,
6.134246575342466,basic_sir,3.143105854347153e-07,5.756193846522378e-139,0.9999996856894146,15.0,780.0,52.0,,
6.136986301369863,basic_sir,3.143105854347153e-07,4.991874130193952e-139,0.9999996856894146,15.0,780.0,52.0,,
6.13972602739726,basic_sir,3.143105854347153e-07,4.329042418672757e-139,0.9999996856894146,15.0,780.0,52.0,,
6.142465753424657,basic_sir,3.143105854347153e-07,3.754222917864304e-139,0.9999996856894146,15.0,780.0,52.0,,
6.145205479452055,basic_sir,3.143105854347153e-07,3.255729178403087e-139,0.9999996856894146,15.0,780.0,52.0,,
6.147945205479452,basic_sir,3.143105854347153e-07,2.823426502636988e-139,0.9999996856894146,15.0,780.0,52.0,,
6.1506849315068495,basic_sir,3.143105854347153e-07,2.4485258997196492e-139,0.9999996856894146,15.0,780.0,52.0,,
6.153424657534247,basic_sir,3.143105854347153e-07,2.1234053997858712e-139,0.9999996856894146,15.0,780.0,52.0,,
6.156164383561644,basic_sir,3.143105854347153e-07,1.8414550944125398e-139,0.9999996856894146,15.0,780.0,52.0,,
6.1589041095890416,basic_sir,3.143105854347153e-07,1.5969427529382038e-139,0.9999996856894146,15.0,780.0,52.0,,
6.161643835616438,basic_sir,3.143105854347153e-07,1.3848972825348959e-139,0.9999996856894146,15.0,780.0,52.0,,
6.164383561643835,basic_sir,3.143105854347153e-07,1.2010076627002725e-139,0.9999996856894146,15.0,780.0,52.0,,
6.167123287671233,basic_sir,3.143105854347153e-07,1.0415352994444381e-139,0.9999996856894146,15.0,780.0,52.0,,
6.16986301369863,basic_sir,3.143105854347153e-07,9.0323801727445e-140,0.9999996856894146,15.0,780.0,52.0,,
6.1726027397260275,basic_sir,3.143105854347153e-07,7.833041436858199e-140,0.9999996856894146,15.0,780.0,52.0,,
6.175342465753425,basic_sir,3.143105854347153e-07,6.792953460559919e-140,0.9999996856894146,15.0,780.0,52.0,,
6.178082191780822,basic_sir,3.143105854347153e-07,5.890970587772256e-140,0.9999996856894146,15.0,780.0,52.0,,
6.1808219178082195,basic_sir,3.143105854347153e-07,5.108754927806808e-140,0.9999996856894146,15.0,780.0,52.0,,
6.183561643835617,basic_sir,3.143105854347153e-07,4.430403534277387e-140,0.9999996856894146,15.0,780.0,52.0,,
6.186301369863013,basic_sir,3.143105854347153e-07,3.842125087993797e-140,0.9999996856894146,15.0,780.0,52.0,,
6.189041095890411,basic_sir,3.143105854347153e-07,3.331959510590806e-140,0.9999996856894146,15.0,780.0,52.0,,
6.191780821917808,basic_sir,3.143105854347153e-07,2.889534808460262e-140,0.9999996856894146,15.0,780.0,52.0,,
6.1945205479452055,basic_sir,3.143105854347153e-07,2.505856203463591e-140,0.9999996856894146,15.0,780.0,52.0,,
6.197260273972603,basic_sir,3.143105854347153e-07,2.1731232633196775e-140,0.9999996856894146,15.0,780.0,52.0,,
6.2,basic_sir,3.143105854347153e-07,1.8845713138103372e-140,0.9999996856894146,15.0,780.0,52.0,,
6.2027397260273975,basic_sir,3.143105854347153e-07,1.6343339086119573e-140,0.9999996856894146,15.0,780.0,52.0,,
6.205479452054795,basic_sir,3.143105854347153e-07,1.417323560676702e-140,0.9999996856894146,15.0,780.0,52.0,,
6.208219178082192,basic_sir,3.143105854347153e-07,1.2291283103557263e-140,0.9999996856894146,15.0,780.0,52.0,,
6.210958904109589,basic_sir,3.143105854347153e-07,1.0659220274280074e-140,0.9999996856894146,15.0,780.0,52.0,,
6.213698630136986,basic_sir,3.143105854347153e-07,9.243866234171699e-141,0.9999996856894146,15.0,780.0,52.0,,
6.2164383561643834,basic_sir,3.143105854347153e-07,8.016445927235604e-141,0.9999996856894146,15.0,780.0,52.0,,
6.219178082191781,basic_sir,3.143105854347153e-07,6.952005110884283e-141,0.9999996856894146,15.0,780.0,52.0,,
6.221917808219178,basic_sir,3.143105854347153e-07,6.028903020172615e-141,0.9999996856894146,15.0,780.0,52.0,,
6.2246575342465755,basic_sir,3.143105854347153e-07,5.228372397157677e-141,0.9999996856894146,15.0,780.0,52.0,,
6.227397260273973,basic_sir,3.143105854347153e-07,4.534137940500103e-141,0.9999996856894146,15.0,780.0,52.0,,
6.23013698630137,basic_sir,3.143105854347153e-07,3.932085418142513e-141,0.9999996856894146,15.0,780.0,52.0,,
6.232876712328768,basic_sir,3.143105854347153e-07,3.4099747159133935e-141,0.9999996856894146,15.0,780.0,52.0,,
6.235616438356164,basic_sir,3.143105854347153e-07,2.9571909881505347e-141,0.9999996856894146,15.0,780.0,52.0,,
6.238356164383561,basic_sir,3.143105854347153e-07,2.5645288510756327e-141,0.9999996856894146,15.0,780.0,52.0,,
6.241095890410959,basic_sir,3.143105854347153e-07,2.2240052314350266e-141,0.9999996856894146,15.0,780.0,52.0,,
6.243835616438356,basic_sir,3.143105854347153e-07,1.9286970654963764e-141,0.9999996856894146,15.0,780.0,52.0,,
6.2465753424657535,basic_sir,3.143105854347153e-07,1.6726005487199808e-141,0.9999996856894146,15.0,780.0,52.0,,
6.249315068493151,basic_sir,3.143105854347153e-07,1.4505090745592973e-141,0.9999996856894146,15.0,780.0,52.0,,
6.252054794520548,basic_sir,3.143105854347153e-07,1.2579073808082954e-141,0.9999996856894146,15.0,780.0,52.0,,
6.254794520547946,basic_sir,3.143105854347153e-07,1.0908797514229545e-141,0.9999996856894146,15.0,780.0,52.0,,
6.257534246575342,basic_sir,3.143105854347153e-07,9.460304075010593e-142,0.9999996856894146,15.0,780.0,52.0,,
6.260273972602739,basic_sir,3.143105854347153e-07,8.204144689175563e-142,0.9999996856894146,15.0,780.0,52.0,,
6.263013698630137,basic_sir,3.143105854347153e-07,7.114780830218951e-142,0.9999996856894146,15.0,780.0,52.0,,
6.265753424657534,basic_sir,3.143105854347153e-07,6.170065031744082e-142,0.9999996856894146,15.0,780.0,52.0,,
6.2684931506849315,basic_sir,3.143105854347153e-07,5.350790615257721e-142,0.9999996856894146,15.0,780.0,52.0,,
6.271232876712329,basic_sir,3.143105854347153e-07,4.640301206069628e-142,0.9999996856894146,15.0,780.0,52.0,,
6.273972602739726,basic_sir,3.143105854347153e-07,4.024152098505192e-142,0.9999996856894146,15.0,780.0,52.0,,
6.276712328767124,basic_sir,3.143105854347153e-07,3.489816585768582e-142,0.9999996856894146,15.0,780.0,52.0,,
6.279452054794521,basic_sir,3.143105854347153e-07,3.026431283954057e-142,0.9999996856894146,15.0,780.0,52.0,,
6.282191780821917,basic_sir,3.143105854347153e-07,2.6245752724792623e-142,0.9999996856894146,15.0,780.0,52.0,,
6.284931506849315,basic_sir,3.143105854347153e-07,2.2760785607230213e-142,0.9999996856894146,15.0,780.0,52.0,,
6.287671232876712,basic_sir,3.143105854347153e-07,1.973855986873363e-142,0.9999996856894146,15.0,780.0,52.0,,
6.2904109589041095,basic_sir,3.143105854347153e-07,1.71176317204015e-142,0.9999996856894146,15.0,780.0,52.0,,
6.293150684931507,basic_sir,3.143105854347153e-07,1.4844716010889731e-142,0.9999996856894146,15.0,780.0,52.0,,
6.295890410958904,basic_sir,3.143105854347153e-07,1.2873602905086755e-142,0.9999996856894146,15.0,780.0,52.0,,
6.298630136986302,basic_sir,3.143105854347153e-07,1.1164218408508643e-142,0.9999996856894146,15.0,780.0,52.0,,
6.301369863013699,basic_sir,3.143105854347153e-07,9.681809637272116e-143,0.9999996856894146,15.0,780.0,52.0,,
6.304109589041096,basic_sir,3.143105854347153e-07,8.396238269661102e-143,0.9999996856894146,15.0,780.0,52.0,,
6.306849315068493,basic_sir,3.143105854347153e-07,7.281367814704075e-143,0.9999996856894146,15.0,780.0,52.0,,
6.30958904109589,basic_sir,3.143105854347153e-07,6.314532240537038e-143,0.9999996856894146,15.0,780.0,52.0,,
6.3123287671232875,basic_sir,3.143105854347153e-07,5.476075159431046e-143,0.9999996856894146,15.0,780.0,52.0,,
6.315068493150685,basic_sir,3.143105854347153e-07,4.748950200812878e-143,0.9999996856894146,15.0,780.0,52.0,,
6.317808219178082,basic_sir,3.143105854347153e-07,4.118374447611459e-143,0.9999996856894146,15.0,780.0,52.0,,
6.32054794520548,basic_sir,3.143105854347153e-07,3.5715278900662673e-143,0.9999996856894146,15.0,780.0,52.0,,
6.323287671232877,basic_sir,3.143105854347153e-07,3.097292786701125e-143,0.9999996856894146,15.0,780.0,52.0,,
6.326027397260274,basic_sir,3.143105854347153e-07,2.6860276335047257e-143,0.9999996856894146,15.0,780.0,52.0,,
6.328767123287672,basic_sir,3.143105854347153e-07,2.3293711459662494e-143,0.9999996856894146,15.0,780.0,52.0,,
6.331506849315068,basic_sir,3.143105854347153e-07,2.0200722687951532e-143,0.9999996856894146,15.0,780.0,52.0,,
6.3342465753424655,basic_sir,3.143105854347153e-07,1.7518427573130655e-143,0.9999996856894146,15.0,780.0,52.0,,
6.336986301369863,basic_sir,3.143105854347153e-07,1.5192293334043353e-143,0.9999996856894146,15.0,780.0,52.0,,
6.33972602739726,basic_sir,3.143105854347153e-07,1.3175028168716608e-143,0.9999996856894146,15.0,780.0,52.0,,
6.342465753424658,basic_sir,3.143105854347153e-07,1.142561978167639e-143,0.9999996856894146,15.0,780.0,52.0,,
6.345205479452055,basic_sir,3.143105854347153e-07,9.908501577659348e-144,0.9999996856894146,15.0,780.0,52.0,,
6.347945205479452,basic_sir,3.143105854347153e-07,8.592829569904771e-144,0.9999996856894146,15.0,780.0,52.0,,
6.35068493150685,basic_sir,3.143105854347153e-07,7.451855302108355e-144,0.9999996856894146,15.0,780.0,52.0,,
6.353424657534247,basic_sir,3.143105854347153e-07,6.462382035138608e-144,0.9999996856894146,15.0,780.0,52.0,,
6.3561643835616435,basic_sir,3.143105854347153e-07,5.604293142443104e-144,0.9999996856894146,15.0,780.0,52.0,,
6.358904109589041,basic_sir,3.143105854347153e-07,4.860143126118929e-144,0.9999996856894146,15.0,780.0,52.0,,
6.361643835616438,basic_sir,3.143105854347153e-07,4.214802938745611e-144,0.9999996856894146,15.0,780.0,52.0,,
6.364383561643836,basic_sir,3.143105854347153e-07,3.655152400140229e-144,0.9999996856894146,15.0,780.0,52.0,,
6.367123287671233,basic_sir,3.143105854347153e-07,3.169813455674171e-144,0.9999996856894146,15.0,780.0,52.0,,
6.36986301369863,basic_sir,3.143105854347153e-07,2.748918853120201e-144,0.9999996856894146,15.0,780.0,52.0,,
6.372602739726028,basic_sir,3.143105854347153e-07,2.3839115350819658e-144,0.9999996856894146,15.0,780.0,52.0,,
6.375342465753425,basic_sir,3.143105854347153e-07,2.0673706685252794e-144,0.9999996856894146,15.0,780.0,52.0,,
6.378082191780822,basic_sir,3.143105854347153e-07,1.7928607744799165e-144,0.9999996856894146,15.0,780.0,52.0,,
6.380821917808219,basic_sir,3.143105854347153e-07,1.554800890621986e-144,0.9999996856894146,15.0,780.0,52.0,,
6.383561643835616,basic_sir,3.143105854347153e-07,1.3483511067277736e-144,0.9999996856894146,15.0,780.0,52.0,,
6.3863013698630136,basic_sir,3.143105854347153e-07,1.1693141661931485e-144,0.9999996856894146,15.0,780.0,52.0,,
6.389041095890411,basic_sir,3.143105854347153e-07,1.0140501331127171e-144,0.9999996856894146,15.0,780.0,52.0,,
6.391780821917808,basic_sir,3.143105854347153e-07,8.794023900468712e-145,0.9999996856894146,15.0,780.0,52.0,,
6.394520547945206,basic_sir,3.143105854347153e-07,7.62633461963352e-145,0.9999996856894146,15.0,780.0,52.0,,
6.397260273972603,basic_sir,3.143105854347153e-07,6.613693616129566e-145,0.9999996856894146,15.0,780.0,52.0,,
6.4,basic_sir,3.143105854347153e-07,5.735513248451577e-145,0.9999996856894146,15.0,780.0,52.0,,
6.402739726027398,basic_sir,3.143105854347153e-07,4.9739395461162694e-145,0.9999996856894146,15.0,780.0,52.0,,
6.405479452054794,basic_sir,3.143105854347153e-07,4.3134892269841015e-145,0.9999996856894146,15.0,780.0,52.0,,
6.4082191780821915,basic_sir,3.143105854347153e-07,3.740734912195515e-145,0.9999996856894146,15.0,780.0,52.0,,
6.410958904109589,basic_sir,3.143105854347153e-07,3.2440321389424354e-145,0.9999996856894146,15.0,780.0,52.0,,
6.413698630136986,basic_sir,3.143105854347153e-07,2.813282621065182e-145,0.9999996856894146,15.0,780.0,52.0,,
6.416438356164384,basic_sir,3.143105854347153e-07,2.4397289444140808e-145,0.9999996856894146,15.0,780.0,52.0,,
6.419178082191781,basic_sir,3.143105854347153e-07,2.11577652299937e-145,0.9999996856894146,15.0,780.0,52.0,,
6.421917808219178,basic_sir,3.143105854347153e-07,1.8348391961838903e-145,0.9999996856894146,15.0,780.0,52.0,,
6.424657534246576,basic_sir,3.143105854347153e-07,1.5912053278103924e-145,0.9999996856894146,15.0,780.0,52.0,,
6.427397260273973,basic_sir,3.143105854347153e-07,1.3799216849727818e-145,0.9999996856894146,15.0,780.0,52.0,,
6.4301369863013695,basic_sir,3.143105854347153e-07,1.1966927356122525e-145,0.9999996856894146,15.0,780.0,52.0,,
6.432876712328767,basic_sir,3.143105854347153e-07,1.037793317593467e-145,0.9999996856894146,15.0,780.0,52.0,,
6.435616438356164,basic_sir,3.143105854347153e-07,8.999929037679261e-146,0.9999996856894146,15.0,780.0,52.0,,
6.438356164383562,basic_sir,3.143105854347153e-07,7.804899232834708e-146,0.9999996856894146,15.0,780.0,52.0,,
6.441095890410959,basic_sir,3.143105854347153e-07,6.768548038508963e-146,0.9999996856894146,15.0,780.0,52.0,,
6.443835616438356,basic_sir,3.143105854347153e-07,5.869805769800354e-146,0.9999996856894146,15.0,780.0,52.0,,
6.446575342465754,basic_sir,3.143105854347153e-07,5.090400419581199e-146,0.9999996856894146,15.0,780.0,52.0,,
6.449315068493151,basic_sir,3.143105854347153e-07,4.4144861768660845e-146,0.9999996856894146,15.0,780.0,52.0,,
6.452054794520548,basic_sir,3.143105854347153e-07,3.8283212713048304e-146,0.9999996856894146,15.0,780.0,52.0,,
6.454794520547945,basic_sir,3.143105854347153e-07,3.3199885941720794e-146,0.9999996856894146,15.0,780.0,52.0,,
6.457534246575342,basic_sir,3.143105854347153e-07,2.8791534158979776e-146,0.9999996856894146,15.0,780.0,52.0,,
6.46027397260274,basic_sir,3.143105854347153e-07,2.4968532743842725e-146,0.9999996856894146,15.0,780.0,52.0,,
6.463013698630137,basic_sir,3.143105854347153e-07,2.165315762397141e-146,0.9999996856894146,15.0,780.0,52.0,,
6.465753424657534,basic_sir,3.143105854347153e-07,1.8778005095400431e-146,0.9999996856894146,15.0,780.0,52.0,,
6.468493150684932,basic_sir,3.143105854347153e-07,1.6284621461976487e-146,0.9999996856894146,15.0,780.0,52.0,,
6.471232876712329,basic_sir,3.143105854347153e-07,1.4122314634200508e-146,0.9999996856894146,15.0,780.0,52.0,,
6.473972602739726,basic_sir,3.143105854347153e-07,1.2247123526514417e-146,0.9999996856894146,15.0,780.0,52.0,,
6.476712328767124,basic_sir,3.143105854347153e-07,1.0620924300217892e-146,0.9999996856894146,15.0,780.0,52.0,,
6.47945205479452,basic_sir,3.143105854347153e-07,9.210655281360474e-147,0.9999996856894146,15.0,780.0,52.0,,
6.482191780821918,basic_sir,3.143105854347153e-07,7.987644795689695e-147,0.9999996856894146,15.0,780.0,52.0,,
6.484931506849315,basic_sir,3.143105854347153e-07,6.927028255115051e-147,0.9999996856894146,15.0,780.0,52.0,,
6.487671232876712,basic_sir,3.143105854347153e-07,6.007242644672346e-147,0.9999996856894146,15.0,780.0,52.0,,
6.49041095890411,basic_sir,3.143105854347153e-07,5.209588132591013e-147,0.9999996856894146,15.0,780.0,52.0,,
6.493150684931507,basic_sir,3.143105854347153e-07,4.51784789071283e-147,0.9999996856894146,15.0,780.0,52.0,,
6.495890410958904,basic_sir,3.143105854347153e-07,3.9179583959676455e-147,0.9999996856894146,15.0,780.0,52.0,,
6.498630136986302,basic_sir,3.143105854347153e-07,3.397723509923519e-147,0.9999996856894146,15.0,780.0,52.0,,
6.501369863013699,basic_sir,3.143105854347153e-07,2.946566523465027e-147,0.9999996856894146,15.0,780.0,52.0,,
6.504109589041096,basic_sir,3.143105854347153e-07,2.555315125509024e-147,0.9999996856894146,15.0,780.0,52.0,,
6.506849315068493,basic_sir,3.143105854347153e-07,2.2160149240331232e-147,0.9999996856894146,15.0,780.0,52.0,,
6.50958904109589,basic_sir,3.143105854347153e-07,1.9217677281815892e-147,0.9999996856894146,15.0,780.0,52.0,,
6.512328767123288,basic_sir,3.143105854347153e-07,1.6665913036175127e-147,0.9999996856894146,15.0,780.0,52.0,,
6.515068493150685,basic_sir,3.143105854347153e-07,1.4452977498595344e-147,0.9999996856894146,15.0,780.0,52.0,,
6.517808219178082,basic_sir,3.143105854347153e-07,1.25338802693551e-147,0.9999996856894146,15.0,780.0,52.0,,
6.52054794520548,basic_sir,3.143105854347153e-07,1.086960487012431e-147,0.9999996856894146,15.0,780.0,52.0,,
6.523287671232877,basic_sir,3.143105854347153e-07,9.426315513919391e-148,0.9999996856894146,15.0,780.0,52.0,,
6.526027397260274,basic_sir,3.143105854347153e-07,8.174669201838732e-148,0.9999996856894146,15.0,780.0,52.0,,
6.528767123287671,basic_sir,3.143105854347153e-07,7.089219161061394e-148,0.9999996856894146,15.0,780.0,52.0,,
6.531506849315068,basic_sir,3.143105854347153e-07,6.147897495626571e-148,0.9999996856894146,15.0,780.0,52.0,,
6.534246575342466,basic_sir,3.143105854347153e-07,5.331566531944059e-148,0.9999996856894146,15.0,780.0,52.0,,
6.536986301369863,basic_sir,3.143105854347153e-07,4.623629737608202e-148,0.9999996856894146,15.0,780.0,52.0,,
6.53972602739726,basic_sir,3.143105854347153e-07,4.009694303242579e-148,0.9999996856894146,15.0,780.0,52.0,,
6.542465753424658,basic_sir,3.143105854347153e-07,3.4772785274482076e-148,0.9999996856894146,15.0,780.0,52.0,,
6.545205479452055,basic_sir,3.143105854347153e-07,3.0155580558034535e-148,0.9999996856894146,15.0,780.0,52.0,,
6.5479452054794525,basic_sir,3.143105854347153e-07,2.615145814791665e-148,0.9999996856894146,15.0,780.0,52.0,,
6.550684931506849,basic_sir,3.143105854347153e-07,2.2679011665721438e-148,0.9999996856894146,15.0,780.0,52.0,,
6.553424657534246,basic_sir,3.143105854347153e-07,1.966764404587818e-148,0.9999996856894146,15.0,780.0,52.0,,
6.556164383561644,basic_sir,3.143105854347153e-07,1.7056132252007573e-148,0.9999996856894146,15.0,780.0,52.0,,
6.558904109589041,basic_sir,3.143105854347153e-07,1.4791382573295065e-148,0.9999996856894146,15.0,780.0,52.0,,
6.561643835616438,basic_sir,3.143105854347153e-07,1.282735119527612e-148,0.9999996856894146,15.0,780.0,52.0,,
6.564383561643836,basic_sir,3.143105854347153e-07,1.1124108099537653e-148,0.9999996856894146,15.0,780.0,52.0,,
6.567123287671233,basic_sir,3.143105854347153e-07,9.647025260816947e-149,0.9999996856894146,15.0,780.0,52.0,,
6.5698630136986305,basic_sir,3.143105854347153e-07,8.366072637024114e-149,0.9999996856894146,15.0,780.0,52.0,,
6.572602739726028,basic_sir,3.143105854347153e-07,7.255207639213386e-149,0.9999996856894146,15.0,780.0,52.0,,
6.575342465753424,basic_sir,3.143105854347153e-07,6.291845669036233e-149,0.9999996856894146,15.0,780.0,52.0,,
6.578082191780822,basic_sir,3.143105854347153e-07,5.456400959361137e-149,0.9999996856894146,15.0,780.0,52.0,,
6.580821917808219,basic_sir,3.143105854347153e-07,4.7318883830597155e-149,0.9999996856894146,15.0,780.0,52.0,,
6.583561643835616,basic_sir,3.143105854347153e-07,4.103578134469999e-149,0.9999996856894146,15.0,780.0,52.0,,
6.586301369863014,basic_sir,3.143105854347153e-07,3.5586962629942006e-149,0.9999996856894146,15.0,780.0,52.0,,
6.589041095890411,basic_sir,3.143105854347153e-07,3.086164970484852e-149,0.9999996856894146,15.0,780.0,52.0,,
6.5917808219178085,basic_sir,3.143105854347153e-07,2.676377392498835e-149,0.9999996856894146,15.0,780.0,52.0,,
6.594520547945206,basic_sir,3.143105854347153e-07,2.321002284577652e-149,0.9999996856894146,15.0,780.0,52.0,,
6.597260273972603,basic_sir,3.143105854347153e-07,2.012814642700665e-149,0.9999996856894146,15.0,780.0,52.0,,
6.6,basic_sir,3.143105854347153e-07,1.7455488143164933e-149,0.9999996856894146,15.0,780.0,52.0,,
6.602739726027397,basic_sir,3.143105854347153e-07,1.513771113605069e-149,0.9999996856894146,15.0,780.0,52.0,,
6.605479452054794,basic_sir,3.143105854347153e-07,1.3127693511581444e-149,0.9999996856894146,15.0,780.0,52.0,,
6.608219178082192,basic_sir,3.143105854347153e-07,1.1384570321440202e-149,0.9999996856894146,15.0,780.0,52.0,,
6.610958904109589,basic_sir,3.143105854347153e-07,9.87290275245035e-150,0.9999996856894146,15.0,780.0,52.0,,
6.6136986301369864,basic_sir,3.143105854347153e-07,8.561957632759457e-150,0.9999996856894146,15.0,780.0,52.0,,
6.616438356164384,basic_sir,3.143105854347153e-07,7.425082606731224e-150,0.9999996856894146,15.0,780.0,52.0,,
6.619178082191781,basic_sir,3.143105854347153e-07,6.439164275450164e-150,0.9999996856894146,15.0,780.0,52.0,,
6.6219178082191785,basic_sir,3.143105854347153e-07,5.584158286487671e-150,0.9999996856894146,15.0,780.0,52.0,,
6.624657534246575,basic_sir,3.143105854347153e-07,4.8426818193530796e-150,0.9999996856894146,15.0,780.0,52.0,,
6.627397260273972,basic_sir,3.143105854347153e-07,4.199660181596027e-150,0.9999996856894146,15.0,780.0,52.0,,
6.63013698630137,basic_sir,3.143105854347153e-07,3.642020330635571e-150,0.9999996856894146,15.0,780.0,52.0,,
6.632876712328767,basic_sir,3.143105854347153e-07,3.1584250904133636e-150,0.9999996856894146,15.0,780.0,52.0,,
6.635616438356164,basic_sir,3.143105854347153e-07,2.739042659328541e-150,0.9999996856894146,15.0,780.0,52.0,,
6.638356164383562,basic_sir,3.143105854347153e-07,2.3753467234012134e-150,0.9999996856894146,15.0,780.0,52.0,,
6.641095890410959,basic_sir,3.143105854347153e-07,2.059943110837145e-150,0.9999996856894146,15.0,780.0,52.0,,
6.6438356164383565,basic_sir,3.143105854347153e-07,1.7864194637696597e-150,0.9999996856894146,15.0,780.0,52.0,,
6.646575342465754,basic_sir,3.143105854347153e-07,1.549214870908819e-150,0.9999996856894146,15.0,780.0,52.0,,
6.64931506849315,basic_sir,3.143105854347153e-07,1.343506810646015e-150,0.9999996856894146,15.0,780.0,52.0,,
6.652054794520548,basic_sir,3.143105854347153e-07,1.1651131060943577e-150,0.9999996856894146,15.0,780.0,52.0,,
6.654794520547945,basic_sir,3.143105854347153e-07,1.0104068987488825e-150,0.9999996856894146,15.0,780.0,52.0,,
6.657534246575342,basic_sir,3.143105854347153e-07,8.762429121251806e-151,0.9999996856894146,15.0,780.0,52.0,,
6.66027397260274,basic_sir,3.143105854347153e-07,7.598935062699323e-151,0.9999996856894146,15.0,780.0,52.0,,
6.663013698630137,basic_sir,3.143105854347153e-07,6.589932230900815e-151,0.9999996856894146,15.0,780.0,52.0,,
6.6657534246575345,basic_sir,3.143105854347153e-07,5.714906950716725e-151,0.9999996856894146,15.0,780.0,52.0,,
6.668493150684932,basic_sir,3.143105854347153e-07,4.956069396617427e-151,0.9999996856894146,15.0,780.0,52.0,,
6.671232876712329,basic_sir,3.143105854347153e-07,4.297991914112853e-151,0.9999996856894146,15.0,780.0,52.0,,
6.673972602739726,basic_sir,3.143105854347153e-07,3.7272953656355505e-151,0.9999996856894146,15.0,780.0,52.0,,
6.676712328767123,basic_sir,3.143105854347153e-07,3.232377124086611e-151,0.9999996856894146,15.0,780.0,52.0,,
6.67945205479452,basic_sir,3.143105854347153e-07,2.8031751839813936e-151,0.9999996856894146,15.0,780.0,52.0,,
6.682191780821918,basic_sir,3.143105854347153e-07,2.4309635944195515e-151,0.9999996856894146,15.0,780.0,52.0,,
6.684931506849315,basic_sir,3.143105854347153e-07,2.108175054903187e-151,0.9999996856894146,15.0,780.0,52.0,,
6.6876712328767125,basic_sir,3.143105854347153e-07,1.8282470672611032e-151,0.9999996856894146,15.0,780.0,52.0,,
6.69041095890411,basic_sir,3.143105854347153e-07,1.585488515849231e-151,0.9999996856894146,15.0,780.0,52.0,,
6.693150684931507,basic_sir,3.143105854347153e-07,1.3749639635170762e-151,0.9999996856894146,15.0,780.0,52.0,,
6.695890410958905,basic_sir,3.143105854347153e-07,1.1923933110029311e-151,0.9999996856894146,15.0,780.0,52.0,,
6.698630136986301,basic_sir,3.143105854347153e-07,1.0340647797690013e-151,0.9999996856894146,15.0,780.0,52.0,,
6.701369863013698,basic_sir,3.143105854347153e-07,8.967594491613473e-152,0.9999996856894146,15.0,780.0,52.0,,
6.704109589041096,basic_sir,3.143105854347153e-07,7.776858136874245e-152,0.9999996856894146,15.0,780.0,52.0,,
6.706849315068493,basic_sir,3.143105854347153e-07,6.74423029917642e-152,0.9999996856894146,15.0,780.0,52.0,,
6.7095890410958905,basic_sir,3.143105854347153e-07,5.8487169918481915e-152,0.9999996856894146,15.0,780.0,52.0,,
6.712328767123288,basic_sir,3.143105854347153e-07,5.0721118546190585e-152,0.9999996856894146,15.0,780.0,52.0,,
6.715068493150685,basic_sir,3.143105854347153e-07,4.398626006630846e-152,0.9999996856894146,15.0,780.0,52.0,,
6.717808219178083,basic_sir,3.143105854347153e-07,3.814567048356695e-152,0.9999996856894146,15.0,780.0,52.0,,
6.72054794520548,basic_sir,3.143105854347153e-07,3.3080606863310196e-152,0.9999996856894146,15.0,780.0,52.0,,
6.723287671232876,basic_sir,3.143105854347153e-07,2.868809321142668e-152,0.9999996856894146,15.0,780.0,52.0,,
6.726027397260274,basic_sir,3.143105854347153e-07,2.4878826906294363e-152,0.9999996856894146,15.0,780.0,52.0,,
6.728767123287671,basic_sir,3.143105854347153e-07,2.157536311917801e-152,0.9999996856894146,15.0,780.0,52.0,,
6.7315068493150685,basic_sir,3.143105854347153e-07,1.8710540311151723e-152,0.9999996856894146,15.0,780.0,52.0,,
6.734246575342466,basic_sir,3.143105854347153e-07,1.6226114795910385e-152,0.9999996856894146,15.0,780.0,52.0,,
6.736986301369863,basic_sir,3.143105854347153e-07,1.4071576608246828e-152,0.9999996856894146,15.0,780.0,52.0,,
6.739726027397261,basic_sir,3.143105854347153e-07,1.2203122604042304e-152,0.9999996856894146,15.0,780.0,52.0,,
6.742465753424658,basic_sir,3.143105854347153e-07,1.0582765914234087e-152,0.9999996856894146,15.0,780.0,52.0,,
6.745205479452055,basic_sir,3.143105854347153e-07,9.177563647387788e-153,0.9999996856894146,15.0,780.0,52.0,,
6.747945205479452,basic_sir,3.143105854347153e-07,7.958947139572403e-153,0.9999996856894146,15.0,780.0,52.0,,
6.750684931506849,basic_sir,3.143105854347153e-07,6.902141135085962e-153,0.9999996856894146,15.0,780.0,52.0,,
6.7534246575342465,basic_sir,3.143105854347153e-07,5.985660089608936e-153,0.9999996856894146,15.0,780.0,52.0,,
6.756164383561644,basic_sir,3.143105854347153e-07,5.190871355297349e-153,0.9999996856894146,15.0,780.0,52.0,,
6.758904109589041,basic_sir,3.143105854347153e-07,4.5016163670942697e-153,0.9999996856894146,15.0,780.0,52.0,,
6.761643835616439,basic_sir,3.143105854347153e-07,3.9038821287317755e-153,0.9999996856894146,15.0,780.0,52.0,,
6.764383561643836,basic_sir,3.143105854347153e-07,3.385516319523411e-153,0.9999996856894146,15.0,780.0,52.0,,
6.767123287671233,basic_sir,3.143105854347153e-07,2.935980229885379e-153,0.9999996856894146,15.0,780.0,52.0,,
6.76986301369863,basic_sir,3.143105854347153e-07,2.5461345026071715e-153,0.9999996856894146,15.0,780.0,52.0,,
6.772602739726027,basic_sir,3.143105854347153e-07,2.2080533238534303e-153,0.9999996856894146,15.0,780.0,52.0,,
6.7753424657534245,basic_sir,3.143105854347153e-07,1.9148632862827175e-153,0.9999996856894146,15.0,780.0,52.0,,
6.778082191780822,basic_sir,3.143105854347153e-07,1.660603648264449e-153,0.9999996856894146,15.0,780.0,52.0,,
6.780821917808219,basic_sir,3.143105854347153e-07,1.4401051481761266e-153,0.9999996856894146,15.0,780.0,52.0,,
6.7835616438356166,basic_sir,3.143105854347153e-07,1.2488849099969683e-153,0.9999996856894146,15.0,780.0,52.0,,
6.786301369863014,basic_sir,3.143105854347153e-07,1.0830553035613345e-153,0.9999996856894146,15.0,780.0,52.0,,
6.789041095890411,basic_sir,3.143105854347153e-07,9.392449065424147e-154,0.9999996856894146,15.0,780.0,52.0,,
6.791780821917809,basic_sir,3.143105854347153e-07,8.145299612725737e-154,0.9999996856894146,15.0,780.0,52.0,,
6.794520547945205,basic_sir,3.143105854347153e-07,7.063749328735597e-154,0.9999996856894146,15.0,780.0,52.0,,
6.7972602739726025,basic_sir,3.143105854347153e-07,6.125809602050102e-154,0.9999996856894146,15.0,780.0,52.0,,
6.8,basic_sir,3.143105854347153e-07,5.3124115160646925e-154,0.9999996856894146,15.0,780.0,52.0,,
6.802739726027397,basic_sir,3.143105854347153e-07,4.6070181656595905e-154,0.9999996856894146,15.0,780.0,52.0,,
6.8054794520547945,basic_sir,3.143105854347153e-07,3.9952884513058477e-154,0.9999996856894146,15.0,780.0,52.0,,
6.808219178082192,basic_sir,3.143105854347153e-07,3.464785515307934e-154,0.9999996856894146,15.0,780.0,52.0,,
6.810958904109589,basic_sir,3.143105854347153e-07,3.0047238925049225e-154,0.9999996856894146,15.0,780.0,52.0,,
6.813698630136987,basic_sir,3.143105854347153e-07,2.6057502348417466e-154,0.9999996856894146,15.0,780.0,52.0,,
6.816438356164384,basic_sir,3.143105854347153e-07,2.2597531518003508e-154,0.9999996856894146,15.0,780.0,52.0,,
6.8191780821917805,basic_sir,3.143105854347153e-07,1.9596983006247274e-154,0.9999996856894146,15.0,780.0,52.0,,
6.821917808219178,basic_sir,3.143105854347153e-07,1.6994853736177323e-154,0.9999996856894146,15.0,780.0,52.0,,
6.824657534246575,basic_sir,3.143105854347153e-07,1.473824074971063e-154,0.9999996856894146,15.0,780.0,52.0,,
6.8273972602739725,basic_sir,3.143105854347153e-07,1.278126565655808e-154,0.9999996856894146,15.0,780.0,52.0,,
6.83013698630137,basic_sir,3.143105854347153e-07,1.1084141897106577e-154,0.9999996856894146,15.0,780.0,52.0,,
6.832876712328767,basic_sir,3.143105854347153e-07,9.612365856127455e-155,0.9999996856894146,15.0,780.0,52.0,,
6.835616438356165,basic_sir,3.143105854347153e-07,8.336015382134774e-155,0.9999996856894146,15.0,780.0,52.0,,
6.838356164383562,basic_sir,3.143105854347153e-07,7.229141450841814e-155,0.9999996856894146,15.0,780.0,52.0,,
6.841095890410959,basic_sir,3.143105854347153e-07,6.2692406048434955e-155,0.9999996856894146,15.0,780.0,52.0,,
6.843835616438356,basic_sir,3.143105854347153e-07,5.436797443885052e-155,0.9999996856894146,15.0,780.0,52.0,,
6.846575342465753,basic_sir,3.143105854347153e-07,4.714887864249001e-155,0.9999996856894146,15.0,780.0,52.0,,
6.8493150684931505,basic_sir,3.143105854347153e-07,4.088834980866452e-155,0.9999996856894146,15.0,780.0,52.0,,
6.852054794520548,basic_sir,3.143105854347153e-07,3.545910736823035e-155,0.9999996856894146,15.0,780.0,52.0,,
6.854794520547945,basic_sir,3.143105854347153e-07,3.07507713379337e-155,0.9999996856894146,15.0,780.0,52.0,,
6.857534246575343,basic_sir,3.143105854347153e-07,2.666761822451023e-155,0.9999996856894146,15.0,780.0,52.0,,
6.86027397260274,basic_sir,3.143105854347153e-07,2.31266349046325e-155,0.9999996856894146,15.0,780.0,52.0,,
6.863013698630137,basic_sir,3.143105854347153e-07,2.0055830914835626e-155,0.9999996856894146,15.0,780.0,52.0,,
6.865753424657535,basic_sir,3.143105854347153e-07,1.7392774839192209e-155,0.9999996856894146,15.0,780.0,52.0,,
6.868493150684931,basic_sir,3.143105854347153e-07,1.5083325038559284e-155,0.9999996856894146,15.0,780.0,52.0,,
6.8712328767123285,basic_sir,3.143105854347153e-07,1.3080528916304032e-155,0.9999996856894146,15.0,780.0,52.0,,
6.873972602739726,basic_sir,3.143105854347153e-07,1.1343668341884976e-155,0.9999996856894146,15.0,780.0,52.0,,
6.876712328767123,basic_sir,3.143105854347153e-07,9.837431825122426e-156,0.9999996856894146,15.0,780.0,52.0,,
6.879452054794521,basic_sir,3.143105854347153e-07,8.531196610941329e-156,0.9999996856894146,15.0,780.0,52.0,,
6.882191780821918,basic_sir,3.143105854347153e-07,7.398406099107178e-156,0.9999996856894146,15.0,780.0,52.0,,
6.884931506849315,basic_sir,3.143105854347153e-07,6.416029931499457e-156,0.9999996856894146,15.0,780.0,52.0,,
6.887671232876713,basic_sir,3.143105854347153e-07,5.564095770150367e-156,0.9999996856894146,15.0,780.0,52.0,,
6.89041095890411,basic_sir,3.143105854347153e-07,4.825283246795874e-156,0.9999996856894146,15.0,780.0,52.0,,
6.8931506849315065,basic_sir,3.143105854347153e-07,4.184571828673032e-156,0.9999996856894146,15.0,780.0,52.0,,
6.895890410958904,basic_sir,3.143105854347153e-07,3.6289354414480686e-156,0.9999996856894146,15.0,780.0,52.0,,
6.898630136986301,basic_sir,3.143105854347153e-07,3.1470776407664055e-156,0.9999996856894146,15.0,780.0,52.0,,
6.901369863013699,basic_sir,3.143105854347153e-07,2.729201948288111e-156,0.9999996856894146,15.0,780.0,52.0,,
6.904109589041096,basic_sir,3.143105854347153e-07,2.3668126829961787e-156,0.9999996856894146,15.0,780.0,52.0,,
6.906849315068493,basic_sir,3.143105854347153e-07,2.0525422385489995e-156,0.9999996856894146,15.0,780.0,52.0,,
6.909589041095891,basic_sir,3.143105854347153e-07,1.7800012951149713e-156,0.9999996856894146,15.0,780.0,52.0,,
6.912328767123288,basic_sir,3.143105854347153e-07,1.5436489203997138e-156,0.9999996856894146,15.0,780.0,52.0,,
6.915068493150685,basic_sir,3.143105854347153e-07,1.338679918936403e-156,0.9999996856894146,15.0,780.0,52.0,,
6.917808219178082,basic_sir,3.143105854347153e-07,1.1609271393780515e-156,0.9999996856894146,15.0,780.0,52.0,,
6.920547945205479,basic_sir,3.143105854347153e-07,1.0067767536359612e-156,0.9999996856894146,15.0,780.0,52.0,,
6.923287671232877,basic_sir,3.143105854347153e-07,8.730947854357034e-157,0.9999996856894146,15.0,780.0,52.0,,
6.926027397260274,basic_sir,3.143105854347153e-07,7.571633945678625e-157,0.9999996856894146,15.0,780.0,52.0,,
6.928767123287671,basic_sir,3.143105854347153e-07,6.566256214523542e-157,0.9999996856894146,15.0,780.0,52.0,,
6.931506849315069,basic_sir,3.143105854347153e-07,5.69437468637487e-157,0.9999996856894146,15.0,780.0,52.0,,
6.934246575342466,basic_sir,3.143105854347153e-07,4.9382634501994946e-157,0.9999996856894146,15.0,780.0,52.0,,
6.936986301369863,basic_sir,3.143105854347153e-07,4.2825502793004684e-157,0.9999996856894146,15.0,780.0,52.0,,
6.939726027397261,basic_sir,3.143105854347153e-07,3.713904104082502e-157,0.9999996856894146,15.0,780.0,52.0,,
6.942465753424657,basic_sir,3.143105854347153e-07,3.220763982851479e-157,0.9999996856894146,15.0,780.0,52.0,,
6.945205479452055,basic_sir,3.143105854347153e-07,2.793104060449485e-157,0.9999996856894146,15.0,780.0,52.0,,
6.947945205479452,basic_sir,3.143105854347153e-07,2.4222297361859042e-157,0.9999996856894146,15.0,780.0,52.0,,
6.950684931506849,basic_sir,3.143105854347153e-07,2.1006008970245978e-157,0.9999996856894146,15.0,780.0,52.0,,
6.953424657534247,basic_sir,3.143105854347153e-07,1.8216786222468733e-157,0.9999996856894146,15.0,780.0,52.0,,
6.956164383561644,basic_sir,3.143105854347153e-07,1.579792242996651e-157,0.9999996856894146,15.0,780.0,52.0,,
6.958904109589041,basic_sir,3.143105854347153e-07,1.3700240539432354e-157,0.9999996856894146,15.0,780.0,52.0,,
6.961643835616439,basic_sir,3.143105854347153e-07,1.1881093331758032e-157,0.9999996856894146,15.0,780.0,52.0,,
6.964383561643836,basic_sir,3.143105854347153e-07,1.0303496376698939e-157,0.9999996856894146,15.0,780.0,52.0,,
6.967123287671233,basic_sir,3.143105854347153e-07,8.935376115671366e-158,0.9999996856894146,15.0,780.0,52.0,,
6.96986301369863,basic_sir,3.143105854347153e-07,7.748917785720258e-158,0.9999996856894146,15.0,780.0,52.0,,
6.972602739726027,basic_sir,3.143105854347153e-07,6.719999927539721e-158,0.9999996856894146,15.0,780.0,52.0,,
6.975342465753425,basic_sir,3.143105854347153e-07,5.827703980722569e-158,0.9999996856894146,15.0,780.0,52.0,,
6.978082191780822,basic_sir,3.143105854347153e-07,5.053888996002363e-158,0.9999996856894146,15.0,780.0,52.0,,
6.980821917808219,basic_sir,3.143105854347153e-07,4.382822818112131e-158,0.9999996856894146,15.0,780.0,52.0,,
6.983561643835617,basic_sir,3.143105854347153e-07,3.800862240971029e-158,0.9999996856894146,15.0,780.0,52.0,,
6.986301369863014,basic_sir,3.143105854347153e-07,3.296175632548627e-158,0.9999996856894146,15.0,780.0,52.0,,
6.9890410958904114,basic_sir,3.143105854347153e-07,2.8585023901922985e-158,0.9999996856894146,15.0,780.0,52.0,,
6.991780821917808,basic_sir,3.143105854347153e-07,2.4789443359902384e-158,0.9999996856894146,15.0,780.0,52.0,,
6.994520547945205,basic_sir,3.143105854347153e-07,2.1497848111032714e-158,0.9999996856894146,15.0,780.0,52.0,,
6.997260273972603,basic_sir,3.143105854347153e-07,1.8643317911389064e-158,0.9999996856894146,15.0,780.0,52.0,,
7.0,basic_sir,3.143105854347153e-07,1.6167818330000453e-158,0.9999996856894146,15.0,780.0,52.0,,
7.002739726027397,basic_sir,3.143105854347153e-07,1.4021020871623517e-158,0.9999996856894146,15.0,780.0,52.0,,
7.005479452054795,basic_sir,3.143105854347153e-07,1.2159279766133839e-158,0.9999996856894146,15.0,780.0,52.0,,
7.008219178082192,basic_sir,3.143105854347153e-07,1.0544744622007842e-158,0.9999996856894146,15.0,780.0,52.0,,
7.010958904109589,basic_sir,3.143105854347153e-07,9.144590903571072e-159,0.9999996856894146,15.0,780.0,52.0,,
7.013698630136986,basic_sir,3.143105854347153e-07,7.930352587121808e-159,0.9999996856894146,15.0,780.0,52.0,,
7.016438356164383,basic_sir,3.143105854347153e-07,6.877343428398438e-159,0.9999996856894146,15.0,780.0,52.0,,
7.019178082191781,basic_sir,3.143105854347153e-07,5.964155075392577e-159,0.9999996856894146,15.0,780.0,52.0,,
7.021917808219178,basic_sir,3.143105854347153e-07,5.172221822811409e-159,0.9999996856894146,15.0,780.0,52.0,,
7.024657534246575,basic_sir,3.143105854347153e-07,4.4854431593742034e-159,0.9999996856894146,15.0,780.0,52.0,,
7.027397260273973,basic_sir,3.143105854347153e-07,3.8898564340848127e-159,0.9999996856894146,15.0,780.0,52.0,,
7.03013698630137,basic_sir,3.143105854347153e-07,3.373352986575812e-159,0.9999996856894146,15.0,780.0,52.0,,
7.032876712328767,basic_sir,3.143105854347153e-07,2.925431970272e-159,0.9999996856894146,15.0,780.0,52.0,,
7.035616438356165,basic_sir,3.143105854347153e-07,2.536986863440175e-159,0.9999996856894146,15.0,780.0,52.0,,
7.038356164383561,basic_sir,3.143105854347153e-07,2.2001203277579147e-159,0.9999996856894146,15.0,780.0,52.0,,
7.041095890410959,basic_sir,3.143105854347153e-07,1.9079836503566176e-159,0.9999996856894146,15.0,780.0,52.0,,
7.043835616438356,basic_sir,3.143105854347153e-07,1.654637505094097e-159,0.9999996856894146,15.0,780.0,52.0,,
7.046575342465753,basic_sir,3.143105854347153e-07,1.4349312022418517e-159,0.9999996856894146,15.0,780.0,52.0,,
7.049315068493151,basic_sir,3.143105854347153e-07,1.244397971657334e-159,0.9999996856894146,15.0,780.0,52.0,,
7.052054794520548,basic_sir,3.143105854347153e-07,1.0791641504802189e-159,0.9999996856894146,15.0,780.0,52.0,,
7.054794520547945,basic_sir,3.143105854347153e-07,9.358704290803711e-160,0.9999996856894146,15.0,780.0,52.0,,
7.057534246575343,basic_sir,3.143105854347153e-07,8.116035541370887e-160,0.9999996856894146,15.0,780.0,52.0,,
7.06027397260274,basic_sir,3.143105854347153e-07,7.038371003293943e-160,0.9999996856894146,15.0,780.0,52.0,,
7.063013698630137,basic_sir,3.143105854347153e-07,6.103801064878488e-160,0.9999996856894146,15.0,780.0,52.0,,
7.065753424657534,basic_sir,3.143105854347153e-07,5.293325319477209e-160,0.9999996856894146,15.0,780.0,52.0,,
7.068493150684931,basic_sir,3.143105854347153e-07,4.5904662750302614e-160,0.9999996856894146,15.0,780.0,52.0,,
7.071232876712329,basic_sir,3.143105854347153e-07,3.980934356075323e-160,0.9999996856894146,15.0,780.0,52.0,,
7.073972602739726,basic_sir,3.143105854347153e-07,3.452337387507846e-160,0.9999996856894146,15.0,780.0,52.0,,
7.076712328767123,basic_sir,3.143105854347153e-07,2.9939286537079953e-160,0.9999996856894146,15.0,780.0,52.0,,
7.079452054794521,basic_sir,3.143105854347153e-07,2.5963884109149515e-160,0.9999996856894146,15.0,780.0,52.0,,
7.082191780821918,basic_sir,3.143105854347153e-07,2.2516344108549202e-160,0.9999996856894146,15.0,780.0,52.0,,
7.0849315068493155,basic_sir,3.143105854347153e-07,1.9526575834466142e-160,0.9999996856894146,15.0,780.0,52.0,,
7.087671232876712,basic_sir,3.143105854347153e-07,1.693379537908218e-160,0.9999996856894146,15.0,780.0,52.0,,
7.090410958904109,basic_sir,3.143105854347153e-07,1.4685289851714116e-160,0.9999996856894146,15.0,780.0,52.0,,
7.093150684931507,basic_sir,3.143105854347153e-07,1.2735345691920505e-160,0.9999996856894146,15.0,780.0,52.0,,
7.095890410958904,basic_sir,3.143105854347153e-07,1.1044319283475832e-160,0.9999996856894146,15.0,780.0,52.0,,
7.098630136986301,basic_sir,3.143105854347153e-07,9.57783097421063e-161,0.9999996856894146,15.0,780.0,52.0,,
7.101369863013699,basic_sir,3.143105854347153e-07,8.306066115618315e-161,0.9999996856894146,15.0,780.0,52.0,,
7.104109589041096,basic_sir,3.143105854347153e-07,7.203168911916269e-161,0.9999996856894146,15.0,780.0,52.0,,
7.1068493150684935,basic_sir,3.143105854347153e-07,6.2467167551235615e-161,0.9999996856894146,15.0,780.0,52.0,,
7.109589041095891,basic_sir,3.143105854347153e-07,5.4172643590500645e-161,0.9999996856894146,15.0,780.0,52.0,,
7.112328767123287,basic_sir,3.143105854347153e-07,4.6979484241486114e-161,0.9999996856894146,15.0,780.0,52.0,,
7.115068493150685,basic_sir,3.143105854347153e-07,4.074144795811585e-161,0.9999996856894146,15.0,780.0,52.0,,
7.117808219178082,basic_sir,3.143105854347153e-07,3.5331711459234936e-161,0.9999996856894146,15.0,780.0,52.0,,
7.120547945205479,basic_sir,3.143105854347153e-07,3.06402913299001e-161,0.9999996856894146,15.0,780.0,52.0,,
7.123287671232877,basic_sir,3.143105854347153e-07,2.6571807987970036e-161,0.9999996856894146,15.0,780.0,52.0,,
7.126027397260274,basic_sir,3.143105854347153e-07,2.304354655598669e-161,0.9999996856894146,15.0,780.0,52.0,,
7.1287671232876715,basic_sir,3.143105854347153e-07,1.998377521463086e-161,0.9999996856894146,15.0,780.0,52.0,,
7.131506849315069,basic_sir,3.143105854347153e-07,1.7330286848798616e-161,0.9999996856894146,15.0,780.0,52.0,,
7.134246575342466,basic_sir,3.143105854347153e-07,1.5029134337027222e-161,0.9999996856894146,15.0,780.0,52.0,,
7.136986301369863,basic_sir,3.143105854347153e-07,1.3033533771893649e-161,0.9999996856894146,15.0,780.0,52.0,,
7.13972602739726,basic_sir,3.143105854347153e-07,1.1302913313148645e-161,0.9999996856894146,15.0,780.0,52.0,,
7.142465753424657,basic_sir,3.143105854347153e-07,9.802088336169721e-162,0.9999996856894146,15.0,780.0,52.0,,
7.145205479452055,basic_sir,3.143105854347153e-07,8.500546105958703e-162,0.9999996856894146,15.0,780.0,52.0,,
7.147945205479452,basic_sir,3.143105854347153e-07,7.371825433657112e-162,0.9999996856894146,15.0,780.0,52.0,,
7.1506849315068495,basic_sir,3.143105854347153e-07,6.392978703594114e-162,0.9999996856894146,15.0,780.0,52.0,,
7.153424657534247,basic_sir,3.143105854347153e-07,5.544105333532357e-162,0.9999996856894146,15.0,780.0,52.0,,
7.156164383561644,basic_sir,3.143105854347153e-07,4.807947183059068e-162,0.9999996856894146,15.0,780.0,52.0,,
7.1589041095890416,basic_sir,3.143105854347153e-07,4.169537684515335e-162,0.9999996856894146,15.0,780.0,52.0,,
7.161643835616438,basic_sir,3.143105854347153e-07,3.6158975630703646e-162,0.9999996856894146,15.0,780.0,52.0,,
7.164383561643835,basic_sir,3.143105854347153e-07,3.1357709597334877e-162,0.9999996856894146,15.0,780.0,52.0,,
7.167123287671233,basic_sir,3.143105854347153e-07,2.719396592518052e-162,0.9999996856894146,15.0,780.0,52.0,,
7.16986301369863,basic_sir,3.143105854347153e-07,2.358309303313183e-162,0.9999996856894146,15.0,780.0,52.0,,
7.1726027397260275,basic_sir,3.143105854347153e-07,2.045167955786718e-162,0.9999996856894146,15.0,780.0,52.0,,
7.175342465753425,basic_sir,3.143105854347153e-07,1.7736061853720975e-162,0.9999996856894146,15.0,780.0,52.0,,
7.178082191780822,basic_sir,3.143105854347153e-07,1.53810296699085e-162,0.9999996856894146,15.0,780.0,52.0,,
7.1808219178082195,basic_sir,3.143105854347153e-07,1.3338703690694032e-162,0.9999996856894146,15.0,780.0,52.0,,
7.183561643835617,basic_sir,3.143105854347153e-07,1.1567562118173394e-162,0.9999996856894146,15.0,780.0,52.0,,
7.186301369863013,basic_sir,3.143105854347153e-07,1.0031596507474713e-162,0.9999996856894146,15.0,780.0,52.0,,
7.189041095890411,basic_sir,3.143105854347153e-07,8.699579691962346e-163,0.9999996856894146,15.0,780.0,52.0,,
7.191780821917808,basic_sir,3.143105854347153e-07,7.544430914900856e-163,0.9999996856894146,15.0,780.0,52.0,,
7.1945205479452055,basic_sir,3.143105854347153e-07,6.542665260288314e-163,0.9999996856894146,15.0,780.0,52.0,,
7.197260273972603,basic_sir,3.143105854347153e-07,5.673916189442116e-163,0.9999996856894146,15.0,780.0,52.0,,
7.2,basic_sir,3.143105854347153e-07,4.920521476196489e-163,0.9999996856894146,15.0,780.0,52.0,,
7.2027397260273975,basic_sir,3.143105854347153e-07,4.2671641225090873e-163,0.9999996856894146,15.0,780.0,52.0,,
7.205479452054795,basic_sir,3.143105854347153e-07,3.7005609540604785e-163,0.9999996856894146,15.0,780.0,52.0,,
7.208219178082192,basic_sir,3.143105854347153e-07,3.2091925647952e-163,0.9999996856894146,15.0,780.0,52.0,,
7.210958904109589,basic_sir,3.143105854347153e-07,2.783069120003733e-163,0.9999996856894146,15.0,780.0,52.0,,
7.213698630136986,basic_sir,3.143105854347153e-07,2.4135272565709326e-163,0.9999996856894146,15.0,780.0,52.0,,
7.2164383561643834,basic_sir,3.143105854347153e-07,2.0930539512446605e-163,0.9999996856894146,15.0,780.0,52.0,,
7.219178082191781,basic_sir,3.143105854347153e-07,1.8151337760507007e-163,0.9999996856894146,15.0,780.0,52.0,,
7.221917808219178,basic_sir,3.143105854347153e-07,1.5741164354606504e-163,0.9999996856894146,15.0,780.0,52.0,,
7.2246575342465755,basic_sir,3.143105854347153e-07,1.3651018922575172e-163,0.9999996856894146,15.0,780.0,52.0,,
7.227397260273973,basic_sir,3.143105854347153e-07,1.1838407466342968e-163,0.9999996856894146,15.0,780.0,52.0,,
7.23013698630137,basic_sir,3.143105854347153e-07,1.0266478431686694e-163,0.9999996856894146,15.0,780.0,52.0,,
7.232876712328768,basic_sir,3.143105854347153e-07,8.903273492481641e-164,0.9999996856894146,15.0,780.0,52.0,,
7.235616438356164,basic_sir,3.143105854347153e-07,7.721077817421255e-164,0.9999996856894146,15.0,780.0,52.0,,
7.238356164383561,basic_sir,3.143105854347153e-07,6.695856609708067e-164,0.9999996856894146,15.0,780.0,52.0,,
7.241095890410959,basic_sir,3.143105854347153e-07,5.806766464211777e-164,0.9999996856894146,15.0,780.0,52.0,,
7.243835616438356,basic_sir,3.143105854347153e-07,5.035731607664256e-164,0.9999996856894146,15.0,780.0,52.0,,
7.2465753424657535,basic_sir,3.143105854347153e-07,4.367076406588544e-164,0.9999996856894146,15.0,780.0,52.0,,
7.249315068493151,basic_sir,3.143105854347153e-07,3.78720667160978e-164,0.9999996856894146,15.0,780.0,52.0,,
7.252054794520548,basic_sir,3.143105854347153e-07,3.284333278860579e-164,0.9999996856894146,15.0,780.0,52.0,,
7.254794520547946,basic_sir,3.143105854347153e-07,2.8482324895266554e-164,0.9999996856894146,15.0,780.0,52.0,,
7.257534246575343,basic_sir,3.143105854347153e-07,2.470038094675222e-164,0.9999996856894146,15.0,780.0,52.0,,
7.260273972602739,basic_sir,3.143105854347153e-07,2.1420611595372315e-164,0.9999996856894146,15.0,780.0,52.0,,
7.263013698630137,basic_sir,3.143105854347153e-07,1.8576337025284195e-164,0.9999996856894146,15.0,780.0,52.0,,
7.265753424657534,basic_sir,3.143105854347153e-07,1.6109731309048864e-164,0.9999996856894146,15.0,780.0,52.0,,
7.2684931506849315,basic_sir,3.143105854347153e-07,1.3970646769409528e-164,0.9999996856894146,15.0,780.0,52.0,,
7.271232876712329,basic_sir,3.143105854347153e-07,1.2115594444829783e-164,0.9999996856894146,15.0,780.0,52.0,,
7.273972602739726,basic_sir,3.143105854347153e-07,1.0506859930994756e-164,0.9999996856894146,15.0,780.0,52.0,,
7.276712328767124,basic_sir,3.143105854347153e-07,9.111736622766602e-165,0.9999996856894146,15.0,780.0,52.0,,
7.279452054794521,basic_sir,3.143105854347153e-07,7.901860767911247e-165,0.9999996856894146,15.0,780.0,52.0,,
7.282191780821917,basic_sir,3.143105854347153e-07,6.852634813812176e-165,0.9999996856894146,15.0,780.0,52.0,,
7.284931506849315,basic_sir,3.143105854347153e-07,5.94272732343794e-165,0.9999996856894146,15.0,780.0,52.0,,
7.287671232876712,basic_sir,3.143105854347153e-07,5.153639293539018e-165,0.9999996856894146,15.0,780.0,52.0,,
7.2904109589041095,basic_sir,3.143105854347153e-07,4.469328058037847e-165,0.9999996856894146,15.0,780.0,52.0,,
7.293150684931507,basic_sir,3.143105854347153e-07,3.875881130331794e-165,0.9999996856894146,15.0,780.0,52.0,,
7.295890410958904,basic_sir,3.143105854347153e-07,3.3612333535116056e-165,0.9999996856894146,15.0,780.0,52.0,,
7.298630136986302,basic_sir,3.143105854347153e-07,2.9149216079781375e-165,0.9999996856894146,15.0,780.0,52.0,,
7.301369863013699,basic_sir,3.143105854347153e-07,2.527872089505765e-165,0.9999996856894146,15.0,780.0,52.0,,
7.304109589041096,basic_sir,3.143105854347153e-07,2.192215832978987e-165,0.9999996856894146,15.0,780.0,52.0,,
7.306849315068493,basic_sir,3.143105854347153e-07,1.9011287312814873e-165,0.9999996856894146,15.0,780.0,52.0,,
7.30958904109589,basic_sir,3.143105854347153e-07,1.648692796818439e-165,0.9999996856894146,15.0,780.0,52.0,,
7.3123287671232875,basic_sir,3.143105854347153e-07,1.4297758450311604e-165,0.9999996856894146,15.0,780.0,52.0,,
7.315068493150685,basic_sir,3.143105854347153e-07,1.2399271537908535e-165,0.9999996856894146,15.0,780.0,52.0,,
7.317808219178082,basic_sir,3.143105854347153e-07,1.0752869773613923e-165,0.9999996856894146,15.0,780.0,52.0,,
7.32054794520548,basic_sir,3.143105854347153e-07,9.32508075291357e-166,0.9999996856894146,15.0,780.0,52.0,,
7.323287671232877,basic_sir,3.143105854347153e-07,8.086876608674279e-166,0.9999996856894146,15.0,780.0,52.0,,
7.326027397260274,basic_sir,3.143105854347153e-07,7.013083855975199e-166,0.9999996856894146,15.0,780.0,52.0,,
7.328767123287672,basic_sir,3.143105854347153e-07,6.081871599003268e-166,0.9999996856894146,15.0,780.0,52.0,,
7.331506849315068,basic_sir,3.143105854347153e-07,5.274307694930703e-166,0.9999996856894146,15.0,780.0,52.0,,
7.3342465753424655,basic_sir,3.143105854347153e-07,4.573973851299814e-166,0.9999996856894146,15.0,780.0,52.0,,
7.336986301369863,basic_sir,3.143105854347153e-07,3.966631831601802e-166,0.9999996856894146,15.0,780.0,52.0,,
7.33972602739726,basic_sir,3.143105854347153e-07,3.4399339827894724e-166,0.9999996856894146,15.0,780.0,52.0,,
7.342465753424658,basic_sir,3.143105854347153e-07,2.983172199566449e-166,0.9999996856894146,15.0,780.0,52.0,,
7.345205479452055,basic_sir,3.143105854347153e-07,2.5870602217341375e-166,0.9999996856894146,15.0,780.0,52.0,,
7.347945205479452,basic_sir,3.143105854347153e-07,2.243544838562043e-166,0.9999996856894146,15.0,780.0,52.0,,
7.35068493150685,basic_sir,3.143105854347153e-07,1.9456421618451434e-166,0.9999996856894146,15.0,780.0,52.0,,
7.353424657534247,basic_sir,3.143105854347153e-07,1.6872956389744817e-166,0.9999996856894146,15.0,780.0,52.0,,
7.3561643835616435,basic_sir,3.143105854347153e-07,1.4632529193356525e-166,0.9999996856894146,15.0,780.0,52.0,,
7.358904109589041,basic_sir,3.143105854347153e-07,1.2689590706496175e-166,0.9999996856894146,15.0,780.0,52.0,,
7.361643835616438,basic_sir,3.143105854347153e-07,1.1004639742765943e-166,0.9999996856894146,15.0,780.0,52.0,,
7.364383561643836,basic_sir,3.143105854347153e-07,9.54342016768657e-167,0.9999996856894146,15.0,780.0,52.0,,
7.367123287671233,basic_sir,3.143105854347153e-07,8.276224449498899e-167,0.9999996856894146,15.0,780.0,52.0,,
7.36986301369863,basic_sir,3.143105854347153e-07,7.177289685977172e-167,0.9999996856894146,15.0,780.0,52.0,,
7.372602739726028,basic_sir,3.143105854347153e-07,6.224273828092384e-167,0.9999996856894146,15.0,780.0,52.0,,
7.375342465753425,basic_sir,3.143105854347153e-07,5.3978014518165904e-167,0.9999996856894146,15.0,780.0,52.0,,
7.378082191780822,basic_sir,3.143105854347153e-07,4.681069843317445e-167,0.9999996856894146,15.0,780.0,52.0,,
7.380821917808219,basic_sir,3.143105854347153e-07,4.059507389002342e-167,0.9999996856894146,15.0,780.0,52.0,,
7.383561643835616,basic_sir,3.143105854347153e-07,3.520477325261369e-167,0.9999996856894146,15.0,780.0,52.0,,
7.3863013698630136,basic_sir,3.143105854347153e-07,3.0530208249541608e-167,0.9999996856894146,15.0,780.0,52.0,,
7.389041095890411,basic_sir,3.143105854347153e-07,2.647634197420026e-167,0.9999996856894146,15.0,780.0,52.0,,
7.391780821917808,basic_sir,3.143105854347153e-07,2.2960756723476443e-167,0.9999996856894146,15.0,780.0,52.0,,
7.394520547945206,basic_sir,3.143105854347153e-07,1.9911978392951437e-167,0.9999996856894146,15.0,780.0,52.0,,
7.397260273972603,basic_sir,3.143105854347153e-07,1.72680233624867e-167,0.9999996856894146,15.0,780.0,52.0,,
7.4,basic_sir,3.143105854347153e-07,1.4975138329445947e-167,0.9999996856894146,15.0,780.0,52.0,,
7.402739726027398,basic_sir,3.143105854347153e-07,1.2986707469554122e-167,0.9999996856894146,15.0,780.0,52.0,,
7.405479452054794,basic_sir,3.143105854347153e-07,1.1262304707272814e-167,0.9999996856894146,15.0,780.0,52.0,,
7.4082191780821915,basic_sir,3.143105854347153e-07,9.766871827737285e-168,0.9999996856894146,15.0,780.0,52.0,,
7.410958904109589,basic_sir,3.143105854347153e-07,8.470005720751588e-168,0.9999996856894146,15.0,780.0,52.0,,
7.413698630136986,basic_sir,3.143105854347153e-07,7.345340266043506e-168,0.9999996856894146,15.0,780.0,52.0,,
7.416438356164384,basic_sir,3.143105854347153e-07,6.370010293118488e-168,0.9999996856894146,15.0,780.0,52.0,,
7.419178082191781,basic_sir,3.143105854347153e-07,5.524186717668818e-168,0.9999996856894146,15.0,780.0,52.0,,
7.421917808219178,basic_sir,3.143105854347153e-07,4.790673403563518e-168,0.9999996856894146,15.0,780.0,52.0,,
7.424657534246576,basic_sir,3.143105854347153e-07,4.154557554364471e-168,0.9999996856894146,15.0,780.0,52.0,,
7.427397260273973,basic_sir,3.143105854347153e-07,3.602906526603937e-168,0.9999996856894146,15.0,780.0,52.0,,
7.4301369863013695,basic_sir,3.143105854347153e-07,3.12450490084294e-168,0.9999996856894146,15.0,780.0,52.0,,
7.432876712328767,basic_sir,3.143105854347153e-07,2.7096264649955152e-168,0.9999996856894146,15.0,780.0,52.0,,
7.435616438356164,basic_sir,3.143105854347153e-07,2.3498364741957432e-168,0.9999996856894146,15.0,780.0,52.0,,
7.438356164383562,basic_sir,3.143105854347153e-07,2.03782016702063e-168,0.9999996856894146,15.0,780.0,52.0,,
7.441095890410959,basic_sir,3.143105854347153e-07,1.7672340516960012e-168,0.9999996856894146,15.0,780.0,52.0,,
7.443835616438356,basic_sir,3.143105854347153e-07,1.5325769388375316e-168,0.9999996856894146,15.0,780.0,52.0,,
7.446575342465754,basic_sir,3.143105854347153e-07,1.3290780987399495e-168,0.9999996856894146,15.0,780.0,52.0,,
7.449315068493151,basic_sir,3.143105854347153e-07,1.152600269380316e-168,0.9999996856894146,15.0,780.0,52.0,,
7.452054794520548,basic_sir,3.143105854347153e-07,9.995555432258402e-169,0.9999996856894146,15.0,780.0,52.0,,
7.454794520547945,basic_sir,3.143105854347153e-07,8.668324227710902e-169,0.9999996856894146,15.0,780.0,52.0,,
7.457534246575342,basic_sir,3.143105854347153e-07,7.517325617966104e-169,0.9999996856894146,15.0,780.0,52.0,,
7.46027397260274,basic_sir,3.143105854347153e-07,6.519159062587633e-169,0.9999996856894146,15.0,780.0,52.0,,
7.463013698630137,basic_sir,3.143105854347153e-07,5.653531194890179e-169,0.9999996856894146,15.0,780.0,52.0,,
7.465753424657534,basic_sir,3.143105854347153e-07,4.902843244771147e-169,0.9999996856894146,15.0,780.0,52.0,,
7.468493150684932,basic_sir,3.143105854347153e-07,4.2518332444197306e-169,0.9999996856894146,15.0,780.0,52.0,,
7.471232876712329,basic_sir,3.143105854347153e-07,3.6872657427163277e-169,0.9999996856894146,15.0,780.0,52.0,,
7.473972602739726,basic_sir,3.143105854347153e-07,3.1976627200168797e-169,0.9999996856894146,15.0,780.0,52.0,,
7.476712328767124,basic_sir,3.143105854347153e-07,2.773070232647019e-169,0.9999996856894146,15.0,780.0,52.0,,
7.47945205479452,basic_sir,3.143105854347153e-07,2.4048560428389255e-169,0.9999996856894146,15.0,780.0,52.0,,
7.482191780821918,basic_sir,3.143105854347153e-07,2.0855341197969515e-169,0.9999996856894146,15.0,780.0,52.0,,
7.484931506849315,basic_sir,3.143105854347153e-07,1.8086124438877968e-169,0.9999996856894146,15.0,780.0,52.0,,
7.487671232876712,basic_sir,3.143105854347153e-07,1.5684610197143466e-169,0.9999996856894146,15.0,780.0,52.0,,
7.49041095890411,basic_sir,3.143105854347153e-07,1.3601974146960953e-169,0.9999996856894146,15.0,780.0,52.0,,
7.493150684931507,basic_sir,3.143105854347153e-07,1.1795874960812827e-169,0.9999996856894146,15.0,780.0,52.0,,
7.495890410958904,basic_sir,3.143105854347153e-07,1.0229593483106217e-169,0.9999996856894146,15.0,780.0,52.0,,
7.498630136986302,basic_sir,3.143105854347153e-07,8.871286206173753e-170,0.9999996856894146,15.0,780.0,52.0,,
7.501369863013699,basic_sir,3.143105854347153e-07,7.693337871325804e-170,0.9999996856894146,15.0,780.0,52.0,,
7.504109589041096,basic_sir,3.143105854347153e-07,6.6718000329184e-170,0.9999996856894146,15.0,780.0,52.0,,
7.506849315068493,basic_sir,3.143105854347153e-07,5.785904171082106e-170,0.9999996856894146,15.0,780.0,52.0,,
7.50958904109589,basic_sir,3.143105854347153e-07,5.0176394543860206e-170,0.9999996856894146,15.0,780.0,52.0,,
7.512328767123288,basic_sir,3.143105854347153e-07,4.351386568074213e-170,0.9999996856894146,15.0,780.0,52.0,,
7.515068493150685,basic_sir,3.143105854347153e-07,3.773600163372757e-170,0.9999996856894146,15.0,780.0,52.0,,
7.517808219178082,basic_sir,3.143105854347153e-07,3.2725334718558687e-170,0.9999996856894146,15.0,780.0,52.0,,
7.52054794520548,basic_sir,3.143105854347153e-07,2.8379994861048407e-170,0.9999996856894146,15.0,780.0,52.0,,
7.523287671232877,basic_sir,3.143105854347153e-07,2.461163851309286e-170,0.9999996856894146,15.0,780.0,52.0,,
7.526027397260274,basic_sir,3.143105854347153e-07,2.134365257164134e-170,0.9999996856894146,15.0,780.0,52.0,,
7.528767123287671,basic_sir,3.143105854347153e-07,1.850959678513754e-170,0.9999996856894146,15.0,780.0,52.0,,
7.531506849315068,basic_sir,3.143105854347153e-07,1.605185298057105e-170,0.9999996856894146,15.0,780.0,52.0,,
7.534246575342466,basic_sir,3.143105854347153e-07,1.3920453649036798e-170,0.9999996856894146,15.0,780.0,52.0,,
7.536986301369863,basic_sir,3.143105854347153e-07,1.2072066074211462e-170,0.9999996856894146,15.0,780.0,52.0,,
7.53972602739726,basic_sir,3.143105854347153e-07,1.046911135042005e-170,0.9999996856894146,15.0,780.0,52.0,,
7.542465753424658,basic_sir,3.143105854347153e-07,9.079000379365722e-171,0.9999996856894146,15.0,780.0,52.0,,
7.545205479452055,basic_sir,3.143105854347153e-07,7.873471312846021e-171,0.9999996856894146,15.0,780.0,52.0,,
7.5479452054794525,basic_sir,3.143105854347153e-07,6.82801497124071e-171,0.9999996856894146,15.0,780.0,52.0,,
7.550684931506849,basic_sir,3.143105854347153e-07,5.921376556160597e-171,0.9999996856894146,15.0,780.0,52.0,,
7.553424657534246,basic_sir,3.143105854347153e-07,5.135123526754002e-171,0.9999996856894146,15.0,780.0,52.0,,
7.556164383561644,basic_sir,3.143105854347153e-07,4.453270854323164e-171,0.9999996856894146,15.0,780.0,52.0,,
7.558904109589041,basic_sir,3.143105854347153e-07,3.861956036430552e-171,0.9999996856894146,15.0,780.0,52.0,,
7.561643835616438,basic_sir,3.143105854347153e-07,3.3491572633277906e-171,0.9999996856894146,15.0,780.0,52.0,,
7.564383561643836,basic_sir,3.143105854347153e-07,2.9044490068479845e-171,0.9999996856894146,15.0,780.0,52.0,,
7.567123287671233,basic_sir,3.143105854347153e-07,2.5187900627270745e-171,0.9999996856894146,15.0,780.0,52.0,,
7.5698630136986305,basic_sir,3.143105854347153e-07,2.1843397371185843e-171,0.9999996856894146,15.0,780.0,52.0,,
7.572602739726028,basic_sir,3.143105854347153e-07,1.8942984402556333e-171,0.9999996856894146,15.0,780.0,52.0,,
7.575342465753424,basic_sir,3.143105854347153e-07,1.6427694464271353e-171,0.9999996856894146,15.0,780.0,52.0,,
7.578082191780822,basic_sir,3.143105854347153e-07,1.4246390097593105e-171,0.9999996856894146,15.0,780.0,52.0,,
7.580821917808219,basic_sir,3.143105854347153e-07,1.2354723984806053e-171,0.9999996856894146,15.0,780.0,52.0,,
7.583561643835616,basic_sir,3.143105854347153e-07,1.0714237339782658e-171,0.9999996856894146,15.0,780.0,52.0,,
7.586301369863014,basic_sir,3.143105854347153e-07,9.291578016179779e-172,0.9999996856894146,15.0,780.0,52.0,,
7.589041095890411,basic_sir,3.143105854347153e-07,8.057822436898403e-172,0.9999996856894146,15.0,780.0,52.0,,
7.5917808219178085,basic_sir,3.143105854347153e-07,6.987887559198324e-172,0.9999996856894146,15.0,780.0,52.0,,
7.594520547945206,basic_sir,3.143105854347153e-07,6.060020920341159e-172,0.9999996856894146,15.0,780.0,52.0,,
7.597260273972603,basic_sir,3.143105854347153e-07,5.255358396062344e-172,0.9999996856894146,15.0,780.0,52.0,,
7.6,basic_sir,3.143105854347153e-07,4.557540680818211e-172,0.9999996856894146,15.0,780.0,52.0,,
7.602739726027397,basic_sir,3.143105854347153e-07,3.952380692604158e-172,0.9999996856894146,15.0,780.0,52.0,,
7.605479452054794,basic_sir,3.143105854347153e-07,3.4275751404737086e-172,0.9999996856894146,15.0,780.0,52.0,,
7.608219178082192,basic_sir,3.143105854347153e-07,2.972454390736492e-172,0.9999996856894146,15.0,780.0,52.0,,
7.610958904109589,basic_sir,3.143105854347153e-07,2.5777655464578784e-172,0.9999996856894146,15.0,780.0,52.0,,
7.6136986301369864,basic_sir,3.143105854347153e-07,2.2354843301258755e-172,0.9999996856894146,15.0,780.0,52.0,,
7.616438356164384,basic_sir,3.143105854347153e-07,1.9386519449393974e-172,0.9999996856894146,15.0,780.0,52.0,,
7.619178082191781,basic_sir,3.143105854347153e-07,1.6812335980032042e-172,0.9999996856894146,15.0,780.0,52.0,,
7.6219178082191785,basic_sir,3.143105854347153e-07,1.4579958091152651e-172,0.9999996856894146,15.0,780.0,52.0,,
7.624657534246575,basic_sir,3.143105854347153e-07,1.2644000107555094e-172,0.9999996856894146,15.0,780.0,52.0,,
7.627397260273972,basic_sir,3.143105854347153e-07,1.0965102760950864e-172,0.9999996856894146,15.0,780.0,52.0,,
7.63013698630137,basic_sir,3.143105854347153e-07,9.50913299078271e-173,0.9999996856894146,15.0,780.0,52.0,,
7.632876712328767,basic_sir,3.143105854347153e-07,8.246489997194593e-173,0.9999996856894146,15.0,780.0,52.0,,
7.635616438356164,basic_sir,3.143105854347153e-07,7.151503437773768e-173,0.9999996856894146,15.0,780.0,52.0,,
7.638356164383562,basic_sir,3.143105854347153e-07,6.201911533014518e-173,0.9999996856894146,15.0,780.0,52.0,,
7.641095890410959,basic_sir,3.143105854347153e-07,5.378408470053406e-173,0.9999996856894146,15.0,780.0,52.0,,
7.6438356164383565,basic_sir,3.143105854347153e-07,4.664251903103453e-173,0.9999996856894146,15.0,780.0,52.0,,
7.646575342465754,basic_sir,3.143105854347153e-07,4.044922570819201e-173,0.9999996856894146,15.0,780.0,52.0,,
7.64931506849315,basic_sir,3.143105854347153e-07,3.507829110395386e-173,0.9999996856894146,15.0,780.0,52.0,,
7.652054794520548,basic_sir,3.143105854347153e-07,3.0420520670794104e-173,0.9999996856894146,15.0,780.0,52.0,,
7.654794520547945,basic_sir,3.143105854347153e-07,2.6381218946492627e-173,0.9999996856894146,15.0,780.0,52.0,,
7.657534246575342,basic_sir,3.143105854347153e-07,2.287826433460627e-173,0.9999996856894146,15.0,780.0,52.0,,
7.66027397260274,basic_sir,3.143105854347153e-07,1.98404395197101e-173,0.9999996856894146,15.0,780.0,52.0,,
7.663013698630137,basic_sir,3.143105854347153e-07,1.72059835736682e-173,0.9999996856894146,15.0,780.0,52.0,,
7.6657534246575345,basic_sir,3.143105854347153e-07,1.4921336316327007e-173,0.9999996856894146,15.0,780.0,52.0,,
7.668493150684932,basic_sir,3.143105854347153e-07,1.2940049402678379e-173,0.9999996856894146,15.0,780.0,52.0,,
7.671232876712329,basic_sir,3.143105854347153e-07,1.122184199819543e-173,0.9999996856894146,15.0,780.0,52.0,,
7.673972602739726,basic_sir,3.143105854347153e-07,9.73178184361516e-174,0.9999996856894146,15.0,780.0,52.0,,
7.676712328767123,basic_sir,3.143105854347153e-07,8.439575059686554e-174,0.9999996856894146,15.0,780.0,52.0,,
7.67945205479452,basic_sir,3.143105854347153e-07,7.318950253165985e-174,0.9999996856894146,15.0,780.0,52.0,,
7.682191780821918,basic_sir,3.143105854347153e-07,6.347124402529801e-174,0.9999996856894146,15.0,780.0,52.0,,
7.684931506849315,basic_sir,3.143105854347153e-07,5.504339664525337e-174,0.9999996856894146,15.0,780.0,52.0,,
7.6876712328767125,basic_sir,3.143105854347153e-07,4.773461684537173e-174,0.9999996856894146,15.0,780.0,52.0,,
7.69041095890411,basic_sir,3.143105854347153e-07,4.139631244161128e-174,0.9999996856894146,15.0,780.0,52.0,,
7.693150684931507,basic_sir,3.143105854347153e-07,3.5899621637575866e-174,0.9999996856894146,15.0,780.0,52.0,,
7.695890410958905,basic_sir,3.143105854347153e-07,3.1132793181491935e-174,0.9999996856894146,15.0,780.0,52.0,,
7.698630136986301,basic_sir,3.143105854347153e-07,2.6998914391540216e-174,0.9999996856894146,15.0,780.0,52.0,,
7.701369863013698,basic_sir,3.143105854347153e-07,2.3413940858831467e-174,0.9999996856894146,15.0,780.0,52.0,,
7.704109589041096,basic_sir,3.143105854347153e-07,2.030498777064286e-174,0.9999996856894146,15.0,780.0,52.0,,
7.706849315068493,basic_sir,3.143105854347153e-07,1.7608848115392934e-174,0.9999996856894146,15.0,780.0,52.0,,
7.7095890410958905,basic_sir,3.143105854347153e-07,1.527070764353188e-174,0.9999996856894146,15.0,780.0,52.0,,
7.712328767123288,basic_sir,3.143105854347153e-07,1.3243030458668895e-174,0.9999996856894146,15.0,780.0,52.0,,
7.715068493150685,basic_sir,3.143105854347153e-07,1.1484592582290437e-174,0.9999996856894146,15.0,780.0,52.0,,
7.717808219178083,basic_sir,3.143105854347153e-07,9.959643843819857e-175,0.9999996856894146,15.0,780.0,52.0,,
7.72054794520548,basic_sir,3.143105854347153e-07,8.637181056705439e-175,0.9999996856894146,15.0,780.0,52.0,,
7.723287671232876,basic_sir,3.143105854347153e-07,7.490317703740578e-175,0.9999996856894146,15.0,780.0,52.0,,
7.726027397260274,basic_sir,3.143105854347153e-07,6.495737316911999e-175,0.9999996856894146,15.0,780.0,52.0,,
7.728767123287671,basic_sir,3.143105854347153e-07,5.633219438642983e-175,0.9999996856894146,15.0,780.0,52.0,,
7.7315068493150685,basic_sir,3.143105854347153e-07,4.8852285269119775e-175,0.9999996856894146,15.0,780.0,52.0,,
7.734246575342466,basic_sir,3.143105854347153e-07,4.2365574464295404e-175,0.9999996856894146,15.0,780.0,52.0,,
7.736986301369863,basic_sir,3.143105854347153e-07,3.6740182978181047e-175,0.9999996856894146,15.0,780.0,52.0,,
7.739726027397261,basic_sir,3.143105854347153e-07,3.1861742991537506e-175,0.9999996856894146,15.0,780.0,52.0,,
7.742465753424658,basic_sir,3.143105854347153e-07,2.763107268849669e-175,0.9999996856894146,15.0,780.0,52.0,,
7.745205479452055,basic_sir,3.143105854347153e-07,2.396215982659101e-175,0.9999996856894146,15.0,780.0,52.0,,
7.747945205479452,basic_sir,3.143105854347153e-07,2.0780413052663068e-175,0.9999996856894146,15.0,780.0,52.0,,
7.750684931506849,basic_sir,3.143105854347153e-07,1.802114541277991e-175,0.9999996856894146,15.0,780.0,52.0,,
7.7534246575342465,basic_sir,3.143105854347153e-07,1.5628259224950262e-175,0.9999996856894146,15.0,780.0,52.0,,
7.756164383561644,basic_sir,3.143105854347153e-07,1.355310557724236e-175,0.9999996856894146,15.0,780.0,52.0,,
7.758904109589041,basic_sir,3.143105854347153e-07,1.175349526418305e-175,0.9999996856894146,15.0,780.0,52.0,,
7.761643835616439,basic_sir,3.143105854347153e-07,1.0192841053133857e-175,0.9999996856894146,15.0,780.0,52.0,,
7.764383561643836,basic_sir,3.143105854347153e-07,8.839413842370088e-176,0.9999996856894146,15.0,780.0,52.0,,
7.767123287671233,basic_sir,3.143105854347153e-07,7.665697588079304e-176,0.9999996856894146,15.0,780.0,52.0,,
7.769863013698631,basic_sir,3.143105854347153e-07,6.647829885531066e-176,0.9999996856894146,15.0,780.0,52.0,,
7.772602739726027,basic_sir,3.143105854347153e-07,5.765116831074347e-176,0.9999996856894146,15.0,780.0,52.0,,
7.7753424657534245,basic_sir,3.143105854347153e-07,4.999612301794041e-176,0.9999996856894146,15.0,780.0,52.0,,
7.778082191780822,basic_sir,3.143105854347153e-07,4.335753099316151e-176,0.9999996856894146,15.0,780.0,52.0,,
7.780821917808219,basic_sir,3.143105854347153e-07,3.7600425399953394e-176,0.9999996856894146,15.0,780.0,52.0,,
7.7835616438356166,basic_sir,3.143105854347153e-07,3.26077605867467e-176,0.9999996856894146,15.0,780.0,52.0,,
7.786301369863014,basic_sir,3.143105854347153e-07,2.827803247364082e-176,0.9999996856894146,15.0,780.0,52.0,,
7.789041095890411,basic_sir,3.143105854347153e-07,2.4523214909315127e-176,0.9999996856894146,15.0,780.0,52.0,,
7.791780821917809,basic_sir,3.143105854347153e-07,2.1266970042878185e-176,0.9999996856894146,15.0,780.0,52.0,,
7.794520547945205,basic_sir,3.143105854347153e-07,1.844309632636703e-176,0.9999996856894146,15.0,780.0,52.0,,
7.7972602739726025,basic_sir,3.143105854347153e-07,1.599418259478599e-176,0.9999996856894146,15.0,780.0,52.0,,
7.8,basic_sir,3.143105854347153e-07,1.3870440860281836e-176,0.9999996856894146,15.0,780.0,52.0,,
7.802739726027397,basic_sir,3.143105854347153e-07,1.2028694090393445e-176,0.9999996856894146,15.0,780.0,52.0,,
7.8054794520547945,basic_sir,3.143105854347153e-07,1.0431498391272202e-176,0.9999996856894146,15.0,780.0,52.0,,
7.808219178082192,basic_sir,3.143105854347153e-07,9.046381749288903e-177,0.9999996856894146,15.0,780.0,52.0,,
7.810958904109589,basic_sir,3.143105854347153e-07,7.84518385415642e-177,0.9999996856894146,15.0,780.0,52.0,,
7.813698630136987,basic_sir,3.143105854347153e-07,6.803483581748528e-177,0.9999996856894146,15.0,780.0,52.0,,
7.816438356164384,basic_sir,3.143105854347153e-07,5.9001024969731555e-177,0.9999996856894146,15.0,780.0,52.0,,
7.8191780821917805,basic_sir,3.143105854347153e-07,5.116674282595068e-177,0.9999996856894146,15.0,780.0,52.0,,
7.821917808219178,basic_sir,3.143105854347153e-07,4.437271340218153e-177,0.9999996856894146,15.0,780.0,52.0,,
7.824657534246575,basic_sir,3.143105854347153e-07,3.8480809719893633e-177,0.9999996856894146,15.0,780.0,52.0,,
7.8273972602739725,basic_sir,3.143105854347153e-07,3.33712455958544e-177,0.9999996856894146,15.0,780.0,52.0,,
7.83013698630137,basic_sir,3.143105854347153e-07,2.894014031214908e-177,0.9999996856894146,15.0,780.0,52.0,,
7.832876712328767,basic_sir,3.143105854347153e-07,2.5097406654515765e-177,0.9999996856894146,15.0,780.0,52.0,,
7.835616438356165,basic_sir,3.143105854347153e-07,2.1764919381462312e-177,0.9999996856894146,15.0,780.0,52.0,,
7.838356164383562,basic_sir,3.143105854347153e-07,1.887492688796669e-177,0.9999996856894146,15.0,780.0,52.0,,
7.841095890410959,basic_sir,3.143105854347153e-07,1.636867377186452e-177,0.9999996856894146,15.0,780.0,52.0,,
7.843835616438356,basic_sir,3.143105854347153e-07,1.4195206298815028e-177,0.9999996856894146,15.0,780.0,52.0,,
7.846575342465753,basic_sir,3.143105854347153e-07,1.2310336480177506e-177,0.9999996856894146,15.0,780.0,52.0,,
7.8493150684931505,basic_sir,3.143105854347153e-07,1.0675743702847033e-177,0.9999996856894146,15.0,780.0,52.0,,
7.852054794520548,basic_sir,3.143105854347153e-07,9.258195646593301e-178,0.9999996856894146,15.0,780.0,52.0,,
7.854794520547945,basic_sir,3.143105854347153e-07,8.02887264966287e-178,0.9999996856894146,15.0,780.0,52.0,,
7.857534246575343,basic_sir,3.143105854347153e-07,6.96278178655952e-178,0.9999996856894146,15.0,780.0,52.0,,
7.86027397260274,basic_sir,3.143105854347153e-07,6.038248745828676e-178,0.9999996856894146,15.0,780.0,52.0,,
7.863013698630137,basic_sir,3.143105854347153e-07,5.236477177395153e-178,0.9999996856894146,15.0,780.0,52.0,,
7.865753424657535,basic_sir,3.143105854347153e-07,4.5411665507027985e-178,0.9999996856894146,15.0,780.0,52.0,,
7.868493150684931,basic_sir,3.143105854347153e-07,3.9381807544669305e-178,0.9999996856894146,15.0,780.0,52.0,,
7.8712328767123285,basic_sir,3.143105854347153e-07,3.4152607004587324e-178,0.9999996856894146,15.0,780.0,52.0,,
7.873972602739726,basic_sir,3.143105854347153e-07,2.9617750883749634e-178,0.9999996856894146,15.0,780.0,52.0,,
7.876712328767123,basic_sir,3.143105854347153e-07,2.568504264678906e-178,0.9999996856894146,15.0,780.0,52.0,,
7.879452054794521,basic_sir,3.143105854347153e-07,2.2274527811270838e-178,0.9999996856894146,15.0,780.0,52.0,,
7.882191780821918,basic_sir,3.143105854347153e-07,1.9316868421750638e-178,0.9999996856894146,15.0,780.0,52.0,,
7.884931506849315,basic_sir,3.143105854347153e-07,1.6751933364639886e-178,0.9999996856894146,15.0,780.0,52.0,,
7.887671232876713,basic_sir,3.143105854347153e-07,1.4527575864074893e-178,0.9999996856894146,15.0,780.0,52.0,,
7.89041095890411,basic_sir,3.143105854347153e-07,1.2598573304496204e-178,0.9999996856894146,15.0,780.0,52.0,,
7.8931506849315065,basic_sir,3.143105854347153e-07,1.0925707825851315e-178,0.9999996856894146,15.0,780.0,52.0,,
7.895890410958904,basic_sir,3.143105854347153e-07,9.474968999328025e-179,0.9999996856894146,15.0,780.0,52.0,,
7.898630136986301,basic_sir,3.143105854347153e-07,8.216862373512351e-179,0.9999996856894146,15.0,780.0,52.0,,
7.901369863013699,basic_sir,3.143105854347153e-07,7.125809833259761e-179,0.9999996856894146,15.0,780.0,52.0,,
7.904109589041096,basic_sir,3.143105854347153e-07,6.179629580199049e-179,0.9999996856894146,15.0,780.0,52.0,,
7.906849315068493,basic_sir,3.143105854347153e-07,5.359085162535378e-179,0.9999996856894146,15.0,780.0,52.0,,
7.909589041095891,basic_sir,3.143105854347153e-07,4.647494385639497e-179,0.9999996856894146,15.0,780.0,52.0,,
7.912328767123288,basic_sir,3.143105854347153e-07,4.030390152324446e-179,0.9999996856894146,15.0,780.0,52.0,,
7.915068493150685,basic_sir,3.143105854347153e-07,3.495226337474895e-179,0.9999996856894146,15.0,780.0,52.0,,
7.917808219178082,basic_sir,3.143105854347153e-07,3.0311227172716886e-179,0.9999996856894146,15.0,780.0,52.0,,
7.920547945205479,basic_sir,3.143105854347153e-07,2.628643767258198e-179,0.9999996856894146,15.0,780.0,52.0,,
7.923287671232877,basic_sir,3.143105854347153e-07,2.27960683207338e-179,0.9999996856894146,15.0,780.0,52.0,,
7.926027397260274,basic_sir,3.143105854347153e-07,1.9769157668161117e-179,0.9999996856894146,15.0,780.0,52.0,,
7.928767123287671,basic_sir,3.143105854347153e-07,1.7144166678652637e-179,0.9999996856894146,15.0,780.0,52.0,,
7.931506849315069,basic_sir,3.143105854347153e-07,1.4867727600695668e-179,0.9999996856894146,15.0,780.0,52.0,,
7.934246575342466,basic_sir,3.143105854347153e-07,1.2893558966836878e-179,0.9999996856894146,15.0,780.0,52.0,,
7.936986301369863,basic_sir,3.143105854347153e-07,1.1181524661745957e-179,0.9999996856894146,15.0,780.0,52.0,,
7.939726027397261,basic_sir,3.143105854347153e-07,9.696817929231936e-180,0.9999996856894146,15.0,780.0,52.0,,
7.942465753424657,basic_sir,3.143105854347153e-07,8.409253728551549e-180,0.9999996856894146,15.0,780.0,52.0,,
7.945205479452055,basic_sir,3.143105854347153e-07,7.2926550531568125e-180,0.9999996856894146,15.0,780.0,52.0,,
7.947945205479452,basic_sir,3.143105854347153e-07,6.324320735354249e-180,0.9999996856894146,15.0,780.0,52.0,,
7.950684931506849,basic_sir,3.143105854347153e-07,5.484563916994534e-180,0.9999996856894146,15.0,780.0,52.0,,
7.953424657534247,basic_sir,3.143105854347153e-07,4.756311803011918e-180,0.9999996856894146,15.0,780.0,52.0,,
7.956164383561644,basic_sir,3.143105854347153e-07,4.124758560543371e-180,0.9999996856894146,15.0,780.0,52.0,,
7.958904109589041,basic_sir,3.143105854347153e-07,3.5770643068442216e-180,0.9999996856894146,15.0,780.0,52.0,,
7.961643835616439,basic_sir,3.143105854347153e-07,3.1020940662314415e-180,0.9999996856894146,15.0,780.0,52.0,,
7.964383561643836,basic_sir,3.143105854347153e-07,2.6901913888816738e-180,0.9999996856894146,15.0,780.0,52.0,,
7.967123287671233,basic_sir,3.143105854347153e-07,2.3329820290090117e-180,0.9999996856894146,15.0,780.0,52.0,,
7.96986301369863,basic_sir,3.143105854347153e-07,2.0232036910732047e-180,0.9999996856894146,15.0,780.0,52.0,,
7.972602739726027,basic_sir,3.143105854347153e-07,1.7545583826511456e-180,0.9999996856894146,15.0,780.0,52.0,,
7.975342465753425,basic_sir,3.143105854347153e-07,1.5215843722084318e-180,0.9999996856894146,15.0,780.0,52.0,,
7.978082191780822,basic_sir,3.143105854347153e-07,1.3195451485921039e-180,0.9999996856894146,15.0,780.0,52.0,,
7.980821917808219,basic_sir,3.143105854347153e-07,1.1443331247190557e-180,0.9999996856894146,15.0,780.0,52.0,,
7.983561643835617,basic_sir,3.143105854347153e-07,9.923861276944215e-181,0.9999996856894146,15.0,780.0,52.0,,
7.986301369863014,basic_sir,3.143105854347153e-07,8.606149775504519e-181,0.9999996856894146,15.0,780.0,52.0,,
7.9890410958904114,basic_sir,3.143105854347153e-07,7.463406822351617e-181,0.9999996856894146,15.0,780.0,52.0,,
7.991780821917808,basic_sir,3.143105854347153e-07,6.472399719845891e-181,0.9999996856894146,15.0,780.0,52.0,,
7.994520547945205,basic_sir,3.143105854347153e-07,5.612980657573167e-181,0.9999996856894146,15.0,780.0,52.0,,
7.997260273972603,basic_sir,3.143105854347153e-07,4.867677094430233e-181,0.9999996856894146,15.0,780.0,52.0,,
8.0,basic_sir,3.143105854347153e-07,4.2213365306491606e-181,0.9999996856894146,15.0,780.0,52.0,,
8.002739726027396,basic_sir,3.143105854347153e-07,3.6608184477527935e-181,0.9999996856894146,15.0,780.0,52.0,,
8.005479452054795,basic_sir,3.143105854347153e-07,3.1747271533797914e-181,0.9999996856894146,15.0,780.0,52.0,,
8.008219178082191,basic_sir,3.143105854347153e-07,2.7531800995470973e-181,0.9999996856894146,15.0,780.0,52.0,,
8.01095890410959,basic_sir,3.143105854347153e-07,2.3876069641045688e-181,0.9999996856894146,15.0,780.0,52.0,,
8.013698630136986,basic_sir,3.143105854347153e-07,2.0705754105875353e-181,0.9999996856894146,15.0,780.0,52.0,,
8.016438356164384,basic_sir,3.143105854347153e-07,1.7956399840445332e-181,0.9999996856894146,15.0,780.0,52.0,,
8.01917808219178,basic_sir,3.143105854347153e-07,1.5572110708031796e-181,0.9999996856894146,15.0,780.0,52.0,,
8.021917808219179,basic_sir,3.143105854347153e-07,1.350441258035398e-181,0.9999996856894146,15.0,780.0,52.0,,
8.024657534246575,basic_sir,3.143105854347153e-07,1.1711267827448541e-181,0.9999996856894146,15.0,780.0,52.0,,
8.027397260273972,basic_sir,3.143105854347153e-07,1.0156220665663057e-181,0.9999996856894146,15.0,780.0,52.0,,
8.03013698630137,basic_sir,3.143105854347153e-07,8.807655988182127e-182,0.9999996856894146,15.0,780.0,52.0,,
8.032876712328767,basic_sir,3.143105854347153e-07,7.638156609617452e-182,0.9999996856894146,15.0,780.0,52.0,,
8.035616438356165,basic_sir,3.143105854347153e-07,6.623945857026924e-182,0.9999996856894146,15.0,780.0,52.0,,
8.038356164383561,basic_sir,3.143105854347153e-07,5.74440417490022e-182,0.9999996856894146,15.0,780.0,52.0,,
8.04109589041096,basic_sir,3.143105854347153e-07,4.981649916356481e-182,0.9999996856894146,15.0,780.0,52.0,,
8.043835616438356,basic_sir,3.143105854347153e-07,4.3201757977915775e-182,0.9999996856894146,15.0,780.0,52.0,,
8.046575342465754,basic_sir,3.143105854347153e-07,3.74653362584598e-182,0.9999996856894146,15.0,780.0,52.0,,
8.04931506849315,basic_sir,3.143105854347153e-07,3.249060887006316e-182,0.9999996856894146,15.0,780.0,52.0,,
8.052054794520547,basic_sir,3.143105854347153e-07,2.8176436412179794e-182,0.9999996856894146,15.0,780.0,52.0,,
8.054794520547945,basic_sir,3.143105854347153e-07,2.4435108989941033e-182,0.9999996856894146,15.0,780.0,52.0,,
8.057534246575342,basic_sir,3.143105854347153e-07,2.1190563015706825e-182,0.9999996856894146,15.0,780.0,52.0,,
8.06027397260274,basic_sir,3.143105854347153e-07,1.837683478749583e-182,0.9999996856894146,15.0,780.0,52.0,,
8.063013698630137,basic_sir,3.143105854347153e-07,1.5936719404606323e-182,0.9999996856894146,15.0,780.0,52.0,,
8.065753424657535,basic_sir,3.143105854347153e-07,1.38206077552565e-182,0.9999996856894146,15.0,780.0,52.0,,
8.068493150684931,basic_sir,3.143105854347153e-07,1.1985477931516116e-182,0.9999996856894146,15.0,780.0,52.0,,
8.07123287671233,basic_sir,3.143105854347153e-07,1.0394020566296037e-182,0.9999996856894146,15.0,780.0,52.0,,
8.073972602739726,basic_sir,3.143105854347153e-07,9.013880309980169e-183,0.9999996856894146,15.0,780.0,52.0,,
8.076712328767123,basic_sir,3.143105854347153e-07,7.816998025394716e-183,0.9999996856894146,15.0,780.0,52.0,,
8.07945205479452,basic_sir,3.143105854347153e-07,6.779040327544984e-183,0.9999996856894146,15.0,780.0,52.0,,
8.082191780821917,basic_sir,3.143105854347153e-07,5.878904870282982e-183,0.9999996856894146,15.0,780.0,52.0,,
8.084931506849315,basic_sir,3.143105854347153e-07,5.09829132206242e-183,0.9999996856894146,15.0,780.0,52.0,,
8.087671232876712,basic_sir,3.143105854347153e-07,4.4213293084581275e-183,0.9999996856894146,15.0,780.0,52.0,,
8.09041095890411,basic_sir,3.143105854347153e-07,3.834255757264411e-183,0.9999996856894146,15.0,780.0,52.0,,
8.093150684931507,basic_sir,3.143105854347153e-07,3.325135086407661e-183,0.9999996856894146,15.0,780.0,52.0,,
8.095890410958905,basic_sir,3.143105854347153e-07,2.8836165458995493e-183,0.9999996856894146,15.0,780.0,52.0,,
8.098630136986301,basic_sir,3.143105854347153e-07,2.5007237804494323e-183,0.9999996856894146,15.0,780.0,52.0,,
8.101369863013698,basic_sir,3.143105854347153e-07,2.1686723343982178e-183,0.9999996856894146,15.0,780.0,52.0,,
8.104109589041096,basic_sir,3.143105854347153e-07,1.8807113887398342e-183,0.9999996856894146,15.0,780.0,52.0,,
8.106849315068493,basic_sir,3.143105854347153e-07,1.6309865126386377e-183,0.9999996856894146,15.0,780.0,52.0,,
8.10958904109589,basic_sir,3.143105854347153e-07,1.4144206390919471e-183,0.9999996856894146,15.0,780.0,52.0,,
8.112328767123287,basic_sir,3.143105854347153e-07,1.2266108449007803e-183,0.9999996856894146,15.0,780.0,52.0,,
8.115068493150686,basic_sir,3.143105854347153e-07,1.0637388364143206e-183,0.9999996856894146,15.0,780.0,52.0,,
8.117808219178082,basic_sir,3.143105854347153e-07,9.224933211704373e-184,0.9999996856894146,15.0,780.0,52.0,,
8.12054794520548,basic_sir,3.143105854347153e-07,8.000026871939151e-184,0.9999996856894146,15.0,780.0,52.0,,
8.123287671232877,basic_sir,3.143105854347153e-07,6.937766212827669e-184,0.9999996856894146,15.0,780.0,52.0,,
8.126027397260273,basic_sir,3.143105854347153e-07,6.016554793419858e-184,0.9999996856894146,15.0,780.0,52.0,,
8.128767123287671,basic_sir,3.143105854347153e-07,5.21766379433335e-184,0.9999996856894146,15.0,780.0,52.0,,
8.131506849315068,basic_sir,3.143105854347153e-07,4.524851248836588e-184,0.9999996856894146,15.0,780.0,52.0,,
8.134246575342466,basic_sir,3.143105854347153e-07,3.9240318332377523e-184,0.9999996856894146,15.0,780.0,52.0,,
8.136986301369863,basic_sir,3.143105854347153e-07,3.40299050321792e-184,0.9999996856894146,15.0,780.0,52.0,,
8.139726027397261,basic_sir,3.143105854347153e-07,2.9511341541373895e-184,0.9999996856894146,15.0,780.0,52.0,,
8.142465753424657,basic_sir,3.143105854347153e-07,2.559276256422539e-184,0.9999996856894146,15.0,780.0,52.0,,
8.145205479452056,basic_sir,3.143105854347153e-07,2.219450087521379e-184,0.9999996856894146,15.0,780.0,52.0,,
8.147945205479452,basic_sir,3.143105854347153e-07,1.9247467633231663e-184,0.9999996856894146,15.0,780.0,52.0,,
8.150684931506849,basic_sir,3.143105854347153e-07,1.6691747761087328e-184,0.9999996856894146,15.0,780.0,52.0,,
8.153424657534247,basic_sir,3.143105854347153e-07,1.4475381833540382e-184,0.9999996856894146,15.0,780.0,52.0,,
8.156164383561643,basic_sir,3.143105854347153e-07,1.2553309708842657e-184,0.9999996856894146,15.0,780.0,52.0,,
8.158904109589042,basic_sir,3.143105854347153e-07,1.0886454427127644e-184,0.9999996856894146,15.0,780.0,52.0,,
8.161643835616438,basic_sir,3.143105854347153e-07,9.44092775074729e-185,0.9999996856894146,15.0,780.0,52.0,,
8.164383561643836,basic_sir,3.143105854347153e-07,8.187341194642655e-185,0.9999996856894146,15.0,780.0,52.0,,
8.167123287671233,basic_sir,3.143105854347153e-07,7.100208539589012e-185,0.9999996856894146,15.0,780.0,52.0,,
8.169863013698631,basic_sir,3.143105854347153e-07,6.157427680995577e-185,0.9999996856894146,15.0,780.0,52.0,,
8.172602739726027,basic_sir,3.143105854347153e-07,5.339831278939967e-185,0.9999996856894146,15.0,780.0,52.0,,
8.175342465753424,basic_sir,3.143105854347153e-07,4.630797073841609e-185,0.9999996856894146,15.0,780.0,52.0,,
8.178082191780822,basic_sir,3.143105854347153e-07,4.0159099452586127e-185,0.9999996856894146,15.0,780.0,52.0,,
8.180821917808219,basic_sir,3.143105854347153e-07,3.482668843238573e-185,0.9999996856894146,15.0,780.0,52.0,,
8.183561643835617,basic_sir,3.143105854347153e-07,3.0202326339473006e-185,0.9999996856894146,15.0,780.0,52.0,,
8.186301369863013,basic_sir,3.143105854347153e-07,2.6191996924630426e-185,0.9999996856894146,15.0,780.0,52.0,,
8.189041095890412,basic_sir,3.143105854347153e-07,2.271416761705504e-185,0.9999996856894146,15.0,780.0,52.0,,
8.191780821917808,basic_sir,3.143105854347153e-07,1.969813191488833e-185,0.9999996856894146,15.0,780.0,52.0,,
8.194520547945206,basic_sir,3.143105854347153e-07,1.7082571876636254e-185,0.9999996856894146,15.0,780.0,52.0,,
8.197260273972603,basic_sir,3.143105854347153e-07,1.4814311488081283e-185,0.9999996856894146,15.0,780.0,52.0,,
8.2,basic_sir,3.143105854347153e-07,1.2847235559772862e-185,0.9999996856894146,15.0,780.0,52.0,,
8.202739726027398,basic_sir,3.143105854347153e-07,1.1141352175635548e-185,0.9999996856894146,15.0,780.0,52.0,,
8.205479452054794,basic_sir,3.143105854347153e-07,9.661979631651201e-186,0.9999996856894146,15.0,780.0,52.0,,
8.208219178082192,basic_sir,3.143105854347153e-07,8.37904133455047e-186,0.9999996856894146,15.0,780.0,52.0,,
8.210958904109589,basic_sir,3.143105854347153e-07,7.266454325376529e-186,0.9999996856894146,15.0,780.0,52.0,,
8.213698630136987,basic_sir,3.143105854347153e-07,6.301598996182915e-186,0.9999996856894146,15.0,780.0,52.0,,
8.216438356164383,basic_sir,3.143105854347153e-07,5.464859218892773e-186,0.9999996856894146,15.0,780.0,52.0,,
8.219178082191782,basic_sir,3.143105854347153e-07,4.73922353682051e-186,0.9999996856894146,15.0,780.0,52.0,,
8.221917808219178,basic_sir,3.143105854347153e-07,4.109939310843988e-186,0.9999996856894146,15.0,780.0,52.0,,
8.224657534246575,basic_sir,3.143105854347153e-07,3.5642127887795588e-186,0.9999996856894146,15.0,780.0,52.0,,
8.227397260273973,basic_sir,3.143105854347153e-07,3.090949000190921e-186,0.9999996856894146,15.0,780.0,52.0,,
8.23013698630137,basic_sir,3.143105854347153e-07,2.6805261885201757e-186,0.9999996856894146,15.0,780.0,52.0,,
8.232876712328768,basic_sir,3.143105854347153e-07,2.324600194599789e-186,0.9999996856894146,15.0,780.0,52.0,,
8.235616438356164,basic_sir,3.143105854347153e-07,2.0159348145436717e-186,0.9999996856894146,15.0,780.0,52.0,,
8.238356164383562,basic_sir,3.143105854347153e-07,1.7482546830761678e-186,0.9999996856894146,15.0,780.0,52.0,,
8.241095890410959,basic_sir,3.143105854347153e-07,1.5161176913301543e-186,0.9999996856894146,15.0,780.0,52.0,,
8.243835616438357,basic_sir,3.143105854347153e-07,1.3148043452796626e-186,0.9999996856894146,15.0,780.0,52.0,,
8.246575342465754,basic_sir,3.143105854347153e-07,1.1402218153986256e-186,0.9999996856894146,15.0,780.0,52.0,,
8.24931506849315,basic_sir,3.143105854347153e-07,9.888207268089013e-187,0.9999996856894146,15.0,780.0,52.0,,
8.252054794520548,basic_sir,3.143105854347153e-07,8.57522998211504e-187,0.9999996856894146,15.0,780.0,52.0,,
8.254794520547945,basic_sir,3.143105854347153e-07,7.436592625185004e-187,0.9999996856894146,15.0,780.0,52.0,,
8.257534246575343,basic_sir,3.143105854347153e-07,6.44914596906364e-187,0.9999996856894146,15.0,780.0,52.0,,
8.26027397260274,basic_sir,3.143105854347153e-07,5.592814589498769e-187,0.9999996856894146,15.0,780.0,52.0,,
8.263013698630138,basic_sir,3.143105854347153e-07,4.850188719956809e-187,0.9999996856894146,15.0,780.0,52.0,,
8.265753424657534,basic_sir,3.143105854347153e-07,4.206170299900234e-187,0.9999996856894146,15.0,780.0,52.0,,
8.268493150684932,basic_sir,3.143105854347153e-07,3.647666021523125e-187,0.9999996856894146,15.0,780.0,52.0,,
8.271232876712329,basic_sir,3.143105854347153e-07,3.163321134403703e-187,0.9999996856894146,15.0,780.0,52.0,,
8.273972602739725,basic_sir,3.143105854347153e-07,2.7432885961381845e-187,0.9999996856894146,15.0,780.0,52.0,,
8.276712328767124,basic_sir,3.143105854347153e-07,2.37902887565025e-187,0.9999996856894146,15.0,780.0,52.0,,
8.27945205479452,basic_sir,3.143105854347153e-07,2.0631363390441926e-187,0.9999996856894146,15.0,780.0,52.0,,
8.282191780821918,basic_sir,3.143105854347153e-07,1.7891886883133608e-187,0.9999996856894146,15.0,780.0,52.0,,
8.284931506849315,basic_sir,3.143105854347153e-07,1.5516163919015777e-187,0.9999996856894146,15.0,780.0,52.0,,
8.287671232876713,basic_sir,3.143105854347153e-07,1.3455894525506818e-187,0.9999996856894146,15.0,780.0,52.0,,
8.29041095890411,basic_sir,3.143105854347153e-07,1.1669192103576732e-187,0.9999996856894146,15.0,780.0,52.0,,
8.293150684931508,basic_sir,3.143105854347153e-07,1.0119731846295526e-187,0.9999996856894146,15.0,780.0,52.0,,
8.295890410958904,basic_sir,3.143105854347153e-07,8.776012232204822e-188,0.9999996856894146,15.0,780.0,52.0,,
8.2986301369863,basic_sir,3.143105854347153e-07,7.610714579161735e-188,0.9999996856894146,15.0,780.0,52.0,,
8.301369863013699,basic_sir,3.143105854347153e-07,6.60014763800158e-188,0.9999996856894146,15.0,780.0,52.0,,
8.304109589041095,basic_sir,3.143105854347153e-07,5.7237659342389764e-188,0.9999996856894146,15.0,780.0,52.0,,
8.306849315068494,basic_sir,3.143105854347153e-07,4.963752065381255e-188,0.9999996856894146,15.0,780.0,52.0,,
8.30958904109589,basic_sir,3.143105854347153e-07,4.3046544617053585e-188,0.9999996856894146,15.0,780.0,52.0,,
8.312328767123288,basic_sir,3.143105854347153e-07,3.7330732459246804e-188,0.9999996856894146,15.0,780.0,52.0,,
8.315068493150685,basic_sir,3.143105854347153e-07,3.237387805087382e-188,0.9999996856894146,15.0,780.0,52.0,,
8.317808219178083,basic_sir,3.143105854347153e-07,2.8075205360540604e-188,0.9999996856894146,15.0,780.0,52.0,,
8.32054794520548,basic_sir,3.143105854347153e-07,2.4347319613608214e-188,0.9999996856894146,15.0,780.0,52.0,,
8.323287671232876,basic_sir,3.143105854347153e-07,2.1114430500314484e-188,0.9999996856894146,15.0,780.0,52.0,,
8.326027397260274,basic_sir,3.143105854347153e-07,1.8310811310144872e-188,0.9999996856894146,15.0,780.0,52.0,,
8.32876712328767,basic_sir,3.143105854347153e-07,1.5879462665628918e-188,0.9999996856894146,15.0,780.0,52.0,,
8.331506849315069,basic_sir,3.143105854347153e-07,1.3770953688402369e-188,0.9999996856894146,15.0,780.0,52.0,,
8.334246575342465,basic_sir,3.143105854347153e-07,1.1942417037738573e-188,0.9999996856894146,15.0,780.0,52.0,,
8.336986301369864,basic_sir,3.143105854347153e-07,1.0356677389988485e-188,0.9999996856894146,15.0,780.0,52.0,,
8.33972602739726,basic_sir,3.143105854347153e-07,8.981495640401753e-189,0.9999996856894146,15.0,780.0,52.0,,
8.342465753424658,basic_sir,3.143105854347153e-07,7.788913461427993e-189,0.9999996856894146,15.0,780.0,52.0,,
8.345205479452055,basic_sir,3.143105854347153e-07,6.754684891981542e-189,0.9999996856894146,15.0,780.0,52.0,,
8.347945205479451,basic_sir,3.143105854347153e-07,5.857783401485992e-189,0.9999996856894146,15.0,780.0,52.0,,
8.35068493150685,basic_sir,3.143105854347153e-07,5.079974407015668e-189,0.9999996856894146,15.0,780.0,52.0,,
8.353424657534246,basic_sir,3.143105854347153e-07,4.4054445525230785e-189,0.9999996856894146,15.0,780.0,52.0,,
8.356164383561644,basic_sir,3.143105854347153e-07,3.8204802131582104e-189,0.9999996856894146,15.0,780.0,52.0,,
8.35890410958904,basic_sir,3.143105854347153e-07,3.3131886884776064e-189,0.9999996856894146,15.0,780.0,52.0,,
8.361643835616439,basic_sir,3.143105854347153e-07,2.8732564162086315e-189,0.9999996856894146,15.0,780.0,52.0,,
8.364383561643836,basic_sir,3.143105854347153e-07,2.491739290911994e-189,0.9999996856894146,15.0,780.0,52.0,,
8.367123287671234,basic_sir,3.143105854347153e-07,2.1608808245755975e-189,0.9999996856894146,15.0,780.0,52.0,,
8.36986301369863,basic_sir,3.143105854347153e-07,1.8739544522372205e-189,0.9999996856894146,15.0,780.0,52.0,,
8.372602739726027,basic_sir,3.143105854347153e-07,1.6251267766001898e-189,0.9999996856894146,15.0,780.0,52.0,,
8.375342465753425,basic_sir,3.143105854347153e-07,1.4093389713232769e-189,0.9999996856894146,15.0,780.0,52.0,,
8.378082191780821,basic_sir,3.143105854347153e-07,1.222203931834781e-189,0.9999996856894146,15.0,780.0,52.0,,
8.38082191780822,basic_sir,3.143105854347153e-07,1.0599170826800425e-189,0.9999996856894146,15.0,780.0,52.0,,
8.383561643835616,basic_sir,3.143105854347153e-07,9.191790280616948e-190,0.9999996856894146,15.0,780.0,52.0,,
8.386301369863014,basic_sir,3.143105854347153e-07,7.971284730047239e-190,0.9999996856894146,15.0,780.0,52.0,,
8.389041095890411,basic_sir,3.143105854347153e-07,6.912840513940151e-190,0.9999996856894146,15.0,780.0,52.0,,
8.39178082191781,basic_sir,3.143105854347153e-07,5.994938782080704e-190,0.9999996856894146,15.0,780.0,52.0,,
8.394520547945206,basic_sir,3.143105854347153e-07,5.198918003160192e-190,0.9999996856894146,15.0,780.0,52.0,,
8.397260273972602,basic_sir,3.143105854347153e-07,4.508594563863437e-190,0.9999996856894146,15.0,780.0,52.0,,
8.4,basic_sir,3.143105854347153e-07,3.9099337456257083e-190,0.9999996856894146,15.0,780.0,52.0,,
8.402739726027397,basic_sir,3.143105854347153e-07,3.390764389797802e-190,0.9999996856894146,15.0,780.0,52.0,,
8.405479452054795,basic_sir,3.143105854347153e-07,2.9405314501767556e-190,0.9999996856894146,15.0,780.0,52.0,,
8.408219178082192,basic_sir,3.143105854347153e-07,2.550081402145147e-190,0.9999996856894146,15.0,780.0,52.0,,
8.41095890410959,basic_sir,3.143105854347153e-07,2.2114761456385946e-190,0.9999996856894146,15.0,780.0,52.0,,
8.413698630136986,basic_sir,3.143105854347153e-07,1.9178316184789061e-190,0.9999996856894146,15.0,780.0,52.0,,
8.416438356164385,basic_sir,3.143105854347153e-07,1.6631778389700806e-190,0.9999996856894146,15.0,780.0,52.0,,
8.419178082191781,basic_sir,3.143105854347153e-07,1.4423375323404949e-190,0.9999996856894146,15.0,780.0,52.0,,
8.421917808219177,basic_sir,3.143105854347153e-07,1.2508208734228402e-190,0.9999996856894146,15.0,780.0,52.0,,
8.424657534246576,basic_sir,3.143105854347153e-07,1.0847342056275256e-190,0.9999996856894146,15.0,780.0,52.0,,
8.427397260273972,basic_sir,3.143105854347153e-07,9.407008804055363e-191,0.9999996856894146,15.0,780.0,52.0,,
8.43013698630137,basic_sir,3.143105854347153e-07,8.157926078156065e-191,0.9999996856894146,15.0,780.0,52.0,,
8.432876712328767,basic_sir,3.143105854347153e-07,7.074699225111224e-191,0.9999996856894146,15.0,780.0,52.0,,
8.435616438356165,basic_sir,3.143105854347153e-07,6.135305547791608e-191,0.9999996856894146,15.0,780.0,52.0,,
8.438356164383562,basic_sir,3.143105854347153e-07,5.320646569843987e-191,0.9999996856894146,15.0,780.0,52.0,,
8.441095890410958,basic_sir,3.143105854347153e-07,4.6141597514051213e-191,0.9999996856894146,15.0,780.0,52.0,,
8.443835616438356,basic_sir,3.143105854347153e-07,4.0014817620387985e-191,0.9999996856894146,15.0,780.0,52.0,,
8.446575342465753,basic_sir,3.143105854347153e-07,3.4701564650106914e-191,0.9999996856894146,15.0,780.0,52.0,,
8.449315068493151,basic_sir,3.143105854347153e-07,3.0093816760316465e-191,0.9999996856894146,15.0,780.0,52.0,,
8.452054794520548,basic_sir,3.143105854347153e-07,2.6097895479211414e-191,0.9999996856894146,15.0,780.0,52.0,,
8.454794520547946,basic_sir,3.143105854347153e-07,2.2632561162594725e-191,0.9999996856894146,15.0,780.0,52.0,,
8.457534246575342,basic_sir,3.143105854347153e-07,1.9627361339793222e-191,0.9999996856894146,15.0,780.0,52.0,,
8.46027397260274,basic_sir,3.143105854347153e-07,1.7021198369694747e-191,0.9999996856894146,15.0,780.0,52.0,,
8.463013698630137,basic_sir,3.143105854347153e-07,1.4761087286508284e-191,0.9999996856894146,15.0,780.0,52.0,,
8.465753424657533,basic_sir,3.143105854347153e-07,1.2801078581391565e-191,0.9999996856894146,15.0,780.0,52.0,,
8.468493150684932,basic_sir,3.143105854347153e-07,1.1101324019452325e-191,0.9999996856894146,15.0,780.0,52.0,,
8.471232876712328,basic_sir,3.143105854347153e-07,9.627266499561129e-192,0.9999996856894146,15.0,780.0,52.0,,
8.473972602739726,basic_sir,3.143105854347153e-07,8.348937486299578e-192,0.9999996856894146,15.0,780.0,52.0,,
8.476712328767123,basic_sir,3.143105854347153e-07,7.240347730409493e-192,0.9999996856894146,15.0,780.0,52.0,,
8.479452054794521,basic_sir,3.143105854347153e-07,6.278958890669074e-192,0.9999996856894146,15.0,780.0,52.0,,
8.482191780821918,basic_sir,3.143105854347153e-07,5.4452253149568095e-192,0.9999996856894146,15.0,780.0,52.0,,
8.484931506849316,basic_sir,3.143105854347153e-07,4.722196664594541e-192,0.9999996856894146,15.0,780.0,52.0,,
8.487671232876712,basic_sir,3.143105854347153e-07,4.0951733030879636e-192,0.9999996856894146,15.0,780.0,52.0,,
8.490410958904109,basic_sir,3.143105854347153e-07,3.551407443079106e-192,0.9999996856894146,15.0,780.0,52.0,,
8.493150684931507,basic_sir,3.143105854347153e-07,3.0798439756495927e-192,0.9999996856894146,15.0,780.0,52.0,,
8.495890410958904,basic_sir,3.143105854347153e-07,2.670895712861939e-192,0.9999996856894146,15.0,780.0,52.0,,
8.498630136986302,basic_sir,3.143105854347153e-07,2.3162484740737585e-192,0.9999996856894146,15.0,780.0,52.0,,
8.501369863013698,basic_sir,3.143105854347153e-07,2.008692053311492e-192,0.9999996856894146,15.0,780.0,52.0,,
8.504109589041096,basic_sir,3.143105854347153e-07,1.7419736311536496e-192,0.9999996856894146,15.0,780.0,52.0,,
8.506849315068493,basic_sir,3.143105854347153e-07,1.5106706509005888e-192,0.9999996856894146,15.0,780.0,52.0,,
8.509589041095891,basic_sir,3.143105854347153e-07,1.310080574515255e-192,0.9999996856894146,15.0,780.0,52.0,,
8.512328767123288,basic_sir,3.143105854347153e-07,1.1361252770080607e-192,0.9999996856894146,15.0,780.0,52.0,,
8.515068493150684,basic_sir,3.143105854347153e-07,9.852681355375767e-193,0.9999996856894146,15.0,780.0,52.0,,
8.517808219178082,basic_sir,3.143105854347153e-07,8.544421275988526e-193,0.9999996856894146,15.0,780.0,52.0,,
8.520547945205479,basic_sir,3.143105854347153e-07,7.40987476487691e-193,0.9999996856894146,15.0,780.0,52.0,,
8.523287671232877,basic_sir,3.143105854347153e-07,6.425975763326619e-193,0.9999996856894146,15.0,780.0,52.0,,
8.526027397260274,basic_sir,3.143105854347153e-07,5.572720973179752e-193,0.9999996856894146,15.0,780.0,52.0,,
8.528767123287672,basic_sir,3.143105854347153e-07,4.832763176940126e-193,0.9999996856894146,15.0,780.0,52.0,,
8.531506849315068,basic_sir,3.143105854347153e-07,4.1910585577127963e-193,0.9999996856894146,15.0,780.0,52.0,,
8.534246575342467,basic_sir,3.143105854347153e-07,3.634560848747681e-193,0.9999996856894146,15.0,780.0,52.0,,
8.536986301369863,basic_sir,3.143105854347153e-07,3.1519560944669426e-193,0.9999996856894146,15.0,780.0,52.0,,
8.53972602739726,basic_sir,3.143105854347153e-07,2.7334326304842115e-193,0.9999996856894146,15.0,780.0,52.0,,
8.542465753424658,basic_sir,3.143105854347153e-07,2.3704816061718487e-193,0.9999996856894146,15.0,780.0,52.0,,
8.545205479452054,basic_sir,3.143105854347153e-07,2.055723994267304e-193,0.9999996856894146,15.0,780.0,52.0,,
8.547945205479452,basic_sir,3.143105854347153e-07,1.7827605705114942e-193,0.9999996856894146,15.0,780.0,52.0,,
8.550684931506849,basic_sir,3.143105854347153e-07,1.5460418133143114e-193,0.9999996856894146,15.0,780.0,52.0,,
8.553424657534247,basic_sir,3.143105854347153e-07,1.3407550784176223e-193,0.9999996856894146,15.0,780.0,52.0,,
8.556164383561644,basic_sir,3.143105854347153e-07,1.162726754750036e-193,0.9999996856894146,15.0,780.0,52.0,,
8.558904109589042,basic_sir,3.143105854347153e-07,1.0083374122341541e-193,0.9999996856894146,15.0,780.0,52.0,,
8.561643835616438,basic_sir,3.143105854347153e-07,8.744482164511171e-194,0.9999996856894146,15.0,780.0,52.0,,
8.564383561643835,basic_sir,3.143105854347153e-07,7.583371141216488e-194,0.9999996856894146,15.0,780.0,52.0,,
8.567123287671233,basic_sir,3.143105854347153e-07,6.576434920162536e-194,0.9999996856894146,15.0,780.0,52.0,,
8.56986301369863,basic_sir,3.143105854347153e-07,5.703201841733851e-194,0.9999996856894146,15.0,780.0,52.0,,
8.572602739726028,basic_sir,3.143105854347153e-07,4.9459185170115695e-194,0.9999996856894146,15.0,780.0,52.0,,
8.575342465753424,basic_sir,3.143105854347153e-07,4.289188889987343e-194,0.9999996856894146,15.0,780.0,52.0,,
8.578082191780823,basic_sir,3.143105854347153e-07,3.719661225859641e-194,0.9999996856894146,15.0,780.0,52.0,,
8.580821917808219,basic_sir,3.143105854347153e-07,3.22575666169968e-194,0.9999996856894146,15.0,780.0,52.0,,
8.583561643835617,basic_sir,3.143105854347153e-07,2.797433800733859e-194,0.9999996856894146,15.0,780.0,52.0,,
8.586301369863014,basic_sir,3.143105854347153e-07,2.4259845643054832e-194,0.9999996856894146,15.0,780.0,52.0,,
8.58904109589041,basic_sir,3.143105854347153e-07,2.1038571510448363e-194,0.9999996856894146,15.0,780.0,52.0,,
8.591780821917808,basic_sir,3.143105854347153e-07,1.8245025039016413e-194,0.9999996856894146,15.0,780.0,52.0,,
8.594520547945205,basic_sir,3.143105854347153e-07,1.5822411636125022e-194,0.9999996856894146,15.0,780.0,52.0,,
8.597260273972603,basic_sir,3.143105854347153e-07,1.3721478016478385e-194,0.9999996856894146,15.0,780.0,52.0,,
8.6,basic_sir,3.143105854347153e-07,1.1899510851231232e-194,0.9999996856894146,15.0,780.0,52.0,,
8.602739726027398,basic_sir,3.143105854347153e-07,1.0319468378589286e-194,0.9999996856894146,15.0,780.0,52.0,,
8.605479452054794,basic_sir,3.143105854347153e-07,8.949227321028533e-195,0.9999996856894146,15.0,780.0,52.0,,
8.608219178082193,basic_sir,3.143105854347153e-07,7.760929798438374e-195,0.9999996856894146,15.0,780.0,52.0,,
8.610958904109589,basic_sir,3.143105854347153e-07,6.730416959547276e-195,0.9999996856894146,15.0,780.0,52.0,,
8.613698630136986,basic_sir,3.143105854347153e-07,5.836737816965745e-195,0.9999996856894146,15.0,780.0,52.0,,
8.616438356164384,basic_sir,3.143105854347153e-07,5.061723300169277e-195,0.9999996856894146,15.0,780.0,52.0,,
8.61917808219178,basic_sir,3.143105854347153e-07,4.389616866634955e-195,0.9999996856894146,15.0,780.0,52.0,,
8.621917808219179,basic_sir,3.143105854347153e-07,3.806754161216182e-195,0.9999996856894146,15.0,780.0,52.0,,
8.624657534246575,basic_sir,3.143105854347153e-07,3.3012852110364315e-195,0.9999996856894146,15.0,780.0,52.0,,
8.627397260273973,basic_sir,3.143105854347153e-07,2.862933507932385e-195,0.9999996856894146,15.0,780.0,52.0,,
8.63013698630137,basic_sir,3.143105854347153e-07,2.4827870804502683e-195,0.9999996856894146,15.0,780.0,52.0,,
8.632876712328768,basic_sir,3.143105854347153e-07,2.1531173077442566e-195,0.9999996856894146,15.0,780.0,52.0,,
8.635616438356164,basic_sir,3.143105854347153e-07,1.867221791756526e-195,0.9999996856894146,15.0,780.0,52.0,,
8.638356164383561,basic_sir,3.143105854347153e-07,1.6192880931616077e-195,0.9999996856894146,15.0,780.0,52.0,,
8.64109589041096,basic_sir,3.143105854347153e-07,1.4042755607452859e-195,0.9999996856894146,15.0,780.0,52.0,,
8.643835616438356,basic_sir,3.143105854347153e-07,1.217812851730678e-195,0.9999996856894146,15.0,780.0,52.0,,
8.646575342465754,basic_sir,3.143105854347153e-07,1.0561090595731555e-195,0.9999996856894146,15.0,780.0,52.0,,
8.64931506849315,basic_sir,3.143105854347153e-07,9.158766423983047e-196,0.9999996856894146,15.0,780.0,52.0,,
8.652054794520549,basic_sir,3.143105854347153e-07,7.9426458516485235e-196,0.9999996856894146,15.0,780.0,52.0,,
8.654794520547945,basic_sir,3.143105854347153e-07,6.888004366998593e-196,0.9999996856894146,15.0,780.0,52.0,,
8.657534246575343,basic_sir,3.143105854347153e-07,5.973400431789367e-196,0.9999996856894146,15.0,780.0,52.0,,
8.66027397260274,basic_sir,3.143105854347153e-07,5.180239561034526e-196,0.9999996856894146,15.0,780.0,52.0,,
8.663013698630136,basic_sir,3.143105854347153e-07,4.492396285187368e-196,0.9999996856894146,15.0,780.0,52.0,,
8.665753424657535,basic_sir,3.143105854347153e-07,3.8958863089978427e-196,0.9999996856894146,15.0,780.0,52.0,,
8.668493150684931,basic_sir,3.143105854347153e-07,3.378582201815973e-196,0.9999996856894146,15.0,780.0,52.0,,
8.67123287671233,basic_sir,3.143105854347153e-07,2.929966839140874e-196,0.9999996856894146,15.0,780.0,52.0,,
8.673972602739726,basic_sir,3.143105854347153e-07,2.5409195827325782e-196,0.9999996856894146,15.0,780.0,52.0,,
8.676712328767124,basic_sir,3.143105854347153e-07,2.2035308521807067e-196,0.9999996856894146,15.0,780.0,52.0,,
8.67945205479452,basic_sir,3.143105854347153e-07,1.9109413180604812e-196,0.9999996856894146,15.0,780.0,52.0,,
8.682191780821919,basic_sir,3.143105854347153e-07,1.6572024473614784e-196,0.9999996856894146,15.0,780.0,52.0,,
8.684931506849315,basic_sir,3.143105854347153e-07,1.4371555659953586e-196,0.9999996856894146,15.0,780.0,52.0,,
8.687671232876712,basic_sir,3.143105854347153e-07,1.2463269796396333e-196,0.9999996856894146,15.0,780.0,52.0,,
8.69041095890411,basic_sir,3.143105854347153e-07,1.0808370206614946e-196,0.9999996856894146,15.0,780.0,52.0,,
8.693150684931506,basic_sir,3.143105854347153e-07,9.373211719851425e-197,0.9999996856894146,15.0,780.0,52.0,,
8.695890410958905,basic_sir,3.143105854347153e-07,8.128616642995966e-197,0.9999996856894146,15.0,780.0,52.0,,
8.698630136986301,basic_sir,3.143105854347153e-07,7.049281559367621e-197,0.9999996856894146,15.0,780.0,52.0,,
8.7013698630137,basic_sir,3.143105854347153e-07,6.113262894007101e-197,0.9999996856894146,15.0,780.0,52.0,,
8.704109589041096,basic_sir,3.143105854347153e-07,5.3015307867203566e-197,0.9999996856894146,15.0,780.0,52.0,,
8.706849315068494,basic_sir,3.143105854347153e-07,4.597582202802698e-197,0.9999996856894146,15.0,780.0,52.0,,
8.70958904109589,basic_sir,3.143105854347153e-07,3.987105415756031e-197,0.9999996856894146,15.0,780.0,52.0,,
8.712328767123287,basic_sir,3.143105854347153e-07,3.457689040700613e-197,0.9999996856894146,15.0,780.0,52.0,,
8.715068493150685,basic_sir,3.143105854347153e-07,2.998569702956552e-197,0.9999996856894146,15.0,780.0,52.0,,
8.717808219178082,basic_sir,3.143105854347153e-07,2.600413211729384e-197,0.9999996856894146,15.0,780.0,52.0,,
8.72054794520548,basic_sir,3.143105854347153e-07,2.2551247900186252e-197,0.9999996856894146,15.0,780.0,52.0,,
8.723287671232876,basic_sir,3.143105854347153e-07,1.955684502608295e-197,0.9999996856894146,15.0,780.0,52.0,,
8.726027397260275,basic_sir,3.143105854347153e-07,1.6960045362768203e-197,0.9999996856894146,15.0,780.0,52.0,,
8.728767123287671,basic_sir,3.143105854347153e-07,1.4708054306487182e-197,0.9999996856894146,15.0,780.0,52.0,,
8.73150684931507,basic_sir,3.143105854347153e-07,1.2755087433754809e-197,0.9999996856894146,15.0,780.0,52.0,,
8.734246575342466,basic_sir,3.143105854347153e-07,1.1061439674654129e-197,0.9999996856894146,15.0,780.0,52.0,,
8.736986301369862,basic_sir,3.143105854347153e-07,9.592678083273144e-198,0.9999996856894146,15.0,780.0,52.0,,
8.73972602739726,basic_sir,3.143105854347153e-07,8.318941793820134e-198,0.9999996856894146,15.0,780.0,52.0,,
8.742465753424657,basic_sir,3.143105854347153e-07,7.21433493005951e-198,0.9999996856894146,15.0,780.0,52.0,,
8.745205479452055,basic_sir,3.143105854347153e-07,6.256400125522654e-198,0.9999996856894146,15.0,780.0,52.0,,
8.747945205479452,basic_sir,3.143105854347153e-07,5.425661950840508e-198,0.9999996856894146,15.0,780.0,52.0,,
8.75068493150685,basic_sir,3.143105854347153e-07,4.705230965760281e-198,0.9999996856894146,15.0,780.0,52.0,,
8.753424657534246,basic_sir,3.143105854347153e-07,4.080460345990007e-198,0.9999996856894146,15.0,780.0,52.0,,
8.756164383561645,basic_sir,3.143105854347153e-07,3.538648103856679e-198,0.9999996856894146,15.0,780.0,52.0,,
8.758904109589041,basic_sir,3.143105854347153e-07,3.068778848748134e-198,0.9999996856894146,15.0,780.0,52.0,,
8.761643835616438,basic_sir,3.143105854347153e-07,2.6612998371497137e-198,0.9999996856894146,15.0,780.0,52.0,,
8.764383561643836,basic_sir,3.143105854347153e-07,2.3079267592389894e-198,0.9999996856894146,15.0,780.0,52.0,,
8.767123287671232,basic_sir,3.143105854347153e-07,2.0014753135507853e-198,0.9999996856894146,15.0,780.0,52.0,,
8.76986301369863,basic_sir,3.143105854347153e-07,1.7357151455160308e-198,0.9999996856894146,15.0,780.0,52.0,,
8.772602739726027,basic_sir,3.143105854347153e-07,1.5052431803564036e-198,0.9999996856894146,15.0,780.0,52.0,,
8.775342465753425,basic_sir,3.143105854347153e-07,1.305373775105038e-198,0.9999996856894146,15.0,780.0,52.0,,
8.778082191780822,basic_sir,3.143105854347153e-07,1.1320434564790199e-198,0.9999996856894146,15.0,780.0,52.0,,
8.78082191780822,basic_sir,3.143105854347153e-07,9.817283078585897e-199,0.9999996856894146,15.0,780.0,52.0,,
8.783561643835617,basic_sir,3.143105854347153e-07,8.513723258015587e-199,0.9999996856894146,15.0,780.0,52.0,,
8.786301369863013,basic_sir,3.143105854347153e-07,7.383252895312887e-199,0.9999996856894146,15.0,780.0,52.0,,
8.789041095890411,basic_sir,3.143105854347153e-07,6.402888802477599e-199,0.9999996856894146,15.0,780.0,52.0,,
8.791780821917808,basic_sir,3.143105854347153e-07,5.552699548314664e-199,0.9999996856894146,15.0,780.0,52.0,,
8.794520547945206,basic_sir,3.143105854347153e-07,4.815400239641894e-199,0.9999996856894146,15.0,780.0,52.0,,
8.797260273972602,basic_sir,3.143105854347153e-07,4.176001108322764e-199,0.9999996856894146,15.0,780.0,52.0,,
8.8,basic_sir,3.143105854347153e-07,3.621502759656013e-199,0.9999996856894146,15.0,780.0,52.0,,
8.802739726027397,basic_sir,3.143105854347153e-07,3.1406318863418383e-199,0.9999996856894146,15.0,780.0,52.0,,
8.805479452054795,basic_sir,3.143105854347153e-07,2.723612074906459e-199,0.9999996856894146,15.0,780.0,52.0,,
8.808219178082192,basic_sir,3.143105854347153e-07,2.3619650449443163e-199,0.9999996856894146,15.0,780.0,52.0,,
8.810958904109588,basic_sir,3.143105854347153e-07,2.0483382802341298e-199,0.9999996856894146,15.0,780.0,52.0,,
8.813698630136987,basic_sir,3.143105854347153e-07,1.7763555473662985e-199,0.9999996856894146,15.0,780.0,52.0,,
8.816438356164383,basic_sir,3.143105854347153e-07,1.5404872628258646e-199,0.9999996856894146,15.0,780.0,52.0,,
8.819178082191781,basic_sir,3.143105854347153e-07,1.3359380730096332e-199,0.9999996856894146,15.0,780.0,52.0,,
8.821917808219178,basic_sir,3.143105854347153e-07,1.1585493616110486e-199,0.9999996856894146,15.0,780.0,52.0,,
8.824657534246576,basic_sir,3.143105854347153e-07,1.004714702280639e-199,0.9999996856894146,15.0,780.0,52.0,,
8.827397260273973,basic_sir,3.143105854347153e-07,8.713065376646958e-200,0.9999996856894146,15.0,780.0,52.0,,
8.83013698630137,basic_sir,3.143105854347153e-07,7.556125941562219e-200,0.9999996856894146,15.0,780.0,52.0,,
8.832876712328767,basic_sir,3.143105854347153e-07,6.552807396324924e-200,0.9999996856894146,15.0,780.0,52.0,,
8.835616438356164,basic_sir,3.143105854347153e-07,5.682711630988643e-200,0.9999996856894146,15.0,780.0,52.0,,
8.838356164383562,basic_sir,3.143105854347153e-07,4.928149040223881e-200,0.9999996856894146,15.0,780.0,52.0,,
8.841095890410958,basic_sir,3.143105854347153e-07,4.2737788822897847e-200,0.9999996856894146,15.0,780.0,52.0,,
8.843835616438357,basic_sir,3.143105854347153e-07,3.7062973919057174e-200,0.9999996856894146,15.0,780.0,52.0,,
8.846575342465753,basic_sir,3.143105854347153e-07,3.214167306168316e-200,0.9999996856894146,15.0,780.0,52.0,,
8.849315068493151,basic_sir,3.143105854347153e-07,2.787383304589157e-200,0.9999996856894146,15.0,780.0,52.0,,
8.852054794520548,basic_sir,3.143105854347153e-07,2.4172685945105007e-200,0.9999996856894146,15.0,780.0,52.0,,
8.854794520547946,basic_sir,3.143105854347153e-07,2.0962985063396155e-200,0.9999996856894146,15.0,780.0,52.0,,
8.857534246575343,basic_sir,3.143105854347153e-07,1.817947512188646e-200,0.9999996856894146,15.0,780.0,52.0,,
8.860273972602739,basic_sir,3.143105854347153e-07,1.5765565577030774e-200,0.9999996856894146,15.0,780.0,52.0,,
8.863013698630137,basic_sir,3.143105854347153e-07,1.367218009855516e-200,0.9999996856894146,15.0,780.0,52.0,,
8.865753424657534,basic_sir,3.143105854347153e-07,1.185675881616868e-200,0.9999996856894146,15.0,780.0,52.0,,
8.868493150684932,basic_sir,3.143105854347153e-07,1.0282393050076712e-200,0.9999996856894146,15.0,780.0,52.0,,
8.871232876712329,basic_sir,3.143105854347153e-07,8.917074933842653e-201,0.9999996856894146,15.0,780.0,52.0,,
8.873972602739727,basic_sir,3.143105854347153e-07,7.733046673912586e-201,0.9999996856894146,15.0,780.0,52.0,,
8.876712328767123,basic_sir,3.143105854347153e-07,6.706236215864825e-201,0.9999996856894146,15.0,780.0,52.0,,
8.879452054794521,basic_sir,3.143105854347153e-07,5.815767844088043e-201,0.9999996856894146,15.0,780.0,52.0,,
8.882191780821918,basic_sir,3.143105854347153e-07,5.043537765090464e-201,0.9999996856894146,15.0,780.0,52.0,,
8.884931506849314,basic_sir,3.143105854347153e-07,4.373846045755025e-201,0.9999996856894146,15.0,780.0,52.0,,
8.887671232876713,basic_sir,3.143105854347153e-07,3.7930774236250735e-201,0.9999996856894146,15.0,780.0,52.0,,
8.89041095890411,basic_sir,3.143105854347153e-07,3.289424499881307e-201,0.9999996856894146,15.0,780.0,52.0,,
8.893150684931507,basic_sir,3.143105854347153e-07,2.852647687343363e-201,0.9999996856894146,15.0,780.0,52.0,,
8.895890410958904,basic_sir,3.143105854347153e-07,2.473867033093424e-201,0.9999996856894146,15.0,780.0,52.0,,
8.898630136986302,basic_sir,3.143105854347153e-07,2.1453816833320187e-201,0.9999996856894146,15.0,780.0,52.0,,
8.901369863013699,basic_sir,3.143105854347153e-07,1.8605133200799376e-201,0.9999996856894146,15.0,780.0,52.0,,
8.904109589041097,basic_sir,3.143105854347153e-07,1.613470386685897e-201,0.9999996856894146,15.0,780.0,52.0,,
8.906849315068493,basic_sir,3.143105854347153e-07,1.399230341764351e-201,0.9999996856894146,15.0,780.0,52.0,,
8.90958904109589,basic_sir,3.143105854347153e-07,1.2134375477045101e-201,0.9999996856894146,15.0,780.0,52.0,,
8.912328767123288,basic_sir,3.143105854347153e-07,1.0523147177628715e-201,0.9999996856894146,15.0,780.0,52.0,,
8.915068493150685,basic_sir,3.143105854347153e-07,9.125861213997262e-202,0.9999996856894146,15.0,780.0,52.0,,
8.917808219178083,basic_sir,3.143105854347153e-07,7.914109865742514e-202,0.9999996856894146,15.0,780.0,52.0,,
8.92054794520548,basic_sir,3.143105854347153e-07,6.863257450264743e-202,0.9999996856894146,15.0,780.0,52.0,,
8.923287671232877,basic_sir,3.143105854347153e-07,5.951939463528128e-202,0.9999996856894146,15.0,780.0,52.0,,
8.926027397260274,basic_sir,3.143105854347153e-07,5.161628225987685e-202,0.9999996856894146,15.0,780.0,52.0,,
8.92876712328767,basic_sir,3.143105854347153e-07,4.4762562029688335e-202,0.9999996856894146,15.0,780.0,52.0,,
8.931506849315069,basic_sir,3.143105854347153e-07,3.881889341377551e-202,0.9999996856894146,15.0,780.0,52.0,,
8.934246575342465,basic_sir,3.143105854347153e-07,3.366443781459072e-202,0.9999996856894146,15.0,780.0,52.0,,
8.936986301369863,basic_sir,3.143105854347153e-07,2.9194401841711775e-202,0.9999996856894146,15.0,780.0,52.0,,
8.93972602739726,basic_sir,3.143105854347153e-07,2.531790679498638e-202,0.9999996856894146,15.0,780.0,52.0,,
8.942465753424658,basic_sir,3.143105854347153e-07,2.195614104220928e-202,0.9999996856894146,15.0,780.0,52.0,,
8.945205479452055,basic_sir,3.143105854347153e-07,1.9040757728079423e-202,0.9999996856894146,15.0,780.0,52.0,,
8.947945205479453,basic_sir,3.143105854347153e-07,1.65124852387495e-202,0.9999996856894146,15.0,780.0,52.0,,
8.95068493150685,basic_sir,3.143105854347153e-07,1.4319922171891833e-202,0.9999996856894146,15.0,780.0,52.0,,
8.953424657534246,basic_sir,3.143105854347153e-07,1.2418492313187898e-202,0.9999996856894146,15.0,780.0,52.0,,
8.956164383561644,basic_sir,3.143105854347153e-07,1.0769538373288414e-202,0.9999996856894146,15.0,780.0,52.0,,
8.95890410958904,basic_sir,3.143105854347153e-07,9.339536060313338e-203,0.9999996856894146,15.0,780.0,52.0,,
8.961643835616439,basic_sir,3.143105854347153e-07,8.099412509475177e-203,0.9999996856894146,15.0,780.0,52.0,,
8.964383561643835,basic_sir,3.143105854347153e-07,7.023955213086695e-203,0.9999996856894146,15.0,780.0,52.0,,
8.967123287671233,basic_sir,3.143105854347153e-07,6.091299434091925e-203,0.9999996856894146,15.0,780.0,52.0,,
8.96986301369863,basic_sir,3.143105854347153e-07,5.282483681934899e-203,0.9999996856894146,15.0,780.0,52.0,,
8.972602739726028,basic_sir,3.143105854347153e-07,4.581064213282409e-203,0.9999996856894146,15.0,780.0,52.0,,
8.975342465753425,basic_sir,3.143105854347153e-07,3.972780720172861e-203,0.9999996856894146,15.0,780.0,52.0,,
8.978082191780821,basic_sir,3.143105854347153e-07,3.4452664087998943e-203,0.9999996856894146,15.0,780.0,52.0,,
8.98082191780822,basic_sir,3.143105854347153e-07,2.987796574659009e-203,0.9999996856894146,15.0,780.0,52.0,,
8.983561643835616,basic_sir,3.143105854347153e-07,2.591070562422628e-203,0.9999996856894146,15.0,780.0,52.0,,
8.986301369863014,basic_sir,3.143105854347153e-07,2.247022677646221e-203,0.9999996856894146,15.0,780.0,52.0,,
8.98904109589041,basic_sir,3.143105854347153e-07,1.9486582060258468e-203,0.9999996856894146,15.0,780.0,52.0,,
8.991780821917809,basic_sir,3.143105854347153e-07,1.6899112063653927e-203,0.9999996856894146,15.0,780.0,52.0,,
8.994520547945205,basic_sir,3.143105854347153e-07,1.4655211861005662e-203,0.9999996856894146,15.0,780.0,52.0,,
8.997260273972604,basic_sir,3.143105854347153e-07,1.2709261521075595e-203,0.9999996856894146,15.0,780.0,52.0,,
9.0,basic_sir,3.143105854347153e-07,1.1021698624561784e-203,0.9999996856894146,15.0,780.0,52.0,,
9.002739726027396,basic_sir,3.143105854347153e-07,9.558213934713837e-204,0.9999996856894146,15.0,780.0,52.0,,
9.005479452054795,basic_sir,3.143105854347153e-07,8.289053868534872e-204,0.9999996856894146,15.0,780.0,52.0,,
9.008219178082191,basic_sir,3.143105854347153e-07,7.188415587345433e-204,0.9999996856894146,15.0,780.0,52.0,,
9.01095890410959,basic_sir,3.143105854347153e-07,6.233922408507584e-204,0.9999996856894146,15.0,780.0,52.0,,
9.013698630136986,basic_sir,3.143105854347153e-07,5.406168873111526e-204,0.9999996856894146,15.0,780.0,52.0,,
9.016438356164384,basic_sir,3.143105854347153e-07,4.6883262205366746e-204,0.9999996856894146,15.0,780.0,52.0,,
9.01917808219178,basic_sir,3.143105854347153e-07,4.065800248952062e-204,0.9999996856894146,15.0,780.0,52.0,,
9.021917808219179,basic_sir,3.143105854347153e-07,3.525934605822895e-204,0.9999996856894146,15.0,780.0,52.0,,
9.024657534246575,basic_sir,3.143105854347153e-07,3.0577534761440724e-204,0.9999996856894146,15.0,780.0,52.0,,
9.027397260273972,basic_sir,3.143105854347153e-07,2.651738437074347e-204,0.9999996856894146,15.0,780.0,52.0,,
9.03013698630137,basic_sir,3.143105854347153e-07,2.2996349422923647e-204,0.9999996856894146,15.0,780.0,52.0,,
9.032876712328767,basic_sir,3.143105854347153e-07,1.9942845017727617e-204,0.9999996856894146,15.0,780.0,52.0,,
9.035616438356165,basic_sir,3.143105854347153e-07,1.7294791450881623e-204,0.9999996856894146,15.0,780.0,52.0,,
9.038356164383561,basic_sir,3.143105854347153e-07,1.4998352093877816e-204,0.9999996856894146,15.0,780.0,52.0,,
9.04109589041096,basic_sir,3.143105854347153e-07,1.3006838860750827e-204,0.9999996856894146,15.0,780.0,52.0,,
9.043835616438356,basic_sir,3.143105854347153e-07,1.1279763009338224e-204,0.9999996856894146,15.0,780.0,52.0,,
9.046575342465754,basic_sir,3.143105854347153e-07,9.782011979156522e-205,0.9999996856894146,15.0,780.0,52.0,,
9.04931506849315,basic_sir,3.143105854347153e-07,8.483135530520731e-205,0.9999996856894146,15.0,780.0,52.0,,
9.052054794520547,basic_sir,3.143105854347153e-07,7.356726671621648e-205,0.9999996856894146,15.0,780.0,52.0,,
9.054794520547945,basic_sir,3.143105854347153e-07,6.379884787438039e-205,0.9999996856894146,15.0,780.0,52.0,,
9.057534246575342,basic_sir,3.143105854347153e-07,5.532750055537254e-205,0.9999996856894146,15.0,780.0,52.0,,
9.06027397260274,basic_sir,3.143105854347153e-07,4.798099683135062e-205,0.9999996856894146,15.0,780.0,52.0,,
9.063013698630137,basic_sir,3.143105854347153e-07,4.1609977566693815e-205,0.9999996856894146,15.0,780.0,52.0,,
9.065753424657535,basic_sir,3.143105854347153e-07,3.6084915850879496e-205,0.9999996856894146,15.0,780.0,52.0,,
9.068493150684931,basic_sir,3.143105854347153e-07,3.1293483633296673e-205,0.9999996856894146,15.0,780.0,52.0,,
9.07123287671233,basic_sir,3.143105854347153e-07,2.713826802185679e-205,0.9999996856894146,15.0,780.0,52.0,,
9.073972602739726,basic_sir,3.143105854347153e-07,2.353479081640411e-205,0.9999996856894146,15.0,780.0,52.0,,
9.076712328767123,basic_sir,3.143105854347153e-07,2.040979101266915e-205,0.9999996856894146,15.0,780.0,52.0,,
9.07945205479452,basic_sir,3.143105854347153e-07,1.769973535904315e-205,0.9999996856894146,15.0,780.0,52.0,,
9.082191780821917,basic_sir,3.143105854347153e-07,1.5349526684801715e-205,0.9999996856894146,15.0,780.0,52.0,,
9.084931506849315,basic_sir,3.143105854347153e-07,1.3311383739251295e-205,0.9999996856894146,15.0,780.0,52.0,,
9.087671232876712,basic_sir,3.143105854347153e-07,1.1543869768249413e-205,0.9999996856894146,15.0,780.0,52.0,,
9.09041095890411,basic_sir,3.143105854347153e-07,1.0011050078388451e-205,0.9999996856894146,15.0,780.0,52.0,,
9.093150684931507,basic_sir,3.143105854347153e-07,8.681761461625434e-206,0.9999996856894146,15.0,780.0,52.0,,
9.095890410958905,basic_sir,3.143105854347153e-07,7.528978627254149e-206,0.9999996856894146,15.0,780.0,52.0,,
9.098630136986301,basic_sir,3.143105854347153e-07,6.529264760407517e-206,0.9999996856894146,15.0,780.0,52.0,,
9.101369863013698,basic_sir,3.143105854347153e-07,5.662295036564243e-206,0.9999996856894146,15.0,780.0,52.0,,
9.104109589041096,basic_sir,3.143105854347153e-07,4.9104434048246513e-206,0.9999996856894146,15.0,780.0,52.0,,
9.106849315068493,basic_sir,3.143105854347153e-07,4.258424238984737e-206,0.9999996856894146,15.0,780.0,52.0,,
9.10958904109589,basic_sir,3.143105854347153e-07,3.692981570941987e-206,0.9999996856894146,15.0,780.0,52.0,,
9.112328767123287,basic_sir,3.143105854347153e-07,3.202619588359733e-206,0.9999996856894146,15.0,780.0,52.0,,
9.115068493150686,basic_sir,3.143105854347153e-07,2.777368917421452e-206,0.9999996856894146,15.0,780.0,52.0,,
9.117808219178082,basic_sir,3.143105854347153e-07,2.4085839390654075e-206,0.9999996856894146,15.0,780.0,52.0,,
9.12054794520548,basic_sir,3.143105854347153e-07,2.0887670179982011e-206,0.9999996856894146,15.0,780.0,52.0,,
9.123287671232877,basic_sir,3.143105854347153e-07,1.811416070959286e-206,0.9999996856894146,15.0,780.0,52.0,,
9.126027397260273,basic_sir,3.143105854347153e-07,1.570892375193758e-206,0.9999996856894146,15.0,780.0,52.0,,
9.128767123287671,basic_sir,3.143105854347153e-07,1.3623059296006009e-206,0.9999996856894146,15.0,780.0,52.0,,
9.131506849315068,basic_sir,3.143105854347153e-07,1.1814160378722445e-206,0.9999996856894146,15.0,780.0,52.0,,
9.134246575342466,basic_sir,3.143105854347153e-07,1.0245450924160818e-206,0.9999996856894146,15.0,780.0,52.0,,
9.136986301369863,basic_sir,3.143105854347153e-07,8.885038062328097e-207,0.9999996856894146,15.0,780.0,52.0,,
9.139726027397261,basic_sir,3.143105854347153e-07,7.7052637266405e-207,0.9999996856894146,15.0,780.0,52.0,,
9.142465753424657,basic_sir,3.143105854347153e-07,6.682142347686314e-207,0.9999996856894146,15.0,780.0,52.0,,
9.145205479452056,basic_sir,3.143105854347153e-07,5.794873211199808e-207,0.9999996856894146,15.0,780.0,52.0,,
9.147945205479452,basic_sir,3.143105854347153e-07,5.0254175661958945e-207,0.9999996856894146,15.0,780.0,52.0,,
9.150684931506849,basic_sir,3.143105854347153e-07,4.3581318855812114e-207,0.9999996856894146,15.0,780.0,52.0,,
9.153424657534247,basic_sir,3.143105854347153e-07,3.7794498232104754e-207,0.9999996856894146,15.0,780.0,52.0,,
9.156164383561643,basic_sir,3.143105854347153e-07,3.277606401363421e-207,0.9999996856894146,15.0,780.0,52.0,,
9.158904109589042,basic_sir,3.143105854347153e-07,2.8423988211945702e-207,0.9999996856894146,15.0,780.0,52.0,,
9.161643835616438,basic_sir,3.143105854347153e-07,2.4649790332872868e-207,0.9999996856894146,15.0,780.0,52.0,,
9.164383561643836,basic_sir,3.143105854347153e-07,2.1376738511282394e-207,0.9999996856894146,15.0,780.0,52.0,,
9.167123287671233,basic_sir,3.143105854347153e-07,1.8538289503029944e-207,0.9999996856894146,15.0,780.0,52.0,,
9.169863013698631,basic_sir,3.143105854347153e-07,1.6076735818082556e-207,0.9999996856894146,15.0,780.0,52.0,,
9.172602739726027,basic_sir,3.143105854347153e-07,1.3942032490225104e-207,0.9999996856894146,15.0,780.0,52.0,,
9.175342465753424,basic_sir,3.143105854347153e-07,1.2090779630766851e-207,0.9999996856894146,15.0,780.0,52.0,,
9.178082191780822,basic_sir,3.143105854347153e-07,1.0485340080956361e-207,0.9999996856894146,15.0,780.0,52.0,,
9.180821917808219,basic_sir,3.143105854347153e-07,9.093074224391192e-208,0.9999996856894146,15.0,780.0,52.0,,
9.183561643835617,basic_sir,3.143105854347153e-07,7.885676402661637e-208,0.9999996856894146,15.0,780.0,52.0,,
9.186301369863013,basic_sir,3.143105854347153e-07,6.838599443156279e-208,0.9999996856894146,15.0,780.0,52.0,,
9.189041095890412,basic_sir,3.143105854347153e-07,5.930555599282272e-208,0.9999996856894146,15.0,780.0,52.0,,
9.191780821917808,basic_sir,3.143105854347153e-07,5.143083756920341e-208,0.9999996856894146,15.0,780.0,52.0,,
9.194520547945206,basic_sir,3.143105854347153e-07,4.460174108121775e-208,0.9999996856894146,15.0,780.0,52.0,,
9.197260273972603,basic_sir,3.143105854347153e-07,3.867942661442025e-208,0.9999996856894146,15.0,780.0,52.0,,
9.2,basic_sir,3.143105854347153e-07,3.3543489714807197e-208,0.9999996856894146,15.0,780.0,52.0,,
9.202739726027398,basic_sir,3.143105854347153e-07,2.9089513489007987e-208,0.9999996856894146,15.0,780.0,52.0,,
9.205479452054794,basic_sir,3.143105854347153e-07,2.5226945741835424e-208,0.9999996856894146,15.0,780.0,52.0,,
9.208219178082192,basic_sir,3.143105854347153e-07,2.187725799202262e-208,0.9999996856894146,15.0,780.0,52.0,,
9.210958904109589,basic_sir,3.143105854347153e-07,1.8972348937820304e-208,0.9999996856894146,15.0,780.0,52.0,,
9.213698630136987,basic_sir,3.143105854347153e-07,1.64531599138078e-208,0.9999996856894146,15.0,780.0,52.0,,
9.216438356164383,basic_sir,3.143105854347153e-07,1.4268474190337017e-208,0.9999996856894146,15.0,780.0,52.0,,
9.219178082191782,basic_sir,3.143105854347153e-07,1.2373875704534957e-208,0.9999996856894146,15.0,780.0,52.0,,
9.221917808219178,basic_sir,3.143105854347153e-07,1.0730846053251201e-208,0.9999996856894146,15.0,780.0,52.0,,
9.224657534246575,basic_sir,3.143105854347153e-07,9.305981389191963e-209,0.9999996856894146,15.0,780.0,52.0,,
9.227397260273973,basic_sir,3.143105854347153e-07,8.070313299270653e-209,0.9999996856894146,15.0,780.0,52.0,,
9.23013698630137,basic_sir,3.143105854347153e-07,6.998719858179945e-209,0.9999996856894146,15.0,780.0,52.0,,
9.232876712328768,basic_sir,3.143105854347153e-07,6.069414883521871e-209,0.9999996856894146,15.0,780.0,52.0,,
9.235616438356164,basic_sir,3.143105854347153e-07,5.263505008743138e-209,0.9999996856894146,15.0,780.0,52.0,,
9.238356164383562,basic_sir,3.143105854347153e-07,4.56460556886261e-209,0.9999996856894146,15.0,780.0,52.0,,
9.241095890410959,basic_sir,3.143105854347153e-07,3.958507489720956e-209,0.9999996856894146,15.0,780.0,52.0,,
9.243835616438357,basic_sir,3.143105854347153e-07,3.4328884083800454e-209,0.9999996856894146,15.0,780.0,52.0,,
9.246575342465754,basic_sir,3.143105854347153e-07,2.9770621515792305e-209,0.9999996856894146,15.0,780.0,52.0,,
9.24931506849315,basic_sir,3.143105854347153e-07,2.581761478972133e-209,0.9999996856894146,15.0,780.0,52.0,,
9.252054794520548,basic_sir,3.143105854347153e-07,2.2389496741839747e-209,0.9999996856894146,15.0,780.0,52.0,,
9.254794520547945,basic_sir,3.143105854347153e-07,1.941657153210278e-209,0.9999996856894146,15.0,780.0,52.0,,
9.257534246575343,basic_sir,3.143105854347153e-07,1.6838397682995482e-209,0.9999996856894146,15.0,780.0,52.0,,
9.26027397260274,basic_sir,3.143105854347153e-07,1.4602559265519717e-209,0.9999996856894146,15.0,780.0,52.0,,
9.263013698630138,basic_sir,3.143105854347153e-07,1.266360024970395e-209,0.9999996856894146,15.0,780.0,52.0,,
9.265753424657534,basic_sir,3.143105854347153e-07,1.0982100354352455e-209,0.9999996856894146,15.0,780.0,52.0,,
9.268493150684932,basic_sir,3.143105854347153e-07,9.523873607418767e-210,0.9999996856894146,15.0,780.0,52.0,,
9.271232876712329,basic_sir,3.143105854347153e-07,8.259273323262614e-210,0.9999996856894146,15.0,780.0,52.0,,
9.273972602739725,basic_sir,3.143105854347153e-07,7.162589366496832e-210,0.9999996856894146,15.0,780.0,52.0,,
9.276712328767124,basic_sir,3.143105854347153e-07,6.211525448437747e-210,0.9999996856894146,15.0,780.0,52.0,,
9.27945205479452,basic_sir,3.143105854347153e-07,5.386745829248061e-210,0.9999996856894146,15.0,780.0,52.0,,
9.282191780821918,basic_sir,3.143105854347153e-07,4.671482209932303e-210,0.9999996856894146,15.0,780.0,52.0,,
9.284931506849315,basic_sir,3.143105854347153e-07,4.0511928220608576e-210,0.9999996856894146,15.0,780.0,52.0,,
9.287671232876713,basic_sir,3.143105854347153e-07,3.5132667842812436e-210,0.9999996856894146,15.0,780.0,52.0,,
9.29041095890411,basic_sir,3.143105854347153e-07,3.046767715009935e-210,0.9999996856894146,15.0,780.0,52.0,,
9.293150684931508,basic_sir,3.143105854347153e-07,2.6422113887730592e-210,0.9999996856894146,15.0,780.0,52.0,,
9.295890410958904,basic_sir,3.143105854347153e-07,2.2913729158180797e-210,0.9999996856894146,15.0,780.0,52.0,,
9.2986301369863,basic_sir,3.143105854347153e-07,1.987119524824517e-210,0.9999996856894146,15.0,780.0,52.0,,
9.301369863013699,basic_sir,3.143105854347153e-07,1.723265549086182e-210,0.9999996856894146,15.0,780.0,52.0,,
9.304109589041095,basic_sir,3.143105854347153e-07,1.4944466679375138e-210,0.9999996856894146,15.0,780.0,52.0,,
9.306849315068494,basic_sir,3.143105854347153e-07,1.2960108466705257e-210,0.9999996856894146,15.0,780.0,52.0,,
9.30958904109589,basic_sir,3.143105854347153e-07,1.1239237576847659e-210,0.9999996856894146,15.0,780.0,52.0,,
9.312328767123288,basic_sir,3.143105854347153e-07,9.746867600169568e-211,0.9999996856894146,15.0,780.0,52.0,,
9.315068493150685,basic_sir,3.143105854347153e-07,8.45265769725723e-211,0.9999996856894146,15.0,780.0,52.0,,
9.317808219178083,basic_sir,3.143105854347153e-07,7.330295750170271e-211,0.9999996856894146,15.0,780.0,52.0,,
9.32054794520548,basic_sir,3.143105854347153e-07,6.3569634202039184e-211,0.9999996856894146,15.0,780.0,52.0,,
9.323287671232876,basic_sir,3.143105854347153e-07,5.51287223641311e-211,0.9999996856894146,15.0,780.0,52.0,,
9.326027397260274,basic_sir,3.143105854347153e-07,4.780861283300695e-211,0.9999996856894146,15.0,780.0,52.0,,
9.32876712328767,basic_sir,3.143105854347153e-07,4.1460483083927045e-211,0.9999996856894146,15.0,780.0,52.0,,
9.331506849315069,basic_sir,3.143105854347153e-07,3.5955271564910746e-211,0.9999996856894146,15.0,780.0,52.0,,
9.334246575342465,basic_sir,3.143105854347153e-07,3.1181053792587628e-211,0.9999996856894146,15.0,780.0,52.0,,
9.336986301369864,basic_sir,3.143105854347153e-07,2.704076685558937e-211,0.9999996856894146,15.0,780.0,52.0,,
9.33972602739726,basic_sir,3.143105854347153e-07,2.3450236063292707e-211,0.9999996856894146,15.0,780.0,52.0,,
9.342465753424658,basic_sir,3.143105854347153e-07,2.0336463620314634e-211,0.9999996856894146,15.0,780.0,52.0,,
9.345205479452055,basic_sir,3.143105854347153e-07,1.7636144534501893e-211,0.9999996856894146,15.0,780.0,52.0,,
9.347945205479451,basic_sir,3.143105854347153e-07,1.5294379585796875e-211,0.9999996856894146,15.0,780.0,52.0,,
9.35068493150685,basic_sir,3.143105854347153e-07,1.3263559189867192e-211,0.9999996856894146,15.0,780.0,52.0,,
9.353424657534246,basic_sir,3.143105854347153e-07,1.150239546470369e-211,0.9999996856894146,15.0,780.0,52.0,,
9.356164383561644,basic_sir,3.143105854347153e-07,9.975082821472187e-212,0.9999996856894146,15.0,780.0,52.0,,
9.35890410958904,basic_sir,3.143105854347153e-07,8.65057001392205e-212,0.9999996856894146,15.0,780.0,52.0,,
9.361643835616439,basic_sir,3.143105854347153e-07,7.501928846613445e-212,0.9999996856894146,15.0,780.0,52.0,,
9.364383561643836,basic_sir,3.143105854347153e-07,6.505806707428754e-212,0.9999996856894146,15.0,780.0,52.0,,
9.367123287671234,basic_sir,3.143105854347153e-07,5.64195179397467e-212,0.9999996856894146,15.0,780.0,52.0,,
9.36986301369863,basic_sir,3.143105854347153e-07,4.892801381447365e-212,0.9999996856894146,15.0,780.0,52.0,,
9.372602739726027,basic_sir,3.143105854347153e-07,4.2431247611614603e-212,0.9999996856894146,15.0,780.0,52.0,,
9.375342465753425,basic_sir,3.143105854347153e-07,3.679713590469504e-212,0.9999996856894146,15.0,780.0,52.0,,
9.378082191780821,basic_sir,3.143105854347153e-07,3.191113358679765e-212,0.9999996856894146,15.0,780.0,52.0,,
9.38082191780822,basic_sir,3.143105854347153e-07,2.767390509500009e-212,0.9999996856894146,15.0,780.0,52.0,,
9.383561643835616,basic_sir,3.143105854347153e-07,2.3999304854653925e-212,0.9999996856894146,15.0,780.0,52.0,,
9.386301369863014,basic_sir,3.143105854347153e-07,2.0812625884542167e-212,0.9999996856894146,15.0,780.0,52.0,,
9.389041095890411,basic_sir,3.143105854347153e-07,1.8049080956024254e-212,0.9999996856894146,15.0,780.0,52.0,,
9.39178082191781,basic_sir,3.143105854347153e-07,1.5652485427081107e-212,0.9999996856894146,15.0,780.0,52.0,,
9.394520547945206,basic_sir,3.143105854347153e-07,1.3574114972498651e-212,0.9999996856894146,15.0,780.0,52.0,,
9.397260273972602,basic_sir,3.143105854347153e-07,1.1771714987053812e-212,0.9999996856894146,15.0,780.0,52.0,,
9.4,basic_sir,3.143105854347153e-07,1.0208641522277211e-212,0.9999996856894146,15.0,780.0,52.0,,
9.402739726027397,basic_sir,3.143105854347153e-07,8.853116291465273e-213,0.9999996856894146,15.0,780.0,52.0,,
9.405479452054795,basic_sir,3.143105854347153e-07,7.677580596709709e-213,0.9999996856894146,15.0,780.0,52.0,,
9.408219178082192,basic_sir,3.143105854347153e-07,6.658135042889273e-213,0.9999996856894146,15.0,780.0,52.0,,
9.41095890410959,basic_sir,3.143105854347153e-07,5.774053647622321e-213,0.9999996856894146,15.0,780.0,52.0,,
9.413698630136986,basic_sir,3.143105854347153e-07,5.007362468748617e-213,0.9999996856894146,15.0,780.0,52.0,,
9.416438356164385,basic_sir,3.143105854347153e-07,4.342474182545036e-213,0.9999996856894146,15.0,780.0,52.0,,
9.419178082191781,basic_sir,3.143105854347153e-07,3.765871183434514e-213,0.9999996856894146,15.0,780.0,52.0,,
9.421917808219177,basic_sir,3.143105854347153e-07,3.2658307623859746e-213,0.9999996856894146,15.0,780.0,52.0,,
9.424657534246576,basic_sir,3.143105854347153e-07,2.8321867767177277e-213,0.9999996856894146,15.0,780.0,52.0,,
9.427397260273972,basic_sir,3.143105854347153e-07,2.4561229658928336e-213,0.9999996856894146,15.0,780.0,52.0,,
9.43013698630137,basic_sir,3.143105854347153e-07,2.1299937112823014e-213,0.9999996856894146,15.0,780.0,52.0,,
9.432876712328767,basic_sir,3.143105854347153e-07,1.847168595833457e-213,0.9999996856894146,15.0,780.0,52.0,,
9.435616438356165,basic_sir,3.143105854347153e-07,1.601897603434197e-213,0.9999996856894146,15.0,780.0,52.0,,
9.438356164383562,basic_sir,3.143105854347153e-07,1.3891942173966137e-213,0.9999996856894146,15.0,780.0,52.0,,
9.441095890410958,basic_sir,3.143105854347153e-07,1.2047340413712437e-213,0.9999996856894146,15.0,780.0,52.0,,
9.443835616438356,basic_sir,3.143105854347153e-07,1.0447668815944881e-213,0.9999996856894146,15.0,780.0,52.0,,
9.446575342465753,basic_sir,3.143105854347153e-07,9.060405030427873e-214,0.9999996856894146,15.0,780.0,52.0,,
9.449315068493151,basic_sir,3.143105854347153e-07,7.857345094066411e-214,0.9999996856894146,15.0,780.0,52.0,,
9.452054794520548,basic_sir,3.143105854347153e-07,6.814030026242618e-214,0.9999996856894146,15.0,780.0,52.0,,
9.454794520547946,basic_sir,3.143105854347153e-07,5.90924856203589e-214,0.9999996856894146,15.0,780.0,52.0,,
9.457534246575342,basic_sir,3.143105854347153e-07,5.1246059135993504e-214,0.9999996856894146,15.0,780.0,52.0,,
9.46027397260274,basic_sir,3.143105854347153e-07,4.444149792312545e-214,0.9999996856894146,15.0,780.0,52.0,,
9.463013698630137,basic_sir,3.143105854347153e-07,3.854046088519888e-214,0.9999996856894146,15.0,780.0,52.0,,
9.465753424657533,basic_sir,3.143105854347153e-07,3.3422976151994715e-214,0.9999996856894146,15.0,780.0,52.0,,
9.468493150684932,basic_sir,3.143105854347153e-07,2.8985001974527887e-214,0.9999996856894146,15.0,780.0,52.0,,
9.471232876712328,basic_sir,3.143105854347153e-07,2.5136311489523753e-214,0.9999996856894146,15.0,780.0,52.0,,
9.473972602739726,basic_sir,3.143105854347153e-07,2.179865834936162e-214,0.9999996856894146,15.0,780.0,52.0,,
9.476712328767123,basic_sir,3.143105854347153e-07,1.8904185923630123e-214,0.9999996856894146,15.0,780.0,52.0,,
9.479452054794521,basic_sir,3.143105854347153e-07,1.639404773026354e-214,0.9999996856894146,15.0,780.0,52.0,,
9.482191780821918,basic_sir,3.143105854347153e-07,1.4217211048809542e-214,0.9999996856894146,15.0,780.0,52.0,,
9.484931506849316,basic_sir,3.143105854347153e-07,1.2329419392456786e-214,0.9999996856894146,15.0,780.0,52.0,,
9.487671232876712,basic_sir,3.143105854347153e-07,1.0692292745266112e-214,0.9999996856894146,15.0,780.0,52.0,,
9.490410958904109,basic_sir,3.143105854347153e-07,9.272547271805447e-215,0.9999996856894146,15.0,780.0,52.0,,
9.493150684931507,basic_sir,3.143105854347153e-07,8.041318635418526e-215,0.9999996856894146,15.0,780.0,52.0,,
9.495890410958904,basic_sir,3.143105854347153e-07,6.973575167737572e-215,0.9999996856894146,15.0,780.0,52.0,,
9.498630136986302,basic_sir,3.143105854347153e-07,6.047608958794919e-215,0.9999996856894146,15.0,780.0,52.0,,
9.501369863013698,basic_sir,3.143105854347153e-07,5.244594521287058e-215,0.9999996856894146,15.0,780.0,52.0,,
9.504109589041096,basic_sir,3.143105854347153e-07,4.5482060563308374e-215,0.9999996856894146,15.0,780.0,52.0,,
9.506849315068493,basic_sir,3.143105854347153e-07,3.9442855394986563e-215,0.9999996856894146,15.0,780.0,52.0,,
9.509589041095891,basic_sir,3.143105854347153e-07,3.420554879091679e-215,0.9999996856894146,15.0,780.0,52.0,,
9.512328767123288,basic_sir,3.143105854347153e-07,2.966366294658814e-215,0.9999996856894146,15.0,780.0,52.0,,
9.515068493150684,basic_sir,3.143105854347153e-07,2.572485840783968e-215,0.9999996856894146,15.0,780.0,52.0,,
9.517808219178082,basic_sir,3.143105854347153e-07,2.230905675050674e-215,0.9999996856894146,15.0,780.0,52.0,,
9.520547945205479,basic_sir,3.143105854347153e-07,1.9346812534668936e-215,0.9999996856894146,15.0,780.0,52.0,,
9.523287671232877,basic_sir,3.143105854347153e-07,1.6777901434272272e-215,0.9999996856894146,15.0,780.0,52.0,,
9.526027397260274,basic_sir,3.143105854347153e-07,1.4550095837944631e-215,0.9999996856894146,15.0,780.0,52.0,,
9.528767123287672,basic_sir,3.143105854347153e-07,1.261810302812383e-215,0.9999996856894146,15.0,780.0,52.0,,
9.531506849315068,basic_sir,3.143105854347153e-07,1.0942644351052857e-215,0.9999996856894146,15.0,780.0,52.0,,
9.534246575342467,basic_sir,3.143105854347153e-07,9.489656656530101e-216,0.9999996856894146,15.0,780.0,52.0,,
9.536986301369863,basic_sir,3.143105854347153e-07,8.229599772213175e-216,0.9999996856894146,15.0,780.0,52.0,,
9.53972602739726,basic_sir,3.143105854347153e-07,7.13685593294956e-216,0.9999996856894146,15.0,780.0,52.0,,
9.542465753424658,basic_sir,3.143105854347153e-07,6.189208955173143e-216,0.9999996856894146,15.0,780.0,52.0,,
9.545205479452054,basic_sir,3.143105854347153e-07,5.367392567635524e-216,0.9999996856894146,15.0,780.0,52.0,,
9.547945205479452,basic_sir,3.143105854347153e-07,4.6546987157424994e-216,0.9999996856894146,15.0,780.0,52.0,,
9.550684931506849,basic_sir,3.143105854347153e-07,4.03663787608541e-216,0.9999996856894146,15.0,780.0,52.0,,
9.553424657534247,basic_sir,3.143105854347153e-07,3.500644475127236e-216,0.9999996856894146,15.0,780.0,52.0,,
9.556164383561644,basic_sir,3.143105854347153e-07,3.0358214230313796e-216,0.9999996856894146,15.0,780.0,52.0,,
9.558904109589042,basic_sir,3.143105854347153e-07,2.6327185688287992e-216,0.9999996856894146,15.0,780.0,52.0,,
9.561643835616438,basic_sir,3.143105854347153e-07,2.2831405727862392e-216,0.9999996856894146,15.0,780.0,52.0,,
9.564383561643835,basic_sir,3.143105854347153e-07,1.979980289887814e-216,0.9999996856894146,15.0,780.0,52.0,,
9.567123287671233,basic_sir,3.143105854347153e-07,1.7170742770164565e-216,0.9999996856894146,15.0,780.0,52.0,,
9.56986301369863,basic_sir,3.143105854347153e-07,1.4890774862000836e-216,0.9999996856894146,15.0,780.0,52.0,,
9.572602739726028,basic_sir,3.143105854347153e-07,1.2913545963547763e-216,0.9999996856894146,15.0,780.0,52.0,,
9.575342465753424,basic_sir,3.143105854347153e-07,1.1198857742334373e-216,0.9999996856894146,15.0,780.0,52.0,,
9.578082191780823,basic_sir,3.143105854347153e-07,9.711849486349417e-217,0.9999996856894146,15.0,780.0,52.0,,
9.580821917808219,basic_sir,3.143105854347153e-07,8.422289363401932e-217,0.9999996856894146,15.0,780.0,52.0,,
9.583561643835617,basic_sir,3.143105854347153e-07,7.303959788562423e-217,0.9999996856894146,15.0,780.0,52.0,,
9.586301369863014,basic_sir,3.143105854347153e-07,6.334124403841844e-217,0.9999996856894146,15.0,780.0,52.0,,
9.58904109589041,basic_sir,3.143105854347153e-07,5.493065833436291e-217,0.9999996856894146,15.0,780.0,52.0,,
9.591780821917808,basic_sir,3.143105854347153e-07,4.763684816825038e-217,0.9999996856894146,15.0,780.0,52.0,,
9.594520547945205,basic_sir,3.143105854347153e-07,4.1311525698310545e-217,0.9999996856894146,15.0,780.0,52.0,,
9.597260273972603,basic_sir,3.143105854347153e-07,3.5826093059185215e-217,0.9999996856894146,15.0,780.0,52.0,,
9.6,basic_sir,3.143105854347153e-07,3.106902788482603e-217,0.9999996856894146,15.0,780.0,52.0,,
9.602739726027398,basic_sir,3.143105854347153e-07,2.694361598718969e-217,0.9999996856894146,15.0,780.0,52.0,,
9.605479452054794,basic_sir,3.143105854347153e-07,2.33659850947498e-217,0.9999996856894146,15.0,780.0,52.0,,
9.608219178082193,basic_sir,3.143105854347153e-07,2.02633996753665e-217,0.9999996856894146,15.0,780.0,52.0,,
9.610958904109589,basic_sir,3.143105854347153e-07,1.7572782176255942e-217,0.9999996856894146,15.0,780.0,52.0,,
9.613698630136986,basic_sir,3.143105854347153e-07,1.5239430616844565e-217,0.9999996856894146,15.0,780.0,52.0,,
9.616438356164384,basic_sir,3.143105854347153e-07,1.3215906462403964e-217,0.9999996856894146,15.0,780.0,52.0,,
9.61917808219178,basic_sir,3.143105854347153e-07,1.1461070168197113e-217,0.9999996856894146,15.0,780.0,52.0,,
9.621917808219179,basic_sir,3.143105854347153e-07,9.939244786122078e-218,0.9999996856894146,15.0,780.0,52.0,,
9.624657534246575,basic_sir,3.143105854347153e-07,8.619490629469201e-218,0.9999996856894146,15.0,780.0,52.0,,
9.627397260273973,basic_sir,3.143105854347153e-07,7.474976249225459e-218,0.9999996856894146,15.0,780.0,52.0,,
9.63013698630137,basic_sir,3.143105854347153e-07,6.482432933502794e-218,0.9999996856894146,15.0,780.0,52.0,,
9.632876712328768,basic_sir,3.143105854347153e-07,5.621681639685742e-218,0.9999996856894146,15.0,780.0,52.0,,
9.635616438356164,basic_sir,3.143105854347153e-07,4.875222741549567e-218,0.9999996856894146,15.0,780.0,52.0,,
9.638356164383561,basic_sir,3.143105854347153e-07,4.227880250623854e-218,0.9999996856894146,15.0,780.0,52.0,,
9.64109589041096,basic_sir,3.143105854347153e-07,3.66649327860907e-218,0.9999996856894146,15.0,780.0,52.0,,
9.643835616438356,basic_sir,3.143105854347153e-07,3.1796484680716997e-218,0.9999996856894146,15.0,780.0,52.0,,
9.646575342465754,basic_sir,3.143105854347153e-07,2.757447951560186e-218,0.9999996856894146,15.0,780.0,52.0,,
9.64931506849315,basic_sir,3.143105854347153e-07,2.3913081216098487e-218,0.9999996856894146,15.0,780.0,52.0,,
9.652054794520549,basic_sir,3.143105854347153e-07,2.0737851204920133e-218,0.9999996856894146,15.0,780.0,52.0,,
9.654794520547945,basic_sir,3.143105854347153e-07,1.7984235018109174e-218,0.9999996856894146,15.0,780.0,52.0,,
9.657534246575343,basic_sir,3.143105854347153e-07,1.5596249871337622e-218,0.9999996856894146,15.0,780.0,52.0,,
9.66027397260274,basic_sir,3.143105854347153e-07,1.3525346493987006e-218,0.9999996856894146,15.0,780.0,52.0,,
9.663013698630136,basic_sir,3.143105854347153e-07,1.172942209130669e-218,0.9999996856894146,15.0,780.0,52.0,,
9.665753424657535,basic_sir,3.143105854347153e-07,1.0171964367580871e-218,0.9999996856894146,15.0,780.0,52.0,,
9.668493150684931,basic_sir,3.143105854347153e-07,8.82130920772566e-219,0.9999996856894146,15.0,780.0,52.0,,
9.67123287671233,basic_sir,3.143105854347153e-07,7.649996925500895e-219,0.9999996856894146,15.0,780.0,52.0,,
9.673972602739726,basic_sir,3.143105854347153e-07,6.634213990472623e-219,0.9999996856894146,15.0,780.0,52.0,,
9.676712328767124,basic_sir,3.143105854347153e-07,5.753308883649887e-219,0.9999996856894146,15.0,780.0,52.0,,
9.67945205479452,basic_sir,3.143105854347153e-07,4.9893722388550324e-219,0.9999996856894146,15.0,780.0,52.0,,
9.682191780821919,basic_sir,3.143105854347153e-07,4.326872733810596e-219,0.9999996856894146,15.0,780.0,52.0,,
9.684931506849315,basic_sir,3.143105854347153e-07,3.752341328393574e-219,0.9999996856894146,15.0,780.0,52.0,,
9.687671232876712,basic_sir,3.143105854347153e-07,3.254097430402211e-219,0.9999996856894146,15.0,780.0,52.0,,
9.69041095890411,basic_sir,3.143105854347153e-07,2.8220114216215634e-219,0.9999996856894146,15.0,780.0,52.0,,
9.693150684931506,basic_sir,3.143105854347153e-07,2.4472987161847094e-219,0.9999996856894146,15.0,780.0,52.0,,
9.695890410958905,basic_sir,3.143105854347153e-07,2.1223411643023266e-219,0.9999996856894146,15.0,780.0,52.0,,
9.698630136986301,basic_sir,3.143105854347153e-07,1.8405321703901913e-219,0.9999996856894146,15.0,780.0,52.0,,
9.7013698630137,basic_sir,3.143105854347153e-07,1.5961423767391806e-219,0.9999996856894146,15.0,780.0,52.0,,
9.704109589041096,basic_sir,3.143105854347153e-07,1.3842031819974826e-219,0.9999996856894146,15.0,780.0,52.0,,
9.706849315068494,basic_sir,3.143105854347153e-07,1.2004057263150204e-219,0.9999996856894146,15.0,780.0,52.0,,
9.70958904109589,basic_sir,3.143105854347153e-07,1.0410132894584296e-219,0.9999996856894146,15.0,780.0,52.0,,
9.712328767123287,basic_sir,3.143105854347153e-07,9.027853208896342e-220,0.9999996856894146,15.0,780.0,52.0,,
9.715068493150685,basic_sir,3.143105854347153e-07,7.829115572940728e-220,0.9999996856894146,15.0,780.0,52.0,,
9.717808219178082,basic_sir,3.143105854347153e-07,6.78954888124084e-220,0.9999996856894146,15.0,780.0,52.0,,
9.72054794520548,basic_sir,3.143105854347153e-07,5.888018075768349e-220,0.9999996856894146,15.0,780.0,52.0,,
9.723287671232876,basic_sir,3.143105854347153e-07,5.106194456654689e-220,0.9999996856894146,15.0,780.0,52.0,,
9.726027397260275,basic_sir,3.143105854347153e-07,4.4281830479547685e-220,0.9999996856894146,15.0,780.0,52.0,,
9.728767123287671,basic_sir,3.143105854347153e-07,3.8401994425888864e-220,0.9999996856894146,15.0,780.0,52.0,,
9.73150684931507,basic_sir,3.143105854347153e-07,3.3302895564965056e-220,0.9999996856894146,15.0,780.0,52.0,,
9.734246575342466,basic_sir,3.143105854347153e-07,2.888086594438384e-220,0.9999996856894146,15.0,780.0,52.0,,
9.736986301369862,basic_sir,3.143105854347153e-07,2.5046002863935813e-220,0.9999996856894146,15.0,780.0,52.0,,
9.73972602739726,basic_sir,3.143105854347153e-07,2.1720341096012326e-220,0.9999996856894146,15.0,780.0,52.0,,
9.742465753424657,basic_sir,3.143105854347153e-07,1.883626780249555e-220,0.9999996856894146,15.0,780.0,52.0,,
9.745205479452055,basic_sir,3.143105854347153e-07,1.6335147922351783e-220,0.9999996856894146,15.0,780.0,52.0,,
9.747945205479452,basic_sir,3.143105854347153e-07,1.4166132083224367e-220,0.9999996856894146,15.0,780.0,52.0,,
9.75068493150685,basic_sir,3.143105854347153e-07,1.2285122801045826e-220,0.9999996856894146,15.0,780.0,52.0,,
9.753424657534246,basic_sir,3.143105854347153e-07,1.0653877949896819e-220,0.9999996856894146,15.0,780.0,52.0,,
9.756164383561645,basic_sir,3.143105854347153e-07,9.239233275032835e-221,0.9999996856894146,15.0,780.0,52.0,,
9.758904109589041,basic_sir,3.143105854347153e-07,8.012428142309304e-221,0.9999996856894146,15.0,780.0,52.0,,
9.761643835616438,basic_sir,3.143105854347153e-07,6.948520816024313e-221,0.9999996856894146,15.0,780.0,52.0,,
9.764383561643836,basic_sir,3.143105854347153e-07,6.025881377427633e-221,0.9999996856894146,15.0,780.0,52.0,,
9.767123287671232,basic_sir,3.143105854347153e-07,5.225751974591977e-221,0.9999996856894146,15.0,780.0,52.0,,
9.76986301369863,basic_sir,3.143105854347153e-07,4.531865463240672e-221,0.9999996856894146,15.0,780.0,52.0,,
9.772602739726027,basic_sir,3.143105854347153e-07,3.930114685268634e-221,0.9999996856894146,15.0,780.0,52.0,,
9.775342465753425,basic_sir,3.143105854347153e-07,3.4082656611605753e-221,0.9999996856894146,15.0,780.0,52.0,,
9.778082191780822,basic_sir,3.143105854347153e-07,2.955708865338977e-221,0.9999996856894146,15.0,780.0,52.0,,
9.78082191780822,basic_sir,3.143105854347153e-07,2.5632435276972455e-221,0.9999996856894146,15.0,780.0,52.0,,
9.783561643835617,basic_sir,3.143105854347153e-07,2.2228905760408568e-221,0.9999996856894146,15.0,780.0,52.0,,
9.786301369863013,basic_sir,3.143105854347153e-07,1.927730416426855e-221,0.9999996856894146,15.0,780.0,52.0,,
9.789041095890411,basic_sir,3.143105854347153e-07,1.6717622533789582e-221,0.9999996856894146,15.0,780.0,52.0,,
9.791780821917808,basic_sir,3.143105854347153e-07,1.4497820898646356e-221,0.9999996856894146,15.0,780.0,52.0,,
9.794520547945206,basic_sir,3.143105854347153e-07,1.2572769266944446e-221,0.9999996856894146,15.0,780.0,52.0,,
9.797260273972602,basic_sir,3.143105854347153e-07,1.0903330103532773e-221,0.9999996856894146,15.0,780.0,52.0,,
9.8,basic_sir,3.143105854347153e-07,9.455562638785703e-222,0.9999996856894146,15.0,780.0,52.0,,
9.802739726027397,basic_sir,3.143105854347153e-07,8.200032830982477e-222,0.9999996856894146,15.0,780.0,52.0,,
9.805479452054795,basic_sir,3.143105854347153e-07,7.111214953340885e-222,0.9999996856894146,15.0,780.0,52.0,,
9.808219178082192,basic_sir,3.143105854347153e-07,6.16697263961622e-222,0.9999996856894146,15.0,780.0,52.0,,
9.810958904109588,basic_sir,3.143105854347153e-07,5.348108837563353e-222,0.9999996856894146,15.0,780.0,52.0,,
9.813698630136987,basic_sir,3.143105854347153e-07,4.637975520546586e-222,0.9999996856894146,15.0,780.0,52.0,,
9.816438356164383,basic_sir,3.143105854347153e-07,4.0221352224746215e-222,0.9999996856894146,15.0,780.0,52.0,,
9.819178082191781,basic_sir,3.143105854347153e-07,3.4880675148459925e-222,0.9999996856894146,15.0,780.0,52.0,,
9.821917808219178,basic_sir,3.143105854347153e-07,3.02491445840538e-222,0.9999996856894146,15.0,780.0,52.0,,
9.824657534246576,basic_sir,3.143105854347153e-07,2.6232598542672038e-222,0.9999996856894146,15.0,780.0,52.0,,
9.827397260273973,basic_sir,3.143105854347153e-07,2.2749378065514912e-222,0.9999996856894146,15.0,780.0,52.0,,
9.83013698630137,basic_sir,3.143105854347153e-07,1.9728667044777163e-222,0.9999996856894146,15.0,780.0,52.0,,
9.832876712328767,basic_sir,3.143105854347153e-07,1.7109052486745543e-222,0.9999996856894146,15.0,780.0,52.0,,
9.835616438356164,basic_sir,3.143105854347153e-07,1.4837275946207754e-222,0.9999996856894146,15.0,780.0,52.0,,
9.838356164383562,basic_sir,3.143105854347153e-07,1.2867150748087423e-222,0.9999996856894146,15.0,780.0,52.0,,
9.841095890410958,basic_sir,3.143105854347153e-07,1.1158622982700424e-222,0.9999996856894146,15.0,780.0,52.0,,
9.843835616438357,basic_sir,3.143105854347153e-07,9.676957184056192e-223,0.9999996856894146,15.0,780.0,52.0,,
9.846575342465753,basic_sir,3.143105854347153e-07,8.392030135550236e-223,0.9999996856894146,15.0,780.0,52.0,,
9.849315068493151,basic_sir,3.143105854347153e-07,7.277718445629929e-223,0.9999996856894146,15.0,780.0,52.0,,
9.852054794520548,basic_sir,3.143105854347153e-07,6.3113674424852685e-223,0.9999996856894146,15.0,780.0,52.0,,
9.854794520547946,basic_sir,3.143105854347153e-07,5.4733305900255324e-223,0.9999996856894146,15.0,780.0,52.0,,
9.857534246575343,basic_sir,3.143105854347153e-07,4.746570061196676e-223,0.9999996856894146,15.0,780.0,52.0,,
9.860273972602739,basic_sir,3.143105854347153e-07,4.116310348018557e-223,0.9999996856894146,15.0,780.0,52.0,,
9.863013698630137,basic_sir,3.143105854347153e-07,3.569737866026836e-223,0.9999996856894146,15.0,780.0,52.0,,
9.865753424657534,basic_sir,3.143105854347153e-07,3.0957404458779546e-223,0.9999996856894146,15.0,780.0,52.0,,
9.868493150684932,basic_sir,3.143105854347153e-07,2.6846814158123134e-223,0.9999996856894146,15.0,780.0,52.0,,
9.871232876712329,basic_sir,3.143105854347153e-07,2.3282036819351683e-223,0.9999996856894146,15.0,780.0,52.0,,
9.873972602739727,basic_sir,3.143105854347153e-07,2.0190598231320733e-223,0.9999996856894146,15.0,780.0,52.0,,
9.876712328767123,basic_sir,3.143105854347153e-07,1.7509647463481734e-223,0.9999996856894146,15.0,780.0,52.0,,
9.879452054794521,basic_sir,3.143105854347153e-07,1.518467906611052e-223,0.9999996856894146,15.0,780.0,52.0,,
9.882191780821918,basic_sir,3.143105854347153e-07,1.3168424939547436e-223,0.9999996856894146,15.0,780.0,52.0,,
9.884931506849314,basic_sir,3.143105854347153e-07,1.1419893343383803e-223,0.9999996856894146,15.0,780.0,52.0,,
9.887671232876713,basic_sir,3.143105854347153e-07,9.90353550807661e-224,0.9999996856894146,15.0,780.0,52.0,,
9.89041095890411,basic_sir,3.143105854347153e-07,8.588522905651012e-224,0.9999996856894146,15.0,780.0,52.0,,
9.893150684931507,basic_sir,3.143105854347153e-07,7.448120485934515e-224,0.9999996856894146,15.0,780.0,52.0,,
9.895890410958904,basic_sir,3.143105854347153e-07,6.459143135835596e-224,0.9999996856894146,15.0,780.0,52.0,,
9.898630136986302,basic_sir,3.143105854347153e-07,5.601484311108532e-224,0.9999996856894146,15.0,780.0,52.0,,
9.901369863013699,basic_sir,3.143105854347153e-07,4.857707257409902e-224,0.9999996856894146,15.0,780.0,52.0,,
9.904109589041097,basic_sir,3.143105854347153e-07,4.212690509887502e-224,0.9999996856894146,15.0,780.0,52.0,,
9.906849315068493,basic_sir,3.143105854347153e-07,3.653320464099008e-224,0.9999996856894146,15.0,780.0,52.0,,
9.90958904109589,basic_sir,3.143105854347153e-07,3.1682247680143524e-224,0.9999996856894146,15.0,780.0,52.0,,
9.912328767123288,basic_sir,3.143105854347153e-07,2.747541114801759e-224,0.9999996856894146,15.0,780.0,52.0,,
9.915068493150685,basic_sir,3.143105854347153e-07,2.382716735800922e-224,0.9999996856894146,15.0,780.0,52.0,,
9.917808219178083,basic_sir,3.143105854347153e-07,2.0663345172452162e-224,0.9999996856894146,15.0,780.0,52.0,,
9.92054794520548,basic_sir,3.143105854347153e-07,1.7919622055805105e-224,0.9999996856894146,15.0,780.0,52.0,,
9.923287671232877,basic_sir,3.143105854347153e-07,1.5540216356205793e-224,0.9999996856894146,15.0,780.0,52.0,,
9.926027397260274,basic_sir,3.143105854347153e-07,1.3476753228702968e-224,0.9999996856894146,15.0,780.0,52.0,,
9.928767123287672,basic_sir,3.143105854347153e-07,1.168728114359941e-224,0.9999996856894146,15.0,780.0,52.0,,
9.931506849315069,basic_sir,3.143105854347153e-07,1.0135418984939959e-224,0.9999996856894146,15.0,780.0,52.0,,
9.934246575342465,basic_sir,3.143105854347153e-07,8.78961639906644e-225,0.9999996856894146,15.0,780.0,52.0,,
9.936986301369863,basic_sir,3.143105854347153e-07,7.622512355683165e-225,0.9999996856894146,15.0,780.0,52.0,,
9.93972602739726,basic_sir,3.143105854347153e-07,6.610378880552633e-225,0.9999996856894146,15.0,780.0,52.0,,
9.942465753424658,basic_sir,3.143105854347153e-07,5.732638650545802e-225,0.9999996856894146,15.0,780.0,52.0,,
9.945205479452055,basic_sir,3.143105854347153e-07,4.971446643461871e-225,0.9999996856894146,15.0,780.0,52.0,,
9.947945205479453,basic_sir,3.143105854347153e-07,4.31132733726953e-225,0.9999996856894146,15.0,780.0,52.0,,
9.95068493150685,basic_sir,3.143105854347153e-07,3.738860082816023e-225,0.9999996856894146,15.0,780.0,52.0,,
9.953424657534246,basic_sir,3.143105854347153e-07,3.24240625341344e-225,0.9999996856894146,15.0,780.0,52.0,,
9.956164383561644,basic_sir,3.143105854347153e-07,2.8118726240900976e-225,0.9999996856894146,15.0,780.0,52.0,,
9.95890410958904,basic_sir,3.143105854347153e-07,2.4385061698497427e-225,0.9999996856894146,15.0,780.0,52.0,,
9.961643835616439,basic_sir,3.143105854347153e-07,2.114716111053892e-225,0.9999996856894146,15.0,780.0,52.0,,
9.964383561643835,basic_sir,3.143105854347153e-07,1.833919588002055e-225,0.9999996856894146,15.0,780.0,52.0,,
9.967123287671233,basic_sir,3.143105854347153e-07,1.5904078271674954e-225,0.9999996856894146,15.0,780.0,52.0,,
9.96986301369863,basic_sir,3.143105854347153e-07,1.3792300781690723e-225,0.9999996856894146,15.0,780.0,52.0,,
9.972602739726028,basic_sir,3.143105854347153e-07,1.1960929618373603e-225,0.9999996856894146,15.0,780.0,52.0,,
9.975342465753425,basic_sir,3.143105854347153e-07,1.0372731830617944e-225,0.9999996856894146,15.0,780.0,52.0,,
9.978082191780821,basic_sir,3.143105854347153e-07,8.99541833810613e-226,0.9999996856894146,15.0,780.0,52.0,,
9.98082191780822,basic_sir,3.143105854347153e-07,7.800987473587083e-226,0.9999996856894146,15.0,780.0,52.0,,
9.983561643835616,basic_sir,3.143105854347153e-07,6.765155691011534e-226,0.9999996856894146,15.0,780.0,52.0,,
9.986301369863014,basic_sir,3.143105854347153e-07,5.866863865450688e-226,0.9999996856894146,15.0,780.0,52.0,,
9.98904109589041,basic_sir,3.143105854347153e-07,5.087849147576327e-226,0.9999996856894146,15.0,780.0,52.0,,
9.991780821917809,basic_sir,3.143105854347153e-07,4.4122736682082885e-226,0.9999996856894146,15.0,780.0,52.0,,
9.994520547945205,basic_sir,3.143105854347153e-07,3.8264025442735415e-226,0.9999996856894146,15.0,780.0,52.0,,
9.997260273972604,basic_sir,3.143105854347153e-07,3.3183246398148183e-226,0.9999996856894146,15.0,780.0,52.0,,
10.0,basic_sir,3.143105854347153e-07,2.877710404955237e-226,0.9999996856894146,15.0,780.0,52.0,,
0.0,demographic_sir,0.9999,0.0001,0.0,15.0,,52.0,780.2142857142857,0.014285714285714285
0.0027397260273972603,demographic_sir,0.9992255869093305,0.0007294444531798499,4.496863748966108e-05,15.0,,52.0,780.2142857142857,0.014285714285714285
0.005479452054794521,demographic_sir,0.994330600129067,0.005297122927802472,0.00037227694313047655,15.0,,52.0,780.2142857142857,0.014285714285714285
0.008219178082191782,demographic_sir,0.9600304337439592,0.037257117275702765,0.0027124489803379806,15.0,,52.0,780.2142857142857,0.014285714285714285
0.010958904109589041,demographic_sir,0.7680140769684353,0.21438515293433197,0.01760077009723282,15.0,,52.0,780.2142857142857,0.014285714285714285
0.0136986301369863,demographic_sir,0.32157145656955677,0.6027656985859781,0.07566284484446524,15.0,,52.0,780.2142857142857,0.014285714285714285
0.016438356164383564,demographic_sir,0.07168321192631977,0.7521708249212087,0.1761459631524716,15.0,,52.0,780.2142857142857,0.014285714285714285
0.019178082191780823,demographic_sir,0.015056696299652835,0.7040763561801571,0.2808669475201901,15.0,,52.0,780.2142857142857,0.014285714285714285
0.021917808219178082,demographic_sir,0.0036906142311642076,0.6210016876590642,0.3753076981097717,15.0,,52.0,780.2142857142857,0.014285714285714285
0.024657534246575342,demographic_sir,0.0010929495036157127,0.5409405921089131,0.45796645838747124,15.0,,52.0,780.2142857142857,0.014285714285714285
0.0273972602739726,demographic_sir,0.00039635265559195376,0.4697709968923325,0.5298326504520756,15.0,,52.0,780.2142857142857,0.014285714285714285
0.030136986301369864,demographic_sir,0.00018118007035332334,0.4076119882002176,0.5922068317294291,15.0,,52.0,780.2142857142857,0.014285714285714285
0.03287671232876713,demographic_sir,0.0001074906289503258,0.3535786439068607,0.646313865464189,15.0,,52.0,780.2142857142857,0.014285714285714285
0.03561643835616438,demographic_sir,8.146564660238925e-05,0.3066779358103461,0.6932405985430515,15.0,,52.0,780.2142857142857,0.014285714285714285
0.038356164383561646,demographic_sir,7.371535415111605e-05,0.26598956948579844,0.7339367151600504,15.0,,52.0,780.2142857142857,0.014285714285714285
0.0410958904109589,demographic_sir,7.396059483656723e-05,0.2306979103257087,0.7692281290794547,15.0,,52.0,780.2142857142857,0.014285714285714285
0.043835616438356165,demographic_sir,7.825257371278984e-05,0.20008982641169695,0.7998319210145902,15.0,,52.0,780.2142857142857,0.014285714285714285
0.04657534246575343,demographic_sir,8.495285077856043e-05,0.1735447726938968,0.8263702744553246,15.0,,52.0,780.2142857142857,0.014285714285714285
0.049315068493150684,demographic_sir,9.334053642195149e-05,0.1505237765783648,0.8493828828852132,15.0,,52.0,780.2142857142857,0.014285714285714285
0.052054794520547946,demographic_sir,0.00010308651758393823,0.13055908839519462,0.8693378250872213,15.0,,52.0,780.2142857142857,0.014285714285714285
0.0547945205479452,demographic_sir,0.00011403918451281839,0.11324491948669654,0.8866410413287906,15.0,,52.0,780.2142857142857,0.014285714285714285
0.057534246575342465,demographic_sir,0.00012613086593744308,0.09822929913725702,0.9016445699968055,15.0,,52.0,780.2142857142857,0.014285714285714285
0.06027397260273973,demographic_sir,0.00013933432596237367,0.08520696684666731,0.9146536988273704,15.0,,52.0,780.2142857142857,0.014285714285714285
0.06301369863013699,demographic_sir,0.0001536413469357108,0.07391318823525404,0.9259331704178103,15.0,,52.0,780.2142857142857,0.014285714285714285
0.06575342465753425,demographic_sir,0.00016905163396327787,0.06411838276329987,0.935712565602737,15.0,,52.0,780.2142857142857,0.014285714285714285
0.0684931506849315,demographic_sir,0.0001855668189765156,0.05562346026413384,0.9441909729168897,15.0,,52.0,780.2142857142857,0.014285714285714285
0.07123287671232877,demographic_sir,0.00020318712897981141,0.04825577439857771,0.9515410384724425,15.0,,52.0,780.2142857142857,0.014285714285714285
0.07397260273972603,demographic_sir,0.00022190952870591244,0.04186561219308209,0.957912478278212,15.0,,52.0,780.2142857142857,0.014285714285714285
0.07671232876712329,demographic_sir,0.0002417267289589767,0.03632314902368577,0.9634351242473552,15.0,,52.0,780.2142857142857,0.014285714285714285
0.07945205479452055,demographic_sir,0.00026262673340876033,0.031515807529669995,0.9682215657369212,15.0,,52.0,780.2142857142857,0.014285714285714285
0.0821917808219178,demographic_sir,0.00028459273766421,0.0273459669807244,0.9723694402816114,15.0,,52.0,780.2142857142857,0.014285714285714285
0.08493150684931507,demographic_sir,0.000307603267468746,0.023728976656438982,0.9759634200760923,15.0,,52.0,780.2142857142857,0.014285714285714285
0.08767123287671233,demographic_sir,0.00033163248199377876,0.02059143292888935,0.9790769345891168,15.0,,52.0,780.2142857142857,0.014285714285714285
0.09041095890410959,demographic_sir,0.00035665059013287683,0.017869685072519254,0.9817736643373478,15.0,,52.0,780.2142857142857,0.014285714285714285
0.09315068493150686,demographic_sir,0.0003826243407677198,0.015508539458783801,0.9841088362004484,15.0,,52.0,780.2142857142857,0.014285714285714285
0.0958904109589041,demographic_sir,0.00040951755644794813,0.01346013581515278,0.9861303466283993,15.0,,52.0,780.2142857142857,0.014285714285714285
0.09863013698630137,demographic_sir,0.0004372916859872683,0.011682972718233016,0.9878797355957797,15.0,,52.0,780.2142857142857,0.014285714285714285
0.10136986301369863,demographic_sir,0.00046590635624094113,0.01014106251857764,0.9893930311251814,15.0,,52.0,780.2142857142857,0.014285714285714285
0.10410958904109589,demographic_sir,0.0004953199073448883,0.008803198521107627,0.9907014815715475,15.0,,52.0,780.2142857142857,0.014285714285714285
0.10684931506849316,demographic_sir,0.0005254898992190115,0.007642319523062499,0.9918321905777184,15.0,,52.0,780.2142857142857,0.014285714285714285
0.1095890410958904,demographic_sir,0.0005563735802716556,0.006634958787193689,0.9928086676325346,15.0,,52.0,780.2142857142857,0.014285714285714285
0.11232876712328767,demographic_sir,0.0005879283120217505,0.005760766241622537,0.9936513054463557,15.0,,52.0,780.2142857142857,0.014285714285714285
0.11506849315068493,demographic_sir,0.0006201119457846924,0.005002094184210613,0.9943777938700047,15.0,,52.0,780.2142857142857,0.014285714285714285
0.1178082191780822,demographic_sir,0.0006528831496458604,0.004343638058621146,0.995003478791733,15.0,,52.0,780.2142857142857,0.014285714285714285
0.12054794520547946,demographic_sir,0.0006862016856746405,0.003772124987662002,0.9955416733266633,15.0,,52.0,780.2142857142857,0.014285714285714285
0.12328767123287672,demographic_sir,0.0007200286387234089,0.0032760437196827355,0.9960039276415938,15.0,,52.0,780.2142857142857,0.014285714285714285
0.12602739726027398,demographic_sir,0.0007543265992304955,0.002845410485419085,0.9964002629153504,15.0,,52.0,780.2142857142857,0.014285714285714285
0.12876712328767123,demographic_sir,0.000789059803231656,0.0024715659927869818,0.9967393742039814,15.0,,52.0,780.2142857142857,0.014285714285714285
0.1315068493150685,demographic_sir,0.0008241942333142069,0.002146999420504227,0.9970288063461816,15.0,,52.0,780.2142857142857,0.014285714285714285
0.13424657534246576,demographic_sir,0.0008596976845577494,0.0018651958208757645,0.9972751064945666,15.0,,52.0,780.2142857142857,0.014285714285714285
0.136986301369863,demographic_sir,0.0008955397996320557,0.00162050381872921,0.9974839563816389,15.0,,52.0,780.2142857142857,0.014285714285714285
0.13972602739726028,demographic_sir,0.0009316920772017485,0.0014080209069682681,0.9976602870158302,15.0,,52.0,780.2142857142857,0.014285714285714285
0.14246575342465753,demographic_sir,0.0009681278576520721,0.0012234939978815187,0.9978083781444667,15.0,,52.0,780.2142857142857,0.014285714285714285
0.1452054794520548,demographic_sir,0.0010048222899300928,0.0010632332004552715,0.9979319445096149,15.0,,52.0,780.2142857142857,0.014285714285714285
0.14794520547945206,demographic_sir,0.0010417522830170772,0.0009240370637840554,0.9980342106531992,15.0,,52.0,780.2142857142857,0.014285714285714285
0.1506849315068493,demographic_sir,0.0010788964452326042,0.0008031277607110668,0.9981179757940567,15.0,,52.0,780.2142857142857,0.014285714285714285
0.15342465753424658,demographic_sir,0.0011162350142371689,0.0006980948888027322,0.9981856700969605,15.0,,52.0,780.2142857142857,0.014285714285714285
0.15616438356164383,demographic_sir,0.001153749780262095,0.0006068467417789511,0.9982394034779593,15.0,,52.0,780.2142857142857,0.014285714285714285
0.1589041095890411,demographic_sir,0.0011914240047644913,0.0005275680571535222,0.9982810079380823,15.0,,52.0,780.2142857142857,0.014285714285714285
0.16164383561643836,demographic_sir,0.0012292423363888898,0.0004586833781859626,0.9983120742854253,15.0,,52.0,780.2142857142857,0.014285714285714285
0.1643835616438356,demographic_sir,0.0012671907258218235,0.0003988252829954137,0.998333983991183,15.0,,52.0,780.2142857142857,0.014285714285714285
0.16712328767123288,demographic_sir,0.0013052563408544068,0.0003468068331736418,0.9983479368259722,15.0,,52.0,780.2142857142857,0.014285714285714285
0.16986301369863013,demographic_sir,0.0013434274827230322,0.00030159768048252555,0.9983549748367947,15.0,,52.0,780.2142857142857,0.014285714285714285
0.1726027397260274,demographic_sir,0.0013816935045801466,0.0002623033449896233,0.9983560031504305,15.0,,52.0,780.2142857142857,0.014285714285714285
0.17534246575342466,demographic_sir,0.001420044732755388,0.00022814724280850653,0.9983518080244363,15.0,,52.0,780.2142857142857,0.014285714285714285
0.1780821917808219,demographic_sir,0.0014584723913011223,0.0001984550977916724,0.9983430725109074,15.0,,52.0,780.2142857142857,0.014285714285714285
0.18082191780821918,demographic_sir,0.0014969685301739943,0.00017264142022103287,0.9983303900496052,15.0,,52.0,780.2142857142857,0.014285714285714285
0.18356164383561643,demographic_sir,0.001535525957283694,0.00015019777774985977,0.9983142762649667,15.0,,52.0,780.2142857142857,0.014285714285714285
0.1863013698630137,demographic_sir,0.0015741381745396606,0.00013068262043436723,0.9982951792050262,15.0,,52.0,780.2142857142857,0.014285714285714285
0.18904109589041096,demographic_sir,0.0016127993179437874,0.00011371245340180851,0.9982734882286546,15.0,,52.0,780.2142857142857,0.014285714285714285
0.1917808219178082,demographic_sir,0.0016515041017103483,9.895417818453106e-05,0.9982495417201053,15.0,,52.0,780.2142857142857,0.014285714285714285
0.19452054794520549,demographic_sir,0.0016902477663412268,8.611844756907289e-05,0.9982236337860899,15.0,,52.0,780.2142857142857,0.014285714285714285
0.19726027397260273,demographic_sir,0.0017290260305433348,7.495389945429831e-05,0.9981960200700026,15.0,,52.0,780.2142857142857,0.014285714285714285
0.2,demographic_sir,0.001767835046844049,6.52421531060563e-05,0.9981669228000501,15.0,,52.0,780.2142857142857,0.014285714285714285
0.20273972602739726,demographic_sir,0.0018066713607380097,5.67934667047941e-05,0.9981365351725575,15.0,,52.0,780.2142857142857,0.014285714285714285
0.2054794520547945,demographic_sir,0.0018455318731833569,4.9442968524977705e-05,0.998105025158292,15.0,,52.0,780.2142857142857,0.014285714285714285
0.20821917808219179,demographic_sir,0.0018844138062560916,4.304738573671221e-05,0.9980725388080076,15.0,,52.0,780.2142857142857,0.014285714285714285
0.21095890410958903,demographic_sir,0.0019233146717667381,3.748220491947532e-05,0.9980392031233142,15.0,,52.0,780.2142857142857,0.014285714285714285
0.2136986301369863,demographic_sir,0.00196223224264283,3.263920713240666e-05,0.9980051285502252,15.0,,52.0,780.2142857142857,0.014285714285714285
0.21643835616438356,demographic_sir,0.002001164526883154,2.8424327974527278e-05,0.9979704111451427,15.0,,52.0,780.2142857142857,0.014285714285714285
0.2191780821917808,demographic_sir,0.002040109743894512,2.4755799647049107e-05,0.9979351344564589,15.0,,52.0,780.2142857142857,0.014285714285714285
0.2219178082191781,demographic_sir,0.002079066303028301,2.156253773329256e-05,0.9978993711592388,15.0,,52.0,780.2142857142857,0.014285714285714285
0.22465753424657534,demographic_sir,0.0021180327841421316,1.8782740356378255e-05,0.9978631844755018,15.0,,52.0,780.2142857142857,0.014285714285714285
0.2273972602739726,demographic_sir,0.0021570079200204637,1.6362671661948966e-05,0.9978266294083179,15.0,,52.0,780.2142857142857,0.014285714285714285
0.23013698630136986,demographic_sir,0.0021959905804975585,1.4255605290351391e-05,0.9977897538142124,15.0,,52.0,780.2142857142857,0.014285714285714285
0.23287671232876714,demographic_sir,0.0022349797581357094,1.2420906725904908e-05,0.9977525993351387,15.0,,52.0,780.2142857142857,0.014285714285714285
0.2356164383561644,demographic_sir,0.0022739745553213776,1.0823236205918865e-05,0.9977152022084731,15.0,,52.0,780.2142857142857,0.014285714285714285
0.23835616438356164,demographic_sir,0.002312974172651524,9.431856296008091e-06,0.9976775939710528,15.0,,52.0,780.2142857142857,0.014285714285714285
0.2410958904109589,demographic_sir,0.002351977898491786,8.220030340418353e-06,0.9976398020711682,15.0,,52.0,780.2142857142857,0.014285714285714285
0.24383561643835616,demographic_sir,0.002390985099597265,7.164499819325597e-06,0.9976018504005838,15.0,,52.0,780.2142857142857,0.014285714285714285
0.24657534246575344,demographic_sir,0.002429995212695377,6.245030226526682e-06,0.9975637597570786,15.0,,52.0,780.2142857142857,0.014285714285714285
0.2493150684931507,demographic_sir,0.0024690077369384843,5.444016452754005e-06,0.9975255482466093,15.0,,52.0,780.2142857142857,0.014285714285714285
0.25205479452054796,demographic_sir,0.002508022227141845,4.7461398498924875e-06,0.9974872316330089,15.0,,52.0,780.2142857142857,0.014285714285714285
0.2547945205479452,demographic_sir,0.0025470382877297157,4.138070183813956e-06,0.9974488236420871,15.0,,52.0,780.2142857142857,0.014285714285714285
0.25753424657534246,demographic_sir,0.0025860555673193086,3.6082065793061396e-06,0.9974103362261021,15.0,,52.0,780.2142857142857,0.014285714285714285
0.2602739726027397,demographic_sir,0.0026250737538786434,3.1464523378124296e-06,0.9973717797937842,15.0,,52.0,780.2142857142857,0.014285714285714285
0.263013698630137,demographic_sir,0.0026640925704002317,2.744019183144216e-06,0.9973331634104173,15.0,,52.0,780.2142857142857,0.014285714285714285
0.26575342465753427,demographic_sir,0.002703111771037951,2.3932570756193054e-06,0.9972944949718872,15.0,,52.0,780.2142857142857,0.014285714285714285
0.2684931506849315,demographic_sir,0.0027421311376594976,2.0875062430397324e-06,0.9972557813560982,15.0,,52.0,780.2142857142857,0.014285714285714285
0.27123287671232876,demographic_sir,0.0027811504767713425,1.8209685178017212e-06,0.9972170285547115,15.0,,52.0,780.2142857142857,0.014285714285714285
0.273972602739726,demographic_sir,0.0028201696167773583,1.5885954521162002e-06,0.9971782417877711,15.0,,52.0,780.2142857142857,0.014285714285714285
0.2767123287671233,demographic_sir,0.0028591884055360808,1.3859910155176367e-06,0.997139425603449,15.0,,52.0,780.2142857142857,0.014285714285714285
0.27945205479452057,demographic_sir,0.0028982067081850756,1.209326967234131e-06,0.9971005839648484,15.0,,52.0,780.2142857142857,0.014285714285714285
0.2821917808219178,demographic_sir,0.0029372244052040517,1.0552692463781917e-06,0.9970617203255502,15.0,,52.0,780.2142857142857,0.014285714285714285
0.28493150684931506,demographic_sir,0.002976241390691224,9.209139403218461e-07,0.997022837695369,15.0,,52.0,780.2142857142857,0.014285714285714285
0.2876712328767123,demographic_sir,0.0030152575708300602,8.037315804005875e-07,0.9969839386975902,15.0,,52.0,780.2142857142857,0.014285714285714285
0.2904109589041096,demographic_sir,0.003054272862525891,7.015186780299569e-07,0.9969450256187967,15.0,,52.0,780.2142857142857,0.014285714285714285
0.29315068493150687,demographic_sir,0.0030932871921939857,6.123555566960772e-07,0.9969061004522499,15.0,,52.0,780.2142857142857,0.014285714285714285
0.2958904109589041,demographic_sir,0.0031323004946826514,5.345696589428874e-07,0.996867164935659,15.0,,52.0,780.2142857142857,0.014285714285714285
0.29863013698630136,demographic_sir,0.0031713127123165975,4.667036148930639e-07,0.9968282205840691,15.0,,52.0,780.2142857142857,0.014285714285714285
0.3013698630136986,demographic_sir,0.0032103237940474135,4.0748745214846595e-07,0.9967892687185009,15.0,,52.0,780.2142857142857,0.014285714285714285
0.3041095890410959,demographic_sir,0.0032493336946993775,3.558144079783518e-07,0.9967503104908931,15.0,,52.0,780.2142857142857,0.014285714285714285
0.30684931506849317,demographic_sir,0.0032883423743000836,3.107198751323334e-07,0.9967113469058253,15.0,,52.0,780.2142857142857,0.014285714285714285
0.3095890410958904,demographic_sir,0.003327349797486518,2.7136307380990034e-07,0.9966723788394403,15.0,,52.0,780.2142857142857,0.014285714285714285
0.31232876712328766,demographic_sir,0.0033663559329781983,2.3701109549429267e-07,0.996633407055927,15.0,,52.0,780.2142857142857,0.014285714285714285
0.3150684931506849,demographic_sir,0.003405360753109924,2.0702501056990862e-07,0.9965944322218802,15.0,,52.0,780.2142857142857,0.014285714285714285
0.3178082191780822,demographic_sir,0.003444364233417492,1.8084777180478032e-07,0.9965554549188114,15.0,,52.0,780.2142857142857,0.014285714285714285
0.32054794520547947,demographic_sir,0.0034833663522704436,1.5799368068748162e-07,0.9965164756540495,15.0,,52.0,780.2142857142857,0.014285714285714285
0.3232876712328767,demographic_sir,0.0035223670905465856,1.3803921395105507e-07,0.9964774948702402,15.0,,52.0,780.2142857142857,0.014285714285714285
0.32602739726027397,demographic_sir,0.003561366431343578,1.2061503399417958e-07,0.9964385129536232,15.0,,52.0,780.2142857142857,0.014285714285714285
0.3287671232876712,demographic_sir,0.003600364359723426,1.0539902984190091e-07,0.9963995302412475,15.0,,52.0,780.2142857142857,0.014285714285714285
0.3315068493150685,demographic_sir,0.0036393608624861584,9.211025522653514e-08,0.9963605470272594,15.0,,52.0,780.2142857142857,0.014285714285714285
0.33424657534246577,demographic_sir,0.0036783559279693926,8.050364770603834e-08,0.9963215635683838,15.0,,52.0,780.2142857142857,0.014285714285714285
0.336986301369863,demographic_sir,0.0037173495458708624,7.036542781289516e-08,0.9962825800887022,15.0,,52.0,780.2142857142857,0.014285714285714285
0.33972602739726027,demographic_sir,0.0037563417070912907,6.15090903373405e-08,0.9962435967838192,15.0,,52.0,780.2142857142857,0.014285714285714285
0.3424657534246575,demographic_sir,0.003795332403595305,5.3771911251499866e-08,0.9962046138244943,15.0,,52.0,780.2142857142857,0.014285714285714285
0.3452054794520548,demographic_sir,0.0038343216282883423,4.7011903699150686e-08,0.9961656313598088,15.0,,52.0,780.2142857142857,0.014285714285714285
0.34794520547945207,demographic_sir,0.0038733093749077074,4.110516510324825e-08,0.996126649519928,15.0,,52.0,780.2142857142857,0.014285714285714285
0.3506849315068493,demographic_sir,0.003912295637926192,3.5943564948693836e-08,0.9960876684185097,15.0,,52.0,780.2142857142857,0.014285714285714285
0.35342465753424657,demographic_sir,0.003951280412466792,3.143272932752835e-08,0.9960486881548047,15.0,,52.0,780.2142857142857,0.014285714285714285
0.3561643835616438,demographic_sir,0.003990263694227278,2.7490284015076552e-08,0.9960097088154897,15.0,,52.0,780.2142857142857,0.014285714285714285
0.3589041095890411,demographic_sir,0.004029245479413466,2.404432278918296e-08,0.9959707304762647,15.0,,52.0,780.2142857142857,0.014285714285714285
0.36164383561643837,demographic_sir,0.004068225764680209,2.1032072006699904e-08,0.9959317532032488,15.0,,52.0,780.2142857142857,0.014285714285714285
0.3643835616438356,demographic_sir,0.004107204547079211,1.839872619538483e-08,0.9958927770541957,15.0,,52.0,780.2142857142857,0.014285714285714285
0.36712328767123287,demographic_sir,0.004146181824012885,1.6096432677985456e-08,0.9958538020795554,15.0,,52.0,780.2142857142857,0.014285714285714285
0.3698630136986301,demographic_sir,0.004185157593193557,1.4083406081684158e-08,0.9958148283234014,15.0,,52.0,780.2142857142857,0.014285714285714285
0.3726027397260274,demographic_sir,0.0042241318526073926,1.2323156055152124e-08,0.9957758558242377,15.0,,52.0,780.2142857142857,0.014285714285714285
0.37534246575342467,demographic_sir,0.0042631046004825155,1.0783813664966114e-08,0.995736884615705,15.0,,52.0,780.2142857142857,0.014285714285714285
0.3780821917808219,demographic_sir,0.004302075835260827,9.437543814580248e-09,0.9956979147271965,15.0,,52.0,780.2142857142857,0.014285714285714285
0.38082191780821917,demographic_sir,0.004341045555573094,8.26003265852702e-09,0.9956589461843954,15.0,,52.0,780.2142857142857,0.014285714285714285
0.3835616438356164,demographic_sir,0.004380013760216932,7.230040403438334e-09,0.9956199790097439,15.0,,52.0,780.2142857142857,0.014285714285714285
0.3863013698630137,demographic_sir,0.004418980448137356,6.329011123142175e-09,0.9955810132228528,15.0,,52.0,780.2142857142857,0.014285714285714285
0.38904109589041097,demographic_sir,0.004457945618409577,5.540732291254675e-09,0.9955420488408594,15.0,,52.0,780.2142857142857,0.014285714285714285
0.3917808219178082,demographic_sir,0.004496909270223822,4.851037672015259e-09,0.9955030858787397,15.0,,52.0,780.2142857142857,0.014285714285714285
0.39452054794520547,demographic_sir,0.004535871402871907,4.247548026582577e-09,0.9954641243495813,15.0,,52.0,780.2142857142857,0.014285714285714285
0.3972602739726027,demographic_sir,0.004574832015735378,3.7194448032595247e-09,0.9954251642648211,15.0,,52.0,780.2142857142857,0.014285714285714285
0.4,demographic_sir,0.004613791108275032,3.257272599758639e-09,0.9953862056344536,15.0,,52.0,780.2142857142857,0.014285714285714285
0.40273972602739727,demographic_sir,0.004652748680021662,2.852766725495548e-09,0.9953472484672128,15.0,,52.0,780.2142857142857,0.014285714285714285
0.4054794520547945,demographic_sir,0.004691704730567882,2.4987026623145464e-09,0.9953082927707306,15.0,,52.0,780.2142857142857,0.014285714285714285
0.40821917808219177,demographic_sir,0.004730659259560902,2.1887646319769815e-09,0.9952693385516755,15.0,,52.0,780.2142857142857,0.014285714285714285
0.410958904109589,demographic_sir,0.0047696122666961525,1.9174308359859883e-09,0.9952303858158741,15.0,,52.0,780.2142857142857,0.014285714285714285
0.4136986301369863,demographic_sir,0.004808563751711642,1.6798732446772287e-09,0.9951914345684162,15.0,,52.0,780.2142857142857,0.014285714285714285
0.41643835616438357,demographic_sir,0.004847513714382984,1.4718700838898937e-09,0.995152484813748,15.0,,52.0,780.2142857142857,0.014285714285714285
0.4191780821917808,demographic_sir,0.004886462154519,1.2897294040960415e-09,0.9951135365557526,15.0,,52.0,780.2142857142857,0.014285714285714285
0.42191780821917807,demographic_sir,0.004925409071957839,1.130222323093997e-09,0.9950745897978209,15.0,,52.0,780.2142857142857,0.014285714285714285
0.4246575342465753,demographic_sir,0.004964354466563546,9.905247131672494e-10,0.9950356445429128,15.0,,52.0,780.2142857142857,0.014285714285714285
0.4273972602739726,demographic_sir,0.0050032983382230336,8.681662603749191e-10,0.9949967007936118,15.0,,52.0,780.2142857142857,0.014285714285714285
0.4301369863013699,demographic_sir,0.005042240686843407,7.609859603343108e-10,0.9949577585521717,15.0,,52.0,780.2142857142857,0.014285714285714285
0.4328767123287671,demographic_sir,0.0050811815123496034,6.670932340595229e-10,0.9949188178205582,15.0,,52.0,780.2142857142857,0.014285714285714285
0.43561643835616437,demographic_sir,0.005120120814682309,5.84833951379155e-10,0.9948798786004849,15.0,,52.0,780.2142857142857,0.014285714285714285
0.4383561643835616,demographic_sir,0.0051590585937961115,5.127607401274193e-10,0.9948409408934443,15.0,,52.0,780.2142857142857,0.014285714285714285
0.4410958904109589,demographic_sir,0.005197994849657878,4.4960703839146304e-10,0.9948020047007362,15.0,,52.0,780.2142857142857,0.014285714285714285
0.4438356164383562,demographic_sir,0.005236929582245315,3.942644160884785e-10,0.9947630700234914,15.0,,52.0,780.2142857142857,0.014285714285714285
0.4465753424657534,demographic_sir,0.005275862791545706,3.457627523333276e-10,0.9947241368626927,15.0,,52.0,780.2142857142857,0.014285714285714285
0.44931506849315067,demographic_sir,0.005314794477554785,3.032529075686465e-10,0.9946852052191935,15.0,,52.0,780.2142857142857,0.014285714285714285
0.452054794520548,demographic_sir,0.005353724640275753,2.659915752471982e-10,0.9946462750937338,15.0,,52.0,780.2142857142857,0.014285714285714285
0.4547945205479452,demographic_sir,0.005392653279718401,2.333280378371743e-10,0.9946073464869547,15.0,,52.0,780.2142857142857,0.014285714285714285
0.4575342465753425,demographic_sir,0.005431580395898339,2.0469258681147018e-10,0.9945684193994102,15.0,,52.0,780.2142857142857,0.014285714285714285
0.4602739726027397,demographic_sir,0.005470505988836321,1.7958639673238748e-10,0.9945294938315784,15.0,,52.0,780.2142857142857,0.014285714285714285
0.46301369863013697,demographic_sir,0.005509430058557634,1.5757267012079014e-10,0.9944905697838707,15.0,,52.0,780.2142857142857,0.014285714285714285
0.4657534246575343,demographic_sir,0.005548352605091576,1.3826889299797235e-10,0.9944516472566405,15.0,,52.0,780.2142857142857,0.014285714285714285
0.4684931506849315,demographic_sir,0.005587273628470982,1.2134006124040138e-10,0.99441272625019,15.0,,52.0,780.2142857142857,0.014285714285714285
0.4712328767123288,demographic_sir,0.005626193128731813,1.0649275556794512e-10,0.9943738067647764,15.0,,52.0,780.2142857142857,0.014285714285714285
0.473972602739726,demographic_sir,0.005665111105912789,9.34699584229585e-11,0.9943348888006183,15.0,,52.0,780.2142857142857,0.014285714285714285
0.4767123287671233,demographic_sir,0.005704027560055066,8.204651947645173e-11,0.9942959723578995,15.0,,52.0,780.2142857142857,0.014285714285714285
0.4794520547945206,demographic_sir,0.0057429424912019515,7.202518826781974e-11,0.994257057436774,15.0,,52.0,780.2142857142857,0.014285714285714285
0.4821917808219178,demographic_sir,0.005781855899398652,6.32331427636575e-11,0.9942181440373693,15.0,,52.0,780.2142857142857,0.014285714285714285
0.4849315068493151,demographic_sir,0.005820767784692053,5.551895159867413e-11,0.9941792321597901,15.0,,52.0,780.2142857142857,0.014285714285714285
0.4876712328767123,demographic_sir,0.005859678147130522,4.874991560309967e-11,0.9941403218041206,15.0,,52.0,780.2142857142857,0.014285714285714285
0.4904109589041096,demographic_sir,0.005898586986763734,4.2809741070554943e-11,0.9941014129704276,15.0,,52.0,780.2142857142857,0.014285714285714285
0.4931506849315069,demographic_sir,0.005937494303642519,3.7596503204077576e-11,0.9940625056587621,15.0,,52.0,780.2142857142857,0.014285714285714285
0.4958904109589041,demographic_sir,0.005976400097818725,3.302086340572477e-11,0.9940235998691616,15.0,,52.0,780.2142857142857,0.014285714285714285
0.4986301369863014,demographic_sir,0.006015304369345104,2.900450864278993e-11,0.9939846956016516,15.0,,52.0,780.2142857142857,0.014285714285714285
0.5013698630136987,demographic_sir,0.006054207118275203,2.5478785114855536e-11,0.9939457928562472,15.0,,52.0,780.2142857142857,0.014285714285714285
0.5041095890410959,demographic_sir,0.006093108344663267,2.2383501933673702e-11,0.9939068916329544,15.0,,52.0,780.2142857142857,0.014285714285714285
0.5068493150684932,demographic_sir,0.006132008048564167,1.9665883575969673e-11,0.9938679919317711,15.0,,52.0,780.2142857142857,0.014285714285714285
0.5095890410958904,demographic_sir,0.006170906230033317,1.7279652533337896e-11,0.9938290937526882,15.0,,52.0,780.2142857142857,0.014285714285714285
0.5123287671232877,demographic_sir,0.0062098028891266165,1.518422591201124e-11,0.9937901970956904,15.0,,52.0,780.2142857142857,0.014285714285714285
0.5150684931506849,demographic_sir,0.006248698025900391,1.3344011770844165e-11,0.9937513019607568,15.0,,52.0,780.2142857142857,0.014285714285714285
0.5178082191780822,demographic_sir,0.006287591640411341,1.1727792765377601e-11,0.9937124083478621,15.0,,52.0,780.2142857142857,0.014285714285714285
0.5205479452054794,demographic_sir,0.006326483732716503,1.0308186221678526e-11,0.9936735162569765,15.0,,52.0,780.2142857142857,0.014285714285714285
0.5232876712328767,demographic_sir,0.006365374302873203,9.061171124000222e-12,0.9936346256880669,15.0,,52.0,780.2142857142857,0.014285714285714285
0.526027397260274,demographic_sir,0.006404263350939032,7.96567368984478e-12,0.9935957366410966,15.0,,52.0,780.2142857142857,0.014285714285714285
0.5287671232876713,demographic_sir,0.006443150876971801,7.003204246260651e-12,0.9935568491160263,15.0,,52.0,780.2142857142857,0.014285714285714285
0.5315068493150685,demographic_sir,0.006482036881029529,6.157539030981408e-12,0.9935179631128143,15.0,,52.0,780.2142857142857,0.014285714285714285
0.5342465753424658,demographic_sir,0.006520921363170412,5.41444133774056e-12,0.9934790786314165,15.0,,52.0,780.2142857142857,0.014285714285714285
0.536986301369863,demographic_sir,0.0065598043234528025,4.761417121127892e-12,0.9934401956717872,15.0,,52.0,780.2142857142857,0.014285714285714285
0.5397260273972603,demographic_sir,0.006598685761935191,4.187500785230941e-12,0.9934013142338788,15.0,,52.0,780.2142857142857,0.014285714285714285
0.5424657534246575,demographic_sir,0.0066375656786761906,3.683067412982714e-12,0.9933624343176423,15.0,,52.0,780.2142857142857,0.014285714285714285
0.5452054794520548,demographic_sir,0.006676444073734521,3.2396681591890535e-12,0.9933235559230272,15.0,,52.0,780.2142857142857,0.014285714285714285
0.547945205479452,demographic_sir,0.006715320947168998,2.8498859380016937e-12,0.9932846790499825,15.0,,52.0,780.2142857142857,0.014285714285714285
0.5506849315068493,demographic_sir,0.00675419629903852,2.507208892447575e-12,0.9932458036984557,15.0,,52.0,780.2142857142857,0.014285714285714285
0.5534246575342466,demographic_sir,0.006793070129402061,2.2059194459117148e-12,0.9932069298683935,15.0,,52.0,780.2142857142857,0.014285714285714285
0.5561643835616439,demographic_sir,0.006831942438318655,1.940997008785668e-12,0.9931680575597419,15.0,,52.0,780.2142857142857,0.014285714285714285
0.5589041095890411,demographic_sir,0.006870813225847399,1.7080326527186822e-12,0.9931291867724462,15.0,,52.0,780.2142857142857,0.014285714285714285
0.5616438356164384,demographic_sir,0.006909682492047435,1.5031542743136751e-12,0.993090317506451,15.0,,52.0,780.2142857142857,0.014285714285714285
0.5643835616438356,demographic_sir,0.006948550236977953,1.322960953425628e-12,0.9930514497617008,15.0,,52.0,780.2142857142857,0.014285714285714285
0.5671232876712329,demographic_sir,0.006987416460698178,1.1644653717105967e-12,0.993012583538139,15.0,,52.0,780.2142857142857,0.014285714285714285
0.5698630136986301,demographic_sir,0.007026281163267372,1.0250432975916367e-12,0.9929737188357093,15.0,,52.0,780.2142857142857,0.014285714285714285
0.5726027397260274,demographic_sir,0.007065144344744825,9.023892668492624e-13,0.9929348556543545,15.0,,52.0,780.2142857142857,0.014285714285714285
0.5753424657534246,demographic_sir,0.007104006005189853,7.944776957908294e-13,0.9928959939940173,15.0,,52.0,780.2142857142857,0.014285714285714285
0.5780821917808219,demographic_sir,0.007142866144661795,6.995287583141995e-13,0.9928571338546404,15.0,,52.0,780.2142857142857,0.014285714285714285
0.5808219178082192,demographic_sir,0.007181724763220011,6.159784408257977e-13,0.9928182752361657,15.0,,52.0,780.2142857142857,0.014285714285714285
0.5835616438356165,demographic_sir,0.007220581860923874,5.42452261362288e-13,0.9927794181385354,15.0,,52.0,780.2142857142857,0.014285714285714285
0.5863013698630137,demographic_sir,0.007259437437832777,4.777422026761848e-13,0.9927405625616912,15.0,,52.0,780.2142857142857,0.014285714285714285
0.589041095890411,demographic_sir,0.0072982914940061235,4.2078646459699786e-13,0.9927017085055748,15.0,,52.0,780.2142857142857,0.014285714285714285
0.5917808219178082,demographic_sir,0.007337144029503329,3.706516896487185e-13,0.9926628559701278,15.0,,52.0,780.2142857142857,0.014285714285714285
0.5945205479452055,demographic_sir,0.007375995044383818,3.2651735854799513e-13,0.9926240049552915,15.0,,52.0,780.2142857142857,0.014285714285714285
0.5972602739726027,demographic_sir,0.007414844538707022,2.876620895739814e-13,0.9925851554610071,15.0,,52.0,780.2142857142857,0.014285714285714285
0.6,demographic_sir,0.007453692512532383,2.5345160854630307e-13,0.992546307487216,15.0,,52.0,780.2142857142857,0.014285714285714285
0.6027397260273972,demographic_sir,0.007492538965919346,2.233281848456459e-13,0.9925074610338591,15.0,,52.0,780.2142857142857,0.014285714285714285
0.6054794520547945,demographic_sir,0.007531383898927362,1.9680135406441422e-13,0.9924686161008777,15.0,,52.0,780.2142857142857,0.014285714285714285
0.6082191780821918,demographic_sir,0.007570227311615888,1.734397699224372e-13,0.9924297726882125,15.0,,52.0,780.2142857142857,0.014285714285714285
0.6109589041095891,demographic_sir,0.007609069204044379,1.5286404740976962e-13,0.9923909307958046,15.0,,52.0,780.2142857142857,0.014285714285714285
0.6136986301369863,demographic_sir,0.007647909576272298,1.3474047606224845e-13,0.9923520904235948,15.0,,52.0,780.2142857142857,0.014285714285714285
0.6164383561643836,demographic_sir,0.007686748428359108,1.187754971308203e-13,0.992313251571524,15.0,,52.0,780.2142857142857,0.014285714285714285
0.6191780821917808,demographic_sir,0.007725585760364274,1.0471085143106073e-13,0.9922744142395329,15.0,,52.0,780.2142857142857,0.014285714285714285
0.6219178082191781,demographic_sir,0.007764421572347263,9.231931608120158e-14,0.9922355784275623,15.0,,52.0,780.2142857142857,0.014285714285714285
0.6246575342465753,demographic_sir,0.007803255864367541,8.140095835350575e-14,0.9921967441355529,15.0,,52.0,780.2142857142857,0.014285714285714285
0.6273972602739726,demographic_sir,0.007842088636484576,7.177984364863114e-14,0.9921579113634454,15.0,,52.0,780.2142857142857,0.014285714285714285
0.6301369863013698,demographic_sir,0.007880919888757835,6.33011423077802e-14,0.9921190801111807,15.0,,52.0,780.2142857142857,0.014285714285714285
0.6328767123287671,demographic_sir,0.007919749621246785,5.582858673616866e-14,0.9920802503786992,15.0,,52.0,780.2142857142857,0.014285714285714285
0.6356164383561644,demographic_sir,0.007958577834010895,4.9242236240389263e-14,0.9920414221659416,15.0,,52.0,780.2142857142857,0.014285714285714285
0.6383561643835617,demographic_sir,0.007997404527109628,4.3436512183864076e-14,0.9920025954728486,15.0,,52.0,780.2142857142857,0.014285714285714285
0.6410958904109589,demographic_sir,0.008036229700602452,3.831847062837564e-14,0.9919637702993609,15.0,,52.0,780.2142857142857,0.014285714285714285
0.6438356164383562,demographic_sir,0.008075053354548828,3.380628363419315e-14,0.991924946645419,15.0,,52.0,780.2142857142857,0.014285714285714285
0.6465753424657534,demographic_sir,0.008113875489008224,2.982790390535195e-14,0.9918861245109636,15.0,,52.0,780.2142857142857,0.014285714285714285
0.6493150684931507,demographic_sir,0.008152696104040099,2.6319890550555166e-14,0.9918473038959352,15.0,,52.0,780.2142857142857,0.014285714285714285
0.6520547945205479,demographic_sir,0.008191515199703915,2.322637643679177e-14,0.9918084848002745,15.0,,52.0,780.2142857142857,0.014285714285714285
0.6547945205479452,demographic_sir,0.008230332776059128,2.0498159988461522e-14,0.991769667223922,15.0,,52.0,780.2142857142857,0.014285714285714285
0.6575342465753424,demographic_sir,0.008269148833165199,1.8091906370190006e-14,0.9917308511668184,15.0,,52.0,780.2142857142857,0.014285714285714285
0.6602739726027397,demographic_sir,0.008307963371081582,1.5969444822227683e-14,0.9916920366289041,15.0,,52.0,780.2142857142857,0.014285714285714285
0.663013698630137,demographic_sir,0.008346776389867732,1.4097150524587071e-14,0.9916532236101199,15.0,,52.0,780.2142857142857,0.014285714285714285
0.6657534246575343,demographic_sir,0.0083855878895831,1.2445400777269582e-14,0.9916144121104062,15.0,,52.0,780.2142857142857,0.014285714285714285
0.6684931506849315,demographic_sir,0.008424397870287134,1.0988096523080989e-14,0.9915756021297037,15.0,,52.0,780.2142857142857,0.014285714285714285
0.6712328767123288,demographic_sir,0.008463206332039286,9.702241327701306e-15,0.9915367936679529,15.0,,52.0,780.2142857142857,0.014285714285714285
0.673972602739726,demographic_sir,0.008502013274899,8.567570887324325e-15,0.9914979867250943,15.0,,52.0,780.2142857142857,0.014285714285714285
0.6767123287671233,demographic_sir,0.008540818698925723,7.566226973527958e-15,0.9914591813010685,15.0,,52.0,780.2142857142857,0.014285714285714285
0.6794520547945205,demographic_sir,0.008579622604178895,6.682470462286521e-15,0.9914203773958162,15.0,,52.0,780.2142857142857,0.014285714285714285
0.6821917808219178,demographic_sir,0.008618424990717957,5.902428741662854e-15,0.991381575009278,15.0,,52.0,780.2142857142857,0.014285714285714285
0.684931506849315,demographic_sir,0.008657225858602347,5.213873361661822e-15,0.9913427741413944,15.0,,52.0,780.2142857142857,0.014285714285714285
0.6876712328767123,demographic_sir,0.0086960252078915,4.606024289586568e-15,0.9913039747921059,15.0,,52.0,780.2142857142857,0.014285714285714285
0.6904109589041096,demographic_sir,0.008734823038644852,4.06937757343878e-15,0.9912651769613531,15.0,,52.0,780.2142857142857,0.014285714285714285
0.6931506849315069,demographic_sir,0.008773619350921833,3.595553601836272e-15,0.9912263806490765,15.0,,52.0,780.2142857142857,0.014285714285714285
0.6958904109589041,demographic_sir,0.008812414144781872,3.1771634880724617e-15,0.9911875858552169,15.0,,52.0,780.2142857142857,0.014285714285714285
0.6986301369863014,demographic_sir,0.008851207420284396,2.807691404008746e-15,0.9911487925797148,15.0,,52.0,780.2142857142857,0.014285714285714285
0.7013698630136986,demographic_sir,0.00888999917748883,2.481390951467901e-15,0.9911100008225107,15.0,,52.0,780.2142857142857,0.014285714285714285
0.7041095890410959,demographic_sir,0.008928789416454598,2.193193889074898e-15,0.9910712105835452,15.0,,52.0,780.2142857142857,0.014285714285714285
0.7068493150684931,demographic_sir,0.008967578137241118,1.938629734921001e-15,0.9910324218627589,15.0,,52.0,780.2142857142857,0.014285714285714285
0.7095890410958904,demographic_sir,0.009006365339907813,1.7137549433905196e-15,0.9909936346600924,15.0,,52.0,780.2142857142857,0.014285714285714285
0.7123287671232876,demographic_sir,0.009045151024514093,1.515090510956441e-15,0.9909548489754862,15.0,,52.0,780.2142857142857,0.014285714285714285
0.715068493150685,demographic_sir,0.009083935191119379,1.3395670033290101e-15,0.9909160648088812,15.0,,52.0,780.2142857142857,0.014285714285714285
0.7178082191780822,demographic_sir,0.009122717839783074,1.184476117320201e-15,0.9908772821602176,15.0,,52.0,780.2142857142857,0.014285714285714285
0.7205479452054795,demographic_sir,0.009161498970564593,1.0474279971778674e-15,0.9908385010294363,15.0,,52.0,780.2142857142857,0.014285714285714285
0.7232876712328767,demographic_sir,0.00920027858352334,9.263136187132756e-16,0.9907997214164777,15.0,,52.0,780.2142857142857,0.014285714285714285
0.726027397260274,demographic_sir,0.009239056678718719,8.192716368455034e-16,0.9907609433212824,15.0,,52.0,780.2142857142857,0.014285714285714285
0.7287671232876712,demographic_sir,0.009277833256210134,7.246591645798256e-16,0.9907221667437911,15.0,,52.0,780.2142857142857,0.014285714285714285
0.7315068493150685,demographic_sir,0.009316608316056985,6.410260151216636e-16,0.9906833916839443,15.0,,52.0,780.2142857142857,0.014285714285714285
0.7342465753424657,demographic_sir,0.009355381858318669,5.670919948553603e-16,0.9906446181416826,15.0,,52.0,780.2142857142857,0.014285714285714285
0.736986301369863,demographic_sir,0.009394153883054581,5.017268842124271e-16,0.9906058461169468,15.0,,52.0,780.2142857142857,0.014285714285714285
0.7397260273972602,demographic_sir,0.009432924390324117,4.439327868293976e-16,0.9905670756096773,15.0,,52.0,780.2142857142857,0.014285714285714285
0.7424657534246576,demographic_sir,0.009471693380186665,3.9282856556500257e-16,0.9905283066198148,15.0,,52.0,780.2142857142857,0.014285714285714285
0.7452054794520548,demographic_sir,0.009510460852701613,3.4763611753753965e-16,0.9904895391473,15.0,,52.0,780.2142857142857,0.014285714285714285
0.7479452054794521,demographic_sir,0.009549226807928347,3.0766826990753445e-16,0.9904507731920733,15.0,,52.0,780.2142857142857,0.014285714285714285
0.7506849315068493,demographic_sir,0.009587991245926252,2.7231810415305487e-16,0.9904120087540754,15.0,,52.0,780.2142857142857,0.014285714285714285
0.7534246575342466,demographic_sir,0.00962675416675471,2.410495394912908e-16,0.990373245833247,15.0,,52.0,780.2142857142857,0.014285714285714285
0.7561643835616438,demographic_sir,0.009665515570473099,2.1338902626521126e-16,0.9903344844295286,15.0,,52.0,780.2142857142857,0.014285714285714285
0.7589041095890411,demographic_sir,0.009704275457140796,1.8891821786752652e-16,0.990295724542861,15.0,,52.0,780.2142857142857,0.014285714285714285
0.7616438356164383,demographic_sir,0.009743033826817175,1.6726750540557938e-16,0.9902569661731846,15.0,,52.0,780.2142857142857,0.014285714285714285
0.7643835616438356,demographic_sir,0.00978179067956161,1.4811031307489089e-16,0.9902182093204401,15.0,,52.0,780.2142857142857,0.014285714285714285
0.7671232876712328,demographic_sir,0.00982054601543347,1.3115806432991628e-16,0.9901794539845683,15.0,,52.0,780.2142857142857,0.014285714285714285
0.7698630136986302,demographic_sir,0.009859299834492125,1.1615573961517297e-16,0.9901407001655097,15.0,,52.0,780.2142857142857,0.014285714285714285
0.7726027397260274,demographic_sir,0.009898052136796936,1.0287795582159024e-16,0.9901019478632049,15.0,,52.0,780.2142857142857,0.014285714285714285
0.7753424657534247,demographic_sir,0.009936802922407267,9.112550591413926e-17,0.9900631970775946,15.0,,52.0,780.2142857142857,0.014285714285714285
0.7780821917808219,demographic_sir,0.00997555219138248,8.072230447168984e-17,0.9900244478086193,15.0,,52.0,780.2142857142857,0.014285714285714285
0.7808219178082192,demographic_sir,0.010014299943781932,7.1512691306532e-17,0.9899857000562199,15.0,,52.0,780.2142857142857,0.014285714285714285
0.7835616438356164,demographic_sir,0.010053046179664979,6.335905099298401e-17,0.9899469538203368,15.0,,52.0,780.2142857142857,0.014285714285714285
0.7863013698630137,demographic_sir,0.010091790899090975,5.613971112328913e-17,0.9899082091009108,15.0,,52.0,780.2142857142857,0.014285714285714285
0.7890410958904109,demographic_sir,0.010130534102119271,4.9747086504990365e-17,0.9898694658978825,15.0,,52.0,780.2142857142857,0.014285714285714285
0.7917808219178082,demographic_sir,0.01016927578880922,4.4086040387909725e-17,0.9898307242111926,15.0,,52.0,780.2142857142857,0.014285714285714285
0.7945205479452054,demographic_sir,0.010208015959220162,3.9072437223015675e-17,0.9897919840407816,15.0,,52.0,780.2142857142857,0.014285714285714285
0.7972602739726028,demographic_sir,0.010246754613411449,3.463186446464697e-17,0.9897532453865903,15.0,,52.0,780.2142857142857,0.014285714285714285
0.8,demographic_sir,0.010285491751442416,3.0698503580022806e-17,0.9897145082485593,15.0,,52.0,780.2142857142857,0.014285714285714285
0.8027397260273973,demographic_sir,0.010324227373372406,2.7214132768176104e-17,0.9896757726266294,15.0,,52.0,780.2142857142857,0.014285714285714285
0.8054794520547945,demographic_sir,0.010362961479260755,2.4127245951807616e-17,0.989637038520741,15.0,,52.0,780.2142857142857,0.014285714285714285
0.8082191780821918,demographic_sir,0.0104016940691668,2.1392274422977847e-17,0.989598305930835,15.0,,52.0,780.2142857142857,0.014285714285714285
0.810958904109589,demographic_sir,0.010440425143149874,1.8968899126046346e-17,0.9895595748568519,15.0,,52.0,780.2142857142857,0.014285714285714285
0.8136986301369863,demographic_sir,0.010479154701269304,1.6821442974350537e-17,0.9895208452987324,15.0,,52.0,780.2142857142857,0.014285714285714285
0.8164383561643835,demographic_sir,0.01051788274358442,1.4918333843281423e-17,0.9894821172564172,15.0,,52.0,780.2142857142857,0.014285714285714285
0.8191780821917808,demographic_sir,0.010556609270154551,1.323162998146393e-17,0.9894433907298471,15.0,,52.0,780.2142857142857,0.014285714285714285
0.821917808219178,demographic_sir,0.010595334281039016,1.173660055113034e-17,0.9894046657189627,15.0,,52.0,780.2142857142857,0.014285714285714285
0.8246575342465754,demographic_sir,0.010634057776297142,1.0411354863853007e-17,0.9893659422237046,15.0,,52.0,780.2142857142857,0.014285714285714285
0.8273972602739726,demographic_sir,0.01067277975598824,9.236514632115568e-18,0.9893272202440134,15.0,,52.0,780.2142857142857,0.014285714285714285
0.8301369863013699,demographic_sir,0.01071150022017163,8.194924222676014e-18,0.98928849977983,15.0,,52.0,780.2142857142857,0.014285714285714285
0.8328767123287671,demographic_sir,0.010750219168906627,7.271394484823721e-18,0.989249780831095,15.0,,52.0,780.2142857142857,0.014285714285714285
0.8356164383561644,demographic_sir,0.010788936602252542,6.452476244710042e-18,0.9892110633977492,15.0,,52.0,780.2142857142857,0.014285714285714285
0.8383561643835616,demographic_sir,0.010827652520268686,5.7262600141060305e-18,0.989172347479733,15.0,,52.0,780.2142857142857,0.014285714285714285
0.8410958904109589,demographic_sir,0.010866366923014363,5.0821988653990745e-18,0.9891336330769873,15.0,,52.0,780.2142857142857,0.014285714285714285
0.8438356164383561,demographic_sir,0.010905079810548883,4.51095178072401e-18,0.9890949201894528,15.0,,52.0,780.2142857142857,0.014285714285714285
0.8465753424657534,demographic_sir,0.010943791182931545,4.0042450974210495e-18,0.98905620881707,15.0,,52.0,780.2142857142857,0.014285714285714285
0.8493150684931506,demographic_sir,0.010982501040221648,3.554749949448367e-18,0.98901749895978,15.0,,52.0,780.2142857142857,0.014285714285714285
0.852054794520548,demographic_sir,0.011021209382478494,3.1559738492941915e-18,0.9889787906175231,15.0,,52.0,780.2142857142857,0.014285714285714285
0.8547945205479452,demographic_sir,0.011059916209761374,2.802164771160475e-18,0.9889400837902402,15.0,,52.0,780.2142857142857,0.014285714285714285
0.8575342465753425,demographic_sir,0.011098621522129587,2.488226287103138e-18,0.988901378477872,15.0,,52.0,780.2142857142857,0.014285714285714285
0.8602739726027397,demographic_sir,0.01113732531964242,2.2096424763907357e-18,0.9888626746803592,15.0,,52.0,780.2142857142857,0.014285714285714285
0.863013698630137,demographic_sir,0.011176027602359162,1.9624114772073666e-18,0.9888239723976424,15.0,,52.0,780.2142857142857,0.014285714285714285
0.8657534246575342,demographic_sir,0.011214728370339102,1.742986681294242e-18,0.9887852716296625,15.0,,52.0,780.2142857142857,0.014285714285714285
0.8684931506849315,demographic_sir,0.01125342762364152,1.5482246882382341e-18,0.9887465723763601,15.0,,52.0,780.2142857142857,0.014285714285714285
0.8712328767123287,demographic_sir,0.0112921253623257,1.3753392386769668e-18,0.988707874637676,15.0,,52.0,780.2142857142857,0.014285714285714285
0.873972602739726,demographic_sir,0.011330821586450922,1.221860436287513e-18,0.9886691784135507,15.0,,52.0,780.2142857142857,0.014285714285714285
0.8767123287671232,demographic_sir,0.01136951629607646,1.085598648461436e-18,0.9886304837039253,15.0,,52.0,780.2142857142857,0.014285714285714285
0.8794520547945206,demographic_sir,0.011408209491261593,9.64612546279692e-19,0.9885917905087401,15.0,,52.0,780.2142857142857,0.014285714285714285
0.8821917808219178,demographic_sir,0.01144690117206559,8.571808068782392e-19,0.9885530988279362,15.0,,52.0,780.2142857142857,0.014285714285714285
0.8849315068493151,demographic_sir,0.011485591338547723,7.617770565019579e-19,0.9885144086614541,15.0,,52.0,780.2142857142857,0.014285714285714285
0.8876712328767123,demographic_sir,0.011524279990767258,6.770476813310518e-19,0.9884757200092346,15.0,,52.0,780.2142857142857,0.014285714285714285
0.8904109589041096,demographic_sir,0.011562967128783463,6.017921762799384e-19,0.9884370328712183,15.0,,52.0,780.2142857142857,0.014285714285714285
0.8931506849315068,demographic_sir,0.011601652752655602,5.349457400764785e-19,0.9883983472473462,15.0,,52.0,780.2142857142857,0.014285714285714285
0.8958904109589041,demographic_sir,0.01164033686244293,4.755638586132349e-19,0.9883596631375589,15.0,,52.0,780.2142857142857,0.014285714285714285
0.8986301369863013,demographic_sir,0.011679019458204713,4.2280864833839933e-19,0.9883209805417971,15.0,,52.0,780.2142857142857,0.014285714285714285
0.9013698630136986,demographic_sir,0.011717700540000202,3.759367577775185e-19,0.9882822994600016,15.0,,52.0,780.2142857142857,0.014285714285714285
0.904109589041096,demographic_sir,0.011756380107888653,3.3428864855033404e-19,0.9882436198921131,15.0,,52.0,780.2142857142857,0.014285714285714285
0.9068493150684932,demographic_sir,0.011795058161929316,2.9727909782504613e-19,0.9882049418380724,15.0,,52.0,780.2142857142857,0.014285714285714285
0.9095890410958904,demographic_sir,0.011833734702181442,2.643887823486199e-19,0.9881662652978204,15.0,,52.0,780.2142857142857,0.014285714285714285
0.9123287671232877,demographic_sir,0.011872409728704276,2.351568202834379e-19,0.9881275902712976,15.0,,52.0,780.2142857142857,0.014285714285714285
0.915068493150685,demographic_sir,0.011911083241557064,2.0917416131203033e-19,0.9880889167584448,15.0,,52.0,780.2142857142857,0.014285714285714285
0.9178082191780822,demographic_sir,0.011949755240799049,1.8607772805902108e-19,0.9880502447592028,15.0,,52.0,780.2142857142857,0.014285714285714285
0.9205479452054794,demographic_sir,0.011988425726489468,1.6554522301349256e-19,0.9880115742735124,15.0,,52.0,780.2142857142857,0.014285714285714285
0.9232876712328767,demographic_sir,0.012027094698687561,1.4729052498433237e-19,0.9879729053013142,15.0,,52.0,780.2142857142857,0.014285714285714285
0.9260273972602739,demographic_sir,0.012065762157452564,1.3105960783469282e-19,0.9879342378425492,15.0,,52.0,780.2142857142857,0.014285714285714285
0.9287671232876712,demographic_sir,0.01210442810284371,1.1662692195105983e-19,0.987895571897158,15.0,,52.0,780.2142857142857,0.014285714285714285
0.9315068493150686,demographic_sir,0.012143092534920227,1.0379218572386039e-19,0.9878569074650815,15.0,,52.0,780.2142857142857,0.014285714285714285
0.9342465753424658,demographic_sir,0.012181755453741346,9.237754035278993e-20,0.9878182445462603,15.0,,52.0,780.2142857142857,0.014285714285714285
0.936986301369863,demographic_sir,0.012220416859366291,8.222502663189714e-20,0.9877795831406354,15.0,,52.0,780.2142857142857,0.014285714285714285
0.9397260273972603,demographic_sir,0.012259076751854288,7.319434709721857e-20,0.9877409232481473,15.0,,52.0,780.2142857142857,0.014285714285714285
0.9424657534246575,demographic_sir,0.012297735131264557,6.516088110428204e-20,0.987702264868737,15.0,,52.0,780.2142857142857,0.014285714285714285
0.9452054794520548,demographic_sir,0.012336391997656317,5.801392410686314e-20,0.9876636080023453,15.0,,52.0,780.2142857142857,0.014285714285714285
0.947945205479452,demographic_sir,0.012375047351088785,5.165512568737203e-20,0.9876249526489128,15.0,,52.0,780.2142857142857,0.014285714285714285
0.9506849315068493,demographic_sir,0.012413701191621175,4.5997103792195505e-20,0.9875862988083804,15.0,,52.0,780.2142857142857,0.014285714285714285
0.9534246575342465,demographic_sir,0.0124523535193127,4.09622151955462e-20,0.9875476464806889,15.0,,52.0,780.2142857142857,0.014285714285714285
0.9561643835616438,demographic_sir,0.01249100433422257,3.648146449119408e-20,0.9875089956657791,15.0,,52.0,780.2142857142857,0.014285714285714285
0.9589041095890412,demographic_sir,0.012529653636409992,3.2493535926755256e-20,0.9874703463635917,15.0,,52.0,780.2142857142857,0.014285714285714285
0.9616438356164384,demographic_sir,0.012568301425934172,2.8943934179956737e-20,0.9874316985740674,15.0,,52.0,780.2142857142857,0.014285714285714285
0.9643835616438357,demographic_sir,0.01260694770285431,2.5784221756978333e-20,0.9873930522971474,15.0,,52.0,780.2142857142857,0.014285714285714285
0.9671232876712329,demographic_sir,0.01264559246722961,2.2971342093050113e-20,0.987354407532772,15.0,,52.0,780.2142857142857,0.014285714285714285
0.9698630136986301,demographic_sir,0.01268423571911927,2.0467018675670643e-20,0.9873157642808823,15.0,,52.0,780.2142857142857,0.014285714285714285
0.9726027397260274,demographic_sir,0.012722877458582483,1.8237221609472596e-20,0.9872771225414191,15.0,,52.0,780.2142857142857,0.014285714285714285
0.9753424657534246,demographic_sir,0.012761517685678446,1.625169401511382e-20,0.9872384823143231,15.0,,52.0,780.2142857142857,0.014285714285714285
0.9780821917808219,demographic_sir,0.01280015640046635,1.4483531516979296e-20,0.9871998435995352,15.0,,52.0,780.2142857142857,0.014285714285714285
0.9808219178082191,demographic_sir,0.012838793603005381,1.2908808838647416e-20,0.9871612063969961,15.0,,52.0,780.2142857142857,0.014285714285714285
0.9835616438356164,demographic_sir,0.012877429293354729,1.150624820224731e-20,0.9871225707066468,15.0,,52.0,780.2142857142857,0.014285714285714285
0.9863013698630138,demographic_sir,0.012916063471573576,1.025692482796345e-20,0.987083936528428,15.0,,52.0,780.2142857142857,0.014285714285714285
0.989041095890411,demographic_sir,0.012954696137721104,9.144005361837761e-21,0.9870453038622804,15.0,,52.0,780.2142857142857,0.014285714285714285
0.9917808219178083,demographic_sir,0.012993327291856493,8.152515531471793e-21,0.987006672708145,15.0,,52.0,780.2142857142857,0.014285714285714285
0.9945205479452055,demographic_sir,0.013031956934038922,7.269133747147558e-21,0.9869680430659625,15.0,,52.0,780.2142857142857,0.014285714285714285
0.9972602739726028,demographic_sir,0.013070585064327565,6.482007736368297e-21,0.9869294149356739,15.0,,52.0,780.2142857142857,0.014285714285714285
1.0,demographic_sir,0.013109211682781594,5.780591628285087e-21,0.9868907883172199,15.0,,52.0,780.2142857142857,0.014285714285714285
1.0027397260273974,demographic_sir,0.013147836789460183,5.155501195706479e-21,0.9868521632105414,15.0,,52.0,780.2142857142857,0.014285714285714285
1.0054794520547945,demographic_sir,0.013186460384422493,4.598385220629257e-21,0.986813539615579,15.0,,52.0,780.2142857142857,0.014285714285714285
1.0082191780821919,demographic_sir,0.013225082467727698,4.101811178232593e-21,0.9867749175322739,15.0,,52.0,780.2142857142857,0.014285714285714285
1.010958904109589,demographic_sir,0.013263703039434954,3.6591636373744396e-21,0.9867362969605666,15.0,,52.0,780.2142857142857,0.014285714285714285
1.0136986301369864,demographic_sir,0.01330232209960343,3.2645539557577192e-21,0.9866976779003982,15.0,,52.0,780.2142857142857,0.014285714285714285
1.0164383561643835,demographic_sir,0.013340939648292277,2.912740007712402e-21,0.9866590603517092,15.0,,52.0,780.2142857142857,0.014285714285714285
1.0191780821917809,demographic_sir,0.01337955568556066,2.5990548242695627e-21,0.9866204443144408,15.0,,52.0,780.2142857142857,0.014285714285714285
1.021917808219178,demographic_sir,0.013418170211467724,2.319343150942146e-21,0.9865818297885338,15.0,,52.0,780.2142857142857,0.014285714285714285
1.0246575342465754,demographic_sir,0.01345678322607263,2.069905040179817e-21,0.9865432167739289,15.0,,52.0,780.2142857142857,0.014285714285714285
1.0273972602739727,demographic_sir,0.013495394729434522,1.847445694447153e-21,0.9865046052705669,15.0,,52.0,780.2142857142857,0.014285714285714285
1.0301369863013699,demographic_sir,0.013534004721612546,1.6490308637030627e-21,0.986465995278389,15.0,,52.0,780.2142857142857,0.014285714285714285
1.0328767123287672,demographic_sir,0.013572613202665852,1.4720471790023605e-21,0.9864273867973357,15.0,,52.0,780.2142857142857,0.014285714285714285
1.0356164383561643,demographic_sir,0.013611220172653577,1.3141668731131649e-21,0.986388779827348,15.0,,52.0,780.2142857142857,0.014285714285714285
1.0383561643835617,demographic_sir,0.013649825631634869,1.1733164004384288e-21,0.9863501743683667,15.0,,52.0,780.2142857142857,0.014285714285714285
1.0410958904109588,demographic_sir,0.013688429579668857,1.047648523026942e-21,0.9863115704203327,15.0,,52.0,780.2142857142857,0.014285714285714285
1.0438356164383562,demographic_sir,0.013727032016814683,9.355174778345875e-22,0.9862729679831869,15.0,,52.0,780.2142857142857,0.014285714285714285
1.0465753424657533,demographic_sir,0.013765632943131477,8.354568833445091e-22,0.9862343670568702,15.0,,52.0,780.2142857142857,0.014285714285714285
1.0493150684931507,demographic_sir,0.013804232358678375,7.46160081784326e-22,0.9861957676413233,15.0,,52.0,780.2142857142857,0.014285714285714285
1.052054794520548,demographic_sir,0.013842830263514502,6.664626470353548e-22,0.9861571697364873,15.0,,52.0,780.2142857142857,0.014285714285714285
1.0547945205479452,demographic_sir,0.013881426657698983,5.953268183919764e-22,0.9861185733423028,15.0,,52.0,780.2142857142857,0.014285714285714285
1.0575342465753426,demographic_sir,0.013920021541290947,5.318276470276959e-22,0.9860799784587109,15.0,,52.0,780.2142857142857,0.014285714285714285
1.0602739726027397,demographic_sir,0.013958614914349509,4.751406657355307e-22,0.9860413850856523,15.0,,52.0,780.2142857142857,0.014285714285714285
1.063013698630137,demographic_sir,0.013997206776933797,4.245309135702357e-22,0.9860027932230679,15.0,,52.0,780.2142857142857,0.014285714285714285
1.0657534246575342,demographic_sir,0.014035797129102918,3.7934316572699796e-22,0.9859642028708988,15.0,,52.0,780.2142857142857,0.014285714285714285
1.0684931506849316,demographic_sir,0.014074385970915999,3.38993235608802e-22,0.9859256140290857,15.0,,52.0,780.2142857142857,0.014285714285714285
1.0712328767123287,demographic_sir,0.014112973302432141,3.029602307983005e-22,0.9858870266975697,15.0,,52.0,780.2142857142857,0.014285714285714285
1.073972602739726,demographic_sir,0.014151559123710463,2.707796577666023e-22,0.9858484408762914,15.0,,52.0,780.2142857142857,0.014285714285714285
1.0767123287671232,demographic_sir,0.014190143434810065,2.420372818064711e-22,0.9858098565651918,15.0,,52.0,780.2142857142857,0.014285714285714285
1.0794520547945206,demographic_sir,0.01422872623579006,2.163636590338739e-22,0.9857712737642118,15.0,,52.0,780.2142857142857,0.014285714285714285
1.082191780821918,demographic_sir,0.01426730752670955,1.9342926650577086e-22,0.9857326924732923,15.0,,52.0,780.2142857142857,0.014285714285714285
1.084931506849315,demographic_sir,0.01430588730762763,1.7294016468176584e-22,0.9856941126923742,15.0,,52.0,780.2142857142857,0.014285714285714285
1.0876712328767124,demographic_sir,0.014344465578603405,1.5463413372779177e-22,0.9856555344213984,15.0,,52.0,780.2142857142857,0.014285714285714285
1.0904109589041096,demographic_sir,0.01438304233969597,1.3827723162264392e-22,0.9856169576603058,15.0,,52.0,780.2142857142857,0.014285714285714285
1.093150684931507,demographic_sir,0.01442161759096442,1.2366072777319165e-22,0.9855783824090373,15.0,,52.0,780.2142857142857,0.014285714285714285
1.095890410958904,demographic_sir,0.01446019133246784,1.1059837095173408e-22,0.9855398086675339,15.0,,52.0,780.2142857142857,0.014285714285714285
1.0986301369863014,demographic_sir,0.01449876356426533,9.892395491001809e-23,0.9855012364357363,15.0,,52.0,780.2142857142857,0.014285714285714285
1.1013698630136985,demographic_sir,0.01453733428641597,8.84891490623791e-23,0.9854626657135857,15.0,,52.0,780.2142857142857,0.014285714285714285
1.104109589041096,demographic_sir,0.014575903498978847,7.916156522103332e-23,0.9854240965010227,15.0,,52.0,780.2142857142857,0.014285714285714285
1.1068493150684933,demographic_sir,0.014614471202013046,7.082303455981999e-23,0.9853855287979886,15.0,,52.0,780.2142857142857,0.014285714285714285
1.1095890410958904,demographic_sir,0.014653037395577639,6.336807182262375e-23,0.985346962604424,15.0,,52.0,780.2142857142857,0.014285714285714285
1.1123287671232878,demographic_sir,0.014691602079731714,5.670250631877491e-23,0.9853083979202699,15.0,,52.0,780.2142857142857,0.014285714285714285
1.115068493150685,demographic_sir,0.014730165254534338,5.074226149468725e-23,0.9852698347454673,15.0,,52.0,780.2142857142857,0.014285714285714285
1.1178082191780823,demographic_sir,0.014768726920044592,4.541226686986312e-23,0.985231273079957,15.0,,52.0,780.2142857142857,0.014285714285714285
1.1205479452054794,demographic_sir,0.01480728707632154,4.0645487903765953e-23,0.9851927129236799,15.0,,52.0,780.2142857142857,0.014285714285714285
1.1232876712328768,demographic_sir,0.014845845723424256,3.638206094227683e-23,0.9851541542765772,15.0,,52.0,780.2142857142857,0.014285714285714285
1.126027397260274,demographic_sir,0.014884402861411803,3.256852180037307e-23,0.9851155971385895,15.0,,52.0,780.2142857142857,0.014285714285714285
1.1287671232876713,demographic_sir,0.014922958490343247,2.91571177904871e-23,0.985077041509658,15.0,,52.0,780.2142857142857,0.014285714285714285
1.1315068493150684,demographic_sir,0.014961512610277646,2.6105194120991114e-23,0.9850384873897235,15.0,,52.0,780.2142857142857,0.014285714285714285
1.1342465753424658,demographic_sir,0.015000065221274065,2.3374646581565834e-23,0.984999934778727,15.0,,52.0,780.2142857142857,0.014285714285714285
1.1369863013698631,demographic_sir,0.01503861632339156,2.0931433315491256e-23,0.9849613836766096,15.0,,52.0,780.2142857142857,0.014285714285714285
1.1397260273972603,demographic_sir,0.01507716591668918,1.8745139265120748e-23,0.9849228340833119,15.0,,52.0,780.2142857142857,0.014285714285714285
1.1424657534246576,demographic_sir,0.015115714001225983,1.6788587576738772e-23,0.9848842859987752,15.0,,52.0,780.2142857142857,0.014285714285714285
1.1452054794520548,demographic_sir,0.015154260577061016,1.5037492874143964e-23,0.9848457394229402,15.0,,52.0,780.2142857142857,0.014285714285714285
1.1479452054794521,demographic_sir,0.015192805644253331,1.347015186511886e-23,0.9848071943557478,15.0,,52.0,780.2142857142857,0.014285714285714285
1.1506849315068493,demographic_sir,0.015231349202861968,1.2067167238992114e-23,0.9847686507971393,15.0,,52.0,780.2142857142857,0.014285714285714285
1.1534246575342466,demographic_sir,0.015269891252945977,1.08112012534305e-23,0.9847301087470552,15.0,,52.0,780.2142857142857,0.014285714285714285
1.1561643835616437,demographic_sir,0.01530843179456439,9.686755800407377e-24,0.9846915682054369,15.0,,52.0,780.2142857142857,0.014285714285714285
1.158904109589041,demographic_sir,0.015346970827776255,8.67997609024168e-24,0.984653029172225,15.0,,52.0,780.2142857142857,0.014285714285714285
1.1616438356164385,demographic_sir,0.015385508352640603,7.778475403428195e-24,0.9846144916473606,15.0,,52.0,780.2142857142857,0.014285714285714285
1.1643835616438356,demographic_sir,0.015424044369216468,6.971178636847935e-24,0.9845759556307847,15.0,,52.0,780.2142857142857,0.014285714285714285
1.167123287671233,demographic_sir,0.015462578877562885,6.248182617605352e-24,0.9845374211224382,15.0,,52.0,780.2142857142857,0.014285714285714285
1.16986301369863,demographic_sir,0.015501111877738878,5.600631377489234e-24,0.9844988881222623,15.0,,52.0,780.2142857142857,0.014285714285714285
1.1726027397260275,demographic_sir,0.01553964336980348,5.02060477684897e-24,0.9844603566301977,15.0,,52.0,780.2142857142857,0.014285714285714285
1.1753424657534246,demographic_sir,0.01557817335381571,4.501019041149139e-24,0.9844218266461855,15.0,,52.0,780.2142857142857,0.014285714285714285
1.178082191780822,demographic_sir,0.015616701829834597,4.035537928936348e-24,0.9843832981701667,15.0,,52.0,780.2142857142857,0.014285714285714285
1.180821917808219,demographic_sir,0.01565522879791915,3.618493388515295e-24,0.9843447712020822,15.0,,52.0,780.2142857142857,0.014285714285714285
1.1835616438356165,demographic_sir,0.0156937542581284,3.2448146841231286e-24,0.984306245741873,15.0,,52.0,780.2142857142857,0.014285714285714285
1.1863013698630136,demographic_sir,0.015732278210521353,2.9099650824705044e-24,0.98426772178948,15.0,,52.0,780.2142857142857,0.014285714285714285
1.189041095890411,demographic_sir,0.015770800655157027,2.609885288639583e-24,0.9842291993448443,15.0,,52.0,780.2142857142857,0.014285714285714285
1.1917808219178083,demographic_sir,0.015809321592094437,2.340942907807578e-24,0.984190678407907,15.0,,52.0,780.2142857142857,0.014285714285714285
1.1945205479452055,demographic_sir,0.01584784102139258,2.0998872872528047e-24,0.9841521589786089,15.0,,52.0,780.2142857142857,0.014285714285714285
1.1972602739726028,demographic_sir,0.01588635894311047,1.8838091626391843e-24,0.9841136410568909,15.0,,52.0,780.2142857142857,0.014285714285714285
1.2,demographic_sir,0.01592487535730711,1.690104594581668e-24,0.9840751246426943,15.0,,52.0,780.2142857142857,0.014285714285714285
1.2027397260273973,demographic_sir,0.015963390264041505,1.5164427367899607e-24,0.9840366097359599,15.0,,52.0,780.2142857142857,0.014285714285714285
1.2054794520547945,demographic_sir,0.016001903663372643,1.3607370264034142e-24,0.9839980963366287,15.0,,52.0,780.2142857142857,0.014285714285714285
1.2082191780821918,demographic_sir,0.01604041555535953,1.2211194311128569e-24,0.9839595844446418,15.0,,52.0,780.2142857142857,0.014285714285714285
1.210958904109589,demographic_sir,0.01607892594006116,1.095917426898697e-24,0.9839210740599402,15.0,,52.0,780.2142857142857,0.014285714285714285
1.2136986301369863,demographic_sir,0.016117434817536528,9.836334152110955e-25,0.9838825651824649,15.0,,52.0,780.2142857142857,0.014285714285714285
1.2164383561643837,demographic_sir,0.01615594218784462,8.829263196404457e-25,0.9838440578121568,15.0,,52.0,780.2142857142857,0.014285714285714285
1.2191780821917808,demographic_sir,0.016194448051044422,7.925951299813236e-25,0.983805551948957,15.0,,52.0,780.2142857142857,0.014285714285714285
1.2219178082191782,demographic_sir,0.016232952407194925,7.115641864477689e-25,0.9837670475928065,15.0,,52.0,780.2142857142857,0.014285714285714285
1.2246575342465753,demographic_sir,0.016271455256355104,6.388700189758369e-25,0.9837285447436463,15.0,,52.0,780.2142857142857,0.014285714285714285
1.2273972602739727,demographic_sir,0.01630995659858395,5.736495763408443e-25,0.9836900434014175,15.0,,52.0,780.2142857142857,0.014285714285714285
1.2301369863013698,demographic_sir,0.016348456433940433,5.151296974805358e-25,0.983651543566061,15.0,,52.0,780.2142857142857,0.014285714285714285
1.2328767123287672,demographic_sir,0.016386954762483533,4.626176931802712e-25,0.9836130452375179,15.0,,52.0,780.2142857142857,0.014285714285714285
1.2356164383561643,demographic_sir,0.016425451584272225,4.154929203488676e-25,0.9835745484157292,15.0,,52.0,780.2142857142857,0.014285714285714285
1.2383561643835617,demographic_sir,0.01646394689936548,3.731992436753103e-25,0.983536053100636,15.0,,52.0,780.2142857142857,0.014285714285714285
1.241095890410959,demographic_sir,0.01650244070782227,3.3523829067143225e-25,0.9834975592921792,15.0,,52.0,780.2142857142857,0.014285714285714285
1.2438356164383562,demographic_sir,0.016540933009701553,3.011634161180037e-25,0.9834590669903,15.0,,52.0,780.2142857142857,0.014285714285714285
1.2465753424657535,demographic_sir,0.0165794238050623,2.705743008719213e-25,0.9834205761949392,15.0,,52.0,780.2142857142857,0.014285714285714285
1.2493150684931507,demographic_sir,0.016617913093963474,2.431121179752816e-25,0.9833820869060379,15.0,,52.0,780.2142857142857,0.014285714285714285
1.252054794520548,demographic_sir,0.016656400876464035,2.184552061361803e-25,0.9833435991235373,15.0,,52.0,780.2142857142857,0.014285714285714285
1.2547945205479452,demographic_sir,0.016694887152622934,1.9631519701823266e-25,0.9833051128473784,15.0,,52.0,780.2142857142857,0.014285714285714285
1.2575342465753425,demographic_sir,0.016733371922499136,1.7643354846246546e-25,0.9832666280775022,15.0,,52.0,780.2142857142857,0.014285714285714285
1.2602739726027397,demographic_sir,0.01677185518615159,1.5857844084503127e-25,0.9832281448138498,15.0,,52.0,780.2142857142857,0.014285714285714285
1.263013698630137,demographic_sir,0.016810336943639245,1.4254199831176875e-25,0.9831896630563621,15.0,,52.0,780.2142857142857,0.014285714285714285
1.2657534246575342,demographic_sir,0.016848817195021053,1.2813780068461778e-25,0.9831511828049804,15.0,,52.0,780.2142857142857,0.014285714285714285
1.2684931506849315,demographic_sir,0.01688729594035596,1.1519865545671817e-25,0.9831127040596455,15.0,,52.0,780.2142857142857,0.014285714285714285
1.2712328767123289,demographic_sir,0.016925773179702907,1.0357460252935577e-25,0.9830742268202984,15.0,,52.0,780.2142857142857,0.014285714285714285
1.273972602739726,demographic_sir,0.016964248913120834,9.31311272357145e-26,0.9830357510868805,15.0,,52.0,780.2142857142857,0.014285714285714285
1.2767123287671234,demographic_sir,0.01700272314066869,8.374755978077493e-26,0.9829972768593326,15.0,,52.0,780.2142857142857,0.014285714285714285
1.2794520547945205,demographic_sir,0.0170411958624054,7.531564153638306e-26,0.9829588041375958,15.0,,52.0,780.2142857142857,0.014285714285714285
1.2821917808219179,demographic_sir,0.017079667078389905,6.773824069488188e-26,0.9829203329216114,15.0,,52.0,780.2142857142857,0.014285714285714285
1.284931506849315,demographic_sir,0.017118136788681137,6.092820163003457e-26,0.9828818632113202,15.0,,52.0,780.2142857142857,0.014285714285714285
1.2876712328767124,demographic_sir,0.01715660499333803,5.480731396349933e-26,0.9828433950066633,15.0,,52.0,780.2142857142857,0.014285714285714285
1.2904109589041095,demographic_sir,0.017195071692419503,4.930538880988893e-26,0.9828049283075818,15.0,,52.0,780.2142857142857,0.014285714285714285
1.2931506849315069,demographic_sir,0.01723353688598449,4.435943099193443e-26,0.9827664631140168,15.0,,52.0,780.2142857142857,0.014285714285714285
1.2958904109589042,demographic_sir,0.01727200057409191,3.991289719625984e-26,0.9827279994259094,15.0,,52.0,780.2142857142857,0.014285714285714285
1.2986301369863014,demographic_sir,0.01731046275680068,3.591503109448616e-26,0.9826895372432006,15.0,,52.0,780.2142857142857,0.014285714285714285
1.3013698630136987,demographic_sir,0.017348923434169727,3.2320267397194187e-26,0.9826510765658316,15.0,,52.0,780.2142857142857,0.014285714285714285
1.3041095890410959,demographic_sir,0.017387382606257957,2.908769765146501e-26,0.9826126173937434,15.0,,52.0,780.2142857142857,0.014285714285714285
1.3068493150684932,demographic_sir,0.017425840273124295,2.6180591346881835e-26,0.982574159726877,15.0,,52.0,780.2142857142857,0.014285714285714285
1.3095890410958904,demographic_sir,0.017464296434827647,2.356596656949959e-26,0.9825357035651736,15.0,,52.0,780.2142857142857,0.014285714285714285
1.3123287671232877,demographic_sir,0.017502751091426922,2.1214205046751877e-26,0.9824972489085743,15.0,,52.0,780.2142857142857,0.014285714285714285
1.3150684931506849,demographic_sir,0.017541204242981025,1.909870696617643e-26,0.9824587957570202,15.0,,52.0,780.2142857142857,0.014285714285714285
1.3178082191780822,demographic_sir,0.017579655889548865,1.719558143387396e-26,0.9824203441104524,15.0,,52.0,780.2142857142857,0.014285714285714285
1.3205479452054794,demographic_sir,0.01761810603118934,1.5483368870848468e-26,0.9823818939688119,15.0,,52.0,780.2142857142857,0.014285714285714285
1.3232876712328767,demographic_sir,0.017656554667961358,1.3942792032136058e-26,0.98234344533204,15.0,,52.0,780.2142857142857,0.014285714285714285
1.326027397260274,demographic_sir,0.017695001799923813,1.255653267976713e-26,0.9823049982000776,15.0,,52.0,780.2142857142857,0.014285714285714285
1.3287671232876712,demographic_sir,0.017733447427135594,1.1309031250377639e-26,0.9822665525728658,15.0,,52.0,780.2142857142857,0.014285714285714285
1.3315068493150686,demographic_sir,0.017771891549655604,1.018630713556042e-26,0.9822281084503457,15.0,,52.0,780.2142857142857,0.014285714285714285
1.3342465753424657,demographic_sir,0.017810334167542723,9.17579744123837e-27,0.9821896658324586,15.0,,52.0,780.2142857142857,0.014285714285714285
1.336986301369863,demographic_sir,0.017848775280855853,8.266212314518342e-27,0.9821512247191455,15.0,,52.0,780.2142857142857,0.014285714285714285
1.3397260273972602,demographic_sir,0.01788721488965387,7.447405125400335e-27,0.9821127851103475,15.0,,52.0,780.2142857142857,0.014285714285714285
1.3424657534246576,demographic_sir,0.017925652993995664,6.710255968802755e-27,0.9820743470060056,15.0,,52.0,780.2142857142857,0.014285714285714285
1.3452054794520547,demographic_sir,0.01796408959394011,6.046567111834072e-27,0.9820359104060611,15.0,,52.0,780.2142857142857,0.014285714285714285
1.347945205479452,demographic_sir,0.0180025246895461,5.448969154033153e-27,0.9819974753104551,15.0,,52.0,780.2142857142857,0.014285714285714285
1.3506849315068494,demographic_sir,0.018040958280872498,4.910836796185576e-27,0.9819590417191287,15.0,,52.0,780.2142857142857,0.014285714285714285
1.3534246575342466,demographic_sir,0.01807939036797818,4.426213227852015e-27,0.9819206096320231,15.0,,52.0,780.2142857142857,0.014285714285714285
1.356164383561644,demographic_sir,0.018117820950922025,3.989742246331772e-27,0.9818821790490793,15.0,,52.0,780.2142857142857,0.014285714285714285
1.358904109589041,demographic_sir,0.018156250029762896,3.596607311675123e-27,0.9818437499702384,15.0,,52.0,780.2142857142857,0.014285714285714285
1.3616438356164384,demographic_sir,0.01819467760455967,3.242476824675256e-27,0.9818053223954416,15.0,,52.0,780.2142857142857,0.014285714285714285
1.3643835616438356,demographic_sir,0.0182331036753712,2.923454988521206e-27,0.9817668963246301,15.0,,52.0,780.2142857142857,0.014285714285714285
1.367123287671233,demographic_sir,0.018271528242256363,2.636037680867283e-27,0.981728471757745,15.0,,52.0,780.2142857142857,0.014285714285714285
1.36986301369863,demographic_sir,0.01830995130527401,2.3770728222831e-27,0.9816900486947273,15.0,,52.0,780.2142857142857,0.014285714285714285
1.3726027397260274,demographic_sir,0.018348372864483008,2.143724780101922e-27,0.9816516271355182,15.0,,52.0,780.2142857142857,0.014285714285714285
1.3753424657534246,demographic_sir,0.0183867929199422,1.933442394233604e-27,0.9816132070800591,15.0,,52.0,780.2142857142857,0.014285714285714285
1.378082191780822,demographic_sir,0.018425211471710456,1.743930254120662e-27,0.9815747885282908,15.0,,52.0,780.2142857142857,0.014285714285714285
1.3808219178082193,demographic_sir,0.01846362851984662,1.5731228942126261e-27,0.9815363714801546,15.0,,52.0,780.2142857142857,0.014285714285714285
1.3835616438356164,demographic_sir,0.01850204406440954,1.4191616095704941e-27,0.9814979559355916,15.0,,52.0,780.2142857142857,0.014285714285714285
1.3863013698630138,demographic_sir,0.018540458105458065,1.2803736239063414e-27,0.9814595418945431,15.0,,52.0,780.2142857142857,0.014285714285714285
1.389041095890411,demographic_sir,0.018578870643051037,1.1552533698796944e-27,0.9814211293569501,15.0,,52.0,780.2142857142857,0.014285714285714285
1.3917808219178083,demographic_sir,0.018617281677247303,1.0424456661431858e-27,0.9813827183227539,15.0,,52.0,780.2142857142857,0.014285714285714285
1.3945205479452054,demographic_sir,0.018655691208105698,9.407305977525357e-28,0.9813443087918956,15.0,,52.0,780.2142857142857,0.014285714285714285
1.3972602739726028,demographic_sir,0.018694099235685067,8.490099263926823e-28,0.9813059007643162,15.0,,52.0,780.2142857142857,0.014285714285714285
1.4,demographic_sir,0.01873250576004424,7.662948746628402e-28,0.9812674942399571,15.0,,52.0,780.2142857142857,0.014285714285714285
1.4027397260273973,demographic_sir,0.018770910781242052,6.916951446183828e-28,0.9812290892187592,15.0,,52.0,780.2142857142857,0.014285714285714285
1.4054794520547946,demographic_sir,0.018809314299337333,6.24409045079314e-28,0.9811906857006638,15.0,,52.0,780.2142857142857,0.014285714285714285
1.4082191780821918,demographic_sir,0.01884771631438891,5.6371461505217625e-28,0.9811522836856122,15.0,,52.0,780.2142857142857,0.014285714285714285
1.4109589041095891,demographic_sir,0.018886116826455617,5.089616421288179e-28,0.9811138831735455,15.0,,52.0,780.2142857142857,0.014285714285714285
1.4136986301369863,demographic_sir,0.01892451583559627,4.595644850573057e-28,0.9810754841644049,15.0,,52.0,780.2142857142857,0.014285714285714285
1.4164383561643836,demographic_sir,0.018962913341869697,4.149956189501515e-28,0.9810370866581315,15.0,,52.0,780.2142857142857,0.014285714285714285
1.4191780821917808,demographic_sir,0.019001309345334713,3.7477982991322294e-28,0.9809986906546665,15.0,,52.0,780.2142857142857,0.014285714285714285
1.4219178082191781,demographic_sir,0.01903970384605014,3.384889933426576e-28,0.980960296153951,15.0,,52.0,780.2142857142857,0.014285714285714285
1.4246575342465753,demographic_sir,0.01907809684407479,3.057373768359951e-28,0.9809219031559263,15.0,,52.0,780.2142857142857,0.014285714285714285
1.4273972602739726,demographic_sir,0.01911648833946747,2.761774146755693e-28,0.9808835116605336,15.0,,52.0,780.2142857142857,0.014285714285714285
1.43013698630137,demographic_sir,0.019154878332286997,2.49495906238665e-28,0.980845121667714,15.0,,52.0,780.2142857142857,0.014285714285714285
1.4328767123287671,demographic_sir,0.019193266822592175,2.2541059553269243e-28,0.9808067331774089,15.0,,52.0,780.2142857142857,0.014285714285714285
1.4356164383561645,demographic_sir,0.019231653810441816,2.036670934021846e-28,0.9807683461895592,15.0,,52.0,780.2142857142857,0.014285714285714285
1.4383561643835616,demographic_sir,0.019270039295894714,1.840361078583644e-28,0.9807299607041063,15.0,,52.0,780.2142857142857,0.014285714285714285
1.441095890410959,demographic_sir,0.01930842327900968,1.6631095148715057e-28,0.9806915767209913,15.0,,52.0,780.2142857142857,0.014285714285714285
1.4438356164383561,demographic_sir,0.019346805759845504,1.5030529803895424e-28,0.9806531942401554,15.0,,52.0,780.2142857142857,0.014285714285714285
1.4465753424657535,demographic_sir,0.019385186738460992,1.3585116312983736e-28,0.98061481326154,15.0,,52.0,780.2142857142857,0.014285714285714285
1.4493150684931506,demographic_sir,0.01942356621491493,1.2279708652191834e-28,0.9805764337850861,15.0,,52.0,780.2142857142857,0.014285714285714285
1.452054794520548,demographic_sir,0.019461944189266115,1.11006495730476e-28,0.9805380558107349,15.0,,52.0,780.2142857142857,0.014285714285714285
1.4547945205479451,demographic_sir,0.019500320661573332,1.0035623275287251e-28,0.9804996793384277,15.0,,52.0,780.2142857142857,0.014285714285714285
1.4575342465753425,demographic_sir,0.01953869563189537,9.073522755363598e-29,0.9804613043681056,15.0,,52.0,780.2142857142857,0.014285714285714285
1.4602739726027398,demographic_sir,0.019577069100291018,8.204330359242101e-29,0.98042293089971,15.0,,52.0,780.2142857142857,0.014285714285714285
1.463013698630137,demographic_sir,0.01961544106681905,7.419010216596899e-29,0.9803845589331819,15.0,,52.0,780.2142857142857,0.014285714285714285
1.4657534246575343,demographic_sir,0.019653811531538258,6.709411366898078e-29,0.9803461884684627,15.0,,52.0,780.2142857142857,0.014285714285714285
1.4684931506849315,demographic_sir,0.019692180494507407,6.068180507725764e-29,0.9803078195054935,15.0,,52.0,780.2142857142857,0.014285714285714285
1.4712328767123288,demographic_sir,0.019730547955785285,5.488683403339813e-29,0.9802694520442157,15.0,,52.0,780.2142857142857,0.014285714285714285
1.473972602739726,demographic_sir,0.019768913915430657,4.9649340883218096e-29,0.9802310860845703,15.0,,52.0,780.2142857142857,0.014285714285714285
1.4767123287671233,demographic_sir,0.019807278373502296,4.4915310880888843e-29,0.9801927216264987,15.0,,52.0,780.2142857142857,0.014285714285714285
1.4794520547945205,demographic_sir,0.019845641330058974,4.0635999562679114e-29,0.980154358669942,15.0,,52.0,780.2142857142857,0.014285714285714285
1.4821917808219178,demographic_sir,0.019884002785159453,3.676741499197142e-29,0.9801159972148416,15.0,,52.0,780.2142857142857,0.014285714285714285
1.4849315068493152,demographic_sir,0.0199223627388625,3.3269851210056927e-29,0.9800776372611385,15.0,,52.0,780.2142857142857,0.014285714285714285
1.4876712328767123,demographic_sir,0.01996072119122688,3.010746779521269e-29,0.9800392788087741,15.0,,52.0,780.2142857142857,0.014285714285714285
1.4904109589041097,demographic_sir,0.019999078142311347,2.724791094329163e-29,0.9800009218576896,15.0,,52.0,780.2142857142857,0.014285714285714285
1.4931506849315068,demographic_sir,0.02003743359217466,2.4661971942276097e-29,0.9799625664078263,15.0,,52.0,780.2142857142857,0.014285714285714285
1.4958904109589042,demographic_sir,0.020075787540875575,2.2323279326193853e-29,0.9799242124591254,15.0,,52.0,780.2142857142857,0.014285714285714285
1.4986301369863013,demographic_sir,0.02011413998847284,2.0208021365187752e-29,0.9798858600115282,15.0,,52.0,780.2142857142857,0.014285714285714285
1.5013698630136987,demographic_sir,0.020152490935025216,1.8294695882530558e-29,0.9798475090649759,15.0,,52.0,780.2142857142857,0.014285714285714285
1.5041095890410958,demographic_sir,0.020190840380591442,1.6563884689821625e-29,0.9798091596194096,15.0,,52.0,780.2142857142857,0.014285714285714285
1.5068493150684932,demographic_sir,0.020229188325230272,1.4998050201837618e-29,0.9797708116747708,15.0,,52.0,780.2142857142857,0.014285714285714285
1.5095890410958903,demographic_sir,0.020267534769000436,1.358135203563421e-29,0.9797324652310007,15.0,,52.0,780.2142857142857,0.014285714285714285
1.5123287671232877,demographic_sir,0.02030587971196069,1.2299481617208035e-29,0.9796941202880404,15.0,,52.0,780.2142857142857,0.014285714285714285
1.515068493150685,demographic_sir,0.020344223154169765,1.1139513015829285e-29,0.9796557768458314,15.0,,52.0,780.2142857142857,0.014285714285714285
1.5178082191780822,demographic_sir,0.020382565095686398,1.0089768403223563e-29,0.9796174349043147,15.0,,52.0,780.2142857142857,0.014285714285714285
1.5205479452054795,demographic_sir,0.02042090553656933,9.139696694132388e-30,0.9795790944634318,15.0,,52.0,780.2142857142857,0.014285714285714285
1.5232876712328767,demographic_sir,0.020459244476877282,8.279764068184037e-30,0.9795407555231238,15.0,,52.0,780.2142857142857,0.014285714285714285
1.526027397260274,demographic_sir,0.020497581916668995,7.501355202069202e-30,0.9795024180833322,15.0,,52.0,780.2142857142857,0.014285714285714285
1.5287671232876712,demographic_sir,0.020535917856003186,6.796684157190257e-30,0.979464082143998,15.0,,52.0,780.2142857142857,0.014285714285714285
1.5315068493150685,demographic_sir,0.02057425229493859,6.15871397251952e-30,0.9794257477050626,15.0,,52.0,780.2142857142857,0.014285714285714285
1.5342465753424657,demographic_sir,0.02061258523353392,5.581084106543932e-30,0.9793874147664673,15.0,,52.0,780.2142857142857,0.014285714285714285
1.536986301369863,demographic_sir,0.020650916671847905,5.058044956921572e-30,0.9793490833281533,15.0,,52.0,780.2142857142857,0.014285714285714285
1.5397260273972604,demographic_sir,0.02068924660993926,4.584398762786556e-30,0.9793107533900619,15.0,,52.0,780.2142857142857,0.014285714285714285
1.5424657534246575,demographic_sir,0.020727575047866702,4.155446263346212e-30,0.9792724249521345,15.0,,52.0,780.2142857142857,0.014285714285714285
1.5452054794520549,demographic_sir,0.020765901985688943,3.766938548290075e-30,0.9792340980143123,15.0,,52.0,780.2142857142857,0.014285714285714285
1.547945205479452,demographic_sir,0.020804227423464692,3.415033591252035e-30,0.9791957725765364,15.0,,52.0,780.2142857142857,0.014285714285714285
1.5506849315068494,demographic_sir,0.020842551361252664,3.0962570077517363e-30,0.9791574486387485,15.0,,52.0,780.2142857142857,0.014285714285714285
1.5534246575342465,demographic_sir,0.02088087379911156,2.807466624246194e-30,0.9791191262008897,15.0,,52.0,780.2142857142857,0.014285714285714285
1.5561643835616439,demographic_sir,0.02091919473710009,2.5458204856389544e-30,0.9790808052629012,15.0,,52.0,780.2142857142857,0.014285714285714285
1.558904109589041,demographic_sir,0.02095751417527695,2.3087479652771007e-30,0.9790424858247243,15.0,,52.0,780.2142857142857,0.014285714285714285
1.5616438356164384,demographic_sir,0.020995832113700846,2.0939236745117773e-30,0.9790041678863004,15.0,,52.0,780.2142857142857,0.014285714285714285
1.5643835616438355,demographic_sir,0.02103414855243047,1.8992438986744716e-30,0.9789658514475708,15.0,,52.0,780.2142857142857,0.014285714285714285
1.5671232876712329,demographic_sir,0.021072463491524522,1.722805313149253e-30,0.9789275365084767,15.0,,52.0,780.2142857142857,0.014285714285714285
1.5698630136986302,demographic_sir,0.021110776931041696,1.562885757399078e-30,0.9788892230689596,15.0,,52.0,780.2142857142857,0.014285714285714285
1.5726027397260274,demographic_sir,0.021149088871040677,1.4179268665914473e-30,0.9788509111289606,15.0,,52.0,780.2142857142857,0.014285714285714285
1.5753424657534247,demographic_sir,0.02118739931158016,1.286518380106371e-30,0.9788126006884211,15.0,,52.0,780.2142857142857,0.014285714285714285
1.5780821917808219,demographic_sir,0.02122570825271882,1.1673839639092075e-30,0.9787742917472825,15.0,,52.0,780.2142857142857,0.014285714285714285
1.5808219178082192,demographic_sir,0.021264015694515356,1.0593683997253126e-30,0.9787359843054859,15.0,,52.0,780.2142857142857,0.014285714285714285
1.5835616438356164,demographic_sir,0.021302321637028436,9.614260083369317e-31,0.9786976783629728,15.0,,52.0,780.2142857142857,0.014285714285714285
1.5863013698630137,demographic_sir,0.021340626080316748,8.7261018728906e-31,0.9786593739196845,15.0,,52.0,780.2142857142857,0.014285714285714285
1.5890410958904109,demographic_sir,0.021378929024438966,7.920639549828327e-31,0.9786210709755623,15.0,,52.0,780.2142857142857,0.014285714285714285
1.5917808219178082,demographic_sir,0.021417230469453766,7.19011403676363e-31,0.9785827695305475,15.0,,52.0,780.2142857142857,0.014285714285714285
1.5945205479452056,demographic_sir,0.02145553041541982,6.5274997341969775e-31,0.9785444695845814,15.0,,52.0,780.2142857142857,0.014285714285714285
1.5972602739726027,demographic_sir,0.021493828862395797,5.926434675231846e-31,0.9785061711376054,15.0,,52.0,780.2142857142857,0.014285714285714285
1.6,demographic_sir,0.021532125810440367,5.381157378908262e-31,0.9784678741895608,15.0,,52.0,780.2142857142857,0.014285714285714285
1.6027397260273972,demographic_sir,0.02157042125961219,4.88644975524193e-31,0.9784295787403889,15.0,,52.0,780.2142857142857,0.014285714285714285
1.6054794520547946,demographic_sir,0.02160871520996993,4.437585477931856e-31,0.9783912847900312,15.0,,52.0,780.2142857142857,0.014285714285714285
1.6082191780821917,demographic_sir,0.021647007661572255,4.030283297452263e-31,0.9783529923384289,15.0,,52.0,780.2142857142857,0.014285714285714285
1.610958904109589,demographic_sir,0.021685298614477818,3.660664818441014e-31,0.9783147013855232,15.0,,52.0,780.2142857142857,0.014285714285714285
1.6136986301369862,demographic_sir,0.021723588068745272,3.3252163114934547e-31,0.9782764119312557,15.0,,52.0,780.2142857142857,0.014285714285714285
1.6164383561643836,demographic_sir,0.021761876024433278,3.020754171150223e-31,0.9782381239755676,15.0,,52.0,780.2142857142857,0.014285714285714285
1.619178082191781,demographic_sir,0.021800162481600483,2.744393669482825e-31,0.9781998375184005,15.0,,52.0,780.2142857142857,0.014285714285714285
1.621917808219178,demographic_sir,0.02183844744030554,2.4935206886234266e-31,0.9781615525596954,15.0,,52.0,780.2142857142857,0.014285714285714285
1.6246575342465754,demographic_sir,0.021876730900607093,2.265766146222039e-31,0.9781232690993938,15.0,,52.0,780.2142857142857,0.014285714285714285
1.6273972602739726,demographic_sir,0.021915012862563785,2.058982855465734e-31,0.9780849871374372,15.0,,52.0,780.2142857142857,0.014285714285714285
1.63013698630137,demographic_sir,0.021953293326234267,1.8712245862541377e-31,0.9780467066737667,15.0,,52.0,780.2142857142857,0.014285714285714285
1.632876712328767,demographic_sir,0.02199157229167717,1.700727116658954e-31,0.9780084277083237,15.0,,52.0,780.2142857142857,0.014285714285714285
1.6356164383561644,demographic_sir,0.02202984975895114,1.5458910841366166e-31,0.9779701502410498,15.0,,52.0,780.2142857142857,0.014285714285714285
1.6383561643835616,demographic_sir,0.022068125728114802,1.405266464330898e-31,0.9779318742718862,15.0,,52.0,780.2142857142857,0.014285714285714285
1.641095890410959,demographic_sir,0.0221064001992268,1.2775385218854636e-31,0.9778935998007742,15.0,,52.0,780.2142857142857,0.014285714285714285
1.643835616438356,demographic_sir,0.022144673172345756,1.1615150926629107e-31,0.9778553268276552,15.0,,52.0,780.2142857142857,0.014285714285714285
1.6465753424657534,demographic_sir,0.022182944647530307,1.0561150702903631e-31,0.9778170553524707,15.0,,52.0,780.2142857142857,0.014285714285714285
1.6493150684931508,demographic_sir,0.022221214624839072,9.603579821669197e-32,0.9777787853751619,15.0,,52.0,780.2142857142857,0.014285714285714285
1.652054794520548,demographic_sir,0.02225948310433068,8.733545511001178e-32,0.9777405168956703,15.0,,52.0,780.2142857142857,0.014285714285714285
1.6547945205479453,demographic_sir,0.022297750086063755,7.942981487044825e-32,0.9777022499139373,15.0,,52.0,780.2142857142857,0.014285714285714285
1.6575342465753424,demographic_sir,0.022336015570096908,7.224570556976484e-32,0.9776639844299041,15.0,,52.0,780.2142857142857,0.014285714285714285
1.6602739726027398,demographic_sir,0.022374279556488765,6.571674523624718e-32,0.9776257204435123,15.0,,52.0,780.2142857142857,0.014285714285714285
1.663013698630137,demographic_sir,0.022412542045297936,5.978270697922154e-32,0.9775874579547031,15.0,,52.0,780.2142857142857,0.014285714285714285
1.6657534246575343,demographic_sir,0.022450803036583037,5.43889439175222e-32,0.977549196963418,15.0,,52.0,780.2142857142857,0.014285714285714285
1.6684931506849314,demographic_sir,0.022489062530402674,4.948586823757782e-32,0.9775109374695984,15.0,,52.0,780.2142857142857,0.014285714285714285
1.6712328767123288,demographic_sir,0.02252732052681546,4.502847924897322e-32,0.9774726794731856,15.0,,52.0,780.2142857142857,0.014285714285714285
1.6739726027397261,demographic_sir,0.022565577025879996,4.0975935795419844e-32,0.9774344229741211,15.0,,52.0,780.2142857142857,0.014285714285714285
1.6767123287671233,demographic_sir,0.022603832027654886,3.7291168821972725e-32,0.9773961679723462,15.0,,52.0,780.2142857142857,0.014285714285714285
1.6794520547945206,demographic_sir,0.022642085532198736,3.394053029971927e-32,0.9773579144678023,15.0,,52.0,780.2142857142857,0.014285714285714285
1.6821917808219178,demographic_sir,0.02268033753957014,3.0893475071094683e-32,0.9773196624604309,15.0,,52.0,780.2142857142857,0.014285714285714285
1.6849315068493151,demographic_sir,0.0227185880498277,2.8122272506177427e-32,0.9772814119501734,15.0,,52.0,780.2142857142857,0.014285714285714285
1.6876712328767123,demographic_sir,0.02275683706303,2.560174515617114e-32,0.977243162936971,15.0,,52.0,780.2142857142857,0.014285714285714285
1.6904109589041096,demographic_sir,0.022795084579235642,2.3309031857758986e-32,0.9772049154207654,15.0,,52.0,780.2142857142857,0.014285714285714285
1.6931506849315068,demographic_sir,0.022833330598503208,2.1223372983919314e-32,0.9771666694014979,15.0,,52.0,780.2142857142857,0.014285714285714285
1.6958904109589041,demographic_sir,0.022871575120891295,1.932591575552555e-32,0.9771284248791099,15.0,,52.0,780.2142857142857,0.014285714285714285
1.6986301369863013,demographic_sir,0.02290981814645848,1.7599537725903072e-32,0.9770901818535428,15.0,,52.0,780.2142857142857,0.014285714285714285
1.7013698630136986,demographic_sir,0.022948059675263352,1.602868672944311e-32,0.977051940324738,15.0,,52.0,780.2142857142857,0.014285714285714285
1.704109589041096,demographic_sir,0.022986299707364488,1.45992357472424e-32,0.9770137002926368,15.0,,52.0,780.2142857142857,0.014285714285714285
1.7068493150684931,demographic_sir,0.023024538242820462,1.3298351289148336e-32,0.9769754617571809,15.0,,52.0,780.2142857142857,0.014285714285714285
1.7095890410958905,demographic_sir,0.02306277528168986,1.2114374024058187e-32,0.9769372247183115,15.0,,52.0,780.2142857142857,0.014285714285714285
1.7123287671232876,demographic_sir,0.023101010824031244,1.1036710510166973e-32,0.9768989891759701,15.0,,52.0,780.2142857142857,0.014285714285714285
1.715068493150685,demographic_sir,0.023139244869903198,1.0055734985295635e-32,0.9768607551300981,15.0,,52.0,780.2142857142857,0.014285714285714285
1.7178082191780821,demographic_sir,0.023177477419364278,9.162700275563526e-33,0.9768225225806371,15.0,,52.0,780.2142857142857,0.014285714285714285
1.7205479452054795,demographic_sir,0.023215708472473062,8.349656969464585e-33,0.9767842915275282,15.0,,52.0,780.2142857142857,0.014285714285714285
1.7232876712328766,demographic_sir,0.02325393802928811,7.609380084779967e-33,0.9767460619707131,15.0,,52.0,780.2142857142857,0.014285714285714285
1.726027397260274,demographic_sir,0.02329216608986798,6.935302528496143e-33,0.9767078339101332,15.0,,52.0,780.2142857142857,0.014285714285714285
1.7287671232876713,demographic_sir,0.02333039265427124,6.321454715745158e-33,0.9766696073457299,15.0,,52.0,780.2142857142857,0.014285714285714285
1.7315068493150685,demographic_sir,0.023368617722556443,5.762409773384004e-33,0.9766313822774447,15.0,,52.0,780.2142857142857,0.014285714285714285
1.7342465753424658,demographic_sir,0.023406841294782144,5.253233807792545e-33,0.976593158705219,15.0,,52.0,780.2142857142857,0.014285714285714285
1.736986301369863,demographic_sir,0.023445063371006894,4.7894407653234076e-33,0.9765549366289943,15.0,,52.0,780.2142857142857,0.014285714285714285
1.7397260273972603,demographic_sir,0.023483283951289253,4.3669514580710504e-33,0.9765167160487119,15.0,,52.0,780.2142857142857,0.014285714285714285
1.7424657534246575,demographic_sir,0.023521503035687757,3.982056367685351e-33,0.9764784969643134,15.0,,52.0,780.2142857142857,0.014285714285714285
1.7452054794520548,demographic_sir,0.023559720624260965,3.6313818762266286e-33,0.9764402793757402,15.0,,52.0,780.2142857142857,0.014285714285714285
1.747945205479452,demographic_sir,0.02359793671706741,3.311859605913232e-33,0.9764020632829338,15.0,,52.0,780.2142857142857,0.014285714285714285
1.7506849315068493,demographic_sir,0.02363615131416564,3.0206985793655495e-33,0.9763638486858356,15.0,,52.0,780.2142857142857,0.014285714285714285
1.7534246575342465,demographic_sir,0.02367436441561419,2.7553599389041128e-33,0.9763256355843871,15.0,,52.0,780.2142857142857,0.014285714285714285
1.7561643835616438,demographic_sir,0.023712576021471598,2.5135339878724452e-33,0.9762874239785296,15.0,,52.0,780.2142857142857,0.014285714285714285
1.7589041095890412,demographic_sir,0.023750786131796403,2.2931193390751485e-33,0.9762492138682047,15.0,,52.0,780.2142857142857,0.014285714285714285
1.7616438356164383,demographic_sir,0.023788994746647134,2.092203975459607e-33,0.976211005253354,15.0,,52.0,780.2142857142857,0.014285714285714285
1.7643835616438357,demographic_sir,0.023827201866082323,1.9090480463275587e-33,0.9761727981339189,15.0,,52.0,780.2142857142857,0.014285714285714285
1.7671232876712328,demographic_sir,0.02386540749016049,1.7420682388155495e-33,0.9761345925098407,15.0,,52.0,780.2142857142857,0.014285714285714285
1.7698630136986302,demographic_sir,0.023903611618940175,1.5898235792926086e-33,0.9760963883810609,15.0,,52.0,780.2142857142857,0.014285714285714285
1.7726027397260273,demographic_sir,0.023941814252479886,1.4510025328368621e-33,0.9760581857475212,15.0,,52.0,780.2142857142857,0.014285714285714285
1.7753424657534247,demographic_sir,0.023980015390838154,1.3244112811990271e-33,0.976019984609163,15.0,,52.0,780.2142857142857,0.014285714285714285
1.7780821917808218,demographic_sir,0.024018215034073493,1.2089630707626197e-33,0.9759817849659276,15.0,,52.0,780.2142857142857,0.014285714285714285
1.7808219178082192,demographic_sir,0.024056413182244423,1.1036685320729657e-33,0.9759435868177566,15.0,,52.0,780.2142857142857,0.014285714285714285
1.7835616438356166,demographic_sir,0.024094609835409456,1.0076268816305228e-33,0.9759053901645915,15.0,,52.0,780.2142857142857,0.014285714285714285
1.7863013698630137,demographic_sir,0.024132804993627105,9.200179249144025e-34,0.9758671950063739,15.0,,52.0,780.2142857142857,0.014285714285714285
1.789041095890411,demographic_sir,0.024170998656955878,8.400947871016052e-34,0.9758290013430451,15.0,,52.0,780.2142857142857,0.014285714285714285
1.7917808219178082,demographic_sir,0.024209190825454283,7.671773047475309e-34,0.9757908091745467,15.0,,52.0,780.2142857142857,0.014285714285714285
1.7945205479452055,demographic_sir,0.024247381499180824,7.006460178597038e-34,0.9757526185008203,15.0,,52.0,780.2142857142857,0.014285714285714285
1.7972602739726027,demographic_sir,0.024285570678194004,6.39936707389551e-34,0.9757144293218071,15.0,,52.0,780.2142857142857,0.014285714285714285
1.8,demographic_sir,0.024323758362552326,5.845354282389928e-34,0.9756762416374488,15.0,,52.0,780.2142857142857,0.014285714285714285
1.8027397260273972,demographic_sir,0.02436194455231428,5.339739924797812e-34,0.9756380554476868,15.0,,52.0,780.2142857142857,0.014285714285714285
1.8054794520547945,demographic_sir,0.024400129247538375,4.878258616566688e-34,0.9755998707524627,15.0,,52.0,780.2142857142857,0.014285714285714285
1.808219178082192,demographic_sir,0.024438312448283095,4.457024108319084e-34,0.975561687551718,15.0,,52.0,780.2142857142857,0.014285714285714285
1.810958904109589,demographic_sir,0.02447649415460693,4.072495304633059e-34,0.9755235058453942,15.0,,52.0,780.2142857142857,0.014285714285714285
1.8136986301369864,demographic_sir,0.024514674366568373,3.7214453532484645e-34,0.9754853256334327,15.0,,52.0,780.2142857142857,0.014285714285714285
1.8164383561643835,demographic_sir,0.02455285308422591,3.400933525069022e-34,0.9754471469157752,15.0,,52.0,780.2142857142857,0.014285714285714285
1.819178082191781,demographic_sir,0.02459103030763803,3.1082796309925528e-34,0.975408969692363,15.0,,52.0,780.2142857142857,0.014285714285714285
1.821917808219178,demographic_sir,0.024629206036863204,2.8410407448935093e-34,0.9753707939631379,15.0,,52.0,780.2142857142857,0.014285714285714285
1.8246575342465754,demographic_sir,0.024667380271959922,2.596990023218458e-34,0.9753326197280411,15.0,,52.0,780.2142857142857,0.014285714285714285
1.8273972602739725,demographic_sir,0.02470555301298665,2.3740974308433454e-34,0.9752944469870144,15.0,,52.0,780.2142857142857,0.014285714285714285
1.83013698630137,demographic_sir,0.024743724260001876,2.1705122002563235e-34,0.9752562757399991,15.0,,52.0,780.2142857142857,0.014285714285714285
1.832876712328767,demographic_sir,0.024781894013064066,1.984546866942069e-34,0.9752181059869369,15.0,,52.0,780.2142857142857,0.014285714285714285
1.8356164383561644,demographic_sir,0.024820062272231692,1.8146627381965956e-34,0.9751799377277692,15.0,,52.0,780.2142857142857,0.014285714285714285
1.8383561643835618,demographic_sir,0.024858229037563226,1.6594566656356519e-34,0.9751417709624377,15.0,,52.0,780.2142857142857,0.014285714285714285
1.841095890410959,demographic_sir,0.024896394309117127,1.517649003493033e-34,0.9751036056908838,15.0,,52.0,780.2142857142857,0.014285714285714285
1.8438356164383563,demographic_sir,0.024934558086951865,1.3880726455521934e-34,0.9750654419130491,15.0,,52.0,780.2142857142857,0.014285714285714285
1.8465753424657534,demographic_sir,0.024972720371125894,1.2696630433139205e-34,0.9750272796288751,15.0,,52.0,780.2142857142857,0.014285714285714285
1.8493150684931507,demographic_sir,0.025010881161697678,1.1614491168662857e-34,0.9749891188383033,15.0,,52.0,780.2142857142857,0.014285714285714285
1.8520547945205479,demographic_sir,0.025049040458725674,1.0625449779746386e-34,0.9749509595412753,15.0,,52.0,780.2142857142857,0.014285714285714285
1.8547945205479452,demographic_sir,0.02508719826226834,9.721423922219826e-35,0.9749128017377326,15.0,,52.0,780.2142857142857,0.014285714285714285
1.8575342465753424,demographic_sir,0.025125354572384122,8.895039136742287e-35,0.9748746454276168,15.0,,52.0,780.2142857142857,0.014285714285714285
1.8602739726027397,demographic_sir,0.025163509389131474,8.139566315799814e-35,0.9748364906108695,15.0,,52.0,780.2142857142857,0.014285714285714285
1.863013698630137,demographic_sir,0.025201662712568844,7.448864740988752e-35,0.9747983372874321,15.0,,52.0,780.2142857142857,0.014285714285714285
1.8657534246575342,demographic_sir,0.02523981454275467,6.817330190349477e-35,0.9747601854572463,15.0,,52.0,780.2142857142857,0.014285714285714285
1.8684931506849316,demographic_sir,0.025277964879747403,6.239847660797892e-35,0.9747220351202536,15.0,,52.0,780.2142857142857,0.014285714285714285
1.8712328767123287,demographic_sir,0.02531611372360548,5.711748291851242e-35,0.9746838862763955,15.0,,52.0,780.2142857142857,0.014285714285714285
1.873972602739726,demographic_sir,0.025354261074387343,5.228770114241974e-35,0.9746457389256136,15.0,,52.0,780.2142857142857,0.014285714285714285
1.8767123287671232,demographic_sir,0.025392406932151425,4.7870222810084553e-35,0.9746075930678495,15.0,,52.0,780.2142857142857,0.014285714285714285
1.8794520547945206,demographic_sir,0.025430551296956164,4.3829524695473073e-35,0.9745694487030447,15.0,,52.0,780.2142857142857,0.014285714285714285
1.8821917808219177,demographic_sir,0.025468694168859985,4.0133171712034835e-35,0.9745313058311409,15.0,,52.0,780.2142857142857,0.014285714285714285
1.884931506849315,demographic_sir,0.025506835547921325,3.6751546105080416e-35,0.9744931644520796,15.0,,52.0,780.2142857142857,0.014285714285714285
1.8876712328767122,demographic_sir,0.025544975434198605,3.36576005939321e-35,0.9744550245658022,15.0,,52.0,780.2142857142857,0.014285714285714285
1.8904109589041096,demographic_sir,0.025583113827750255,3.08266333282317e-35,0.9744168861722506,15.0,,52.0,780.2142857142857,0.014285714285714285
1.893150684931507,demographic_sir,0.025621250728634696,2.8236082714775775e-35,0.9743787492713663,15.0,,52.0,780.2142857142857,0.014285714285714285
1.895890410958904,demographic_sir,0.025659386136910343,2.586534034581008e-35,0.9743406138630906,15.0,,52.0,780.2142857142857,0.014285714285714285
1.8986301369863015,demographic_sir,0.025697520052635623,2.3695580418497004e-35,0.9743024799473653,15.0,,52.0,780.2142857142857,0.014285714285714285
1.9013698630136986,demographic_sir,0.025735652475868943,2.1709604179679035e-35,0.9742643475241319,15.0,,52.0,780.2142857142857,0.014285714285714285
1.904109589041096,demographic_sir,0.025773783406668724,1.9891698061412554e-35,0.9742262165933322,15.0,,52.0,780.2142857142857,0.014285714285714285
1.906849315068493,demographic_sir,0.025811912845093373,1.8227504292249705e-35,0.9741880871549076,15.0,,52.0,780.2142857142857,0.014285714285714285
1.9095890410958904,demographic_sir,0.0258500407912013,1.670390287794452e-35,0.9741499592087997,15.0,,52.0,780.2142857142857,0.014285714285714285
1.9123287671232876,demographic_sir,0.025888167245050907,1.5308903944175156e-35,0.9741118327549501,15.0,,52.0,780.2142857142857,0.014285714285714285
1.915068493150685,demographic_sir,0.025926292206700608,1.403154952385808e-35,0.9740737077933004,15.0,,52.0,780.2142857142857,0.014285714285714285
1.9178082191780823,demographic_sir,0.025964415676208795,1.2861823953528236e-35,0.9740355843237922,15.0,,52.0,780.2142857142857,0.014285714285714285
1.9205479452054794,demographic_sir,0.02600253765363387,1.179057211777444e-35,0.9739974623463671,15.0,,52.0,780.2142857142857,0.014285714285714285
1.9232876712328768,demographic_sir,0.026040658139034233,1.0809424848545861e-35,0.9739593418609667,15.0,,52.0,780.2142857142857,0.014285714285714285
1.926027397260274,demographic_sir,0.02607877713246828,9.910730847874155e-36,0.9739212228675327,15.0,,52.0,780.2142857142857,0.014285714285714285
1.9287671232876713,demographic_sir,0.026116894633994404,9.08749455874153e-36,0.9738831053660066,15.0,,52.0,780.2142857142857,0.014285714285714285
1.9315068493150684,demographic_sir,0.02615501064367099,8.333319459977838e-36,0.97384498935633,15.0,,52.0,780.2142857142857,0.014285714285714285
1.9342465753424658,demographic_sir,0.026193125161556436,7.642356307629195e-36,0.9738068748384445,15.0,,52.0,780.2142857142857,0.014285714285714285
1.936986301369863,demographic_sir,0.026231238187709116,7.009255887639048e-36,0.9737687618122919,15.0,,52.0,780.2142857142857,0.014285714285714285
1.9397260273972603,demographic_sir,0.026269349722187422,6.429125883278677e-36,0.9737306502778136,15.0,,52.0,780.2142857142857,0.014285714285714285
1.9424657534246577,demographic_sir,0.026307459765049737,5.897491495916419e-36,0.9736925402349513,15.0,,52.0,780.2142857142857,0.014285714285714285
1.9452054794520548,demographic_sir,0.026345568316354432,5.4102594897197906e-36,0.9736544316836466,15.0,,52.0,780.2142857142857,0.014285714285714285
1.9479452054794522,demographic_sir,0.02638367537615989,4.9636853600369926e-36,0.9736163246238412,15.0,,52.0,780.2142857142857,0.014285714285714285
1.9506849315068493,demographic_sir,0.026421780944524482,4.5543433517537e-36,0.9735782190554766,15.0,,52.0,780.2142857142857,0.014285714285714285
1.9534246575342467,demographic_sir,0.026459885021506584,4.179099078102853e-36,0.9735401149784946,15.0,,52.0,780.2142857142857,0.014285714285714285
1.9561643835616438,demographic_sir,0.026497987607164562,3.835084512436171e-36,0.9735020123928366,15.0,,52.0,780.2142857142857,0.014285714285714285
1.9589041095890412,demographic_sir,0.026536088701556788,3.519675145532183e-36,0.9734639112984445,15.0,,52.0,780.2142857142857,0.014285714285714285
1.9616438356164383,demographic_sir,0.026574188304741623,3.230469119301126e-36,0.9734258116952595,15.0,,52.0,780.2142857142857,0.014285714285714285
1.9643835616438357,demographic_sir,0.026612286416777434,2.9652681644038827e-36,0.9733877135832237,15.0,,52.0,780.2142857142857,0.014285714285714285
1.9671232876712328,demographic_sir,0.026650383037722578,2.722060184483306e-36,0.9733496169622785,15.0,,52.0,780.2142857142857,0.014285714285714285
1.9698630136986301,demographic_sir,0.026688478167635418,2.4990033435373165e-36,0.9733115218323657,15.0,,52.0,780.2142857142857,0.014285714285714285
1.9726027397260275,demographic_sir,0.026726571806574312,2.2944115255708048e-36,0.9732734281934268,15.0,,52.0,780.2142857142857,0.014285714285714285
1.9753424657534246,demographic_sir,0.026764663954597603,2.1067410471516166e-36,0.9732353360454035,15.0,,52.0,780.2142857142857,0.014285714285714285
1.978082191780822,demographic_sir,0.026802754611763655,1.9345785139690433e-36,0.9731972453882374,15.0,,52.0,780.2142857142857,0.014285714285714285
1.9808219178082191,demographic_sir,0.02684084377813081,1.776629722039193e-36,0.9731591562218703,15.0,,52.0,780.2142857142857,0.014285714285714285
1.9835616438356165,demographic_sir,0.02687893145375742,1.631709512903525e-36,0.9731210685462437,15.0,,52.0,780.2142857142857,0.014285714285714285
1.9863013698630136,demographic_sir,0.026917017638701822,1.4987325001014582e-36,0.9730829823612993,15.0,,52.0,780.2142857142857,0.014285714285714285
1.989041095890411,demographic_sir,0.026955102333022368,1.3767045914308239e-36,0.9730448976669788,15.0,,52.0,780.2142857142857,0.014285714285714285
1.9917808219178081,demographic_sir,0.02699318553677739,1.264715238106622e-36,0.9730068144632238,15.0,,52.0,780.2142857142857,0.014285714285714285
1.9945205479452055,demographic_sir,0.027031267250025234,1.1619303479425463e-36,0.9729687327499759,15.0,,52.0,780.2142857142857,0.014285714285714285
1.9972602739726029,demographic_sir,0.02706934747282423,1.0675858051656187e-36,0.9729306525271769,15.0,,52.0,780.2142857142857,0.014285714285714285
2.0,demographic_sir,0.027107426205232717,9.809815444764265e-37,0.9728925737947685,15.0,,52.0,780.2142857142857,0.014285714285714285
2.0027397260273974,demographic_sir,0.02714550344730902,9.014761315307524e-37,0.9728544965526922,15.0,,52.0,780.2142857142857,0.014285714285714285
2.0054794520547947,demographic_sir,0.027183579199111473,8.28481806180529e-37,0.9728164208008897,15.0,,52.0,780.2142857142857,0.014285714285714285
2.0082191780821916,demographic_sir,0.02722165346069839,7.614599486087954e-37,0.9727783465393027,15.0,,52.0,780.2142857142857,0.014285714285714285
2.010958904109589,demographic_sir,0.027259726232128113,6.999169319574533e-37,0.972740273767873,15.0,,52.0,780.2142857142857,0.014285714285714285
2.0136986301369864,demographic_sir,0.027297797513458958,6.434003282071207e-37,0.9727022024865422,15.0,,52.0,780.2142857142857,0.014285714285714285
2.0164383561643837,demographic_sir,0.027335867304749243,5.914954369517889e-37,0.9726641326952519,15.0,,52.0,780.2142857142857,0.014285714285714285
2.0191780821917806,demographic_sir,0.02737393560605728,5.438221093428007e-37,0.9726260643939438,15.0,,52.0,780.2142857142857,0.014285714285714285
2.021917808219178,demographic_sir,0.027412002417441395,5.000318418778006e-37,0.9725879975825598,15.0,,52.0,780.2142857142857,0.014285714285714285
2.0246575342465754,demographic_sir,0.027450067738959895,4.59805116902196e-37,0.9725499322610413,15.0,,52.0,780.2142857142857,0.014285714285714285
2.0273972602739727,demographic_sir,0.02748813157067109,4.228489686907609e-37,0.97251186842933,15.0,,52.0,780.2142857142857,0.014285714285714285
2.03013698630137,demographic_sir,0.02752619391263329,3.8889475580320325e-37,0.9724738060873679,15.0,,52.0,780.2142857142857,0.014285714285714285
2.032876712328767,demographic_sir,0.027564254764904796,3.5769612207416903e-37,0.9724357452350963,15.0,,52.0,780.2142857142857,0.014285714285714285
2.0356164383561643,demographic_sir,0.02760231412754392,3.2902713011985194e-37,0.9723976858724572,15.0,,52.0,780.2142857142857,0.014285714285714285
2.0383561643835617,demographic_sir,0.027640372000608964,3.02680552632765e-37,0.9723596279993921,15.0,,52.0,780.2142857142857,0.014285714285714285
2.041095890410959,demographic_sir,0.02767842838415822,2.7846630800456605e-37,0.9723215716158429,15.0,,52.0,780.2142857142857,0.014285714285714285
2.043835616438356,demographic_sir,0.027716483278249982,2.5621002797533645e-37,0.9722835167217511,15.0,,52.0,780.2142857142857,0.014285714285714285
2.0465753424657533,demographic_sir,0.027754536682942556,2.3575174606536626e-37,0.9722454633170585,15.0,,52.0,780.2142857142857,0.014285714285714285
2.0493150684931507,demographic_sir,0.02779258859829423,2.1694469651165993e-37,0.9722074114017067,15.0,,52.0,780.2142857142857,0.014285714285714285
2.052054794520548,demographic_sir,0.027830639024363297,1.9965421431357927e-37,0.9721693609756377,15.0,,52.0,780.2142857142857,0.014285714285714285
2.0547945205479454,demographic_sir,0.027868687961208036,1.8375672779810242e-37,0.9721313120387929,15.0,,52.0,780.2142857142857,0.014285714285714285
2.0575342465753423,demographic_sir,0.027906735408886735,1.6913883585130625e-37,0.9720932645911142,15.0,,52.0,780.2142857142857,0.014285714285714285
2.0602739726027397,demographic_sir,0.027944781367457688,1.5569646263525028e-37,0.9720552186325432,15.0,,52.0,780.2142857142857,0.014285714285714285
2.063013698630137,demographic_sir,0.027982825836979162,1.4333408322394695e-37,0.9720171741630217,15.0,,52.0,780.2142857142857,0.014285714285714285
2.0657534246575344,demographic_sir,0.028020868817509443,1.319640141534482e-37,0.9719791311824915,15.0,,52.0,780.2142857142857,0.014285714285714285
2.0684931506849313,demographic_sir,0.0280589103091068,1.2150576339416928e-37,0.9719410896908941,15.0,,52.0,780.2142857142857,0.014285714285714285
2.0712328767123287,demographic_sir,0.028096950311829516,1.11885434722308e-37,0.9719030496881714,15.0,,52.0,780.2142857142857,0.014285714285714285
2.073972602739726,demographic_sir,0.028134988825735865,1.030351818957011e-37,0.971865011174265,15.0,,52.0,780.2142857142857,0.014285714285714285
2.0767123287671234,demographic_sir,0.02817302585088411,9.489270843096978e-38,0.9718269741491168,15.0,,52.0,780.2142857142857,0.014285714285714285
2.0794520547945208,demographic_sir,0.02821106138733252,8.74008091367732e-38,0.9717889386126684,15.0,,52.0,780.2142857142857,0.014285714285714285
2.0821917808219177,demographic_sir,0.02824909543513935,8.050694988511896e-38,0.9717509045648615,15.0,,52.0,780.2142857142857,0.014285714285714285
2.084931506849315,demographic_sir,0.028287127994362882,7.416288240176673e-38,0.9717128720056379,15.0,,52.0,780.2142857142857,0.014285714285714285
2.0876712328767124,demographic_sir,0.02832515906506137,6.832429113021641e-38,0.9716748409349394,15.0,,52.0,780.2142857142857,0.014285714285714285
2.0904109589041098,demographic_sir,0.028363188647293064,6.295046947373518e-38,0.9716368113527076,15.0,,52.0,780.2142857142857,0.014285714285714285
2.0931506849315067,demographic_sir,0.02840121674111622,5.800402294851422e-38,0.9715987832588845,15.0,,52.0,780.2142857142857,0.014285714285714285
2.095890410958904,demographic_sir,0.028439243346589104,5.345059699005465e-38,0.9715607566534117,15.0,,52.0,780.2142857142857,0.014285714285714285
2.0986301369863014,demographic_sir,0.028477268463769956,4.92586273460753e-38,0.9715227315362309,15.0,,52.0,780.2142857142857,0.014285714285714285
2.1013698630136988,demographic_sir,0.028515292092717033,4.539911116404538e-38,0.9714847079072838,15.0,,52.0,780.2142857142857,0.014285714285714285
2.104109589041096,demographic_sir,0.02855331423348858,4.1845397041390046e-38,0.9714466857665123,15.0,,52.0,780.2142857142857,0.014285714285714285
2.106849315068493,demographic_sir,0.028591334886142825,3.8572992452679605e-38,0.971408665113858,15.0,,52.0,780.2142857142857,0.014285714285714285
2.1095890410958904,demographic_sir,0.028629354050738035,3.5559387101930073e-38,0.9713706459492628,15.0,,52.0,780.2142857142857,0.014285714285714285
2.1123287671232878,demographic_sir,0.028667371727332438,3.2783890870574004e-38,0.9713326282726684,15.0,,52.0,780.2142857142857,0.014285714285714285
2.115068493150685,demographic_sir,0.028705387915984273,3.022748514364884e-38,0.9712946120840166,15.0,,52.0,780.2142857142857,0.014285714285714285
2.117808219178082,demographic_sir,0.02874340261675177,2.787268639925439e-38,0.9712565973832491,15.0,,52.0,780.2142857142857,0.014285714285714285
2.1205479452054794,demographic_sir,0.02878141582969317,2.570342104009791e-38,0.9712185841703076,15.0,,52.0,780.2142857142857,0.014285714285714285
2.1232876712328768,demographic_sir,0.028819427554866703,2.370491053177881e-38,0.9711805724451341,15.0,,52.0,780.2142857142857,0.014285714285714285
2.126027397260274,demographic_sir,0.028857437792330597,2.186356599099559e-38,0.9711425622076703,15.0,,52.0,780.2142857142857,0.014285714285714285
2.128767123287671,demographic_sir,0.028895446542143068,2.0166891438760333e-38,0.9711045534578578,15.0,,52.0,780.2142857142857,0.014285714285714285
2.1315068493150684,demographic_sir,0.028933453804362356,1.8603394999499365e-38,0.9710665461956386,15.0,,52.0,780.2142857142857,0.014285714285714285
2.1342465753424658,demographic_sir,0.028971459579046677,1.716250738716364e-38,0.9710285404209542,15.0,,52.0,780.2142857142857,0.014285714285714285
2.136986301369863,demographic_sir,0.029009463866254248,1.5834507074607709e-38,0.9709905361337466,15.0,,52.0,780.2142857142857,0.014285714285714285
2.1397260273972605,demographic_sir,0.029047466666043287,1.4610451592993765e-38,0.9709525333339576,15.0,,52.0,780.2142857142857,0.014285714285714285
2.1424657534246574,demographic_sir,0.029085467978472,1.3482114454199087e-38,0.9709145320215288,15.0,,52.0,780.2142857142857,0.014285714285714285
2.1452054794520548,demographic_sir,0.02912346780359862,1.2441927231535644e-38,0.9708765321964021,15.0,,52.0,780.2142857142857,0.014285714285714285
2.147945205479452,demographic_sir,0.02916146614148134,1.1482926372857619e-38,0.9708385338585195,15.0,,52.0,780.2142857142857,0.014285714285714285
2.1506849315068495,demographic_sir,0.029199462992178377,1.0598704355626687e-38,0.9708005370078224,15.0,,52.0,780.2142857142857,0.014285714285714285
2.1534246575342464,demographic_sir,0.02923745835574793,9.78336482602584e-39,0.9707625416442528,15.0,,52.0,780.2142857142857,0.014285714285714285
2.1561643835616437,demographic_sir,0.029275452232248207,9.031481393989626e-39,0.9707245477677525,15.0,,52.0,780.2142857142857,0.014285714285714285
2.158904109589041,demographic_sir,0.02931344462173741,8.338059783303657e-39,0.9706865553782633,15.0,,52.0,780.2142857142857,0.014285714285714285
2.1616438356164385,demographic_sir,0.029351435524273734,7.698503060913399e-39,0.970648564475727,15.0,,52.0,780.2142857142857,0.014285714285714285
2.164383561643836,demographic_sir,0.02938942493991538,7.108579692483622e-39,0.9706105750600853,15.0,,52.0,780.2142857142857,0.014285714285714285
2.1671232876712327,demographic_sir,0.029427412868720533,6.564394192225883e-39,0.9705725871312801,15.0,,52.0,780.2142857142857,0.014285714285714285
2.16986301369863,demographic_sir,0.029465399310747396,6.062360154234563e-39,0.9705346006892532,15.0,,52.0,780.2142857142857,0.014285714285714285
2.1726027397260275,demographic_sir,0.029503384266054155,5.599175470188889e-39,0.9704966157339465,15.0,,52.0,780.2142857142857,0.014285714285714285
2.175342465753425,demographic_sir,0.029541367734699,5.171799554418533e-39,0.9704586322653017,15.0,,52.0,780.2142857142857,0.014285714285714285
2.1780821917808217,demographic_sir,0.029579349716740106,4.777432412128988e-39,0.9704206502832606,15.0,,52.0,780.2142857142857,0.014285714285714285
2.180821917808219,demographic_sir,0.02961733021223567,4.4134954001416706e-39,0.9703826697877651,15.0,,52.0,780.2142857142857,0.014285714285714285
2.1835616438356165,demographic_sir,0.029655309221243865,4.077613541936393e-39,0.970344690778757,15.0,,52.0,780.2142857142857,0.014285714285714285
2.186301369863014,demographic_sir,0.02969328674382287,3.767599270176922e-39,0.9703067132561779,15.0,,52.0,780.2142857142857,0.014285714285714285
2.189041095890411,demographic_sir,0.029731262780030864,3.481437480349675e-39,0.9702687372199699,15.0,,52.0,780.2142857142857,0.014285714285714285
2.191780821917808,demographic_sir,0.029769237329926014,3.217271788722687e-39,0.9702307626700747,15.0,,52.0,780.2142857142857,0.014285714285714285
2.1945205479452055,demographic_sir,0.0298072103935665,2.973391896614799e-39,0.9701927896064342,15.0,,52.0,780.2142857142857,0.014285714285714285
2.197260273972603,demographic_sir,0.029845181971010486,2.7482219710193732e-39,0.9701548180289902,15.0,,52.0,780.2142857142857,0.014285714285714285
2.2,demographic_sir,0.029883152062316145,2.5403099590109315e-39,0.9701168479376845,15.0,,52.0,780.2142857142857,0.014285714285714285
2.202739726027397,demographic_sir,0.02992112066754163,2.3483177601381067e-39,0.9700788793324591,15.0,,52.0,780.2142857142857,0.014285714285714285
2.2054794520547945,demographic_sir,0.029959087786745112,2.171012187217792e-39,0.9700409122132556,15.0,,52.0,780.2142857142857,0.014285714285714285
2.208219178082192,demographic_sir,0.029997053419984755,2.007256651644872e-39,0.970002946580016,15.0,,52.0,780.2142857142857,0.014285714285714285
2.210958904109589,demographic_sir,0.03003501756731871,1.856003514558268e-39,0.969964982432682,15.0,,52.0,780.2142857142857,0.014285714285714285
2.2136986301369865,demographic_sir,0.030072980228805137,1.7162870500008086e-39,0.9699270197711957,15.0,,52.0,780.2142857142857,0.014285714285714285
2.2164383561643834,demographic_sir,0.030110941404502177,1.5872169706096577e-39,0.9698890585954987,15.0,,52.0,780.2142857142857,0.014285714285714285
2.219178082191781,demographic_sir,0.030148901094467998,1.4679724704111653e-39,0.9698510989055329,15.0,,52.0,780.2142857142857,0.014285714285714285
2.221917808219178,demographic_sir,0.030186859298760742,1.3577967429988076e-39,0.9698131407012401,15.0,,52.0,780.2142857142857,0.014285714285714285
2.2246575342465755,demographic_sir,0.030224816017438556,1.2559919367716004e-39,0.9697751839825622,15.0,,52.0,780.2142857142857,0.014285714285714285
2.2273972602739724,demographic_sir,0.030262771250559574,1.1619145120309133e-39,0.9697372287494412,15.0,,52.0,780.2142857142857,0.014285714285714285
2.23013698630137,demographic_sir,0.030300724998181955,1.0749709675964568e-39,0.9696992750018189,15.0,,52.0,780.2142857142857,0.014285714285714285
2.232876712328767,demographic_sir,0.030338677260363833,9.946139072309148e-40,0.9696613227396369,15.0,,52.0,780.2142857142857,0.014285714285714285
2.2356164383561645,demographic_sir,0.030376628037163345,9.203384185747299e-40,0.9696233719628373,15.0,,52.0,780.2142857142857,0.014285714285714285
2.2383561643835614,demographic_sir,0.030414577328638615,8.51678739507888e-40,0.969585422671362,15.0,,52.0,780.2142857142857,0.014285714285714285
2.241095890410959,demographic_sir,0.030452525134847794,7.882051888885089e-40,0.9695474748651529,15.0,,52.0,780.2142857142857,0.014285714285714285
2.243835616438356,demographic_sir,0.030490471455849003,7.2952134048532825e-40,0.9695095285441517,15.0,,52.0,780.2142857142857,0.014285714285714285
2.2465753424657535,demographic_sir,0.030528416291700375,6.752614206350125e-40,0.9694715837083003,15.0,,52.0,780.2142857142857,0.014285714285714285
2.249315068493151,demographic_sir,0.03056635964246003,6.2508791172983085e-40,0.9694336403575408,15.0,,52.0,780.2142857142857,0.014285714285714285
2.252054794520548,demographic_sir,0.03060430150818609,5.786893450866407e-40,0.9693956984918147,15.0,,52.0,780.2142857142857,0.014285714285714285
2.254794520547945,demographic_sir,0.030642241888936685,5.357782680759152e-40,0.9693577581110641,15.0,,52.0,780.2142857142857,0.014285714285714285
2.2575342465753425,demographic_sir,0.03068018078476993,4.960893716092027e-40,0.9693198192152308,15.0,,52.0,780.2142857142857,0.014285714285714285
2.26027397260274,demographic_sir,0.030718118195743944,4.5937776520335585e-40,0.9692818818042568,15.0,,52.0,780.2142857142857,0.014285714285714285
2.263013698630137,demographic_sir,0.030756054121916836,4.2541738786919305e-40,0.9692439458780839,15.0,,52.0,780.2142857142857,0.014285714285714285
2.265753424657534,demographic_sir,0.030793988563346728,3.939995440174532e-40,0.9692060114366541,15.0,,52.0,780.2142857142857,0.014285714285714285
2.2684931506849315,demographic_sir,0.03083192152009172,3.6493155444367025e-40,0.969168078479909,15.0,,52.0,780.2142857142857,0.014285714285714285
2.271232876712329,demographic_sir,0.03086985299220993,3.3803551325149656e-40,0.9691301470077908,15.0,,52.0,780.2142857142857,0.014285714285714285
2.2739726027397262,demographic_sir,0.030907782979759456,3.131471423075747e-40,0.9690922170202413,15.0,,52.0,780.2142857142857,0.014285714285714285
2.276712328767123,demographic_sir,0.030945711482798396,2.9011473549489988e-40,0.9690542885172024,15.0,,52.0,780.2142857142857,0.014285714285714285
2.2794520547945205,demographic_sir,0.030983638501384865,2.6879818565102175e-40,0.969016361498616,15.0,,52.0,780.2142857142857,0.014285714285714285
2.282191780821918,demographic_sir,0.031021564035576953,2.4906808764679784e-40,0.9689784359644239,15.0,,52.0,780.2142857142857,0.014285714285714285
2.2849315068493152,demographic_sir,0.03105948808543276,2.3080491158455857e-40,0.9689405119145681,15.0,,52.0,780.2142857142857,0.014285714285714285
2.287671232876712,demographic_sir,0.03109741065101037,2.13898240575703e-40,0.9689025893489905,15.0,,52.0,780.2142857142857,0.014285714285714285
2.2904109589041095,demographic_sir,0.03113533173236789,1.98246067999857e-40,0.968864668267633,15.0,,52.0,780.2142857142857,0.014285714285714285
2.293150684931507,demographic_sir,0.031173251329563407,1.8375414955437204e-40,0.9688267486704374,15.0,,52.0,780.2142857142857,0.014285714285714285
2.2958904109589042,demographic_sir,0.031211169442655,1.703354057766578e-40,0.9687888305573458,15.0,,52.0,780.2142857142857,0.014285714285714285
2.2986301369863016,demographic_sir,0.03124908607170076,1.5790937106566871e-40,0.9687509139283,15.0,,52.0,780.2142857142857,0.014285714285714285
2.3013698630136985,demographic_sir,0.031287001216758765,1.4640168554489792e-40,0.968712998783242,15.0,,52.0,780.2142857142857,0.014285714285714285
2.304109589041096,demographic_sir,0.031324914877887106,1.3574362639993385e-40,0.9686750851221138,15.0,,52.0,780.2142857142857,0.014285714285714285
2.3068493150684932,demographic_sir,0.03136282705514385,1.2587167559102949e-40,0.9686371729448571,15.0,,52.0,780.2142857142857,0.014285714285714285
2.3095890410958906,demographic_sir,0.03140073774858708,1.1672712108698441e-40,0.9685992622514139,15.0,,52.0,780.2142857142857,0.014285714285714285
2.3123287671232875,demographic_sir,0.03143864695827486,1.0825568899291494e-40,0.9685613530417262,15.0,,52.0,780.2142857142857,0.014285714285714285
2.315068493150685,demographic_sir,0.03147655468426528,1.0040720415253367e-40,0.9685234453157358,15.0,,52.0,780.2142857142857,0.014285714285714285
2.317808219178082,demographic_sir,0.03151446092661639,9.31352769970494e-41,0.9684855390733846,15.0,,52.0,780.2142857142857,0.014285714285714285
2.3205479452054796,demographic_sir,0.03155236568538627,8.639701458889237e-41,0.9684476343146148,15.0,,52.0,780.2142857142857,0.014285714285714285
2.323287671232877,demographic_sir,0.03159026896063298,8.01527539705956e-41,0.9684097310393681,15.0,,52.0,780.2142857142857,0.014285714285714285
2.326027397260274,demographic_sir,0.03162817075241457,7.436581607827721e-41,0.9683718292475865,15.0,,52.0,780.2142857142857,0.014285714285714285
2.328767123287671,demographic_sir,0.03166607106078913,6.900227861642496e-41,0.9683339289392119,15.0,,52.0,780.2142857142857,0.014285714285714285
2.3315068493150686,demographic_sir,0.03170396988581469,6.403076641702058e-41,0.9682960301141863,15.0,,52.0,780.2142857142857,0.014285714285714285
2.334246575342466,demographic_sir,0.03174186722754932,5.942225792227389e-41,0.9682581327724517,15.0,,52.0,780.2142857142857,0.014285714285714285
2.336986301369863,demographic_sir,0.03177976308605106,5.514990653728889e-41,0.96822023691395,15.0,,52.0,780.2142857142857,0.014285714285714285
2.33972602739726,demographic_sir,0.03181765746137797,5.118887569747514e-41,0.9681823425386231,15.0,,52.0,780.2142857142857,0.014285714285714285
2.3424657534246576,demographic_sir,0.03185555035358811,4.751618658623329e-41,0.968144449646413,15.0,,52.0,780.2142857142857,0.014285714285714285
2.345205479452055,demographic_sir,0.031893441762739505,4.4110577521919367e-41,0.9681065582372615,15.0,,52.0,780.2142857142857,0.014285714285714285
2.3479452054794523,demographic_sir,0.031931331688890216,4.095237411000008e-41,0.9680686683111108,15.0,,52.0,780.2142857142857,0.014285714285714285
2.350684931506849,demographic_sir,0.031969220132098276,3.8023369327092363e-41,0.9680307798679028,15.0,,52.0,780.2142857142857,0.014285714285714285
2.3534246575342466,demographic_sir,0.03200710709242173,3.5306712768776587e-41,0.9679928929075793,15.0,,52.0,780.2142857142857,0.014285714285714285
2.356164383561644,demographic_sir,0.03204499256991861,3.2786808353122833e-41,0.9679550074300824,15.0,,52.0,780.2142857142857,0.014285714285714285
2.3589041095890413,demographic_sir,0.03208287656464695,3.044921982715224e-41,0.9679171234353541,15.0,,52.0,780.2142857142857,0.014285714285714285
2.361643835616438,demographic_sir,0.032120759076664784,2.8280583474407657e-41,0.9678792409233363,15.0,,52.0,780.2142857142857,0.014285714285714285
2.3643835616438356,demographic_sir,0.03215864010603015,2.626852746871486e-41,0.9678413598939709,15.0,,52.0,780.2142857142857,0.014285714285714285
2.367123287671233,demographic_sir,0.03219651965280107,2.440159736244954e-41,0.9678034803472,15.0,,52.0,780.2142857142857,0.014285714285714285
2.3698630136986303,demographic_sir,0.032234397717035575,2.2669187237434176e-41,0.9677656022829655,15.0,,52.0,780.2142857142857,0.014285714285714285
2.372602739726027,demographic_sir,0.032272274298791676,2.106147608329126e-41,0.9677277257012094,15.0,,52.0,780.2142857142857,0.014285714285714285
2.3753424657534246,demographic_sir,0.03231014939812741,1.956936900187744e-41,0.9676898506018736,15.0,,52.0,780.2142857142857,0.014285714285714285
2.378082191780822,demographic_sir,0.032348023015100785,1.818444286758425e-41,0.9676519769849002,15.0,,52.0,780.2142857142857,0.014285714285714285
2.3808219178082193,demographic_sir,0.032385895149769826,1.6898896101991465e-41,0.9676141048502311,15.0,,52.0,780.2142857142857,0.014285714285714285
2.3835616438356166,demographic_sir,0.03242376580219255,1.570550224782831e-41,0.9675762341978084,15.0,,52.0,780.2142857142857,0.014285714285714285
2.3863013698630136,demographic_sir,0.032461634972426955,1.4597567051580378e-41,0.967538365027574,15.0,,52.0,780.2142857142857,0.014285714285714285
2.389041095890411,demographic_sir,0.03249950266053107,1.3568888786561191e-41,0.9675004973394699,15.0,,52.0,780.2142857142857,0.014285714285714285
2.3917808219178083,demographic_sir,0.03253736886656289,1.2613721568993908e-41,0.9674626311334381,15.0,,52.0,780.2142857142857,0.014285714285714285
2.3945205479452056,demographic_sir,0.03257523359058042,1.1726741438747247e-41,0.9674247664094205,15.0,,52.0,780.2142857142857,0.014285714285714285
2.3972602739726026,demographic_sir,0.032613096832641665,1.0903014993990352e-41,0.9673869031673593,15.0,,52.0,780.2142857142857,0.014285714285714285
2.4,demographic_sir,0.03265095859280463,1.0137970385267561e-41,0.9673490414071964,15.0,,52.0,780.2142857142857,0.014285714285714285
2.4027397260273973,demographic_sir,0.03268881887112732,9.427370489474087e-42,0.9673111811288737,15.0,,52.0,780.2142857142857,0.014285714285714285
2.4054794520547946,demographic_sir,0.032726677667667715,8.767288098019327e-42,0.9672733223323333,15.0,,52.0,780.2142857142857,0.014285714285714285
2.408219178082192,demographic_sir,0.032764534982483814,8.154082966205922e-42,0.9672354650175172,15.0,,52.0,780.2142857142857,0.014285714285714285
2.410958904109589,demographic_sir,0.03280239081563361,7.584380582597199e-42,0.9671976091843674,15.0,,52.0,780.2142857142857,0.014285714285714285
2.4136986301369863,demographic_sir,0.032840245167175104,7.055052527981383e-42,0.9671597548328258,15.0,,52.0,780.2142857142857,0.014285714285714285
2.4164383561643836,demographic_sir,0.03287809803716628,6.563198303537935e-42,0.9671219019628347,15.0,,52.0,780.2142857142857,0.014285714285714285
2.419178082191781,demographic_sir,0.032915949425665114,6.106128517028843e-42,0.9670840505743359,15.0,,52.0,780.2142857142857,0.014285714285714285
2.421917808219178,demographic_sir,0.032953799332729586,5.681349324347961e-42,0.9670462006672714,15.0,,52.0,780.2142857142857,0.014285714285714285
2.4246575342465753,demographic_sir,0.03299164775841769,5.286548031607939e-42,0.9670083522415833,15.0,,52.0,780.2142857142857,0.014285714285714285
2.4273972602739726,demographic_sir,0.0330294947027874,4.919579770188772e-42,0.9669705052972136,15.0,,52.0,780.2142857142857,0.014285714285714285
2.43013698630137,demographic_sir,0.033067340165896686,4.5784551638527037e-42,0.9669326598341044,15.0,,52.0,780.2142857142857,0.014285714285714285
2.4328767123287673,demographic_sir,0.03310518414780353,4.2613289132002736e-42,0.9668948158521975,15.0,,52.0,780.2142857142857,0.014285714285714285
2.4356164383561643,demographic_sir,0.03314302664856589,3.9664892284331254e-42,0.9668569733514352,15.0,,52.0,780.2142857142857,0.014285714285714285
2.4383561643835616,demographic_sir,0.03318086766824175,3.692348046643322e-42,0.9668191323317593,15.0,,52.0,780.2142857142857,0.014285714285714285
2.441095890410959,demographic_sir,0.03321870720688907,3.43743197469949e-42,0.966781292793112,15.0,,52.0,780.2142857142857,0.014285714285714285
2.4438356164383563,demographic_sir,0.03325654526456582,3.2003739032753716e-42,0.9667434547354353,15.0,,52.0,780.2142857142857,0.014285714285714285
2.4465753424657533,demographic_sir,0.03329438184132995,2.9799052417011266e-42,0.9667056181586712,15.0,,52.0,780.2142857142857,0.014285714285714285
2.4493150684931506,demographic_sir,0.03333221693723944,2.77484872713236e-42,0.9666677830627617,15.0,,52.0,780.2142857142857,0.014285714285714285
2.452054794520548,demographic_sir,0.03337005055235223,2.584111765056294e-42,0.9666299494476489,15.0,,52.0,780.2142857142857,0.014285714285714285
2.4547945205479453,demographic_sir,0.03340788268672629,2.4066802614066657e-42,0.9665921173132748,15.0,,52.0,780.2142857142857,0.014285714285714285
2.4575342465753427,demographic_sir,0.033445713340419556,2.241612909564662e-42,0.9665542866595815,15.0,,52.0,780.2142857142857,0.014285714285714285
2.4602739726027396,demographic_sir,0.033483542513489985,2.088035898297194e-42,0.9665164574865112,15.0,,52.0,780.2142857142857,0.014285714285714285
2.463013698630137,demographic_sir,0.03352137020599554,1.9451380092466633e-42,0.9664786297940056,15.0,,52.0,780.2142857142857,0.014285714285714285
2.4657534246575343,demographic_sir,0.03355919641799416,1.8121660749539938e-42,0.9664408035820069,15.0,,52.0,780.2142857142857,0.014285714285714285
2.4684931506849317,demographic_sir,0.033597021149543785,1.6884207705824596e-42,0.9664029788504572,15.0,,52.0,780.2142857142857,0.014285714285714285
2.4712328767123286,demographic_sir,0.03363484440070236,1.573252714530757e-42,0.9663651555992987,15.0,,52.0,780.2142857142857,0.014285714285714285
2.473972602739726,demographic_sir,0.03367266617152782,1.4660588549893543e-42,0.9663273338284732,15.0,,52.0,780.2142857142857,0.014285714285714285
2.4767123287671233,demographic_sir,0.0337104864620781,1.3662791212190202e-42,0.966289513537923,15.0,,52.0,780.2142857142857,0.014285714285714285
2.4794520547945207,demographic_sir,0.033748305272411155,1.2733933199230424e-42,0.96625169472759,15.0,,52.0,780.2142857142857,0.014285714285714285
2.482191780821918,demographic_sir,0.0337861226025849,1.1869182585575989e-42,0.9662138773974163,15.0,,52.0,780.2142857142857,0.014285714285714285
2.484931506849315,demographic_sir,0.033823938452657264,1.1064050787850039e-42,0.9661760615473439,15.0,,52.0,780.2142857142857,0.014285714285714285
2.4876712328767123,demographic_sir,0.03386175282268619,1.0314367845320995e-42,0.966138247177315,15.0,,52.0,780.2142857142857,0.014285714285714285
2.4904109589041097,demographic_sir,0.0338995657127296,9.616259502786154e-43,0.9661004342872717,15.0,,52.0,780.2142857142857,0.014285714285714285
2.493150684931507,demographic_sir,0.033937377122845405,8.966125962742266e-43,0.9660626228771558,15.0,,52.0,780.2142857142857,0.014285714285714285
2.495890410958904,demographic_sir,0.033975187053091535,8.360622183766763e-43,0.9660248129469097,15.0,,52.0,780.2142857142857,0.014285714285714285
2.4986301369863013,demographic_sir,0.03401299550352592,7.796639611211418e-43,0.9659870044964753,15.0,,52.0,780.2142857142857,0.014285714285714285
2.5013698630136987,demographic_sir,0.034050802474206464,7.271289234802138e-43,0.9659491975257948,15.0,,52.0,780.2142857142857,0.014285714285714285
2.504109589041096,demographic_sir,0.03408860796519109,6.78188587558401e-43,0.9659113920348101,15.0,,52.0,780.2142857142857,0.014285714285714285
2.506849315068493,demographic_sir,0.034126411976537686,6.325933611912117e-43,0.9658735880234636,15.0,,52.0,780.2142857142857,0.014285714285714285
2.5095890410958903,demographic_sir,0.034164214508304196,5.901112260897795e-43,0.965835785491697,15.0,,52.0,780.2142857142857,0.014285714285714285
2.5123287671232877,demographic_sir,0.03420201556054851,5.5052648379294214e-43,0.9657979844394528,15.0,,52.0,780.2142857142857,0.014285714285714285
2.515068493150685,demographic_sir,0.03423981513332854,5.136385922625097e-43,0.9657601848666727,15.0,,52.0,780.2142857142857,0.014285714285714285
2.5178082191780824,demographic_sir,0.0342776132267022,4.792610864887336e-43,0.965722386773299,15.0,,52.0,780.2142857142857,0.014285714285714285
2.5205479452054793,demographic_sir,0.034315409840727354,4.472205769640355e-43,0.9656845901592739,15.0,,52.0,780.2142857142857,0.014285714285714285
2.5232876712328767,demographic_sir,0.03435320497546194,4.173558203374824e-43,0.9656467950245392,15.0,,52.0,780.2142857142857,0.014285714285714285
2.526027397260274,demographic_sir,0.03439099863096384,3.895168569829905e-43,0.9656090013690373,15.0,,52.0,780.2142857142857,0.014285714285714285
2.5287671232876714,demographic_sir,0.03442879080729095,3.6356421060302764e-43,0.9655712091927102,15.0,,52.0,780.2142857142857,0.014285714285714285
2.5315068493150683,demographic_sir,0.03446658150450115,3.3936814534967787e-43,0.9655334184955,15.0,,52.0,780.2142857142857,0.014285714285714285
2.5342465753424657,demographic_sir,0.034504370722652354,3.168079762778375e-43,0.9654956292773488,15.0,,52.0,780.2142857142857,0.014285714285714285
2.536986301369863,demographic_sir,0.03454215846180243,2.957714292536451e-43,0.9654578415381987,15.0,,52.0,780.2142857142857,0.014285714285714285
2.5397260273972604,demographic_sir,0.03457994472200928,2.7615404672635022e-43,0.9654200552779918,15.0,,52.0,780.2142857142857,0.014285714285714285
2.5424657534246577,demographic_sir,0.03461772950333077,2.578586360359828e-43,0.9653822704966704,15.0,,52.0,780.2142857142857,0.014285714285714285
2.5452054794520547,demographic_sir,0.03465551280582479,2.4079475717348363e-43,0.9653444871941763,15.0,,52.0,780.2142857142857,0.014285714285714285
2.547945205479452,demographic_sir,0.03469329462954922,2.248782471361916e-43,0.9653067053704518,15.0,,52.0,780.2142857142857,0.014285714285714285
2.5506849315068494,demographic_sir,0.03473107497456193,2.1003077823106835e-43,0.9652689250254392,15.0,,52.0,780.2142857142857,0.014285714285714285
2.5534246575342467,demographic_sir,0.0347688538409208,1.9617944787184203e-43,0.9652311461590802,15.0,,52.0,780.2142857142857,0.014285714285714285
2.5561643835616437,demographic_sir,0.034806631228683695,1.8325639759588476e-43,0.9651933687713173,15.0,,52.0,780.2142857142857,0.014285714285714285
2.558904109589041,demographic_sir,0.03484440713790849,1.71198459192805e-43,0.9651555928620925,15.0,,52.0,780.2142857142857,0.014285714285714285
2.5616438356164384,demographic_sir,0.03488218156865305,1.599468259907456e-43,0.9651178184313479,15.0,,52.0,780.2142857142857,0.014285714285714285
2.5643835616438357,demographic_sir,0.034919954520975245,1.4944674748887144e-43,0.9650800454790257,15.0,,52.0,780.2142857142857,0.014285714285714285
2.567123287671233,demographic_sir,0.03495772599493293,1.3964724565664945e-43,0.965042274005068,15.0,,52.0,780.2142857142857,0.014285714285714285
2.56986301369863,demographic_sir,0.034995495990583964,1.3050085134278443e-43,0.9650045040094171,15.0,,52.0,780.2142857142857,0.014285714285714285
2.5726027397260274,demographic_sir,0.03503326450798622,1.2196335934997113e-43,0.9649667354920147,15.0,,52.0,780.2142857142857,0.014285714285714285
2.5753424657534247,demographic_sir,0.03507103154719754,1.1399360083660244e-43,0.9649289684528034,15.0,,52.0,780.2142857142857,0.014285714285714285
2.578082191780822,demographic_sir,0.03510879710827578,1.0655323180375185e-43,0.9648912028917251,15.0,,52.0,780.2142857142857,0.014285714285714285
2.580821917808219,demographic_sir,0.03514656119127879,9.960653651588757e-44,0.9648534388087221,15.0,,52.0,780.2142857142857,0.014285714285714285
2.5835616438356164,demographic_sir,0.03518432379626443,9.312024478720673e-44,0.9648156762037364,15.0,,52.0,780.2142857142857,0.014285714285714285
2.5863013698630137,demographic_sir,0.03522208492329054,8.706336214285999e-44,0.9647779150767103,15.0,,52.0,780.2142857142857,0.014285714285714285
2.589041095890411,demographic_sir,0.03525984457241496,8.140701193597513e-44,0.9647401554275858,15.0,,52.0,780.2142857142857,0.014285714285714285
2.5917808219178085,demographic_sir,0.03529760274369555,7.612428856785865e-44,0.9647023972563052,15.0,,52.0,780.2142857142857,0.014285714285714285
2.5945205479452054,demographic_sir,0.03533535943719012,7.119012102030188e-44,0.9646646405628108,15.0,,52.0,780.2142857142857,0.014285714285714285
2.5972602739726027,demographic_sir,0.03537311465295653,6.658114596599214e-44,0.9646268853470444,15.0,,52.0,780.2142857142857,0.014285714285714285
2.6,demographic_sir,0.03541086839105261,6.227558977594811e-44,0.9645891316089483,15.0,,52.0,780.2142857142857,0.014285714285714285
2.6027397260273974,demographic_sir,0.0354486206515362,5.825315879191545e-44,0.9645513793484648,15.0,,52.0,780.2142857142857,0.014285714285714285
2.6054794520547944,demographic_sir,0.03548637143446512,5.449493727715688e-44,0.9645136285655359,15.0,,52.0,780.2142857142857,0.014285714285714285
2.6082191780821917,demographic_sir,0.035524120739897205,5.098329250120849e-44,0.9644758792601039,15.0,,52.0,780.2142857142857,0.014285714285714285
2.610958904109589,demographic_sir,0.03556186856789028,4.770178645328425e-44,0.9644381314321108,15.0,,52.0,780.2142857142857,0.014285714285714285
2.6136986301369864,demographic_sir,0.035599614918502165,4.463509371523865e-44,0.9644003850814988,15.0,,52.0,780.2142857142857,0.014285714285714285
2.6164383561643834,demographic_sir,0.03563735979179068,4.176892505863774e-44,0.9643626402082103,15.0,,52.0,780.2142857142857,0.014285714285714285
2.6191780821917807,demographic_sir,0.03567510318781366,3.9089956361651425e-44,0.9643248968121874,15.0,,52.0,780.2142857142857,0.014285714285714285
2.621917808219178,demographic_sir,0.035712845106628914,3.658576247041316e-44,0.9642871548933721,15.0,,52.0,780.2142857142857,0.014285714285714285
2.6246575342465754,demographic_sir,0.03575058554829426,3.42447556563015e-44,0.9642494144517069,15.0,,52.0,780.2142857142857,0.014285714285714285
2.627397260273973,demographic_sir,0.0357883245128675,3.20561283454984e-44,0.9642116754871336,15.0,,52.0,780.2142857142857,0.014285714285714285
2.6301369863013697,demographic_sir,0.03582606200040645,3.0009799820255463e-44,0.9641739379995946,15.0,,52.0,780.2142857142857,0.014285714285714285
2.632876712328767,demographic_sir,0.03586379801096893,2.8096366612718838e-44,0.9641362019890322,15.0,,52.0,780.2142857142857,0.014285714285714285
2.6356164383561644,demographic_sir,0.03590153254461274,2.630705633204334e-44,0.9640984674553884,15.0,,52.0,780.2142857142857,0.014285714285714285
2.638356164383562,demographic_sir,0.03593926560139567,2.463368468395557e-44,0.9640607343986055,15.0,,52.0,780.2142857142857,0.014285714285714285
2.6410958904109587,demographic_sir,0.03597699718137553,2.306861545905079e-44,0.9640230028186257,15.0,,52.0,780.2142857142857,0.014285714285714285
2.643835616438356,demographic_sir,0.03601472728461013,2.1604723281981126e-44,0.9639852727153911,15.0,,52.0,780.2142857142857,0.014285714285714285
2.6465753424657534,demographic_sir,0.03605245591115725,2.0235358928440777e-44,0.963947544088844,15.0,,52.0,780.2142857142857,0.014285714285714285
2.649315068493151,demographic_sir,0.036090183061074706,1.895431703052617e-44,0.9639098169389265,15.0,,52.0,780.2142857142857,0.014285714285714285
2.652054794520548,demographic_sir,0.036127908734420275,1.77558060037583e-44,0.9638720912655809,15.0,,52.0,780.2142857142857,0.014285714285714285
2.654794520547945,demographic_sir,0.03616563293125174,1.6634420040839042e-44,0.9638343670687494,15.0,,52.0,780.2142857142857,0.014285714285714285
2.6575342465753424,demographic_sir,0.036203355651626905,1.5585113028159427e-44,0.9637966443483742,15.0,,52.0,780.2142857142857,0.014285714285714285
2.66027397260274,demographic_sir,0.036241076895603554,1.4603174251243894e-44,0.9637589231043975,15.0,,52.0,780.2142857142857,0.014285714285714285
2.663013698630137,demographic_sir,0.03627879666323947,1.36842057647444e-44,0.9637212033367616,15.0,,52.0,780.2142857142857,0.014285714285714285
2.665753424657534,demographic_sir,0.03631651495459243,1.2824101311367137e-44,0.9636834850454086,15.0,,52.0,780.2142857142857,0.014285714285714285
2.6684931506849314,demographic_sir,0.03635423176972021,1.2019026682246976e-44,0.9636457682302808,15.0,,52.0,780.2142857142857,0.014285714285714285
2.671232876712329,demographic_sir,0.0363919471086806,1.1265401418846328e-44,0.9636080528913205,15.0,,52.0,780.2142857142857,0.014285714285714285
2.673972602739726,demographic_sir,0.036429660971531365,1.0559881763469042e-44,0.9635703390284697,15.0,,52.0,780.2142857142857,0.014285714285714285
2.6767123287671235,demographic_sir,0.03646737335833027,9.899344772004809e-45,0.9635326266416707,15.0,,52.0,780.2142857142857,0.014285714285714285
2.6794520547945204,demographic_sir,0.03650508426913509,9.280873508572984e-45,0.963494915730866,15.0,,52.0,780.2142857142857,0.014285714285714285
2.682191780821918,demographic_sir,0.0365427937040036,8.701743247361473e-45,0.9634572062959975,15.0,,52.0,780.2142857142857,0.014285714285714285
2.684931506849315,demographic_sir,0.03658050166299357,8.159408612185475e-45,0.9634194983370076,15.0,,52.0,780.2142857142857,0.014285714285714285
2.6876712328767125,demographic_sir,0.03661820814616275,7.651491589144159e-45,0.9633817918538384,15.0,,52.0,780.2142857142857,0.014285714285714285
2.6904109589041094,demographic_sir,0.0366559131535689,7.175770352269847e-45,0.9633440868464324,15.0,,52.0,780.2142857142857,0.014285714285714285
2.6931506849315068,demographic_sir,0.036693616685269784,6.73016884625528e-45,0.9633063833147314,15.0,,52.0,780.2142857142857,0.014285714285714285
2.695890410958904,demographic_sir,0.036731318741323155,6.312747074244081e-45,0.963268681258678,15.0,,52.0,780.2142857142857,0.014285714285714285
2.6986301369863015,demographic_sir,0.03676901932178678,5.921692042288942e-45,0.9632309806782144,15.0,,52.0,780.2142857142857,0.014285714285714285
2.701369863013699,demographic_sir,0.03680671842671839,5.555309315451307e-45,0.9631932815732829,15.0,,52.0,780.2142857142857,0.014285714285714285
2.7041095890410958,demographic_sir,0.03684441605617575,5.212015143644144e-45,0.9631555839438255,15.0,,52.0,780.2142857142857,0.014285714285714285
2.706849315068493,demographic_sir,0.0368821122102166,4.890329118228624e-45,0.9631178877897846,15.0,,52.0,780.2142857142857,0.014285714285714285
2.7095890410958905,demographic_sir,0.0369198068888987,4.588867323080997e-45,0.9630801931111025,15.0,,52.0,780.2142857142857,0.014285714285714285
2.712328767123288,demographic_sir,0.03695750009227977,4.3063359463584415e-45,0.9630424999077214,15.0,,52.0,780.2142857142857,0.014285714285714285
2.7150684931506848,demographic_sir,0.036995191820417564,4.041525321532502e-45,0.9630048081795836,15.0,,52.0,780.2142857142857,0.014285714285714285
2.717808219178082,demographic_sir,0.03703288207336983,3.79330436843117e-45,0.9629671179266313,15.0,,52.0,780.2142857142857,0.014285714285714285
2.7205479452054795,demographic_sir,0.03707057085119428,3.5606154070535076e-45,0.9629294291488067,15.0,,52.0,780.2142857142857,0.014285714285714285
2.723287671232877,demographic_sir,0.037108258153948664,3.3424693187992256e-45,0.9628917418460524,15.0,,52.0,780.2142857142857,0.014285714285714285
2.726027397260274,demographic_sir,0.037145943981690716,3.1379410315057055e-45,0.9628540560183104,15.0,,52.0,780.2142857142857,0.014285714285714285
2.728767123287671,demographic_sir,0.03718362833447815,2.9461653063104546e-45,0.962816371665523,15.0,,52.0,780.2142857142857,0.014285714285714285
2.7315068493150685,demographic_sir,0.037221311212368706,2.766332805869967e-45,0.9627786887876325,15.0,,52.0,780.2142857142857,0.014285714285714285
2.734246575342466,demographic_sir,0.03725899261542011,2.5976864248739135e-45,0.9627410073845811,15.0,,52.0,780.2142857142857,0.014285714285714285
2.736986301369863,demographic_sir,0.037296672543690075,2.4395178651018166e-45,0.9627033274563112,15.0,,52.0,780.2142857142857,0.014285714285714285
2.73972602739726,demographic_sir,0.03733435099723632,2.2911644384886737e-45,0.9626656490027649,15.0,,52.0,780.2142857142857,0.014285714285714285
2.7424657534246575,demographic_sir,0.03737202797611657,2.152006082798628e-45,0.9626279720238846,15.0,,52.0,780.2142857142857,0.014285714285714285
2.745205479452055,demographic_sir,0.037409703480388544,2.021462575561242e-45,0.9625902965196127,15.0,,52.0,780.2142857142857,0.014285714285714285
2.747945205479452,demographic_sir,0.03744737751010995,1.8989909329055917e-45,0.9625526224898913,15.0,,52.0,780.2142857142857,0.014285714285714285
2.750684931506849,demographic_sir,0.03748505006533849,1.7840829808417252e-45,0.9625149499346628,15.0,,52.0,780.2142857142857,0.014285714285714285
2.7534246575342465,demographic_sir,0.03752272114613189,1.6762630873885992e-45,0.9624772788538694,15.0,,52.0,780.2142857142857,0.014285714285714285
2.756164383561644,demographic_sir,0.037560390752547856,1.5750860447395115e-45,0.9624396092474534,15.0,,52.0,780.2142857142857,0.014285714285714285
2.758904109589041,demographic_sir,0.03759805888464408,1.4801350913920294e-45,0.9624019411153573,15.0,,52.0,780.2142857142857,0.014285714285714285
2.7616438356164386,demographic_sir,0.03763572554247827,1.3910200648558334e-45,0.9623642744575232,15.0,,52.0,780.2142857142857,0.014285714285714285
2.7643835616438355,demographic_sir,0.037673390726108126,1.3073756761899538e-45,0.9623266092738934,15.0,,52.0,780.2142857142857,0.014285714285714285
2.767123287671233,demographic_sir,0.03771105443559135,1.2288598982153575e-45,0.9622889455644101,15.0,,52.0,780.2142857142857,0.014285714285714285
2.76986301369863,demographic_sir,0.03774871667098563,1.155152459802593e-45,0.9622512833290158,15.0,,52.0,780.2142857142857,0.014285714285714285
2.7726027397260276,demographic_sir,0.03778637743234866,1.0859534391491419e-45,0.9622136225676527,15.0,,52.0,780.2142857142857,0.014285714285714285
2.7753424657534245,demographic_sir,0.03782403671973813,1.0209819494415955e-45,0.9621759632802632,15.0,,52.0,780.2142857142857,0.014285714285714285
2.778082191780822,demographic_sir,0.03786169453321174,9.599749107444341e-46,0.9621383054667896,15.0,,52.0,780.2142857142857,0.014285714285714285
2.780821917808219,demographic_sir,0.03789935087282717,9.026859023738577e-46,0.9621006491271742,15.0,,52.0,780.2142857142857,0.014285714285714285
2.7835616438356166,demographic_sir,0.0379370057386421,8.488840904025506e-46,0.9620629942613593,15.0,,52.0,780.2142857142857,0.014285714285714285
2.786301369863014,demographic_sir,0.03797465913071422,7.983532253028968e-46,0.9620253408692871,15.0,,52.0,780.2142857142857,0.014285714285714285
2.789041095890411,demographic_sir,0.03801231104910119,7.508907050724996e-46,0.9619876889509001,15.0,,52.0,780.2142857142857,0.014285714285714285
2.791780821917808,demographic_sir,0.03804996149386071,7.063066994994248e-46,0.9619500385061406,15.0,,52.0,780.2142857142857,0.014285714285714285
2.7945205479452055,demographic_sir,0.03808761046505045,6.6442333151688715e-46,0.9619123895349508,15.0,,52.0,780.2142857142857,0.014285714285714285
2.797260273972603,demographic_sir,0.038125257962728074,6.250739118690447e-46,0.9618747420372732,15.0,,52.0,780.2142857142857,0.014285714285714285
2.8,demographic_sir,0.03816290398695125,5.8810222356351126e-46,0.96183709601305,15.0,,52.0,780.2142857142857,0.014285714285714285
2.802739726027397,demographic_sir,0.038200548537777664,5.5336185282239445e-46,0.9617994514622236,15.0,,52.0,780.2142857142857,0.014285714285714285
2.8054794520547945,demographic_sir,0.03823819161526497,5.207155634641681e-46,0.9617618083847362,15.0,,52.0,780.2142857142857,0.014285714285714285
2.808219178082192,demographic_sir,0.03827583321947083,4.90034711853826e-46,0.9617241667805304,15.0,,52.0,780.2142857142857,0.014285714285714285
2.8109589041095893,demographic_sir,0.038313473350452924,4.611986997503919e-46,0.9616865266495483,15.0,,52.0,780.2142857142857,0.014285714285714285
2.813698630136986,demographic_sir,0.038351112008268885,4.340944625591716e-46,0.9616488879917323,15.0,,52.0,780.2142857142857,0.014285714285714285
2.8164383561643835,demographic_sir,0.038388749192976385,4.0861599066249785e-46,0.9616112508070248,15.0,,52.0,780.2142857142857,0.014285714285714285
2.819178082191781,demographic_sir,0.03842638490463307,3.846638816578906e-46,0.9615736150953681,15.0,,52.0,780.2142857142857,0.014285714285714285
2.8219178082191783,demographic_sir,0.038464019143296606,3.62144921477013e-46,0.9615359808567046,15.0,,52.0,780.2142857142857,0.014285714285714285
2.824657534246575,demographic_sir,0.03850165190902463,3.4097169249379366e-46,0.9614983480909766,15.0,,52.0,780.2142857142857,0.014285714285714285
2.8273972602739725,demographic_sir,0.038539283201874795,3.2106220685571295e-46,0.9614607167981264,15.0,,52.0,780.2142857142857,0.014285714285714285
2.83013698630137,demographic_sir,0.03857691302190475,3.0233956338961507e-46,0.9614230869780964,15.0,,52.0,780.2142857142857,0.014285714285714285
2.8328767123287673,demographic_sir,0.03861454136917214,2.847316265426511e-46,0.961385458630829,15.0,,52.0,780.2142857142857,0.014285714285714285
2.8356164383561646,demographic_sir,0.0386521682437346,2.6817072592108665e-46,0.9613478317562665,15.0,,52.0,780.2142857142857,0.014285714285714285
2.8383561643835615,demographic_sir,0.03868979364564976,2.525933750847898e-46,0.9613102063543513,15.0,,52.0,780.2142857142857,0.014285714285714285
2.841095890410959,demographic_sir,0.03872741757497528,2.379400083439853e-46,0.9612725824250257,15.0,,52.0,780.2142857142857,0.014285714285714285
2.8438356164383563,demographic_sir,0.03876504003176878,2.2415473438771905e-46,0.9612349599682322,15.0,,52.0,780.2142857142857,0.014285714285714285
2.8465753424657536,demographic_sir,0.0388026610160879,2.111851056506481e-46,0.961197338983913,15.0,,52.0,780.2142857142857,0.014285714285714285
2.8493150684931505,demographic_sir,0.03884028052799025,1.9898190239694985e-46,0.9611597194720106,15.0,,52.0,780.2142857142857,0.014285714285714285
2.852054794520548,demographic_sir,0.03887789856753348,1.8749893056734184e-46,0.9611221014324673,15.0,,52.0,780.2142857142857,0.014285714285714285
2.8547945205479452,demographic_sir,0.03891551513477521,1.7669283249803564e-46,0.9610844848652257,15.0,,52.0,780.2142857142857,0.014285714285714285
2.8575342465753426,demographic_sir,0.03895313022977306,1.665229096789567e-46,0.9610468697702278,15.0,,52.0,780.2142857142857,0.014285714285714285
2.86027397260274,demographic_sir,0.03899074385258464,1.569509567733081e-46,0.9610092561474163,15.0,,52.0,780.2142857142857,0.014285714285714285
2.863013698630137,demographic_sir,0.039028356003267595,1.4794110617154745e-46,0.9609716439967334,15.0,,52.0,780.2142857142857,0.014285714285714285
2.8657534246575342,demographic_sir,0.03906596668187952,1.3945968240048723e-46,0.9609340333181214,15.0,,52.0,780.2142857142857,0.014285714285714285
2.8684931506849316,demographic_sir,0.039103575888478036,1.3147506575272648e-46,0.960896424111523,15.0,,52.0,780.2142857142857,0.014285714285714285
2.871232876712329,demographic_sir,0.03914118362312076,1.2395756454308663e-46,0.9608588163768802,15.0,,52.0,780.2142857142857,0.014285714285714285
2.873972602739726,demographic_sir,0.03917878988586529,1.1687929543753768e-46,0.9608212101141357,15.0,,52.0,780.2142857142857,0.014285714285714285
2.8767123287671232,demographic_sir,0.039216394676769246,1.10214071336254e-46,0.9607836053232317,15.0,,52.0,780.2142857142857,0.014285714285714285
2.8794520547945206,demographic_sir,0.03925399799589022,1.0393729632626797e-46,0.9607460020041108,15.0,,52.0,780.2142857142857,0.014285714285714285
2.882191780821918,demographic_sir,0.03929159984328583,9.80258672507076e-47,0.9607084001567152,15.0,,52.0,780.2142857142857,0.014285714285714285
2.884931506849315,demographic_sir,0.039329200219013656,9.245808147111952e-47,0.9606707997809874,15.0,,52.0,780.2142857142857,0.014285714285714285
2.8876712328767122,demographic_sir,0.03936679912313132,8.7213550426874935e-47,0.9606332008768697,15.0,,52.0,780.2142857142857,0.014285714285714285
2.8904109589041096,demographic_sir,0.03940439655569641,8.227311862139576e-47,0.9605956034443045,15.0,,52.0,780.2142857142857,0.014285714285714285
2.893150684931507,demographic_sir,0.039441992516766514,7.7618787688923e-47,0.9605580074832344,15.0,,52.0,780.2142857142857,0.014285714285714285
2.8958904109589043,demographic_sir,0.039479587006399225,7.323364521801788e-47,0.9605204129936017,15.0,,52.0,780.2142857142857,0.014285714285714285
2.8986301369863012,demographic_sir,0.03951718002465213,6.910179802892917e-47,0.9604828199753488,15.0,,52.0,780.2142857142857,0.014285714285714285
2.9013698630136986,demographic_sir,0.039554771571582825,6.520830962154626e-47,0.9604452284284182,15.0,,52.0,780.2142857142857,0.014285714285714285
2.904109589041096,demographic_sir,0.03959236164724889,6.153914152896947e-47,0.9604076383527521,15.0,,52.0,780.2142857142857,0.014285714285714285
2.9068493150684933,demographic_sir,0.039629950251707916,5.808109832880505e-47,0.9603700497482931,15.0,,52.0,780.2142857142857,0.014285714285714285
2.9095890410958902,demographic_sir,0.03966753738501746,5.482177608029574e-47,0.9603324626149836,15.0,,52.0,780.2142857142857,0.014285714285714285
2.9123287671232876,demographic_sir,0.03970512304723512,5.174951397031367e-47,0.9602948769527659,15.0,,52.0,780.2142857142857,0.014285714285714285
2.915068493150685,demographic_sir,0.039742707238418475,4.885334896521569e-47,0.9602572927615827,15.0,,52.0,780.2142857142857,0.014285714285714285
2.9178082191780823,demographic_sir,0.039780289958625085,4.612297327858854e-47,0.9602197100413761,15.0,,52.0,780.2142857142857,0.014285714285714285
2.9205479452054797,demographic_sir,0.039817871207912525,4.354869447712462e-47,0.9601821287920886,15.0,,52.0,780.2142857142857,0.014285714285714285
2.9232876712328766,demographic_sir,0.03985545098633836,4.112139805825925e-47,0.9601445490136628,15.0,,52.0,780.2142857142857,0.014285714285714285
2.926027397260274,demographic_sir,0.03989302929396017,3.883251234385901e-47,0.9601069707060409,15.0,,52.0,780.2142857142857,0.014285714285714285
2.9287671232876713,demographic_sir,0.03993060613083552,3.667397554422385e-47,0.9600693938691656,15.0,,52.0,780.2142857142857,0.014285714285714285
2.9315068493150687,demographic_sir,0.039968181497021964,3.463820485596941e-47,0.9600318185029791,15.0,,52.0,780.2142857142857,0.014285714285714285
2.9342465753424656,demographic_sir,0.04000575539257705,3.271806746608302e-47,0.9599942446074241,15.0,,52.0,780.2142857142857,0.014285714285714285
2.936986301369863,demographic_sir,0.04004332781755836,3.0906853342584125e-47,0.9599566721824427,15.0,,52.0,780.2142857142857,0.014285714285714285
2.9397260273972603,demographic_sir,0.040080898772023435,2.919824969984952e-47,0.9599191012279776,15.0,,52.0,780.2142857142857,0.014285714285714285
2.9424657534246577,demographic_sir,0.040118468256029834,2.7586317033779355e-47,0.9598815317439712,15.0,,52.0,780.2142857142857,0.014285714285714285
2.945205479452055,demographic_sir,0.0401560362696351,2.6065466628657325e-47,0.9598439637303658,15.0,,52.0,780.2142857142857,0.014285714285714285
2.947945205479452,demographic_sir,0.04019360281289678,2.463043944378778e-47,0.9598063971871041,15.0,,52.0,780.2142857142857,0.014285714285714285
2.9506849315068493,demographic_sir,0.040231167885872436,2.3276286293826744e-47,0.9597688321141284,15.0,,52.0,780.2142857142857,0.014285714285714285
2.9534246575342467,demographic_sir,0.040268731488619605,2.199834924218597e-47,0.9597312685113812,15.0,,52.0,780.2142857142857,0.014285714285714285
2.956164383561644,demographic_sir,0.04030629362119584,2.0792244131987202e-47,0.959693706378805,15.0,,52.0,780.2142857142857,0.014285714285714285
2.958904109589041,demographic_sir,0.04034385428365865,1.9653844183830136e-47,0.9596561457163422,15.0,,52.0,780.2142857142857,0.014285714285714285
2.9616438356164383,demographic_sir,0.04038141347606561,1.8579264594102053e-47,0.9596185865239352,15.0,,52.0,780.2142857142857,0.014285714285714285
2.9643835616438357,demographic_sir,0.04041897119847423,1.756484807174668e-47,0.9595810288015265,15.0,,52.0,780.2142857142857,0.014285714285714285
2.967123287671233,demographic_sir,0.04045652745094205,1.660715125531862e-47,0.9595434725490587,15.0,,52.0,780.2142857142857,0.014285714285714285
2.9698630136986304,demographic_sir,0.0404940822335266,1.5702931955821151e-47,0.9595059177664741,15.0,,52.0,780.2142857142857,0.014285714285714285
2.9726027397260273,demographic_sir,0.0405316355462854,1.4849137174251603e-47,0.9594683644537153,15.0,,52.0,780.2142857142857,0.014285714285714285
2.9753424657534246,demographic_sir,0.040569187389276,1.4042891845990036e-47,0.9594308126107247,15.0,,52.0,780.2142857142857,0.014285714285714285
2.978082191780822,demographic_sir,0.040606737762555904,1.328148826717556e-47,0.9593932622374448,15.0,,52.0,780.2142857142857,0.014285714285714285
2.9808219178082194,demographic_sir,0.040644286666182645,1.2562376161024075e-47,0.959355713333818,15.0,,52.0,780.2142857142857,0.014285714285714285
2.9835616438356163,demographic_sir,0.04068183410021373,1.1883153344681084e-47,0.9593181658997869,15.0,,52.0,780.2142857142857,0.014285714285714285
2.9863013698630136,demographic_sir,0.0407193800647067,1.1241556959666685e-47,0.959280619935294,15.0,,52.0,780.2142857142857,0.014285714285714285
2.989041095890411,demographic_sir,0.04075692455971904,1.063545523128339e-47,0.9592430754402816,15.0,,52.0,780.2142857142857,0.014285714285714285
2.9917808219178084,demographic_sir,0.04079446758530828,1.0062839724516888e-47,0.9592055324146924,15.0,,52.0,780.2142857142857,0.014285714285714285
2.9945205479452057,demographic_sir,0.04083200914153193,9.52181806598999e-48,0.9591679908584687,15.0,,52.0,780.2142857142857,0.014285714285714285
2.9972602739726026,demographic_sir,0.04086954922844749,9.01060710342538e-48,0.9591304507715531,15.0,,52.0,780.2142857142857,0.014285714285714285
3.0,demographic_sir,0.04090708784611247,8.527526475850593e-48,0.9590929121538881,15.0,,52.0,780.2142857142857,0.014285714285714285
3.0027397260273974,demographic_sir,0.040944624994584386,8.070992569445286e-48,0.9590553750054162,15.0,,52.0,780.2142857142857,0.014285714285714285
3.0054794520547947,demographic_sir,0.04098216067392072,7.639512835487833e-48,0.9590178393260799,15.0,,52.0,780.2142857142857,0.014285714285714285
3.0082191780821916,demographic_sir,0.041019694884178975,7.231680448322568e-48,0.9589803051158217,15.0,,52.0,780.2142857142857,0.014285714285714285
3.010958904109589,demographic_sir,0.04105722762541666,6.846169282635965e-48,0.958942772374584,15.0,,52.0,780.2142857142857,0.014285714285714285
3.0136986301369864,demographic_sir,0.041094758897691264,6.481729190614917e-48,0.9589052411023093,15.0,,52.0,780.2142857142857,0.014285714285714285
3.0164383561643837,demographic_sir,0.041132288701060275,6.137181560760017e-48,0.9588677112989403,15.0,,52.0,780.2142857142857,0.014285714285714285
3.0191780821917806,demographic_sir,0.04116981703558118,5.8114151412557e-48,0.9588301829644194,15.0,,52.0,780.2142857142857,0.014285714285714285
3.021917808219178,demographic_sir,0.04120734390131148,5.503382111853117e-48,0.958792656098689,15.0,,52.0,780.2142857142857,0.014285714285714285
3.0246575342465754,demographic_sir,0.04124486929830865,5.212094389212747e-48,0.9587551307016918,15.0,,52.0,780.2142857142857,0.014285714285714285
3.0273972602739727,demographic_sir,0.04128239322663019,4.936620151579347e-48,0.9587176067733703,15.0,,52.0,780.2142857142857,0.014285714285714285
3.03013698630137,demographic_sir,0.04131991568633356,4.6760805695331567e-48,0.9586800843136669,15.0,,52.0,780.2142857142857,0.014285714285714285
3.032876712328767,demographic_sir,0.04135743667747624,4.4296467303752284e-48,0.9586425633225242,15.0,,52.0,780.2142857142857,0.014285714285714285
3.0356164383561643,demographic_sir,0.041394956200115726,4.196536744468996e-48,0.9586050437998846,15.0,,52.0,780.2142857142857,0.014285714285714285
3.0383561643835617,demographic_sir,0.04143247425430949,3.976013022577383e-48,0.9585675257456909,15.0,,52.0,780.2142857142857,0.014285714285714285
3.041095890410959,demographic_sir,0.04146999084011498,3.7673797139051277e-48,0.9585300091598854,15.0,,52.0,780.2142857142857,0.014285714285714285
3.043835616438356,demographic_sir,0.04150750595758969,3.569980295187321e-48,0.9584924940424107,15.0,,52.0,780.2142857142857,0.014285714285714285
3.0465753424657533,demographic_sir,0.04154501960679108,3.38319530175481e-48,0.9584549803932093,15.0,,52.0,780.2142857142857,0.014285714285714285
3.0493150684931507,demographic_sir,0.041582531787776614,3.206440192062052e-48,0.9584174682122237,15.0,,52.0,780.2142857142857,0.014285714285714285
3.052054794520548,demographic_sir,0.041620042500603756,3.0391633376814333e-48,0.9583799574993965,15.0,,52.0,780.2142857142857,0.014285714285714285
3.0547945205479454,demographic_sir,0.041657551745329965,2.8808441312565435e-48,0.9583424482546703,15.0,,52.0,780.2142857142857,0.014285714285714285
3.0575342465753423,demographic_sir,0.041695059522012703,2.7309912053634064e-48,0.9583049404779876,15.0,,52.0,780.2142857142857,0.014285714285714285
3.0602739726027397,demographic_sir,0.041732565830709424,2.5891407556575696e-48,0.9582674341692908,15.0,,52.0,780.2142857142857,0.014285714285714285
3.063013698630137,demographic_sir,0.04177007067147759,2.4548549620877712e-48,0.9582299293285227,15.0,,52.0,780.2142857142857,0.014285714285714285
3.0657534246575344,demographic_sir,0.04180757404437464,2.32772050233354e-48,0.9581924259556256,15.0,,52.0,780.2142857142857,0.014285714285714285
3.0684931506849313,demographic_sir,0.041845075949458035,2.2073471519791344e-48,0.9581549240505423,15.0,,52.0,780.2142857142857,0.014285714285714285
3.0712328767123287,demographic_sir,0.04188257638678522,2.093366466267943e-48,0.9581174236132151,15.0,,52.0,780.2142857142857,0.014285714285714285
3.073972602739726,demographic_sir,0.041920075356413636,1.9854305385939252e-48,0.9580799246435866,15.0,,52.0,780.2142857142857,0.014285714285714285
3.0767123287671234,demographic_sir,0.04195757285840073,1.8832108311786756e-48,0.9580424271415995,15.0,,52.0,780.2142857142857,0.014285714285714285
3.0794520547945208,demographic_sir,0.041995068892803945,1.7863970736580935e-48,0.9580049311071963,15.0,,52.0,780.2142857142857,0.014285714285714285
3.0821917808219177,demographic_sir,0.042032563459680705,1.6946962255600933e-48,0.9579674365403196,15.0,,52.0,780.2142857142857,0.014285714285714285
3.084931506849315,demographic_sir,0.042070056559088465,1.6078314988968686e-48,0.9579299434409118,15.0,,52.0,780.2142857142857,0.014285714285714285
3.0876712328767124,demographic_sir,0.04210754819108465,1.5255414373227277e-48,0.9578924518089156,15.0,,52.0,780.2142857142857,0.014285714285714285
3.0904109589041098,demographic_sir,0.0421450383557267,1.4475790485213095e-48,0.9578549616442735,15.0,,52.0,780.2142857142857,0.014285714285714285
3.0931506849315067,demographic_sir,0.04218252705307203,1.373710986686798e-48,0.9578174729469282,15.0,,52.0,780.2142857142857,0.014285714285714285
3.095890410958904,demographic_sir,0.04222001428317808,1.3037167821513953e-48,0.9577799857168221,15.0,,52.0,780.2142857142857,0.014285714285714285
3.0986301369863014,demographic_sir,0.04225750004610227,1.2373881153882447e-48,0.9577424999538978,15.0,,52.0,780.2142857142857,0.014285714285714285
3.1013698630136988,demographic_sir,0.04229498434190203,1.1745281327843726e-48,0.9577050156580981,15.0,,52.0,780.2142857142857,0.014285714285714285
3.104109589041096,demographic_sir,0.04233246717063477,1.1149508017343689e-48,0.9576675328293653,15.0,,52.0,780.2142857142857,0.014285714285714285
3.106849315068493,demographic_sir,0.042369948532357905,1.0584803027515201e-48,0.9576300514676422,15.0,,52.0,780.2142857142857,0.014285714285714285
3.1095890410958904,demographic_sir,0.042407428427128864,1.0049504564305154e-48,0.9575925715728714,15.0,,52.0,780.2142857142857,0.014285714285714285
3.1123287671232878,demographic_sir,0.04244490685500506,9.542041832250499e-49,0.9575550931449952,15.0,,52.0,780.2142857142857,0.014285714285714285
3.115068493150685,demographic_sir,0.04248238381604389,9.060929941245486e-49,0.9575176161839564,15.0,,52.0,780.2142857142857,0.014285714285714285
3.117808219178082,demographic_sir,0.04251985931030277,8.604765104284378e-49,0.9574801406896974,15.0,,52.0,780.2142857142857,0.014285714285714285
3.1205479452054794,demographic_sir,0.04255733333783912,8.172220109231336e-49,0.9574426666621612,15.0,,52.0,780.2142857142857,0.014285714285714285
3.1232876712328768,demographic_sir,0.042594805898710335,7.762040048676599e-49,0.95740519410129,15.0,,52.0,780.2142857142857,0.014285714285714285
3.126027397260274,demographic_sir,0.04263227699297382,7.37303829288001e-49,0.9573677230070265,15.0,,52.0,780.2142857142857,0.014285714285714285
3.128767123287671,demographic_sir,0.04266974662068697,7.004092691693181e-49,0.9573302533793134,15.0,,52.0,780.2142857142857,0.014285714285714285
3.1315068493150684,demographic_sir,0.042707214781907185,6.654141992183839e-49,0.9572927852180931,15.0,,52.0,780.2142857142857,0.014285714285714285
3.1342465753424658,demographic_sir,0.042744681476691866,6.3221824594715984e-49,0.9572553185233085,15.0,,52.0,780.2142857142857,0.014285714285714285
3.136986301369863,demographic_sir,0.0427821467050984,6.0072646890191605e-49,0.9572178532949019,15.0,,52.0,780.2142857142857,0.014285714285714285
3.1397260273972605,demographic_sir,0.04281961046718418,5.708490599317672e-49,0.9571803895328161,15.0,,52.0,780.2142857142857,0.014285714285714285
3.1424657534246574,demographic_sir,0.04285707276300659,5.425010594554857e-49,0.9571429272369937,15.0,,52.0,780.2142857142857,0.014285714285714285
3.1452054794520548,demographic_sir,0.04289453359262303,5.156020887466743e-49,0.9571054664073773,15.0,,52.0,780.2142857142857,0.014285714285714285
3.147945205479452,demographic_sir,0.042931992956090875,4.900760973150207e-49,0.9570680070439094,15.0,,52.0,780.2142857142857,0.014285714285714285
3.1506849315068495,demographic_sir,0.04296945085346752,4.658511245152994e-49,0.9570305491465327,15.0,,52.0,780.2142857142857,0.014285714285714285
3.1534246575342464,demographic_sir,0.04300690728481032,4.428590745668344e-49,0.95699309271519,15.0,,52.0,780.2142857142857,0.014285714285714285
3.1561643835616437,demographic_sir,0.043044362250176674,4.210355042138509e-49,0.9569556377498235,15.0,,52.0,780.2142857142857,0.014285714285714285
3.158904109589041,demographic_sir,0.04308181574962395,4.003194223022492e-49,0.9569181842503762,15.0,,52.0,780.2142857142857,0.014285714285714285
3.1616438356164385,demographic_sir,0.04311926778320952,3.8065310059051476e-49,0.9568807322167906,15.0,,52.0,780.2142857142857,0.014285714285714285
3.164383561643836,demographic_sir,0.04315671835099076,3.619818951524053e-49,0.9568432816490093,15.0,,52.0,780.2142857142857,0.014285714285714285
3.1671232876712327,demographic_sir,0.04319416745302503,3.442540777664171e-49,0.956805832546975,15.0,,52.0,780.2142857142857,0.014285714285714285
3.16986301369863,demographic_sir,0.043231615089369714,3.27420676722254e-49,0.9567683849106304,15.0,,52.0,780.2142857142857,0.014285714285714285
3.1726027397260275,demographic_sir,0.04326906126008216,3.1143532650770367e-49,0.956730938739918,15.0,,52.0,780.2142857142857,0.014285714285714285
3.175342465753425,demographic_sir,0.043306505965219746,2.9625412587039675e-49,0.9566934940347804,15.0,,52.0,780.2142857142857,0.014285714285714285
3.1780821917808217,demographic_sir,0.04334394920483981,2.818355037783464e-49,0.9566560507951604,15.0,,52.0,780.2142857142857,0.014285714285714285
3.180821917808219,demographic_sir,0.043381390978999734,2.68140092830684e-49,0.9566186090210004,15.0,,52.0,780.2142857142857,0.014285714285714285
3.1835616438356165,demographic_sir,0.04341883128775686,2.55130609696038e-49,0.9565811687122432,15.0,,52.0,780.2142857142857,0.014285714285714285
3.186301369863014,demographic_sir,0.04345627013116854,2.427717421803526e-49,0.9565437298688315,15.0,,52.0,780.2142857142857,0.014285714285714285
3.189041095890411,demographic_sir,0.04349370750929213,2.310300425490183e-49,0.9565062924907078,15.0,,52.0,780.2142857142857,0.014285714285714285
3.191780821917808,demographic_sir,0.04353114342218497,2.1987382674978385e-49,0.956468856577815,15.0,,52.0,780.2142857142857,0.014285714285714285
3.1945205479452055,demographic_sir,0.04356857786990442,2.0927307920329116e-49,0.9564314221300956,15.0,,52.0,780.2142857142857,0.014285714285714285
3.197260273972603,demographic_sir,0.04360601085250781,1.9919936284728838e-49,0.9563939891474922,15.0,,52.0,780.2142857142857,0.014285714285714285
3.2,demographic_sir,0.043643442370052486,1.8962573413856277e-49,0.9563565576299475,15.0,,52.0,780.2142857142857,0.014285714285714285
3.202739726027397,demographic_sir,0.04368087242259579,1.805266627336957e-49,0.9563191275774042,15.0,,52.0,780.2142857142857,0.014285714285714285
3.2054794520547945,demographic_sir,0.04371830101019507,1.7187795558569358e-49,0.956281698989805,15.0,,52.0,780.2142857142857,0.014285714285714285
3.208219178082192,demographic_sir,0.043755728132907644,1.6365668520865735e-49,0.9562442718670925,15.0,,52.0,780.2142857142857,0.014285714285714285
3.210958904109589,demographic_sir,0.04379315379079086,1.5584112187678741e-49,0.9562068462092093,15.0,,52.0,780.2142857142857,0.014285714285714285
3.2136986301369865,demographic_sir,0.04383057798390204,1.4841066953743e-49,0.956169422016098,15.0,,52.0,780.2142857142857,0.014285714285714285
3.2164383561643834,demographic_sir,0.04386800071229851,1.4134580523042377e-49,0.9561319992877015,15.0,,52.0,780.2142857142857,0.014285714285714285
3.219178082191781,demographic_sir,0.0439054219760376,1.346280218178563e-49,0.9560945780239625,15.0,,52.0,780.2142857142857,0.014285714285714285
3.221917808219178,demographic_sir,0.043942841775176635,1.28239773839524e-49,0.9560571582248234,15.0,,52.0,780.2142857142857,0.014285714285714285
3.2246575342465755,demographic_sir,0.04398026010977294,1.2216442631986104e-49,0.9560197398902271,15.0,,52.0,780.2142857142857,0.014285714285714285
3.2273972602739724,demographic_sir,0.044017676979883825,1.1638620636204835e-49,0.9559823230201163,15.0,,52.0,780.2142857142857,0.014285714285714285
3.23013698630137,demographic_sir,0.04405509238556662,1.108901573743122e-49,0.9559449076144335,15.0,,52.0,780.2142857142857,0.014285714285714285
3.232876712328767,demographic_sir,0.044092506326878625,1.0566209578223967e-49,0.9559074936731214,15.0,,52.0,780.2142857142857,0.014285714285714285
3.2356164383561645,demographic_sir,0.04412991880387716,1.0068857008918648e-49,0.9558700811961229,15.0,,52.0,780.2142857142857,0.014285714285714285
3.238356164383562,demographic_sir,0.04416732981661954,9.595682215468978e-50,0.9558326701833805,15.0,,52.0,780.2142857142857,0.014285714285714285
3.241095890410959,demographic_sir,0.04420473936516306,9.145475056813252e-50,0.9557952606348369,15.0,,52.0,780.2142857142857,0.014285714285714285
3.243835616438356,demographic_sir,0.04424214744956505,8.717087600183909e-50,0.9557578525504349,15.0,,52.0,780.2142857142857,0.014285714285714285
3.2465753424657535,demographic_sir,0.04427955406988279,8.309430843432645e-50,0.9557204459301172,15.0,,52.0,780.2142857142857,0.014285714285714285
3.249315068493151,demographic_sir,0.04431695922617359,7.921471614056694e-50,0.9556830407738264,15.0,,52.0,780.2142857142857,0.014285714285714285
3.252054794520548,demographic_sir,0.04435436291849475,7.552229635194691e-50,0.9556456370815052,15.0,,52.0,780.2142857142857,0.014285714285714285
3.254794520547945,demographic_sir,0.044391765146903565,7.20077474940565e-50,0.9556082348530964,15.0,,52.0,780.2142857142857,0.014285714285714285
3.2575342465753425,demographic_sir,0.04442916591145734,6.866224291561959e-50,0.9555708340885426,15.0,,52.0,780.2142857142857,0.014285714285714285
3.26027397260274,demographic_sir,0.04446656521221335,6.547740602671328e-50,0.9555334347877866,15.0,,52.0,780.2142857142857,0.014285714285714285
3.263013698630137,demographic_sir,0.04450396304922889,6.244528676903133e-50,0.955496036950771,15.0,,52.0,780.2142857142857,0.014285714285714285
3.265753424657534,demographic_sir,0.044541359422561266,5.955833934525203e-50,0.9554586405774387,15.0,,52.0,780.2142857142857,0.014285714285714285
3.2684931506849315,demographic_sir,0.04457875433226775,5.680940113866085e-50,0.9554212456677321,15.0,,52.0,780.2142857142857,0.014285714285714285
3.271232876712329,demographic_sir,0.044616147778405627,5.419167275800396e-50,0.9553838522215943,15.0,,52.0,780.2142857142857,0.014285714285714285
3.2739726027397262,demographic_sir,0.04465353976103218,5.169869914619062e-50,0.9553464602389676,15.0,,52.0,780.2142857142857,0.014285714285714285
3.276712328767123,demographic_sir,0.044690930280204676,4.932435169487096e-50,0.9553090697197951,15.0,,52.0,780.2142857142857,0.014285714285714285
3.2794520547945205,demographic_sir,0.04472831933598041,4.706281131014125e-50,0.9552716806640195,15.0,,52.0,780.2142857142857,0.014285714285714285
3.282191780821918,demographic_sir,0.04476570692841665,4.490855237767758e-50,0.9552342930715831,15.0,,52.0,780.2142857142857,0.014285714285714285
3.2849315068493152,demographic_sir,0.044803093057570666,4.285632757845542e-50,0.9551969069424291,15.0,,52.0,780.2142857142857,0.014285714285714285
3.287671232876712,demographic_sir,0.04484047772349973,4.0901153508932513e-50,0.9551595222765,15.0,,52.0,780.2142857142857,0.014285714285714285
3.2904109589041095,demographic_sir,0.04487786092626111,3.903829706211708e-50,0.9551221390737387,15.0,,52.0,780.2142857142857,0.014285714285714285
3.293150684931507,demographic_sir,0.04491524266591207,3.7263262528361737e-50,0.9550847573340877,15.0,,52.0,780.2142857142857,0.014285714285714285
3.2958904109589042,demographic_sir,0.04495262294250987,3.5571779376986346e-50,0.9550473770574899,15.0,,52.0,780.2142857142857,0.014285714285714285
3.2986301369863016,demographic_sir,0.044990001756111786,3.395979068198979e-50,0.955009998243888,15.0,,52.0,780.2142857142857,0.014285714285714285
3.3013698630136985,demographic_sir,0.04502737910677506,3.2423442157129264e-50,0.9549726208932248,15.0,,52.0,780.2142857142857,0.014285714285714285
3.304109589041096,demographic_sir,0.045064754994556956,3.0959071767557393e-50,0.9549352450054429,15.0,,52.0,780.2142857142857,0.014285714285714285
3.3068493150684932,demographic_sir,0.045102129419514726,2.9563199887016343e-50,0.9548978705804851,15.0,,52.0,780.2142857142857,0.014285714285714285
3.3095890410958906,demographic_sir,0.04513950238170562,2.823251997128198e-50,0.9548604976182942,15.0,,52.0,780.2142857142857,0.014285714285714285
3.3123287671232875,demographic_sir,0.045176873881186894,2.6963889720167623e-50,0.9548231261188128,15.0,,52.0,780.2142857142857,0.014285714285714285
3.315068493150685,demographic_sir,0.0452142439180158,2.575432270190754e-50,0.9547857560819839,15.0,,52.0,780.2142857142857,0.014285714285714285
3.317808219178082,demographic_sir,0.045251612492249585,2.4600980415178987e-50,0.9547483875077502,15.0,,52.0,780.2142857142857,0.014285714285714285
3.3205479452054796,demographic_sir,0.04528897960394548,2.3501164765366854e-50,0.9547110203960543,15.0,,52.0,780.2142857142857,0.014285714285714285
3.323287671232877,demographic_sir,0.045326345253160726,2.24523109329593e-50,0.954673654746839,15.0,,52.0,780.2142857142857,0.014285714285714285
3.326027397260274,demographic_sir,0.04536370943995257,2.145198061316468e-50,0.9546362905600471,15.0,,52.0,780.2142857142857,0.014285714285714285
3.328767123287671,demographic_sir,0.04540107216437825,2.0497855606979287e-50,0.9545989278356214,15.0,,52.0,780.2142857142857,0.014285714285714285
3.3315068493150686,demographic_sir,0.045438433426494985,1.9587731745014264e-50,0.9545615665735047,15.0,,52.0,780.2142857142857,0.014285714285714285
3.334246575342466,demographic_sir,0.04547579322636003,1.8719513126400296e-50,0.9545242067736396,15.0,,52.0,780.2142857142857,0.014285714285714285
3.336986301369863,demographic_sir,0.04551315156403059,1.7891206656054102e-50,0.954486848435969,15.0,,52.0,780.2142857142857,0.014285714285714285
3.33972602739726,demographic_sir,0.04555050843956391,1.7100916864492808e-50,0.9544494915604356,15.0,,52.0,780.2142857142857,0.014285714285714285
3.3424657534246576,demographic_sir,0.04558786385301721,1.634684099524251e-50,0.9544121361469823,15.0,,52.0,780.2142857142857,0.014285714285714285
3.345205479452055,demographic_sir,0.04562521780444772,1.562726434569147e-50,0.9543747821955518,15.0,,52.0,780.2142857142857,0.014285714285714285
3.3479452054794523,demographic_sir,0.04566257029391265,1.494055584800736e-50,0.9543374297060869,15.0,,52.0,780.2142857142857,0.014285714285714285
3.350684931506849,demographic_sir,0.045699921321469224,1.4285163877457438e-50,0.9543000786785304,15.0,,52.0,780.2142857142857,0.014285714285714285
3.3534246575342466,demographic_sir,0.045737270887174664,1.3659612276153085e-50,0.954262729112825,15.0,,52.0,780.2142857142857,0.014285714285714285
3.356164383561644,demographic_sir,0.045774618991086174,1.3062496580887119e-50,0.9542253810089135,15.0,,52.0,780.2142857142857,0.014285714285714285
3.3589041095890413,demographic_sir,0.045811965633260975,1.2492480444337926e-50,0.9541880343667387,15.0,,52.0,780.2142857142857,0.014285714285714285
3.361643835616438,demographic_sir,0.04584931081375626,1.19482922394943e-50,0.9541506891862435,15.0,,52.0,780.2142857142857,0.014285714285714285
3.3643835616438356,demographic_sir,0.04588665453262926,1.1428721837696353e-50,0.9541133454673705,15.0,,52.0,780.2142857142857,0.014285714285714285
3.367123287671233,demographic_sir,0.045923996789937166,1.0932617551205008e-50,0.9540760032100626,15.0,,52.0,780.2142857142857,0.014285714285714285
3.3698630136986303,demographic_sir,0.04596133758573718,1.0458883231695866e-50,0.9540386624142626,15.0,,52.0,780.2142857142857,0.014285714285714285
3.3726027397260276,demographic_sir,0.0459986769200865,1.0006475516536146e-50,0.9540013230799133,15.0,,52.0,780.2142857142857,0.014285714285714285
3.3753424657534246,demographic_sir,0.04603601479304233,9.574401215136332e-51,0.9539639852069575,15.0,,52.0,780.2142857142857,0.014285714285714285
3.378082191780822,demographic_sir,0.046073351204661876,9.161714828079377e-51,0.953926648795338,15.0,,52.0,780.2142857142857,0.014285714285714285
3.3808219178082193,demographic_sir,0.04611068615500232,8.767516192120325e-51,0.9538893138449975,15.0,,52.0,780.2142857142857,0.014285714285714285
3.3835616438356166,demographic_sir,0.046148019644120866,8.390948244514299e-51,0.953851980355879,15.0,,52.0,780.2142857142857,0.014285714285714285
3.3863013698630136,demographic_sir,0.04618535167207469,8.031194900480875e-51,0.9538146483279252,15.0,,52.0,780.2142857142857,0.014285714285714285
3.389041095890411,demographic_sir,0.04622268223892098,7.687479037939668e-51,0.9537773177610789,15.0,,52.0,780.2142857142857,0.014285714285714285
3.3917808219178083,demographic_sir,0.046260011344716925,7.359060583964554e-51,0.953739988655283,15.0,,52.0,780.2142857142857,0.014285714285714285
3.3945205479452056,demographic_sir,0.04629733898951971,7.045234697695883e-51,0.9537026610104802,15.0,,52.0,780.2142857142857,0.014285714285714285
3.3972602739726026,demographic_sir,0.046334665173386504,6.745330044730304e-51,0.9536653348266134,15.0,,52.0,780.2142857142857,0.014285714285714285
3.4,demographic_sir,0.046371989896374505,6.458707158269344e-51,0.9536280101036254,15.0,,52.0,780.2142857142857,0.014285714285714285
3.4027397260273973,demographic_sir,0.04640931315854088,6.184756882558253e-51,0.9535906868414591,15.0,,52.0,780.2142857142857,0.014285714285714285
3.4054794520547946,demographic_sir,0.046446634959942806,5.922898894380389e-51,0.9535533650400572,15.0,,52.0,780.2142857142857,0.014285714285714285
3.408219178082192,demographic_sir,0.046483955300637446,5.672580298596925e-51,0.9535160446993625,15.0,,52.0,780.2142857142857,0.014285714285714285
3.410958904109589,demographic_sir,0.046521274180681964,5.433274293931581e-51,0.9534787258193179,15.0,,52.0,780.2142857142857,0.014285714285714285
3.4136986301369863,demographic_sir,0.04655859160013355,5.204478905399605e-51,0.9534414083998664,15.0,,52.0,780.2142857142857,0.014285714285714285
3.4164383561643836,demographic_sir,0.046595907559049354,4.9857157799698993e-51,0.9534040924409506,15.0,,52.0,780.2142857142857,0.014285714285714285
3.419178082191781,demographic_sir,0.04663322205748654,4.776529042226468e-51,0.9533667779425133,15.0,,52.0,780.2142857142857,0.014285714285714285
3.421917808219178,demographic_sir,0.04667053509550226,4.5764842069659493e-51,0.9533294649044977,15.0,,52.0,780.2142857142857,0.014285714285714285
3.4246575342465753,demographic_sir,0.04670784667315369,4.3851671458270294e-51,0.9532921533268462,15.0,,52.0,780.2142857142857,0.014285714285714285
3.4273972602739726,demographic_sir,0.046745156790497976,4.202183105200027e-51,0.953254843209502,15.0,,52.0,780.2142857142857,0.014285714285714285
3.43013698630137,demographic_sir,0.04678246544759228,4.027155772807274e-51,0.9532175345524078,15.0,,52.0,780.2142857142857,0.014285714285714285
3.4328767123287673,demographic_sir,0.04681977264449374,3.859726390481833e-51,0.9531802273555063,15.0,,52.0,780.2142857142857,0.014285714285714285
3.4356164383561643,demographic_sir,0.0468570783812595,3.6995529108000776e-51,0.9531429216187405,15.0,,52.0,780.2142857142857,0.014285714285714285
3.4383561643835616,demographic_sir,0.04689438265794673,3.5463091953454393e-51,0.9531056173420532,15.0,,52.0,780.2142857142857,0.014285714285714285
3.441095890410959,demographic_sir,0.046931685474612565,3.399684252496462e-51,0.9530683145253874,15.0,,52.0,780.2142857142857,0.014285714285714285
3.4438356164383563,demographic_sir,0.04696898683131415,3.2593815127405654e-51,0.9530310131686859,15.0,,52.0,780.2142857142857,0.014285714285714285
3.4465753424657533,demographic_sir,0.04700628672810861,3.12511813961926e-51,0.9529937132718914,15.0,,52.0,780.2142857142857,0.014285714285714285
3.4493150684931506,demographic_sir,0.0470435851650531,2.996624374507808e-51,0.9529564148349469,15.0,,52.0,780.2142857142857,0.014285714285714285
3.452054794520548,demographic_sir,0.04708088214220475,2.873642913525688e-51,0.9529191178577952,15.0,,52.0,780.2142857142857,0.014285714285714285
3.4547945205479453,demographic_sir,0.0471181776596207,2.755928314961329e-51,0.9528818223403792,15.0,,52.0,780.2142857142857,0.014285714285714285
3.4575342465753427,demographic_sir,0.04715547171735808,2.6432464356785596e-51,0.9528445282826419,15.0,,52.0,780.2142857142857,0.014285714285714285
3.4602739726027396,demographic_sir,0.047192764315474,2.5353738950506276e-51,0.952807235684526,15.0,,52.0,780.2142857142857,0.014285714285714285
3.463013698630137,demographic_sir,0.04723005545402561,2.432097565042378e-51,0.9527699445459744,15.0,,52.0,780.2142857142857,0.014285714285714285
3.4657534246575343,demographic_sir,0.04726734513307003,2.3332140851323068e-51,0.95273265486693,15.0,,52.0,780.2142857142857,0.014285714285714285
3.4684931506849317,demographic_sir,0.047304633352664376,2.2385294008326488e-51,0.9526953666473357,15.0,,52.0,780.2142857142857,0.014285714285714285
3.4712328767123286,demographic_sir,0.04734192011286576,2.1478583246298482e-51,0.9526580798871342,15.0,,52.0,780.2142857142857,0.014285714285714285
3.473972602739726,demographic_sir,0.04737920541373133,2.0610241182275036e-51,0.9526207945862687,15.0,,52.0,780.2142857142857,0.014285714285714285
3.4767123287671233,demographic_sir,0.04741648925531817,1.9778580950313878e-51,0.9525835107446818,15.0,,52.0,780.2142857142857,0.014285714285714285
3.4794520547945207,demographic_sir,0.047453771637683405,1.8981992418697038e-51,0.9525462283623166,15.0,,52.0,780.2142857142857,0.014285714285714285
3.482191780821918,demographic_sir,0.04749105256088416,1.821893858993528e-51,0.9525089474391158,15.0,,52.0,780.2142857142857,0.014285714285714285
3.484931506849315,demographic_sir,0.04752833202497752,1.7487952174506934e-51,0.9524716679750225,15.0,,52.0,780.2142857142857,0.014285714285714285
3.4876712328767123,demographic_sir,0.04756561003002061,1.678763232972455e-51,0.9524343899699793,15.0,,52.0,780.2142857142857,0.014285714285714285
3.4904109589041097,demographic_sir,0.04760288657607053,1.611664155556195e-51,0.9523971134239294,15.0,,52.0,780.2142857142857,0.014285714285714285
3.493150684931507,demographic_sir,0.04764016166318438,1.5473702739684177e-51,0.9523598383368156,15.0,,52.0,780.2142857142857,0.014285714285714285
3.495890410958904,demographic_sir,0.047677435291419254,1.48575963443197e-51,0.9523225647085807,15.0,,52.0,780.2142857142857,0.014285714285714285
3.4986301369863013,demographic_sir,0.04771470746083226,1.4267157727983373e-51,0.9522852925391677,15.0,,52.0,780.2142857142857,0.014285714285714285
3.5013698630136987,demographic_sir,0.0477519781714805,1.3701274595414545e-51,0.9522480218285195,15.0,,52.0,780.2142857142857,0.014285714285714285
3.504109589041096,demographic_sir,0.04778924742342105,1.3158884569425917e-51,0.952210752576579,15.0,,52.0,780.2142857142857,0.014285714285714285
3.506849315068493,demographic_sir,0.047826515216710996,1.2638972878679843e-51,0.952173484783289,15.0,,52.0,780.2142857142857,0.014285714285714285
3.5095890410958903,demographic_sir,0.04786378155140745,1.2140570155707186e-51,0.9521362184485925,15.0,,52.0,780.2142857142857,0.014285714285714285
3.5123287671232877,demographic_sir,0.04790104642756749,1.1662750339771987e-51,0.9520989535724326,15.0,,52.0,780.2142857142857,0.014285714285714285
3.515068493150685,demographic_sir,0.047938309845248196,1.1204628679453044e-51,0.9520616901547518,15.0,,52.0,780.2142857142857,0.014285714285714285
3.5178082191780824,demographic_sir,0.04797557180450665,1.0765359830073548e-51,0.9520244281954934,15.0,,52.0,780.2142857142857,0.014285714285714285
3.5205479452054793,demographic_sir,0.04801283230539993,1.0344136041351983e-51,0.9519871676946,15.0,,52.0,780.2142857142857,0.014285714285714285
3.5232876712328767,demographic_sir,0.04805009134798513,9.940185430879025e-52,0.9519499086520148,15.0,,52.0,780.2142857142857,0.014285714285714285
3.526027397260274,demographic_sir,0.048087348932319314,9.55277033924598e-52,0.9519126510676805,15.0,,52.0,780.2142857142857,0.014285714285714285
3.5287671232876714,demographic_sir,0.04812460505845956,9.181185762856206e-52,0.9518753949415403,15.0,,52.0,780.2142857142857,0.014285714285714285
3.5315068493150683,demographic_sir,0.04816185972646292,8.824757860651076e-52,0.9518381402735369,15.0,,52.0,780.2142857142857,0.014285714285714285
3.5342465753424657,demographic_sir,0.048199112936386485,8.482842531167759e-52,0.9518008870636133,15.0,,52.0,780.2142857142857,0.014285714285714285
3.536986301369863,demographic_sir,0.04823636468828731,8.15482405652578e-52,0.9517636353117125,15.0,,52.0,780.2142857142857,0.014285714285714285
3.5397260273972604,demographic_sir,0.04827361498222247,7.840113810106212e-52,0.9517263850177773,15.0,,52.0,780.2142857142857,0.014285714285714285
3.5424657534246577,demographic_sir,0.04831086381824902,7.538149024849742e-52,0.9516891361817508,15.0,,52.0,780.2142857142857,0.014285714285714285
3.5452054794520547,demographic_sir,0.04834811119642401,7.248391619250889e-52,0.9516518888035758,15.0,,52.0,780.2142857142857,0.014285714285714285
3.547945205479452,demographic_sir,0.04838535711680452,6.970327078270291e-52,0.9516146428831953,15.0,,52.0,780.2142857142857,0.014285714285714285
3.5506849315068494,demographic_sir,0.04842260157944759,6.703463386525048e-52,0.9515773984205522,15.0,,52.0,780.2142857142857,0.014285714285714285
3.5534246575342467,demographic_sir,0.04845984458441027,6.4473300112457406e-52,0.9515401554155896,15.0,,52.0,780.2142857142857,0.014285714285714285
3.5561643835616437,demographic_sir,0.04849708613174962,6.201476932614128e-52,0.9515029138682503,15.0,,52.0,780.2142857142857,0.014285714285714285
3.558904109589041,demographic_sir,0.04853432622152269,5.96547371921167e-52,0.9514656737784771,15.0,,52.0,780.2142857142857,0.014285714285714285
3.5616438356164384,demographic_sir,0.048571564853786525,5.738908646421704e-52,0.9514284351462132,15.0,,52.0,780.2142857142857,0.014285714285714285
3.5643835616438357,demographic_sir,0.048608802028598165,5.521387855732583e-52,0.9513911979714016,15.0,,52.0,780.2142857142857,0.014285714285714285
3.567123287671233,demographic_sir,0.048646037746014656,5.312534552991066e-52,0.951353962253985,15.0,,52.0,780.2142857142857,0.014285714285714285
3.56986301369863,demographic_sir,0.04868327200609303,5.111988243749944e-52,0.9513167279939067,15.0,,52.0,780.2142857142857,0.014285714285714285
3.5726027397260274,demographic_sir,0.048720504808890334,4.919404003944722e-52,0.9512794951911094,15.0,,52.0,780.2142857142857,0.014285714285714285
3.5753424657534247,demographic_sir,0.0487577361544636,4.7344517842209685e-52,0.9512422638455361,15.0,,52.0,780.2142857142857,0.014285714285714285
3.578082191780822,demographic_sir,0.048794966042869856,4.556815746314732e-52,0.9512050339571299,15.0,,52.0,780.2142857142857,0.014285714285714285
3.580821917808219,demographic_sir,0.04883219447416614,4.3861936299673476e-52,0.9511678055258336,15.0,,52.0,780.2142857142857,0.014285714285714285
3.5835616438356164,demographic_sir,0.04886942144840948,4.222296148929009e-52,0.9511305785515902,15.0,,52.0,780.2142857142857,0.014285714285714285
3.5863013698630137,demographic_sir,0.0489066469656569,4.064846414676504e-52,0.9510933530343427,15.0,,52.0,780.2142857142857,0.014285714285714285
3.589041095890411,demographic_sir,0.048943871025965424,3.9135793865362374e-52,0.9510561289740342,15.0,,52.0,780.2142857142857,0.014285714285714285
3.5917808219178085,demographic_sir,0.048981093629392077,3.7682413469680575e-52,0.9510189063706076,15.0,,52.0,780.2142857142857,0.014285714285714285
3.5945205479452054,demographic_sir,0.049018314775993874,3.6285894008250825e-52,0.9509816852240058,15.0,,52.0,780.2142857142857,0.014285714285714285
3.5972602739726027,demographic_sir,0.04905553446582783,3.49439099746205e-52,0.9509444655341719,15.0,,52.0,780.2142857142857,0.014285714285714285
3.6,demographic_sir,0.04909275269895098,3.3654234746195744e-52,0.9509072473010488,15.0,,52.0,780.2142857142857,0.014285714285714285
3.6027397260273974,demographic_sir,0.04912996947542031,3.241473623062662e-52,0.9508700305245794,15.0,,52.0,780.2142857142857,0.014285714285714285
3.6054794520547944,demographic_sir,0.04916718479529284,3.122337271001813e-52,0.9508328152047069,15.0,,52.0,780.2142857142857,0.014285714285714285
3.6082191780821917,demographic_sir,0.04920439865862559,3.007818887371193e-52,0.9507956013413742,15.0,,52.0,780.2142857142857,0.014285714285714285
3.610958904109589,demographic_sir,0.04924161106547555,2.8977312030833635e-52,0.9507583889345242,15.0,,52.0,780.2142857142857,0.014285714285714285
3.6136986301369864,demographic_sir,0.04927882201589974,2.7918948494216207e-52,0.9507211779841,15.0,,52.0,780.2142857142857,0.014285714285714285
3.616438356164384,demographic_sir,0.04931603150995515,2.690138012771857e-52,0.9506839684900447,15.0,,52.0,780.2142857142857,0.014285714285714285
3.6191780821917807,demographic_sir,0.049353239547698775,2.5922961049336685e-52,0.950646760452301,15.0,,52.0,780.2142857142857,0.014285714285714285
3.621917808219178,demographic_sir,0.04939044612918763,2.498211448286793e-52,0.9506095538708121,15.0,,52.0,780.2142857142857,0.014285714285714285
3.6246575342465754,demographic_sir,0.0494276512544787,2.407732975123828e-52,0.9505723487455211,15.0,,52.0,780.2142857142857,0.014285714285714285
3.627397260273973,demographic_sir,0.049464854923628974,2.320715940492479e-52,0.9505351450763708,15.0,,52.0,780.2142857142857,0.014285714285714285
3.6301369863013697,demographic_sir,0.04950205713669544,2.237021647922419e-52,0.9504979428633044,15.0,,52.0,780.2142857142857,0.014285714285714285
3.632876712328767,demographic_sir,0.04953925789373511,2.1565171874411354e-52,0.9504607421062647,15.0,,52.0,780.2142857142857,0.014285714285714285
3.6356164383561644,demographic_sir,0.049576457194804954,2.0790751853118144e-52,0.9504235428051949,15.0,,52.0,780.2142857142857,0.014285714285714285
3.638356164383562,demographic_sir,0.04961365503996196,2.0045735649527233e-52,0.9503863449600379,15.0,,52.0,780.2142857142857,0.014285714285714285
3.6410958904109587,demographic_sir,0.04965085142926309,1.9328953185236314e-52,0.9503491485707368,15.0,,52.0,780.2142857142857,0.014285714285714285
3.643835616438356,demographic_sir,0.04968804636276535,1.863928288688793e-52,0.9503119536372345,15.0,,52.0,780.2142857142857,0.014285714285714285
3.6465753424657534,demographic_sir,0.04972523984052571,1.797564960089519e-52,0.9502747601594741,15.0,,52.0,780.2142857142857,0.014285714285714285
3.649315068493151,demographic_sir,0.04976243186260114,1.7337022600809875e-52,0.9502375681373986,15.0,,52.0,780.2142857142857,0.014285714285714285
3.652054794520548,demographic_sir,0.04979962242904861,1.672241368309333e-52,0.9502003775709511,15.0,,52.0,780.2142857142857,0.014285714285714285
3.654794520547945,demographic_sir,0.04983681153992509,1.6130875347247748e-52,0.9501631884600746,15.0,,52.0,780.2142857142857,0.014285714285714285
3.6575342465753424,demographic_sir,0.049873999195287566,1.5561499056455617e-52,0.9501260008047122,15.0,,52.0,780.2142857142857,0.014285714285714285
3.66027397260274,demographic_sir,0.049911185395192986,1.5013413575057846e-52,0.9500888146048069,15.0,,52.0,780.2142857142857,0.014285714285714285
3.663013698630137,demographic_sir,0.04994837013969832,1.4485783379369773e-52,0.9500516298603016,15.0,,52.0,780.2142857142857,0.014285714285714285
3.665753424657534,demographic_sir,0.049985553428860525,1.3977807138501608e-52,0.9500144465711393,15.0,,52.0,780.2142857142857,0.014285714285714285
3.6684931506849314,demographic_sir,0.050022735262736574,1.348871626200317e-52,0.9499772647372632,15.0,,52.0,780.2142857142857,0.014285714285714285
3.671232876712329,demographic_sir,0.05005991564138341,1.3017773511303694e-52,0.9499400843586163,15.0,,52.0,780.2142857142857,0.014285714285714285
3.673972602739726,demographic_sir,0.050097094564857995,1.2564271672055824e-52,0.9499029054351418,15.0,,52.0,780.2142857142857,0.014285714285714285
3.6767123287671235,demographic_sir,0.05013427203321728,1.2127532284630436e-52,0.9498657279667825,15.0,,52.0,780.2142857142857,0.014285714285714285
3.6794520547945204,demographic_sir,0.050171448046518206,1.170690443013535e-52,0.9498285519534816,15.0,,52.0,780.2142857142857,0.014285714285714285
3.682191780821918,demographic_sir,0.05020862260481774,1.130176356945322e-52,0.949791377395182,15.0,,52.0,780.2142857142857,0.014285714285714285
3.684931506849315,demographic_sir,0.05024579570817282,1.0911510432911334e-52,0.949754204291827,15.0,,52.0,780.2142857142857,0.014285714285714285
3.6876712328767125,demographic_sir,0.05028296735664039,1.0535569958304472e-52,0.9497170326433594,15.0,,52.0,780.2142857142857,0.014285714285714285
3.6904109589041094,demographic_sir,0.05032013755027738,1.017339027509973e-52,0.9496798624497225,15.0,,52.0,780.2142857142857,0.014285714285714285
3.6931506849315068,demographic_sir,0.05035730628914075,9.824441732750834e-53,0.9496426937108592,15.0,,52.0,780.2142857142857,0.014285714285714285
3.695890410958904,demographic_sir,0.05039447357328743,9.488215971146772e-53,0.9496055264267125,15.0,,52.0,780.2142857142857,0.014285714285714285
3.6986301369863015,demographic_sir,0.05043163940277435,9.164225031308589e-53,0.9495683605972256,15.0,,52.0,780.2142857142857,0.014285714285714285
3.701369863013699,demographic_sir,0.050468803777658444,8.852000504537014e-53,0.9495311962223415,15.0,,52.0,780.2142857142857,0.014285714285714285
3.7041095890410958,demographic_sir,0.05050596669799664,8.551092718295108e-53,0.9494940333020033,15.0,,52.0,780.2142857142857,0.014285714285714285
3.706849315068493,demographic_sir,0.05054312816384587,8.261069957188926e-53,0.9494568718361541,15.0,,52.0,780.2142857142857,0.014285714285714285
3.7095890410958905,demographic_sir,0.05058028817526306,7.9815177174853e-53,0.949419711824737,15.0,,52.0,780.2142857142857,0.014285714285714285
3.712328767123288,demographic_sir,0.05061744673230514,7.712037993675575e-53,0.9493825532676948,15.0,,52.0,780.2142857142857,0.014285714285714285
3.7150684931506848,demographic_sir,0.05065460383502901,7.452248595664127e-53,0.9493453961649709,15.0,,52.0,780.2142857142857,0.014285714285714285
3.717808219178082,demographic_sir,0.05069175948349162,7.201782495224087e-53,0.9493082405165084,15.0,,52.0,780.2142857142857,0.014285714285714285
3.7205479452054795,demographic_sir,0.050728913677749864,6.960287200425831e-53,0.9492710863222502,15.0,,52.0,780.2142857142857,0.014285714285714285
3.723287671232877,demographic_sir,0.05076606641786067,6.727424156801321e-53,0.9492339335821395,15.0,,52.0,780.2142857142857,0.014285714285714285
3.726027397260274,demographic_sir,0.050803217703880944,6.502868174065061e-53,0.9491967822961191,15.0,,52.0,780.2142857142857,0.014285714285714285
3.728767123287671,demographic_sir,0.05084036753586759,6.28630687726523e-53,0.9491596324641325,15.0,,52.0,780.2142857142857,0.014285714285714285
3.7315068493150685,demographic_sir,0.05087751591387753,6.077440181289698e-53,0.9491224840861225,15.0,,52.0,780.2142857142857,0.014285714285714285
3.734246575342466,demographic_sir,0.05091466283796766,5.87597978770108e-53,0.9490853371620325,15.0,,52.0,780.2142857142857,0.014285714285714285
3.736986301369863,demographic_sir,0.050951808308194894,5.681648702920174e-53,0.9490481916918052,15.0,,52.0,780.2142857142857,0.014285714285714285
3.73972602739726,demographic_sir,0.050988952324616116,5.494180776822743e-53,0.9490110476753839,15.0,,52.0,780.2142857142857,0.014285714285714285
3.7424657534246575,demographic_sir,0.05102609488728825,5.31332026085584e-53,0.9489739051127117,15.0,,52.0,780.2142857142857,0.014285714285714285
3.745205479452055,demographic_sir,0.05106323599626818,5.138821384821069e-53,0.9489367640037318,15.0,,52.0,780.2142857142857,0.014285714285714285
3.747945205479452,demographic_sir,0.051100375651612795,4.970447951509487e-53,0.9488996243483871,15.0,,52.0,780.2142857142857,0.014285714285714285
3.7506849315068496,demographic_sir,0.051137513853378995,4.807972948410536e-53,0.9488624861466209,15.0,,52.0,780.2142857142857,0.014285714285714285
3.7534246575342465,demographic_sir,0.05117465060162366,4.651178175751749e-53,0.9488253493983763,15.0,,52.0,780.2142857142857,0.014285714285714285
3.756164383561644,demographic_sir,0.0512117858964037,4.499853890159306e-53,0.9487882141035963,15.0,,52.0,780.2142857142857,0.014285714285714285
3.758904109589041,demographic_sir,0.05124891973777598,4.353798463261852e-53,0.948751080262224,15.0,,52.0,780.2142857142857,0.014285714285714285
3.7616438356164386,demographic_sir,0.0512860521257974,4.212818054589376e-53,0.9487139478742026,15.0,,52.0,780.2142857142857,0.014285714285714285
3.7643835616438355,demographic_sir,0.05132318306052482,4.0767262981488443e-53,0.9486768169394751,15.0,,52.0,780.2142857142857,0.014285714285714285
3.767123287671233,demographic_sir,0.05136031254201514,3.9453440020851683e-53,0.9486396874579848,15.0,,52.0,780.2142857142857,0.014285714285714285
3.76986301369863,demographic_sir,0.051397440570325234,3.8184988608630723e-53,0.9486025594296746,15.0,,52.0,780.2142857142857,0.014285714285714285
3.7726027397260276,demographic_sir,0.051434567145511964,3.6960251794297603e-53,0.9485654328544879,15.0,,52.0,780.2142857142857,0.014285714285714285
3.7753424657534245,demographic_sir,0.05147169226763221,3.5777636088430507e-53,0.9485283077323677,15.0,,52.0,780.2142857142857,0.014285714285714285
3.778082191780822,demographic_sir,0.05150881593674285,3.4635608928719436e-53,0.948491184063257,15.0,,52.0,780.2142857142857,0.014285714285714285
3.780821917808219,demographic_sir,0.05154593815290074,3.35326962509897e-53,0.9484540618470991,15.0,,52.0,780.2142857142857,0.014285714285714285
3.7835616438356166,demographic_sir,0.05158305891616275,3.246748016073827e-53,0.9484169410838371,15.0,,52.0,780.2142857142857,0.014285714285714285
3.786301369863014,demographic_sir,0.051620178226585746,3.143859670088379e-53,0.9483798217734141,15.0,,52.0,780.2142857142857,0.014285714285714285
3.789041095890411,demographic_sir,0.05165729608422658,3.0444733711616922e-53,0.9483427039157732,15.0,,52.0,780.2142857142857,0.014285714285714285
3.791780821917808,demographic_sir,0.05169441248914213,2.9484628778419374e-53,0.9483055875108577,15.0,,52.0,780.2142857142857,0.014285714285714285
3.7945205479452055,demographic_sir,0.051731527441389244,2.855706726449603e-53,0.9482684725586106,15.0,,52.0,780.2142857142857,0.014285714285714285
3.797260273972603,demographic_sir,0.05176864094102478,2.7660880424024335e-53,0.948231359058975,15.0,,52.0,780.2142857142857,0.014285714285714285
3.8,demographic_sir,0.051805752988105566,2.679494359278849e-53,0.9481942470118943,15.0,,52.0,780.2142857142857,0.014285714285714285
3.802739726027397,demographic_sir,0.05184286358268849,2.5958174452912375e-53,0.9481571364173114,15.0,,52.0,780.2142857142857,0.014285714285714285
3.8054794520547945,demographic_sir,0.05187997272483037,2.5149531368552887e-53,0.9481200272751695,15.0,,52.0,780.2142857142857,0.014285714285714285
3.808219178082192,demographic_sir,0.05191708041458807,2.4368011789547797e-53,0.9480829195854118,15.0,,52.0,780.2142857142857,0.014285714285714285
3.8109589041095893,demographic_sir,0.051954186652018425,2.3612650720148107e-53,0.9480458133479814,15.0,,52.0,780.2142857142857,0.014285714285714285
3.813698630136986,demographic_sir,0.051991291437178275,2.288251925008752e-53,0.9480087085628216,15.0,,52.0,780.2142857142857,0.014285714285714285
3.8164383561643835,demographic_sir,0.05202839477012448,2.217672314536127e-53,0.9479716052298754,15.0,,52.0,780.2142857142857,0.014285714285714285
3.819178082191781,demographic_sir,0.05206549665091385,2.1494401496203277e-53,0.947934503349086,15.0,,52.0,780.2142857142857,0.014285714285714285
3.8219178082191783,demographic_sir,0.05210259707960324,2.0834725419855523e-53,0.9478974029203966,15.0,,52.0,780.2142857142857,0.014285714285714285
3.824657534246575,demographic_sir,0.05213969605624946,2.0196896815832128e-53,0.9478603039437504,15.0,,52.0,780.2142857142857,0.014285714285714285
3.8273972602739725,demographic_sir,0.05217679358090937,1.9580147171476988e-53,0.9478232064190906,15.0,,52.0,780.2142857142857,0.014285714285714285
3.83013698630137,demographic_sir,0.05221388965363977,1.8983736415712015e-53,0.9477861103463602,15.0,,52.0,780.2142857142857,0.014285714285714285
3.8328767123287673,demographic_sir,0.052250984274497494,1.8406951818960167e-53,0.9477490157255024,15.0,,52.0,780.2142857142857,0.014285714285714285
3.8356164383561646,demographic_sir,0.052288077443539374,1.7849106937318048e-53,0.9477119225564605,15.0,,52.0,780.2142857142857,0.014285714285714285
3.8383561643835615,demographic_sir,0.052325169160822214,1.730954059913372e-53,0.9476748308391777,15.0,,52.0,780.2142857142857,0.014285714285714285
3.841095890410959,demographic_sir,0.05236225942640286,1.6787615932224866e-53,0.9476377405735971,15.0,,52.0,780.2142857142857,0.014285714285714285
3.8438356164383563,demographic_sir,0.05239934824033811,1.6282719430049962e-53,0.9476006517596618,15.0,,52.0,780.2142857142857,0.014285714285714285
3.8465753424657536,demographic_sir,0.05243643560268479,1.5794260055214576e-53,0.9475635643973152,15.0,,52.0,780.2142857142857,0.014285714285714285
3.8493150684931505,demographic_sir,0.052473521513499696,1.5321668378767247e-53,0.9475264784865003,15.0,,52.0,780.2142857142857,0.014285714285714285
3.852054794520548,demographic_sir,0.05251060597283965,1.4864395753803294e-53,0.9474893940271604,15.0,,52.0,780.2142857142857,0.014285714285714285
3.8547945205479452,demographic_sir,0.05254768898076146,1.4421913521960373e-53,0.9474523110192385,15.0,,52.0,780.2142857142857,0.014285714285714285
3.8575342465753426,demographic_sir,0.05258477053732193,1.3993712251447304e-53,0.9474152294626781,15.0,,52.0,780.2142857142857,0.014285714285714285
3.86027397260274,demographic_sir,0.052621850642577864,1.3579301005308304e-53,0.9473781493574222,15.0,,52.0,780.2142857142857,0.014285714285714285
3.863013698630137,demographic_sir,0.052658929296586054,1.3178206638678405e-53,0.947341070703414,15.0,,52.0,780.2142857142857,0.014285714285714285
3.8657534246575342,demographic_sir,0.05269600649940332,1.2789973123838877e-53,0.9473039935005967,15.0,,52.0,780.2142857142857,0.014285714285714285
3.8684931506849316,demographic_sir,0.05273308225108645,1.2414160901933255e-53,0.9472669177489136,15.0,,52.0,780.2142857142857,0.014285714285714285
3.871232876712329,demographic_sir,0.05277015655169224,1.2050346260250678e-53,0.9472298434483079,15.0,,52.0,780.2142857142857,0.014285714285714285
3.873972602739726,demographic_sir,0.05280722940127747,1.1698120734031798e-53,0.9471927705987225,15.0,,52.0,780.2142857142857,0.014285714285714285
3.8767123287671232,demographic_sir,0.052844300799898936,1.1357090531794976e-53,0.947155699200101,15.0,,52.0,780.2142857142857,0.014285714285714285
3.8794520547945206,demographic_sir,0.052881370747613426,1.1026875983224399e-53,0.9471186292523864,15.0,,52.0,780.2142857142857,0.014285714285714285
3.882191780821918,demographic_sir,0.05291843924447774,1.0707111008700158e-53,0.9470815607555222,15.0,,52.0,780.2142857142857,0.014285714285714285
3.8849315068493153,demographic_sir,0.05295550629054865,1.0397442609590999e-53,0.9470444937094513,15.0,,52.0,780.2142857142857,0.014285714285714285
3.8876712328767122,demographic_sir,0.052992571885882925,1.0097530378466341e-53,0.9470074281141171,15.0,,52.0,780.2142857142857,0.014285714285714285
3.8904109589041096,demographic_sir,0.05302963603053736,9.807046028419571e-54,0.9469703639694627,15.0,,52.0,780.2142857142857,0.014285714285714285
3.893150684931507,demographic_sir,0.053066698724568734,9.525672940729515e-54,0.9469333012754313,15.0,,52.0,780.2142857142857,0.014285714285714285
3.8958904109589043,demographic_sir,0.05310375996803382,9.253105730117653e-54,0.9468962400319662,15.0,,52.0,780.2142857142857,0.014285714285714285
3.8986301369863012,demographic_sir,0.053140819760989375,8.989049826891406e-54,0.9468591802390105,15.0,,52.0,780.2142857142857,0.014285714285714285
3.9013698630136986,demographic_sir,0.05317787810349219,8.733221075292174e-54,0.9468221218965077,15.0,,52.0,780.2142857142857,0.014285714285714285
3.904109589041096,demographic_sir,0.053214934995599025,8.485345347396441e-54,0.9467850650044008,15.0,,52.0,780.2142857142857,0.014285714285714285
3.9068493150684933,demographic_sir,0.05325199043736665,8.245158171943864e-54,0.9467480095626332,15.0,,52.0,780.2142857142857,0.014285714285714285
3.9095890410958902,demographic_sir,0.053289044428851816,8.012404377493823e-54,0.946710955571148,15.0,,52.0,780.2142857142857,0.014285714285714285
3.9123287671232876,demographic_sir,0.05332609697011129,7.786837749335636e-54,0.9466739030298886,15.0,,52.0,780.2142857142857,0.014285714285714285
3.915068493150685,demographic_sir,0.05336314806120184,7.568220699602526e-54,0.9466368519387981,15.0,,52.0,780.2142857142857,0.014285714285714285
3.9178082191780823,demographic_sir,0.05340019770218021,7.356323950060895e-54,0.9465998022978197,15.0,,52.0,780.2142857142857,0.014285714285714285
3.9205479452054797,demographic_sir,0.05343724589310317,7.150926227069597e-54,0.9465627541068967,15.0,,52.0,780.2142857142857,0.014285714285714285
3.9232876712328766,demographic_sir,0.053474292634027455,6.95181396822403e-54,0.9465257073659724,15.0,,52.0,780.2142857142857,0.014285714285714285
3.926027397260274,demographic_sir,0.05351133792500983,6.758781040219918e-54,0.9464886620749899,15.0,,52.0,780.2142857142857,0.014285714285714285
3.9287671232876713,demographic_sir,0.05354838176610704,6.571628467491458e-54,0.9464516182338928,15.0,,52.0,780.2142857142857,0.014285714285714285
3.9315068493150687,demographic_sir,0.05358542415737582,6.390164171195669e-54,0.946414575842624,15.0,,52.0,780.2142857142857,0.014285714285714285
3.9342465753424656,demographic_sir,0.053622465098872925,6.21420271813357e-54,0.9463775349011269,15.0,,52.0,780.2142857142857,0.014285714285714285
3.936986301369863,demographic_sir,0.05365950459065509,6.043565079214688e-54,0.9463404954093447,15.0,,52.0,780.2142857142857,0.014285714285714285
3.9397260273972603,demographic_sir,0.053696542632779065,5.878078397088361e-54,0.9463034573672208,15.0,,52.0,780.2142857142857,0.014285714285714285
3.9424657534246577,demographic_sir,0.05373357922530158,5.717575762579676e-54,0.9462664207746982,15.0,,52.0,780.2142857142857,0.014285714285714285
3.945205479452055,demographic_sir,0.05377061436827937,5.561895999583669e-54,0.9462293856317204,15.0,,52.0,780.2142857142857,0.014285714285714285
3.947945205479452,demographic_sir,0.05380764806176915,5.410883458084959e-54,0.9461923519382307,15.0,,52.0,780.2142857142857,0.014285714285714285
3.9506849315068493,demographic_sir,0.05384468030582768,5.264387814983605e-54,0.9461553196941722,15.0,,52.0,780.2142857142857,0.014285714285714285
3.9534246575342467,demographic_sir,0.05388171110051168,5.122263882421398e-54,0.9461182888994882,15.0,,52.0,780.2142857142857,0.014285714285714285
3.956164383561644,demographic_sir,0.05391874044587787,4.9843714233144297e-54,0.946081259554122,15.0,,52.0,780.2142857142857,0.014285714285714285
3.958904109589041,demographic_sir,0.053955768341982964,4.850574973810534e-54,0.946044231658017,15.0,,52.0,780.2142857142857,0.014285714285714285
3.9616438356164383,demographic_sir,0.0539927947888837,4.720743672400953e-54,0.9460072052111163,15.0,,52.0,780.2142857142857,0.014285714285714285
3.9643835616438357,demographic_sir,0.05402981978663679,4.5947510954271683e-54,0.9459701802133632,15.0,,52.0,780.2142857142857,0.014285714285714285
3.967123287671233,demographic_sir,0.05406684333529895,4.4724750987335035e-54,0.9459331566647011,15.0,,52.0,780.2142857142857,0.014285714285714285
3.9698630136986304,demographic_sir,0.05410386543492691,4.3537976652269285e-54,0.9458961345650733,15.0,,52.0,780.2142857142857,0.014285714285714285
3.9726027397260273,demographic_sir,0.05414088608557736,4.2386047581146716e-54,0.9458591139144228,15.0,,52.0,780.2142857142857,0.014285714285714285
3.9753424657534246,demographic_sir,0.05417790528730702,4.1267861795994964e-54,0.9458220947126932,15.0,,52.0,780.2142857142857,0.014285714285714285
3.978082191780822,demographic_sir,0.05421492304017259,4.018235434821711e-54,0.9457850769598275,15.0,,52.0,780.2142857142857,0.014285714285714285
3.9808219178082194,demographic_sir,0.054251939344230796,3.912849600844794e-54,0.9457480606557693,15.0,,52.0,780.2142857142857,0.014285714285714285
3.9835616438356163,demographic_sir,0.054288954199538324,3.810529200490318e-54,0.9457110458004618,15.0,,52.0,780.2142857142857,0.014285714285714285
3.9863013698630136,demographic_sir,0.05432596760615188,3.7111780808351274e-54,0.9456740323938483,15.0,,52.0,780.2142857142857,0.014285714285714285
3.989041095890411,demographic_sir,0.054362979564128174,3.614703296191666e-54,0.9456370204358719,15.0,,52.0,780.2142857142857,0.014285714285714285
3.9917808219178084,demographic_sir,0.054399990073523884,3.521014995398917e-54,0.9456000099264762,15.0,,52.0,780.2142857142857,0.014285714285714285
3.9945205479452057,demographic_sir,0.05443699913439572,3.4300263132588474e-54,0.9455630008656043,15.0,,52.0,780.2142857142857,0.014285714285714285
3.9972602739726026,demographic_sir,0.05447400674680036,3.3416532659595e-54,0.9455259932531996,15.0,,52.0,780.2142857142857,0.014285714285714285
4.0,demographic_sir,0.054511012910794514,3.255814650332201e-54,0.9454889870892055,15.0,,52.0,780.2142857142857,0.014285714285714285
4.002739726027397,demographic_sir,0.05454801762643485,3.172431946796676e-54,0.9454519823735652,15.0,,52.0,780.2142857142857,0.014285714285714285
4.005479452054795,demographic_sir,0.05458502089377807,3.0914292258531757e-54,0.945414979106222,15.0,,52.0,780.2142857142857,0.014285714285714285
4.008219178082192,demographic_sir,0.05462202271288085,3.0127330579867657e-54,0.9453779772871193,15.0,,52.0,780.2142857142857,0.014285714285714285
4.010958904109589,demographic_sir,0.05465902308379988,2.936272426853986e-54,0.9453409769162003,15.0,,52.0,780.2142857142857,0.014285714285714285
4.013698630136986,demographic_sir,0.05469602200659181,2.861978645627305e-54,0.9453039779934084,15.0,,52.0,780.2142857142857,0.014285714285714285
4.016438356164383,demographic_sir,0.05473301948131335,2.7897852763775426e-54,0.9452669805186869,15.0,,52.0,780.2142857142857,0.014285714285714285
4.019178082191781,demographic_sir,0.054770015508021165,2.7196280523796307e-54,0.945229984491979,15.0,,52.0,780.2142857142857,0.014285714285714285
4.021917808219178,demographic_sir,0.054807010086771926,2.651444803230762e-54,0.9451929899132282,15.0,,52.0,780.2142857142857,0.014285714285714285
4.024657534246575,demographic_sir,0.054844003217622304,2.5851753826751584e-54,0.9451559967823778,15.0,,52.0,780.2142857142857,0.014285714285714285
4.027397260273973,demographic_sir,0.05488099490062896,2.5207615990333373e-54,0.9451190050993712,15.0,,52.0,780.2142857142857,0.014285714285714285
4.03013698630137,demographic_sir,0.05491798513584858,2.458147148137907e-54,0.9450820148641516,15.0,,52.0,780.2142857142857,0.014285714285714285
4.032876712328767,demographic_sir,0.054954973923337806,2.3972775486817352e-54,0.9450450260766623,15.0,,52.0,780.2142857142857,0.014285714285714285
4.035616438356165,demographic_sir,0.05499196126315331,2.338100079888003e-54,0.9450080387368468,15.0,,52.0,780.2142857142857,0.014285714285714285
4.038356164383561,demographic_sir,0.05502894715535174,2.2805637214151963e-54,0.9449710528446483,15.0,,52.0,780.2142857142857,0.014285714285714285
4.041095890410959,demographic_sir,0.05506593159998977,2.224619095413348e-54,0.9449340684000103,15.0,,52.0,780.2142857142857,0.014285714285714285
4.043835616438356,demographic_sir,0.055102914597124054,2.1702184106514708e-54,0.9448970854028761,15.0,,52.0,780.2142857142857,0.014285714285714285
4.046575342465753,demographic_sir,0.05513989614681124,2.1173154086385917e-54,0.944860103853189,15.0,,52.0,780.2142857142857,0.014285714285714285
4.049315068493151,demographic_sir,0.05517687624910797,2.0658653116644432e-54,0.9448231237508922,15.0,,52.0,780.2142857142857,0.014285714285714285
4.052054794520548,demographic_sir,0.0552138549040709,2.0158247726883355e-54,0.9447861450959292,15.0,,52.0,780.2142857142857,0.014285714285714285
4.054794520547945,demographic_sir,0.05525083211175667,1.9671518270076353e-54,0.9447491678882434,15.0,,52.0,780.2142857142857,0.014285714285714285
4.057534246575343,demographic_sir,0.055287807872221935,1.9198058456398892e-54,0.944712192127778,15.0,,52.0,780.2142857142857,0.014285714285714285
4.06027397260274,demographic_sir,0.05532478218552332,1.8737474903551816e-54,0.9446752178144766,15.0,,52.0,780.2142857142857,0.014285714285714285
4.063013698630137,demographic_sir,0.05536175505171747,1.82893867029776e-54,0.9446382449482824,15.0,,52.0,780.2142857142857,0.014285714285714285
4.065753424657534,demographic_sir,0.05539872647086104,1.7853425001382108e-54,0.9446012735291388,15.0,,52.0,780.2142857142857,0.014285714285714285
4.068493150684931,demographic_sir,0.05543569644301065,1.742923259700014e-54,0.9445643035569893,15.0,,52.0,780.2142857142857,0.014285714285714285
4.071232876712329,demographic_sir,0.05547266496822293,1.7016463550059575e-54,0.944527335031777,15.0,,52.0,780.2142857142857,0.014285714285714285
4.073972602739726,demographic_sir,0.05550963204655452,1.66147828069248e-54,0.9444903679534454,15.0,,52.0,780.2142857142857,0.014285714285714285
4.076712328767123,demographic_sir,0.05554659767806204,1.622386583741687e-54,0.9444534023219379,15.0,,52.0,780.2142857142857,0.014285714285714285
4.079452054794521,demographic_sir,0.05558356186280212,1.5843398284828114e-54,0.9444164381371978,15.0,,52.0,780.2142857142857,0.014285714285714285
4.082191780821918,demographic_sir,0.05562052460083138,1.547307562816699e-54,0.9443794753991684,15.0,,52.0,780.2142857142857,0.014285714285714285
4.0849315068493155,demographic_sir,0.05565748589220645,1.5112602856186767e-54,0.9443425141077934,15.0,,52.0,780.2142857142857,0.014285714285714285
4.087671232876712,demographic_sir,0.05569444573698393,1.4761694152768584e-54,0.9443055542630159,15.0,,52.0,780.2142857142857,0.014285714285714285
4.090410958904109,demographic_sir,0.05573140413522046,1.4420072593244975e-54,0.9442685958647793,15.0,,52.0,780.2142857142857,0.014285714285714285
4.093150684931507,demographic_sir,0.05576836108697265,1.4087469851267961e-54,0.9442316389130271,15.0,,52.0,780.2142857142857,0.014285714285714285
4.095890410958904,demographic_sir,0.05580531659229711,1.3763625915836852e-54,0.9441946834077026,15.0,,52.0,780.2142857142857,0.014285714285714285
4.098630136986301,demographic_sir,0.05584227065125044,1.3448288818119357e-54,0.9441577293487493,15.0,,52.0,780.2142857142857,0.014285714285714285
4.101369863013699,demographic_sir,0.05587922326388926,1.314121436771106e-54,0.9441207767361105,15.0,,52.0,780.2142857142857,0.014285714285714285
4.104109589041096,demographic_sir,0.05591617443027019,1.2842165897992451e-54,0.9440838255697296,15.0,,52.0,780.2142857142857,0.014285714285714285
4.1068493150684935,demographic_sir,0.055953124150449805,1.2550914020255415e-54,0.94404687584955,15.0,,52.0,780.2142857142857,0.014285714285714285
4.109589041095891,demographic_sir,0.05599007242448472,1.2267236386283388e-54,0.9440099275755152,15.0,,52.0,780.2142857142857,0.014285714285714285
4.112328767123287,demographic_sir,0.05602701925243152,1.1990917459081311e-54,0.9439729807475684,15.0,,52.0,780.2142857142857,0.014285714285714285
4.115068493150685,demographic_sir,0.056063964634346826,1.1721748291462288e-54,0.9439360353656531,15.0,,52.0,780.2142857142857,0.014285714285714285
4.117808219178082,demographic_sir,0.056100908570287225,1.1459526312210613e-54,0.9438990914297126,15.0,,52.0,780.2142857142857,0.014285714285714285
4.120547945205479,demographic_sir,0.05613785106030931,1.1204055119548262e-54,0.9438621489396906,15.0,,52.0,780.2142857142857,0.014285714285714285
4.123287671232877,demographic_sir,0.05617479210446967,1.0955144281645173e-54,0.9438252078955303,15.0,,52.0,780.2142857142857,0.014285714285714285
4.126027397260274,demographic_sir,0.05621173170282489,1.071260914392143e-54,0.943788268297175,15.0,,52.0,780.2142857142857,0.014285714285714285
4.1287671232876715,demographic_sir,0.05624866985543155,1.0476270642899486e-54,0.9437513301445684,15.0,,52.0,780.2142857142857,0.014285714285714285
4.131506849315069,demographic_sir,0.056285606562346255,1.0245955126373413e-54,0.9437143934376536,15.0,,52.0,780.2142857142857,0.014285714285714285
4.134246575342466,demographic_sir,0.05632254182362557,1.0021494179670808e-54,0.9436774581763743,15.0,,52.0,780.2142857142857,0.014285714285714285
4.136986301369863,demographic_sir,0.05635947563932606,9.802724457791372e-55,0.9436405243606738,15.0,,52.0,780.2142857142857,0.014285714285714285
4.13972602739726,demographic_sir,0.05639640800950435,9.589487523213628e-55,0.9436035919904956,15.0,,52.0,780.2142857142857,0.014285714285714285
4.142465753424657,demographic_sir,0.05643333893421698,9.38162968917046e-55,0.943566661065783,15.0,,52.0,780.2142857142857,0.014285714285714285
4.145205479452055,demographic_sir,0.056470268413520534,9.179001868198987e-55,0.9435297315864795,15.0,,52.0,780.2142857142857,0.014285714285714285
4.147945205479452,demographic_sir,0.05650719644747157,8.981459425779965e-55,0.9434928035525284,15.0,,52.0,780.2142857142857,0.014285714285714285
4.1506849315068495,demographic_sir,0.056544123036126666,8.78886203888713e-55,0.9434558769638732,15.0,,52.0,780.2142857142857,0.014285714285714285
4.153424657534247,demographic_sir,0.05658104817954239,8.601073559274071e-55,0.9434189518204574,15.0,,52.0,780.2142857142857,0.014285714285714285
4.156164383561644,demographic_sir,0.05661797187777531,8.417961881332398e-55,0.9433820281222245,15.0,,52.0,780.2142857142857,0.014285714285714285
4.1589041095890416,demographic_sir,0.05665489413088197,8.239398814361082e-55,0.9433451058691179,15.0,,52.0,780.2142857142857,0.014285714285714285
4.161643835616438,demographic_sir,0.056691814938918936,8.065259959092727e-55,0.943308185061081,15.0,,52.0,780.2142857142857,0.014285714285714285
4.164383561643835,demographic_sir,0.05672873430194278,7.895424588327788e-55,0.9432712656980572,15.0,,52.0,780.2142857142857,0.014285714285714285
4.167123287671233,demographic_sir,0.056765652220010045,7.729775531534321e-55,0.9432343477799899,15.0,,52.0,780.2142857142857,0.014285714285714285
4.16986301369863,demographic_sir,0.05680256869317729,7.568199063274116e-55,0.9431974313068227,15.0,,52.0,780.2142857142857,0.014285714285714285
4.1726027397260275,demographic_sir,0.056839483721501056,7.410584795323011e-55,0.9431605162784988,15.0,,52.0,780.2142857142857,0.014285714285714285
4.175342465753425,demographic_sir,0.0568763973050379,7.256825572356854e-55,0.943123602694962,15.0,,52.0,780.2142857142857,0.014285714285714285
4.178082191780822,demographic_sir,0.056913309443844366,7.106817371079615e-55,0.9430866905561556,15.0,,52.0,780.2142857142857,0.014285714285714285
4.1808219178082195,demographic_sir,0.056950220137976994,6.96045920267453e-55,0.943049779862023,15.0,,52.0,780.2142857142857,0.014285714285714285
4.183561643835617,demographic_sir,0.05698712938749233,6.817653018463497e-55,0.9430128706125077,15.0,,52.0,780.2142857142857,0.014285714285714285
4.186301369863013,demographic_sir,0.057024037192446905,6.67830361866409e-55,0.9429759628075532,15.0,,52.0,780.2142857142857,0.014285714285714285
4.189041095890411,demographic_sir,0.05706094355289728,6.54231856413727e-55,0.9429390564471029,15.0,,52.0,780.2142857142857,0.014285714285714285
4.191780821917808,demographic_sir,0.057097848468899974,6.409608091023576e-55,0.9429021515311001,15.0,,52.0,780.2142857142857,0.014285714285714285
4.1945205479452055,demographic_sir,0.05713475194051151,6.2800850281678046e-55,0.9428652480594886,15.0,,52.0,780.2142857142857,0.014285714285714285
4.197260273972603,demographic_sir,0.05717165396778844,6.153664717237194e-55,0.9428283460322117,15.0,,52.0,780.2142857142857,0.014285714285714285
4.2,demographic_sir,0.05720855455078728,6.030264935440691e-55,0.9427914454492128,15.0,,52.0,780.2142857142857,0.014285714285714285
4.2027397260273975,demographic_sir,0.05724545368956456,5.909805820760459e-55,0.9427545463104354,15.0,,52.0,780.2142857142857,0.014285714285714285
4.205479452054795,demographic_sir,0.057282351384176804,5.792209799609893e-55,0.9427176486158232,15.0,,52.0,780.2142857142857,0.014285714285714285
4.208219178082192,demographic_sir,0.057319247634680534,5.677401516835498e-55,0.9426807523653195,15.0,,52.0,780.2142857142857,0.014285714285714285
4.210958904109589,demographic_sir,0.057356142441132255,5.565307767982929e-55,0.9426438575588677,15.0,,52.0,780.2142857142857,0.014285714285714285
4.213698630136986,demographic_sir,0.05739303580358851,5.455857433750092e-55,0.9426069641964114,15.0,,52.0,780.2142857142857,0.014285714285714285
4.2164383561643834,demographic_sir,0.057429927722105804,5.3489814165536886e-55,0.9425700722778942,15.0,,52.0,780.2142857142857,0.014285714285714285
4.219178082191781,demographic_sir,0.05746681819674065,5.244612579136926e-55,0.9425331818032594,15.0,,52.0,780.2142857142857,0.014285714285714285
4.221917808219178,demographic_sir,0.05750370722754956,5.142685685149947e-55,0.9424962927724505,15.0,,52.0,780.2142857142857,0.014285714285714285
4.2246575342465755,demographic_sir,0.05754059481458903,5.043137341636179e-55,0.9424594051854109,15.0,,52.0,780.2142857142857,0.014285714285714285
4.227397260273973,demographic_sir,0.05757748095791559,4.945905943360419e-55,0.9424225190420844,15.0,,52.0,780.2142857142857,0.014285714285714285
4.23013698630137,demographic_sir,0.05761436565758572,4.8509316189166914e-55,0.9423856343424143,15.0,,52.0,780.2142857142857,0.014285714285714285
4.232876712328767,demographic_sir,0.05765124891365593,4.758156178556119e-55,0.9423487510863441,15.0,,52.0,780.2142857142857,0.014285714285714285
4.235616438356164,demographic_sir,0.057688130726182736,4.66752306367695e-55,0.9423118692738173,15.0,,52.0,780.2142857142857,0.014285714285714285
4.238356164383561,demographic_sir,0.05772501109522262,4.578977297921521e-55,0.9422749889047775,15.0,,52.0,780.2142857142857,0.014285714285714285
4.241095890410959,demographic_sir,0.05776189002083208,4.492465439825837e-55,0.942238109979168,15.0,,52.0,780.2142857142857,0.014285714285714285
4.243835616438356,demographic_sir,0.057798767503067616,4.4079355369703905e-55,0.9422012324969326,15.0,,52.0,780.2142857142857,0.014285714285714285
4.2465753424657535,demographic_sir,0.05783564354198571,4.325337081582e-55,0.9421643564580144,15.0,,52.0,780.2142857142857,0.014285714285714285
4.249315068493151,demographic_sir,0.05787251813764285,4.244620967538414e-55,0.9421274818623574,15.0,,52.0,780.2142857142857,0.014285714285714285
4.252054794520548,demographic_sir,0.05790939129009553,4.165739448729084e-55,0.9420906087099047,15.0,,52.0,780.2142857142857,0.014285714285714285
4.254794520547946,demographic_sir,0.05794626299940023,4.088646098727105e-55,0.9420537370006,15.0,,52.0,780.2142857142857,0.014285714285714285
4.257534246575342,demographic_sir,0.05798313326561342,4.013295771728924e-55,0.9420168667343868,15.0,,52.0,780.2142857142857,0.014285714285714285
4.260273972602739,demographic_sir,0.05802000208879161,3.939644564719765e-55,0.9419799979112086,15.0,,52.0,780.2142857142857,0.014285714285714285
4.263013698630137,demographic_sir,0.058056869468991246,3.867649780824644e-55,0.9419431305310089,15.0,,52.0,780.2142857142857,0.014285714285714285
4.265753424657534,demographic_sir,0.058093735406268825,3.79726989380542e-55,0.9419062645937313,15.0,,52.0,780.2142857142857,0.014285714285714285
4.2684931506849315,demographic_sir,0.05813059990068082,3.728464513666527e-55,0.9418694000993192,15.0,,52.0,780.2142857142857,0.014285714285714285
4.271232876712329,demographic_sir,0.05816746295228369,3.661194353332803e-55,0.9418325370477163,15.0,,52.0,780.2142857142857,0.014285714285714285
4.273972602739726,demographic_sir,0.05820432456113391,3.595421196364272e-55,0.9417956754388661,15.0,,52.0,780.2142857142857,0.014285714285714285
4.276712328767124,demographic_sir,0.058241184727287953,3.531107865673914e-55,0.9417588152727121,15.0,,52.0,780.2142857142857,0.014285714285714285
4.279452054794521,demographic_sir,0.058278043450802265,3.4682181932156106e-55,0.9417219565491978,15.0,,52.0,780.2142857142857,0.014285714285714285
4.282191780821917,demographic_sir,0.05831490073173331,3.406716990610622e-55,0.9416850992682667,15.0,,52.0,780.2142857142857,0.014285714285714285
4.284931506849315,demographic_sir,0.058351756570137574,3.346570020681862e-55,0.9416482434298624,15.0,,52.0,780.2142857142857,0.014285714285714285
4.287671232876712,demographic_sir,0.0583886109660715,3.2877439698667316e-55,0.9416113890339286,15.0,,52.0,780.2142857142857,0.014285714285714285
4.2904109589041095,demographic_sir,0.05842546391959154,3.2302064214795555e-55,0.9415745360804086,15.0,,52.0,780.2142857142857,0.014285714285714285
4.293150684931507,demographic_sir,0.05846231543075415,3.1739258297963598e-55,0.941537684569246,15.0,,52.0,780.2142857142857,0.014285714285714285
4.295890410958904,demographic_sir,0.05849916549961578,3.11887149493522e-55,0.9415008345003844,15.0,,52.0,780.2142857142857,0.014285714285714285
4.298630136986302,demographic_sir,0.05853601412623288,3.065013538506479e-55,0.9414639858737672,15.0,,52.0,780.2142857142857,0.014285714285714285
4.301369863013699,demographic_sir,0.058572861310661896,3.012322880007963e-55,0.9414271386893381,15.0,,52.0,780.2142857142857,0.014285714285714285
4.304109589041096,demographic_sir,0.05860970705295927,2.9607712139411834e-55,0.9413902929470407,15.0,,52.0,780.2142857142857,0.014285714285714285
4.306849315068493,demographic_sir,0.05864655135318145,2.910330987625327e-55,0.9413534486468185,15.0,,52.0,780.2142857142857,0.014285714285714285
4.30958904109589,demographic_sir,0.05868339421138488,2.8609753796865127e-55,0.9413166057886151,15.0,,52.0,780.2142857142857,0.014285714285714285
4.3123287671232875,demographic_sir,0.058720235627625995,2.8126782792008857e-55,0.9412797643723739,15.0,,52.0,780.2142857142857,0.014285714285714285
4.315068493150685,demographic_sir,0.05875707560196122,2.7654142654702854e-55,0.9412429243980388,15.0,,52.0,780.2142857142857,0.014285714285714285
4.317808219178082,demographic_sir,0.058793914134447,2.7191585884104877e-55,0.9412060858655531,15.0,,52.0,780.2142857142857,0.014285714285714285
4.32054794520548,demographic_sir,0.05883075122513976,2.6738871495323684e-55,0.9411692487748603,15.0,,52.0,780.2142857142857,0.014285714285714285
4.323287671232877,demographic_sir,0.058867586874095934,2.629576483497092e-55,0.9411324131259041,15.0,,52.0,780.2142857142857,0.014285714285714285
4.326027397260274,demographic_sir,0.05890442108137195,2.586203740227059e-55,0.9410955789186282,15.0,,52.0,780.2142857142857,0.014285714285714285
4.328767123287672,demographic_sir,0.05894125384702423,2.5437466675549436e-55,0.9410587461529759,15.0,,52.0,780.2142857142857,0.014285714285714285
4.331506849315068,demographic_sir,0.05897808517110918,2.5021835943937615e-55,0.941021914828891,15.0,,52.0,780.2142857142857,0.014285714285714285
4.3342465753424655,demographic_sir,0.05901491505368325,2.4614934144113803e-55,0.9409850849463169,15.0,,52.0,780.2142857142857,0.014285714285714285
4.336986301369863,demographic_sir,0.059051743494802855,2.4216555701937176e-55,0.9409482565051973,15.0,,52.0,780.2142857142857,0.014285714285714285
4.33972602739726,demographic_sir,0.059088570494524394,2.382650037880924e-55,0.9409114295054758,15.0,,52.0,780.2142857142857,0.014285714285714285
4.342465753424658,demographic_sir,0.05912539605290429,2.344457312261841e-55,0.9408746039470959,15.0,,52.0,780.2142857142857,0.014285714285714285
4.345205479452055,demographic_sir,0.05916222016999895,2.3070583923122257e-55,0.9408377798300012,15.0,,52.0,780.2142857142857,0.014285714285714285
4.347945205479452,demographic_sir,0.05919904284586478,2.270434767162808e-55,0.9408009571541353,15.0,,52.0,780.2142857142857,0.014285714285714285
4.35068493150685,demographic_sir,0.0592358640805582,2.2345684024836935e-55,0.9407641359194419,15.0,,52.0,780.2142857142857,0.014285714285714285
4.353424657534247,demographic_sir,0.0592726838741356,2.1994417272720676e-55,0.9407273161258645,15.0,,52.0,780.2142857142857,0.014285714285714285
4.3561643835616435,demographic_sir,0.05930950222665338,2.165037621030599e-55,0.9406904977733467,15.0,,52.0,780.2142857142857,0.014285714285714285
4.358904109589041,demographic_sir,0.05934631913816796,2.1313394013242725e-55,0.9406536808618321,15.0,,52.0,780.2142857142857,0.014285714285714285
4.361643835616438,demographic_sir,0.05938313460873573,2.09833081170402e-55,0.9406168653912643,15.0,,52.0,780.2142857142857,0.014285714285714285
4.364383561643836,demographic_sir,0.059419948638413086,2.06599600998551e-55,0.940580051361587,15.0,,52.0,780.2142857142857,0.014285714285714285
4.367123287671233,demographic_sir,0.05945676122725642,2.0343195568722283e-55,0.9405432387727436,15.0,,52.0,780.2142857142857,0.014285714285714285
4.36986301369863,demographic_sir,0.05949357237532212,2.0032864049120897e-55,0.940506427624678,15.0,,52.0,780.2142857142857,0.014285714285714285
4.372602739726028,demographic_sir,0.05953038208266658,1.972881887777273e-55,0.9404696179173335,15.0,,52.0,780.2142857142857,0.014285714285714285
4.375342465753425,demographic_sir,0.05956719034934619,1.9430917098572746e-55,0.9404328096506539,15.0,,52.0,780.2142857142857,0.014285714285714285
4.378082191780822,demographic_sir,0.059603997175417325,1.913901936155509e-55,0.9403960028245827,15.0,,52.0,780.2142857142857,0.014285714285714285
4.380821917808219,demographic_sir,0.059640802560936367,1.8852989824801113e-55,0.9403591974390636,15.0,,52.0,780.2142857142857,0.014285714285714285
4.383561643835616,demographic_sir,0.05967760650595971,1.8572696059198294e-55,0.9403223934940402,15.0,,52.0,780.2142857142857,0.014285714285714285
4.3863013698630136,demographic_sir,0.059714409010543736,1.829800895596381e-55,0.9402855909894562,15.0,,52.0,780.2142857142857,0.014285714285714285
4.389041095890411,demographic_sir,0.05975121007474481,1.802880263684615e-55,0.9402487899252552,15.0,,52.0,780.2142857142857,0.014285714285714285
4.391780821917808,demographic_sir,0.059788009698619304,1.7764954366924063e-55,0.9402119903013807,15.0,,52.0,780.2142857142857,0.014285714285714285
4.394520547945206,demographic_sir,0.05982480788222359,1.750634446992292e-55,0.9401751921177764,15.0,,52.0,780.2142857142857,0.014285714285714285
4.397260273972603,demographic_sir,0.05986160462561405,1.725285624597167e-55,0.9401383953743859,15.0,,52.0,780.2142857142857,0.014285714285714285
4.4,demographic_sir,0.05989839992884704,1.700437589172604e-55,0.940101600071153,15.0,,52.0,780.2142857142857,0.014285714285714285
4.402739726027398,demographic_sir,0.059935193791978925,1.6760792422785947e-55,0.9400648062080211,15.0,,52.0,780.2142857142857,0.014285714285714285
4.405479452054794,demographic_sir,0.05997198621506605,1.6521997598337513e-55,0.940028013784934,15.0,,52.0,780.2142857142857,0.014285714285714285
4.4082191780821915,demographic_sir,0.06000877719816482,1.6287885847951703e-55,0.9399912228018352,15.0,,52.0,780.2142857142857,0.014285714285714285
4.410958904109589,demographic_sir,0.06004556674133157,1.6058354200475484e-55,0.9399544332586685,15.0,,52.0,780.2142857142857,0.014285714285714285
4.413698630136986,demographic_sir,0.06008235484462265,1.5833302214950673e-55,0.9399176451553773,15.0,,52.0,780.2142857142857,0.014285714285714285
4.416438356164384,demographic_sir,0.060119141508094415,1.5612631913500412e-55,0.9398808584919056,15.0,,52.0,780.2142857142857,0.014285714285714285
4.419178082191781,demographic_sir,0.06015592673180323,1.5396247716123527e-55,0.9398440732681967,15.0,,52.0,780.2142857142857,0.014285714285714285
4.421917808219178,demographic_sir,0.06019271051580543,1.5184056377339447e-55,0.9398072894841946,15.0,,52.0,780.2142857142857,0.014285714285714285
4.424657534246576,demographic_sir,0.06022949286015737,1.497596692462809e-55,0.9397705071398426,15.0,,52.0,780.2142857142857,0.014285714285714285
4.427397260273973,demographic_sir,0.0602662737649154,1.4771890598610896e-55,0.9397337262350846,15.0,,52.0,780.2142857142857,0.014285714285714285
4.4301369863013695,demographic_sir,0.06030305323013584,1.4571740794920924e-55,0.9396969467698641,15.0,,52.0,780.2142857142857,0.014285714285714285
4.432876712328767,demographic_sir,0.06033983125587506,1.4375433007711166e-55,0.939660168744125,15.0,,52.0,780.2142857142857,0.014285714285714285
4.435616438356164,demographic_sir,0.06037660784218939,1.418288477475314e-55,0.9396233921578107,15.0,,52.0,780.2142857142857,0.014285714285714285
4.438356164383562,demographic_sir,0.060413382989135164,1.3994015624077093e-55,0.9395866170108649,15.0,,52.0,780.2142857142857,0.014285714285714285
4.441095890410959,demographic_sir,0.06045015669676871,1.380874702210896e-55,0.9395498433032313,15.0,,52.0,780.2142857142857,0.014285714285714285
4.443835616438356,demographic_sir,0.06048692896514637,1.3627002323259182e-55,0.9395130710348537,15.0,,52.0,780.2142857142857,0.014285714285714285
4.446575342465754,demographic_sir,0.06052369979432446,1.3448706720920487e-55,0.9394763002056756,15.0,,52.0,780.2142857142857,0.014285714285714285
4.449315068493151,demographic_sir,0.060560469184359325,1.327378719983287e-55,0.9394395308156408,15.0,,52.0,780.2142857142857,0.014285714285714285
4.452054794520548,demographic_sir,0.06059723713530728,1.3102172489775405e-55,0.9394027628646929,15.0,,52.0,780.2142857142857,0.014285714285714285
4.454794520547945,demographic_sir,0.06063400364722464,1.2933793020545789e-55,0.9393659963527756,15.0,,52.0,780.2142857142857,0.014285714285714285
4.457534246575342,demographic_sir,0.06067076872016775,1.2768580878189394e-55,0.9393292312798326,15.0,,52.0,780.2142857142857,0.014285714285714285
4.46027397260274,demographic_sir,0.06070753235419291,1.2606469762441862e-55,0.9392924676458074,15.0,,52.0,780.2142857142857,0.014285714285714285
4.463013698630137,demographic_sir,0.06074429454935645,1.2447394945348578e-55,0.939255705450644,15.0,,52.0,780.2142857142857,0.014285714285714285
4.465753424657534,demographic_sir,0.060781055305714676,1.2291293231027325e-55,0.9392189446942857,15.0,,52.0,780.2142857142857,0.014285714285714285
4.468493150684932,demographic_sir,0.0608178146233239,1.2138102916540356e-55,0.9391821853766764,15.0,,52.0,780.2142857142857,0.014285714285714285
4.471232876712329,demographic_sir,0.060854572502240425,1.1987763753843544e-55,0.9391454274977599,15.0,,52.0,780.2142857142857,0.014285714285714285
4.473972602739726,demographic_sir,0.06089132894252057,1.1840216912781194e-55,0.9391086710574797,15.0,,52.0,780.2142857142857,0.014285714285714285
4.476712328767123,demographic_sir,0.060928083944220626,1.1695404945096129e-55,0.9390719160557797,15.0,,52.0,780.2142857142857,0.014285714285714285
4.47945205479452,demographic_sir,0.060964837507396924,1.1553271749425282e-55,0.9390351624926034,15.0,,52.0,780.2142857142857,0.014285714285714285
4.482191780821918,demographic_sir,0.06100158963210575,1.1413762537252864e-55,0.9389984103678947,15.0,,52.0,780.2142857142857,0.014285714285714285
4.484931506849315,demographic_sir,0.0610383403184034,1.12768237997925e-55,0.9389616596815971,15.0,,52.0,780.2142857142857,0.014285714285714285
4.487671232876712,demographic_sir,0.06107508956634617,1.114240327577211e-55,0.9389249104336543,15.0,,52.0,780.2142857142857,0.014285714285714285
4.49041095890411,demographic_sir,0.06111183737599036,1.1010449920095254e-55,0.9388881626240101,15.0,,52.0,780.2142857142857,0.014285714285714285
4.493150684931507,demographic_sir,0.06114858374739226,1.0880913873353686e-55,0.9388514162526082,15.0,,52.0,780.2142857142857,0.014285714285714285
4.495890410958904,demographic_sir,0.06118532868060816,1.0753746432166661e-55,0.9388146713193922,15.0,,52.0,780.2142857142857,0.014285714285714285
4.498630136986302,demographic_sir,0.06122207217569434,1.0628900020323242e-55,0.938777927824306,15.0,,52.0,780.2142857142857,0.014285714285714285
4.501369863013698,demographic_sir,0.06125881423270709,1.0506328160704622e-55,0.9387411857672934,15.0,,52.0,780.2142857142857,0.014285714285714285
4.504109589041096,demographic_sir,0.06129555485170271,1.0385985447963901e-55,0.9387044451482978,15.0,,52.0,780.2142857142857,0.014285714285714285
4.506849315068493,demographic_sir,0.06133229403273746,1.0267827521942276e-55,0.938667705967263,15.0,,52.0,780.2142857142857,0.014285714285714285
4.50958904109589,demographic_sir,0.06136903177586764,1.0151811041799845e-55,0.9386309682241329,15.0,,52.0,780.2142857142857,0.014285714285714285
4.512328767123288,demographic_sir,0.06140576808114951,1.0037893660841262e-55,0.938594231918851,15.0,,52.0,780.2142857142857,0.014285714285714285
4.515068493150685,demographic_sir,0.06144250294863935,9.926034002016272e-56,0.9385574970513612,15.0,,52.0,780.2142857142857,0.014285714285714285
4.517808219178082,demographic_sir,0.06147923637839343,9.816191634076007e-56,0.9385207636216071,15.0,,52.0,780.2142857142857,0.014285714285714285
4.52054794520548,demographic_sir,0.06151596837046802,9.708327048366466e-56,0.9384840316295325,15.0,,52.0,780.2142857142857,0.014285714285714285
4.523287671232877,demographic_sir,0.061552698924919394,9.602401636241166e-56,0.9384473010750812,15.0,,52.0,780.2142857142857,0.014285714285714285
4.526027397260274,demographic_sir,0.0615894280418038,9.498377667075515e-56,0.9384105719581969,15.0,,52.0,780.2142857142857,0.014285714285714285
4.528767123287671,demographic_sir,0.06162615572117753,9.39621826686576e-56,0.9383738442788232,15.0,,52.0,780.2142857142857,0.014285714285714285
4.531506849315068,demographic_sir,0.061662881963096834,9.295887397396564e-56,0.9383371180369039,15.0,,52.0,780.2142857142857,0.014285714285714285
4.534246575342466,demographic_sir,0.06169960676761796,9.197349835960573e-56,0.9383003932323828,15.0,,52.0,780.2142857142857,0.014285714285714285
4.536986301369863,demographic_sir,0.06173633013479718,9.100571155615014e-56,0.9382636698652035,15.0,,52.0,780.2142857142857,0.014285714285714285
4.53972602739726,demographic_sir,0.06177305206469075,9.005517705960077e-56,0.9382269479353099,15.0,,52.0,780.2142857142857,0.014285714285714285
4.542465753424658,demographic_sir,0.061809772557354904,8.912156594424572e-56,0.9381902274426458,15.0,,52.0,780.2142857142857,0.014285714285714285
4.545205479452055,demographic_sir,0.06184649161284591,8.820455668044694e-56,0.9381535083871548,15.0,,52.0,780.2142857142857,0.014285714285714285
4.5479452054794525,demographic_sir,0.06188320923122001,8.73038349572218e-56,0.9381167907687807,15.0,,52.0,780.2142857142857,0.014285714285714285
4.550684931506849,demographic_sir,0.06191992541253344,8.641909350948576e-56,0.9380800745874673,15.0,,52.0,780.2142857142857,0.014285714285714285
4.553424657534246,demographic_sir,0.06195664015684247,8.555003194982517e-56,0.9380433598431582,15.0,,52.0,780.2142857142857,0.014285714285714285
4.556164383561644,demographic_sir,0.06199335346420332,8.469635660467898e-56,0.9380066465357974,15.0,,52.0,780.2142857142857,0.014285714285714285
4.558904109589041,demographic_sir,0.062030065334672244,8.38577803548021e-56,0.9379699346653284,15.0,,52.0,780.2142857142857,0.014285714285714285
4.561643835616438,demographic_sir,0.062066775768305465,8.303402247989627e-56,0.9379332242316951,15.0,,52.0,780.2142857142857,0.014285714285714285
4.564383561643836,demographic_sir,0.06210348476515922,8.222480850729246e-56,0.9378965152348413,15.0,,52.0,780.2142857142857,0.014285714285714285
4.567123287671233,demographic_sir,0.06214019232528975,8.142987006457332e-56,0.9378598076747108,15.0,,52.0,780.2142857142857,0.014285714285714285
4.5698630136986305,demographic_sir,0.062176898448753286,8.064894473602802e-56,0.9378231015512473,15.0,,52.0,780.2142857142857,0.014285714285714285
4.572602739726028,demographic_sir,0.062213603135606046,7.988177592283436e-56,0.9377863968643945,15.0,,52.0,780.2142857142857,0.014285714285714285
4.575342465753424,demographic_sir,0.06225030638590425,7.9128112706866675e-56,0.9377496936140963,15.0,,52.0,780.2142857142857,0.014285714285714285
4.578082191780822,demographic_sir,0.062287008199704154,7.8387709718029215e-56,0.9377129918002964,15.0,,52.0,780.2142857142857,0.014285714285714285
4.580821917808219,demographic_sir,0.06232370857706196,7.766032700502266e-56,0.9376762914229386,15.0,,52.0,780.2142857142857,0.014285714285714285
4.583561643835616,demographic_sir,0.062360407518033886,7.694572990944572e-56,0.9376395924819667,15.0,,52.0,780.2142857142857,0.014285714285714285
4.586301369863014,demographic_sir,0.062397105022676154,7.624368894314507e-56,0.9376028949773244,15.0,,52.0,780.2142857142857,0.014285714285714285
4.589041095890411,demographic_sir,0.06243380109104498,7.5553979668724205e-56,0.9375661989089557,15.0,,52.0,780.2142857142857,0.014285714285714285
4.5917808219178085,demographic_sir,0.06247049572319657,7.487638258312633e-56,0.937529504276804,15.0,,52.0,780.2142857142857,0.014285714285714285
4.594520547945206,demographic_sir,0.06250718891918715,7.4210683004208305e-56,0.9374928110808135,15.0,,52.0,780.2142857142857,0.014285714285714285
4.597260273972603,demographic_sir,0.0625438806790729,7.355667096022523e-56,0.9374561193209276,15.0,,52.0,780.2142857142857,0.014285714285714285
4.6,demographic_sir,0.06258057100291005,7.291414108214793e-56,0.9374194289970905,15.0,,52.0,780.2142857142857,0.014285714285714285
4.602739726027397,demographic_sir,0.0626172598907548,7.228289249873605e-56,0.9373827401092458,15.0,,52.0,780.2142857142857,0.014285714285714285
4.605479452054794,demographic_sir,0.06265394734266336,7.166272873429628e-56,0.9373460526573373,15.0,,52.0,780.2142857142857,0.014285714285714285
4.608219178082192,demographic_sir,0.06269063335869192,7.105345760905009e-56,0.9373093666413087,15.0,,52.0,780.2142857142857,0.014285714285714285
4.610958904109589,demographic_sir,0.06272731793889669,7.04548911420444e-56,0.9372726820611039,15.0,,52.0,780.2142857142857,0.014285714285714285
4.6136986301369864,demographic_sir,0.06276400108333384,6.986684545653672e-56,0.9372359989166668,15.0,,52.0,780.2142857142857,0.014285714285714285
4.616438356164384,demographic_sir,0.06280068279205958,6.928914068778904e-56,0.937199317207941,15.0,,52.0,780.2142857142857,0.014285714285714285
4.619178082191781,demographic_sir,0.0628373630651301,6.872160089320723e-56,0.9371626369348705,15.0,,52.0,780.2142857142857,0.014285714285714285
4.6219178082191785,demographic_sir,0.0628740419026016,6.816405396476364e-56,0.937125958097399,15.0,,52.0,780.2142857142857,0.014285714285714285
4.624657534246575,demographic_sir,0.06291071930453022,6.7616331543643415e-56,0.9370892806954703,15.0,,52.0,780.2142857142857,0.014285714285714285
4.627397260273972,demographic_sir,0.0629473952709722,6.707826893705461e-56,0.9370526047290283,15.0,,52.0,780.2142857142857,0.014285714285714285
4.63013698630137,demographic_sir,0.0629840698019837,6.654970503714853e-56,0.9370159301980168,15.0,,52.0,780.2142857142857,0.014285714285714285
4.632876712328767,demographic_sir,0.06302074289762091,6.603048224199129e-56,0.9369792571023796,15.0,,52.0,780.2142857142857,0.014285714285714285
4.635616438356164,demographic_sir,0.06305741455793999,6.55204463785359e-56,0.9369425854420605,15.0,,52.0,780.2142857142857,0.014285714285714285
4.638356164383562,demographic_sir,0.06309408478299713,6.50194466275418e-56,0.9369059152170034,15.0,,52.0,780.2142857142857,0.014285714285714285
4.641095890410959,demographic_sir,0.0631307535728485,6.452733545039139e-56,0.9368692464271521,15.0,,52.0,780.2142857142857,0.014285714285714285
4.6438356164383565,demographic_sir,0.06316742092755026,6.404396851775453e-56,0.9368325790724503,15.0,,52.0,780.2142857142857,0.014285714285714285
4.646575342465754,demographic_sir,0.0632040868471586,6.356920464005338e-56,0.936795913152842,15.0,,52.0,780.2142857142857,0.014285714285714285
4.64931506849315,demographic_sir,0.06324075133172966,6.3102905699681185e-56,0.936759248668271,15.0,,52.0,780.2142857142857,0.014285714285714285
4.652054794520548,demographic_sir,0.06327741438131963,6.264493658492925e-56,0.936722585618681,15.0,,52.0,780.2142857142857,0.014285714285714285
4.654794520547945,demographic_sir,0.06331407599598468,6.219516512558049e-56,0.936685924004016,15.0,,52.0,780.2142857142857,0.014285714285714285
4.657534246575342,demographic_sir,0.06335073617578095,6.1753462030124e-56,0.9366492638242196,15.0,,52.0,780.2142857142857,0.014285714285714285
4.66027397260274,demographic_sir,0.06338739492076459,6.131970082455178e-56,0.936612605079236,15.0,,52.0,780.2142857142857,0.014285714285714285
4.663013698630137,demographic_sir,0.06342405223099176,6.089375779269613e-56,0.9365759477690089,15.0,,52.0,780.2142857142857,0.014285714285714285
4.6657534246575345,demographic_sir,0.06346070810651865,6.047551191806935e-56,0.936539291893482,15.0,,52.0,780.2142857142857,0.014285714285714285
4.668493150684932,demographic_sir,0.06349736254740138,6.006484482716741e-56,0.9365026374525992,15.0,,52.0,780.2142857142857,0.014285714285714285
4.671232876712329,demographic_sir,0.06353401555369609,5.966164073420096e-56,0.9364659844463045,15.0,,52.0,780.2142857142857,0.014285714285714285
4.673972602739726,demographic_sir,0.06357066712545893,5.9265786387217845e-56,0.9364293328745417,15.0,,52.0,780.2142857142857,0.014285714285714285
4.676712328767123,demographic_sir,0.06360731726274607,5.8877171015581725e-56,0.9363926827372545,15.0,,52.0,780.2142857142857,0.014285714285714285
4.67945205479452,demographic_sir,0.06364396596561363,5.849568627877463e-56,0.9363560340343869,15.0,,52.0,780.2142857142857,0.014285714285714285
4.682191780821918,demographic_sir,0.06368061323411776,5.812122621648831e-56,0.9363193867658829,15.0,,52.0,780.2142857142857,0.014285714285714285
4.684931506849315,demographic_sir,0.0637172590683146,5.775368719997409e-56,0.9362827409316861,15.0,,52.0,780.2142857142857,0.014285714285714285
4.6876712328767125,demographic_sir,0.06375390346826029,5.739296788461958e-56,0.9362460965317404,15.0,,52.0,780.2142857142857,0.014285714285714285
4.69041095890411,demographic_sir,0.06379054643401096,5.703896916372204e-56,0.9362094535659897,15.0,,52.0,780.2142857142857,0.014285714285714285
4.693150684931507,demographic_sir,0.06382718796562273,5.669159412342926e-56,0.936172812034378,15.0,,52.0,780.2142857142857,0.014285714285714285
4.695890410958905,demographic_sir,0.06386382806315175,5.635074799881926e-56,0.9361361719368491,15.0,,52.0,780.2142857142857,0.014285714285714285
4.698630136986301,demographic_sir,0.06390046672665411,5.601633813109129e-56,0.9360995332733467,15.0,,52.0,780.2142857142857,0.014285714285714285
4.701369863013698,demographic_sir,0.06393710395618597,5.56882739258406e-56,0.9360628960438149,15.0,,52.0,780.2142857142857,0.014285714285714285
4.704109589041096,demographic_sir,0.06397373975180345,5.53664668123924e-56,0.9360262602481974,15.0,,52.0,780.2142857142857,0.014285714285714285
4.706849315068493,demographic_sir,0.06401037411356267,5.505083020416738e-56,0.9359896258864382,15.0,,52.0,780.2142857142857,0.014285714285714285
4.7095890410958905,demographic_sir,0.06404700704151974,5.474127946005573e-56,0.9359529929584811,15.0,,52.0,780.2142857142857,0.014285714285714285
4.712328767123288,demographic_sir,0.06408363853573078,5.443773184677509e-56,0.93591636146427,15.0,,52.0,780.2142857142857,0.014285714285714285
4.715068493150685,demographic_sir,0.06412026859625189,5.4140106502189e-56,0.9358797314037489,15.0,,52.0,780.2142857142857,0.014285714285714285
4.717808219178083,demographic_sir,0.0641568972231392,5.384832439956339e-56,0.9358431027768617,15.0,,52.0,780.2142857142857,0.014285714285714285
4.720547945205479,demographic_sir,0.06419352441644881,5.356230831273901e-56,0.9358064755835521,15.0,,52.0,780.2142857142857,0.014285714285714285
4.723287671232876,demographic_sir,0.06423015017623684,5.3281982782197925e-56,0.9357698498237641,15.0,,52.0,780.2142857142857,0.014285714285714285
4.726027397260274,demographic_sir,0.0642667745025594,5.300727408200464e-56,0.9357332254974415,15.0,,52.0,780.2142857142857,0.014285714285714285
4.728767123287671,demographic_sir,0.06430339739547257,5.273811018759975e-56,0.9356966026045284,15.0,,52.0,780.2142857142857,0.014285714285714285
4.7315068493150685,demographic_sir,0.06434001885503246,5.247442074442792e-56,0.9356599811449684,15.0,,52.0,780.2142857142857,0.014285714285714285
4.734246575342466,demographic_sir,0.06437663888129518,5.221613703738057e-56,0.9356233611187056,15.0,,52.0,780.2142857142857,0.014285714285714285
4.736986301369863,demographic_sir,0.06441325747431682,5.196319196103475e-56,0.935586742525684,15.0,,52.0,780.2142857142857,0.014285714285714285
4.739726027397261,demographic_sir,0.06444987463415347,5.17155199906703e-56,0.9355501253658474,15.0,,52.0,780.2142857142857,0.014285714285714285
4.742465753424658,demographic_sir,0.06448649036086122,5.147305715404777e-56,0.9355135096391396,15.0,,52.0,780.2142857142857,0.014285714285714285
4.745205479452054,demographic_sir,0.06452310465449616,5.123574100393011e-56,0.9354768953455046,15.0,,52.0,780.2142857142857,0.014285714285714285
4.747945205479452,demographic_sir,0.0645597175151144,5.100351059133141e-56,0.9354402824848864,15.0,,52.0,780.2142857142857,0.014285714285714285
4.750684931506849,demographic_sir,0.064596328942772,5.077630643947752e-56,0.9354036710572288,15.0,,52.0,780.2142857142857,0.014285714285714285
4.7534246575342465,demographic_sir,0.06463293893752504,5.055407051846175e-56,0.9353670610624758,15.0,,52.0,780.2142857142857,0.014285714285714285
4.756164383561644,demographic_sir,0.06466954749942963,5.033674622058152e-56,0.9353304525005712,15.0,,52.0,780.2142857142857,0.014285714285714285
4.758904109589041,demographic_sir,0.06470615462854183,5.012427833634092e-56,0.935293845371459,15.0,,52.0,780.2142857142857,0.014285714285714285
4.761643835616439,demographic_sir,0.06474276032491771,4.991661303110497e-56,0.9352572396750831,15.0,,52.0,780.2142857142857,0.014285714285714285
4.764383561643836,demographic_sir,0.06477936458861337,4.9713697822391965e-56,0.9352206354113874,15.0,,52.0,780.2142857142857,0.014285714285714285
4.767123287671233,demographic_sir,0.06481596741968486,4.9515481557790175e-56,0.935184032580316,15.0,,52.0,780.2142857142857,0.014285714285714285
4.76986301369863,demographic_sir,0.06485256881818824,4.932191439348636e-56,0.9351474311818126,15.0,,52.0,780.2142857142857,0.014285714285714285
4.772602739726027,demographic_sir,0.06488916878417961,4.913294777339277e-56,0.9351108312158213,15.0,,52.0,780.2142857142857,0.014285714285714285
4.7753424657534245,demographic_sir,0.06492576731771502,4.8948534408861545e-56,0.9350742326822858,15.0,,52.0,780.2142857142857,0.014285714285714285
4.778082191780822,demographic_sir,0.06496236441885053,4.876862825897335e-56,0.9350376355811504,15.0,,52.0,780.2142857142857,0.014285714285714285
4.780821917808219,demographic_sir,0.06499896008764221,4.859318451138971e-56,0.9350010399123587,15.0,,52.0,780.2142857142857,0.014285714285714285
4.7835616438356166,demographic_sir,0.06503555432414612,4.842215956375747e-56,0.9349644456758548,15.0,,52.0,780.2142857142857,0.014285714285714285
4.786301369863014,demographic_sir,0.06507214712841831,4.825551100565467e-56,0.9349278528715825,15.0,,52.0,780.2142857142857,0.014285714285714285
4.789041095890411,demographic_sir,0.06510873850051484,4.809319760106743e-56,0.934891261499486,15.0,,52.0,780.2142857142857,0.014285714285714285
4.791780821917809,demographic_sir,0.06514532844049176,4.79351792713876e-56,0.9348546715595091,15.0,,52.0,780.2142857142857,0.014285714285714285
4.794520547945205,demographic_sir,0.0651819169484051,4.778141707892158e-56,0.9348180830515957,15.0,,52.0,780.2142857142857,0.014285714285714285
4.7972602739726025,demographic_sir,0.06521850402431094,4.763187321090023e-56,0.9347814959756898,15.0,,52.0,780.2142857142857,0.014285714285714285
4.8,demographic_sir,0.06525508966826532,4.748651096398181e-56,0.9347449103317353,15.0,,52.0,780.2142857142857,0.014285714285714285
4.802739726027397,demographic_sir,0.06529167388032428,4.734529472923771e-56,0.9347083261196764,15.0,,52.0,780.2142857142857,0.014285714285714285
4.8054794520547945,demographic_sir,0.06532825666054386,4.720818997761329e-56,0.9346717433394568,15.0,,52.0,780.2142857142857,0.014285714285714285
4.808219178082192,demographic_sir,0.06536483800898009,4.707516324585524e-56,0.9346351619910206,15.0,,52.0,780.2142857142857,0.014285714285714285
4.810958904109589,demographic_sir,0.06540141792568903,4.6946182122897385e-56,0.9345985820743116,15.0,,52.0,780.2142857142857,0.014285714285714285
4.813698630136987,demographic_sir,0.0654379964107267,4.682121523669726e-56,0.934562003589274,15.0,,52.0,780.2142857142857,0.014285714285714285
4.816438356164384,demographic_sir,0.06547457346414914,4.670023224151591e-56,0.9345254265358516,15.0,,52.0,780.2142857142857,0.014285714285714285
4.8191780821917805,demographic_sir,0.06551114908601237,4.658320380563375e-56,0.9344888509139884,15.0,,52.0,780.2142857142857,0.014285714285714285
4.821917808219178,demographic_sir,0.06554772327637243,4.647010159949535e-56,0.9344522767236283,15.0,,52.0,780.2142857142857,0.014285714285714285
4.824657534246575,demographic_sir,0.06558429603528534,4.636089828427691e-56,0.9344157039647154,15.0,,52.0,780.2142857142857,0.014285714285714285
4.8273972602739725,demographic_sir,0.06562086736280713,4.625556750086924e-56,0.9343791326371936,15.0,,52.0,780.2142857142857,0.014285714285714285
4.83013698630137,demographic_sir,0.06565743725899381,4.615408385927068e-56,0.9343425627410069,15.0,,52.0,780.2142857142857,0.014285714285714285
4.832876712328767,demographic_sir,0.06569400572390141,4.6056422928383575e-56,0.9343059942760993,15.0,,52.0,780.2142857142857,0.014285714285714285
4.835616438356165,demographic_sir,0.06573057275758595,4.596256122620882e-56,0.9342694272424148,15.0,,52.0,780.2142857142857,0.014285714285714285
4.838356164383562,demographic_sir,0.06576713836010345,4.587247621043275e-56,0.9342328616398973,15.0,,52.0,780.2142857142857,0.014285714285714285
4.841095890410959,demographic_sir,0.0658037025315099,4.578614626940129e-56,0.9341962974684909,15.0,,52.0,780.2142857142857,0.014285714285714285
4.843835616438356,demographic_sir,0.06584026527186132,4.5703550713476145e-56,0.9341597347281395,15.0,,52.0,780.2142857142857,0.014285714285714285
4.846575342465753,demographic_sir,0.06587682658121373,4.562466976676817e-56,0.934123173418787,15.0,,52.0,780.2142857142857,0.014285714285714285
4.8493150684931505,demographic_sir,0.06591338645962315,4.554948455924364e-56,0.9340866135403777,15.0,,52.0,780.2142857142857,0.014285714285714285
4.852054794520548,demographic_sir,0.06594994490714556,4.547797711919843e-56,0.9340500550928553,15.0,,52.0,780.2142857142857,0.014285714285714285
4.854794520547945,demographic_sir,0.06598650192383697,4.541013036609641e-56,0.934013498076164,15.0,,52.0,780.2142857142857,0.014285714285714285
4.857534246575343,demographic_sir,0.06602305750975336,4.534592810376776e-56,0.9339769424902475,15.0,,52.0,780.2142857142857,0.014285714285714285
4.86027397260274,demographic_sir,0.06605961166495075,4.5285355013963625e-56,0.9339403883350501,15.0,,52.0,780.2142857142857,0.014285714285714285
4.863013698630137,demographic_sir,0.06609616438948514,4.522839665026327e-56,0.9339038356105157,15.0,,52.0,780.2142857142857,0.014285714285714285
4.865753424657535,demographic_sir,0.06613271568341252,4.517503943233063e-56,0.9338672843165884,15.0,,52.0,780.2142857142857,0.014285714285714285
4.868493150684931,demographic_sir,0.06616926554678886,4.512527064051674e-56,0.9338307344532121,15.0,,52.0,780.2142857142857,0.014285714285714285
4.8712328767123285,demographic_sir,0.06620581397967017,4.507907841080531e-56,0.9337941860203307,15.0,,52.0,780.2142857142857,0.014285714285714285
4.873972602739726,demographic_sir,0.06624236098211243,4.503645173009859e-56,0.9337576390178884,15.0,,52.0,780.2142857142857,0.014285714285714285
4.876712328767123,demographic_sir,0.06627890655417164,4.499738043184067e-56,0.9337210934458292,15.0,,52.0,780.2142857142857,0.014285714285714285
4.879452054794521,demographic_sir,0.06631545069590376,4.496185519197612e-56,0.9336845493040971,15.0,,52.0,780.2142857142857,0.014285714285714285
4.882191780821918,demographic_sir,0.06635199340736479,4.492986752524141e-56,0.933648006592636,15.0,,52.0,780.2142857142857,0.014285714285714285
4.884931506849315,demographic_sir,0.06638853468861071,4.4901409781787315e-56,0.9336114653113902,15.0,,52.0,780.2142857142857,0.014285714285714285
4.887671232876713,demographic_sir,0.06642507453969747,4.487647514413022e-56,0.9335749254603034,15.0,,52.0,780.2142857142857,0.014285714285714285
4.89041095890411,demographic_sir,0.06646161296068105,4.48550576244307e-56,0.9335383870393198,15.0,,52.0,780.2142857142857,0.014285714285714285
4.8931506849315065,demographic_sir,0.06649814995161742,4.483715206209791e-56,0.9335018500483834,15.0,,52.0,780.2142857142857,0.014285714285714285
4.895890410958904,demographic_sir,0.06653468551256257,4.48227541217183e-56,0.9334653144874382,15.0,,52.0,780.2142857142857,0.014285714285714285
4.898630136986301,demographic_sir,0.06657121964357247,4.481186029130766e-56,0.9334287803564283,15.0,,52.0,780.2142857142857,0.014285714285714285
4.901369863013699,demographic_sir,0.06660775234470308,4.480446788088541e-56,0.9333922476552977,15.0,,52.0,780.2142857142857,0.014285714285714285
4.904109589041096,demographic_sir,0.06664428361601034,4.480057502137034e-56,0.9333557163839905,15.0,,52.0,780.2142857142857,0.014285714285714285
4.906849315068493,demographic_sir,0.06668081345755023,4.480018066379708e-56,0.9333191865424506,15.0,,52.0,780.2142857142857,0.014285714285714285
4.909589041095891,demographic_sir,0.0667173418693787,4.4803284578853135e-56,0.9332826581306221,15.0,,52.0,780.2142857142857,0.014285714285714285
4.912328767123288,demographic_sir,0.06675386885155171,4.480988735673578e-56,0.933246131148449,15.0,,52.0,780.2142857142857,0.014285714285714285
4.915068493150685,demographic_sir,0.06679039440412522,4.481999040732911e-56,0.9332096055958755,15.0,,52.0,780.2142857142857,0.014285714285714285
4.917808219178082,demographic_sir,0.06682691852715517,4.483359596070102e-56,0.9331730814728456,15.0,,52.0,780.2142857142857,0.014285714285714285
4.920547945205479,demographic_sir,0.06686344122069751,4.4850707067920505e-56,0.9331365587793033,15.0,,52.0,780.2142857142857,0.014285714285714285
4.923287671232877,demographic_sir,0.0668999624848082,4.487132760219566e-56,0.9331000375151927,15.0,,52.0,780.2142857142857,0.014285714285714285
4.926027397260274,demographic_sir,0.06693648231954318,4.489546226033297e-56,0.9330635176804576,15.0,,52.0,780.2142857142857,0.014285714285714285
4.928767123287671,demographic_sir,0.06697300072495838,4.492311656451868e-56,0.9330269992750423,15.0,,52.0,780.2142857142857,0.014285714285714285
4.931506849315069,demographic_sir,0.06700951770110976,4.495429686442313e-56,0.9329904822988908,15.0,,52.0,780.2142857142857,0.014285714285714285
4.934246575342466,demographic_sir,0.06704603324805326,4.4989010339629275e-56,0.9329539667519474,15.0,,52.0,780.2142857142857,0.014285714285714285
4.936986301369863,demographic_sir,0.0670825473658448,4.502726500238662e-56,0.9329174526341559,15.0,,52.0,780.2142857142857,0.014285714285714285
4.939726027397261,demographic_sir,0.06711906005454034,4.506906970069201e-56,0.9328809399454604,15.0,,52.0,780.2142857142857,0.014285714285714285
4.942465753424657,demographic_sir,0.06715557131419576,4.5114434121699035e-56,0.932844428685805,15.0,,52.0,780.2142857142857,0.014285714285714285
4.945205479452055,demographic_sir,0.06719208114486705,4.516336879545789e-56,0.9328079188551337,15.0,,52.0,780.2142857142857,0.014285714285714285
4.947945205479452,demographic_sir,0.06722858954661011,4.521588509898749e-56,0.9327714104533906,15.0,,52.0,780.2142857142857,0.014285714285714285
4.950684931506849,demographic_sir,0.06726509651948087,4.527199526068242e-56,0.9327349034805199,15.0,,52.0,780.2142857142857,0.014285714285714285
4.953424657534247,demographic_sir,0.06730160206353526,4.533171236505674e-56,0.9326983979364656,15.0,,52.0,780.2142857142857,0.014285714285714285
4.956164383561644,demographic_sir,0.0673381061788292,4.53950503578275e-56,0.9326618938211717,15.0,,52.0,780.2142857142857,0.014285714285714285
4.958904109589041,demographic_sir,0.06737460886541859,4.5462024051340485e-56,0.9326253911345823,15.0,,52.0,780.2142857142857,0.014285714285714285
4.961643835616439,demographic_sir,0.06741111012335935,4.553264913034139e-56,0.9325888898766416,15.0,,52.0,780.2142857142857,0.014285714285714285
4.964383561643836,demographic_sir,0.0674476099527074,4.560694215809542e-56,0.9325523900472935,15.0,,52.0,780.2142857142857,0.014285714285714285
4.967123287671233,demographic_sir,0.06748410835351866,4.568492058285861e-56,0.9325158916464823,15.0,,52.0,780.2142857142857,0.014285714285714285
4.96986301369863,demographic_sir,0.06752060532584905,4.576660274470467e-56,0.932479394674152,15.0,,52.0,780.2142857142857,0.014285714285714285
4.972602739726027,demographic_sir,0.06755710086975447,4.585200788271062e-56,0.9324428991302466,15.0,,52.0,780.2142857142857,0.014285714285714285
4.975342465753425,demographic_sir,0.06759359498529081,4.594115614250569e-56,0.9324064050147103,15.0,,52.0,780.2142857142857,0.014285714285714285
4.978082191780822,demographic_sir,0.06763008767251398,4.60340685841873e-56,0.9323699123274871,15.0,,52.0,780.2142857142857,0.014285714285714285
4.980821917808219,demographic_sir,0.0676665789314799,4.613076719060849e-56,0.9323334210685212,15.0,,52.0,780.2142857142857,0.014285714285714285
4.983561643835617,demographic_sir,0.06770306876224444,4.623127487604152e-56,0.9322969312377567,15.0,,52.0,780.2142857142857,0.014285714285714285
4.986301369863014,demographic_sir,0.06773955716486352,4.633561549522228e-56,0.9322604428351376,15.0,,52.0,780.2142857142857,0.014285714285714285
4.989041095890411,demographic_sir,0.06777604413939302,4.644381385278046e-56,0.9322239558606082,15.0,,52.0,780.2142857142857,0.014285714285714285
4.991780821917808,demographic_sir,0.06781252968588886,4.655589571306105e-56,0.9321874703141124,15.0,,52.0,780.2142857142857,0.014285714285714285
4.994520547945205,demographic_sir,0.06784901380440689,4.667188781034198e-56,0.9321509861955944,15.0,,52.0,780.2142857142857,0.014285714285714285
4.997260273972603,demographic_sir,0.06788549649500303,4.679181785945418e-56,0.9321145035049982,15.0,,52.0,780.2142857142857,0.014285714285714285
5.0,demographic_sir,0.06792197775773316,4.691571456680971e-56,0.9320780222422681,15.0,,52.0,780.2142857142857,0.014285714285714285
5.002739726027397,demographic_sir,0.06795845759265316,4.704360764184396e-56,0.9320415424073482,15.0,,52.0,780.2142857142857,0.014285714285714285
5.005479452054795,demographic_sir,0.06799493599981891,4.71755278088786e-56,0.9320050640001823,15.0,,52.0,780.2142857142857,0.014285714285714285
5.008219178082192,demographic_sir,0.06803141297928629,4.731150681941162e-56,0.931968587020715,15.0,,52.0,780.2142857142857,0.014285714285714285
5.010958904109589,demographic_sir,0.06806788853111118,4.74515774648416e-56,0.93193211146889,15.0,,52.0,780.2142857142857,0.014285714285714285
5.013698630136986,demographic_sir,0.06810436265534943,4.759577358963301e-56,0.9318956373446518,15.0,,52.0,780.2142857142857,0.014285714285714285
5.016438356164383,demographic_sir,0.06814083535205695,4.774413010493051e-56,0.9318591646479442,15.0,,52.0,780.2142857142857,0.014285714285714285
5.019178082191781,demographic_sir,0.06817730662128961,4.789668300262893e-56,0.9318226933787115,15.0,,52.0,780.2142857142857,0.014285714285714285
5.021917808219178,demographic_sir,0.06821377646310327,4.805346936990808e-56,0.9317862235368978,15.0,,52.0,780.2142857142857,0.014285714285714285
5.024657534246575,demographic_sir,0.06825024487755378,4.821452740423956e-56,0.9317497551224472,15.0,,52.0,780.2142857142857,0.014285714285714285
5.027397260273973,demographic_sir,0.06828671186469702,4.837989642887469e-56,0.931713288135304,15.0,,52.0,780.2142857142857,0.014285714285714285
5.03013698630137,demographic_sir,0.06832317742458886,4.854961690882201e-56,0.9316768225754122,15.0,,52.0,780.2142857142857,0.014285714285714285
5.032876712328767,demographic_sir,0.06835964155728515,4.872373046732362e-56,0.9316403584427159,15.0,,52.0,780.2142857142857,0.014285714285714285
5.035616438356165,demographic_sir,0.06839610426284173,4.89022799028396e-56,0.9316038957371592,15.0,,52.0,780.2142857142857,0.014285714285714285
5.038356164383561,demographic_sir,0.0684325655413145,4.908530920655026e-56,0.9315674344586865,15.0,,52.0,780.2142857142857,0.014285714285714285
5.041095890410959,demographic_sir,0.06846902539275927,4.927286358038648e-56,0.9315309746072418,15.0,,52.0,780.2142857142857,0.014285714285714285
5.043835616438356,demographic_sir,0.06850548381723191,4.946498945559759e-56,0.9314945161827691,15.0,,52.0,780.2142857142857,0.014285714285714285
5.046575342465753,demographic_sir,0.06854194081478827,4.966173451186876e-56,0.9314580591852128,15.0,,52.0,780.2142857142857,0.014285714285714285
5.049315068493151,demographic_sir,0.0685783963854842,4.986314769699775e-56,0.931421603614517,15.0,,52.0,780.2142857142857,0.014285714285714285
5.052054794520548,demographic_sir,0.06861485052937553,5.006927924714307e-56,0.9313851494706257,15.0,,52.0,780.2142857142857,0.014285714285714285
5.054794520547945,demographic_sir,0.06865130324651812,5.028018070765481e-56,0.9313486967534831,15.0,,52.0,780.2142857142857,0.014285714285714285
5.057534246575343,demographic_sir,0.06868775453696781,5.0495904954500575e-56,0.9313122454630335,15.0,,52.0,780.2142857142857,0.014285714285714285
5.06027397260274,demographic_sir,0.06872420440078042,5.071650621629861e-56,0.9312757955992209,15.0,,52.0,780.2142857142857,0.014285714285714285
5.063013698630137,demographic_sir,0.06876065283801178,5.09420400969712e-56,0.9312393471619895,15.0,,52.0,780.2142857142857,0.014285714285714285
5.065753424657534,demographic_sir,0.06879709984871775,5.117256359903166e-56,0.9312029001512835,15.0,,52.0,780.2142857142857,0.014285714285714285
5.068493150684931,demographic_sir,0.06883354543295417,5.140813514751783e-56,0.931166454567047,15.0,,52.0,780.2142857142857,0.014285714285714285
5.071232876712329,demographic_sir,0.06886998959077684,5.164881461458708e-56,0.9311300104092244,15.0,,52.0,780.2142857142857,0.014285714285714285
5.073972602739726,demographic_sir,0.0689064323222416,5.189466334478665e-56,0.9310935676777596,15.0,,52.0,780.2142857142857,0.014285714285714285
5.076712328767123,demographic_sir,0.06894287362740427,5.21457441810143e-56,0.931057126372597,15.0,,52.0,780.2142857142857,0.014285714285714285
5.079452054794521,demographic_sir,0.06897931350632068,5.240212149118474e-56,0.9310206864936806,15.0,,52.0,780.2142857142857,0.014285714285714285
5.082191780821918,demographic_sir,0.06901575195904665,5.26638611956175e-56,0.9309842480409547,15.0,,52.0,780.2142857142857,0.014285714285714285
5.0849315068493155,demographic_sir,0.06905218898563799,5.293103079516256e-56,0.9309478110143633,15.0,,52.0,780.2142857142857,0.014285714285714285
5.087671232876712,demographic_sir,0.0690886245861505,5.3203699400080315e-56,0.9309113754138507,15.0,,52.0,780.2142857142857,0.014285714285714285
5.090410958904109,demographic_sir,0.06912505876064005,5.348193775969379e-56,0.9308749412393612,15.0,,52.0,780.2142857142857,0.014285714285714285
5.093150684931507,demographic_sir,0.06916149150916241,5.376581829282926e-56,0.9308385084908389,15.0,,52.0,780.2142857142857,0.014285714285714285
5.095890410958904,demographic_sir,0.06919792283177341,5.405541511906553e-56,0.9308020771682279,15.0,,52.0,780.2142857142857,0.014285714285714285
5.098630136986301,demographic_sir,0.06923435272852883,5.435080409080925e-56,0.9307656472714725,15.0,,52.0,780.2142857142857,0.014285714285714285
5.101369863013699,demographic_sir,0.0692707811994845,5.465206282621606e-56,0.9307292188005168,15.0,,52.0,780.2142857142857,0.014285714285714285
5.104109589041096,demographic_sir,0.0693072082446962,5.495927074297754e-56,0.9306927917553052,15.0,,52.0,780.2142857142857,0.014285714285714285
5.1068493150684935,demographic_sir,0.06934363386421977,5.527250909299426e-56,0.9306563661357816,15.0,,52.0,780.2142857142857,0.014285714285714285
5.109589041095891,demographic_sir,0.06938005805811095,5.5591860997956205e-56,0.9306199419418903,15.0,,52.0,780.2142857142857,0.014285714285714285
5.112328767123287,demographic_sir,0.06941648082642558,5.591741148585192e-56,0.9305835191735757,15.0,,52.0,780.2142857142857,0.014285714285714285
5.115068493150685,demographic_sir,0.06945290216921945,5.624924752842956e-56,0.9305470978307819,15.0,,52.0,780.2142857142857,0.014285714285714285
5.117808219178082,demographic_sir,0.06948932208654836,5.658745807963107e-56,0.930510677913453,15.0,,52.0,780.2142857142857,0.014285714285714285
5.120547945205479,demographic_sir,0.06952574057846808,5.693213411502527e-56,0.9304742594215333,15.0,,52.0,780.2142857142857,0.014285714285714285
5.123287671232877,demographic_sir,0.0695621576450344,5.728336867226256e-56,0.930437842354967,15.0,,52.0,780.2142857142857,0.014285714285714285
5.126027397260274,demographic_sir,0.06959857328630312,5.764125689257692e-56,0.9304014267136983,15.0,,52.0,780.2142857142857,0.014285714285714285
5.1287671232876715,demographic_sir,0.06963498750233,5.800589606336085e-56,0.9303650124976715,15.0,,52.0,780.2142857142857,0.014285714285714285
5.131506849315069,demographic_sir,0.06967140029317086,5.837738566183953e-56,0.9303285997068306,15.0,,52.0,780.2142857142857,0.014285714285714285
5.134246575342466,demographic_sir,0.06970781165888143,5.875582739987176e-56,0.9302921883411199,15.0,,52.0,780.2142857142857,0.014285714285714285
5.136986301369863,demographic_sir,0.0697442215995175,5.914132526990525e-56,0.9302557784004839,15.0,,52.0,780.2142857142857,0.014285714285714285
5.13972602739726,demographic_sir,0.06978063011513487,5.953398559211606e-56,0.9302193698848665,15.0,,52.0,780.2142857142857,0.014285714285714285
5.142465753424657,demographic_sir,0.0698170372057893,5.993391706275985e-56,0.9301829627942121,15.0,,52.0,780.2142857142857,0.014285714285714285
5.145205479452055,demographic_sir,0.06985344287153657,6.034123080376798e-56,0.9301465571284648,15.0,,52.0,780.2142857142857,0.014285714285714285
5.147945205479452,demographic_sir,0.06988984711243243,6.075604041361795e-56,0.9301101528875689,15.0,,52.0,780.2142857142857,0.014285714285714285
5.1506849315068495,demographic_sir,0.06992624992853265,6.11784620195113e-56,0.9300737500714688,15.0,,52.0,780.2142857142857,0.014285714285714285
5.153424657534247,demographic_sir,0.069962651319893,6.160861433089192e-56,0.9300373486801085,15.0,,52.0,780.2142857142857,0.014285714285714285
5.156164383561644,demographic_sir,0.06999905128656925,6.204661869433908e-56,0.9300009487134322,15.0,,52.0,780.2142857142857,0.014285714285714285
5.1589041095890416,demographic_sir,0.07003544982861715,6.249259914987031e-56,0.9299645501713844,15.0,,52.0,780.2142857142857,0.014285714285714285
5.161643835616438,demographic_sir,0.07007184694609245,6.294668248869001e-56,0.9299281530539091,15.0,,52.0,780.2142857142857,0.014285714285714285
5.164383561643835,demographic_sir,0.07010824263905091,6.340899831242214e-56,0.9298917573609505,15.0,,52.0,780.2142857142857,0.014285714285714285
5.167123287671233,demographic_sir,0.0701446369075483,6.3879679093862835e-56,0.9298553630924532,15.0,,52.0,780.2142857142857,0.014285714285714285
5.16986301369863,demographic_sir,0.07018102975164034,6.435886023929546e-56,0.9298189702483612,15.0,,52.0,780.2142857142857,0.014285714285714285
5.1726027397260275,demographic_sir,0.0702174211713828,6.484668015240629e-56,0.9297825788286188,15.0,,52.0,780.2142857142857,0.014285714285714285
5.175342465753425,demographic_sir,0.07025381116683141,6.534328029984342e-56,0.9297461888331702,15.0,,52.0,780.2142857142857,0.014285714285714285
5.178082191780822,demographic_sir,0.07029019973804193,6.58488052784618e-56,0.9297098002619597,15.0,,52.0,780.2142857142857,0.014285714285714285
5.1808219178082195,demographic_sir,0.0703265868850701,6.636340288429838e-56,0.9296734131149316,15.0,,52.0,780.2142857142857,0.014285714285714285
5.183561643835617,demographic_sir,0.07036297260797165,6.688722418332277e-56,0.92963702739203,15.0,,52.0,780.2142857142857,0.014285714285714285
5.186301369863013,demographic_sir,0.07039935690680234,6.742042358401019e-56,0.9296006430931993,15.0,,52.0,780.2142857142857,0.014285714285714285
5.189041095890411,demographic_sir,0.07043573978161788,6.796315891178562e-56,0.9295642602183838,15.0,,52.0,780.2142857142857,0.014285714285714285
5.191780821917808,demographic_sir,0.07047212123247402,6.851559148538614e-56,0.9295278787675277,15.0,,52.0,780.2142857142857,0.014285714285714285
5.1945205479452055,demographic_sir,0.07050850125942648,6.907788619519586e-56,0.9294914987405752,15.0,,52.0,780.2142857142857,0.014285714285714285
5.197260273972603,demographic_sir,0.070544879862531,6.965021158360321e-56,0.9294551201374707,15.0,,52.0,780.2142857142857,0.014285714285714285
5.2,demographic_sir,0.07058125704184329,7.023273992743559e-56,0.9294187429581583,15.0,,52.0,780.2142857142857,0.014285714285714285
5.2027397260273975,demographic_sir,0.07061763279741909,7.082564732252673e-56,0.9293823672025825,15.0,,52.0,780.2142857142857,0.014285714285714285
5.205479452054795,demographic_sir,0.07065400712931412,7.142911377047377e-56,0.9293459928706874,15.0,,52.0,780.2142857142857,0.014285714285714285
5.208219178082192,demographic_sir,0.0706903800375841,7.204332326764297e-56,0.9293096199624175,15.0,,52.0,780.2142857142857,0.014285714285714285
5.210958904109589,demographic_sir,0.07072675152228473,7.266846389648439e-56,0.9292732484777169,15.0,,52.0,780.2142857142857,0.014285714285714285
5.213698630136986,demographic_sir,0.07076312158347176,7.330472791921882e-56,0.9292368784165298,15.0,,52.0,780.2142857142857,0.014285714285714285
5.2164383561643834,demographic_sir,0.07079949022120087,7.3952311873958245e-56,0.9292005097788006,15.0,,52.0,780.2142857142857,0.014285714285714285
5.219178082191781,demographic_sir,0.0708358574355278,7.461141667332971e-56,0.9291641425644738,15.0,,52.0,780.2142857142857,0.014285714285714285
5.221917808219178,demographic_sir,0.07087222322650824,7.52822477056676e-56,0.9291277767734933,15.0,,52.0,780.2142857142857,0.014285714285714285
5.2246575342465755,demographic_sir,0.07090858759419791,7.5965014938845405e-56,0.9290914124058037,15.0,,52.0,780.2142857142857,0.014285714285714285
5.227397260273973,demographic_sir,0.0709449505386525,7.665993302681858e-56,0.9290550494613491,15.0,,52.0,780.2142857142857,0.014285714285714285
5.23013698630137,demographic_sir,0.07098131205992773,7.73672214189529e-56,0.9290186879400738,15.0,,52.0,780.2142857142857,0.014285714285714285
5.232876712328767,demographic_sir,0.07101767215807928,7.808710447221405e-56,0.9289823278419223,15.0,,52.0,780.2142857142857,0.014285714285714285
5.235616438356164,demographic_sir,0.07105403083316288,7.88198115662986e-56,0.9289459691668387,15.0,,52.0,780.2142857142857,0.014285714285714285
5.238356164383561,demographic_sir,0.0710903880852342,7.956557722178346e-56,0.9289096119147673,15.0,,52.0,780.2142857142857,0.014285714285714285
5.241095890410959,demographic_sir,0.07112674391434894,8.0324641221382e-56,0.9288732560856525,15.0,,52.0,780.2142857142857,0.014285714285714285
5.243835616438356,demographic_sir,0.07116309832056279,8.109724873438881e-56,0.9288369016794387,15.0,,52.0,780.2142857142857,0.014285714285714285
5.2465753424657535,demographic_sir,0.07119945130393145,8.188365044440287e-56,0.92880054869607,15.0,,52.0,780.2142857142857,0.014285714285714285
5.249315068493151,demographic_sir,0.07123580286451059,8.268410268041973e-56,0.9287641971354909,15.0,,52.0,780.2142857142857,0.014285714285714285
5.252054794520548,demographic_sir,0.07127215300235591,8.34988675513863e-56,0.9287278469976454,15.0,,52.0,780.2142857142857,0.014285714285714285
5.254794520547946,demographic_sir,0.07130850171752309,8.432821308431447e-56,0.9286914982824782,15.0,,52.0,780.2142857142857,0.014285714285714285
5.257534246575342,demographic_sir,0.07134484901006781,8.517241336605283e-56,0.9286551509899336,15.0,,52.0,780.2142857142857,0.014285714285714285
5.260273972602739,demographic_sir,0.07138119488004575,8.603174868881994e-56,0.9286188051199555,15.0,,52.0,780.2142857142857,0.014285714285714285
5.263013698630137,demographic_sir,0.07141753932751259,8.690650569960064e-56,0.9285824606724887,15.0,,52.0,780.2142857142857,0.014285714285714285
5.265753424657534,demographic_sir,0.07145388235252399,8.77969775535191e-56,0.9285461176474773,15.0,,52.0,780.2142857142857,0.014285714285714285
5.2684931506849315,demographic_sir,0.07149022395513564,8.870346407129622e-56,0.9285097760448657,15.0,,52.0,780.2142857142857,0.014285714285714285
5.271232876712329,demographic_sir,0.0715265641354032,8.962627190090803e-56,0.9284734358645982,15.0,,52.0,780.2142857142857,0.014285714285714285
5.273972602739726,demographic_sir,0.07156290289338235,9.05657146835633e-56,0.928437097106619,15.0,,52.0,780.2142857142857,0.014285714285714285
5.276712328767124,demographic_sir,0.07159924022912874,9.15221132241224e-56,0.9284007597708727,15.0,,52.0,780.2142857142857,0.014285714285714285
5.279452054794521,demographic_sir,0.07163557614269804,9.249579566608325e-56,0.9283644238573033,15.0,,52.0,780.2142857142857,0.014285714285714285
5.282191780821917,demographic_sir,0.07167191063414591,9.348709767126327e-56,0.9283280893658555,15.0,,52.0,780.2142857142857,0.014285714285714285
5.284931506849315,demographic_sir,0.071708243703528,9.449636260431308e-56,0.9282917562964734,15.0,,52.0,780.2142857142857,0.014285714285714285
5.287671232876712,demographic_sir,0.0717445753509,9.552394172219436e-56,0.9282554246491015,15.0,,52.0,780.2142857142857,0.014285714285714285
5.2904109589041095,demographic_sir,0.07178090557631753,9.657019436877001e-56,0.9282190944236839,15.0,,52.0,780.2142857142857,0.014285714285714285
5.293150684931507,demographic_sir,0.07181723437983625,9.76354881746479e-56,0.9281827656201652,15.0,,52.0,780.2142857142857,0.014285714285714285
5.295890410958904,demographic_sir,0.07185356176151182,9.872019926243022e-56,0.9281464382384896,15.0,,52.0,780.2142857142857,0.014285714285714285
5.298630136986302,demographic_sir,0.0718898877213999,9.982471245752358e-56,0.9281101122786015,15.0,,52.0,780.2142857142857,0.014285714285714285
5.301369863013699,demographic_sir,0.0719262122595561,1.009494215046691e-55,0.9280737877404454,15.0,,52.0,780.2142857142857,0.014285714285714285
5.304109589041096,demographic_sir,0.0719625353760361,1.0209472929035736e-55,0.9280374646239654,15.0,,52.0,780.2142857142857,0.014285714285714285
5.306849315068493,demographic_sir,0.0719988570708955,1.0326104807129742e-55,0.9280011429291061,15.0,,52.0,780.2142857142857,0.014285714285714285
5.30958904109589,demographic_sir,0.07203517734418999,1.0444879970911708e-55,0.9279648226558116,15.0,,52.0,780.2142857142857,0.014285714285714285
5.3123287671232875,demographic_sir,0.07207149619597518,1.0565841591146869e-55,0.9279285038040265,15.0,,52.0,780.2142857142857,0.014285714285714285
5.315068493150685,demographic_sir,0.07210781362630671,1.068903384797341e-55,0.927892186373695,15.0,,52.0,780.2142857142857,0.014285714285714285
5.317808219178082,demographic_sir,0.07214412963524021,1.0814501956351445e-55,0.9278558703647615,15.0,,52.0,780.2142857142857,0.014285714285714285
5.32054794520548,demographic_sir,0.0721804442228313,1.0942292192210425e-55,0.9278195557771705,15.0,,52.0,780.2142857142857,0.014285714285714285
5.323287671232877,demographic_sir,0.07221675738913563,1.1072451919315318e-55,0.9277832426108661,15.0,,52.0,780.2142857142857,0.014285714285714285
5.326027397260274,demographic_sir,0.07225306913420881,1.1205029616872506e-55,0.927746930865793,15.0,,52.0,780.2142857142857,0.014285714285714285
5.328767123287672,demographic_sir,0.07228937945810648,1.1340074907897042e-55,0.9277106205418953,15.0,,52.0,780.2142857142857,0.014285714285714285
5.331506849315068,demographic_sir,0.07232568836088425,1.1477638588363512e-55,0.9276743116391175,15.0,,52.0,780.2142857142857,0.014285714285714285
5.3342465753424655,demographic_sir,0.07236199584259774,1.1617772657163763e-55,0.9276380041574039,15.0,,52.0,780.2142857142857,0.014285714285714285
5.336986301369863,demographic_sir,0.07239830190330258,1.176053034689452e-55,0.9276016980966991,15.0,,52.0,780.2142857142857,0.014285714285714285
5.33972602739726,demographic_sir,0.07243460654305438,1.1905966155500244e-55,0.9275653934569473,15.0,,52.0,780.2142857142857,0.014285714285714285
5.342465753424658,demographic_sir,0.07247090976190874,1.2054135878795758e-55,0.9275290902380929,15.0,,52.0,780.2142857142857,0.014285714285714285
5.345205479452055,demographic_sir,0.07250721155992129,1.22050966438949e-55,0.9274927884400803,15.0,,52.0,780.2142857142857,0.014285714285714285
5.347945205479452,demographic_sir,0.07254351193714763,1.235890694357196e-55,0.927456488062854,15.0,,52.0,780.2142857142857,0.014285714285714285
5.35068493150685,demographic_sir,0.07257981089364338,1.2515626671583572e-55,0.9274201891063583,15.0,,52.0,780.2142857142857,0.014285714285714285
5.353424657534247,demographic_sir,0.07261610842946412,1.2675317158979545e-55,0.9273838915705376,15.0,,52.0,780.2142857142857,0.014285714285714285
5.3561643835616435,demographic_sir,0.07265240454466547,1.2838041211432011e-55,0.9273475954553362,15.0,,52.0,780.2142857142857,0.014285714285714285
5.358904109589041,demographic_sir,0.07268869923930303,1.3003863147613536e-55,0.9273113007606986,15.0,,52.0,780.2142857142857,0.014285714285714285
5.361643835616438,demographic_sir,0.0727249925134324,1.3172848838654704e-55,0.9272750074865692,15.0,,52.0,780.2142857142857,0.014285714285714285
5.364383561643836,demographic_sir,0.07276128436710917,1.334506574871451e-55,0.9272387156328925,15.0,,52.0,780.2142857142857,0.014285714285714285
5.367123287671233,demographic_sir,0.07279757480038894,1.3520582976696056e-55,0.9272024251996128,15.0,,52.0,780.2142857142857,0.014285714285714285
5.36986301369863,demographic_sir,0.0728338638133273,1.369947129914226e-55,0.9271661361866744,15.0,,52.0,780.2142857142857,0.014285714285714285
5.372602739726028,demographic_sir,0.07287015140597981,1.3881803214346951e-55,0.9271298485940219,15.0,,52.0,780.2142857142857,0.014285714285714285
5.375342465753425,demographic_sir,0.07290643757840211,1.4067652987717918e-55,0.9270935624215997,15.0,,52.0,780.2142857142857,0.014285714285714285
5.378082191780822,demographic_sir,0.07294272233064975,1.4257096698429683e-55,0.927057277669352,15.0,,52.0,780.2142857142857,0.014285714285714285
5.380821917808219,demographic_sir,0.0729790056627783,1.4450212287404846e-55,0.9270209943372234,15.0,,52.0,780.2142857142857,0.014285714285714285
5.383561643835616,demographic_sir,0.0730152875748434,1.4647079606664586e-55,0.9269847124251583,15.0,,52.0,780.2142857142857,0.014285714285714285
5.3863013698630136,demographic_sir,0.07305156806690057,1.484778047008883e-55,0.9269484319331012,15.0,,52.0,780.2142857142857,0.014285714285714285
5.389041095890411,demographic_sir,0.0730878471390054,1.5052398705630156e-55,0.9269121528609963,15.0,,52.0,780.2142857142857,0.014285714285714285
5.391780821917808,demographic_sir,0.0731241247912135,1.5261020209024658e-55,0.9268758752087881,15.0,,52.0,780.2142857142857,0.014285714285714285
5.394520547945206,demographic_sir,0.0731604010235804,1.5473732999045732e-55,0.9268395989764212,15.0,,52.0,780.2142857142857,0.014285714285714285
5.397260273972603,demographic_sir,0.07319667583616168,1.5690627274347773e-55,0.9268033241638399,15.0,,52.0,780.2142857142857,0.014285714285714285
5.4,demographic_sir,0.07323294922901293,1.5911795471948372e-55,0.9267670507709886,15.0,,52.0,780.2142857142857,0.014285714285714285
5.402739726027398,demographic_sir,0.07326922120218968,1.6137332327399132e-55,0.9267307787978118,15.0,,52.0,780.2142857142857,0.014285714285714285
5.405479452054794,demographic_sir,0.0733054917557475,1.6367334936696792e-55,0.926694508244254,15.0,,52.0,780.2142857142857,0.014285714285714285
5.4082191780821915,demographic_sir,0.073341760889742,1.6601902819988556e-55,0.9266582391102595,15.0,,52.0,780.2142857142857,0.014285714285714285
5.410958904109589,demographic_sir,0.07337802860422868,1.6841137987125644e-55,0.9266219713957728,15.0,,52.0,780.2142857142857,0.014285714285714285
5.413698630136986,demographic_sir,0.07341429489926311,1.7085145005123534e-55,0.9265857051007385,15.0,,52.0,780.2142857142857,0.014285714285714285
5.416438356164384,demographic_sir,0.07345055977490088,1.7334031067586596e-55,0.9265494402251008,15.0,,52.0,780.2142857142857,0.014285714285714285
5.419178082191781,demographic_sir,0.0734868232311975,1.7587906066158243e-55,0.9265131767688042,15.0,,52.0,780.2142857142857,0.014285714285714285
5.421917808219178,demographic_sir,0.07352308526820853,1.7846882664059265e-55,0.9264769147317932,15.0,,52.0,780.2142857142857,0.014285714285714285
5.424657534246576,demographic_sir,0.07355934588598953,1.8111076371779103e-55,0.9264406541140122,15.0,,52.0,780.2142857142857,0.014285714285714285
5.427397260273973,demographic_sir,0.07359560508459605,1.8380605624986893e-55,0.9264043949154057,15.0,,52.0,780.2142857142857,0.014285714285714285
5.4301369863013695,demographic_sir,0.07363186286408362,1.8655591864731277e-55,0.9263681371359181,15.0,,52.0,780.2142857142857,0.014285714285714285
5.432876712328767,demographic_sir,0.07366811922450779,1.8936159620000845e-55,0.926331880775494,15.0,,52.0,780.2142857142857,0.014285714285714285
5.435616438356164,demographic_sir,0.0737043741659241,1.9222436592717506e-55,0.9262956258340778,15.0,,52.0,780.2142857142857,0.014285714285714285
5.438356164383562,demographic_sir,0.07374062768838807,1.9514553745240716e-55,0.9262593723116137,15.0,,52.0,780.2142857142857,0.014285714285714285
5.441095890410959,demographic_sir,0.07377687979195525,1.9812645390459763e-55,0.9262231202080465,15.0,,52.0,780.2142857142857,0.014285714285714285
5.443835616438356,demographic_sir,0.07381313047668119,2.0116849284555904e-55,0.9261868695233205,15.0,,52.0,780.2142857142857,0.014285714285714285
5.446575342465754,demographic_sir,0.07384937974262139,2.0427306722518086e-55,0.9261506202573804,15.0,,52.0,780.2142857142857,0.014285714285714285
5.449315068493151,demographic_sir,0.0738856275898314,2.0744162636498944e-55,0.9261143724101704,15.0,,52.0,780.2142857142857,0.014285714285714285
5.452054794520548,demographic_sir,0.07392187401836674,2.10675656971006e-55,0.926078125981635,15.0,,52.0,780.2142857142857,0.014285714285714285
5.454794520547945,demographic_sir,0.0739581190282829,2.1397668417682646e-55,0.9260418809717188,15.0,,52.0,780.2142857142857,0.014285714285714285
5.457534246575342,demographic_sir,0.07399436261963546,2.1734627261788525e-55,0.9260056373803663,15.0,,52.0,780.2142857142857,0.014285714285714285
5.46027397260274,demographic_sir,0.07403060479247991,2.2078602753787535e-55,0.925969395207522,15.0,,52.0,780.2142857142857,0.014285714285714285
5.463013698630137,demographic_sir,0.07406684554687178,2.2429759592836545e-55,0.9259331544531302,15.0,,52.0,780.2142857142857,0.014285714285714285
5.465753424657534,demographic_sir,0.07410308488286657,2.2788266770265386e-55,0.9258969151171355,15.0,,52.0,780.2142857142857,0.014285714285714285
5.468493150684932,demographic_sir,0.07413932280051981,2.31542976904955e-55,0.9258606771994823,15.0,,52.0,780.2142857142857,0.014285714285714285
5.471232876712329,demographic_sir,0.074175559299887,2.3528030295604425e-55,0.9258244407001152,15.0,,52.0,780.2142857142857,0.014285714285714285
5.473972602739726,demographic_sir,0.07421179438102365,2.390964719365252e-55,0.9257882056189786,15.0,,52.0,780.2142857142857,0.014285714285714285
5.476712328767124,demographic_sir,0.07424802804398527,2.4299335790892285e-55,0.925751971956017,15.0,,52.0,780.2142857142857,0.014285714285714285
5.47945205479452,demographic_sir,0.07428426028882736,2.4697288427984578e-55,0.9257157397111749,15.0,,52.0,780.2142857142857,0.014285714285714285
5.482191780821918,demographic_sir,0.07432049111560543,2.5103702520351042e-55,0.9256795088843969,15.0,,52.0,780.2142857142857,0.014285714285714285
5.484931506849315,demographic_sir,0.07435672052437498,2.551878070279378e-55,0.9256432794756273,15.0,,52.0,780.2142857142857,0.014285714285714285
5.487671232876712,demographic_sir,0.07439294851519149,2.594273097852229e-55,0.9256070514848107,15.0,,52.0,780.2142857142857,0.014285714285714285
5.49041095890411,demographic_sir,0.07442917508811048,2.6375766872727783e-55,0.9255708249118918,15.0,,52.0,780.2142857142857,0.014285714285714285
5.493150684931507,demographic_sir,0.07446540024318744,2.6818107590852615e-55,0.9255345997568148,15.0,,52.0,780.2142857142857,0.014285714285714285
5.495890410958904,demographic_sir,0.07450162398047785,2.7269978181706534e-55,0.9254983760195243,15.0,,52.0,780.2142857142857,0.014285714285714285
5.498630136986302,demographic_sir,0.07453784630003721,2.773160970558689e-55,0.925462153699965,15.0,,52.0,780.2142857142857,0.014285714285714285
5.501369863013698,demographic_sir,0.07457406720192099,2.8203239407565007e-55,0.9254259327980813,15.0,,52.0,780.2142857142857,0.014285714285714285
5.504109589041096,demographic_sir,0.0746102866861847,2.8685110896107647e-55,0.9253897133138176,15.0,,52.0,780.2142857142857,0.014285714285714285
5.506849315068493,demographic_sir,0.07464650475288381,2.917747432720494e-55,0.9253534952471184,15.0,,52.0,780.2142857142857,0.014285714285714285
5.50958904109589,demographic_sir,0.07468272140207381,2.968058659418751e-55,0.9253172785979284,15.0,,52.0,780.2142857142857,0.014285714285714285
5.512328767123288,demographic_sir,0.07471893663381017,3.0194711523416324e-55,0.9252810633661921,15.0,,52.0,780.2142857142857,0.014285714285714285
5.515068493150685,demographic_sir,0.07475515044814837,3.072012007603836e-55,0.9252448495518539,15.0,,52.0,780.2142857142857,0.014285714285714285
5.517808219178082,demographic_sir,0.07479136284514389,3.125709055600673e-55,0.9252086371548585,15.0,,52.0,780.2142857142857,0.014285714285714285
5.52054794520548,demographic_sir,0.07482757382485218,3.180590882457094e-55,0.9251724261751502,15.0,,52.0,780.2142857142857,0.014285714285714285
5.523287671232877,demographic_sir,0.07486378338732874,3.2366868521450002e-55,0.9251362166126736,15.0,,52.0,780.2142857142857,0.014285714285714285
5.526027397260274,demographic_sir,0.07489999153262901,3.294027129290831e-55,0.9251000084673734,15.0,,52.0,780.2142857142857,0.014285714285714285
5.528767123287671,demographic_sir,0.07493619826080847,3.3526427026963115e-55,0.925063801739194,15.0,,52.0,780.2142857142857,0.014285714285714285
5.531506849315068,demographic_sir,0.07497240357192257,3.41256540959564e-55,0.9250275964280799,15.0,,52.0,780.2142857142857,0.014285714285714285
5.534246575342466,demographic_sir,0.07500860746602679,3.47382796067386e-55,0.9249913925339757,15.0,,52.0,780.2142857142857,0.014285714285714285
5.536986301369863,demographic_sir,0.07504480994317658,3.536463965871376e-55,0.9249551900568259,15.0,,52.0,780.2142857142857,0.014285714285714285
5.53972602739726,demographic_sir,0.07508101100342741,3.6005079610008075e-55,0.9249189889965751,15.0,,52.0,780.2142857142857,0.014285714285714285
5.542465753424658,demographic_sir,0.07511721064683473,3.665995435203191e-55,0.9248827893531678,15.0,,52.0,780.2142857142857,0.014285714285714285
5.545205479452055,demographic_sir,0.07515340887345398,3.7329628592714786e-55,0.9248465911265485,15.0,,52.0,780.2142857142857,0.014285714285714285
5.5479452054794525,demographic_sir,0.07518960568334061,3.801447714870272e-55,0.9248103943166619,15.0,,52.0,780.2142857142857,0.014285714285714285
5.550684931506849,demographic_sir,0.07522580107655007,3.8714885246817025e-55,0.9247741989234525,15.0,,52.0,780.2142857142857,0.014285714285714285
5.553424657534246,demographic_sir,0.07526199505313783,3.943124883508606e-55,0.9247380049468646,15.0,,52.0,780.2142857142857,0.014285714285714285
5.556164383561644,demographic_sir,0.0752981876131593,4.0163974903667275e-55,0.9247018123868431,15.0,,52.0,780.2142857142857,0.014285714285714285
5.558904109589041,demographic_sir,0.07533437875666994,4.091348181599623e-55,0.9246656212433325,15.0,,52.0,780.2142857142857,0.014285714285714285
5.561643835616438,demographic_sir,0.0753705684837252,4.168019965050308e-55,0.9246294315162772,15.0,,52.0,780.2142857142857,0.014285714285714285
5.564383561643836,demographic_sir,0.07540675679438051,4.2464570553253805e-55,0.9245932432056219,15.0,,52.0,780.2142857142857,0.014285714285714285
5.567123287671233,demographic_sir,0.0754429436886913,4.326704910188457e-55,0.924557056311311,15.0,,52.0,780.2142857142857,0.014285714285714285
5.5698630136986305,demographic_sir,0.075479129166713,4.4088102681210684e-55,0.9245208708332894,15.0,,52.0,780.2142857142857,0.014285714285714285
5.572602739726028,demographic_sir,0.07551531322850104,4.4928211870905446e-55,0.9244846867715014,15.0,,52.0,780.2142857142857,0.014285714285714285
5.575342465753424,demographic_sir,0.07555149587411084,4.578787084565757e-55,0.9244485041258916,15.0,,52.0,780.2142857142857,0.014285714285714285
5.578082191780822,demographic_sir,0.07558767710359784,4.666758778823272e-55,0.9244123228964046,15.0,,52.0,780.2142857142857,0.014285714285714285
5.580821917808219,demographic_sir,0.07562385691701748,4.7567885315873546e-55,0.924376143082985,15.0,,52.0,780.2142857142857,0.014285714285714285
5.583561643835616,demographic_sir,0.07566003531442515,4.848930092049839e-55,0.9243399646855772,15.0,,52.0,780.2142857142857,0.014285714285714285
5.586301369863014,demographic_sir,0.07569621229587631,4.9432387423165e-55,0.924303787704126,15.0,,52.0,780.2142857142857,0.014285714285714285
5.589041095890411,demographic_sir,0.07573238786142635,5.039771344328846e-55,0.924267612138576,15.0,,52.0,780.2142857142857,0.014285714285714285
5.5917808219178085,demographic_sir,0.07576856201113068,5.138586388311794e-55,0.9242314379888716,15.0,,52.0,780.2142857142857,0.014285714285714285
5.594520547945206,demographic_sir,0.07580473474504473,5.239744042799537e-55,0.9241952652549577,15.0,,52.0,780.2142857142857,0.014285714285714285
5.597260273972603,demographic_sir,0.07584090606322391,5.343306206293782e-55,0.9241590939367784,15.0,,52.0,780.2142857142857,0.014285714285714285
5.6,demographic_sir,0.07587707596572361,5.4493365606104516e-55,0.9241229240342788,15.0,,52.0,780.2142857142857,0.014285714285714285
5.602739726027397,demographic_sir,0.07591324445259927,5.557900625973226e-55,0.924086755547403,15.0,,52.0,780.2142857142857,0.014285714285714285
5.605479452054794,demographic_sir,0.07594941152390626,5.669065817913645e-55,0.924050588476096,15.0,,52.0,780.2142857142857,0.014285714285714285
5.608219178082192,demographic_sir,0.0759855771797,5.7829015060408984e-55,0.9240144228203023,15.0,,52.0,780.2142857142857,0.014285714285714285
5.610958904109589,demographic_sir,0.0760217414200359,5.899479074745478e-55,0.9239782585799664,15.0,,52.0,780.2142857142857,0.014285714285714285
5.6136986301369864,demographic_sir,0.07605790424496936,6.0188719859039344e-55,0.9239420957550329,15.0,,52.0,780.2142857142857,0.014285714285714285
5.616438356164384,demographic_sir,0.07609406565455576,6.141155843654159e-55,0.9239059343454465,15.0,,52.0,780.2142857142857,0.014285714285714285
5.619178082191781,demographic_sir,0.0761302256488505,6.266408461313207e-55,0.9238697743511518,15.0,,52.0,780.2142857142857,0.014285714285714285
5.6219178082191785,demographic_sir,0.07616638422790896,6.394709930512256e-55,0.9238336157720933,15.0,,52.0,780.2142857142857,0.014285714285714285
5.624657534246575,demographic_sir,0.07620254139178653,6.526142692626005e-55,0.9237974586082157,15.0,,52.0,780.2142857142857,0.014285714285714285
5.627397260273972,demographic_sir,0.07623869714053863,6.660791612576923e-55,0.9237613028594636,15.0,,52.0,780.2142857142857,0.014285714285714285
5.63013698630137,demographic_sir,0.07627485147422063,6.798744055096808e-55,0.9237251485257816,15.0,,52.0,780.2142857142857,0.014285714285714285
5.632876712328767,demographic_sir,0.07631100439288788,6.94008996353262e-55,0.9236889956071144,15.0,,52.0,780.2142857142857,0.014285714285714285
5.635616438356164,demographic_sir,0.0763471558965958,7.084921941285276e-55,0.9236528441034065,15.0,,52.0,780.2142857142857,0.014285714285714285
5.638356164383562,demographic_sir,0.07638330598539975,7.233335335974203e-55,0.9236166940146026,15.0,,52.0,780.2142857142857,0.014285714285714285
5.641095890410959,demographic_sir,0.07641945465935511,7.385428326423616e-55,0.9235805453406472,15.0,,52.0,780.2142857142857,0.014285714285714285
5.6438356164383565,demographic_sir,0.07645560191851727,7.541302012570007e-55,0.923544398081485,15.0,,52.0,780.2142857142857,0.014285714285714285
5.646575342465754,demographic_sir,0.0764917477629416,7.701060508394055e-55,0.9235082522370608,15.0,,52.0,780.2142857142857,0.014285714285714285
5.64931506849315,demographic_sir,0.07652789219268344,7.864811037983895e-55,0.9234721078073189,15.0,,52.0,780.2142857142857,0.014285714285714285
5.652054794520548,demographic_sir,0.0765640352077982,8.032664034841026e-55,0.9234359647922042,15.0,,52.0,780.2142857142857,0.014285714285714285
5.654794520547945,demographic_sir,0.0766001768083412,8.204733244543129e-55,0.9233998231916613,15.0,,52.0,780.2142857142857,0.014285714285714285
5.657534246575342,demographic_sir,0.07663631699436786,8.381135830884212e-55,0.9233636830056347,15.0,,52.0,780.2142857142857,0.014285714285714285
5.66027397260274,demographic_sir,0.0766724557659335,8.56199248561506e-55,0.923327544234069,15.0,,52.0,780.2142857142857,0.014285714285714285
5.663013698630137,demographic_sir,0.07670859312309349,8.747427541912683e-55,0.923291406876909,15.0,,52.0,780.2142857142857,0.014285714285714285
5.6657534246575345,demographic_sir,0.07674472906590318,8.937569091711918e-55,0.9232552709340993,15.0,,52.0,780.2142857142857,0.014285714285714285
5.668493150684932,demographic_sir,0.07678086359441795,9.132549107037291e-55,0.9232191364055845,15.0,,52.0,780.2142857142857,0.014285714285714285
5.671232876712329,demographic_sir,0.07681699670869312,9.332503565478478e-55,0.9231830032913094,15.0,,52.0,780.2142857142857,0.014285714285714285
5.673972602739726,demographic_sir,0.07685312840878404,9.537572579957976e-55,0.9231468715912186,15.0,,52.0,780.2142857142857,0.014285714285714285
5.676712328767123,demographic_sir,0.0768892586947461,9.747900532945614e-55,0.9231107413052565,15.0,,52.0,780.2142857142857,0.014285714285714285
5.67945205479452,demographic_sir,0.07692538756663461,9.963636215279005e-55,0.923074612433368,15.0,,52.0,780.2142857142857,0.014285714285714285
5.682191780821918,demographic_sir,0.07696151502450493,1.018493296975727e-54,0.9230384849754977,15.0,,52.0,780.2142857142857,0.014285714285714285
5.684931506849315,demographic_sir,0.0769976410684124,1.0411948839679423e-54,0.9230023589315902,15.0,,52.0,780.2142857142857,0.014285714285714285
5.6876712328767125,demographic_sir,0.07703376569841236,1.0644846722506598e-54,0.9229662343015902,15.0,,52.0,780.2142857142857,0.014285714285714285
5.69041095890411,demographic_sir,0.07706988891456014,1.0883794528833663e-54,0.9229301110854424,15.0,,52.0,780.2142857142857,0.014285714285714285
5.693150684931507,demographic_sir,0.07710601071691107,1.1128965346862794e-54,0.9228939892830915,15.0,,52.0,780.2142857142857,0.014285714285714285
5.695890410958905,demographic_sir,0.07714213110552051,1.1380537612578935e-54,0.9228578688944821,15.0,,52.0,780.2142857142857,0.014285714285714285
5.698630136986301,demographic_sir,0.07717825008044377,1.1638695285834531e-54,0.9228217499195589,15.0,,52.0,780.2142857142857,0.014285714285714285
5.701369863013698,demographic_sir,0.07721436764173617,1.1903628032559408e-54,0.9227856323582665,15.0,,52.0,780.2142857142857,0.014285714285714285
5.704109589041096,demographic_sir,0.07725048378945307,1.2175531413318122e-54,0.9227495162105497,15.0,,52.0,780.2142857142857,0.014285714285714285
5.706849315068493,demographic_sir,0.07728659852364976,1.245460707844852e-54,0.922713401476353,15.0,,52.0,780.2142857142857,0.014285714285714285
5.7095890410958905,demographic_sir,0.0773227118443816,1.2741062970021224e-54,0.9226772881556211,15.0,,52.0,780.2142857142857,0.014285714285714285
5.712328767123288,demographic_sir,0.07735882375170387,1.3035113530870685e-54,0.9226411762482988,15.0,,52.0,780.2142857142857,0.014285714285714285
5.715068493150685,demographic_sir,0.07739493424567193,1.3336979920957467e-54,0.9226050657543308,15.0,,52.0,780.2142857142857,0.014285714285714285
5.717808219178083,demographic_sir,0.07743104332634106,1.3646890241331437e-54,0.9225689566736617,15.0,,52.0,780.2142857142857,0.014285714285714285
5.72054794520548,demographic_sir,0.07746715099376658,1.396507976597592e-54,0.9225328490062362,15.0,,52.0,780.2142857142857,0.014285714285714285
5.723287671232876,demographic_sir,0.0775032572480038,1.4291791181823515e-54,0.922496742751999,15.0,,52.0,780.2142857142857,0.014285714285714285
5.726027397260274,demographic_sir,0.07753936208910805,1.4627274837246246e-54,0.9224606379108947,15.0,,52.0,780.2142857142857,0.014285714285714285
5.728767123287671,demographic_sir,0.07757546551713464,1.4971788999332078e-54,0.9224245344828682,15.0,,52.0,780.2142857142857,0.014285714285714285
5.7315068493150685,demographic_sir,0.07761156753213885,1.53256001202757e-54,0.922388432467864,15.0,,52.0,780.2142857142857,0.014285714285714285
5.734246575342466,demographic_sir,0.077647668134176,1.568898311322038e-54,0.9223523318658268,15.0,,52.0,780.2142857142857,0.014285714285714285
5.736986301369863,demographic_sir,0.07768376732330139,1.6062221637902966e-54,0.9223162326767015,15.0,,52.0,780.2142857142857,0.014285714285714285
5.739726027397261,demographic_sir,0.07771986509957031,1.6445608396467073e-54,0.9222801349004326,15.0,,52.0,780.2142857142857,0.014285714285714285
5.742465753424658,demographic_sir,0.07775596146303805,1.6839445439823712e-54,0.9222440385369649,15.0,,52.0,780.2142857142857,0.014285714285714285
5.745205479452054,demographic_sir,0.07779205641375991,1.724404448495329e-54,0.922207943586243,15.0,,52.0,780.2142857142857,0.014285714285714285
5.747945205479452,demographic_sir,0.07782814995179121,1.7659727243559165e-54,0.9221718500482118,15.0,,52.0,780.2142857142857,0.014285714285714285
5.750684931506849,demographic_sir,0.07786424207718722,1.808682576249617e-54,0.9221357579228158,15.0,,52.0,780.2142857142857,0.014285714285714285
5.7534246575342465,demographic_sir,0.0779003327900032,1.8525682776418684e-54,0.9220996672099998,15.0,,52.0,780.2142857142857,0.014285714285714285
5.756164383561644,demographic_sir,0.07793642209029449,1.897665207310558e-54,0.9220635779097086,15.0,,52.0,780.2142857142857,0.014285714285714285
5.758904109589041,demographic_sir,0.07797250997811633,1.9440098871940146e-54,0.9220274900218868,15.0,,52.0,780.2142857142857,0.014285714285714285
5.761643835616439,demographic_sir,0.07800859645352402,1.99164002160408e-54,0.9219914035464791,15.0,,52.0,780.2142857142857,0.014285714285714285
5.764383561643836,demographic_sir,0.07804468151657284,2.0405945378558133e-54,0.9219553184834303,15.0,,52.0,780.2142857142857,0.014285714285714285
5.767123287671233,demographic_sir,0.07808076516731806,2.0909136283674073e-54,0.921919234832685,15.0,,52.0,780.2142857142857,0.014285714285714285
5.76986301369863,demographic_sir,0.07811684740581494,2.142638794285987e-54,0.9218831525941882,15.0,,52.0,780.2142857142857,0.014285714285714285
5.772602739726027,demographic_sir,0.07815292823211879,2.1958128906972847e-54,0.9218470717678844,15.0,,52.0,780.2142857142857,0.014285714285714285
5.7753424657534245,demographic_sir,0.07818900764628486,2.2504801734791095e-54,0.9218109923537183,15.0,,52.0,780.2142857142857,0.014285714285714285
5.778082191780822,demographic_sir,0.07822508564836843,2.3066863478615117e-54,0.9217749143516348,15.0,,52.0,780.2142857142857,0.014285714285714285
5.780821917808219,demographic_sir,0.07826116223842475,2.364478618758425e-54,0.9217388377615785,15.0,,52.0,780.2142857142857,0.014285714285714285
5.7835616438356166,demographic_sir,0.07829723741650908,2.4239057429385096e-54,0.9217027625834942,15.0,,52.0,780.2142857142857,0.014285714285714285
5.786301369863014,demographic_sir,0.07833331118267671,2.485018083105485e-54,0.9216666888173265,15.0,,52.0,780.2142857142857,0.014285714285714285
5.789041095890411,demographic_sir,0.07836938353698288,2.5478676639610635e-54,0.9216306164630204,15.0,,52.0,780.2142857142857,0.014285714285714285
5.791780821917809,demographic_sir,0.07840545447948286,2.6125082303265055e-54,0.9215945455205204,15.0,,52.0,780.2142857142857,0.014285714285714285
5.794520547945205,demographic_sir,0.07844152401023187,2.67899530740183e-54,0.9215584759897714,15.0,,52.0,780.2142857142857,0.014285714285714285
5.7972602739726025,demographic_sir,0.07847759212928519,2.747386263245034e-54,0.9215224078707179,15.0,,52.0,780.2142857142857,0.014285714285714285
5.8,demographic_sir,0.07851365883669809,2.8177403735565046e-54,0.9214863411633051,15.0,,52.0,780.2142857142857,0.014285714285714285
5.802739726027397,demographic_sir,0.07854972413252578,2.8901188888579946e-54,0.9214502758674774,15.0,,52.0,780.2142857142857,0.014285714285714285
5.8054794520547945,demographic_sir,0.07858578801682353,2.964585104158355e-54,0.9214142119831796,15.0,,52.0,780.2142857142857,0.014285714285714285
5.808219178082192,demographic_sir,0.0786218504896466,3.041204431202377e-54,0.9213781495103566,15.0,,52.0,780.2142857142857,0.014285714285714285
5.810958904109589,demographic_sir,0.0786579115510502,3.1200444734028424e-54,0.9213420884489529,15.0,,52.0,780.2142857142857,0.014285714285714285
5.813698630136987,demographic_sir,0.07869397120108958,3.201175103559913e-54,0.9213060287989135,15.0,,52.0,780.2142857142857,0.014285714285714285
5.816438356164384,demographic_sir,0.07873002943981998,3.284668544476224e-54,0.9212699705601832,15.0,,52.0,780.2142857142857,0.014285714285714285
5.8191780821917805,demographic_sir,0.07876608626729663,3.370599452580373e-54,0.9212339137327066,15.0,,52.0,780.2142857142857,0.014285714285714285
5.821917808219178,demographic_sir,0.07880214168357479,3.459045004676293e-54,0.9211978583164284,15.0,,52.0,780.2142857142857,0.014285714285714285
5.824657534246575,demographic_sir,0.07883819568870967,3.550084987940123e-54,0.9211618043112935,15.0,,52.0,780.2142857142857,0.014285714285714285
5.8273972602739725,demographic_sir,0.07887424828275652,3.643801893292172e-54,0.9211257517172466,15.0,,52.0,780.2142857142857,0.014285714285714285
5.83013698630137,demographic_sir,0.07891029946577054,3.740281012275729e-54,0.9210897005342326,15.0,,52.0,780.2142857142857,0.014285714285714285
5.832876712328767,demographic_sir,0.07894634923780695,3.8396105375804605e-54,0.9210536507621961,15.0,,52.0,780.2142857142857,0.014285714285714285
5.835616438356165,demographic_sir,0.078982397598921,3.941881667353545e-54,0.9210176024010821,15.0,,52.0,780.2142857142857,0.014285714285714285
5.838356164383562,demographic_sir,0.07901844454916791,4.04718871344757e-54,0.9209815554508352,15.0,,52.0,780.2142857142857,0.014285714285714285
5.841095890410959,demographic_sir,0.0790544900886029,4.155629213760328e-54,0.9209455099114001,15.0,,52.0,780.2142857142857,0.014285714285714285
5.843835616438356,demographic_sir,0.07909053421728114,4.267304048827945e-54,0.9209094657827219,15.0,,52.0,780.2142857142857,0.014285714285714285
5.846575342465753,demographic_sir,0.0791265769352579,4.382317562839675e-54,0.9208734230647452,15.0,,52.0,780.2142857142857,0.014285714285714285
5.8493150684931505,demographic_sir,0.07916261824258838,4.5007776892488283e-54,0.9208373817574147,15.0,,52.0,780.2142857142857,0.014285714285714285
5.852054794520548,demographic_sir,0.07919865813932778,4.622796081162773e-54,0.9208013418606753,15.0,,52.0,780.2142857142857,0.014285714285714285
5.854794520547945,demographic_sir,0.0792346966255313,4.7484882467011866e-54,0.9207653033744718,15.0,,52.0,780.2142857142857,0.014285714285714285
5.857534246575343,demographic_sir,0.07927073370125416,4.8779736895203315e-54,0.920729266298749,15.0,,52.0,780.2142857142857,0.014285714285714285
5.86027397260274,demographic_sir,0.07930676936655157,5.011376054709034e-54,0.9206932306334515,15.0,,52.0,780.2142857142857,0.014285714285714285
5.863013698630137,demographic_sir,0.07934280362147872,5.1488232802705854e-54,0.9206571963785244,15.0,,52.0,780.2142857142857,0.014285714285714285
5.865753424657535,demographic_sir,0.0793788364660908,5.290447754413677e-54,0.9206211635339122,15.0,,52.0,780.2142857142857,0.014285714285714285
5.868493150684931,demographic_sir,0.07941486790044301,5.43638647888468e-54,0.9205851320995599,15.0,,52.0,780.2142857142857,0.014285714285714285
5.8712328767123285,demographic_sir,0.07945089792459056,5.586781238583579e-54,0.9205491020754124,15.0,,52.0,780.2142857142857,0.014285714285714285
5.873972602739726,demographic_sir,0.07948692653858865,5.741778777714927e-54,0.9205130734614143,15.0,,52.0,780.2142857142857,0.014285714285714285
5.876712328767123,demographic_sir,0.07952295374249245,5.901530982737371e-54,0.9204770462575106,15.0,,52.0,780.2142857142857,0.014285714285714285
5.879452054794521,demographic_sir,0.07955897953635714,6.066195072384603e-54,0.9204410204636458,15.0,,52.0,780.2142857142857,0.014285714285714285
5.882191780821918,demographic_sir,0.07959500392023793,6.235933795042982e-54,0.9204049960797651,15.0,,52.0,780.2142857142857,0.014285714285714285
5.884931506849315,demographic_sir,0.07963102689418998,6.410915633782721e-54,0.920368973105813,15.0,,52.0,780.2142857142857,0.014285714285714285
5.887671232876713,demographic_sir,0.07966704845826851,6.591315019351971e-54,0.9203329515417344,15.0,,52.0,780.2142857142857,0.014285714285714285
5.89041095890411,demographic_sir,0.07970306861252867,6.777312551456158e-54,0.9202969313874743,15.0,,52.0,780.2142857142857,0.014285714285714285
5.8931506849315065,demographic_sir,0.07973908735702565,6.969095228658397e-54,0.9202609126429773,15.0,,52.0,780.2142857142857,0.014285714285714285
5.895890410958904,demographic_sir,0.07977510469181462,7.166856687251371e-54,0.9202248953081883,15.0,,52.0,780.2142857142857,0.014285714285714285
5.898630136986301,demographic_sir,0.07981112061695075,7.370797449464534e-54,0.9201888793830523,15.0,,52.0,780.2142857142857,0.014285714285714285
5.901369863013699,demographic_sir,0.07984713513248923,7.581125181388037e-54,0.9201528648675138,15.0,,52.0,780.2142857142857,0.014285714285714285
5.904109589041096,demographic_sir,0.07988314823848519,7.798054961008689e-54,0.9201168517615178,15.0,,52.0,780.2142857142857,0.014285714285714285
5.906849315068493,demographic_sir,0.07991915993499384,8.021809556771362e-54,0.9200808400650091,15.0,,52.0,780.2142857142857,0.014285714285714285
5.909589041095891,demographic_sir,0.07995517022207033,8.252619717096243e-54,0.9200448297779326,15.0,,52.0,780.2142857142857,0.014285714285714285
5.912328767123288,demographic_sir,0.07999117909976981,8.49072447130078e-54,0.9200088209002331,15.0,,52.0,780.2142857142857,0.014285714285714285
5.915068493150685,demographic_sir,0.08002718656814745,8.736371442394139e-54,0.9199728134318554,15.0,,52.0,780.2142857142857,0.014285714285714285
5.917808219178082,demographic_sir,0.08006319262725839,8.989817172231894e-54,0.9199368073727445,15.0,,52.0,780.2142857142857,0.014285714285714285
5.920547945205479,demographic_sir,0.08009919727715781,9.251327459540005e-54,0.919900802722845,15.0,,52.0,780.2142857142857,0.014285714285714285
5.923287671232877,demographic_sir,0.08013520051790086,9.521177711337118e-54,0.9198647994821019,15.0,,52.0,780.2142857142857,0.014285714285714285
5.926027397260274,demographic_sir,0.0801712023495427,9.799653308309781e-54,0.91982879765046,15.0,,52.0,780.2142857142857,0.014285714285714285
5.928767123287671,demographic_sir,0.08020720277213846,1.0087049984715946e-53,0.9197927972278642,15.0,,52.0,780.2142857142857,0.014285714285714285
5.931506849315069,demographic_sir,0.0802432017857433,1.0383674223418561e-53,0.9197567982142594,15.0,,52.0,780.2142857142857,0.014285714285714285
5.934246575342466,demographic_sir,0.08027919939041236,1.0689843666676318e-53,0.9197208006095904,15.0,,52.0,780.2142857142857,0.014285714285714285
5.936986301369863,demographic_sir,0.08031519558620079,1.1005887543345623e-53,0.919684804413802,15.0,,52.0,780.2142857142857,0.014285714285714285
5.939726027397261,demographic_sir,0.08035119037316373,1.1332147113176047e-53,0.919648809626839,15.0,,52.0,780.2142857142857,0.014285714285714285
5.942465753424657,demographic_sir,0.0803871837513563,1.166897612891076e-53,0.9196128162486465,15.0,,52.0,780.2142857142857,0.014285714285714285
5.945205479452055,demographic_sir,0.08042317572083366,1.2016741316934995e-53,0.9195768242791692,15.0,,52.0,780.2142857142857,0.014285714285714285
5.947945205479452,demographic_sir,0.08045916628165092,1.2375822877245332e-53,0.9195408337183519,15.0,,52.0,780.2142857142857,0.014285714285714285
5.950684931506849,demographic_sir,0.08049515543386325,1.274661500354994e-53,0.9195048445661396,15.0,,52.0,780.2142857142857,0.014285714285714285
5.953424657534247,demographic_sir,0.08053114317752576,1.312952642434114e-53,0.9194688568224771,15.0,,52.0,780.2142857142857,0.014285714285714285
5.956164383561644,demographic_sir,0.08056712951269357,1.3524980965820491e-53,0.9194328704873094,15.0,,52.0,780.2142857142857,0.014285714285714285
5.958904109589041,demographic_sir,0.08060311443942181,1.393341813759411e-53,0.9193968855605812,15.0,,52.0,780.2142857142857,0.014285714285714285
5.961643835616439,demographic_sir,0.08063909795776561,1.4355293742095952e-53,0.9193609020422374,15.0,,52.0,780.2142857142857,0.014285714285714285
5.964383561643836,demographic_sir,0.08067508006778008,1.4791080508738528e-53,0.919324919932223,15.0,,52.0,780.2142857142857,0.014285714285714285
5.967123287671233,demographic_sir,0.08071106076952035,1.5241268753834032e-53,0.9192889392304827,15.0,,52.0,780.2142857142857,0.014285714285714285
5.96986301369863,demographic_sir,0.08074704006304155,1.570636706737544e-53,0.9192529599369615,15.0,,52.0,780.2142857142857,0.014285714285714285
5.972602739726027,demographic_sir,0.08078301794839877,1.618690302781172e-53,0.9192169820516043,15.0,,52.0,780.2142857142857,0.014285714285714285
5.975342465753425,demographic_sir,0.08081899442564713,1.6683423946006208e-53,0.919181005574356,15.0,,52.0,780.2142857142857,0.014285714285714285
5.978082191780822,demographic_sir,0.08085496949484175,1.719649763961416e-53,0.9191450305051614,15.0,,52.0,780.2142857142857,0.014285714285714285
5.980821917808219,demographic_sir,0.08089094315603773,1.7726713239172952e-53,0.9191090568439654,15.0,,52.0,780.2142857142857,0.014285714285714285
5.983561643835617,demographic_sir,0.08092691540929019,1.8274682027254274e-53,0.9190730845907129,15.0,,52.0,780.2142857142857,0.014285714285714285
5.986301369863014,demographic_sir,0.08096288625465421,1.8841038312087267e-53,0.9190371137453489,15.0,,52.0,780.2142857142857,0.014285714285714285
5.9890410958904114,demographic_sir,0.0809988556921849,1.9426440337123731e-53,0.9190011443078182,15.0,,52.0,780.2142857142857,0.014285714285714285
5.991780821917808,demographic_sir,0.08103482372193736,2.0031571228081352e-53,0.9189651762780657,15.0,,52.0,780.2142857142857,0.014285714285714285
5.994520547945205,demographic_sir,0.0810707903439667,2.0657139979070225e-53,0.9189292096560363,15.0,,52.0,780.2142857142857,0.014285714285714285
5.997260273972603,demographic_sir,0.08110675555832803,2.1303882479474938e-53,0.918893244441675,15.0,,52.0,780.2142857142857,0.014285714285714285
6.0,demographic_sir,0.0811427193650764,2.1972562583345635e-53,0.9188572806349266,15.0,,52.0,780.2142857142857,0.014285714285714285
6.002739726027397,demographic_sir,0.08117868176426693,2.266397322312238e-53,0.918821318235736,15.0,,52.0,780.2142857142857,0.014285714285714285
6.005479452054795,demographic_sir,0.0812146427559547,2.3378937569602577e-53,0.9187853572440482,15.0,,52.0,780.2142857142857,0.014285714285714285
6.008219178082192,demographic_sir,0.08125060234019481,2.411831024014483e-53,0.9187493976598081,15.0,,52.0,780.2142857142857,0.014285714285714285
6.010958904109589,demographic_sir,0.08128656051704232,2.488297855719173e-53,0.9187134394829606,15.0,,52.0,780.2142857142857,0.014285714285714285
6.013698630136986,demographic_sir,0.08132251728655232,2.5673863859286993e-53,0.9186774827134505,15.0,,52.0,780.2142857142857,0.014285714285714285
6.016438356164383,demographic_sir,0.08135847264877992,2.649192286686131e-53,0.918641527351223,15.0,,52.0,780.2142857142857,0.014285714285714285
6.019178082191781,demographic_sir,0.08139442660378018,2.733814910515781e-53,0.9186055733962227,15.0,,52.0,780.2142857142857,0.014285714285714285
6.021917808219178,demographic_sir,0.08143037915160818,2.8213574386783584e-53,0.9185696208483948,15.0,,52.0,780.2142857142857,0.014285714285714285
6.024657534246575,demographic_sir,0.08146633029231898,2.9119270356476086e-53,0.9185336697076839,15.0,,52.0,780.2142857142857,0.014285714285714285
6.027397260273973,demographic_sir,0.08150228002596764,3.005635010079532e-53,0.9184977199740353,15.0,,52.0,780.2142857142857,0.014285714285714285
6.03013698630137,demographic_sir,0.08153822835260927,3.1025969825573033e-53,0.9184617716473936,15.0,,52.0,780.2142857142857,0.014285714285714285
6.032876712328767,demographic_sir,0.08157417527229892,3.2029330604077873e-53,0.9184258247277041,15.0,,52.0,780.2142857142857,0.014285714285714285
6.035616438356165,demographic_sir,0.08161012078509164,3.3067680198989447e-53,0.9183898792149113,15.0,,52.0,780.2142857142857,0.014285714285714285
6.038356164383561,demographic_sir,0.08164606489104251,3.4142314961413456e-53,0.9183539351089605,15.0,,52.0,780.2142857142857,0.014285714285714285
6.041095890410959,demographic_sir,0.08168200759020659,3.5254581810319137e-53,0.9183179924097964,15.0,,52.0,780.2142857142857,0.014285714285714285
6.043835616438356,demographic_sir,0.08171794888263895,3.6405880295926035e-53,0.918282051117364,15.0,,52.0,780.2142857142857,0.014285714285714285
6.046575342465753,demographic_sir,0.08175388876839461,3.7597664750739826e-53,0.9182461112316084,15.0,,52.0,780.2142857142857,0.014285714285714285
6.049315068493151,demographic_sir,0.08178982724752865,3.8831446532092585e-53,0.9182101727524743,15.0,,52.0,780.2142857142857,0.014285714285714285
6.052054794520548,demographic_sir,0.08182576432009611,4.0108796360226124e-53,0.9181742356799067,15.0,,52.0,780.2142857142857,0.014285714285714285
6.054794520547945,demographic_sir,0.08186169998615207,4.143134675613843e-53,0.9181383000138508,15.0,,52.0,780.2142857142857,0.014285714285714285
6.057534246575343,demographic_sir,0.08189763424575155,4.280079458360655e-53,0.9181023657542513,15.0,,52.0,780.2142857142857,0.014285714285714285
6.06027397260274,demographic_sir,0.08193356709894963,4.421890370000086e-53,0.9180664329010533,15.0,,52.0,780.2142857142857,0.014285714285714285
6.063013698630137,demographic_sir,0.0819694985458013,4.568750772071655e-53,0.9180305014542016,15.0,,52.0,780.2142857142857,0.014285714285714285
6.065753424657534,demographic_sir,0.08200542858636165,4.720851290227281e-53,0.9179945714136413,15.0,,52.0,780.2142857142857,0.014285714285714285
6.068493150684931,demographic_sir,0.08204135722068569,4.878390114935176e-53,0.9179586427793173,15.0,,52.0,780.2142857142857,0.014285714285714285
6.071232876712329,demographic_sir,0.08207728444882847,5.041573315130877e-53,0.9179227155511744,15.0,,52.0,780.2142857142857,0.014285714285714285
6.073972602739726,demographic_sir,0.08211321027084503,5.210615165392309e-53,0.9178867897291579,15.0,,52.0,780.2142857142857,0.014285714285714285
6.076712328767123,demographic_sir,0.08214913468679039,5.385738487243415e-53,0.9178508653132126,15.0,,52.0,780.2142857142857,0.014285714285714285
6.079452054794521,demographic_sir,0.08218505769671959,5.567175005218435e-53,0.9178149423032833,15.0,,52.0,780.2142857142857,0.014285714285714285
6.082191780821918,demographic_sir,0.08222097930068765,5.755165718348189e-53,0.9177790206993152,15.0,,52.0,780.2142857142857,0.014285714285714285
6.0849315068493155,demographic_sir,0.08225689949874962,5.949961287760305e-53,0.9177431005012533,15.0,,52.0,780.2142857142857,0.014285714285714285
6.087671232876712,demographic_sir,0.0822928182909605,6.151822441117378e-53,0.9177071817090424,15.0,,52.0,780.2142857142857,0.014285714285714285
6.090410958904109,demographic_sir,0.08232873567737531,6.361020394651049e-53,0.9176712643226276,15.0,,52.0,780.2142857142857,0.014285714285714285
6.093150684931507,demographic_sir,0.0823646516580491,6.577837293583873e-53,0.9176353483419538,15.0,,52.0,780.2142857142857,0.014285714285714285
6.095890410958904,demographic_sir,0.08240056623303686,6.802566671769988e-53,0.9175994337669661,15.0,,52.0,780.2142857142857,0.014285714285714285
6.098630136986301,demographic_sir,0.08243647940239363,7.03551393142199e-53,0.9175635205976093,15.0,,52.0,780.2142857142857,0.014285714285714285
6.101369863013699,demographic_sir,0.08247239116617439,7.276996843833307e-53,0.9175276088338286,15.0,,52.0,780.2142857142857,0.014285714285714285
6.104109589041096,demographic_sir,0.08250830152443418,7.527346072047342e-53,0.9174916984755688,15.0,,52.0,780.2142857142857,0.014285714285714285
6.1068493150684935,demographic_sir,0.082544210477228,7.786905716469262e-53,0.917455789522775,15.0,,52.0,780.2142857142857,0.014285714285714285
6.109589041095891,demographic_sir,0.08258011802461085,8.056033884462927e-53,0.9174198819753921,15.0,,52.0,780.2142857142857,0.014285714285714285
6.112328767123287,demographic_sir,0.08261602416663773,8.33510328502429e-53,0.9173839758333653,15.0,,52.0,780.2142857142857,0.014285714285714285
6.115068493150685,demographic_sir,0.08265192890336368,8.624501849674466e-53,0.9173480710966393,15.0,,52.0,780.2142857142857,0.014285714285714285
6.117808219178082,demographic_sir,0.08268783223484366,8.924633380767533e-53,0.9173121677651593,15.0,,52.0,780.2142857142857,0.014285714285714285
6.120547945205479,demographic_sir,0.0827237341611327,9.23591822846761e-53,0.9172762658388702,15.0,,52.0,780.2142857142857,0.014285714285714285
6.123287671232877,demographic_sir,0.08275963468228578,9.558793997705706e-53,0.9172403653177171,15.0,,52.0,780.2142857142857,0.014285714285714285
6.126027397260274,demographic_sir,0.0827955337983579,9.893716286490628e-53,0.917204466201645,15.0,,52.0,780.2142857142857,0.014285714285714285
6.1287671232876715,demographic_sir,0.08283143150940404,1.024115945701261e-52,0.9171685684905989,15.0,,52.0,780.2142857142857,0.014285714285714285
6.131506849315069,demographic_sir,0.0828673278154792,1.0601617441046477e-52,0.9171326721845238,15.0,,52.0,780.2142857142857,0.014285714285714285
6.134246575342466,demographic_sir,0.08290322271663837,1.0975604581232645e-52,0.9170967772833646,15.0,,52.0,780.2142857142857,0.014285714285714285
6.136986301369863,demographic_sir,0.08293911621293654,1.1363656509889007e-52,0.9170608837870665,15.0,,52.0,780.2142857142857,0.014285714285714285
6.13972602739726,demographic_sir,0.08297500830442868,1.176633106708627e-52,0.9170249916955744,15.0,,52.0,780.2142857142857,0.014285714285714285
6.142465753424657,demographic_sir,0.08301089899116978,1.2184209259799044e-52,0.9169891010088334,15.0,,52.0,780.2142857142857,0.014285714285714285
6.145205479452055,demographic_sir,0.08304678827321482,1.2617896264035875e-52,0.9169532117267883,15.0,,52.0,780.2142857142857,0.014285714285714285
6.147945205479452,demographic_sir,0.08308267615061879,1.3068022471937724e-52,0.9169173238493844,15.0,,52.0,780.2142857142857,0.014285714285714285
6.1506849315068495,demographic_sir,0.08311856262343664,1.3535244585932185e-52,0.9168814373765666,15.0,,52.0,780.2142857142857,0.014285714285714285
6.153424657534247,demographic_sir,0.08315444769172335,1.4020246762129696e-52,0.9168455523082798,15.0,,52.0,780.2142857142857,0.014285714285714285
6.156164383561644,demographic_sir,0.08319033135553389,1.4523741805252876e-52,0.9168096686444693,15.0,,52.0,780.2142857142857,0.014285714285714285
6.1589041095890416,demographic_sir,0.08322621361492323,1.5046472417500048e-52,0.91677378638508,15.0,,52.0,780.2142857142857,0.014285714285714285
6.161643835616438,demographic_sir,0.08326209446994633,1.558921250385915e-52,0.9167379055300569,15.0,,52.0,780.2142857142857,0.014285714285714285
6.164383561643835,demographic_sir,0.08329797392065817,1.6152768536510579e-52,0.916702026079345,15.0,,52.0,780.2142857142857,0.014285714285714285
6.167123287671233,demographic_sir,0.08333385196711371,1.6737980981080777e-52,0.9166661480328895,15.0,,52.0,780.2142857142857,0.014285714285714285
6.16986301369863,demographic_sir,0.08336972860936791,1.734572578764786e-52,0.9166302713906352,15.0,,52.0,780.2142857142857,0.014285714285714285
6.1726027397260275,demographic_sir,0.08340560384747572,1.797691594953445e-52,0.9165943961525274,15.0,,52.0,780.2142857142857,0.014285714285714285
6.175342465753425,demographic_sir,0.08344147768149211,1.8632503133073424e-52,0.916558522318511,15.0,,52.0,780.2142857142857,0.014285714285714285
6.178082191780822,demographic_sir,0.08347735011147202,1.931347938168516e-52,0.916522649888531,15.0,,52.0,780.2142857142857,0.014285714285714285
6.1808219178082195,demographic_sir,0.0835132211374704,2.0020878897767107e-52,0.9164867788625327,15.0,,52.0,780.2142857142857,0.014285714285714285
6.183561643835617,demographic_sir,0.08354909075954219,2.07557799060663e-52,0.9164509092404609,15.0,,52.0,780.2142857142857,0.014285714285714285
6.186301369863013,demographic_sir,0.08358495897774235,2.151930660238368e-52,0.9164150410222607,15.0,,52.0,780.2142857142857,0.014285714285714285
6.189041095890411,demographic_sir,0.08362082579212583,2.231263119164818e-52,0.9163791742078772,15.0,,52.0,780.2142857142857,0.014285714285714285
6.191780821917808,demographic_sir,0.08365669120274757,2.3136976019590063e-52,0.9163433087972555,15.0,,52.0,780.2142857142857,0.014285714285714285
6.1945205479452055,demographic_sir,0.08369255520966251,2.399361580245819e-52,0.9163074447903404,15.0,,52.0,780.2142857142857,0.014285714285714285
6.197260273972603,demographic_sir,0.08372841781292559,2.48838799594343e-52,0.9162715821870773,15.0,,52.0,780.2142857142857,0.014285714285714285
6.2,demographic_sir,0.08376427901259174,2.580915505263034e-52,0.9162357209874111,15.0,,52.0,780.2142857142857,0.014285714285714285
6.2027397260273975,demographic_sir,0.08380013880871591,2.677088733979245e-52,0.9161998611912869,15.0,,52.0,780.2142857142857,0.014285714285714285
6.205479452054795,demographic_sir,0.08383599720135301,2.777058544508694e-52,0.9161640027986497,15.0,,52.0,780.2142857142857,0.014285714285714285
6.208219178082192,demographic_sir,0.08387185419055798,2.88098231536075e-52,0.9161281458094448,15.0,,52.0,780.2142857142857,0.014285714285714285
6.210958904109589,demographic_sir,0.08390770977638574,2.989024233551995e-52,0.916092290223617,15.0,,52.0,780.2142857142857,0.014285714285714285
6.213698630136986,demographic_sir,0.08394356395889124,3.1013556006054725e-52,0.9160564360411115,15.0,,52.0,780.2142857142857,0.014285714285714285
6.2164383561643834,demographic_sir,0.08397941673812939,3.218155152785604e-52,0.9160205832618734,15.0,,52.0,780.2142857142857,0.014285714285714285
6.219178082191781,demographic_sir,0.0840152681141551,3.33960939625305e-52,0.9159847318858477,15.0,,52.0,780.2142857142857,0.014285714285714285
6.221917808219178,demographic_sir,0.0840511180870233,3.465912957856387e-52,0.9159488819129795,15.0,,52.0,780.2142857142857,0.014285714285714285
6.2246575342465755,demographic_sir,0.0840869666567889,3.597268952313694e-52,0.915913033343214,15.0,,52.0,780.2142857142857,0.014285714285714285
6.227397260273973,demographic_sir,0.08412281382350682,3.7338893665742365e-52,0.915877186176496,15.0,,52.0,780.2142857142857,0.014285714285714285
6.23013698630137,demographic_sir,0.08415865958723198,3.875995462189695e-52,0.9158413404127709,15.0,,52.0,780.2142857142857,0.014285714285714285
6.232876712328768,demographic_sir,0.08419450394801928,4.023818196565581e-52,0.9158054960519836,15.0,,52.0,780.2142857142857,0.014285714285714285
6.235616438356164,demographic_sir,0.08423034690592363,4.177598664006791e-52,0.9157696530940792,15.0,,52.0,780.2142857142857,0.014285714285714285
6.238356164383561,demographic_sir,0.08426618846099992,4.337588557517134e-52,0.9157338115390029,15.0,,52.0,780.2142857142857,0.014285714285714285
6.241095890410959,demographic_sir,0.08430202861330309,4.504050652359458e-52,0.9156979713866997,15.0,,52.0,780.2142857142857,0.014285714285714285
6.243835616438356,demographic_sir,0.08433786736288802,4.677259312435133e-52,0.9156621326371147,15.0,,52.0,780.2142857142857,0.014285714285714285
6.2465753424657535,demographic_sir,0.08437370470980962,4.8575010205927455e-52,0.9156262952901931,15.0,,52.0,780.2142857142857,0.014285714285714285
6.249315068493151,demographic_sir,0.08440954065412279,5.045074934032585e-52,0.91559045934588,15.0,,52.0,780.2142857142857,0.014285714285714285
6.252054794520548,demographic_sir,0.0844453751958824,5.2402934660316086e-52,0.9155546248041203,15.0,,52.0,780.2142857142857,0.014285714285714285
6.254794520547946,demographic_sir,0.08448120833514336,5.443482895275132e-52,0.9155187916648594,15.0,,52.0,780.2142857142857,0.014285714285714285
6.257534246575342,demographic_sir,0.08451704007196055,5.6549840041460975e-52,0.9154829599280422,15.0,,52.0,780.2142857142857,0.014285714285714285
6.260273972602739,demographic_sir,0.08455287040638888,5.875152747391244e-52,0.9154471295936139,15.0,,52.0,780.2142857142857,0.014285714285714285
6.263013698630137,demographic_sir,0.08458869933848324,6.104360952653621e-52,0.9154113006615195,15.0,,52.0,780.2142857142857,0.014285714285714285
6.265753424657534,demographic_sir,0.0846245268682985,6.3429970544384665e-52,0.9153754731317042,15.0,,52.0,780.2142857142857,0.014285714285714285
6.2684931506849315,demographic_sir,0.08466035299588953,6.591466863156244e-52,0.9153396470041132,15.0,,52.0,780.2142857142857,0.014285714285714285
6.271232876712329,demographic_sir,0.08469617772131124,6.850194370971268e-52,0.9153038222786916,15.0,,52.0,780.2142857142857,0.014285714285714285
6.273972602739726,demographic_sir,0.08473200104461849,7.119622596271445e-52,0.9152679989553844,15.0,,52.0,780.2142857142857,0.014285714285714285
6.276712328767124,demographic_sir,0.08476782296586616,7.400214468666799e-52,0.9152321770341366,15.0,,52.0,780.2142857142857,0.014285714285714285
6.279452054794521,demographic_sir,0.08480364348510912,7.692453756521402e-52,0.9151963565148936,15.0,,52.0,780.2142857142857,0.014285714285714285
6.282191780821917,demographic_sir,0.08483946260240224,7.996846039125144e-52,0.9151605373976005,15.0,,52.0,780.2142857142857,0.014285714285714285
6.284931506849315,demographic_sir,0.08487528031780041,8.31391972571977e-52,0.9151247196822023,15.0,,52.0,780.2142857142857,0.014285714285714285
6.287671232876712,demographic_sir,0.08491109663135848,8.644227123704422e-52,0.9150889033686442,15.0,,52.0,780.2142857142857,0.014285714285714285
6.2904109589041095,demographic_sir,0.08494691154313132,8.98834555846816e-52,0.9150530884568715,15.0,,52.0,780.2142857142857,0.014285714285714285
6.293150684931507,demographic_sir,0.0849827250531738,9.3468785474185e-52,0.915017274946829,15.0,,52.0,780.2142857142857,0.014285714285714285
6.295890410958904,demographic_sir,0.08501853716154076,9.720457030908689e-52,0.9149814628384622,15.0,,52.0,780.2142857142857,0.014285714285714285
6.298630136986302,demographic_sir,0.08505434786828708,1.0109740662904172e-51,0.9149456521317159,15.0,,52.0,780.2142857142857,0.014285714285714285
6.301369863013699,demographic_sir,0.0850901571734676,1.0515419164374628e-51,0.9149098428265353,15.0,,52.0,780.2142857142857,0.014285714285714285
6.304109589041096,demographic_sir,0.08512596507713718,1.0938213742551367e-51,0.9148740349228658,15.0,,52.0,780.2142857142857,0.014285714285714285
6.306849315068493,demographic_sir,0.08516177157935068,1.1378878579351266e-51,0.9148382284206522,15.0,,52.0,780.2142857142857,0.014285714285714285
6.30958904109589,demographic_sir,0.08519757668016294,1.1838202392439523e-51,0.91480242331984,15.0,,52.0,780.2142857142857,0.014285714285714285
6.3123287671232875,demographic_sir,0.08523338037962883,1.2317010072579487e-51,0.9147666196203741,15.0,,52.0,780.2142857142857,0.014285714285714285
6.315068493150685,demographic_sir,0.08526918267780316,1.2816164401111384e-51,0.9147308173221997,15.0,,52.0,780.2142857142857,0.014285714285714285
6.317808219178082,demographic_sir,0.08530498357474081,1.3336567851595267e-51,0.9146950164252622,15.0,,52.0,780.2142857142857,0.014285714285714285
6.32054794520548,demographic_sir,0.08534078307049661,1.3879164479865533e-51,0.9146592169295065,15.0,,52.0,780.2142857142857,0.014285714285714285
6.323287671232877,demographic_sir,0.08537658116512539,1.444494190696348e-51,0.9146234188348776,15.0,,52.0,780.2142857142857,0.014285714285714285
6.326027397260274,demographic_sir,0.085412377858682,1.5034933399646367e-51,0.9145876221413209,15.0,,52.0,780.2142857142857,0.014285714285714285
6.328767123287672,demographic_sir,0.08544817315122127,1.5650220053415638e-51,0.9145518268487817,15.0,,52.0,780.2142857142857,0.014285714285714285
6.331506849315068,demographic_sir,0.08548396704279802,1.6291933083263883e-51,0.9145160329572048,15.0,,52.0,780.2142857142857,0.014285714285714285
6.3342465753424655,demographic_sir,0.08551975953346712,1.696125622761259e-51,0.9144802404665358,15.0,,52.0,780.2142857142857,0.014285714285714285
6.336986301369863,demographic_sir,0.08555555062328336,1.7659428271193662e-51,0.9144444493767195,15.0,,52.0,780.2142857142857,0.014285714285714285
6.33972602739726,demographic_sir,0.08559134031230159,1.838774569293564e-51,0.9144086596877012,15.0,,52.0,780.2142857142857,0.014285714285714285
6.342465753424658,demographic_sir,0.08562712860057661,1.9147565445225094e-51,0.9143728713994262,15.0,,52.0,780.2142857142857,0.014285714285714285
6.345205479452055,demographic_sir,0.08566291548816327,1.9940307871251676e-51,0.9143370845118396,15.0,,52.0,780.2142857142857,0.014285714285714285
6.347945205479452,demographic_sir,0.08569870097511637,2.0767459767495582e-51,0.9143012990248864,15.0,,52.0,780.2142857142857,0.014285714285714285
6.35068493150685,demographic_sir,0.08573448506149073,2.1630577598786935e-51,0.914265514938512,15.0,,52.0,780.2142857142857,0.014285714285714285
6.353424657534247,demographic_sir,0.08577026774734117,2.2531290873757044e-51,0.9142297322526616,15.0,,52.0,780.2142857142857,0.014285714285714285
6.3561643835616435,demographic_sir,0.0858060490327225,2.347130568891279e-51,0.9141939509672803,15.0,,52.0,780.2142857142857,0.014285714285714285
6.358904109589041,demographic_sir,0.08584182891768956,2.4452408450001257e-51,0.9141581710823133,15.0,,52.0,780.2142857142857,0.014285714285714285
6.361643835616438,demographic_sir,0.08587760740229713,2.5476469779782414e-51,0.9141223925977058,15.0,,52.0,780.2142857142857,0.014285714285714285
6.364383561643836,demographic_sir,0.08591338448660002,2.654544862182028e-51,0.9140866155134029,15.0,,52.0,780.2142857142857,0.014285714285714285
6.367123287671233,demographic_sir,0.08594916017065304,2.766139655040032e-51,0.9140508398293498,15.0,,52.0,780.2142857142857,0.014285714285714285
6.36986301369863,demographic_sir,0.085984934454511,2.882646229722262e-51,0.9140150655454917,15.0,,52.0,780.2142857142857,0.014285714285714285
6.372602739726028,demographic_sir,0.0860207073382287,3.004289650608295e-51,0.913979292661774,15.0,,52.0,780.2142857142857,0.014285714285714285
6.375342465753425,demographic_sir,0.08605647882186092,3.1313056727349235e-51,0.9139435211781418,15.0,,52.0,780.2142857142857,0.014285714285714285
6.378082191780822,demographic_sir,0.08609224890546248,3.2639412664668764e-51,0.9139077510945404,15.0,,52.0,780.2142857142857,0.014285714285714285
6.380821917808219,demographic_sir,0.08612801758908815,3.4024551687002513e-51,0.9138719824109147,15.0,,52.0,780.2142857142857,0.014285714285714285
6.383561643835616,demographic_sir,0.08616378487279275,3.547118461978441e-51,0.9138362151272101,15.0,,52.0,780.2142857142857,0.014285714285714285
6.3863013698630136,demographic_sir,0.08619955075663105,3.6982151829729486e-51,0.9138004492433719,15.0,,52.0,780.2142857142857,0.014285714285714285
6.389041095890411,demographic_sir,0.08623531524065785,3.8560429618607096e-51,0.9137646847593451,15.0,,52.0,780.2142857142857,0.014285714285714285
6.391780821917808,demographic_sir,0.08627107832492793,4.0209136942098276e-51,0.913728921675075,15.0,,52.0,780.2142857142857,0.014285714285714285
6.394520547945206,demographic_sir,0.08630684000949608,4.1931542470729274e-51,0.9136931599905068,15.0,,52.0,780.2142857142857,0.014285714285714285
6.397260273972603,demographic_sir,0.08634260029441708,4.373107201078111e-51,0.9136573997055858,15.0,,52.0,780.2142857142857,0.014285714285714285
6.4,demographic_sir,0.0863783591797457,4.5611316304036284e-51,0.9136216408202572,15.0,,52.0,780.2142857142857,0.014285714285714285
6.402739726027398,demographic_sir,0.08641411666553674,4.757603922623779e-51,0.9135858833344661,15.0,,52.0,780.2142857142857,0.014285714285714285
6.405479452054794,demographic_sir,0.08644987275184494,4.9629186405204256e-51,0.9135501272481579,15.0,,52.0,780.2142857142857,0.014285714285714285
6.4082191780821915,demographic_sir,0.08648562743872511,5.1774894280678494e-51,0.9135143725612778,15.0,,52.0,780.2142857142857,0.014285714285714285
6.410958904109589,demographic_sir,0.086521380726232,5.401749962916332e-51,0.9134786192737708,15.0,,52.0,780.2142857142857,0.014285714285714285
6.413698630136986,demographic_sir,0.08655713261442037,5.636154957827865e-51,0.9134428673855824,15.0,,52.0,780.2142857142857,0.014285714285714285
6.416438356164384,demographic_sir,0.08659288310334501,5.881181213647658e-51,0.9134071168966579,15.0,,52.0,780.2142857142857,0.014285714285714285
6.419178082191781,demographic_sir,0.08662863219306066,6.137328726536481e-51,0.9133713678069422,15.0,,52.0,780.2142857142857,0.014285714285714285
6.421917808219178,demographic_sir,0.08666437988362212,6.405121852336108e-51,0.9133356201163807,15.0,,52.0,780.2142857142857,0.014285714285714285
6.424657534246576,demographic_sir,0.08670012617508413,6.685110531096136e-51,0.9132998738249187,15.0,,52.0,780.2142857142857,0.014285714285714285
6.427397260273973,demographic_sir,0.08673587106750143,6.977871574955005e-51,0.9132641289325014,15.0,,52.0,780.2142857142857,0.014285714285714285
6.4301369863013695,demographic_sir,0.08677161456092877,7.284010022741723e-51,0.913228385439074,15.0,,52.0,780.2142857142857,0.014285714285714285
6.432876712328767,demographic_sir,0.08680735665542096,7.60416056484887e-51,0.9131926433445818,15.0,,52.0,780.2142857142857,0.014285714285714285
6.435616438356164,demographic_sir,0.08684309735103271,7.938989042119044e-51,0.9131569026489701,15.0,,52.0,780.2142857142857,0.014285714285714285
6.438356164383562,demographic_sir,0.08687883664781877,8.289194022694843e-51,0.9131211633521841,15.0,,52.0,780.2142857142857,0.014285714285714285
6.441095890410959,demographic_sir,0.0869145745458339,8.65550846099487e-51,0.9130854254541689,15.0,,52.0,780.2142857142857,0.014285714285714285
6.443835616438356,demographic_sir,0.08695031104513284,9.038701443208352e-51,0.9130496889548699,15.0,,52.0,780.2142857142857,0.014285714285714285
6.446575342465754,demographic_sir,0.08698604614577034,9.439580023940969e-51,0.9130139538542325,15.0,,52.0,780.2142857142857,0.014285714285714285
6.449315068493151,demographic_sir,0.08702177984780113,9.858991158898865e-51,0.9129782201522016,15.0,,52.0,780.2142857142857,0.014285714285714285
6.452054794520548,demographic_sir,0.08705751215127995,1.0297823738766357e-50,0.9129424878487228,15.0,,52.0,780.2142857142857,0.014285714285714285
6.454794520547945,demographic_sir,0.08709324305626154,1.075701072971632e-50,0.9129067569437411,15.0,,52.0,780.2142857142857,0.014285714285714285
6.457534246575342,demographic_sir,0.08712897256280064,1.123753142629291e-50,0.912871027437202,15.0,,52.0,780.2142857142857,0.014285714285714285
6.46027397260274,demographic_sir,0.08716470067095197,1.1740413822719622e-50,0.9128352993290507,15.0,,52.0,780.2142857142857,0.014285714285714285
6.463013698630137,demographic_sir,0.08720042738077027,1.2266737109025225e-50,0.9127995726192324,15.0,,52.0,780.2142857142857,0.014285714285714285
6.465753424657534,demographic_sir,0.08723615269231028,1.281763429872825e-50,0.9127638473076923,15.0,,52.0,780.2142857142857,0.014285714285714285
6.468493150684932,demographic_sir,0.0872718766056267,1.3394294995196915e-50,0.9127281233943759,15.0,,52.0,780.2142857142857,0.014285714285714285
6.471232876712329,demographic_sir,0.08730759912077427,1.39979683041948e-50,0.9126924008792283,15.0,,52.0,780.2142857142857,0.014285714285714285
6.473972602739726,demographic_sir,0.0873433202378077,1.4629965900539417e-50,0.9126566797621949,15.0,,52.0,780.2142857142857,0.014285714285714285
6.476712328767124,demographic_sir,0.08737903995678173,1.529166525724117e-50,0.9126209600432209,15.0,,52.0,780.2142857142857,0.014285714285714285
6.47945205479452,demographic_sir,0.08741475827775104,1.5984513045955426e-50,0.9125852417222516,15.0,,52.0,780.2142857142857,0.014285714285714285
6.482191780821918,demographic_sir,0.08745047520077039,1.6710028718073819e-50,0.9125495247992322,15.0,,52.0,780.2142857142857,0.014285714285714285
6.484931506849315,demographic_sir,0.08748619072589446,1.7469808276296158e-50,0.9125138092741081,15.0,,52.0,780.2142857142857,0.014285714285714285
6.487671232876712,demographic_sir,0.08752190485317798,1.8265528247081597e-50,0.9124780951468245,15.0,,52.0,780.2142857142857,0.014285714285714285
6.49041095890411,demographic_sir,0.08755761758267566,1.909894986495095e-50,0.9124423824173269,15.0,,52.0,780.2142857142857,0.014285714285714285
6.493150684931507,demographic_sir,0.0875933289144422,1.9971923480230746e-50,0.9124066710855604,15.0,,52.0,780.2142857142857,0.014285714285714285
6.495890410958904,demographic_sir,0.08762903884853229,2.0886393202477396e-50,0.9123709611514702,15.0,,52.0,780.2142857142857,0.014285714285714285
6.498630136986302,demographic_sir,0.08766474738500066,2.18444017925065e-50,0.9123352526150018,15.0,,52.0,780.2142857142857,0.014285714285714285
6.501369863013699,demographic_sir,0.08770045452390199,2.28480958166782e-50,0.9122995454761005,15.0,,52.0,780.2142857142857,0.014285714285714285
6.504109589041096,demographic_sir,0.08773616026529098,2.389973107785668e-50,0.9122638397347115,15.0,,52.0,780.2142857142857,0.014285714285714285
6.506849315068493,demographic_sir,0.08777186460922234,2.500167833827596e-50,0.9122281353907802,15.0,,52.0,780.2142857142857,0.014285714285714285
6.50958904109589,demographic_sir,0.08780756755575075,2.61564293503953e-50,0.9121924324442517,15.0,,52.0,780.2142857142857,0.014285714285714285
6.512328767123288,demographic_sir,0.08784326910493093,2.7366603212747416e-50,0.9121567308950715,15.0,,52.0,780.2142857142857,0.014285714285714285
6.515068493150685,demographic_sir,0.08787896925681753,2.863495306873091e-50,0.912121030743185,15.0,,52.0,780.2142857142857,0.014285714285714285
6.517808219178082,demographic_sir,0.08791466801146526,2.996437316732124e-50,0.9120853319885373,15.0,,52.0,780.2142857142857,0.014285714285714285
6.52054794520548,demographic_sir,0.0879503653689288,3.1357906305746453e-50,0.9120496346310737,15.0,,52.0,780.2142857142857,0.014285714285714285
6.523287671232877,demographic_sir,0.08798606132926284,3.2818751675311106e-50,0.9120139386707397,15.0,,52.0,780.2142857142857,0.014285714285714285
6.526027397260274,demographic_sir,0.08802175589252204,3.4350273132753527e-50,0.9119782441074804,15.0,,52.0,780.2142857142857,0.014285714285714285
6.528767123287671,demographic_sir,0.08805744905876109,3.5956007920797573e-50,0.9119425509412413,15.0,,52.0,780.2142857142857,0.014285714285714285
6.531506849315068,demographic_sir,0.08809314082803467,3.7639675862895625e-50,0.9119068591719678,15.0,,52.0,780.2142857142857,0.014285714285714285
6.534246575342466,demographic_sir,0.08812883120039745,3.940518905860149e-50,0.911871168799605,15.0,,52.0,780.2142857142857,0.014285714285714285
6.536986301369863,demographic_sir,0.08816452017590412,4.1256662107501987e-50,0.9118354798240982,15.0,,52.0,780.2142857142857,0.014285714285714285
6.53972602739726,demographic_sir,0.08820020775460934,4.319842289124167e-50,0.911799792245393,15.0,,52.0,780.2142857142857,0.014285714285714285
6.542465753424658,demographic_sir,0.08823589393656776,4.523502394486004e-50,0.9117641060634345,15.0,,52.0,780.2142857142857,0.014285714285714285
6.545205479452055,demographic_sir,0.08827157872183408,4.737125445044827e-50,0.9117284212781682,15.0,,52.0,780.2142857142857,0.014285714285714285
6.5479452054794525,demographic_sir,0.08830726211046294,4.961215288802395e-50,0.9116927378895394,15.0,,52.0,780.2142857142857,0.014285714285714285
6.550684931506849,demographic_sir,0.08834294410250901,5.196302038052398e-50,0.9116570558974934,15.0,,52.0,780.2142857142857,0.014285714285714285
6.553424657534246,demographic_sir,0.08837862469802694,5.442943477194104e-50,0.9116213753019754,15.0,,52.0,780.2142857142857,0.014285714285714285
6.556164383561644,demographic_sir,0.0884143038970714,5.701726547985685e-50,0.9115856961029309,15.0,,52.0,780.2142857142857,0.014285714285714285
6.558904109589041,demographic_sir,0.08844998169969705,5.973268916602864e-50,0.9115500183003054,15.0,,52.0,780.2142857142857,0.014285714285714285
6.561643835616438,demographic_sir,0.08848565810595853,6.258220627117406e-50,0.9115143418940438,15.0,,52.0,780.2142857142857,0.014285714285714285
6.564383561643836,demographic_sir,0.08852133311591048,6.557265846278008e-50,0.9114786668840918,15.0,,52.0,780.2142857142857,0.014285714285714285
6.567123287671233,demographic_sir,0.08855700672960759,6.8711247047577e-50,0.9114429932703947,15.0,,52.0,780.2142857142857,0.014285714285714285
6.5698630136986305,demographic_sir,0.08859267894710447,7.200555240330718e-50,0.9114073210528978,15.0,,52.0,780.2142857142857,0.014285714285714285
6.572602739726028,demographic_sir,0.08862834976845578,7.546355448758244e-50,0.9113716502315465,15.0,,52.0,780.2142857142857,0.014285714285714285
6.575342465753424,demographic_sir,0.08866401919371615,7.909365448497409e-50,0.9113359808062862,15.0,,52.0,780.2142857142857,0.014285714285714285
6.578082191780822,demographic_sir,0.08869968722294023,8.290469765703811e-50,0.9113003127770621,15.0,,52.0,780.2142857142857,0.014285714285714285
6.580821917808219,demographic_sir,0.08873535385618267,8.690599746371332e-50,0.9112646461438197,15.0,,52.0,780.2142857142857,0.014285714285714285
6.583561643835616,demographic_sir,0.08877101909349808,9.11073610285556e-50,0.9112289809065044,15.0,,52.0,780.2142857142857,0.014285714285714285
6.586301369863014,demographic_sir,0.08880668293494111,9.551911602445062e-50,0.9111933170650613,15.0,,52.0,780.2142857142857,0.014285714285714285
6.589041095890411,demographic_sir,0.08884234538056639,1.0015213906094351e-49,0.9111576546194361,15.0,,52.0,780.2142857142857,0.014285714285714285
6.5917808219178085,demographic_sir,0.08887800643042855,1.0501788565905412e-49,0.9111219935695739,15.0,,52.0,780.2142857142857,0.014285714285714285
6.594520547945206,demographic_sir,0.08891366608458222,1.1012842190446792e-49,0.9110863339154203,15.0,,52.0,780.2142857142857,0.014285714285714285
6.597260273972603,demographic_sir,0.08894932434308202,1.1549645787531322e-49,0.9110506756569204,15.0,,52.0,780.2142857142857,0.014285714285714285
6.6,demographic_sir,0.08898498120598256,1.2113538294637156e-49,0.9110150187940199,15.0,,52.0,780.2142857142857,0.014285714285714285
6.602739726027397,demographic_sir,0.08902063667333848,1.2705930307755743e-49,0.910979363326664,15.0,,52.0,780.2142857142857,0.014285714285714285
6.605479452054794,demographic_sir,0.08905629074520441,1.3328308020079779e-49,0.9109437092547981,15.0,,52.0,780.2142857142857,0.014285714285714285
6.608219178082192,demographic_sir,0.08909194342163496,1.398223738262201e-49,0.9109080565783676,15.0,,52.0,780.2142857142857,0.014285714285714285
6.610958904109589,demographic_sir,0.08912759470268472,1.4669368499561065e-49,0.9108724052973178,15.0,,52.0,780.2142857142857,0.014285714285714285
6.6136986301369864,demographic_sir,0.08916324458840834,1.5391440271868703e-49,0.9108367554115943,15.0,,52.0,780.2142857142857,0.014285714285714285
6.616438356164384,demographic_sir,0.08919889307886039,1.615028530357152e-49,0.9108011069211421,15.0,,52.0,780.2142857142857,0.014285714285714285
6.619178082191781,demographic_sir,0.0892345401740955,1.6947835085848326e-49,0.910765459825907,15.0,,52.0,780.2142857142857,0.014285714285714285
6.6219178082191785,demographic_sir,0.08927018587416828,1.7786125475063628e-49,0.9107298141258341,15.0,,52.0,780.2142857142857,0.014285714285714285
6.624657534246575,demographic_sir,0.08930583017913332,1.866730248179085e-49,0.910694169820869,15.0,,52.0,780.2142857142857,0.014285714285714285
6.627397260273972,demographic_sir,0.08934147308904525,1.9593628388892094e-49,0.9106585269109572,15.0,,52.0,780.2142857142857,0.014285714285714285
6.63013698630137,demographic_sir,0.08937711460395864,2.056748821778741e-49,0.9106228853960437,15.0,,52.0,780.2142857142857,0.014285714285714285
6.632876712328767,demographic_sir,0.08941275472392811,2.159139656319405e-49,0.9105872452760744,15.0,,52.0,780.2142857142857,0.014285714285714285
6.635616438356164,demographic_sir,0.08944839344900823,2.2668004817812273e-49,0.9105516065509942,15.0,,52.0,780.2142857142857,0.014285714285714285
6.638356164383562,demographic_sir,0.08948403077925363,2.3800108809719844e-49,0.9105159692207488,15.0,,52.0,780.2142857142857,0.014285714285714285
6.641095890410959,demographic_sir,0.08951966671471885,2.499065687659267e-49,0.9104803332852837,15.0,,52.0,780.2142857142857,0.014285714285714285
6.6438356164383565,demographic_sir,0.08955530125545853,2.624275840230914e-49,0.910444698744544,15.0,,52.0,780.2142857142857,0.014285714285714285
6.646575342465754,demographic_sir,0.08959093440152723,2.7559692843023454e-49,0.9104090655984753,15.0,,52.0,780.2142857142857,0.014285714285714285
6.64931506849315,demographic_sir,0.08962656615297952,2.894491927141338e-49,0.9103734338470231,15.0,,52.0,780.2142857142857,0.014285714285714285
6.652054794520548,demographic_sir,0.08966219650987003,3.040208646953107e-49,0.9103378034901326,15.0,,52.0,780.2142857142857,0.014285714285714285
6.654794520547945,demographic_sir,0.08969782547225331,3.1935043602500695e-49,0.9103021745277493,15.0,,52.0,780.2142857142857,0.014285714285714285
6.657534246575342,demographic_sir,0.08973345304018396,3.3547851507259117e-49,0.9102665469598187,15.0,,52.0,780.2142857142857,0.014285714285714285
6.66027397260274,demographic_sir,0.08976907921371652,3.5244794632575345e-49,0.9102309207862861,15.0,,52.0,780.2142857142857,0.014285714285714285
6.663013698630137,demographic_sir,0.08980470399290559,3.703039366877507e-49,0.910195296007097,15.0,,52.0,780.2142857142857,0.014285714285714285
6.6657534246575345,demographic_sir,0.08984032737780571,3.8909418907908726e-49,0.9101596726221969,15.0,,52.0,780.2142857142857,0.014285714285714285
6.668493150684932,demographic_sir,0.08987594936847149,4.088690437755938e-49,0.9101240506315311,15.0,,52.0,780.2142857142857,0.014285714285714285
6.671232876712329,demographic_sir,0.08991156996495747,4.296816279409563e-49,0.9100884300350451,15.0,,52.0,780.2142857142857,0.014285714285714285
6.673972602739726,demographic_sir,0.08994718916731823,4.515880138394321e-49,0.9100528108326844,15.0,,52.0,780.2142857142857,0.014285714285714285
6.676712328767123,demographic_sir,0.08998280697560834,4.746473862439446e-49,0.9100171930243943,15.0,,52.0,780.2142857142857,0.014285714285714285
6.67945205479452,demographic_sir,0.09001842338988235,4.989222195858153e-49,0.9099815766101202,15.0,,52.0,780.2142857142857,0.014285714285714285
6.682191780821918,demographic_sir,0.09005403841019484,5.244784654257875e-49,0.9099459615898077,15.0,,52.0,780.2142857142857,0.014285714285714285
6.684931506849315,demographic_sir,0.09008965203660034,5.5138575086094805e-49,0.9099103479634022,15.0,,52.0,780.2142857142857,0.014285714285714285
6.6876712328767125,demographic_sir,0.0901252642691534,5.797175885196798e-49,0.9098747357308492,15.0,,52.0,780.2142857142857,0.014285714285714285
6.69041095890411,demographic_sir,0.0901608751079086,6.095515988364248e-49,0.9098391248920941,15.0,,52.0,780.2142857142857,0.014285714285714285
6.693150684931507,demographic_sir,0.09019648455292048,6.4096974534020974e-49,0.9098035154470822,15.0,,52.0,780.2142857142857,0.014285714285714285
6.695890410958905,demographic_sir,0.09023209260424359,6.740585837356623e-49,0.9097679073957591,15.0,,52.0,780.2142857142857,0.014285714285714285
6.698630136986301,demographic_sir,0.09026769926193244,7.0890952560281e-49,0.9097323007380702,15.0,,52.0,780.2142857142857,0.014285714285714285
6.701369863013698,demographic_sir,0.09030330452604163,7.456191175925593e-49,0.909696695473961,15.0,,52.0,780.2142857142857,0.014285714285714285
6.704109589041096,demographic_sir,0.09033890839662569,7.842893370482008e-49,0.909661091603377,15.0,,52.0,780.2142857142857,0.014285714285714285
6.706849315068493,demographic_sir,0.09037451087373914,8.250279050407127e-49,0.9096254891262636,15.0,,52.0,780.2142857142857,0.014285714285714285
6.7095890410958905,demographic_sir,0.09041011195743653,8.679486178658417e-49,0.9095898880425662,15.0,,52.0,780.2142857142857,0.014285714285714285
6.712328767123288,demographic_sir,0.0904457116477724,9.131716981155632e-49,0.9095542883522304,15.0,,52.0,780.2142857142857,0.014285714285714285
6.715068493150685,demographic_sir,0.09048130994480127,9.608241665048664e-49,0.9095186900552015,15.0,,52.0,780.2142857142857,0.014285714285714285
6.717808219178083,demographic_sir,0.09051690684857767,1.0110402357075372e-48,0.9094830931514251,15.0,,52.0,780.2142857142857,0.014285714285714285
6.72054794520548,demographic_sir,0.09055250235915616,1.0639617275318816e-48,0.9094474976408465,15.0,,52.0,780.2142857142857,0.014285714285714285
6.723287671232876,demographic_sir,0.09058809647659122,1.1197385148494538e-48,0.9094119035234115,15.0,,52.0,780.2142857142857,0.014285714285714285
6.726027397260274,demographic_sir,0.09062368920093741,1.1785289897772733e-48,0.9093763107990652,15.0,,52.0,780.2142857142857,0.014285714285714285
6.728767123287671,demographic_sir,0.09065928053224925,1.2405005597064354e-48,0.9093407194677534,15.0,,52.0,780.2142857142857,0.014285714285714285
6.7315068493150685,demographic_sir,0.09069487047058125,1.3058301728692965e-48,0.9093051295294214,15.0,,52.0,780.2142857142857,0.014285714285714285
6.734246575342466,demographic_sir,0.09073045901598793,1.3747048752416606e-48,0.9092695409840148,15.0,,52.0,780.2142857142857,0.014285714285714285
6.736986301369863,demographic_sir,0.09076604616852381,1.4473224006882658e-48,0.909233953831479,15.0,,52.0,780.2142857142857,0.014285714285714285
6.739726027397261,demographic_sir,0.0908016319282434,1.523891796378301e-48,0.9091983680717594,15.0,,52.0,780.2142857142857,0.014285714285714285
6.742465753424658,demographic_sir,0.09083721629520122,1.6046340856237524e-48,0.9091627837048015,15.0,,52.0,780.2142857142857,0.014285714285714285
6.745205479452055,demographic_sir,0.09087279926945177,1.689782970427435e-48,0.909127200730551,15.0,,52.0,780.2142857142857,0.014285714285714285
6.747945205479452,demographic_sir,0.09090838085104956,1.779585576170081e-48,0.9090916191489532,15.0,,52.0,780.2142857142857,0.014285714285714285
6.750684931506849,demographic_sir,0.0909439610400491,1.8743032410176856e-48,0.9090560389599536,15.0,,52.0,780.2142857142857,0.014285714285714285
6.7534246575342465,demographic_sir,0.0909795398365049,1.974212352790937e-48,0.9090204601634978,15.0,,52.0,780.2142857142857,0.014285714285714285
6.756164383561644,demographic_sir,0.09101511724047147,2.0796052362111e-48,0.9089848827595313,15.0,,52.0,780.2142857142857,0.014285714285714285
6.758904109589041,demographic_sir,0.09105069325200328,2.1907910936181632e-48,0.9089493067479995,15.0,,52.0,780.2142857142857,0.014285714285714285
6.761643835616439,demographic_sir,0.09108626787115484,2.3080970024517488e-48,0.9089137321288479,15.0,,52.0,780.2142857142857,0.014285714285714285
6.764383561643836,demographic_sir,0.09112184109798065,2.4318689729915707e-48,0.9088781589020221,15.0,,52.0,780.2142857142857,0.014285714285714285
6.767123287671233,demographic_sir,0.0911574129325352,2.5624730700739558e-48,0.9088425870674676,15.0,,52.0,780.2142857142857,0.014285714285714285
6.76986301369863,demographic_sir,0.09119298337487297,2.7002966027346346e-48,0.9088070166251297,15.0,,52.0,780.2142857142857,0.014285714285714285
6.772602739726027,demographic_sir,0.09122855242504847,2.845749385977069e-48,0.9087714475749542,15.0,,52.0,780.2142857142857,0.014285714285714285
6.7753424657534245,demographic_sir,0.09126412008311618,2.9992650791293183e-48,0.9087358799168864,15.0,,52.0,780.2142857142857,0.014285714285714285
6.778082191780822,demographic_sir,0.09129968634913059,3.1613026055356986e-48,0.9087003136508721,15.0,,52.0,780.2142857142857,0.014285714285714285
6.780821917808219,demographic_sir,0.09133525122314616,3.332347658627721e-48,0.9086647487768565,15.0,,52.0,780.2142857142857,0.014285714285714285
6.7835616438356166,demographic_sir,0.09137081470521739,3.512914299738814e-48,0.9086291852947853,15.0,,52.0,780.2142857142857,0.014285714285714285
6.786301369863014,demographic_sir,0.09140637679539876,3.70354665336667e-48,0.908593623204604,15.0,,52.0,780.2142857142857,0.014285714285714285
6.789041095890411,demographic_sir,0.09144193749374473,3.9048207059486253e-48,0.908558062506258,15.0,,52.0,780.2142857142857,0.014285714285714285
6.791780821917809,demographic_sir,0.09147749680030978,4.117346214600421e-48,0.908522503199693,15.0,,52.0,780.2142857142857,0.014285714285714285
6.794520547945205,demographic_sir,0.09151305471514837,4.3417687326783135e-48,0.9084869452848544,15.0,,52.0,780.2142857142857,0.014285714285714285
6.7972602739726025,demographic_sir,0.091548611238315,4.5787717594613704e-48,0.9084513887616877,15.0,,52.0,780.2142857142857,0.014285714285714285
6.8,demographic_sir,0.0915841663698641,4.829079021713721e-48,0.9084158336301387,15.0,,52.0,780.2142857142857,0.014285714285714285
6.802739726027397,demographic_sir,0.09161972010985019,5.093456895383779e-48,0.9083802798901526,15.0,,52.0,780.2142857142857,0.014285714285714285
6.8054794520547945,demographic_sir,0.09165527245832768,5.3727169762216695e-48,0.9083447275416751,15.0,,52.0,780.2142857142857,0.014285714285714285
6.808219178082192,demographic_sir,0.09169082341535105,5.667718808658582e-48,0.9083091765846517,15.0,,52.0,780.2142857142857,0.014285714285714285
6.810958904109589,demographic_sir,0.09172637298097476,5.979372782888789e-48,0.908273627019028,15.0,,52.0,780.2142857142857,0.014285714285714285
6.813698630136987,demographic_sir,0.09176192115525326,6.308643210731491e-48,0.9082380788447495,15.0,,52.0,780.2142857142857,0.014285714285714285
6.816438356164384,demographic_sir,0.09179746793824103,6.656551591527557e-48,0.9082025320617618,15.0,,52.0,780.2142857142857,0.014285714285714285
6.8191780821917805,demographic_sir,0.09183301332999248,7.0241800800482e-48,0.9081669866700104,15.0,,52.0,780.2142857142857,0.014285714285714285
6.821917808219178,demographic_sir,0.09186855733056211,7.412675169162759e-48,0.9081314426694407,15.0,,52.0,780.2142857142857,0.014285714285714285
6.824657534246575,demographic_sir,0.09190409994000433,7.823251600829845e-48,0.9080959000599985,15.0,,52.0,780.2142857142857,0.014285714285714285
6.8273972602739725,demographic_sir,0.09193964115837361,8.257196519853497e-48,0.9080603588416293,15.0,,52.0,780.2142857142857,0.014285714285714285
6.83013698630137,demographic_sir,0.09197518098572438,8.71587388577237e-48,0.9080248190142785,15.0,,52.0,780.2142857142857,0.014285714285714285
6.832876712328767,demographic_sir,0.09201071942211109,9.200729159243904e-48,0.9079892805778917,15.0,,52.0,780.2142857142857,0.014285714285714285
6.835616438356165,demographic_sir,0.09204625646758817,9.713294280341311e-48,0.9079537435324146,15.0,,52.0,780.2142857142857,0.014285714285714285
6.838356164383562,demographic_sir,0.09208179212221006,1.0255192957307375e-47,0.9079182078777928,15.0,,52.0,780.2142857142857,0.014285714285714285
6.841095890410959,demographic_sir,0.09211732638603119,1.0828146285509306e-47,0.9078826736139717,15.0,,52.0,780.2142857142857,0.014285714285714285
6.843835616438356,demographic_sir,0.092152859259106,1.1433978717617972e-47,0.9078471407408968,15.0,,52.0,780.2142857142857,0.014285714285714285
6.846575342465753,demographic_sir,0.09218839074148893,1.2074624407399899e-47,0.9078116092585139,15.0,,52.0,780.2142857142857,0.014285714285714285
6.8493150684931505,demographic_sir,0.09222392083323441,1.2752133950959936e-47,0.9077760791667685,15.0,,52.0,780.2142857142857,0.014285714285714285
6.852054794520548,demographic_sir,0.09225944953439685,1.3468681550829184e-47,0.9077405504656061,15.0,,52.0,780.2142857142857,0.014285714285714285
6.854794520547945,demographic_sir,0.0922949768450307,1.4226572629938212e-47,0.9077050231549723,15.0,,52.0,780.2142857142857,0.014285714285714285
6.857534246575343,demographic_sir,0.09233050276519034,1.5028251924281446e-47,0.9076694972348126,15.0,,52.0,780.2142857142857,0.014285714285714285
6.86027397260274,demographic_sir,0.09236602729493022,1.58763120849558e-47,0.9076339727050727,15.0,,52.0,780.2142857142857,0.014285714285714285
6.863013698630137,demographic_sir,0.09240155043430477,1.6773502822260048e-47,0.9075984495656981,15.0,,52.0,780.2142857142857,0.014285714285714285
6.865753424657535,demographic_sir,0.09243707218336839,1.7722740626677747e-47,0.9075629278166345,15.0,,52.0,780.2142857142857,0.014285714285714285
6.868493150684931,demographic_sir,0.09247259254217548,1.8727119103844682e-47,0.9075274074578273,15.0,,52.0,780.2142857142857,0.014285714285714285
6.8712328767123285,demographic_sir,0.09250811151078048,1.9789919963034153e-47,0.9074918884892224,15.0,,52.0,780.2142857142857,0.014285714285714285
6.873972602739726,demographic_sir,0.09254362908923779,2.0914624701278712e-47,0.907456370910765,15.0,,52.0,780.2142857142857,0.014285714285714285
6.876712328767123,demographic_sir,0.0925791452776018,2.210492702802334e-47,0.907420854722401,15.0,,52.0,780.2142857142857,0.014285714285714285
6.879452054794521,demographic_sir,0.09261466007592696,2.3364746078143524e-47,0.9073853399240759,15.0,,52.0,780.2142857142857,0.014285714285714285
6.882191780821918,demographic_sir,0.09265017348426763,2.4698240464315316e-47,0.9073498265157353,15.0,,52.0,780.2142857142857,0.014285714285714285
6.884931506849315,demographic_sir,0.09268568550267822,2.6109823223079907e-47,0.9073143144973246,15.0,,52.0,780.2142857142857,0.014285714285714285
6.887671232876713,demographic_sir,0.09272119613121314,2.760417771252798e-47,0.9072788038687897,15.0,,52.0,780.2142857142857,0.014285714285714285
6.89041095890411,demographic_sir,0.09275670536992679,2.918627452335205e-47,0.907243294630076,15.0,,52.0,780.2142857142857,0.014285714285714285
6.8931506849315065,demographic_sir,0.09279221321887354,3.0861389469093895e-47,0.9072077867811292,15.0,,52.0,780.2142857142857,0.014285714285714285
6.895890410958904,demographic_sir,0.09282771967810782,3.2635122725771753e-47,0.907172280321895,15.0,,52.0,780.2142857142857,0.014285714285714285
6.898630136986301,demographic_sir,0.09286322474768399,3.4513419195707035e-47,0.9071367752523188,15.0,,52.0,780.2142857142857,0.014285714285714285
6.901369863013699,demographic_sir,0.09289872842765645,3.6502590175349e-47,0.9071012715723464,15.0,,52.0,780.2142857142857,0.014285714285714285
6.904109589041096,demographic_sir,0.0929342307180796,3.8609336412170823e-47,0.9070657692819233,15.0,,52.0,780.2142857142857,0.014285714285714285
6.906849315068493,demographic_sir,0.0929697316190078,4.0840772641373045e-47,0.9070302683809951,15.0,,52.0,780.2142857142857,0.014285714285714285
6.909589041095891,demographic_sir,0.09300523113049546,4.320445369915983e-47,0.9069947688695075,15.0,,52.0,780.2142857142857,0.014285714285714285
6.912328767123288,demographic_sir,0.09304072925259693,4.57084023157949e-47,0.906959270747406,15.0,,52.0,780.2142857142857,0.014285714285714285
6.915068493150685,demographic_sir,0.0930762259853666,4.836113869852154e-47,0.9069237740146363,15.0,,52.0,780.2142857142857,0.014285714285714285
6.917808219178082,demographic_sir,0.09311172132885885,5.117171202177299e-47,0.9068882786711441,15.0,,52.0,780.2142857142857,0.014285714285714285
6.920547945205479,demographic_sir,0.09314721528312805,5.414973394994817e-47,0.9068527847168749,15.0,,52.0,780.2142857142857,0.014285714285714285
6.923287671232877,demographic_sir,0.09318270784822859,5.730541432638158e-47,0.9068172921517743,15.0,,52.0,780.2142857142857,0.014285714285714285
6.926027397260274,demographic_sir,0.09321819902421481,6.06495991711124e-47,0.9067818009757881,15.0,,52.0,780.2142857142857,0.014285714285714285
6.928767123287671,demographic_sir,0.0932536888111411,6.419381113957739e-47,0.9067463111888617,15.0,,52.0,780.2142857142857,0.014285714285714285
6.931506849315069,demographic_sir,0.09328917720906181,6.795029260457426e-47,0.9067108227909411,15.0,,52.0,780.2142857142857,0.014285714285714285
6.934246575342466,demographic_sir,0.0933246642180313,7.193205153473423e-47,0.9066753357819716,15.0,,52.0,780.2142857142857,0.014285714285714285
6.936986301369863,demographic_sir,0.09336014983810395,7.615291035438598e-47,0.906639850161899,15.0,,52.0,780.2142857142857,0.014285714285714285
6.939726027397261,demographic_sir,0.09339563406933411,8.062755798213129e-47,0.9066043659306687,15.0,,52.0,780.2142857142857,0.014285714285714285
6.942465753424657,demographic_sir,0.09343111691177614,8.537160525874006e-47,0.9065688830882267,15.0,,52.0,780.2142857142857,0.014285714285714285
6.945205479452055,demographic_sir,0.09346659836548439,9.040164398918254e-47,0.9065334016345185,15.0,,52.0,780.2142857142857,0.014285714285714285
6.947945205479452,demographic_sir,0.09350207843051321,9.573530983875594e-47,0.9064979215694897,15.0,,52.0,780.2142857142857,0.014285714285714285
6.950684931506849,demographic_sir,0.09353755710691695,1.0139134933953016e-46,0.906462442893086,15.0,,52.0,780.2142857142857,0.014285714285714285
6.953424657534247,demographic_sir,0.09357303439474997,1.0738969128061123e-46,0.9064269656052529,15.0,,52.0,780.2142857142857,0.014285714285714285
6.956164383561644,demographic_sir,0.09360851029406661,1.137515227742707e-46,0.9063914897059363,15.0,,52.0,780.2142857142857,0.014285714285714285
6.958904109589041,demographic_sir,0.0936439848049212,1.2049937030977265e-46,0.9063560151950817,15.0,,52.0,780.2142857142857,0.014285714285714285
6.961643835616439,demographic_sir,0.09367945792736809,1.2765718612788783e-46,0.9063205420726348,15.0,,52.0,780.2142857142857,0.014285714285714285
6.964383561643836,demographic_sir,0.09371492966146164,1.3525044027170103e-46,0.9062850703385412,15.0,,52.0,780.2142857142857,0.014285714285714285
6.967123287671233,demographic_sir,0.09375040000725615,1.4330621869349243e-46,0.9062495999927467,15.0,,52.0,780.2142857142857,0.014285714285714285
6.96986301369863,demographic_sir,0.09378586896480598,1.51853327823341e-46,0.9062141310351968,15.0,,52.0,780.2142857142857,0.014285714285714285
6.972602739726027,demographic_sir,0.09382133653416547,1.6092240603267994e-46,0.9061786634658373,15.0,,52.0,780.2142857142857,0.014285714285714285
6.975342465753425,demographic_sir,0.09385680271538895,1.70546042455676e-46,0.9061431972846138,15.0,,52.0,780.2142857142857,0.014285714285714285
6.978082191780822,demographic_sir,0.09389226750853073,1.8075890366281404e-46,0.9061077324914719,15.0,,52.0,780.2142857142857,0.014285714285714285
6.980821917808219,demographic_sir,0.09392773091364515,1.91597868714914e-46,0.9060722690863575,15.0,,52.0,780.2142857142857,0.014285714285714285
6.983561643835617,demographic_sir,0.09396319293078652,2.0310217316193046e-46,0.9060368070692161,15.0,,52.0,780.2142857142857,0.014285714285714285
6.986301369863014,demographic_sir,0.09399865356000918,2.1531356258953904e-46,0.9060013464399934,15.0,,52.0,780.2142857142857,0.014285714285714285
6.9890410958904114,demographic_sir,0.09403411280136745,2.2827645635785954e-46,0.9059658871986351,15.0,,52.0,780.2142857142857,0.014285714285714285
6.991780821917808,demographic_sir,0.09406957065491563,2.420381222208837e-46,0.9059304293450869,15.0,,52.0,780.2142857142857,0.014285714285714285
6.994520547945205,demographic_sir,0.09410502712070806,2.5664886256251746e-46,0.9058949728792945,15.0,,52.0,780.2142857142857,0.014285714285714285
6.997260273972603,demographic_sir,0.09414048219879904,2.7216221303566524e-46,0.9058595178012036,15.0,,52.0,780.2142857142857,0.014285714285714285
7.0,demographic_sir,0.0941759358892429,2.8863515444508913e-46,0.9058240641107597,15.0,,52.0,780.2142857142857,0.014285714285714285
7.002739726027397,demographic_sir,0.09421138819209393,3.0612833877256027e-46,0.9057886118079087,15.0,,52.0,780.2142857142857,0.014285714285714285
7.005479452054795,demographic_sir,0.09424683910740644,3.2470633030490617e-46,0.9057531608925962,15.0,,52.0,780.2142857142857,0.014285714285714285
7.008219178082192,demographic_sir,0.09428228863523475,3.4443786289187128e-46,0.9057177113647679,15.0,,52.0,780.2142857142857,0.014285714285714285
7.010958904109589,demographic_sir,0.09431773677563314,3.653961144317083e-46,0.9056822632243694,15.0,,52.0,780.2142857142857,0.014285714285714285
7.013698630136986,demographic_sir,0.09435318352865592,3.876589997583966e-46,0.9056468164713467,15.0,,52.0,780.2142857142857,0.014285714285714285
7.016438356164383,demographic_sir,0.0943886288943574,4.113094831857642e-46,0.9056113711056452,15.0,,52.0,780.2142857142857,0.014285714285714285
7.019178082191781,demographic_sir,0.09442407287279188,4.3643591205068745e-46,0.9055759271272107,15.0,,52.0,780.2142857142857,0.014285714285714285
7.021917808219178,demographic_sir,0.09445951546401364,4.63132372690985e-46,0.9055404845359889,15.0,,52.0,780.2142857142857,0.014285714285714285
7.024657534246575,demographic_sir,0.09449495666807699,4.9149907039312954e-46,0.9055050433319256,15.0,,52.0,780.2142857142857,0.014285714285714285
7.027397260273973,demographic_sir,0.0945303964850362,5.216427349518526e-46,0.9054696035149664,15.0,,52.0,780.2142857142857,0.014285714285714285
7.03013698630137,demographic_sir,0.09456583491494557,5.536770535980192e-46,0.905434165085057,15.0,,52.0,780.2142857142857,0.014285714285714285
7.032876712328767,demographic_sir,0.09460127195785939,5.87723133173597e-46,0.9053987280421433,15.0,,52.0,780.2142857142857,0.014285714285714285
7.035616438356165,demographic_sir,0.09463670761383193,6.239099935636551e-46,0.9053632923861707,15.0,,52.0,780.2142857142857,0.014285714285714285
7.038356164383561,demographic_sir,0.09467214188291749,6.623750945357208e-46,0.9053278581170853,15.0,,52.0,780.2142857142857,0.014285714285714285
7.041095890410959,demographic_sir,0.09470757476517033,7.032648982872788e-46,0.9052924252348324,15.0,,52.0,780.2142857142857,0.014285714285714285
7.043835616438356,demographic_sir,0.09474300626064476,7.467354701629825e-46,0.905256993739358,15.0,,52.0,780.2142857142857,0.014285714285714285
7.046575342465753,demographic_sir,0.09477843636939504,7.929531201760843e-46,0.9052215636306077,15.0,,52.0,780.2142857142857,0.014285714285714285
7.049315068493151,demographic_sir,0.09481386509147544,8.420950881529315e-46,0.9051861349085274,15.0,,52.0,780.2142857142857,0.014285714285714285
7.052054794520548,demographic_sir,0.09484929242694022,8.943502755175796e-46,0.9051507075730626,15.0,,52.0,780.2142857142857,0.014285714285714285
7.054794520547945,demographic_sir,0.09488471837584367,9.499200269455402e-46,0.9051152816241592,15.0,,52.0,780.2142857142857,0.014285714285714285
7.057534246575343,demographic_sir,0.09492014293824004,1.0090189653428904e-45,0.9050798570617627,15.0,,52.0,780.2142857142857,0.014285714285714285
7.06027397260274,demographic_sir,0.09495556611418361,1.071875883850402e-45,0.9050444338858192,15.0,,52.0,780.2142857142857,0.014285714285714285
7.063013698630137,demographic_sir,0.09499098790372863,1.1387346988331649e-45,0.9050090120962743,15.0,,52.0,780.2142857142857,0.014285714285714285
7.065753424657534,demographic_sir,0.09502640830692938,1.2098554680958555e-45,0.9049735916930735,15.0,,52.0,780.2142857142857,0.014285714285714285
7.068493150684931,demographic_sir,0.0950618273238401,1.2855154788628884e-45,0.9049381726761627,15.0,,52.0,780.2142857142857,0.014285714285714285
7.071232876712329,demographic_sir,0.09509724495451506,1.3660104103844995e-45,0.9049027550454878,15.0,,52.0,780.2142857142857,0.014285714285714285
7.073972602739726,demographic_sir,0.09513266119900853,1.4516555763731438e-45,0.9048673388009943,15.0,,52.0,780.2142857142857,0.014285714285714285
7.076712328767123,demographic_sir,0.09516807605737472,1.5427872528438848e-45,0.9048319239426282,15.0,,52.0,780.2142857142857,0.014285714285714285
7.079452054794521,demographic_sir,0.09520348952966791,1.6397640973276646e-45,0.904796510470335,15.0,,52.0,780.2142857142857,0.014285714285714285
7.082191780821918,demographic_sir,0.09523890161594234,1.7429686658502346e-45,0.9047610983840606,15.0,,52.0,780.2142857142857,0.014285714285714285
7.0849315068493155,demographic_sir,0.09527431231625226,1.8528090345239216e-45,0.9047256876837507,15.0,,52.0,780.2142857142857,0.014285714285714285
7.087671232876712,demographic_sir,0.0953097216306519,1.9697205330865902e-45,0.9046902783693511,15.0,,52.0,780.2142857142857,0.014285714285714285
7.090410958904109,demographic_sir,0.09534512955919554,2.094167598244826e-45,0.9046548704408075,15.0,,52.0,780.2142857142857,0.014285714285714285
7.093150684931507,demographic_sir,0.09538053610193738,2.226645755237755e-45,0.9046194638980657,15.0,,52.0,780.2142857142857,0.014285714285714285
7.095890410958904,demographic_sir,0.09541594125893166,2.3676837366399678e-45,0.9045840587410714,15.0,,52.0,780.2142857142857,0.014285714285714285
7.098630136986301,demographic_sir,0.09545134503023264,2.5178457480649733e-45,0.9045486549697704,15.0,,52.0,780.2142857142857,0.014285714285714285
7.101369863013699,demographic_sir,0.09548674741589454,2.6777338911223695e-45,0.9045132525841085,15.0,,52.0,780.2142857142857,0.014285714285714285
7.104109589041096,demographic_sir,0.09552214841597159,2.84799075472283e-45,0.9044778515840315,15.0,,52.0,780.2142857142857,0.014285714285714285
7.1068493150684935,demographic_sir,0.09555754803051802,3.0293021866200507e-45,0.904442451969485,15.0,,52.0,780.2142857142857,0.014285714285714285
7.109589041095891,demographic_sir,0.09559294625958807,3.222400257931666e-45,0.904407053740415,15.0,,52.0,780.2142857142857,0.014285714285714285
7.112328767123287,demographic_sir,0.09562834310323594,3.4280664342960226e-45,0.9043716568967671,15.0,,52.0,780.2142857142857,0.014285714285714285
7.115068493150685,demographic_sir,0.09566373856151586,3.647134968303831e-45,0.9043362614384872,15.0,,52.0,780.2142857142857,0.014285714285714285
7.117808219178082,demographic_sir,0.09569913263448207,3.8804965288955534e-45,0.904300867365521,15.0,,52.0,780.2142857142857,0.014285714285714285
7.120547945205479,demographic_sir,0.09573452532218878,4.1291020845479315e-45,0.9042654746778143,15.0,,52.0,780.2142857142857,0.014285714285714285
7.123287671232877,demographic_sir,0.0957699166246902,4.3939670582835353e-45,0.9042300833753129,15.0,,52.0,780.2142857142857,0.014285714285714285
7.126027397260274,demographic_sir,0.09580530654204054,4.676175773840162e-45,0.9041946934579624,15.0,,52.0,780.2142857142857,0.014285714285714285
7.1287671232876715,demographic_sir,0.09584069507429403,4.976886213733348e-45,0.904159304925709,15.0,,52.0,780.2142857142857,0.014285714285714285
7.131506849315069,demographic_sir,0.09587608222150487,5.297335111444638e-45,0.9041239177784981,15.0,,52.0,780.2142857142857,0.014285714285714285
7.134246575342466,demographic_sir,0.09591146798372725,5.638843401577601e-45,0.9040885320162757,15.0,,52.0,780.2142857142857,0.014285714285714285
7.136986301369863,demographic_sir,0.09594685236101538,6.002822053551049e-45,0.9040531476389876,15.0,,52.0,780.2142857142857,0.014285714285714285
7.13972602739726,demographic_sir,0.0959822353534235,6.390778316254361e-45,0.9040177646465795,15.0,,52.0,780.2142857142857,0.014285714285714285
7.142465753424657,demographic_sir,0.09601761696100578,6.804322403078448e-45,0.9039823830389971,15.0,,52.0,780.2142857142857,0.014285714285714285
7.145205479452055,demographic_sir,0.09605299718381642,7.245174648877848e-45,0.9039470028161865,15.0,,52.0,780.2142857142857,0.014285714285714285
7.147945205479452,demographic_sir,0.09608837602190964,7.715173172710857e-45,0.9039116239780932,15.0,,52.0,780.2142857142857,0.014285714285714285
7.1506849315068495,demographic_sir,0.09612375347533962,8.216282082671981e-45,0.9038762465246633,15.0,,52.0,780.2142857142857,0.014285714285714285
7.153424657534247,demographic_sir,0.09615912954416055,8.750600261777301e-45,0.9038408704558424,15.0,,52.0,780.2142857142857,0.014285714285714285
7.156164383561644,demographic_sir,0.09619450422842664,9.320370776706352e-45,0.9038054957715763,15.0,,52.0,780.2142857142857,0.014285714285714285
7.1589041095890416,demographic_sir,0.09622987752819205,9.927990954257514e-45,0.9037701224718109,15.0,,52.0,780.2142857142857,0.014285714285714285
7.161643835616438,demographic_sir,0.09626524944351098,1.0576023173653349e-44,0.903734750556492,15.0,,52.0,780.2142857142857,0.014285714285714285
7.164383561643835,demographic_sir,0.09630061997443762,1.1267206426356823e-44,0.9036993800255654,15.0,,52.0,780.2142857142857,0.014285714285714285
7.167123287671233,demographic_sir,0.09633598912102616,1.2004468698839408e-44,0.9036640108789769,15.0,,52.0,780.2142857142857,0.014285714285714285
7.16986301369863,demographic_sir,0.09637135688333076,1.2790940237815348e-44,0.9036286431166722,15.0,,52.0,780.2142857142857,0.014285714285714285
7.1726027397260275,demographic_sir,0.0964067232614056,1.3629967761817363e-44,0.9035932767385974,15.0,,52.0,780.2142857142857,0.014285714285714285
7.175342465753425,demographic_sir,0.09644208825530488,1.4525129687687146e-44,0.9035579117446981,15.0,,52.0,780.2142857142857,0.014285714285714285
7.178082191780822,demographic_sir,0.09647745186508275,1.5480252445596055e-44,0.9035225481349203,15.0,,52.0,780.2142857142857,0.014285714285714285
7.1808219178082195,demographic_sir,0.09651281409079338,1.649942796163158e-44,0.9034871859092096,15.0,,52.0,780.2142857142857,0.014285714285714285
7.183561643835617,demographic_sir,0.09654817493249096,1.7587032392809724e-44,0.9034518250675121,15.0,,52.0,780.2142857142857,0.014285714285714285
7.186301369863013,demographic_sir,0.09658353439022964,1.874774620563332e-44,0.9034164656097734,15.0,,52.0,780.2142857142857,0.014285714285714285
7.189041095890411,demographic_sir,0.09661889246406359,1.9986575696047437e-44,0.9033811075359395,15.0,,52.0,780.2142857142857,0.014285714285714285
7.191780821917808,demographic_sir,0.09665424915404698,2.1308876055867752e-44,0.9033457508459561,15.0,,52.0,780.2142857142857,0.014285714285714285
7.1945205479452055,demographic_sir,0.09668960446023397,2.272037609854574e-44,0.9033103955397692,15.0,,52.0,780.2142857142857,0.014285714285714285
7.197260273972603,demographic_sir,0.09672495838267872,2.4227204765479835e-44,0.9032750416173245,15.0,,52.0,780.2142857142857,0.014285714285714285
7.2,demographic_sir,0.09676031092143539,2.5835919543075773e-44,0.9032396890785679,15.0,,52.0,780.2142857142857,0.014285714285714285
7.2027397260273975,demographic_sir,0.09679566207655813,2.755353693041861e-44,0.9032043379234451,15.0,,52.0,780.2142857142857,0.014285714285714285
7.205479452054795,demographic_sir,0.09683101184810107,2.9387565107808546e-44,0.9031689881519022,15.0,,52.0,780.2142857142857,0.014285714285714285
7.208219178082192,demographic_sir,0.09686636023611839,3.134603896758447e-44,0.9031336397638848,15.0,,52.0,780.2142857142857,0.014285714285714285
7.210958904109589,demographic_sir,0.09690170724066423,3.343755768067278e-44,0.9030982927593391,15.0,,52.0,780.2142857142857,0.014285714285714285
7.213698630136986,demographic_sir,0.09693705286179274,3.567132498522511e-44,0.9030629471382104,15.0,,52.0,780.2142857142857,0.014285714285714285
7.2164383561643834,demographic_sir,0.09697239709955806,3.8057192397591626e-44,0.903027602900445,15.0,,52.0,780.2142857142857,0.014285714285714285
7.219178082191781,demographic_sir,0.09700773995401434,4.0605705560848854e-44,0.9029922600459888,15.0,,52.0,780.2142857142857,0.014285714285714285
7.221917808219178,demographic_sir,0.09704308142521571,4.332815396215753e-44,0.9029569185747874,15.0,,52.0,780.2142857142857,0.014285714285714285
7.2246575342465755,demographic_sir,0.09707842151321633,4.623662426753846e-44,0.9029215784867868,15.0,,52.0,780.2142857142857,0.014285714285714285
7.227397260273973,demographic_sir,0.0971137602180703,4.934405754126036e-44,0.9028862397819328,15.0,,52.0,780.2142857142857,0.014285714285714285
7.23013698630137,demographic_sir,0.0971490975398318,5.266431063705749e-44,0.9028509024601714,15.0,,52.0,780.2142857142857,0.014285714285714285
7.232876712328768,demographic_sir,0.09718443347855492,5.621222206994016e-44,0.9028155665214483,15.0,,52.0,780.2142857142857,0.014285714285714285
7.235616438356164,demographic_sir,0.09721976803429379,6.000368270054325e-44,0.9027802319657094,15.0,,52.0,780.2142857142857,0.014285714285714285
7.238356164383561,demographic_sir,0.09725510120710255,6.405571158891583e-44,0.9027448987929007,15.0,,52.0,780.2142857142857,0.014285714285714285
7.241095890410959,demographic_sir,0.09729043299703534,6.838653740147852e-44,0.9027095670029679,15.0,,52.0,780.2142857142857,0.014285714285714285
7.243835616438356,demographic_sir,0.09732576340414627,7.301568578381709e-44,0.902674236595857,15.0,,52.0,780.2142857142857,0.014285714285714285
7.2465753424657535,demographic_sir,0.09736109242848946,7.796407314304214e-44,0.9026389075715138,15.0,,52.0,780.2142857142857,0.014285714285714285
7.249315068493151,demographic_sir,0.09739642007011903,8.325410731695213e-44,0.9026035799298843,15.0,,52.0,780.2142857142857,0.014285714285714285
7.252054794520548,demographic_sir,0.09743174632908909,8.890979564327207e-44,0.9025682536709142,15.0,,52.0,780.2142857142857,0.014285714285714285
7.254794520547946,demographic_sir,0.09746707120545377,9.49568609810435e-44,0.9025329287945495,15.0,,52.0,780.2142857142857,0.014285714285714285
7.257534246575343,demographic_sir,0.09750239469926716,1.0142286627801923e-43,0.9024976053007361,15.0,,52.0,780.2142857142857,0.014285714285714285
7.260273972602739,demographic_sir,0.09753771681058339,1.0833734832289486e-43,0.9024622831894198,15.0,,52.0,780.2142857142857,0.014285714285714285
7.263013698630137,demographic_sir,0.09757303753945658,1.1573196136966178e-43,0.9024269624605465,15.0,,52.0,780.2142857142857,0.014285714285714285
7.265753424657534,demographic_sir,0.0976083568859408,1.2364063137347694e-43,0.9023916431140623,15.0,,52.0,780.2142857142857,0.014285714285714285
7.2684931506849315,demographic_sir,0.09764367485009018,1.3209972163369503e-43,0.9023563251499129,15.0,,52.0,780.2142857142857,0.014285714285714285
7.271232876712329,demographic_sir,0.09767899143195882,1.4114821070012759e-43,0.9023210085680443,15.0,,52.0,780.2142857142857,0.014285714285714285
7.273972602739726,demographic_sir,0.09771430663160083,1.508278834638004e-43,0.9022856933684023,15.0,,52.0,780.2142857142857,0.014285714285714285
7.276712328767124,demographic_sir,0.09774962044907028,1.6118353642365184e-43,0.9022503795509328,15.0,,52.0,780.2142857142857,0.014285714285714285
7.279452054794521,demographic_sir,0.09778493288442128,1.722631981962251e-43,0.9022150671155817,15.0,,52.0,780.2142857142857,0.014285714285714285
7.282191780821917,demographic_sir,0.09782024393770791,1.841183664168546e-43,0.9021797560622952,15.0,,52.0,780.2142857142857,0.014285714285714285
7.284931506849315,demographic_sir,0.09785555360898429,1.9680426226862843e-43,0.9021444463910188,15.0,,52.0,780.2142857142857,0.014285714285714285
7.287671232876712,demographic_sir,0.0978908618983045,2.103801039698756e-43,0.9021091381016986,15.0,,52.0,780.2142857142857,0.014285714285714285
7.2904109589041095,demographic_sir,0.09792616880572261,2.2490940065294204e-43,0.9020738311942804,15.0,,52.0,780.2142857142857,0.014285714285714285
7.293150684931507,demographic_sir,0.09796147433129272,2.4046026817666707e-43,0.9020385256687102,15.0,,52.0,780.2142857142857,0.014285714285714285
7.295890410958904,demographic_sir,0.09799677847506892,2.571057685333621e-43,0.9020032215249341,15.0,,52.0,780.2142857142857,0.014285714285714285
7.298630136986302,demographic_sir,0.09803208123710527,2.749242746385725e-43,0.9019679187628977,15.0,,52.0,780.2142857142857,0.014285714285714285
7.301369863013699,demographic_sir,0.09806738261745587,2.939998624293337e-43,0.9019326173825472,15.0,,52.0,780.2142857142857,0.014285714285714285
7.304109589041096,demographic_sir,0.09810268261617477,3.1442273234476333e-43,0.9018973173838283,15.0,,52.0,780.2142857142857,0.014285714285714285
7.306849315068493,demographic_sir,0.09813798123331606,3.3628966242249904e-43,0.9018620187666869,15.0,,52.0,780.2142857142857,0.014285714285714285
7.30958904109589,demographic_sir,0.09817327846893383,3.597044954166799e-43,0.9018267215310691,15.0,,52.0,780.2142857142857,0.014285714285714285
7.3123287671232875,demographic_sir,0.09820857432308211,3.84778662528597e-43,0.9017914256769208,15.0,,52.0,780.2142857142857,0.014285714285714285
7.315068493150685,demographic_sir,0.09824386879581501,4.116317465414734e-43,0.901756131204188,15.0,,52.0,780.2142857142857,0.014285714285714285
7.317808219178082,demographic_sir,0.09827916188718656,4.403920873663326e-43,0.9017208381128163,15.0,,52.0,780.2142857142857,0.014285714285714285
7.32054794520548,demographic_sir,0.09831445359725086,4.7119743323869555e-43,0.901685546402752,15.0,,52.0,780.2142857142857,0.014285714285714285
7.323287671232877,demographic_sir,0.09834974392606194,5.041956410566772e-43,0.9016502560739409,15.0,,52.0,780.2142857142857,0.014285714285714285
7.326027397260274,demographic_sir,0.09838503287367387,5.3954542962161934e-43,0.9016149671263289,15.0,,52.0,780.2142857142857,0.014285714285714285
7.328767123287672,demographic_sir,0.09842032044014072,5.7741718983420585e-43,0.9015796795598621,15.0,,52.0,780.2142857142857,0.014285714285714285
7.331506849315068,demographic_sir,0.09845560662551653,6.179938562137426e-43,0.9015443933744862,15.0,,52.0,780.2142857142857,0.014285714285714285
7.3342465753424655,demographic_sir,0.09849089142985537,6.614718444478911e-43,0.9015091085701474,15.0,,52.0,780.2142857142857,0.014285714285714285
7.336986301369863,demographic_sir,0.09852617485321129,7.080620600461204e-43,0.9014738251467915,15.0,,52.0,780.2142857142857,0.014285714285714285
7.33972602739726,demographic_sir,0.0985614568956383,7.579909835657257e-43,0.9014385431043644,15.0,,52.0,780.2142857142857,0.014285714285714285
7.342465753424658,demographic_sir,0.0985967375571905,8.1150183830511e-43,0.9014032624428123,15.0,,52.0,780.2142857142857,0.014285714285714285
7.345205479452055,demographic_sir,0.09863201683792192,8.688558468192606e-43,0.901367983162081,15.0,,52.0,780.2142857142857,0.014285714285714285
7.347945205479452,demographic_sir,0.09866729473788657,9.303335831085956e-43,0.9013327052621163,15.0,,52.0,780.2142857142857,0.014285714285714285
7.35068493150685,demographic_sir,0.09870257125713854,9.962364278679658e-43,0.9012974287428643,15.0,,52.0,780.2142857142857,0.014285714285714285
7.353424657534247,demographic_sir,0.09873784639573183,1.0668881347606162e-42,0.9012621536042711,15.0,,52.0,780.2142857142857,0.014285714285714285
7.3561643835616435,demographic_sir,0.09877312015372047,1.1426365163057158e-42,0.9012268798462825,15.0,,52.0,780.2142857142857,0.014285714285714285
7.358904109589041,demographic_sir,0.09880839253115854,1.22385525864158e-42,0.9011916074688444,15.0,,52.0,780.2142857142857,0.014285714285714285
7.361643835616438,demographic_sir,0.09884366352810005,1.3109458751529855e-42,0.901156336471903,15.0,,52.0,780.2142857142857,0.014285714285714285
7.364383561643836,demographic_sir,0.09887893314459902,1.4043398097364179e-42,0.9011210668554039,15.0,,52.0,780.2142857142857,0.014285714285714285
7.367123287671233,demographic_sir,0.09891420138070947,1.504500701323242e-42,0.9010857986192935,15.0,,52.0,780.2142857142857,0.014285714285714285
7.36986301369863,demographic_sir,0.09894946823648545,1.6119268221957334e-42,0.9010505317635176,15.0,,52.0,780.2142857142857,0.014285714285714285
7.372602739726028,demographic_sir,0.09898473371198098,1.727153703618095e-42,0.901015266288022,15.0,,52.0,780.2142857142857,0.014285714285714285
7.375342465753425,demographic_sir,0.09901999780725007,1.8507569633707018e-42,0.9009800021927529,15.0,,52.0,780.2142857142857,0.014285714285714285
7.378082191780822,demographic_sir,0.09905526052234676,1.9833553509270738e-42,0.9009447394776562,15.0,,52.0,780.2142857142857,0.014285714285714285
7.380821917808219,demographic_sir,0.09909052185732503,2.1256140272562898e-42,0.9009094781426779,15.0,,52.0,780.2142857142857,0.014285714285714285
7.383561643835616,demographic_sir,0.09912578181223894,2.278248097576607e-42,0.900874218187764,15.0,,52.0,780.2142857142857,0.014285714285714285
7.3863013698630136,demographic_sir,0.09916104038714248,2.4420264168353163e-42,0.9008389596128605,15.0,,52.0,780.2142857142857,0.014285714285714285
7.389041095890411,demographic_sir,0.09919629758208966,2.617775689257969e-42,0.9008037024179133,15.0,,52.0,780.2142857142857,0.014285714285714285
7.391780821917808,demographic_sir,0.09923155339713449,2.8063848850006413e-42,0.9007684466028685,15.0,,52.0,780.2142857142857,0.014285714285714285
7.394520547945206,demographic_sir,0.09926680783233098,3.008809998767884e-42,0.900733192167672,15.0,,52.0,780.2142857142857,0.014285714285714285
7.397260273972603,demographic_sir,0.09930206088773313,3.2260791772336156e-42,0.9006979391122698,15.0,,52.0,780.2142857142857,0.014285714285714285
7.4,demographic_sir,0.09933731256339497,3.4592982442360775e-42,0.9006626874366079,15.0,,52.0,780.2142857142857,0.014285714285714285
7.402739726027398,demographic_sir,0.09937256285937045,3.7096566550235476e-42,0.9006274371406324,15.0,,52.0,780.2142857142857,0.014285714285714285
7.405479452054794,demographic_sir,0.09940781177571359,3.9784339133188664e-42,0.9005921882242892,15.0,,52.0,780.2142857142857,0.014285714285714285
7.4082191780821915,demographic_sir,0.0994430593124784,4.2670064876638127e-42,0.9005569406875243,15.0,,52.0,780.2142857142857,0.014285714285714285
7.410958904109589,demographic_sir,0.09947830546971886,4.5768552664122615e-42,0.900521694530284,15.0,,52.0,780.2142857142857,0.014285714285714285
7.413698630136986,demographic_sir,0.09951355024748898,4.909573593889013e-42,0.9004864497525139,15.0,,52.0,780.2142857142857,0.014285714285714285
7.416438356164384,demographic_sir,0.09954879364584274,5.266875933627407e-42,0.9004512063541601,15.0,,52.0,780.2142857142857,0.014285714285714285
7.419178082191781,demographic_sir,0.09958403566483412,5.6506072082750774e-42,0.9004159643351687,15.0,,52.0,780.2142857142857,0.014285714285714285
7.421917808219178,demographic_sir,0.09961927630451711,6.062752869728826e-42,0.9003807236954857,15.0,,52.0,780.2142857142857,0.014285714285714285
7.424657534246576,demographic_sir,0.0996545155649457,6.505449757353998e-42,0.9003454844350571,15.0,,52.0,780.2142857142857,0.014285714285714285
7.427397260273973,demographic_sir,0.09968975344617385,6.98099780678674e-42,0.900310246553829,15.0,,52.0,780.2142857142857,0.014285714285714285
7.4301369863013695,demographic_sir,0.09972498994825556,7.491872676837541e-42,0.9002750100517473,15.0,,52.0,780.2142857142857,0.014285714285714285
7.432876712328767,demographic_sir,0.09976022507124481,8.040739367444115e-42,0.9002397749287581,15.0,,52.0,780.2142857142857,0.014285714285714285
7.435616438356164,demographic_sir,0.09979545881519557,8.630466907488532e-42,0.9002045411848073,15.0,,52.0,780.2142857142857,0.014285714285714285
7.438356164383562,demographic_sir,0.0998306911801618,9.264144197647919e-42,0.900169308819841,15.0,,52.0,780.2142857142857,0.014285714285714285
7.441095890410959,demographic_sir,0.09986592216619748,9.94509710030864e-42,0.9001340778338053,15.0,,52.0,780.2142857142857,0.014285714285714285
7.443835616438356,demographic_sir,0.0999011517733566,1.067690687600403e-41,0.9000988482266461,15.0,,52.0,780.2142857142857,0.014285714285714285
7.446575342465754,demographic_sir,0.0999363800016931,1.1463430073868107e-41,0.9000636199983096,15.0,,52.0,780.2142857142857,0.014285714285714285
7.449315068493151,demographic_sir,0.09997160685126094,1.230881999228819e-41,0.9000283931487418,15.0,,52.0,780.2142857142857,0.014285714285714285
7.452054794520548,demographic_sir,0.10000683232211412,1.321754983534094e-41,0.8999931676778886,15.0,,52.0,780.2142857142857,0.014285714285714285
7.454794520547945,demographic_sir,0.10004205641430655,1.4194437700767715e-41,0.8999579435856961,15.0,,52.0,780.2142857142857,0.014285714285714285
7.457534246575342,demographic_sir,0.10007727912789223,1.5244673546253058e-41,0.8999227208721104,15.0,,52.0,780.2142857142857,0.014285714285714285
7.46027397260274,demographic_sir,0.1001125004629251,1.6373848292672224e-41,0.8998874995370776,15.0,,52.0,780.2142857142857,0.014285714285714285
7.463013698630137,demographic_sir,0.1001477204194591,1.758798523587175e-41,0.8998522795805436,15.0,,52.0,780.2142857142857,0.014285714285714285
7.465753424657534,demographic_sir,0.10018293899754821,1.889357395248246e-41,0.8998170610024545,15.0,,52.0,780.2142857142857,0.014285714285714285
7.468493150684932,demographic_sir,0.10021815619724636,2.029760690036478e-41,0.8997818438027564,15.0,,52.0,780.2142857142857,0.014285714285714285
7.471232876712329,demographic_sir,0.1002533720186075,2.18076189306212e-41,0.8997466279813952,15.0,,52.0,780.2142857142857,0.014285714285714285
7.473972602739726,demographic_sir,0.10028858646168558,2.3431729945794726e-41,0.8997114135383171,15.0,,52.0,780.2142857142857,0.014285714285714285
7.476712328767124,demographic_sir,0.10032379952653454,2.517869095801502e-41,0.8996762004734681,15.0,,52.0,780.2142857142857,0.014285714285714285
7.47945205479452,demographic_sir,0.10035901121320831,2.705793382157676e-41,0.8996409887867943,15.0,,52.0,780.2142857142857,0.014285714285714285
7.482191780821918,demographic_sir,0.10039422152176086,2.9079624936875593e-41,0.8996057784782417,15.0,,52.0,780.2142857142857,0.014285714285714285
7.484931506849315,demographic_sir,0.10042943045224612,3.125472324690675e-41,0.8995705695477565,15.0,,52.0,780.2142857142857,0.014285714285714285
7.487671232876712,demographic_sir,0.10046463800471801,3.359504287385649e-41,0.8995353619952846,15.0,,52.0,780.2142857142857,0.014285714285714285
7.49041095890411,demographic_sir,0.10049984417923047,3.611332077177961e-41,0.8995001558207721,15.0,,52.0,780.2142857142857,0.014285714285714285
7.493150684931507,demographic_sir,0.10053504897583743,3.882328980221526e-41,0.8994649510241652,15.0,,52.0,780.2142857142857,0.014285714285714285
7.495890410958904,demographic_sir,0.10057025239459282,4.173975767299691e-41,0.89942974760541,15.0,,52.0,780.2142857142857,0.014285714285714285
7.498630136986302,demographic_sir,0.10060545443555055,4.4878692216696497e-41,0.8993945455644522,15.0,,52.0,780.2142857142857,0.014285714285714285
7.501369863013699,demographic_sir,0.10064065509876458,4.825731352433603e-41,0.8993593449012381,15.0,,52.0,780.2142857142857,0.014285714285714285
7.504109589041096,demographic_sir,0.10067585438428878,5.189419349245444e-41,0.8993241456157139,15.0,,52.0,780.2142857142857,0.014285714285714285
7.506849315068493,demographic_sir,0.10071105229217713,5.580936338761891e-41,0.8992889477078256,15.0,,52.0,780.2142857142857,0.014285714285714285
7.50958904109589,demographic_sir,0.1007462488224835,6.002443008227385e-41,0.8992537511775193,15.0,,52.0,780.2142857142857,0.014285714285714285
7.512328767123288,demographic_sir,0.10078144397526183,6.456270166984933e-41,0.899218556024741,15.0,,52.0,780.2142857142857,0.014285714285714285
7.515068493150685,demographic_sir,0.10081663775056604,6.94493232255082e-41,0.8991833622494368,15.0,,52.0,780.2142857142857,0.014285714285714285
7.517808219178082,demographic_sir,0.10085183014845002,7.471142354232419e-41,0.8991481698515529,15.0,,52.0,780.2142857142857,0.014285714285714285
7.52054794520548,demographic_sir,0.1008870211689677,8.037827374137001e-41,0.8991129788310352,15.0,,52.0,780.2142857142857,0.014285714285714285
7.523287671232877,demographic_sir,0.10092221081217297,8.648145872864369e-41,0.89907778918783,15.0,,52.0,780.2142857142857,0.014285714285714285
7.526027397260274,demographic_sir,0.10095739907811972,9.305506255244889e-41,0.8990426009218832,15.0,,52.0,780.2142857142857,0.014285714285714285
7.528767123287671,demographic_sir,0.1009925859668619,1.0013586880232154e-40,0.899007414033141,15.0,,52.0,780.2142857142857,0.014285714285714285
7.531506849315068,demographic_sir,0.1010277714784534,1.077635772853553e-40,0.8989722285215495,15.0,,52.0,780.2142857142857,0.014285714285714285
7.534246575342466,demographic_sir,0.1010629556129481,1.1598103831862942e-40,0.8989370443870547,15.0,,52.0,780.2142857142857,0.014285714285714285
7.536986301369863,demographic_sir,0.10109813837039991,1.2483450608779088e-40,0.8989018616296028,15.0,,52.0,780.2142857142857,0.014285714285714285
7.53972602739726,demographic_sir,0.1011333197508627,1.34373912642692e-40,0.8988666802491401,15.0,,52.0,780.2142857142857,0.014285714285714285
7.542465753424658,demographic_sir,0.1011684997543904,1.4465316423195747e-40,0.8988315002456123,15.0,,52.0,780.2142857142857,0.014285714285714285
7.545205479452055,demographic_sir,0.10120367838103689,1.5573046182039389e-40,0.8987963216189658,15.0,,52.0,780.2142857142857,0.014285714285714285
7.5479452054794525,demographic_sir,0.10123885563085605,1.6766864778718358e-40,0.8987611443691467,15.0,,52.0,780.2142857142857,0.014285714285714285
7.550684931506849,demographic_sir,0.10127403150390174,1.8053558096984643e-40,0.898725968496101,15.0,,52.0,780.2142857142857,0.014285714285714285
7.553424657534246,demographic_sir,0.10130920600022789,1.9440454240015714e-40,0.8986907939997748,15.0,,52.0,780.2142857142857,0.014285714285714285
7.556164383561644,demographic_sir,0.10134437911988836,2.093546742746279e-40,0.8986556208801143,15.0,,52.0,780.2142857142857,0.014285714285714285
7.558904109589041,demographic_sir,0.10137955086293705,2.2547145491547505e-40,0.8986204491370656,15.0,,52.0,780.2142857142857,0.014285714285714285
7.561643835616438,demographic_sir,0.10141472122942782,2.4284721270908025e-40,0.8985852787705749,15.0,,52.0,780.2142857142857,0.014285714285714285
7.564383561643836,demographic_sir,0.10144989021941456,2.6158168225990977e-40,0.8985501097805881,15.0,,52.0,780.2142857142857,0.014285714285714285
7.567123287671233,demographic_sir,0.10148505783295111,2.817826062700011e-40,0.8985149421670515,15.0,,52.0,780.2142857142857,0.014285714285714285
7.5698630136986305,demographic_sir,0.10152022407009138,3.035663869494503e-40,0.8984797759299112,15.0,,52.0,780.2142857142857,0.014285714285714285
7.572602739726028,demographic_sir,0.10155538893088922,3.270587910837826e-40,0.8984446110691134,15.0,,52.0,780.2142857142857,0.014285714285714285
7.575342465753424,demographic_sir,0.1015905524153985,3.5239571323182414e-40,0.8984094475846042,15.0,,52.0,780.2142857142857,0.014285714285714285
7.578082191780822,demographic_sir,0.10162571452367308,3.7972400190514166e-40,0.8983742854763296,15.0,,52.0,780.2142857142857,0.014285714285714285
7.580821917808219,demographic_sir,0.10166087525576685,4.092023539895299e-40,0.8983391247442358,15.0,,52.0,780.2142857142857,0.014285714285714285
7.583561643835616,demographic_sir,0.10169603461173365,4.410022831138824e-40,0.898303965388269,15.0,,52.0,780.2142857142857,0.014285714285714285
7.586301369863014,demographic_sir,0.10173119259162734,4.753091681540611e-40,0.8982688074083752,15.0,,52.0,780.2142857142857,0.014285714285714285
7.589041095890411,demographic_sir,0.10176634919550179,5.123233885833967e-40,0.8982336508045008,15.0,,52.0,780.2142857142857,0.014285714285714285
7.5917808219178085,demographic_sir,0.10180150442341084,5.522615539500938e-40,0.8981984955765918,15.0,,52.0,780.2142857142857,0.014285714285714285
7.594520547945206,demographic_sir,0.10183665827540833,5.953578353792594e-40,0.8981633417245943,15.0,,52.0,780.2142857142857,0.014285714285714285
7.597260273972603,demographic_sir,0.10187181075154812,6.418654076676625e-40,0.8981281892484545,15.0,,52.0,780.2142857142857,0.014285714285714285
7.6,demographic_sir,0.10190696185188407,6.920580112672576e-40,0.8980930381481185,15.0,,52.0,780.2142857142857,0.014285714285714285
7.602739726027397,demographic_sir,0.10194211157647003,7.462316442441083e-40,0.8980578884235325,15.0,,52.0,780.2142857142857,0.014285714285714285
7.605479452054794,demographic_sir,0.10197725992535983,8.047063951574586e-40,0.8980227400746427,15.0,,52.0,780.2142857142857,0.014285714285714285
7.608219178082192,demographic_sir,0.10201240689860733,8.678284287366246e-40,0.8979875931013952,15.0,,52.0,780.2142857142857,0.014285714285714285
7.610958904109589,demographic_sir,0.10204755249626635,9.359721372454692e-40,0.8979524475037362,15.0,,52.0,780.2142857142857,0.014285714285714285
7.6136986301369864,demographic_sir,0.10208269671839074,1.0095424715245391e-39,0.8979173032816117,15.0,,52.0,780.2142857142857,0.014285714285714285
7.616438356164384,demographic_sir,0.10211783956503433,1.0889774668957146e-39,0.8978821604349682,15.0,,52.0,780.2142857142857,0.014285714285714285
7.619178082191781,demographic_sir,0.10215298103625095,1.1747509804123333e-39,0.8978470189637515,15.0,,52.0,780.2142857142857,0.014285714285714285
7.6219178082191785,demographic_sir,0.10218812113209444,1.267375657348044e-39,0.897811878867908,15.0,,52.0,780.2142857142857,0.014285714285714285
7.624657534246575,demographic_sir,0.10222325985261861,1.367406146349921e-39,0.8977767401473838,15.0,,52.0,780.2142857142857,0.014285714285714285
7.627397260273972,demographic_sir,0.10225839719787733,1.475442584346602e-39,0.8977416028021251,15.0,,52.0,780.2142857142857,0.014285714285714285
7.63013698630137,demographic_sir,0.10229353316792439,1.5921343741108014e-39,0.897706466832078,15.0,,52.0,780.2142857142857,0.014285714285714285
7.632876712328767,demographic_sir,0.10232866776281363,1.7181842793429294e-39,0.8976713322371888,15.0,,52.0,780.2142857142857,0.014285714285714285
7.635616438356164,demographic_sir,0.10236380098259887,1.8543528642783284e-39,0.8976361990174035,15.0,,52.0,780.2142857142857,0.014285714285714285
7.638356164383562,demographic_sir,0.10239893282733392,2.001463307143924e-39,0.8976010671726685,15.0,,52.0,780.2142857142857,0.014285714285714285
7.641095890410959,demographic_sir,0.1024340632970726,2.16040661931443e-39,0.8975659367029298,15.0,,52.0,780.2142857142857,0.014285714285714285
7.6438356164383565,demographic_sir,0.10246919239186872,2.3321473047626058e-39,0.8975308076081338,15.0,,52.0,780.2142857142857,0.014285714285714285
7.646575342465754,demographic_sir,0.1025043201117761,2.517729497381442e-39,0.8974956798882263,15.0,,52.0,780.2142857142857,0.014285714285714285
7.64931506849315,demographic_sir,0.10253944645684854,2.7182836169995764e-39,0.8974605535431539,15.0,,52.0,780.2142857142857,0.014285714285714285
7.652054794520548,demographic_sir,0.10257457142713987,2.9350335884382486e-39,0.8974254285728626,15.0,,52.0,780.2142857142857,0.014285714285714285
7.654794520547945,demographic_sir,0.10260969502270388,3.169304671791237e-39,0.8973903049772985,15.0,,52.0,780.2142857142857,0.014285714285714285
7.657534246575342,demographic_sir,0.10264481724359438,3.422531956281231e-39,0.8973551827564081,15.0,,52.0,780.2142857142857,0.014285714285714285
7.66027397260274,demographic_sir,0.10267993808986517,3.696269574578334e-39,0.8973200619101374,15.0,,52.0,780.2142857142857,0.014285714285714285
7.663013698630137,demographic_sir,0.10271505756157005,3.9922006993992987e-39,0.8972849424384325,15.0,,52.0,780.2142857142857,0.014285714285714285
7.6657534246575345,demographic_sir,0.10275017565876282,4.312148389569398e-39,0.8972498243412397,15.0,,52.0,780.2142857142857,0.014285714285714285
7.668493150684932,demographic_sir,0.10278529238149728,4.6580873585631e-39,0.8972147076185052,15.0,,52.0,780.2142857142857,0.014285714285714285
7.671232876712329,demographic_sir,0.10282040772982722,5.0321567448861016e-39,0.8971795922701753,15.0,,52.0,780.2142857142857,0.014285714285714285
7.673972602739726,demographic_sir,0.10285552170380641,5.436673970565073e-39,0.8971444782961961,15.0,,52.0,780.2142857142857,0.014285714285714285
7.676712328767123,demographic_sir,0.10289063430348867,5.874149781523532e-39,0.8971093656965139,15.0,,52.0,780.2142857142857,0.014285714285714285
7.67945205479452,demographic_sir,0.10292574552892779,6.347304571791559e-39,0.8970742544710748,15.0,,52.0,780.2142857142857,0.014285714285714285
7.682191780821918,demographic_sir,0.10296085538017753,6.859086102393672e-39,0.897039144619825,15.0,,52.0,780.2142857142857,0.014285714285714285
7.684931506849315,demographic_sir,0.10299596385729169,7.412688735430534e-39,0.8970040361427108,15.0,,52.0,780.2142857142857,0.014285714285714285
7.6876712328767125,demographic_sir,0.10303107096032406,8.01157431440251e-39,0.8969689290396785,15.0,,52.0,780.2142857142857,0.014285714285714285
7.69041095890411,demographic_sir,0.10306617668932838,8.659494833281753e-39,0.8969338233106742,15.0,,52.0,780.2142857142857,0.014285714285714285
7.693150684931507,demographic_sir,0.10310128104435846,9.360517049312024e-39,0.8968987189556441,15.0,,52.0,780.2142857142857,0.014285714285714285
7.695890410958905,demographic_sir,0.10313638402546808,1.0119049208091148e-38,0.8968636159745346,15.0,,52.0,780.2142857142857,0.014285714285714285
7.698630136986301,demographic_sir,0.10317148563271099,1.0939870064268387e-38,0.8968285143672917,15.0,,52.0,780.2142857142857,0.014285714285714285
7.701369863013698,demographic_sir,0.10320658586614097,1.1828160397278003e-38,0.8967934141338617,15.0,,52.0,780.2142857142857,0.014285714285714285
7.704109589041096,demographic_sir,0.1032416847258118,1.2789537239038398e-38,0.8967583152741908,15.0,,52.0,780.2142857142857,0.014285714285714285
7.706849315068493,demographic_sir,0.10327678221177723,1.383009104962387e-38,0.8967232177882254,15.0,,52.0,780.2142857142857,0.014285714285714285
7.7095890410958905,demographic_sir,0.10331187832409104,1.4956426097669038e-38,0.8966881216759115,15.0,,52.0,780.2142857142857,0.014285714285714285
7.712328767123288,demographic_sir,0.10334697306280698,1.6175704324879707e-38,0.8966530269371956,15.0,,52.0,780.2142857142857,0.014285714285714285
7.715068493150685,demographic_sir,0.1033820664279788,1.749569299864212e-38,0.8966179335720238,15.0,,52.0,780.2142857142857,0.014285714285714285
7.717808219178083,demographic_sir,0.10341715841966027,1.8924816483535593e-38,0.8965828415803423,15.0,,52.0,780.2142857142857,0.014285714285714285
7.72054794520548,demographic_sir,0.10345224903790515,2.0472212491756096e-38,0.8965477509620974,15.0,,52.0,780.2142857142857,0.014285714285714285
7.723287671232876,demographic_sir,0.10348733828276718,2.2147793204265702e-38,0.8965126617172353,15.0,,52.0,780.2142857142857,0.014285714285714285
7.726027397260274,demographic_sir,0.10352242615430013,2.396231168913455e-38,0.8964775738457024,15.0,,52.0,780.2142857142857,0.014285714285714285
7.728767123287671,demographic_sir,0.10355751265255775,2.5927434081274387e-38,0.8964424873474448,15.0,,52.0,780.2142857142857,0.014285714285714285
7.7315068493150685,demographic_sir,0.10359259777759378,2.8055818028901484e-38,0.8964074022224088,15.0,,52.0,780.2142857142857,0.014285714285714285
7.734246575342466,demographic_sir,0.10362768152946196,3.0361197956848277e-38,0.8963723184705406,15.0,,52.0,780.2142857142857,0.014285714285714285
7.736986301369863,demographic_sir,0.10366276390821604,3.285847774566799e-38,0.8963372360917865,15.0,,52.0,780.2142857142857,0.014285714285714285
7.739726027397261,demographic_sir,0.10369784491390975,3.556383147866342e-38,0.8963021550860928,15.0,,52.0,780.2142857142857,0.014285714285714285
7.742465753424658,demographic_sir,0.10373292454659684,3.8494812966935253e-38,0.8962670754534057,15.0,,52.0,780.2142857142857,0.014285714285714285
7.745205479452055,demographic_sir,0.10376800280633106,4.167047482571475e-38,0.8962319971936714,15.0,,52.0,780.2142857142857,0.014285714285714285
7.747945205479452,demographic_sir,0.1038030796931661,4.511149794409213e-38,0.8961969203068364,15.0,,52.0,780.2142857142857,0.014285714285714285
7.750684931506849,demographic_sir,0.10383815520715574,4.884033226530126e-38,0.8961618447928468,15.0,,52.0,780.2142857142857,0.014285714285714285
7.7534246575342465,demographic_sir,0.10387322934835369,5.28813498764951e-38,0.8961267706516488,15.0,,52.0,780.2142857142857,0.014285714285714285
7.756164383561644,demographic_sir,0.10390830211681369,5.726101149615476e-38,0.8960916978831888,15.0,,52.0,780.2142857142857,0.014285714285714285
7.758904109589041,demographic_sir,0.10394337351258946,6.200804754444648e-38,0.896056626487413,15.0,,52.0,780.2142857142857,0.014285714285714285
7.761643835616439,demographic_sir,0.10397844353573472,6.715365508784949e-38,0.8960215564642677,15.0,,52.0,780.2142857142857,0.014285714285714285
7.764383561643836,demographic_sir,0.1040135121863032,7.273171206492976e-38,0.8959864878136993,15.0,,52.0,780.2142857142857,0.014285714285714285
7.767123287671233,demographic_sir,0.1040485794643486,7.877901032614368e-38,0.8959514205356538,15.0,,52.0,780.2142857142857,0.014285714285714285
7.769863013698631,demographic_sir,0.10408364536992468,8.533550915796609e-38,0.8959163546300777,15.0,,52.0,780.2142857142857,0.014285714285714285
7.772602739726027,demographic_sir,0.10411870990308511,9.244461111148916e-38,0.8958812900969172,15.0,,52.0,780.2142857142857,0.014285714285714285
7.7753424657534245,demographic_sir,0.10415377306388363,1.0015346211909316e-37,0.8958462269361186,15.0,,52.0,780.2142857142857,0.014285714285714285
7.778082191780822,demographic_sir,0.10418883485237393,1.0851327806100392e-37,0.8958111651476284,15.0,,52.0,780.2142857142857,0.014285714285714285
7.780821917808219,demographic_sir,0.10422389526860976,1.175797001380819e-37,0.8957761047313926,15.0,,52.0,780.2142857142857,0.014285714285714285
7.7835616438356166,demographic_sir,0.10425895431264479,1.274131816192237e-37,0.8957410456873575,15.0,,52.0,780.2142857142857,0.014285714285714285
7.786301369863014,demographic_sir,0.10429401198453273,1.3807940876321207e-37,0.8957059880154695,15.0,,52.0,780.2142857142857,0.014285714285714285
7.789041095890411,demographic_sir,0.1043290682843273,1.4964975896730296e-37,0.895670931715675,15.0,,52.0,780.2142857142857,0.014285714285714285
7.791780821917809,demographic_sir,0.10436412321208219,1.6220179947030736e-37,0.8956358767879202,15.0,,52.0,780.2142857142857,0.014285714285714285
7.794520547945205,demographic_sir,0.10439917676785108,1.7581983023850054e-37,0.8956008232321514,15.0,,52.0,780.2142857142857,0.014285714285714285
7.7972602739726025,demographic_sir,0.1044342289516877,1.90595474990729e-37,0.8955657710483148,15.0,,52.0,780.2142857142857,0.014285714285714285
7.8,demographic_sir,0.10446927976364576,2.066283246769494e-37,0.8955307202363568,15.0,,52.0,780.2142857142857,0.014285714285714285
7.802739726027397,demographic_sir,0.1045043292037789,2.240266381152623e-37,0.8954956707962236,15.0,,52.0,780.2142857142857,0.014285714285714285
7.8054794520547945,demographic_sir,0.10453937727214085,2.4290810491875778e-37,0.8954606227278616,15.0,,52.0,780.2142857142857,0.014285714285714285
7.808219178082192,demographic_sir,0.10457442396878529,2.6340067630902313e-37,0.8954255760312172,15.0,,52.0,780.2142857142857,0.014285714285714285
7.810958904109589,demographic_sir,0.1046094692937659,2.8564346992122066e-37,0.8953905307062365,15.0,,52.0,780.2142857142857,0.014285714285714285
7.813698630136987,demographic_sir,0.10464451324713636,3.097877552603215e-37,0.8953554867528661,15.0,,52.0,780.2142857142857,0.014285714285714285
7.816438356164384,demographic_sir,0.10467955582895036,3.359980270736609e-37,0.895320444171052,15.0,,52.0,780.2142857142857,0.014285714285714285
7.8191780821917805,demographic_sir,0.10471459703926156,3.6445317456616874e-37,0.8952854029607408,15.0,,52.0,780.2142857142857,0.014285714285714285
7.821917808219178,demographic_sir,0.10474963687812366,3.9534775510667156e-37,0.8952503631218787,15.0,,52.0,780.2142857142857,0.014285714285714285
7.824657534246575,demographic_sir,0.10478467534559034,4.2889338186186235e-37,0.895215324654412,15.0,,52.0,780.2142857142857,0.014285714285714285
7.8273972602739725,demographic_sir,0.10481971244171527,4.6532023565584495e-37,0.895180287558287,15.0,,52.0,780.2142857142857,0.014285714285714285
7.83013698630137,demographic_sir,0.10485474816655213,5.048787122931623e-37,0.8951452518334502,15.0,,52.0,780.2142857142857,0.014285714285714285
7.832876712328767,demographic_sir,0.10488978252015457,5.478412176104541e-37,0.8951102174798476,15.0,,52.0,780.2142857142857,0.014285714285714285
7.835616438356165,demographic_sir,0.10492481550257626,5.945041236436655e-37,0.895075184497426,15.0,,52.0,780.2142857142857,0.014285714285714285
7.838356164383562,demographic_sir,0.10495984711387088,6.451899005232075e-37,0.8950401528861314,15.0,,52.0,780.2142857142857,0.014285714285714285
7.841095890410959,demographic_sir,0.10499487735409209,7.002494400482354e-37,0.8950051226459101,15.0,,52.0,780.2142857142857,0.014285714285714285
7.843835616438356,demographic_sir,0.10502990622329353,7.600645883538242e-37,0.8949700937767087,15.0,,52.0,780.2142857142857,0.014285714285714285
7.846575342465753,demographic_sir,0.10506493372152888,8.250509066830425e-37,0.8949350662784733,15.0,,52.0,780.2142857142857,0.014285714285714285
7.8493150684931505,demographic_sir,0.1050999598488518,8.956606810216912e-37,0.8949000401511503,15.0,,52.0,780.2142857142857,0.014285714285714285
7.852054794520548,demographic_sir,0.10513498460531594,9.723862032623055e-37,0.8948650153946862,15.0,,52.0,780.2142857142857,0.014285714285714285
7.854794520547945,demographic_sir,0.10517000799097495,1.0557633486486215e-36,0.8948299920090272,15.0,,52.0,780.2142857142857,0.014285714285714285
7.857534246575343,demographic_sir,0.10520503000588248,1.1463754765311184e-36,0.8947949699941197,15.0,,52.0,780.2142857142857,0.014285714285714285
7.86027397260274,demographic_sir,0.10524005065009218,1.2448576839550251e-36,0.89475994934991,15.0,,52.0,780.2142857142857,0.014285714285714285
7.863013698630137,demographic_sir,0.10527506992365769,1.351901444324904e-36,0.8947249300763445,15.0,,52.0,780.2142857142857,0.014285714285714285
7.865753424657535,demographic_sir,0.10531008782663266,1.4682596663661996e-36,0.8946899121733695,15.0,,52.0,780.2142857142857,0.014285714285714285
7.868493150684931,demographic_sir,0.10534510435907074,1.594752211857777e-36,0.8946548956409314,15.0,,52.0,780.2142857142857,0.014285714285714285
7.8712328767123285,demographic_sir,0.10538011952102556,1.732271914166967e-36,0.8946198804789766,15.0,,52.0,780.2142857142857,0.014285714285714285
7.873972602739726,demographic_sir,0.10541513331255077,1.8817911435070477e-36,0.8945848666874514,15.0,,52.0,780.2142857142857,0.014285714285714285
7.876712328767123,demographic_sir,0.1054501457337,2.0443689690912237e-36,0.8945498542663022,15.0,,52.0,780.2142857142857,0.014285714285714285
7.879452054794521,demographic_sir,0.10548515678452688,2.2211589730060717e-36,0.8945148432154754,15.0,,52.0,780.2142857142857,0.014285714285714285
7.882191780821918,demographic_sir,0.10552016646508504,2.4134177757138445e-36,0.8944798335349172,15.0,,52.0,780.2142857142857,0.014285714285714285
7.884931506849315,demographic_sir,0.10555517477542811,2.6225143386546086e-36,0.8944448252245741,15.0,,52.0,780.2142857142857,0.014285714285714285
7.887671232876713,demographic_sir,0.10559018171560973,2.849940115502466e-36,0.8944098182843925,15.0,,52.0,780.2142857142857,0.014285714285714285
7.89041095890411,demographic_sir,0.10562518728568351,3.097320130284034e-36,0.8943748127143187,15.0,,52.0,780.2142857142857,0.014285714285714285
7.8931506849315065,demographic_sir,0.10566019148570308,3.366425067845908e-36,0.8943398085142992,15.0,,52.0,780.2142857142857,0.014285714285714285
7.895890410958904,demographic_sir,0.10569519431572207,3.659184470121049e-36,0.8943048056842802,15.0,,52.0,780.2142857142857,0.014285714285714285
7.898630136986301,demographic_sir,0.10573019577579408,3.9777011403535566e-36,0.8942698042242081,15.0,,52.0,780.2142857142857,0.014285714285714285
7.901369863013699,demographic_sir,0.10576519586597274,4.324266866975641e-36,0.8942348041340294,15.0,,52.0,780.2142857142857,0.014285714285714285
7.904109589041096,demographic_sir,0.10580019458631168,4.7013795892566064e-36,0.8941998054136905,15.0,,52.0,780.2142857142857,0.014285714285714285
7.906849315068493,demographic_sir,0.10583519193686448,5.111762138257641e-36,0.8941648080631377,15.0,,52.0,780.2142857142857,0.014285714285714285
7.909589041095891,demographic_sir,0.10587018791768478,5.558382699114442e-36,0.8941298120823175,15.0,,52.0,780.2142857142857,0.014285714285714285
7.912328767123288,demographic_sir,0.10590518252882618,6.044477154337842e-36,0.8940948174711761,15.0,,52.0,780.2142857142857,0.014285714285714285
7.915068493150685,demographic_sir,0.10594017577034227,6.573573482782173e-36,0.89405982422966,15.0,,52.0,780.2142857142857,0.014285714285714285
7.917808219178082,demographic_sir,0.10597516764228666,7.149518405305321e-36,0.8940248323577157,15.0,,52.0,780.2142857142857,0.014285714285714285
7.920547945205479,demographic_sir,0.10601015814471298,7.776506486069865e-36,0.8939898418552893,15.0,,52.0,780.2142857142857,0.014285714285714285
7.923287671232877,demographic_sir,0.10604514727767482,8.459111918052744e-36,0.8939548527223274,15.0,,52.0,780.2142857142857,0.014285714285714285
7.926027397260274,demographic_sir,0.10608013504122575,9.20232324281957e-36,0.8939198649587765,15.0,,52.0,780.2142857142857,0.014285714285714285
7.928767123287671,demographic_sir,0.10611512143541939,1.001158127813352e-35,0.8938848785645829,15.0,,52.0,780.2142857142857,0.014285714285714285
7.931506849315069,demographic_sir,0.10615010646030934,1.0892820552726103e-35,0.8938498935396929,15.0,,52.0,780.2142857142857,0.014285714285714285
7.934246575342466,demographic_sir,0.10618509011594918,1.1852514575756705e-35,0.8938149098840531,15.0,,52.0,780.2142857142857,0.014285714285714285
7.936986301369863,demographic_sir,0.10622007240239249,1.2897725299370807e-35,0.8937799275976097,15.0,,52.0,780.2142857142857,0.014285714285714285
7.939726027397261,demographic_sir,0.10625505331969287,1.4036157166589024e-35,0.8937449466803093,15.0,,52.0,780.2142857142857,0.014285714285714285
7.942465753424657,demographic_sir,0.10629003286790391,1.5276216173802672e-35,0.8937099671320984,15.0,,52.0,780.2142857142857,0.014285714285714285
7.945205479452055,demographic_sir,0.10632501104707918,1.6627074417729917e-35,0.8936749889529231,15.0,,52.0,780.2142857142857,0.014285714285714285
7.947945205479452,demographic_sir,0.1063599878572723,1.8098740641124618e-35,0.89364001214273,15.0,,52.0,780.2142857142857,0.014285714285714285
7.950684931506849,demographic_sir,0.1063949632985368,1.9702137340234637e-35,0.8936050367014656,15.0,,52.0,780.2142857142857,0.014285714285714285
7.953424657534247,demographic_sir,0.10642993737092628,2.1449185050335827e-35,0.8935700626290761,15.0,,52.0,780.2142857142857,0.014285714285714285
7.956164383561644,demographic_sir,0.10646491007449431,2.335289448412112e-35,0.8935350899255081,15.0,,52.0,780.2142857142857,0.014285714285714285
7.958904109589041,demographic_sir,0.10649988140929446,2.542746726176015e-35,0.893500118590708,15.0,,52.0,780.2142857142857,0.014285714285714285
7.961643835616439,demographic_sir,0.10653485137538032,2.768840604161812e-35,0.8934651486246221,15.0,,52.0,780.2142857142857,0.014285714285714285
7.964383561643836,demographic_sir,0.10656981997280544,3.0152634937522593e-35,0.893430180027197,15.0,,52.0,780.2142857142857,0.014285714285714285
7.967123287671233,demographic_sir,0.10660478720162339,3.283863119274356e-35,0.8933952127983791,15.0,,52.0,780.2142857142857,0.014285714285714285
7.96986301369863,demographic_sir,0.10663975306188775,3.5766569173228266e-35,0.8933602469381147,15.0,,52.0,780.2142857142857,0.014285714285714285
7.972602739726027,demographic_sir,0.10667471755365206,3.8958477843859214e-35,0.8933252824463503,15.0,,52.0,780.2142857142857,0.014285714285714285
7.975342465753425,demographic_sir,0.1067096806769699,4.2438413002516757e-35,0.8932903193230325,15.0,,52.0,780.2142857142857,0.014285714285714285
7.978082191780822,demographic_sir,0.10674464243189481,4.623264566836119e-35,0.8932553575681076,15.0,,52.0,780.2142857142857,0.014285714285714285
7.980821917808219,demographic_sir,0.10677960281848037,5.036986815414957e-35,0.8932203971815221,15.0,,52.0,780.2142857142857,0.014285714285714285
7.983561643835617,demographic_sir,0.1068145618367801,5.488141949863662e-35,0.8931854381632224,15.0,,52.0,780.2142857142857,0.014285714285714285
7.986301369863014,demographic_sir,0.10684951948684758,5.980153209545834e-35,0.8931504805131549,15.0,,52.0,780.2142857142857,0.014285714285714285
7.9890410958904114,demographic_sir,0.10688447576873636,6.516760153072636e-35,0.8931155242312662,15.0,,52.0,780.2142857142857,0.014285714285714285
7.991780821917808,demographic_sir,0.10691943068249997,7.102048183437875e-35,0.8930805693175026,15.0,,52.0,780.2142857142857,0.014285714285714285
7.994520547945205,demographic_sir,0.10695438422819196,7.740480856181159e-35,0.8930456157718106,15.0,,52.0,780.2142857142857,0.014285714285714285
7.997260273972603,demographic_sir,0.1069893364058659,8.436935235420579e-35,0.8930106635941367,15.0,,52.0,780.2142857142857,0.014285714285714285
8.0,demographic_sir,0.1070242872155753,9.196740588042353e-35,0.8929757127844272,15.0,,52.0,780.2142857142857,0.014285714285714285
8.002739726027396,demographic_sir,0.10705923665737371,1.0025720734233274e-34,0.8929407633426288,15.0,,52.0,780.2142857142857,0.014285714285714285
8.005479452054795,demographic_sir,0.1070941847313147,1.093024040316008e-34,0.892905815268688,15.0,,52.0,780.2142857142857,0.014285714285714285
8.008219178082191,demographic_sir,0.10712913143745173,1.1917255976174568e-34,0.8928708685625509,15.0,,52.0,780.2142857142857,0.014285714285714285
8.01095890410959,demographic_sir,0.10716407677583842,1.2994371036788877e-34,0.8928359232241642,15.0,,52.0,780.2142857142857,0.014285714285714285
8.013698630136986,demographic_sir,0.10719902074652823,1.416989718706597e-34,0.8928009792534743,15.0,,52.0,780.2142857142857,0.014285714285714285
8.016438356164384,demographic_sir,0.10723396334957475,1.5452920634472147e-34,0.8927660366504279,15.0,,52.0,780.2142857142857,0.014285714285714285
8.01917808219178,demographic_sir,0.10726890458503144,1.6853375101880347e-34,0.8927310954149711,15.0,,52.0,780.2142857142857,0.014285714285714285
8.021917808219179,demographic_sir,0.10730384445295188,1.8382121666889862e-34,0.8926961555470506,15.0,,52.0,780.2142857142857,0.014285714285714285
8.024657534246575,demographic_sir,0.10733878295338956,2.005103619521804e-34,0.8926612170466129,15.0,,52.0,780.2142857142857,0.014285714285714285
8.027397260273972,demographic_sir,0.107373720086398,2.1873105097340143e-34,0.8926262799136044,15.0,,52.0,780.2142857142857,0.014285714285714285
8.03013698630137,demographic_sir,0.10740865585203077,2.386253020815608e-34,0.8925913441479717,15.0,,52.0,780.2142857142857,0.014285714285714285
8.032876712328767,demographic_sir,0.10744359025034132,2.6034843667055045e-34,0.8925564097496611,15.0,,52.0,780.2142857142857,0.014285714285714285
8.035616438356165,demographic_sir,0.10747852328138323,2.84070337609078e-34,0.8925214767186191,15.0,,52.0,780.2142857142857,0.014285714285714285
8.038356164383561,demographic_sir,0.10751345494520995,3.0997682785955508e-34,0.8924865450547924,15.0,,52.0,780.2142857142857,0.014285714285714285
8.04109589041096,demographic_sir,0.10754838524187503,3.3827118087293123e-34,0.8924516147581273,15.0,,52.0,780.2142857142857,0.014285714285714285
8.043835616438356,demographic_sir,0.10758331417143194,3.6917577547269793e-34,0.8924166858285704,15.0,,52.0,780.2142857142857,0.014285714285714285
8.046575342465754,demographic_sir,0.10761824173393424,4.029339091801365e-34,0.892381758266068,15.0,,52.0,780.2142857142857,0.014285714285714285
8.04931506849315,demographic_sir,0.10765316792943538,4.3981178529115676e-34,0.8923468320705669,15.0,,52.0,780.2142857142857,0.014285714285714285
8.052054794520547,demographic_sir,0.10768809275798889,4.801006905093199e-34,0.8923119072420134,15.0,,52.0,780.2142857142857,0.014285714285714285
8.054794520547945,demographic_sir,0.10772301621964829,5.241193815784318e-34,0.8922769837803539,15.0,,52.0,780.2142857142857,0.014285714285714285
8.057534246575342,demographic_sir,0.10775793831446702,5.722167011601572e-34,0.8922420616855352,15.0,,52.0,780.2142857142857,0.014285714285714285
8.06027397260274,demographic_sir,0.10779285904249865,6.247744451811684e-34,0.8922071409575036,15.0,,52.0,780.2142857142857,0.014285714285714285
8.063013698630137,demographic_sir,0.10782777840379659,6.822105060472605e-34,0.8921722215962057,15.0,,52.0,780.2142857142857,0.014285714285714285
8.065753424657535,demographic_sir,0.10786269639841442,7.449823185121769e-34,0.8921373036015879,15.0,,52.0,780.2142857142857,0.014285714285714285
8.068493150684931,demographic_sir,0.10789761302640555,8.135906376112785e-34,0.8921023869735968,15.0,,52.0,780.2142857142857,0.014285714285714285
8.07123287671233,demographic_sir,0.10793252828782353,8.885836809563603e-34,0.8920674717121788,15.0,,52.0,780.2142857142857,0.014285714285714285
8.073972602739726,demographic_sir,0.10796744218272179,9.705616708545427e-34,0.8920325578172805,15.0,,52.0,780.2142857142857,0.014285714285714285
8.076712328767123,demographic_sir,0.10800235471115385,1.0601818151997e-33,0.8919976452888485,15.0,,52.0,780.2142857142857,0.014285714285714285
8.07945205479452,demographic_sir,0.10803726587317321,1.1581637699102769e-33,0.8919627341268292,15.0,,52.0,780.2142857142857,0.014285714285714285
8.082191780821917,demographic_sir,0.10807217566883327,1.2652956298962604e-33,0.8919278243311691,15.0,,52.0,780.2142857142857,0.014285714285714285
8.084931506849315,demographic_sir,0.10810708409818759,1.3824405001633646e-33,0.8918929159018147,15.0,,52.0,780.2142857142857,0.014285714285714285
8.087671232876712,demographic_sir,0.10814199116128959,1.5105437037441576e-33,0.8918580088387127,15.0,,52.0,780.2142857142857,0.014285714285714285
8.09041095890411,demographic_sir,0.10817689685819278,1.6506406887391127e-33,0.8918231031418096,15.0,,52.0,780.2142857142857,0.014285714285714285
8.093150684931507,demographic_sir,0.1082118011889506,1.803865702891168e-33,0.8917881988110518,15.0,,52.0,780.2142857142857,0.014285714285714285
8.095890410958905,demographic_sir,0.10824670415361656,1.9714613108793734e-33,0.8917532958463859,15.0,,52.0,780.2142857142857,0.014285714285714285
8.098630136986301,demographic_sir,0.10828160575224409,2.1547888369414903e-33,0.8917183942477583,15.0,,52.0,780.2142857142857,0.014285714285714285
8.101369863013698,demographic_sir,0.10831650598488664,2.3553398236119004e-33,0.8916834940151158,15.0,,52.0,780.2142857142857,0.014285714285714285
8.104109589041096,demographic_sir,0.10835140485159772,2.5747486063411708e-33,0.8916485951484047,15.0,,52.0,780.2142857142857,0.014285714285714285
8.106849315068493,demographic_sir,0.10838630235243074,2.8148061136496267e-33,0.8916136976475716,15.0,,52.0,780.2142857142857,0.014285714285714285
8.10958904109589,demographic_sir,0.10842119848743922,3.077475013338252e-33,0.8915788015125631,15.0,,52.0,780.2142857142857,0.014285714285714285
8.112328767123287,demographic_sir,0.10845609325667656,3.36490633723166e-33,0.8915439067433257,15.0,,52.0,780.2142857142857,0.014285714285714285
8.115068493150686,demographic_sir,0.10849098666019624,3.679457730089972e-33,0.891509013339806,15.0,,52.0,780.2142857142857,0.014285714285714285
8.117808219178082,demographic_sir,0.10852587869805169,4.023713482786672e-33,0.8914741213019506,15.0,,52.0,780.2142857142857,0.014285714285714285
8.12054794520548,demographic_sir,0.1085607693702964,4.400506525781781e-33,0.8914392306297059,15.0,,52.0,780.2142857142857,0.014285714285714285
8.123287671232877,demographic_sir,0.10859565867698377,4.8129425764247695e-33,0.8914043413230185,15.0,,52.0,780.2142857142857,0.014285714285714285
8.126027397260273,demographic_sir,0.10863054661816728,5.264426652910908e-33,0.891369453381835,15.0,,52.0,780.2142857142857,0.014285714285714285
8.128767123287671,demographic_sir,0.10866543319390037,5.758692188914276e-33,0.891334566806102,15.0,,52.0,780.2142857142857,0.014285714285714285
8.131506849315068,demographic_sir,0.10870031840423647,6.299833006272611e-33,0.8912996815957659,15.0,,52.0,780.2142857142857,0.014285714285714285
8.134246575342466,demographic_sir,0.10873520224922902,6.892338428794182e-33,0.8912647977507733,15.0,,52.0,780.2142857142857,0.014285714285714285
8.136986301369863,demographic_sir,0.10877008472893143,7.541131848524131e-33,0.8912299152710708,15.0,,52.0,780.2142857142857,0.014285714285714285
8.139726027397261,demographic_sir,0.1088049658433972,8.251613086956304e-33,0.891195034156605,15.0,,52.0,780.2142857142857,0.014285714285714285
8.142465753424657,demographic_sir,0.1088398455926797,9.029704927920967e-33,0.8911601544073224,15.0,,52.0,780.2142857142857,0.014285714285714285
8.145205479452056,demographic_sir,0.10887472397683241,9.881904236630433e-33,0.8911252760231697,15.0,,52.0,780.2142857142857,0.014285714285714285
8.147945205479452,demographic_sir,0.10890960099590871,1.0815338120871708e-32,0.8910903990040934,15.0,,52.0,780.2142857142857,0.014285714285714285
8.150684931506849,demographic_sir,0.10894447664996207,1.183782563609879e-32,0.89105552335004,15.0,,52.0,780.2142857142857,0.014285714285714285
8.153424657534247,demographic_sir,0.10897935093904591,1.29579455865073e-32,0.8910206490609561,15.0,,52.0,780.2142857142857,0.014285714285714285
8.156164383561643,demographic_sir,0.10901422386321362,1.418511102964683e-32,0.8909857761367884,15.0,,52.0,780.2142857142857,0.014285714285714285
8.158904109589042,demographic_sir,0.10904909542251866,1.5529651153203853e-32,0.8909509045774834,15.0,,52.0,780.2142857142857,0.014285714285714285
8.161643835616438,demographic_sir,0.10908396561701439,1.700290125982389e-32,0.8909160343829876,15.0,,52.0,780.2142857142857,0.014285714285714285
8.164383561643836,demographic_sir,0.1091188344467543,1.8617301669973388e-32,0.8908811655532477,15.0,,52.0,780.2142857142857,0.014285714285714285
8.167123287671233,demographic_sir,0.10915370191179175,2.0386506434397876e-32,0.8908462980882103,15.0,,52.0,780.2142857142857,0.014285714285714285
8.169863013698631,demographic_sir,0.10918856801218019,2.232550283769232e-32,0.8908114319878219,15.0,,52.0,780.2142857142857,0.014285714285714285
8.172602739726027,demographic_sir,0.10922343274797298,2.445074277347655e-32,0.890776567252029,15.0,,52.0,780.2142857142857,0.014285714285714285
8.175342465753424,demographic_sir,0.10925829611922357,2.678028718085706e-32,0.8907417038807784,15.0,,52.0,780.2142857142857,0.014285714285714285
8.178082191780822,demographic_sir,0.10929315812598538,2.9333964852022554e-32,0.8907068418740166,15.0,,52.0,780.2142857142857,0.014285714285714285
8.180821917808219,demographic_sir,0.10932801876831176,3.213354705334282e-32,0.8906719812316902,15.0,,52.0,780.2142857142857,0.014285714285714285
8.183561643835617,demographic_sir,0.10936287804625615,3.5202939548345883e-32,0.8906371219537459,15.0,,52.0,780.2142857142857,0.014285714285714285
8.186301369863013,demographic_sir,0.10939773595987191,3.856839377177928e-32,0.8906022640401301,15.0,,52.0,780.2142857142857,0.014285714285714285
8.189041095890412,demographic_sir,0.1094325925092125,4.225873908139151e-32,0.8905674074907894,15.0,,52.0,780.2142857142857,0.014285714285714285
8.191780821917808,demographic_sir,0.10946744769433125,4.6305638209402617e-32,0.8905325523056706,15.0,,52.0,780.2142857142857,0.014285714285714285
8.194520547945206,demographic_sir,0.10950230151528162,5.074386825121517e-32,0.8904976984847203,15.0,,52.0,780.2142857142857,0.014285714285714285
8.197260273972603,demographic_sir,0.10953715397211693,5.561162976627277e-32,0.890462846027885,15.0,,52.0,780.2142857142857,0.014285714285714285
8.2,demographic_sir,0.10957200506489062,6.095088682796536e-32,0.8904279949351113,15.0,,52.0,780.2142857142857,0.014285714285714285
8.202739726027398,demographic_sir,0.10960685479365607,6.680774114801083e-32,0.8903931452063458,15.0,,52.0,780.2142857142857,0.014285714285714285
8.205479452054794,demographic_sir,0.10964170315846665,7.32328437191281e-32,0.8903582968415352,15.0,,52.0,780.2142857142857,0.014285714285714285
8.208219178082192,demographic_sir,0.10967655015937576,8.028184777081978e-32,0.8903234498406261,15.0,,52.0,780.2142857142857,0.014285714285714285
8.210958904109589,demographic_sir,0.10971139579643675,8.801590721997867e-32,0.890288604203565,15.0,,52.0,780.2142857142857,0.014285714285714285
8.213698630136987,demographic_sir,0.10974624006970304,9.650222522510847e-32,0.8902537599302988,15.0,,52.0,780.2142857142857,0.014285714285714285
8.216438356164383,demographic_sir,0.10978108297922796,1.0581465792343877e-31,0.8902189170207738,15.0,,52.0,780.2142857142857,0.014285714285714285
8.219178082191782,demographic_sir,0.10981592452506493,1.160343789497751e-31,0.8901840754749369,15.0,,52.0,780.2142857142857,0.014285714285714285
8.221917808219178,demographic_sir,0.10985076470726728,1.2725061090835135e-31,0.8901492352927346,15.0,,52.0,780.2142857142857,0.014285714285714285
8.224657534246575,demographic_sir,0.10988560352588839,1.39561430601157e-31,0.8901143964741135,15.0,,52.0,780.2142857142857,0.014285714285714285
8.227397260273973,demographic_sir,0.10992044098098167,1.53074655512927e-31,0.8900795590190201,15.0,,52.0,780.2142857142857,0.014285714285714285
8.23013698630137,demographic_sir,0.10995527707260042,1.6790881982224434e-31,0.8900447229274013,15.0,,52.0,780.2142857142857,0.014285714285714285
8.232876712328768,demographic_sir,0.10999011180079807,1.8419424905681957e-31,0.8900098881992037,15.0,,52.0,780.2142857142857,0.014285714285714285
8.235616438356164,demographic_sir,0.11002494516562793,2.0207424344700797e-31,0.8899750548343739,15.0,,52.0,780.2142857142857,0.014285714285714285
8.238356164383562,demographic_sir,0.11005977716714341,2.2170638106543453e-31,0.8899402228328585,15.0,,52.0,780.2142857142857,0.014285714285714285
8.241095890410959,demographic_sir,0.1100946078053978,2.4326395298027256e-31,0.8899053921946041,15.0,,52.0,780.2142857142857,0.014285714285714285
8.243835616438357,demographic_sir,0.11012943708044452,2.669375439089833e-31,0.8898705629195574,15.0,,52.0,780.2142857142857,0.014285714285714285
8.246575342465754,demographic_sir,0.11016426499233689,2.929367732476682e-31,0.889835735007665,15.0,,52.0,780.2142857142857,0.014285714285714285
8.24931506849315,demographic_sir,0.11019909154112825,3.2149221288539297e-31,0.8898009084588736,15.0,,52.0,780.2142857142857,0.014285714285714285
8.252054794520548,demographic_sir,0.110233916726872,3.528574999047513e-31,0.8897660832731299,15.0,,52.0,780.2142857142857,0.014285714285714285
8.254794520547945,demographic_sir,0.11026874054962144,3.873116641391242e-31,0.8897312594503805,15.0,,52.0,780.2142857142857,0.014285714285714285
8.257534246575343,demographic_sir,0.11030356300942994,4.251616926204101e-31,0.8896964369905719,15.0,,52.0,780.2142857142857,0.014285714285714285
8.26027397260274,demographic_sir,0.11033838410635081,4.667453552282585e-31,0.8896616158936511,15.0,,52.0,780.2142857142857,0.014285714285714285
8.263013698630138,demographic_sir,0.11037320384043744,5.124343183685526e-31,0.8896267961595644,15.0,,52.0,780.2142857142857,0.014285714285714285
8.265753424657534,demographic_sir,0.11040802221174312,5.626375762852039e-31,0.8895919777882587,15.0,,52.0,780.2142857142857,0.014285714285714285
8.268493150684932,demographic_sir,0.11044283922032122,6.178052326787321e-31,0.8895571607796806,15.0,,52.0,780.2142857142857,0.014285714285714285
8.271232876712329,demographic_sir,0.11047765486622506,6.784326686914491e-31,0.8895223451337768,15.0,,52.0,780.2142857142857,0.014285714285714285
8.273972602739725,demographic_sir,0.11051246914950798,7.450651370633558e-31,0.8894875308504939,15.0,,52.0,780.2142857142857,0.014285714285714285
8.276712328767124,demographic_sir,0.11054728207022332,8.183028263948191e-31,0.8894527179297786,15.0,,52.0,780.2142857142857,0.014285714285714285
8.27945205479452,demographic_sir,0.11058209362842437,8.9880644401972e-31,0.8894179063715776,15.0,,52.0,780.2142857142857,0.014285714285714285
8.282191780821918,demographic_sir,0.11061690382416452,9.87303371037999e-31,0.8893830961758374,15.0,,52.0,780.2142857142857,0.014285714285714285
8.284931506849315,demographic_sir,0.11065171265749701,1.0845944486284866e-30,0.8893482873425049,15.0,,52.0,780.2142857142857,0.014285714285714285
8.287671232876713,demographic_sir,0.11068652012847525,1.1915614609243983e-30,0.8893134798715266,15.0,,52.0,780.2142857142857,0.014285714285714285
8.29041095890411,demographic_sir,0.11072132623715249,1.3091753865355529e-30,0.8892786737628493,15.0,,52.0,780.2142857142857,0.014285714285714285
8.293150684931508,demographic_sir,0.1107561309835821,1.4385054983254379e-30,0.8892438690164197,15.0,,52.0,780.2142857142857,0.014285714285714285
8.295890410958904,demographic_sir,0.11079093436781734,1.58072939935787e-30,0.8892090656321844,15.0,,52.0,780.2142857142857,0.014285714285714285
8.2986301369863,demographic_sir,0.11082573638991157,1.7371440921179794e-30,0.8891742636100901,15.0,,52.0,780.2142857142857,0.014285714285714285
8.301369863013699,demographic_sir,0.11086053704991809,1.9091781882605474e-30,0.8891394629500836,15.0,,52.0,780.2142857142857,0.014285714285714285
8.304109589041095,demographic_sir,0.1108953363478902,2.0984053773637803e-30,0.8891046636521115,15.0,,52.0,780.2142857142857,0.014285714285714285
8.306849315068494,demographic_sir,0.11093013428388124,2.3065592855732624e-30,0.8890698657161205,15.0,,52.0,780.2142857142857,0.014285714285714285
8.30958904109589,demographic_sir,0.11096493085794445,2.5355498687316732e-30,0.8890350691420572,15.0,,52.0,780.2142857142857,0.014285714285714285
8.312328767123288,demographic_sir,0.11099972607013323,2.787481499760309e-30,0.8890002739298685,15.0,,52.0,780.2142857142857,0.014285714285714285
8.315068493150685,demographic_sir,0.11103451992050077,3.0646729268164375e-30,0.8889654800795009,15.0,,52.0,780.2142857142857,0.014285714285714285
8.317808219178083,demographic_sir,0.11106931240910047,3.369679297299126e-30,0.8889306875909012,15.0,,52.0,780.2142857142857,0.014285714285714285
8.32054794520548,demographic_sir,0.11110410353598554,3.705316463267837e-30,0.8888958964640161,15.0,,52.0,780.2142857142857,0.014285714285714285
8.323287671232876,demographic_sir,0.11113889330120934,4.0746878065221484e-30,0.8888611066987924,15.0,,52.0,780.2142857142857,0.014285714285714285
8.326027397260274,demographic_sir,0.11117368170482514,4.481213846657293e-30,0.8888263182951766,15.0,,52.0,780.2142857142857,0.014285714285714285
8.32876712328767,demographic_sir,0.11120846874688621,4.9286649231527574e-30,0.8887915312531155,15.0,,52.0,780.2142857142857,0.014285714285714285
8.331506849315069,demographic_sir,0.11124325442744588,5.421197273233655e-30,0.8887567455725558,15.0,,52.0,780.2142857142857,0.014285714285714285
8.334246575342465,demographic_sir,0.1112780387465574,5.963392861174259e-30,0.8887219612534443,15.0,,52.0,780.2142857142857,0.014285714285714285
8.336986301369864,demographic_sir,0.11131282170427409,6.560303352277182e-30,0.8886871782957276,15.0,,52.0,780.2142857142857,0.014285714285714285
8.33972602739726,demographic_sir,0.11134760330064919,7.217498666284617e-30,0.8886523966993525,15.0,,52.0,780.2142857142857,0.014285714285714285
8.342465753424658,demographic_sir,0.11138238353573603,7.941120590964726e-30,0.8886176164642656,15.0,,52.0,780.2142857142857,0.014285714285714285
8.345205479452055,demographic_sir,0.11141716240958784,8.737941987454486e-30,0.8885828375904138,15.0,,52.0,780.2142857142857,0.014285714285714285
8.347945205479451,demographic_sir,0.11145193992225791,9.615432175250653e-30,0.8885480600777438,15.0,,52.0,780.2142857142857,0.014285714285714285
8.35068493150685,demographic_sir,0.11148671607379955,1.0581829147006397e-29,0.8885132839262021,15.0,,52.0,780.2142857142857,0.014285714285714285
8.353424657534246,demographic_sir,0.11152149086426599,1.1646219332246098e-29,0.8884785091357357,15.0,,52.0,780.2142857142857,0.014285714285714285
8.356164383561644,demographic_sir,0.11155626429371053,1.2818625705421955e-29,0.8884437357062912,15.0,,52.0,780.2142857142857,0.014285714285714285
8.35890410958904,demographic_sir,0.1115910363621864,1.4110105118177595e-29,0.8884089636378154,15.0,,52.0,780.2142857142857,0.014285714285714285
8.361643835616439,demographic_sir,0.11162580706974691,1.5532855829226592e-29,0.888374192930255,15.0,,52.0,780.2142857142857,0.014285714285714285
8.364383561643836,demographic_sir,0.11166057641644528,1.7100336308724062e-29,0.8883394235835567,15.0,,52.0,780.2142857142857,0.014285714285714285
8.367123287671234,demographic_sir,0.1116953444023348,1.882739650867033e-29,0.8883046555976671,15.0,,52.0,780.2142857142857,0.014285714285714285
8.36986301369863,demographic_sir,0.11173011102746871,2.073042291772827e-29,0.8882698889725332,15.0,,52.0,780.2142857142857,0.014285714285714285
8.372602739726027,demographic_sir,0.11176487629190028,2.282749885941447e-29,0.8882351237081016,15.0,,52.0,780.2142857142857,0.014285714285714285
8.375342465753425,demographic_sir,0.11179964019568278,2.513858164817452e-29,0.8882003598043191,15.0,,52.0,780.2142857142857,0.014285714285714285
8.378082191780821,demographic_sir,0.11183440273886944,2.7685698390217577e-29,0.8881655972611324,15.0,,52.0,780.2142857142857,0.014285714285714285
8.38082191780822,demographic_sir,0.11186916392151354,3.0493162406859315e-29,0.8881308360784883,15.0,,52.0,780.2142857142857,0.014285714285714285
8.383561643835616,demographic_sir,0.11190392374366828,3.358781246946952e-29,0.8880960762563336,15.0,,52.0,780.2142857142857,0.014285714285714285
8.386301369863014,demographic_sir,0.11193868220538697,3.699927726938674e-29,0.888061317794615,15.0,,52.0,780.2142857142857,0.014285714285714285
8.389041095890411,demographic_sir,0.11197343930672278,4.076026780546438e-29,0.8880265606932791,15.0,,52.0,780.2142857142857,0.014285714285714285
8.39178082191781,demographic_sir,0.11200819504772903,4.4906900659428195e-29,0.8879918049522728,15.0,,52.0,780.2142857142857,0.014285714285714285
8.394520547945206,demographic_sir,0.11204294942845891,4.9479055447500584e-29,0.8879570505715428,15.0,,52.0,780.2142857142857,0.014285714285714285
8.397260273972602,demographic_sir,0.11207770244896567,5.452077008969688e-29,0.8879222975510361,15.0,,52.0,780.2142857142857,0.014285714285714285
8.4,demographic_sir,0.11211245410930257,6.008067792899874e-29,0.8878875458906992,15.0,,52.0,780.2142857142857,0.014285714285714285
8.402739726027397,demographic_sir,0.1121472044095228,6.621249116591553e-29,0.8878527955904789,15.0,,52.0,780.2142857142857,0.014285714285714285
8.405479452054795,demographic_sir,0.11218195334967965,7.297553555408714e-29,0.8878180466503222,15.0,,52.0,780.2142857142857,0.014285714285714285
8.408219178082192,demographic_sir,0.11221670092982629,8.043534183456655e-29,0.8877832990701755,15.0,,52.0,780.2142857142857,0.014285714285714285
8.41095890410959,demographic_sir,0.112251447150016,8.866429997644924e-29,0.8877485528499858,15.0,,52.0,780.2142857142857,0.014285714285714285
8.413698630136986,demographic_sir,0.11228619201030196,9.774238294503815e-29,0.8877138079896999,15.0,,52.0,780.2142857142857,0.014285714285714285
8.416438356164385,demographic_sir,0.11232093551073744,1.0775794744378941e-28,0.8876790644892645,15.0,,52.0,780.2142857142857,0.014285714285714285
8.419178082191781,demographic_sir,0.11235567765137561,1.1880861987944854e-28,0.8876443223486263,15.0,,52.0,780.2142857142857,0.014285714285714285
8.421917808219177,demographic_sir,0.11239041843226971,1.3100227669098012e-28,0.8876095815677322,15.0,,52.0,780.2142857142857,0.014285714285714285
8.424657534246576,demographic_sir,0.112425157853473,1.4445812917031335e-28,0.8875748421465289,15.0,,52.0,780.2142857142857,0.014285714285714285
8.427397260273972,demographic_sir,0.11245989591503863,1.5930792399840896e-28,0.8875401040849632,15.0,,52.0,780.2142857142857,0.014285714285714285
8.43013698630137,demographic_sir,0.11249463261701989,1.7569727193482075e-28,0.8875053673829819,15.0,,52.0,780.2142857142857,0.014285714285714285
8.432876712328767,demographic_sir,0.11252936795946991,1.9378711844561164e-28,0.8874706320405319,15.0,,52.0,780.2142857142857,0.014285714285714285
8.435616438356165,demographic_sir,0.11256410194244197,2.1375537154900686e-28,0.8874358980575598,15.0,,52.0,780.2142857142857,0.014285714285714285
8.438356164383562,demographic_sir,0.11259883456598922,2.357987038146134e-28,0.8874011654340126,15.0,,52.0,780.2142857142857,0.014285714285714285
8.441095890410958,demographic_sir,0.11263356583016489,2.6013454729087733e-28,0.887366434169837,15.0,,52.0,780.2142857142857,0.014285714285714285
8.443835616438356,demographic_sir,0.11266829573502221,2.870033021738922e-28,0.8873317042649796,15.0,,52.0,780.2142857142857,0.014285714285714285
8.446575342465753,demographic_sir,0.11270302428061434,3.1667078229326838e-28,0.8872969757193876,15.0,,52.0,780.2142857142857,0.014285714285714285
8.449315068493151,demographic_sir,0.1127377514669945,3.4943092300077895e-28,0.8872622485330074,15.0,,52.0,780.2142857142857,0.014285714285714285
8.452054794520548,demographic_sir,0.11277247729421587,3.856087798317004e-28,0.8872275227057861,15.0,,52.0,780.2142857142857,0.014285714285714285
8.454794520547946,demographic_sir,0.11280720176233167,4.2556384940006515e-28,0.8871927982376703,15.0,,52.0,780.2142857142857,0.014285714285714285
8.457534246575342,demographic_sir,0.11284192487139505,4.696937474170369e-28,0.8871580751286069,15.0,,52.0,780.2142857142857,0.014285714285714285
8.46027397260274,demographic_sir,0.11287664662145927,5.1843828252888165e-28,0.8871233533785426,15.0,,52.0,780.2142857142857,0.014285714285714285
8.463013698630137,demographic_sir,0.11291136701257745,5.722839688934013e-28,0.8870886329874245,15.0,,52.0,780.2142857142857,0.014285714285714285
8.465753424657533,demographic_sir,0.1129460860448028,6.317690251038483e-28,0.8870539139551992,15.0,,52.0,780.2142857142857,0.014285714285714285
8.468493150684932,demographic_sir,0.11298080371818854,6.97488912272035e-28,0.8870191962818134,15.0,,52.0,780.2142857142857,0.014285714285714285
8.471232876712328,demographic_sir,0.1130155200327878,7.701024698606696e-28,0.8869844799672141,15.0,,52.0,780.2142857142857,0.014285714285714285
8.473972602739726,demographic_sir,0.1130502349886538,8.503387142691981e-28,0.8869497650113481,15.0,,52.0,780.2142857142857,0.014285714285714285
8.476712328767123,demographic_sir,0.11308494858583967,9.390043722969621e-28,0.8869150514141623,15.0,,52.0,780.2142857142857,0.014285714285714285
8.479452054794521,demographic_sir,0.11311966082439866,1.0369922295170745e-27,0.8868803391756033,15.0,,52.0,780.2142857142857,0.014285714285714285
8.482191780821918,demographic_sir,0.11315437170438387,1.1452903823713247e-27,0.8868456282956181,15.0,,52.0,780.2142857142857,0.014285714285714285
8.484931506849316,demographic_sir,0.11318908122584853,1.2649924925502105e-27,0.8868109187741534,15.0,,52.0,780.2142857142857,0.014285714285714285
8.487671232876712,demographic_sir,0.11322378938884575,1.3973091530467053e-27,0.8867762106111562,15.0,,52.0,780.2142857142857,0.014285714285714285
8.490410958904109,demographic_sir,0.11325849619342875,1.543580487303216e-27,0.8867415038065731,15.0,,52.0,780.2142857142857,0.014285714285714285
8.493150684931507,demographic_sir,0.11329320163965069,1.7052901162255935e-27,0.8867067983603512,15.0,,52.0,780.2142857142857,0.014285714285714285
8.495890410958904,demographic_sir,0.11332790572756471,1.8840806426790452e-27,0.8866720942724371,15.0,,52.0,780.2142857142857,0.014285714285714285
8.498630136986302,demographic_sir,0.113362608457224,2.0817708195655916e-27,0.8866373915427779,15.0,,52.0,780.2142857142857,0.014285714285714285
8.501369863013698,demographic_sir,0.11339730982868167,2.3003745858918726e-27,0.8866026901713202,15.0,,52.0,780.2142857142857,0.014285714285714285
8.504109589041096,demographic_sir,0.11343200984199094,2.5421221755894105e-27,0.8865679901580109,15.0,,52.0,780.2142857142857,0.014285714285714285
8.506849315068493,demographic_sir,0.11346670849720492,2.8094835264494784e-27,0.886533291502797,15.0,,52.0,780.2142857142857,0.014285714285714285
8.509589041095891,demographic_sir,0.11350140579437679,3.1051942416652626e-27,0.8864985942056252,15.0,,52.0,780.2142857142857,0.014285714285714285
8.512328767123288,demographic_sir,0.11353610173355966,3.432284384381735e-27,0.8864638982664422,15.0,,52.0,780.2142857142857,0.014285714285714285
8.515068493150684,demographic_sir,0.11357079631480671,3.794110416690182e-27,0.8864292036851952,15.0,,52.0,780.2142857142857,0.014285714285714285
8.517808219178082,demographic_sir,0.11360548953817112,4.1943906289780446e-27,0.8863945104618308,15.0,,52.0,780.2142857142857,0.014285714285714285
8.520547945205479,demographic_sir,0.11364018140370598,4.637244443879402e-27,0.886359818596296,15.0,,52.0,780.2142857142857,0.014285714285714285
8.523287671232877,demographic_sir,0.11367487191146448,5.127236021679212e-27,0.8863251280885375,15.0,,52.0,780.2142857142857,0.014285714285714285
8.526027397260274,demographic_sir,0.11370956106149971,5.6694226413780335e-27,0.8862904389385022,15.0,,52.0,780.2142857142857,0.014285714285714285
8.528767123287672,demographic_sir,0.11374424885386486,6.2694083842964184e-27,0.8862557511461371,15.0,,52.0,780.2142857142857,0.014285714285714285
8.531506849315068,demographic_sir,0.11377893528861302,6.933403705623585e-27,0.8862210647113888,15.0,,52.0,780.2142857142857,0.014285714285714285
8.534246575342467,demographic_sir,0.11381362036579737,7.668291544432611e-27,0.8861863796342044,15.0,,52.0,780.2142857142857,0.014285714285714285
8.536986301369863,demographic_sir,0.11384830408547099,8.481700695046031e-27,0.8861516959145308,15.0,,52.0,780.2142857142857,0.014285714285714285
8.53972602739726,demographic_sir,0.11388298644768705,9.382087243158433e-27,0.8861170135523148,15.0,,52.0,780.2142857142857,0.014285714285714285
8.542465753424658,demographic_sir,0.11391766745249868,1.0378824959621951e-26,0.8860823325475031,15.0,,52.0,780.2142857142857,0.014285714285714285
8.545205479452054,demographic_sir,0.11395234709995898,1.1482305644384405e-26,0.8860476529000428,15.0,,52.0,780.2142857142857,0.014285714285714285
8.547945205479452,demographic_sir,0.11398702539012111,1.2704050523824752e-26,0.8860129746098807,15.0,,52.0,780.2142857142857,0.014285714285714285
8.550684931506849,demographic_sir,0.11402170232303813,1.4056833927900754e-26,0.8859782976769637,15.0,,52.0,780.2142857142857,0.014285714285714285
8.553424657534247,demographic_sir,0.11405637789876323,1.5554820610612332e-26,0.8859436221012386,15.0,,52.0,780.2142857142857,0.014285714285714285
8.556164383561644,demographic_sir,0.11409105211734948,1.721371822970632e-26,0.8859089478826523,15.0,,52.0,780.2142857142857,0.014285714285714285
8.558904109589042,demographic_sir,0.11412572497885004,1.9050946671241418e-26,0.8858742750211518,15.0,,52.0,780.2142857142857,0.014285714285714285
8.561643835616438,demographic_sir,0.11416039648331797,2.1085826093327299e-26,0.8858396035166839,15.0,,52.0,780.2142857142857,0.014285714285714285
8.564383561643835,demographic_sir,0.1141950666308064,2.3339785773455322e-26,0.8858049333691954,15.0,,52.0,780.2142857142857,0.014285714285714285
8.567123287671233,demographic_sir,0.11422973542136848,2.583659607751709e-26,0.8857702645786334,15.0,,52.0,780.2142857142857,0.014285714285714285
8.56986301369863,demographic_sir,0.11426440285505726,2.86026261287762e-26,0.8857355971449447,15.0,,52.0,780.2142857142857,0.014285714285714285
8.572602739726028,demographic_sir,0.1142990689319259,3.166713004459679e-26,0.885700931068076,15.0,,52.0,780.2142857142857,0.014285714285714285
8.575342465753424,demographic_sir,0.11433373365202745,3.5062564930933965e-26,0.8856662663479745,15.0,,52.0,780.2142857142857,0.014285714285714285
8.578082191780823,demographic_sir,0.11436839701541507,3.8824944183420994e-26,0.8856316029845869,15.0,,52.0,780.2142857142857,0.014285714285714285
8.580821917808219,demographic_sir,0.1144030590221418,4.2994230043116e-26,0.8855969409778601,15.0,,52.0,780.2142857142857,0.014285714285714285
8.583561643835617,demographic_sir,0.1144377196722608,4.7614769799704345e-26,0.8855622803277411,15.0,,52.0,780.2142857142857,0.014285714285714285
8.586301369863014,demographic_sir,0.11447237896582509,5.27357805298127e-26,0.8855276210341768,15.0,,52.0,780.2142857142857,0.014285714285714285
8.58904109589041,demographic_sir,0.1145070369028878,5.841188780942859e-26,0.8854929630971141,15.0,,52.0,780.2142857142857,0.014285714285714285
8.591780821917808,demographic_sir,0.11454169348350206,6.470372445302401e-26,0.8854583065164998,15.0,,52.0,780.2142857142857,0.014285714285714285
8.594520547945205,demographic_sir,0.11457634870772088,7.167859601556612e-26,0.885423651292281,15.0,,52.0,780.2142857142857,0.014285714285714285
8.597260273972603,demographic_sir,0.11461100257559742,7.941122055483304e-26,0.8853889974244044,15.0,,52.0,780.2142857142857,0.014285714285714285
8.6,demographic_sir,0.11464565508718472,8.798455099910757e-26,0.8853543449128171,15.0,,52.0,780.2142857142857,0.014285714285714285
8.602739726027398,demographic_sir,0.11468030624253589,9.749068940991742e-26,0.8853196937574659,15.0,,52.0,780.2142857142857,0.014285714285714285
8.605479452054794,demographic_sir,0.11471495604170398,1.0803190348112082e-25,0.8852850439582979,15.0,,52.0,780.2142857142857,0.014285714285714285
8.608219178082193,demographic_sir,0.11474960448474211,1.1972175678784737e-25,0.8852503955152597,15.0,,52.0,780.2142857142857,0.014285714285714285
8.610958904109589,demographic_sir,0.1147842515717033,1.326863656039934e-25,0.8852157484282985,15.0,,52.0,780.2142857142857,0.014285714285714285
8.613698630136986,demographic_sir,0.11481889730264067,1.4706579656200412e-25,0.8851811026973612,15.0,,52.0,780.2142857142857,0.014285714285714285
8.616438356164384,demographic_sir,0.1148535416776073,1.6301562104909769e-25,0.8851464583223945,15.0,,52.0,780.2142857142857,0.014285714285714285
8.61917808219178,demographic_sir,0.1148881846966562,1.8070864404042322e-25,0.8851118153033456,15.0,,52.0,780.2142857142857,0.014285714285714285
8.621917808219179,demographic_sir,0.1149228263598405,2.0033682708245417e-25,0.8850771736401614,15.0,,52.0,780.2142857142857,0.014285714285714285
8.624657534246575,demographic_sir,0.11495746666721322,2.221134273826669e-25,0.8850425333327886,15.0,,52.0,780.2142857142857,0.014285714285714285
8.627397260273973,demographic_sir,0.11499210561882749,2.4627537746232713e-25,0.8850078943811743,15.0,,52.0,780.2142857142857,0.014285714285714285
8.63013698630137,demographic_sir,0.11502674321473629,2.7308593261517546e-25,0.8849732567852655,15.0,,52.0,780.2142857142857,0.014285714285714285
8.632876712328768,demographic_sir,0.11506137945499274,3.02837616522098e-25,0.884938620545009,15.0,,52.0,780.2142857142857,0.014285714285714285
8.635616438356164,demographic_sir,0.11509601433964986,3.3585549883393666e-25,0.8849039856603519,15.0,,52.0,780.2142857142857,0.014285714285714285
8.638356164383561,demographic_sir,0.11513064786876072,3.7250084239647626e-25,0.884869352131241,15.0,,52.0,780.2142857142857,0.014285714285714285
8.64109589041096,demographic_sir,0.1151652800423784,4.1317516209531247e-25,0.8848347199576232,15.0,,52.0,780.2142857142857,0.014285714285714285
8.643835616438356,demographic_sir,0.1151999108605559,4.583247420986995e-25,0.8848000891394456,15.0,,52.0,780.2142857142857,0.014285714285714285
8.646575342465754,demographic_sir,0.11523454032334633,5.084456636289809e-25,0.8847654596766552,15.0,,52.0,780.2142857142857,0.014285714285714285
8.64931506849315,demographic_sir,0.11526916843080269,5.640894013609999e-25,0.8847308315691989,15.0,,52.0,780.2142857142857,0.014285714285714285
8.652054794520549,demographic_sir,0.11530379518297805,6.258690532043449e-25,0.8846962048170235,15.0,,52.0,780.2142857142857,0.014285714285714285
8.654794520547945,demographic_sir,0.11533842057992541,6.944662756489604e-25,0.8846615794200761,15.0,,52.0,780.2142857142857,0.014285714285714285
8.657534246575343,demographic_sir,0.11537304462169788,7.706390051374769e-25,0.8846269553783036,15.0,,52.0,780.2142857142857,0.014285714285714285
8.66027397260274,demographic_sir,0.11540766730834844,8.552300551633004e-25,0.884592332691653,15.0,,52.0,780.2142857142857,0.014285714285714285
8.663013698630136,demographic_sir,0.11544228863993014,9.491766891020337e-25,0.8845577113600714,15.0,,52.0,780.2142857142857,0.014285714285714285
8.665753424657535,demographic_sir,0.11547690861649605,1.0535212802791083e-24,0.8845230913835056,15.0,,52.0,780.2142857142857,0.014285714285714285
8.668493150684931,demographic_sir,0.11551152723809917,1.1694231836065144e-24,0.8844884727619026,15.0,,52.0,780.2142857142857,0.014285714285714285
8.67123287671233,demographic_sir,0.11554614450479254,1.2981719574362498e-24,0.8844538554952092,15.0,,52.0,780.2142857142857,0.014285714285714285
8.673972602739726,demographic_sir,0.11558076041662918,1.4412020902486075e-24,0.8844192395833725,15.0,,52.0,780.2142857142857,0.014285714285714285
8.676712328767124,demographic_sir,0.11561537497366214,1.6001094046231877e-24,0.8843846250263395,15.0,,52.0,780.2142857142857,0.014285714285714285
8.67945205479452,demographic_sir,0.11564998817594442,1.776669330829663e-24,0.8843500118240573,15.0,,52.0,780.2142857142857,0.014285714285714285
8.682191780821919,demographic_sir,0.11568460002352907,1.9728572645854928e-24,0.8843153999764726,15.0,,52.0,780.2142857142857,0.014285714285714285
8.684931506849315,demographic_sir,0.11571921051646906,2.190871248306237e-24,0.8842807894835326,15.0,,52.0,780.2142857142857,0.014285714285714285
8.687671232876712,demographic_sir,0.11575381965481744,2.433157242847829e-24,0.8842461803451842,15.0,,52.0,780.2142857142857,0.014285714285714285
8.69041095890411,demographic_sir,0.11578842743862726,2.702437287619955e-24,0.8842115725613744,15.0,,52.0,780.2142857142857,0.014285714285714285
8.693150684931506,demographic_sir,0.11582303386795147,3.0017408814361978e-24,0.8841769661320502,15.0,,52.0,780.2142857142857,0.014285714285714285
8.695890410958905,demographic_sir,0.11585763894284314,3.334439954968503e-24,0.8841423610571586,15.0,,52.0,780.2142857142857,0.014285714285714285
8.698630136986301,demographic_sir,0.11589224266335522,3.70428784865639e-24,0.8841077573366465,15.0,,52.0,780.2142857142857,0.014285714285714285
8.7013698630137,demographic_sir,0.11592684502954079,4.115462757937797e-24,0.8840731549704609,15.0,,52.0,780.2142857142857,0.014285714285714285
8.704109589041096,demographic_sir,0.11596144604145278,4.572616161265917e-24,0.8840385539585489,15.0,,52.0,780.2142857142857,0.014285714285714285
8.706849315068494,demographic_sir,0.11599604569914425,5.0809268062651624e-24,0.8840039543008574,15.0,,52.0,780.2142857142857,0.014285714285714285
8.70958904109589,demographic_sir,0.11603064400266816,5.6461608962371555e-24,0.8839693559973335,15.0,,52.0,780.2142857142857,0.014285714285714285
8.712328767123287,demographic_sir,0.11606524095207754,6.2747391939431996e-24,0.8839347590479241,15.0,,52.0,780.2142857142857,0.014285714285714285
8.715068493150685,demographic_sir,0.1160998365474254,6.973811843015472e-24,0.8839001634525763,15.0,,52.0,780.2142857142857,0.014285714285714285
8.717808219178082,demographic_sir,0.11613443078876468,7.751341800576906e-24,0.8838655692112369,15.0,,52.0,780.2142857142857,0.014285714285714285
8.72054794520548,demographic_sir,0.11616902367614844,8.616197878798371e-24,0.8838309763238532,15.0,,52.0,780.2142857142857,0.014285714285714285
8.723287671232876,demographic_sir,0.1162036152096296,9.578258509466106e-24,0.883796384790372,15.0,,52.0,780.2142857142857,0.014285714285714285
8.726027397260275,demographic_sir,0.11623820538926123,1.0648527475681686e-23,0.8837617946107404,15.0,,52.0,780.2142857142857,0.014285714285714285
8.728767123287671,demographic_sir,0.11627279421509625,1.1839263000076548e-23,0.8837272057849055,15.0,,52.0,780.2142857142857,0.014285714285714285
8.73150684931507,demographic_sir,0.1163073816871877,1.3164121741333017e-23,0.883692618312814,15.0,,52.0,780.2142857142857,0.014285714285714285
8.734246575342466,demographic_sir,0.1163419678055885,1.4638319432231112e-23,0.8836580321944132,15.0,,52.0,780.2142857142857,0.014285714285714285
8.736986301369862,demographic_sir,0.11637655257035168,1.6278810095315032e-23,0.88362344742965,15.0,,52.0,780.2142857142857,0.014285714285714285
8.73972602739726,demographic_sir,0.11641113598153022,1.8104485998946465e-23,0.8835888640184715,15.0,,52.0,780.2142857142857,0.014285714285714285
8.742465753424657,demographic_sir,0.11644571803917705,2.013640076997441e-23,0.8835542819608246,15.0,,52.0,780.2142857142857,0.014285714285714285
8.745205479452055,demographic_sir,0.11648029874334521,2.239801836258541e-23,0.8835197012566565,15.0,,52.0,780.2142857142857,0.014285714285714285
8.747945205479452,demographic_sir,0.11651487809408761,2.4915490899613035e-23,0.8834851219059141,15.0,,52.0,780.2142857142857,0.014285714285714285
8.75068493150685,demographic_sir,0.11654945609145727,2.771796875682722e-23,0.8834505439085444,15.0,,52.0,780.2142857142857,0.014285714285714285
8.753424657534246,demographic_sir,0.1165840327355071,3.083794665665535e-23,0.8834159672644946,15.0,,52.0,780.2142857142857,0.014285714285714285
8.756164383561645,demographic_sir,0.11661860802629014,3.431164998073598e-23,0.8833813919737115,15.0,,52.0,780.2142857142857,0.014285714285714285
8.758904109589041,demographic_sir,0.11665318196385929,3.817946600584477e-23,0.8833468180361422,15.0,,52.0,780.2142857142857,0.014285714285714285
8.761643835616438,demographic_sir,0.11668775454826755,4.248642532174393e-23,0.883312245451734,15.0,,52.0,780.2142857142857,0.014285714285714285
8.764383561643836,demographic_sir,0.11672232577956788,4.728273930890993e-23,0.8832776742204337,15.0,,52.0,780.2142857142857,0.014285714285714285
8.767123287671232,demographic_sir,0.11675689565781322,5.262440024713161e-23,0.8832431043421883,15.0,,52.0,780.2142857142857,0.014285714285714285
8.76986301369863,demographic_sir,0.11679146418305655,5.857385140117948e-23,0.883208535816945,15.0,,52.0,780.2142857142857,0.014285714285714285
8.772602739726027,demographic_sir,0.11682603135535079,6.520073529683981e-23,0.8831739686446508,15.0,,52.0,780.2142857142857,0.014285714285714285
8.775342465753425,demographic_sir,0.11686059717474892,7.258272937104124e-23,0.8831394028252526,15.0,,52.0,780.2142857142857,0.014285714285714285
8.778082191780822,demographic_sir,0.11689516164130388,8.080647926514717e-23,0.8831048383586977,15.0,,52.0,780.2142857142857,0.014285714285714285
8.78082191780822,demographic_sir,0.11692972475506863,8.996864124546868e-23,0.883070275244933,15.0,,52.0,780.2142857142857,0.014285714285714285
8.783561643835617,demographic_sir,0.11696428651609608,1.0017704659407043e-22,0.8830357134839055,15.0,,52.0,780.2142857142857,0.014285714285714285
8.786301369863013,demographic_sir,0.11699884692443921,1.1155200233448643e-22,0.8830011530755625,15.0,,52.0,780.2142857142857,0.014285714285714285
8.789041095890411,demographic_sir,0.11703340598015097,1.2422774435920414e-22,0.8829665940198507,15.0,,52.0,780.2142857142857,0.014285714285714285
8.791780821917808,demographic_sir,0.11706796368328425,1.383540609315633e-22,0.8829320363167174,15.0,,52.0,780.2142857142857,0.014285714285714285
8.794520547945206,demographic_sir,0.11710252003389203,1.5409810666782066e-22,0.8828974799661096,15.0,,52.0,780.2142857142857,0.014285714285714285
8.797260273972602,demographic_sir,0.11713707503202722,1.7164642949260009e-22,0.8828629249679745,15.0,,52.0,780.2142857142857,0.014285714285714285
8.8,demographic_sir,0.11717162867774278,1.9120723573461096e-22,0.8828283713222589,15.0,,52.0,780.2142857142857,0.014285714285714285
8.802739726027397,demographic_sir,0.11720618097109162,2.1301292152172277e-22,0.8827938190289101,15.0,,52.0,780.2142857142857,0.014285714285714285
8.805479452054795,demographic_sir,0.11724073191212668,2.3732290198614393e-22,0.882759268087875,15.0,,52.0,780.2142857142857,0.014285714285714285
8.808219178082192,demographic_sir,0.11727528150090087,2.6442677354189615e-22,0.8827247184991007,15.0,,52.0,780.2142857142857,0.014285714285714285
8.810958904109588,demographic_sir,0.11730982973746713,2.9464784869944493e-22,0.8826901702625345,15.0,,52.0,780.2142857142857,0.014285714285714285
8.813698630136987,demographic_sir,0.1173443766218784,3.283471075871751e-22,0.8826556233781232,15.0,,52.0,780.2142857142857,0.014285714285714285
8.816438356164383,demographic_sir,0.11737892215418755,3.659276156200865e-22,0.882621077845814,15.0,,52.0,780.2142857142857,0.014285714285714285
8.819178082191781,demographic_sir,0.11741346633444756,4.078394626592e-22,0.8825865336655541,15.0,,52.0,780.2142857142857,0.014285714285714285
8.821917808219178,demographic_sir,0.1174480091627113,4.545852856164261e-22,0.8825519908372903,15.0,,52.0,780.2142857142857,0.014285714285714285
8.824657534246576,demographic_sir,0.11748255063903172,5.067264438680214e-22,0.88251744936097,15.0,,52.0,780.2142857142857,0.014285714285714285
8.827397260273973,demographic_sir,0.11751709076346169,5.64889925136156e-22,0.8824829092365399,15.0,,52.0,780.2142857142857,0.014285714285714285
8.83013698630137,demographic_sir,0.11755162953605416,6.297760687968931e-22,0.8824483704639475,15.0,,52.0,780.2142857142857,0.014285714285714285
8.832876712328767,demographic_sir,0.11758616695686203,7.021672039875794e-22,0.8824138330431397,15.0,,52.0,780.2142857142857,0.014285714285714285
8.835616438356164,demographic_sir,0.11762070302593818,7.829373115612276e-22,0.8823792969740636,15.0,,52.0,780.2142857142857,0.014285714285714285
8.838356164383562,demographic_sir,0.11765523774333556,8.730628320134806e-22,0.8823447622566661,15.0,,52.0,780.2142857142857,0.014285714285714285
8.841095890410958,demographic_sir,0.11768977110910701,9.736347561677941e-22,0.8823102288908946,15.0,,52.0,780.2142857142857,0.014285714285714285
8.843835616438357,demographic_sir,0.11772430312330551,1.0858721518340249e-21,0.8822756968766962,15.0,,52.0,780.2142857142857,0.014285714285714285
8.846575342465753,demographic_sir,0.11775883378598388,1.2111372980678575e-21,0.8822411662140177,15.0,,52.0,780.2142857142857,0.014285714285714285
8.849315068493151,demographic_sir,0.11779336309719508,1.3509526193034904e-21,0.8822066369028065,15.0,,52.0,780.2142857142857,0.014285714285714285
8.852054794520548,demographic_sir,0.11782789105699196,1.5070196347666684e-21,0.8821721089430096,15.0,,52.0,780.2142857142857,0.014285714285714285
8.854794520547946,demographic_sir,0.11786241766542745,1.6812401645209904e-21,0.8821375823345741,15.0,,52.0,780.2142857142857,0.014285714285714285
8.857534246575343,demographic_sir,0.11789694292255438,1.8757400625788165e-21,0.8821030570774472,15.0,,52.0,780.2142857142857,0.014285714285714285
8.860273972602739,demographic_sir,0.11793146682842567,2.092895780124317e-21,0.8820685331715759,15.0,,52.0,780.2142857142857,0.014285714285714285
8.863013698630137,demographic_sir,0.11796598938309424,2.3353640984569496e-21,0.8820340106169072,15.0,,52.0,780.2142857142857,0.014285714285714285
8.865753424657534,demographic_sir,0.11800051058661293,2.6061154122726866e-21,0.8819994894133886,15.0,,52.0,780.2142857142857,0.014285714285714285
8.868493150684932,demographic_sir,0.11803503043903464,2.9084709898885063e-21,0.8819649695609668,15.0,,52.0,780.2142857142857,0.014285714285714285
8.871232876712329,demographic_sir,0.11806954894041223,3.246144688586549e-21,0.8819304510595892,15.0,,52.0,780.2142857142857,0.014285714285714285
8.873972602739727,demographic_sir,0.11810406609079861,3.623289661114956e-21,0.8818959339092028,15.0,,52.0,780.2142857142857,0.014285714285714285
8.876712328767123,demographic_sir,0.11813858189024662,4.044550654262667e-21,0.8818614181097548,15.0,,52.0,780.2142857142857,0.014285714285714285
8.879452054794521,demographic_sir,0.11817309633880917,4.515122573234624e-21,0.8818269036611923,15.0,,52.0,780.2142857142857,0.014285714285714285
8.882191780821918,demographic_sir,0.11820760943653909,5.040816067206455e-21,0.8817923905634625,15.0,,52.0,780.2142857142857,0.014285714285714285
8.884931506849314,demographic_sir,0.11824212118348927,5.628130983081347e-21,0.8817578788165122,15.0,,52.0,780.2142857142857,0.014285714285714285
8.887671232876713,demographic_sir,0.1182766315797126,6.284338637265047e-21,0.881723368420289,15.0,,52.0,780.2142857142857,0.014285714285714285
8.89041095890411,demographic_sir,0.1183111406252619,7.017573970646907e-21,0.8816888593747396,15.0,,52.0,780.2142857142857,0.014285714285714285
8.893150684931507,demographic_sir,0.11834564832019008,7.836938781437095e-21,0.8816543516798114,15.0,,52.0,780.2142857142857,0.014285714285714285
8.895890410958904,demographic_sir,0.11838015466454996,8.752617375781212e-21,0.8816198453354516,15.0,,52.0,780.2142857142857,0.014285714285714285
8.898630136986302,demographic_sir,0.11841465965839443,9.77600613916366e-21,0.8815853403416071,15.0,,52.0,780.2142857142857,0.014285714285714285
8.901369863013699,demographic_sir,0.11844916330177631,1.0919858714605853e-20,0.8815508366982252,15.0,,52.0,780.2142857142857,0.014285714285714285
8.904109589041097,demographic_sir,0.11848366559474849,1.2198448679150692e-20,0.881516334405253,15.0,,52.0,780.2142857142857,0.014285714285714285
8.906849315068493,demographic_sir,0.1185181665373638,1.3627751840718005e-20,0.8814818334626378,15.0,,52.0,780.2142857142857,0.014285714285714285
8.90958904109589,demographic_sir,0.1185526661296751,1.5225650536384486e-20,0.8814473338703265,15.0,,52.0,780.2142857142857,0.014285714285714285
8.912328767123288,demographic_sir,0.11858716437173528,1.701216260380538e-20,0.8814128356282663,15.0,,52.0,780.2142857142857,0.014285714285714285
8.915068493150685,demographic_sir,0.11862166126359709,1.9009698023930868e-20,0.8813783387364045,15.0,,52.0,780.2142857142857,0.014285714285714285
8.917808219178083,demographic_sir,0.11865615680531347,2.1243346599706257e-20,0.8813438431946881,15.0,,52.0,780.2142857142857,0.014285714285714285
8.92054794520548,demographic_sir,0.1186906509969372,2.374120044700237e-20,0.8813093490030643,15.0,,52.0,780.2142857142857,0.014285714285714285
8.923287671232877,demographic_sir,0.11872514383852115,2.653471553634969e-20,0.8812748561614804,15.0,,52.0,780.2142857142857,0.014285714285714285
8.926027397260274,demographic_sir,0.11875963533011814,2.965911704313831e-20,0.8812403646698834,15.0,,52.0,780.2142857142857,0.014285714285714285
8.92876712328767,demographic_sir,0.118794125471781,3.3153853847190474e-20,0.8812058745282205,15.0,,52.0,780.2142857142857,0.014285714285714285
8.931506849315069,demographic_sir,0.11882861426356262,3.706310817756928e-20,0.8811713857364388,15.0,,52.0,780.2142857142857,0.014285714285714285
8.934246575342465,demographic_sir,0.11886310170551576,4.143636713440672e-20,0.8811368982944857,15.0,,52.0,780.2142857142857,0.014285714285714285
8.936986301369863,demographic_sir,0.1188975877976933,4.632906364626579e-20,0.8811024122023081,15.0,,52.0,780.2142857142857,0.014285714285714285
8.93972602739726,demographic_sir,0.11893207254014804,5.1803295350290647e-20,0.8810679274598534,15.0,,52.0,780.2142857142857,0.014285714285714285
8.942465753424658,demographic_sir,0.11896655593293283,5.792863092621363e-20,0.8810334440670686,15.0,,52.0,780.2142857142857,0.014285714285714285
8.945205479452055,demographic_sir,0.11900103797610045,6.478301458784453e-20,0.8809989620239009,15.0,,52.0,780.2142857142857,0.014285714285714285
8.947945205479453,demographic_sir,0.11903551866970377,7.245378075378701e-20,0.8809644813302976,15.0,,52.0,780.2142857142857,0.014285714285714285
8.95068493150685,demographic_sir,0.11906999801379557,8.103879240000926e-20,0.8809300019862057,15.0,,52.0,780.2142857142857,0.014285714285714285
8.953424657534246,demographic_sir,0.11910447600842869,9.06477182618428e-20,0.8808955239915726,15.0,,52.0,780.2142857142857,0.014285714285714285
8.956164383561644,demographic_sir,0.11913895265365597,1.0140346592384853e-19,0.8808610473463453,15.0,,52.0,780.2142857142857,0.014285714285714285
8.95890410958904,demographic_sir,0.11917342794953016,1.1344378993943823e-19,0.8808265720504711,15.0,,52.0,780.2142857142857,0.014285714285714285
8.961643835616439,demographic_sir,0.11920790189610413,1.2692309648665532e-19,0.8807920981038971,15.0,,52.0,780.2142857142857,0.014285714285714285
8.964383561643835,demographic_sir,0.11924237449343064,1.420144687244829e-19,0.8807576255065707,15.0,,52.0,780.2142857142857,0.014285714285714285
8.967123287671233,demographic_sir,0.11927684574156255,1.5891194000320956e-19,0.8807231542584387,15.0,,52.0,780.2142857142857,0.014285714285714285
8.96986301369863,demographic_sir,0.11931131564055263,1.7783304544239393e-19,0.8806886843594487,15.0,,52.0,780.2142857142857,0.014285714285714285
8.972602739726028,demographic_sir,0.1193457841904537,1.9902168616944254e-19,0.8806542158095476,15.0,,52.0,780.2142857142857,0.014285714285714285
8.975342465753425,demographic_sir,0.11938025139131854,2.2275134476072924e-19,0.8806197486086829,15.0,,52.0,780.2142857142857,0.014285714285714285
8.978082191780821,demographic_sir,0.11941471724319995,2.4932869520718135e-19,0.8805852827568014,15.0,,52.0,780.2142857142857,0.014285714285714285
8.98082191780822,demographic_sir,0.11944918174615075,2.7909765610090597e-19,0.8805508182538505,15.0,,52.0,780.2142857142857,0.014285714285714285
8.983561643835616,demographic_sir,0.11948364490022371,3.12443941786031e-19,0.8805163550997775,15.0,,52.0,780.2142857142857,0.014285714285714285
8.986301369863014,demographic_sir,0.11951810670547165,3.498001730183284e-19,0.8804818932945295,15.0,,52.0,780.2142857142857,0.014285714285714285
8.98904109589041,demographic_sir,0.11955256716194734,3.916516163285481e-19,0.8804474328380538,15.0,,52.0,780.2142857142857,0.014285714285714285
8.991780821917809,demographic_sir,0.11958702626970359,4.385426298934123e-19,0.8804129737302976,15.0,,52.0,780.2142857142857,0.014285714285714285
8.994520547945205,demographic_sir,0.11962148402879315,4.910839034015591e-19,0.880378515971208,15.0,,52.0,780.2142857142857,0.014285714285714285
8.997260273972604,demographic_sir,0.11965594043926883,5.49960590300705e-19,0.8803440595607324,15.0,,52.0,780.2142857142857,0.014285714285714285
9.0,demographic_sir,0.1196903955011834,6.159414430729375e-19,0.8803096044988178,15.0,,52.0,780.2142857142857,0.014285714285714285
9.002739726027396,demographic_sir,0.11972484921458966,6.898890759867614e-19,0.8802751507854115,15.0,,52.0,780.2142857142857,0.014285714285714285
9.005479452054795,demographic_sir,0.11975930157954039,7.727714953032372e-19,0.8802406984204608,15.0,,52.0,780.2142857142857,0.014285714285714285
9.008219178082191,demographic_sir,0.11979375259608832,8.656750543946543e-19,0.8802062474039128,15.0,,52.0,780.2142857142857,0.014285714285714285
9.01095890410959,demographic_sir,0.11982820226428628,9.698190109099405e-19,0.8801717977357149,15.0,,52.0,780.2142857142857,0.014285714285714285
9.013698630136986,demographic_sir,0.11986265058418699,1.0865718852668944e-18,0.8801373494158142,15.0,,52.0,780.2142857142857,0.014285714285714285
9.016438356164384,demographic_sir,0.11989709755584327,1.2174698446878633e-18,0.8801029024441579,15.0,,52.0,780.2142857142857,0.014285714285714285
9.01917808219178,demographic_sir,0.11993154317930783,1.3642373650619618e-18,0.8800684568206933,15.0,,52.0,780.2142857142857,0.014285714285714285
9.021917808219179,demographic_sir,0.11996598745463351,1.5288104545265181e-18,0.8800340125453677,15.0,,52.0,780.2142857142857,0.014285714285714285
9.024657534246575,demographic_sir,0.12000043038187301,1.7133627582421208e-18,0.8799995696181282,15.0,,52.0,780.2142857142857,0.014285714285714285
9.027397260273972,demographic_sir,0.1200348719610791,1.9203349039146374e-18,0.879965128038922,15.0,,52.0,780.2142857142857,0.014285714285714285
9.03013698630137,demographic_sir,0.1200693121923046,2.1524674927407097e-18,0.8799306878076966,15.0,,52.0,780.2142857142857,0.014285714285714285
9.032876712328767,demographic_sir,0.12010375107560219,2.412838191281431e-18,0.879896248924399,15.0,,52.0,780.2142857142857,0.014285714285714285
9.035616438356165,demographic_sir,0.12013818861102467,2.704903437014722e-18,0.8798618113889766,15.0,,52.0,780.2142857142857,0.014285714285714285
9.038356164383561,demographic_sir,0.12017262479862477,3.0325453347905874e-18,0.8798273752013765,15.0,,52.0,780.2142857142857,0.014285714285714285
9.04109589041096,demographic_sir,0.12020705963845528,3.4001243940570097e-18,0.8797929403615461,15.0,,52.0,780.2142857142857,0.014285714285714285
9.043835616438356,demographic_sir,0.1202414931305689,3.812538838538473e-18,0.8797585068694325,15.0,,52.0,780.2142857142857,0.014285714285714285
9.046575342465754,demographic_sir,0.1202759252750184,4.275291312249013e-18,0.8797240747249829,15.0,,52.0,780.2142857142857,0.014285714285714285
9.04931506849315,demographic_sir,0.12031035607185651,4.794563909574561e-18,0.8796896439281449,15.0,,52.0,780.2142857142857,0.014285714285714285
9.052054794520547,demographic_sir,0.120344785521136,5.37730257421147e-18,0.8796552144788654,15.0,,52.0,780.2142857142857,0.014285714285714285
9.054794520547945,demographic_sir,0.12037921362290963,6.031312043616782e-18,0.8796207863770917,15.0,,52.0,780.2142857142857,0.014285714285714285
9.057534246575342,demographic_sir,0.12041364037723008,6.7653626642602084e-18,0.8795863596227713,15.0,,52.0,780.2142857142857,0.014285714285714285
9.06027397260274,demographic_sir,0.12044806578415013,7.58931057047541e-18,0.8795519342158512,15.0,,52.0,780.2142857142857,0.014285714285714285
9.063013698630137,demographic_sir,0.12048248984372247,8.514232908485764e-18,0.8795175101562788,15.0,,52.0,780.2142857142857,0.014285714285714285
9.065753424657535,demographic_sir,0.12051691255599989,9.552580000011888e-18,0.8794830874440014,15.0,,52.0,780.2142857142857,0.014285714285714285
9.068493150684931,demographic_sir,0.12055133392103508,1.0718346579723102e-17,0.8794486660789662,15.0,,52.0,780.2142857142857,0.014285714285714285
9.07123287671233,demographic_sir,0.12058575393888078,1.2027264511266234e-17,0.8794142460611205,15.0,,52.0,780.2142857142857,0.014285714285714285
9.073972602739726,demographic_sir,0.12062017260958971,1.349701969145723e-17,0.8793798273904115,15.0,,52.0,780.2142857142857,0.014285714285714285
9.076712328767123,demographic_sir,0.1206545899332146,1.5147496196032877e-17,0.8793454100667867,15.0,,52.0,780.2142857142857,0.014285714285714285
9.07945205479452,demographic_sir,0.12068900590980819,1.70010511079412e-17,0.8793109940901931,15.0,,52.0,780.2142857142857,0.014285714285714285
9.082191780821917,demographic_sir,0.12072342053942317,1.9082823906281475e-17,0.879276579460578,15.0,,52.0,780.2142857142857,0.014285714285714285
9.084931506849315,demographic_sir,0.1207578338221123,2.1421084786956684e-17,0.879242166177889,15.0,,52.0,780.2142857142857,0.014285714285714285
9.087671232876712,demographic_sir,0.12079224575792825,2.404762684200208e-17,0.8792077542420731,15.0,,52.0,780.2142857142857,0.014285714285714285
9.09041095890411,demographic_sir,0.12082665634692377,2.6998207651681614e-17,0.8791733436530775,15.0,,52.0,780.2142857142857,0.014285714285714285
9.093150684931507,demographic_sir,0.12086106558915152,3.0313046550652085e-17,0.8791389344108498,15.0,,52.0,780.2142857142857,0.014285714285714285
9.095890410958905,demographic_sir,0.12089547348466428,3.403738462747293e-17,0.8791045265153371,15.0,,52.0,780.2142857142857,0.014285714285714285
9.098630136986301,demographic_sir,0.1209298800335147,3.8222115416731633e-17,0.8790701199664867,15.0,,52.0,780.2142857142857,0.014285714285714285
9.101369863013698,demographic_sir,0.1209642852357555,4.292449525869917e-17,0.8790357147642459,15.0,,52.0,780.2142857142857,0.014285714285714285
9.104109589041096,demographic_sir,0.12099868909143943,4.8208943447109e-17,0.8790013109085619,15.0,,52.0,780.2142857142857,0.014285714285714285
9.106849315068493,demographic_sir,0.12103309160061913,5.4147943578615466e-17,0.8789669083993822,15.0,,52.0,780.2142857142857,0.014285714285714285
9.10958904109589,demographic_sir,0.12106749276334734,6.082305897648172e-17,0.878932507236654,15.0,,52.0,780.2142857142857,0.014285714285714285
9.112328767123287,demographic_sir,0.12110189257967673,6.8326076707403e-17,0.8788981074203246,15.0,,52.0,780.2142857142857,0.014285714285714285
9.115068493150686,demographic_sir,0.12113629104966,7.676029656883671e-17,0.8788637089503413,15.0,,52.0,780.2142857142857,0.014285714285714285
9.117808219178082,demographic_sir,0.12117068817334985,8.624198352134022e-17,0.8788293118266515,15.0,,52.0,780.2142857142857,0.014285714285714285
9.12054794520548,demographic_sir,0.12120508395079899,9.69020044081906e-17,0.8787949160492022,15.0,,52.0,780.2142857142857,0.014285714285714285
9.123287671232877,demographic_sir,0.12123947838206006,1.0888767247675243e-16,0.8787605216179412,15.0,,52.0,780.2142857142857,0.014285714285714285
9.126027397260273,demographic_sir,0.12127387146718578,1.2236482623352299e-16,0.8787261285328155,15.0,,52.0,780.2142857142857,0.014285714285714285
9.128767123287671,demographic_sir,0.12130826320622885,1.375201725707672e-16,0.8786917367937724,15.0,,52.0,780.2142857142857,0.014285714285714285
9.131506849315068,demographic_sir,0.12134265359924191,1.5456392794891237e-16,0.8786573464007594,15.0,,52.0,780.2142857142857,0.014285714285714285
9.134246575342466,demographic_sir,0.1213770426462777,1.7373279576179583e-16,0.8786229573537236,15.0,,52.0,780.2142857142857,0.014285714285714285
9.136986301369863,demographic_sir,0.12141143034738884,1.9529332291561934e-16,0.8785885696526124,15.0,,52.0,780.2142857142857,0.014285714285714285
9.139726027397261,demographic_sir,0.12144581670262805,2.1954568419148014e-16,0.8785541832973732,15.0,,52.0,780.2142857142857,0.014285714285714285
9.142465753424657,demographic_sir,0.12148020171204796,2.468279492157046e-16,0.8785197982879532,15.0,,52.0,780.2142857142857,0.014285714285714285
9.145205479452056,demographic_sir,0.12151458537570128,2.7752089392813506e-16,0.8784854146242999,15.0,,52.0,780.2142857142857,0.014285714285714285
9.147945205479452,demographic_sir,0.12154896769364065,3.120534264180272e-16,0.8784510323063603,15.0,,52.0,780.2142857142857,0.014285714285714285
9.150684931506849,demographic_sir,0.12158334866591877,3.509087060133842e-16,0.8784166513340822,15.0,,52.0,780.2142857142857,0.014285714285714285
9.153424657534247,demographic_sir,0.12161772829258831,3.946310446931588e-16,0.8783822717074127,15.0,,52.0,780.2142857142857,0.014285714285714285
9.156164383561643,demographic_sir,0.12165210657370187,4.4383369139897843e-16,0.878347893426299,15.0,,52.0,780.2142857142857,0.014285714285714285
9.158904109589042,demographic_sir,0.12168648350931219,4.992076128244536e-16,0.8783135164906887,15.0,,52.0,780.2142857142857,0.014285714285714285
9.161643835616438,demographic_sir,0.12172085909947186,5.615313989498926e-16,0.8782791409005289,15.0,,52.0,780.2142857142857,0.014285714285714285
9.164383561643836,demographic_sir,0.12175523334423359,6.316824381933865e-16,0.8782447666557671,15.0,,52.0,780.2142857142857,0.014285714285714285
9.167123287671233,demographic_sir,0.12178960624365,7.106495258086645e-16,0.8782103937563507,15.0,,52.0,780.2142857142857,0.014285714285714285
9.169863013698631,demographic_sir,0.12182397779777378,7.995470903670453e-16,0.8781760222022268,15.0,,52.0,780.2142857142857,0.014285714285714285
9.172602739726027,demographic_sir,0.12185834800665753,8.996312471250822e-16,0.8781416519933429,15.0,,52.0,780.2142857142857,0.014285714285714285
9.175342465753424,demographic_sir,0.12189271687035391,1.012317914174044e-15,0.8781072831296465,15.0,,52.0,780.2142857142857,0.014285714285714285
9.178082191780822,demographic_sir,0.12192708438891561,1.139203257889866e-15,0.8780729156110847,15.0,,52.0,780.2142857142857,0.014285714285714285
9.180821917808219,demographic_sir,0.12196145056239521,1.2820867688266292e-15,0.878038549437605,15.0,,52.0,780.2142857142857,0.014285714285714285
9.183561643835617,demographic_sir,0.12199581539084542,1.4429973083418231e-15,0.8780041846091545,15.0,,52.0,780.2142857142857,0.014285714285714285
9.186301369863013,demographic_sir,0.1220301788743188,1.6242225104984393e-15,0.877969821125681,15.0,,52.0,780.2142857142857,0.014285714285714285
9.189041095890412,demographic_sir,0.12206454101286804,1.8283419738417156e-15,0.8779354589871315,15.0,,52.0,780.2142857142857,0.014285714285714285
9.191780821917808,demographic_sir,0.12209890180654573,2.0582647342379607e-15,0.8779010981934536,15.0,,52.0,780.2142857142857,0.014285714285714285
9.194520547945206,demographic_sir,0.12213326125540455,2.317271573975641e-15,0.8778667387445945,15.0,,52.0,780.2142857142857,0.014285714285714285
9.197260273972603,demographic_sir,0.12216761935949708,2.609062794711201e-15,0.8778323806405017,15.0,,52.0,780.2142857142857,0.014285714285714285
9.2,demographic_sir,0.12220197611887594,2.937812163730396e-15,0.8777980238811226,15.0,,52.0,780.2142857142857,0.014285714285714285
9.202739726027398,demographic_sir,0.1222363315335938,3.3082278356062303e-15,0.8777636684664044,15.0,,52.0,780.2142857142857,0.014285714285714285
9.205479452054794,demographic_sir,0.1222706856037032,3.7256211561136915e-15,0.8777293143962946,15.0,,52.0,780.2142857142857,0.014285714285714285
9.208219178082192,demographic_sir,0.12230503832925683,4.195984373796547e-15,0.8776949616707406,15.0,,52.0,780.2142857142857,0.014285714285714285
9.210958904109589,demographic_sir,0.12233938971030725,4.7260784186803e-15,0.8776606102896897,15.0,,52.0,780.2142857142857,0.014285714285714285
9.213698630136987,demographic_sir,0.1223737397469071,5.323532059381546e-15,0.8776262602530892,15.0,,52.0,780.2142857142857,0.014285714285714285
9.216438356164383,demographic_sir,0.12240808843910894,5.996953921549486e-15,0.8775919115608867,15.0,,52.0,780.2142857142857,0.014285714285714285
9.219178082191782,demographic_sir,0.1224424357869654,6.756059044903418e-15,0.8775575642130294,15.0,,52.0,780.2142857142857,0.014285714285714285
9.221917808219178,demographic_sir,0.12247678179052904,7.611811876007404e-15,0.877523218209465,15.0,,52.0,780.2142857142857,0.014285714285714285
9.224657534246575,demographic_sir,0.12251112644985246,8.576587842833133e-15,0.8774888735501406,15.0,,52.0,780.2142857142857,0.014285714285714285
9.227397260273973,demographic_sir,0.12254546976498826,9.664355938843642e-15,0.8774545302350037,15.0,,52.0,780.2142857142857,0.014285714285714285
9.23013698630137,demographic_sir,0.12257981173598899,1.0890885063224977e-14,0.8774201882640018,15.0,,52.0,780.2142857142857,0.014285714285714285
9.232876712328768,demographic_sir,0.12261415236290725,1.2273977224883088e-14,0.8773858476370822,15.0,,52.0,780.2142857142857,0.014285714285714285
9.235616438356164,demographic_sir,0.12264849164579555,1.383373112647232e-14,0.8773515083541923,15.0,,52.0,780.2142857142857,0.014285714285714285
9.238356164383562,demographic_sir,0.1226828295847065,1.559284010746986e-14,0.8773171704152796,15.0,,52.0,780.2142857142857,0.014285714285714285
9.241095890410959,demographic_sir,0.12271716617969258,1.757692894916536e-14,0.8772828338202916,15.0,,52.0,780.2142857142857,0.014285714285714285
9.243835616438357,demographic_sir,0.1227515014308064,1.981493463774937e-14,0.8772484985691755,15.0,,52.0,780.2142857142857,0.014285714285714285
9.246575342465754,demographic_sir,0.12278583533810042,2.233953685343626e-14,0.877214164661879,15.0,,52.0,780.2142857142857,0.014285714285714285
9.24931506849315,demographic_sir,0.12282016790162717,2.5187644714483855e-14,0.8771798320983494,15.0,,52.0,780.2142857142857,0.014285714285714285
9.252054794520548,demographic_sir,0.1228544991214392,2.8400947166635798e-14,0.877145500878534,15.0,,52.0,780.2142857142857,0.014285714285714285
9.254794520547945,demographic_sir,0.12288882899758893,3.2026535384624927e-14,0.8771111710023807,15.0,,52.0,780.2142857142857,0.014285714285714285
9.257534246575343,demographic_sir,0.1229231575301289,3.6117606658042906e-14,0.8770768424698366,15.0,,52.0,780.2142857142857,0.014285714285714285
9.26027397260274,demographic_sir,0.1229574847191115,4.0734260486319574e-14,0.8770425152808494,15.0,,52.0,780.2142857142857,0.014285714285714285
9.263013698630138,demographic_sir,0.12299181056458923,4.59443990266898e-14,0.8770081894353665,15.0,,52.0,780.2142857142857,0.014285714285714285
9.265753424657534,demographic_sir,0.12302613506661444,5.1824745646590394e-14,0.8769738649333354,15.0,,52.0,780.2142857142857,0.014285714285714285
9.268493150684932,demographic_sir,0.12306045822523959,5.846199715378944e-14,0.8769395417747036,15.0,,52.0,780.2142857142857,0.014285714285714285
9.271232876712329,demographic_sir,0.12309478004051697,6.595412734158882e-14,0.8769052199594187,15.0,,52.0,780.2142857142857,0.014285714285714285
9.273972602739725,demographic_sir,0.12312910051249897,7.441186182594601e-14,0.8768708994874282,15.0,,52.0,780.2142857142857,0.014285714285714285
9.276712328767124,demographic_sir,0.12316341964123789,8.396034680228721e-14,0.8768365803586797,15.0,,52.0,780.2142857142857,0.014285714285714285
9.27945205479452,demographic_sir,0.12319773742678597,9.474103735470543e-14,0.8768022625731208,15.0,,52.0,780.2142857142857,0.014285714285714285
9.282191780821918,demographic_sir,0.12323205386919547,1.0691383435615227e-13,0.8767679461306991,15.0,,52.0,780.2142857142857,0.014285714285714285
9.284931506849315,demographic_sir,0.12326636896851853,1.206595028587242e-13,0.8767336310313623,15.0,,52.0,780.2142857142857,0.014285714285714285
9.287671232876713,demographic_sir,0.1233006827248073,1.3618240925020878e-13,0.876699317275058,15.0,,52.0,780.2142857142857,0.014285714285714285
9.29041095890411,demographic_sir,0.12333499513811381,1.5371361941448367e-13,0.876665004861734,15.0,,52.0,780.2142857142857,0.014285714285714285
9.293150684931508,demographic_sir,0.1233693062084901,1.7351440575969637e-13,0.876630693791338,15.0,,52.0,780.2142857142857,0.014285714285714285
9.295890410958904,demographic_sir,0.12340361593598803,1.9588021735648475e-13,0.8765963840638177,15.0,,52.0,780.2142857142857,0.014285714285714285
9.2986301369863,demographic_sir,0.12343792432065949,2.2114517466262314e-13,0.876562075679121,15.0,,52.0,780.2142857142857,0.014285714285714285
9.301369863013699,demographic_sir,0.12347223136255622,2.4968715851282274e-13,0.8765277686371957,15.0,,52.0,780.2142857142857,0.014285714285714285
9.304109589041095,demographic_sir,0.1235065370617298,2.8193357235593256e-13,0.8764934629379899,15.0,,52.0,780.2142857142857,0.014285714285714285
9.306849315068494,demographic_sir,0.12354084141823181,3.183678672735245e-13,0.8764591585814514,15.0,,52.0,780.2142857142857,0.014285714285714285
9.30958904109589,demographic_sir,0.12357514443211354,3.59536931281517e-13,0.8764248555675286,15.0,,52.0,780.2142857142857,0.014285714285714285
9.312328767123288,demographic_sir,0.12360944610342625,4.0605945799409793e-13,0.8763905538961693,15.0,,52.0,780.2142857142857,0.014285714285714285
9.315068493150685,demographic_sir,0.12364374643222095,4.586354251293741e-13,0.876356253567322,15.0,,52.0,780.2142857142857,0.014285714285714285
9.317808219178083,demographic_sir,0.1236780454185485,5.18056830811166e-13,0.8763219545809351,15.0,,52.0,780.2142857142857,0.014285714285714285
9.32054794520548,demographic_sir,0.12371234306245947,5.852198554447237e-13,0.8762876569369569,15.0,,52.0,780.2142857142857,0.014285714285714285
9.323287671232876,demographic_sir,0.12374663936400424,6.611386394413532e-13,0.8762533606353362,15.0,,52.0,780.2142857142857,0.014285714285714285
9.326027397260274,demographic_sir,0.12378093432323288,7.469608925915469e-13,0.8762190656760217,15.0,,52.0,780.2142857142857,0.014285714285714285
9.32876712328767,demographic_sir,0.1238152279401951,8.439855798557827e-13,0.8761847720589624,15.0,,52.0,780.2142857142857,0.014285714285714285
9.331506849315069,demographic_sir,0.12384952021494029,9.536829612193577e-13,0.8761504797841075,15.0,,52.0,780.2142857142857,0.014285714285714285
9.334246575342465,demographic_sir,0.12388381114751736,1.0777173005703859e-12,0.8761161888514065,15.0,,52.0,780.2142857142857,0.014285714285714285
9.336986301369864,demographic_sir,0.12391810073797482,1.2179726009189482e-12,0.8760818992608088,15.0,,52.0,780.2142857142857,0.014285714285714285
9.33972602739726,demographic_sir,0.12395238898636057,1.3765817713510125e-12,0.8760476110122645,15.0,,52.0,780.2142857142857,0.014285714285714285
9.342465753424658,demographic_sir,0.12398667589272197,1.5559596856977382e-12,0.8760133241057237,15.0,,52.0,780.2142857142857,0.014285714285714285
9.345205479452055,demographic_sir,0.12402096145710562,1.758840654863159e-12,0.8759790385411371,15.0,,52.0,780.2142857142857,0.014285714285714285
9.347945205479451,demographic_sir,0.1240552456795574,1.9883209051175224e-12,0.8759447543184559,15.0,,52.0,780.2142857142857,0.014285714285714285
9.35068493150685,demographic_sir,0.12408952856012234,2.2479067345477807e-12,0.8759104714376313,15.0,,52.0,780.2142857142857,0.014285714285714285
9.353424657534246,demographic_sir,0.12412381009884434,2.5415691105797854e-12,0.8758761898986157,15.0,,52.0,780.2142857142857,0.014285714285714285
9.356164383561644,demographic_sir,0.1241580902957663,2.873805574512712e-12,0.8758419097013616,15.0,,52.0,780.2142857142857,0.014285714285714285
9.35890410958904,demographic_sir,0.12419236915092977,3.249710436006255e-12,0.8758076308458222,15.0,,52.0,780.2142857142857,0.014285714285714285
9.361643835616439,demographic_sir,0.12422664666437488,3.675054373367659e-12,0.8757733533319518,15.0,,52.0,780.2142857142857,0.014285714285714285
9.364383561643836,demographic_sir,0.12426092283614008,4.156374706425993e-12,0.8757390771597053,15.0,,52.0,780.2142857142857,0.014285714285714285
9.367123287671234,demographic_sir,0.12429519766626201,4.701077780272506e-12,0.8757048023290387,15.0,,52.0,780.2142857142857,0.014285714285714285
9.36986301369863,demographic_sir,0.12432947115477515,5.317555092932801e-12,0.8756705288399091,15.0,,52.0,780.2142857142857,0.014285714285714285
9.372602739726027,demographic_sir,0.12436374330171161,6.01531502137505e-12,0.875636256692275,15.0,,52.0,780.2142857142857,0.014285714285714285
9.375342465753425,demographic_sir,0.12439801410710083,6.805132251703831e-12,0.875601985886096,15.0,,52.0,780.2142857142857,0.014285714285714285
9.378082191780821,demographic_sir,0.12443228357096907,7.699217305131415e-12,0.8755677164213336,15.0,,52.0,780.2142857142857,0.014285714285714285
9.38082191780822,demographic_sir,0.12446655169333923,8.71140887601616e-12,0.8755334482979512,15.0,,52.0,780.2142857142857,0.014285714285714285
9.383561643835616,demographic_sir,0.12450081847423015,9.857392067231391e-12,0.8754991815159142,15.0,,52.0,780.2142857142857,0.014285714285714285
9.386301369863014,demographic_sir,0.12453508391365631,1.115494602752899e-11,0.8754649160751905,15.0,,52.0,780.2142857142857,0.014285714285714285
9.389041095890411,demographic_sir,0.12456934801162697,1.2624224972175691e-11,0.8754306519757505,15.0,,52.0,780.2142857142857,0.014285714285714285
9.39178082191781,demographic_sir,0.1246036107681458,1.4288077109987099e-11,0.8753963892175678,15.0,,52.0,780.2142857142857,0.014285714285714285
9.394520547945206,demographic_sir,0.12463787218320982,1.617240661573069e-11,0.8753621278006194,15.0,,52.0,780.2142857142857,0.014285714285714285
9.397260273972602,demographic_sir,0.1246721322568087,1.8306584487102065e-11,0.8753278677248864,15.0,,52.0,780.2142857142857,0.014285714285714285
9.4,demographic_sir,0.12470639098892373,2.072391492146814e-11,0.8752936089903539,15.0,,52.0,780.2142857142857,0.014285714285714285
9.402739726027397,demographic_sir,0.12474064837952664,2.3462164752703378e-11,0.8752593515970127,15.0,,52.0,780.2142857142857,0.014285714285714285
9.405479452054795,demographic_sir,0.12477490442857841,2.6564164517629445e-11,0.8752250955448589,15.0,,52.0,780.2142857142857,0.014285714285714285
9.408219178082192,demographic_sir,0.12480915913602772,3.0078490891838014e-11,0.8751908408338953,15.0,,52.0,780.2142857142857,0.014285714285714285
9.41095890410959,demographic_sir,0.12484341250180941,3.4060241565723426e-11,0.8751565874641319,15.0,,52.0,780.2142857142857,0.014285714285714285
9.413698630136986,demographic_sir,0.12487766452584248,3.857191514514372e-11,0.8751223354355873,15.0,,52.0,780.2142857142857,0.014285714285714285
9.416438356164385,demographic_sir,0.12491191520802815,4.3684410382965325e-11,0.8750880847482891,15.0,,52.0,780.2142857142857,0.014285714285714285
9.419178082191781,demographic_sir,0.12494616454824721,4.947816100598637e-11,0.8750538354022763,15.0,,52.0,780.2142857142857,0.014285714285714285
9.421917808219177,demographic_sir,0.12498041254635751,5.604442462970283e-11,0.8750195873975998,15.0,,52.0,780.2142857142857,0.014285714285714285
9.424657534246576,demographic_sir,0.12501465920219074,6.348674678764645e-11,0.8749853407343242,15.0,,52.0,780.2142857142857,0.014285714285714285
9.427397260273972,demographic_sir,0.12504890451554887,7.192262398559484e-11,0.8749510954125302,15.0,,52.0,780.2142857142857,0.014285714285714285
9.43013698630137,demographic_sir,0.12508314848620028,8.148539297181614e-11,0.8749168514323161,15.0,,52.0,780.2142857142857,0.014285714285714285
9.432876712328767,demographic_sir,0.125117391113875,9.232637714750282e-11,0.8748826087938004,15.0,,52.0,780.2142857142857,0.014285714285714285
9.435616438356165,demographic_sir,0.12515163239825977,1.0461732529007801e-10,0.8748483674971248,15.0,,52.0,780.2142857142857,0.014285714285714285
9.438356164383562,demographic_sir,0.12518587233899195,1.1855318259633729e-10,0.8748141275424568,15.0,,52.0,780.2142857142857,0.014285714285714285
9.441095890410958,demographic_sir,0.12522011093565305,1.343552395552365e-10,0.8747798889299937,15.0,,52.0,780.2142857142857,0.014285714285714285
9.443835616438356,demographic_sir,0.125254348187761,1.5227471042261446e-10,0.8747456516599663,15.0,,52.0,780.2142857142857,0.014285714285714285
9.446575342465753,demographic_sir,0.12528858409476154,1.7259680019929779e-10,0.8747114157326437,15.0,,52.0,780.2142857142857,0.014285714285714285
9.449315068493151,demographic_sir,0.12532281865601863,1.9564532712943793e-10,0.874677181148338,15.0,,52.0,780.2142857142857,0.014285714285714285
9.452054794520548,demographic_sir,0.12535705187080304,2.2178797697428156e-10,0.8746429479074109,15.0,,52.0,780.2142857142857,0.014285714285714285
9.454794520547946,demographic_sir,0.12539128373827993,2.5144227583591974e-10,0.8746087160102798,15.0,,52.0,780.2142857142857,0.014285714285714285
9.457534246575342,demographic_sir,0.12542551425749437,2.850823802811874e-10,0.8745744854574252,15.0,,52.0,780.2142857142857,0.014285714285714285
9.46027397260274,demographic_sir,0.12545974342735514,3.232467971544018e-10,0.8745402562494001,15.0,,52.0,780.2142857142857,0.014285714285714285
9.463013698630137,demographic_sir,0.125493971246616,3.6654716099633585e-10,0.8745060283868389,15.0,,52.0,780.2142857142857,0.014285714285714285
9.465753424657533,demographic_sir,0.12552819771385476,4.156782146742421e-10,0.8744718018704691,15.0,,52.0,780.2142857142857,0.014285714285714285
9.468493150684932,demographic_sir,0.12556242282744925,4.714291589696711e-10,0.8744375767011237,15.0,,52.0,780.2142857142857,0.014285714285714285
9.471232876712328,demographic_sir,0.12559664658555,5.346965598147204e-10,0.8744033528797555,15.0,,52.0,780.2142857142857,0.014285714285714285
9.473972602739726,demographic_sir,0.12563086898604936,6.06499028001894e-10,0.8743691304074537,15.0,,52.0,780.2142857142857,0.014285714285714285
9.476712328767123,demographic_sir,0.12566509002654613,6.87993915962535e-10,0.874334909285462,15.0,,52.0,780.2142857142857,0.014285714285714285
9.479452054794521,demographic_sir,0.12569930970430562,7.804963101278471e-10,0.8743006895152001,15.0,,52.0,780.2142857142857,0.014285714285714285
9.482191780821918,demographic_sir,0.1257335280162139,8.85500636025967e-10,0.8742664710982875,15.0,,52.0,780.2142857142857,0.014285714285714285
9.484931506849316,demographic_sir,0.12576774495872622,1.0047052373010255e-09,0.8742322540365706,15.0,,52.0,780.2142857142857,0.014285714285714285
9.487671232876712,demographic_sir,0.12580196052780773,1.1400403400072333e-09,0.8741980383321539,15.0,,52.0,780.2142857142857,0.014285714285714285
9.490410958904109,demographic_sir,0.1258361747188667,1.293699870708029e-09,0.8741638239874353,15.0,,52.0,780.2142857142857,0.014285714285714285
9.493150684931507,demographic_sir,0.1258703875266782,1.4681776620634714e-09,0.8741296110051461,15.0,,52.0,780.2142857142857,0.014285714285714285
9.495890410958904,demographic_sir,0.12590459894529707,1.6663086538525556e-09,0.8740953993883962,15.0,,52.0,780.2142857142857,0.014285714285714285
9.498630136986302,demographic_sir,0.1259388089679595,1.891315782021665e-09,0.8740611891407267,15.0,,52.0,780.2142857142857,0.014285714285714285
9.501369863013698,demographic_sir,0.12597301758697044,2.1468633448300356e-09,0.8740269802661683,15.0,,52.0,780.2142857142857,0.014285714285714285
9.504109589041096,demographic_sir,0.12600722479357596,2.437117745159239e-09,0.8739927727693084,15.0,,52.0,780.2142857142857,0.014285714285714285
9.506849315068493,demographic_sir,0.1260414305778176,2.766816633437602e-09,0.8739585666553679,15.0,,52.0,780.2142857142857,0.014285714285714285
9.509589041095891,demographic_sir,0.12607563492836704,3.1413476186044514e-09,0.8739243619302874,15.0,,52.0,780.2142857142857,0.014285714285714285
9.512328767123288,demographic_sir,0.12610983783233734,3.566837877536248e-09,0.8738901586008269,15.0,,52.0,780.2142857142857,0.014285714285714285
9.515068493150684,demographic_sir,0.12614403927506887,4.050256179246345e-09,0.8738559566746771,15.0,,52.0,780.2142857142857,0.014285714285714285
9.517808219178082,demographic_sir,0.1261782392398849,4.5995290521262804e-09,0.8738217561605882,15.0,,52.0,780.2142857142857,0.014285714285714285
9.520547945205479,demographic_sir,0.1262124377078138,5.223673064242621e-09,0.8737875570685153,15.0,,52.0,780.2142857142857,0.014285714285714285
9.523287671232877,demographic_sir,0.12624663465727268,5.932945462416783e-09,0.8737533594097839,15.0,,52.0,780.2142857142857,0.014285714285714285
9.526027397260274,demographic_sir,0.12628083006370716,6.739015730278657e-09,0.8737191631972792,15.0,,52.0,780.2142857142857,0.014285714285714285
9.528767123287672,demographic_sir,0.1263150238991812,7.655160984228607e-09,0.8736849684456599,15.0,,52.0,780.2142857142857,0.014285714285714285
9.531506849315068,demographic_sir,0.1263492161319101,8.69648853543229e-09,0.8736507751716035,15.0,,52.0,780.2142857142857,0.014285714285714285
9.534246575342467,demographic_sir,0.12638340672572868,9.88018941285986e-09,0.873616583394084,15.0,,52.0,780.2142857142857,0.014285714285714285
9.536986301369863,demographic_sir,0.1264175956394854,1.1225827174992736e-08,0.8735823931346894,15.0,,52.0,780.2142857142857,0.014285714285714285
9.53972602739726,demographic_sir,0.12645178282635283,1.2755666945616306e-08,0.8735482044179823,15.0,,52.0,780.2142857142857,0.014285714285714285
9.542465753424658,demographic_sir,0.1264859682330416,1.4495050302579349e-08,0.8735140172719101,15.0,,52.0,780.2142857142857,0.014285714285714285
9.545205479452054,demographic_sir,0.1265201517989054,1.647282243982233e-08,0.8734798317282741,15.0,,52.0,780.2142857142857,0.014285714285714285
9.547945205479452,demographic_sir,0.12655433345492148,1.8721818926165997e-08,0.8734456478232616,15.0,,52.0,780.2142857142857,0.014285714285714285
9.550684931506849,demographic_sir,0.12658851312252864,2.1279420415126235e-08,0.873411465598053,15.0,,52.0,780.2142857142857,0.014285714285714285
9.553424657534247,demographic_sir,0.126622690712304,2.4188184836671786e-08,0.8733772850995132,15.0,,52.0,780.2142857142857,0.014285714285714285
9.556164383561644,demographic_sir,0.12665686612245475,2.749656794479469e-08,0.8733431063809793,15.0,,52.0,780.2142857142857,0.014285714285714285
9.558904109589042,demographic_sir,0.12669103923709962,3.125974462802305e-08,0.8733089295031579,15.0,,52.0,780.2142857142857,0.014285714285714285
9.561643835616438,demographic_sir,0.1267252099243106,3.5540545140198965e-08,0.8732747545351464,15.0,,52.0,780.2142857142857,0.014285714285714285
9.564383561643835,demographic_sir,0.12675937803388085,4.0410522407319884e-08,0.8732405815555989,15.0,,52.0,780.2142857142857,0.014285714285714285
9.567123287671233,demographic_sir,0.1267935433947809,4.595116884781202e-08,0.8732064106540525,15.0,,52.0,780.2142857142857,0.014285714285714285
9.56986301369863,demographic_sir,0.12682770581225902,5.2255303749059585e-08,0.8731722419324395,15.0,,52.0,780.2142857142857,0.014285714285714285
9.572602739726028,demographic_sir,0.1268618650645358,5.9428655218239556e-08,0.8731380755068111,15.0,,52.0,780.2142857142857,0.014285714285714285
9.575342465753424,demographic_sir,0.12689602089903618,6.759166412308679e-08,0.8731039115093018,15.0,,52.0,780.2142857142857,0.014285714285714285
9.578082191780823,demographic_sir,0.12693017302809337,7.68815413189434e-08,0.8730697500903674,15.0,,52.0,780.2142857142857,0.014285714285714285
9.580821917808219,demographic_sir,0.12696432112405076,8.745461389033004e-08,0.8730355914213374,15.0,,52.0,780.2142857142857,0.014285714285714285
9.583561643835617,demographic_sir,0.12699846481367708,9.948900119817473e-08,0.8730014356973238,15.0,,52.0,780.2142857142857,0.014285714285714285
9.586301369863014,demographic_sir,0.12703260367179733,1.131876673064801e-07,0.8729672831405374,15.0,,52.0,780.2142857142857,0.014285714285714285
9.58904109589041,demographic_sir,0.12706673721403017,1.2878190296899355e-07,0.8729331340040689,15.0,,52.0,780.2142857142857,0.014285714285714285
9.591780821917808,demographic_sir,0.12710086488850436,1.4653529790347501e-07,0.8728989885761997,15.0,,52.0,780.2142857142857,0.014285714285714285
9.594520547945205,demographic_sir,0.1271349860664112,1.6674827270439513e-07,0.8728648471853181,15.0,,52.0,780.2142857142857,0.014285714285714285
9.597260273972603,demographic_sir,0.127169100031228,1.8976324959744337e-07,0.8728307102055244,15.0,,52.0,780.2142857142857,0.014285714285714285
9.6,demographic_sir,0.12720320596642523,2.1597055249655068e-07,0.8727965780630242,15.0,,52.0,780.2142857142857,0.014285714285714285
9.602739726027398,demographic_sir,0.12723730294144253,2.458151396891225e-07,0.8727624512434198,15.0,,52.0,780.2142857142857,0.014285714285714285
9.605479452054794,demographic_sir,0.12727138989568912,2.7980428717498556e-07,0.8727283303000257,15.0,,52.0,780.2142857142857,0.014285714285714285
9.608219178082193,demographic_sir,0.12730546562028877,3.185163574857019e-07,0.8726942158633558,15.0,,52.0,780.2142857142857,0.014285714285714285
9.610958904109589,demographic_sir,0.12733952873725007,3.626108080099086e-07,0.872660108651944,15.0,,52.0,780.2142857142857,0.014285714285714285
9.613698630136986,demographic_sir,0.12737357767569737,4.128396147956591e-07,0.8726260094846898,15.0,,52.0,780.2142857142857,0.014285714285714285
9.616438356164384,demographic_sir,0.1274076106447454,4.700603128803449e-07,0.8725919192949437,15.0,,52.0,780.2142857142857,0.014285714285714285
9.61917808219178,demographic_sir,0.1274416256025419,5.352508828664997e-07,0.8725578391465773,15.0,,52.0,780.2142857142857,0.014285714285714285
9.621917808219179,demographic_sir,0.12747562022093467,6.09526746228861e-07,0.8725237702523212,15.0,,52.0,780.2142857142857,0.014285714285714285
9.624657534246575,demographic_sir,0.12750959184514132,6.941601692901301e-07,0.8724897139946916,15.0,,52.0,780.2142857142857,0.014285714285714285
9.627397260273973,demographic_sir,0.12754353744771288,7.906024186165126e-07,0.8724556719498707,15.0,,52.0,780.2142857142857,0.014285714285714285
9.63013698630137,demographic_sir,0.12757745357597955,9.005090595168493e-07,0.8724216459149632,15.0,,52.0,780.2142857142857,0.014285714285714285
9.632876712328768,demographic_sir,0.12761133629205296,1.025768845268329e-06,0.872387637939104,15.0,,52.0,780.2142857142857,0.014285714285714285
9.635616438356164,demographic_sir,0.12764518110432566,1.1685367086244006e-06,0.872353650358968,15.0,,52.0,780.2142857142857,0.014285714285714285
9.638356164383561,demographic_sir,0.12767898288925894,1.331271440244075e-06,0.872319685839303,15.0,,52.0,780.2142857142857,0.014285714285714285
9.64109589041096,demographic_sir,0.1277127358020761,1.5167787222040104e-06,0.8722857474192038,15.0,,52.0,780.2142857142857,0.014285714285714285
9.643835616438356,demographic_sir,0.127746433174782,1.7282602802182295e-06,0.8722518385649399,15.0,,52.0,780.2142857142857,0.014285714285714285
9.646575342465754,demographic_sir,0.12778006739970416,1.9693700272844853e-06,0.8722179632302707,15.0,,52.0,780.2142857142857,0.014285714285714285
9.64931506849315,demographic_sir,0.12781362979649225,2.244278196131286e-06,0.8721841259253137,15.0,,52.0,780.2142857142857,0.014285714285714285
9.652054794520549,demographic_sir,0.12784711046021982,2.55774460027807e-06,0.872150331795182,15.0,,52.0,780.2142857142857,0.014285714285714285
9.654794520547945,demographic_sir,0.127880498087894,2.915202326222804e-06,0.8721165867097819,15.0,,52.0,780.2142857142857,0.014285714285714285
9.657534246575343,demographic_sir,0.12791377978029644,3.322853345128488e-06,0.8720828973663606,15.0,,52.0,780.2142857142857,0.014285714285714285
9.66027397260274,demographic_sir,0.12794694081563804,3.78777774459328e-06,0.8720492714066196,15.0,,52.0,780.2142857142857,0.014285714285714285
9.663013698630136,demographic_sir,0.12797996439101017,4.318058523390266e-06,0.8720157175504686,15.0,,52.0,780.2142857142857,0.014285714285714285
9.665753424657535,demographic_sir,0.1280128313270415,4.922924168574169e-06,0.8719822457487921,15.0,,52.0,780.2142857142857,0.014285714285714285
9.668493150684931,demographic_sir,0.12804551973051623,5.612911549846814e-06,0.8719488673579362,15.0,,52.0,780.2142857142857,0.014285714285714285
9.67123287671233,demographic_sir,0.12807800460896457,6.400052025865422e-06,0.8719155953390119,15.0,,52.0,780.2142857142857,0.014285714285714285
9.673972602739726,demographic_sir,0.12811025743038348,7.298084067272464e-06,0.8718824444855515,15.0,,52.0,780.2142857142857,0.014285714285714285
9.676712328767124,demographic_sir,0.12814224562027757,8.32269616845296e-06,0.8718494316835562,15.0,,52.0,780.2142857142857,0.014285714285714285
9.67945205479452,demographic_sir,0.1281739319871015,9.491804351879005e-06,0.8718165762085489,15.0,,52.0,780.2142857142857,0.014285714285714285
9.682191780821919,demographic_sir,0.12820527406592722,1.0825869173984951e-05,0.8717839000649011,15.0,,52.0,780.2142857142857,0.014285714285714285
9.684931506849315,demographic_sir,0.128236223368723,1.2348257829123194e-05,0.8717514283734502,15.0,,52.0,780.2142857142857,0.014285714285714285
9.687671232876712,demographic_sir,0.12826672452800014,1.4085657728883429e-05,0.8717191898142733,15.0,,52.0,780.2142857142857,0.014285714285714285
9.69041095890411,demographic_sir,0.12829671431872713,1.6068548819228947e-05,0.871687217132456,15.0,,52.0,780.2142857142857,0.014285714285714285
9.693150684931506,demographic_sir,0.12832612054130518,1.8331742900200434e-05,0.871655547715797,15.0,,52.0,780.2142857142857,0.014285714285714285
9.695890410958905,demographic_sir,0.12835486074601005,2.09149993458228e-05,0.8716242242546465,15.0,,52.0,780.2142857142857,0.014285714285714285
9.698630136986301,demographic_sir,0.12838284077659864,2.3863727899727555e-05,0.871593295495504,15.0,,52.0,780.2142857142857,0.014285714285714285
9.7013698630137,demographic_sir,0.12840995310772127,2.7229790660244253e-05,0.8715628171016209,15.0,,52.0,780.2142857142857,0.014285714285714285
9.704109589041096,demographic_sir,0.12843607494732684,3.1072416982584126e-05,0.871532852635693,15.0,,52.0,780.2142857142857,0.014285714285714285
9.706849315068494,demographic_sir,0.12846106607136323,3.5459246831145665e-05,0.871503474681808,15.0,,52.0,780.2142857142857,0.014285714285714285
9.70958904109589,demographic_sir,0.1284847663537096,4.046752012616461e-05,0.8714747661261666,15.0,,52.0,780.2142857142857,0.014285714285714285
9.712328767123287,demographic_sir,0.12850699294939272,4.618543185934275e-05,0.8714468216187503,15.0,,52.0,780.2142857142857,0.014285714285714285
9.715068493150685,demographic_sir,0.1285275370836924,5.2713675211800664e-05,0.8714197492410981,15.0,,52.0,780.2142857142857,0.014285714285714285
9.717808219178082,demographic_sir,0.12854616039369257,6.016719759963222e-05,0.8713936724087101,15.0,,52.0,780.2142857142857,0.014285714285714285
9.72054794520548,demographic_sir,0.12856259076215937,6.867719749369399e-05,0.8713687320403493,15.0,,52.0,780.2142857142857,0.014285714285714285
9.723287671232876,demographic_sir,0.12857651757630426,7.839339299575868e-05,0.8713450890307023,15.0,,52.0,780.2142857142857,0.014285714285714285
9.726027397260275,demographic_sir,0.12858758633602516,8.948659647188674e-05,0.8713229270675052,15.0,,52.0,780.2142857142857,0.014285714285714285
9.728767123287671,demographic_sir,0.12859539252764218,0.00010215163299035832,0.8713024558393697,15.0,,52.0,780.2142857142857,0.014285714285714285
9.73150684931507,demographic_sir,0.1285994746700311,0.00011661064380138851,0.8712839146861697,15.0,,52.0,780.2142857142857,0.014285714285714285
9.734246575342466,demographic_sir,0.12859930643053513,0.000133116819499697,0.8712675767499674,15.0,,52.0,780.2142857142857,0.014285714285714285
9.736986301369862,demographic_sir,0.1285942876983166,0.00015195861064641318,0.8712537536910392,15.0,,52.0,780.2142857142857,0.014285714285714285
9.73972602739726,demographic_sir,0.12858373449320434,0.00017346446623350782,0.8712428010405643,15.0,,52.0,780.2142857142857,0.014285714285714285
9.742465753424657,demographic_sir,0.12856686757905822,0.0001980081520983276,0.8712351242688456,15.0,,52.0,780.2142857142857,0.014285714285714285
9.745205479452055,demographic_sir,0.12854279964284568,0.00022601470175638114,0.8712311856554001,15.0,,52.0,780.2142857142857,0.014285714285714285
9.747945205479452,demographic_sir,0.12851052089488746,0.00025796705047587414,0.8712315120546389,15.0,,52.0,780.2142857142857,0.014285714285714285
9.75068493150685,demographic_sir,0.1284688829432642,0.0002944133989261758,0.8712367036578119,15.0,,52.0,780.2142857142857,0.014285714285714285
9.753424657534246,demographic_sir,0.12841658079776397,0.00033597534429422954,0.8712474438579441,15.0,,52.0,780.2142857142857,0.014285714285714285
9.756164383561645,demographic_sir,0.12835213286805422,0.0003833568029738222,0.8712645103289742,15.0,,52.0,780.2142857142857,0.014285714285714285
9.758904109589041,demographic_sir,0.12827385883965675,0.0004373537280020488,0.8712887874323435,15.0,,52.0,780.2142857142857,0.014285714285714285
9.761643835616438,demographic_sir,0.12817985534318638,0.0004988645941190045,0.8713212800626969,15.0,,52.0,780.2142857142857,0.014285714285714285
9.764383561643836,demographic_sir,0.12806796938146026,0.0005689015809083842,0.8713631290376337,15.0,,52.0,780.2142857142857,0.014285714285714285
9.767123287671232,demographic_sir,0.127935769550761,0.0006486023266276346,0.8714156281226138,15.0,,52.0,780.2142857142857,0.014285714285714285
9.76986301369863,demographic_sir,0.1277805151931279,0.0007392420481398611,0.8714802427587346,15.0,,52.0,780.2142857142857,0.014285714285714285
9.772602739726027,demographic_sir,0.12759912375361754,0.0008422457213285766,0.8715586305250562,15.0,,52.0,780.2142857142857,0.014285714285714285
9.775342465753425,demographic_sir,0.12738813679868619,0.0009591998865770114,0.8716526633147392,15.0,,52.0,780.2142857142857,0.014285714285714285
9.778082191780822,demographic_sir,0.1271436853888229,0.0010918634801797289,0.8717644511309998,15.0,,52.0,780.2142857142857,0.014285714285714285
9.78082191780822,demographic_sir,0.1268614558003142,0.001242176890085025,0.8718963673096031,15.0,,52.0,780.2142857142857,0.014285714285714285
9.783561643835617,demographic_sir,0.12653665696718333,0.0014122681893332335,0.8720510748434857,15.0,,52.0,780.2142857142857,0.014285714285714285
9.786301369863013,demographic_sir,0.12616399147262125,0.0016044552114454975,0.8722315533159354,15.0,,52.0,780.2142857142857,0.014285714285714285
9.789041095890411,demographic_sir,0.12573763246334804,0.001821241801276134,0.8724411257353779,15.0,,52.0,780.2142857142857,0.014285714285714285
9.791780821917808,demographic_sir,0.12525120948682147,0.002065306211335642,0.872683484301845,15.0,,52.0,780.2142857142857,0.014285714285714285
9.794520547945206,demographic_sir,0.12469780694522652,0.0023394792356385944,0.8729627138191369,15.0,,52.0,780.2142857142857,0.014285714285714285
9.797260273972602,demographic_sir,0.12406997959017442,0.0026467093122895984,0.8732833110975381,15.0,,52.0,780.2142857142857,0.014285714285714285
9.8,demographic_sir,0.12335979019331259,0.002990011531272289,0.8736501982754172,15.0,,52.0,780.2142857142857,0.014285714285714285
9.802739726027397,demographic_sir,0.12255887513619133,0.0033723973255381135,0.8740687275382727,15.0,,52.0,780.2142857142857,0.014285714285714285
9.805479452054795,demographic_sir,0.1216585440474417,0.0037967816959094693,0.874544674256651,15.0,,52.0,780.2142857142857,0.014285714285714285
9.808219178082192,demographic_sir,0.12064991961757401,0.00426586524155421,0.8750842151408739,15.0,,52.0,780.2142857142857,0.014285714285714285
9.810958904109588,demographic_sir,0.1195241231460601,0.004781989174010805,0.8756938876799312,15.0,,52.0,780.2142857142857,0.014285714285714285
9.813698630136987,demographic_sir,0.11827251000267851,0.0053469630239998695,0.8763805269733237,15.0,,52.0,780.2142857142857,0.014285714285714285
9.816438356164383,demographic_sir,0.11688695679835857,0.005961867025553781,0.8771511761760897,15.0,,52.0,780.2142857142857,0.014285714285714285
9.819178082191781,demographic_sir,0.11536019848908621,0.006626834241014153,0.8780129672699017,15.0,,52.0,780.2142857142857,0.014285714285714285
9.821917808219178,demographic_sir,0.1136862088167381,0.007340821323708213,0.8789729698595559,15.0,,52.0,780.2142857142857,0.014285714285714285
9.824657534246576,demographic_sir,0.11186061154284026,0.008101381188262412,0.8800380072688995,15.0,,52.0,780.2142857142857,0.014285714285714285
9.827397260273973,demographic_sir,0.10988110323429028,0.008904455343418575,0.8812144414222933,15.0,,52.0,780.2142857142857,0.014285714285714285
9.83013698630137,demographic_sir,0.10774786160541819,0.009744207575953201,0.8825079308186308,15.0,,52.0,780.2142857142857,0.014285714285714285
9.832876712328767,demographic_sir,0.10546390761405368,0.010612923189694087,0.8839231691962544,15.0,,52.0,780.2142857142857,0.014285714285714285
9.835616438356164,demographic_sir,0.10303538588598464,0.011500998135650621,0.8854636159783669,15.0,,52.0,780.2142857142857,0.014285714285714285
9.838356164383562,demographic_sir,0.10047172788068312,0.012397039244049545,0.8871312328752694,15.0,,52.0,780.2142857142857,0.014285714285714285
9.841095890410958,demographic_sir,0.09778566654649917,0.013288089858743126,0.8889262435947598,15.0,,52.0,780.2142857142857,0.014285714285714285
9.843835616438357,demographic_sir,0.09499308050523297,0.014159984561542304,0.8908469349332269,15.0,,52.0,780.2142857142857,0.014285714285714285
9.846575342465753,demographic_sir,0.09211265964670133,0.014997823240598576,0.8928895171127023,15.0,,52.0,780.2142857142857,0.014285714285714285
9.849315068493151,demographic_sir,0.08916540099312598,0.01578654020297312,0.8950480588039031,15.0,,52.0,780.2142857142857,0.014285714285714285
9.852054794520548,demographic_sir,0.08617396151130789,0.016511530657419005,0.8973145078312754,15.0,,52.0,780.2142857142857,0.014285714285714285
9.854794520547946,demographic_sir,0.08316191040806356,0.01715928715390652,0.8996788024380322,15.0,,52.0,780.2142857142857,0.014285714285714285
9.857534246575343,demographic_sir,0.08015293464126227,0.017717994490917387,0.9021290708678227,15.0,,52.0,780.2142857142857,0.014285714285714285
9.860273972602739,demographic_sir,0.07717005595604055,0.01817803425200501,0.9046519097919569,15.0,,52.0,780.2142857142857,0.014285714285714285
9.863013698630137,demographic_sir,0.07423491498502217,0.01853235928037294,0.9072327257346073,15.0,,52.0,780.2142857142857,0.014285714285714285
9.865753424657534,demographic_sir,0.07136716850321657,0.018776712541277437,0.9098561189555084,15.0,,52.0,780.2142857142857,0.014285714285714285
9.868493150684932,demographic_sir,0.0685840316721736,0.018909681540722777,0.9125062867871061,15.0,,52.0,780.2142857142857,0.014285714285714285
9.871232876712329,demographic_sir,0.06589998061393977,0.018932596023358884,0.9151674233627038,15.0,,52.0,780.2142857142857,0.014285714285714285
9.873972602739727,demographic_sir,0.06332661457138224,0.018849290618911253,0.917824094809709,15.0,,52.0,780.2142857142857,0.014285714285714285
9.876712328767123,demographic_sir,0.060872663409363835,0.01866576377505538,0.9204615728155832,15.0,,52.0,780.2142857142857,0.014285714285714285
9.879452054794521,demographic_sir,0.05854411663937495,0.0183897690265002,0.9230661143341272,15.0,,52.0,780.2142857142857,0.014285714285714285
9.882191780821918,demographic_sir,0.056344444948082134,0.018030374663796894,0.9256251803881234,15.0,,52.0,780.2142857142857,0.014285714285714285
9.884931506849314,demographic_sir,0.05427488404035954,0.0175975241262815,0.9281275918333614,15.0,,52.0,780.2142857142857,0.014285714285714285
9.887671232876713,demographic_sir,0.052334752619657456,0.01710162324659955,0.9305636241337454,15.0,,52.0,780.2142857142857,0.014285714285714285
9.89041095890411,demographic_sir,0.050521780450391074,0.016553173146126875,0.9329250464034845,15.0,,52.0,780.2142857142857,0.014285714285714285
9.893150684931507,demographic_sir,0.04883242762902964,0.015962460248383995,0.9352051121225888,15.0,,52.0,780.2142857142857,0.014285714285714285
9.895890410958904,demographic_sir,0.047262181565447293,0.015339308347497208,0.937398510087058,15.0,,52.0,780.2142857142857,0.014285714285714285
9.898630136986302,demographic_sir,0.04580582313003656,0.014692892403338641,0.9395012844666273,15.0,,52.0,780.2142857142857,0.014285714285714285
9.901369863013699,demographic_sir,0.04445765759670402,0.014031609897904248,0.9415107325053942,15.0,,52.0,780.2142857142857,0.014285714285714285
9.904109589041097,demographic_sir,0.04321170926186346,0.013363003122118277,0.9434252876160207,15.0,,52.0,780.2142857142857,0.014285714285714285
9.906849315068493,demographic_sir,0.042061880954302834,0.01269372447666707,0.9452443945690325,15.0,,52.0,780.2142857142857,0.014285714285714285
9.90958904109589,demographic_sir,0.04100208117390191,0.012029536510388156,0.9469683823157125,15.0,,52.0,780.2142857142857,0.014285714285714285
9.912328767123288,demographic_sir,0.040026322458116395,0.01137533872297256,0.9485983388189135,15.0,,52.0,780.2142857142857,0.014285714285714285
9.915068493150685,demographic_sir,0.03912879493305273,0.010735213888666807,0.950135991178283,15.0,,52.0,780.2142857142857,0.014285714285714285
9.917808219178083,demographic_sir,0.038303919008305154,0.010112487620557522,0.9515835933711398,15.0,,52.0,780.2142857142857,0.014285714285714285
9.92054794520548,demographic_sir,0.03754638094565372,0.009509795944522698,0.9529438231098261,15.0,,52.0,780.2142857142857,0.014285714285714285
9.923287671232877,demographic_sir,0.03685115466852246,0.00892915668604863,0.9542196886454314,15.0,,52.0,780.2142857142857,0.014285714285714285
9.926027397260274,demographic_sir,0.03621351275354153,0.008372041427458274,0.9554144458190027,15.0,,52.0,780.2142857142857,0.014285714285714285
9.928767123287672,demographic_sir,0.03562902910698359,0.007839445632288467,0.9565315252607305,15.0,,52.0,780.2142857142857,0.014285714285714285
9.931506849315069,demographic_sir,0.035093575409110414,0.007331955243580588,0.9575744693473115,15.0,,52.0,780.2142857142857,0.014285714285714285
9.934246575342465,demographic_sir,0.03460331302680874,0.006849808643789815,0.9585468783294039,15.0,,52.0,780.2142857142857,0.014285714285714285
9.936986301369863,demographic_sir,0.03415468175825344,0.006392953324955832,0.9594523649167932,15.0,,52.0,780.2142857142857,0.014285714285714285
9.93972602739726,demographic_sir,0.03374438648504381,0.005961096972380021,0.9602945165425786,15.0,,52.0,780.2142857142857,0.014285714285714285
9.942465753424658,demographic_sir,0.033369382565756174,0.005553752929021387,0.9610768645052248,15.0,,52.0,780.2142857142857,0.014285714285714285
9.945205479452055,demographic_sir,0.03302686060621643,0.005170280196856852,0.9618028591969291,15.0,,52.0,780.2142857142857,0.014285714285714285
9.947945205479453,demographic_sir,0.032714231080963024,0.004809918260160822,0.9624758506588785,15.0,,52.0,780.2142857142857,0.014285714285714285
9.95068493150685,demographic_sir,0.03242910915204729,0.004471817097097559,0.9630990737508575,15.0,,52.0,780.2142857142857,0.014285714285714285
9.953424657534246,demographic_sir,0.03216929993025044,0.00415506279123932,0.9636756372785126,15.0,,52.0,780.2142857142857,0.014285714285714285
9.956164383561644,demographic_sir,0.03193278434527893,0.003858699172926181,0.9642085164817972,15.0,,52.0,780.2142857142857,0.014285714285714285
9.95890410958904,demographic_sir,0.03171770573127851,0.0035817459192089077,0.9647005483495148,15.0,,52.0,780.2142857142857,0.014285714285714285
9.961643835616439,demographic_sir,0.03152235718850009,0.0033232135264398507,0.9651544292850622,15.0,,52.0,780.2142857142857,0.014285714285714285
9.964383561643835,demographic_sir,0.031345169748115936,0.0030821155460113076,0.9655727147058749,15.0,,52.0,780.2142857142857,0.014285714285714285
9.967123287671233,demographic_sir,0.03118470134249681,0.0028574784447785878,0.9659578202127268,15.0,,52.0,780.2142857142857,0.014285714285714285
9.96986301369863,demographic_sir,0.03103962656570542,0.0026483494199983854,0.9663120240142984,15.0,,52.0,780.2142857142857,0.014285714285714285
9.972602739726028,demographic_sir,0.03090872719685878,0.0024538024660169288,0.9666374703371265,15.0,,52.0,780.2142857142857,0.014285714285714285
9.975342465753425,demographic_sir,0.030790883451082447,0.0022729429578323924,0.9669361735910874,15.0,,52.0,780.2142857142857,0.014285714285714285
9.978082191780821,demographic_sir,0.030685065917958845,0.0021049109858936564,0.9672100230961497,15.0,,52.0,780.2142857142857,0.014285714285714285
9.98082191780822,demographic_sir,0.030590328144874942,0.0019488836476890317,0.9674607882074382,15.0,,52.0,780.2142857142857,0.014285714285714285
9.983561643835616,demographic_sir,0.03050579982185322,0.001804076475121671,0.9676901237030272,15.0,,52.0,780.2142857142857,0.014285714285714285
9.986301369863014,demographic_sir,0.030430680524832776,0.001669744152529275,0.96789957532264,15.0,,52.0,780.2142857142857,0.014285714285714285
9.98904109589041,demographic_sir,0.030364233975583563,0.001545180658503428,0.9680905853659151,15.0,,52.0,780.2142857142857,0.014285714285714285
9.991780821917809,demographic_sir,0.030305782778201593,0.001429718945322634,0.9682644982764779,15.0,,52.0,780.2142857142857,0.014285714285714285
9.994520547945205,demographic_sir,0.030254703594249553,0.001322730252730789,0.9684225661530217,15.0,,52.0,780.2142857142857,0.014285714285714285
9.997260273972604,demographic_sir,0.030210422720910048,0.001223623137791285,0.9685659541413006,15.0,,52.0,780.2142857142857,0.014285714285714285
10.0,demographic_sir,0.030172412038907335,0.0011318422894733625,0.9686957456716213,15.0,,52.0,780.2142857142857,0.014285714285714285
