t,beta_t,i_t,alpha,R0,beta0
42.0,1014.2785714285714,3.737245838023364e-24,0.3,15.0,780.2142857142857
42.0027397260274,1014.2438922788823,3.864901826791625e-24,0.3,15.0,780.2142857142857
42.00547945205479,1014.1398651059957,3.9972772676010204e-24,0.3,15.0,780.2142857142857
42.00821917808219,1013.9665207354076,4.134508091201204e-24,0.3,15.0,780.2142857142857
42.010958904109586,1013.723910532797,4.276731017633183e-24,0.3,15.0,780.2142857142857
42.013698630136986,1013.4121063888016,4.424083268385041e-24,0.3,15.0,780.2142857142857
42.016438356164386,1013.0312006977189,4.57670225405747e-24,0.3,15.0,780.2142857142857
42.01917808219178,1012.5813063301276,4.7347252367850445e-24,0.3,15.0,780.2142857142857
42.02191780821918,1012.0625565994352,4.89828896671201e-24,0.3,15.0,780.2142857142857
42.02465753424658,1011.475105222384,5.067529291896629e-24,0.3,15.0,780.2142857142857
42.02739726027397,1010.819126273495,5.242580741116686e-24,0.3,15.0,780.2142857142857
42.03013698630137,1010.0948141334883,5.423576079137027e-24,0.3,15.0,780.2142857142857
42.032876712328765,1009.3023834316853,5.6106458341095985e-24,0.3,15.0,780.2142857142857
42.035616438356165,1008.4420689824001,5.803917796916728e-24,0.3,15.0,780.2142857142857
42.038356164383565,1007.5141257153733,6.003516492379234e-24,0.3,15.0,780.2142857142857
42.04109589041096,1006.5188286002252,6.209562622426519e-24,0.3,15.0,780.2142857142857
42.04383561643836,1005.4564725649644,6.422172481472257e-24,0.3,15.0,780.2142857142857
42.04657534246575,1004.3273724086191,6.641457344413955e-24,0.3,15.0,780.2142857142857
42.04931506849315,1003.1318627079262,6.86752282788295e-24,0.3,15.0,780.2142857142857
42.05205479452055,1001.8702977182144,7.100468225543088e-24,0.3,15.0,780.2142857142857
42.054794520547944,1000.543051268417,7.340385818480796e-24,0.3,15.0,780.2142857142857
42.057534246575344,999.1505166503018,7.587360161936229e-24,0.3,15.0,780.2142857142857
42.06027397260274,997.6931065019342,7.84146734986081e-24,0.3,15.0,780.2142857142857
42.06301369863014,996.1712526853851,8.102774259056501e-24,0.3,15.0,780.2142857142857
42.06575342465754,994.585406158789,8.371337774873715e-24,0.3,15.0,780.2142857142857
42.06849315068493,992.9360368427031,8.647204000744712e-24,0.3,15.0,780.2142857142857
42.07123287671233,991.223633480841,8.930407454078322e-24,0.3,15.0,780.2142857142857
42.07397260273973,989.4487034952808,9.220970251317132e-24,0.3,15.0,780.2142857142857
42.07671232876712,987.6117728360896,9.518901285257346e-24,0.3,15.0,780.2142857142857
42.07945205479452,985.7133858254538,9.824195397992887e-24,0.3,15.0,780.2142857142857
42.082191780821915,983.7541049964275,1.0136832553122418e-23,0.3,15.0,780.2142857142857
42.084931506849315,981.7345109261925,1.0456777011161584e-23,0.3,15.0,780.2142857142857
42.087671232876716,979.6552020640644,1.0783976512329023e-23,0.3,15.0,780.2142857142857
42.09041095890411,977.5167945541343,1.1118361471179499e-23,0.3,15.0,780.2142857142857
42.09315068493151,975.3199220526978,1.1459844187779067e-23,0.3,15.0,780.2142857142857
42.0958904109589,973.0652355404973,1.1808318080350562e-23,0.3,15.0,780.2142857142857
42.0986301369863,970.7534031297914,1.2163656944565604e-23,0.3,15.0,780.2142857142857
42.1013698630137,968.3851098664243,1.252571424480681e-23,0.3,15.0,780.2142857142857
42.104109589041094,965.9610575268098,1.2894322442944619e-23,0.3,15.0,780.2142857142857
42.106849315068494,963.4819644099556,1.3269292370286406e-23,0.3,15.0,780.2142857142857
42.10958904109589,960.9485651246719,1.3650412648467834e-23,0.3,15.0,780.2142857142857
42.11232876712329,958.3616103718252,1.4037449165170187e-23,0.3,15.0,780.2142857142857
42.11506849315069,955.7218667219482,1.4430144610536456e-23,0.3,15.0,780.2142857142857
42.11780821917808,953.0301163880547,1.4828218080215143e-23,0.3,15.0,780.2142857142857
42.12054794520548,950.2871569938615,1.523136475088596e-23,0.3,15.0,780.2142857142857
42.12328767123288,947.4938013374348,1.563925563403566e-23,0.3,15.0,780.2142857142857
42.12602739726027,944.6508771503507,1.6051537413646036e-23,0.3,15.0,780.2142857142857
42.12876712328767,941.7592268523823,1.6467832373244827e-23,0.3,15.0,780.2142857142857
42.131506849315066,938.819707301939,1.688773841753217e-23,0.3,15.0,780.2142857142857
42.134246575342466,935.8331895420844,1.7310829193544756e-23,0.3,15.0,780.2142857142857
42.136986301369866,932.8005585424943,1.7736654315917783e-23,0.3,15.0,780.2142857142857
42.13972602739726,929.722712937194,1.8164739700467386e-23,0.3,15.0,780.2142857142857
42.14246575342466,926.6005647582411,1.8594588009827708e-23,0.3,15.0,780.2142857142857
42.14520547945205,923.4350391655436,1.9025679214371782e-23,0.3,15.0,780.2142857142857
42.14794520547945,920.2270741726308,1.9457471271128003e-23,0.3,15.0,780.2142857142857
42.15068493150685,916.9776203687743,1.9889400922736272e-23,0.3,15.0,780.2142857142857
42.153424657534245,913.687640637265,2.0320884617894284e-23,0.3,15.0,780.2142857142857
42.156164383561645,910.3581098701011,2.0751319554006653e-23,0.3,15.0,780.2142857142857
42.15890410958904,906.990014679117,2.1180084842009007e-23,0.3,15.0,780.2142857142857
42.16164383561644,903.5843531035855,2.1606542792602096e-23,0.3,15.0,780.2142857142857
42.16438356164384,900.1421343145421,2.2030040322261176e-23,0.3,15.0,780.2142857142857
42.16712328767123,896.6643783157151,2.2449910476612837e-23,0.3,15.0,780.2142857142857
42.16986301369863,893.1521156412399,2.2865474067878553e-23,0.3,15.0,780.2142857142857
42.17260273972603,889.6063870503593,2.327604142221817e-23,0.3,15.0,780.2142857142857
42.175342465753424,886.0282432189897,2.3680914231962464e-23,0.3,15.0,780.2142857142857
42.178082191780824,882.4187444283474,2.4079387506821722e-23,0.3,15.0,780.2142857142857
42.18082191780822,878.7789602508474,2.447075161729454e-23,0.3,15.0,780.2142857142857
42.18356164383562,875.1099692330699,2.485429442269079e-23,0.3,15.0,780.2142857142857
42.18630136986302,871.4128585762495,2.5229303475305647e-23,0.3,15.0,780.2142857142857
42.18904109589041,867.6887238140637,2.5595068291552105e-23,0.3,15.0,780.2142857142857
42.19178082191781,863.9386684880157,2.595088268007811e-23,0.3,15.0,780.2142857142857
42.1945205479452,860.1638038204441,2.6296047116203126e-23,0.3,15.0,780.2142857142857
42.1972602739726,856.3652483851932,2.6629871151405364e-23,0.3,15.0,780.2142857142857
42.2,852.5441277762308,2.6951675845971246e-23,0.3,15.0,780.2142857142857
42.202739726027396,848.7015742740721,2.7260796212474196e-23,0.3,15.0,780.2142857142857
42.205479452054796,844.8387265102238,2.755658365730189e-23,0.3,15.0,780.2142857142857
42.20821917808219,840.9567291298705,2.783840840712572e-23,0.3,15.0,780.2142857142857
42.21095890410959,837.0567324525914,2.810566190699698e-23,0.3,15.0,780.2142857142857
42.21369863013699,833.139892131583,2.8357759176572684e-23,0.3,15.0,780.2142857142857
42.21643835616438,829.2073688111651,2.8594141110978074e-23,0.3,15.0,780.2142857142857
42.21917808219178,825.2603277828682,2.8814276712850816e-23,0.3,15.0,780.2142857142857
42.22191780821918,821.2999386401332,2.901766524228745e-23,0.3,15.0,780.2142857142857
42.224657534246575,817.3273749317483,2.9203838271705593e-23,0.3,15.0,780.2142857142857
42.227397260273975,813.3438138140491,2.9372361633003064e-23,0.3,15.0,780.2142857142857
42.23013698630137,809.3504357021933,2.952283724488628e-23,0.3,15.0,780.2142857142857
42.23287671232877,805.3484239202734,2.965490480884854e-23,0.3,15.0,780.2142857142857
42.23561643835617,801.3389643507638,2.9768243362944484e-23,0.3,15.0,780.2142857142857
42.23835616438356,797.3232450830795,2.986257268331714e-23,0.3,15.0,780.2142857142857
42.24109589041096,793.3024560614796,2.9937654524292624e-23,0.3,15.0,780.2142857142857
42.24383561643835,789.2777887325531,2.99932936888176e-23,0.3,15.0,780.2142857142857
42.24657534246575,785.2504356920628,3.0029338922052595e-23,0.3,15.0,780.2142857142857
42.24931506849315,781.2215903316448,3.0045683622019956e-23,0.3,15.0,780.2142857142857
42.25205479452055,777.1924464851294,3.004226636236849e-23,0.3,15.0,780.2142857142857
42.25479452054795,773.1641980747942,3.001907122351082e-23,0.3,15.0,780.2142857142857
42.25753424657534,769.1380387575932,2.9976127929628657e-23,0.3,15.0,780.2142857142857
42.26027397260274,765.1151615713973,2.9913511790301083e-23,0.3,15.0,780.2142857142857
42.26301369863014,761.0967585815505,2.983134344678864e-23,0.3,15.0,780.2142857142857
42.26575342465753,757.0840205275965,2.972978842427948e-23,0.3,15.0,780.2142857142857
42.26849315068493,753.0781364703962,2.96090564926745e-23,0.3,15.0,780.2142857142857
42.27123287671233,749.0802934398629,2.946940083973928e-23,0.3,15.0,780.2142857142857
42.273972602739725,745.0916760831801,2.931111706165796e-23,0.3,15.0,780.2142857142857
42.276712328767125,741.113466313726,2.913454197720323e-23,0.3,15.0,780.2142857142857
42.27945205479452,737.1468429609251,2.8940052272860424e-23,0.3,15.0,780.2142857142857
42.28219178082192,733.1929814208835,2.8728062987283237e-23,0.3,15.0,780.2142857142857
42.28493150684932,729.2530533081069,2.849902584446801e-23,0.3,15.0,780.2142857142857
42.28767123287671,725.3282261083389,2.8253427445912187e-23,0.3,15.0,780.2142857142857
42.29041095890411,721.4196628325572,2.799178733285341e-23,0.3,15.0,780.2142857142857
42.293150684931504,717.5285216724401,2.7714655930411826e-23,0.3,15.0,780.2142857142857
42.295890410958904,713.6559556570653,2.742261238605504e-23,0.3,15.0,780.2142857142857
42.298630136986304,709.803112311333,2.711626231536086e-23,0.3,15.0,780.2142857142857
42.3013698630137,705.9711333158901,2.679623546842582e-23,0.3,15.0,780.2142857142857
42.3041095890411,702.1611541687889,2.6463183330592766e-23,0.3,15.0,780.2142857142857
42.30684931506849,698.3743038491015,2.61177766713659e-23,0.3,15.0,780.2142857142857
42.30958904109589,694.6117044822798,2.5760703055432616e-23,0.3,15.0,780.2142857142857
42.31232876712329,690.8744710077322,2.5392664329732795e-23,0.3,15.0,780.2142857142857
42.31506849315068,687.1637108483933,2.5014374100336974e-23,0.3,15.0,780.2142857142857
42.31780821917808,683.480523582583,2.4626555212689834e-23,0.3,15.0,780.2142857142857
42.32054794520548,679.8260006181781,2.4229937248445645e-23,0.3,15.0,780.2142857142857
42.323287671232876,676.2012248692157,2.3825254051669845e-23,0.3,15.0,780.2142857142857
42.326027397260276,672.6072704349555,2.3413241296697092e-23,0.3,15.0,780.2142857142857
42.32876712328767,669.0452022816839,2.299463410934802e-23,0.3,15.0,780.2142857142857
42.33150684931507,665.516075927047,2.257016475250806e-23,0.3,15.0,780.2142857142857
42.33424657534247,662.0209371273602,2.2140560386403594e-23,0.3,15.0,780.2142857142857
42.33698630136986,658.5608215676924,2.170654091307064e-23,0.3,15.0,780.2142857142857
42.33972602739726,655.1367545549367,2.126881691372021e-23,0.3,15.0,780.2142857142857
42.342465753424655,651.7497507140579,2.082808768683846e-23,0.3,15.0,780.2142857142857
42.345205479452055,648.4008136873913,2.0385039393924624e-23,0.3,15.0,780.2142857142857
42.347945205479455,645.0909358372543,1.99403433189155e-23,0.3,15.0,780.2142857142857
42.35068493150685,641.8210979518972,1.9494654246354952e-23,0.3,15.0,780.2142857142857
42.35342465753425,638.592268954833,1.9048608962476217e-23,0.3,15.0,780.2142857142857
42.35616438356164,635.4054056177986,1.8602824882438845e-23,0.3,15.0,780.2142857142857
42.35890410958904,632.2614522771579,1.815789880600928e-23,0.3,15.0,780.2142857142857
42.36164383561644,629.1613405541483,1.7714405803144484e-23,0.3,15.0,780.2142857142857
42.364383561643834,626.1059890787893,1.7272898230009323e-23,0.3,15.0,780.2142857142857
42.367123287671234,623.0963032176428,1.6833904875166612e-23,0.3,15.0,780.2142857142857
42.369863013698634,620.133174805594,1.63979302348839e-23,0.3,15.0,780.2142857142857
42.37260273972603,617.2174818815503,1.5965453915721106e-23,0.3,15.0,780.2142857142857
42.37534246575343,614.3500884282319,1.553693016189258e-23,0.3,15.0,780.2142857142857
42.37808219178082,611.5318441162119,1.5112787504248753e-23,0.3,15.0,780.2142857142857
42.38082191780822,608.7635840521027,1.4693428527088478e-23,0.3,15.0,780.2142857142857
42.38356164383562,606.0461285311054,1.4279229748536823e-23,0.3,15.0,780.2142857142857
42.38630136986301,603.380282793947,1.3870541609682753e-23,0.3,15.0,780.2142857142857
42.38904109589041,600.7668367882354,1.346768856729008e-23,0.3,15.0,780.2142857142857
42.391780821917806,598.2065649344422,1.3070969284534003e-23,0.3,15.0,780.2142857142857
42.394520547945206,595.700225896356,1.2680656913877896e-23,0.3,15.0,780.2142857142857
42.397260273972606,593.2485623563335,1.2296999466020442e-23,0.3,15.0,780.2142857142857
42.4,590.8523007952007,1.1920220258600465e-23,0.3,15.0,780.2142857142857
42.4027397260274,588.5121512769578,1.1550518438253623e-23,0.3,15.0,780.2142857142857
42.40547945205479,586.2288072384198,1.1188069569536872e-23,0.3,15.0,780.2142857142857
42.40821917808219,584.0029452837036,1.083302628417655e-23,0.3,15.0,780.2142857142857
42.41095890410959,581.8352249837449,1.0485518984169883e-23,0.3,15.0,780.2142857142857
42.413698630136984,579.7262886808584,1.0145656592282586e-23,0.3,15.0,780.2142857142857
42.416438356164385,577.6767612983712,9.813527343625073e-24,0.3,15.0,780.2142857142857
42.419178082191785,575.6872501554864,9.489199612131332e-24,0.3,15.0,780.2142857142857
42.42191780821918,573.7583447872989,9.172722765918456e-24,0.3,15.0,780.2142857142857
42.42465753424658,571.890616770086,8.864128045736787e-24,0.3,15.0,780.2142857142857
42.42739726027397,570.0846195519802,8.563429460953754e-24,0.3,15.0,780.2142857142857
42.43013698630137,568.340888288922,8.270624697743093e-24,0.3,15.0,780.2142857142857
42.43287671232877,566.6599396861233,7.98569603447094e-24,0.3,15.0,780.2142857142857
42.43561643835616,565.0422718449386,7.708611259517159e-24,0.3,15.0,780.2142857142857
42.43835616438356,563.4883641152502,7.43932458710154e-24,0.3,15.0,780.2142857142857
42.441095890410956,561.9986769534604,7.177777566994384e-24,0.3,15.0,780.2142857142857
42.443835616438356,560.573651786025,6.923899984284107e-24,0.3,15.0,780.2142857142857
42.446575342465756,559.2137108786559,6.677610745732992e-24,0.3,15.0,780.2142857142857
42.44931506849315,557.9192572111979,6.438818749533913e-24,0.3,15.0,780.2142857142857
42.45205479452055,556.6906743582007,6.207423735623e-24,0.3,15.0,780.2142857142857
42.45479452054794,555.5283263752867,5.983317114014281e-24,0.3,15.0,780.2142857142857
42.45753424657534,554.4325576912414,5.7663827689074316e-24,0.3,15.0,780.2142857142857
42.46027397260274,553.4036930059782,5.556497836650111e-24,0.3,15.0,780.2142857142857
42.463013698630135,552.442037194311,5.353533455890546e-24,0.3,15.0,780.2142857142857
42.465753424657535,551.5478752156049,5.157355488552598e-24,0.3,15.0,780.2142857142857
42.468493150684935,550.7214720293551,4.967825210526223e-24,0.3,15.0,780.2142857142857
42.47123287671233,549.9630725166608,4.7847999712015166e-24,0.3,15.0,780.2142857142857
42.47397260273973,549.2729014076652,4.608133821223649e-24,0.3,15.0,780.2142857142857
42.47671232876712,548.6511632149651,4.4376781080648344e-24,0.3,15.0,780.2142857142857
42.47945205479452,548.0980421730011,4.27328203919784e-24,0.3,15.0,780.2142857142857
42.48219178082192,547.6137021834771,4.1147932128696074e-24,0.3,15.0,780.2142857142857
42.484931506849314,547.1982867667865,3.962058116621622e-24,0.3,15.0,780.2142857142857
42.487671232876714,546.8519190194799,3.814922593877388e-24,0.3,15.0,780.2142857142857
42.49041095890411,546.5747015777981,3.6732322790585014e-24,0.3,15.0,780.2142857142857
42.49315068493151,546.3667165872504,3.5368330018048774e-24,0.3,15.0,780.2142857142857
42.49589041095891,546.228025678279,3.405571161008576e-24,0.3,15.0,780.2142857142857
42.4986301369863,546.1586699479936,3.279294069448451e-24,0.3,15.0,780.2142857142857
42.5013698630137,546.1586699479934,3.1578502699114898e-24,0.3,15.0,780.2142857142857
42.50410958904109,546.2280256782789,3.0410898237579428e-24,0.3,15.0,780.2142857142857
42.50684931506849,546.3667165872502,2.928864572936535e-24,0.3,15.0,780.2142857142857
42.50958904109589,546.5747015777979,2.8210283765220888e-24,0.3,15.0,780.2142857142857
42.512328767123286,546.8519190194795,2.7174373228684948e-24,0.3,15.0,780.2142857142857
42.515068493150686,547.1982867667863,2.617949918508908e-24,0.3,15.0,780.2142857142857
42.517808219178086,547.6137021834782,2.5224272549524627e-24,0.3,15.0,780.2142857142857
42.52054794520548,548.0980421730005,2.4307331545299194e-24,0.3,15.0,780.2142857142857
42.52328767123288,548.6511632149645,2.3427342964504448e-24,0.3,15.0,780.2142857142857
42.52602739726027,549.2729014076647,2.2583003242265436e-24,0.3,15.0,780.2142857142857
42.52876712328767,549.9630725166602,2.1773039356052903e-24,0.3,15.0,780.2142857142857
42.53150684931507,550.7214720293545,2.0996209561400467e-24,0.3,15.0,780.2142857142857
42.534246575342465,551.5478752156042,2.0251303975028793e-24,0.3,15.0,780.2142857142857
42.536986301369865,552.4420371943103,1.9537145016201072e-24,0.3,15.0,780.2142857142857
42.53972602739726,553.4036930059773,1.8852587716832326e-24,0.3,15.0,780.2142857142857
42.54246575342466,554.4325576912406,1.8196519910484723e-24,0.3,15.0,780.2142857142857
42.54520547945206,555.5283263752858,1.7567862310131422e-24,0.3,15.0,780.2142857142857
42.54794520547945,556.6906743581998,1.6965568484097187e-24,0.3,15.0,780.2142857142857
42.55068493150685,557.919257211197,1.6388624739259865e-24,0.3,15.0,780.2142857142857
42.553424657534244,559.2137108786549,1.5836049920189868e-24,0.3,15.0,780.2142857142857
42.556164383561644,560.5736517860239,1.5306895132443396e-24,0.3,15.0,780.2142857142857
42.558904109589044,561.9986769534593,1.4800243397894004e-24,0.3,15.0,780.2142857142857
42.56164383561644,563.488364115244,1.431520924948958e-24,0.3,15.0,780.2142857142857
42.56438356164384,565.042271844932,1.3850938272460431e-24,0.3,15.0,780.2142857142857
42.56712328767124,566.6599396861221,1.3406606598588286e-24,0.3,15.0,780.2142857142857
42.56986301369863,568.3408882889205,1.2981420359709295e-24,0.3,15.0,780.2142857142857
42.57260273972603,570.0846195519788,1.257461510626361e-24,0.3,15.0,780.2142857142857
42.57534246575342,571.8906167700844,1.2185455196315146e-24,0.3,15.0,780.2142857142857
42.57808219178082,573.7583447872973,1.1813233160054145e-24,0.3,15.0,780.2142857142857
42.58082191780822,575.6872501554913,1.1457269044491143e-24,0.3,15.0,780.2142857142857
42.583561643835615,577.6767612983696,1.1116909742644292e-24,0.3,15.0,780.2142857142857
42.586301369863016,579.7262886808567,1.0791528311224588e-24,0.3,15.0,780.2142857142857
42.58904109589041,581.8352249837433,1.048052328050015e-24,0.3,15.0,780.2142857142857
42.59178082191781,584.0029452837019,1.0183317959686804e-24,0.3,15.0,780.2142857142857
42.59452054794521,586.228807238418,9.899359740969717e-25,0.3,15.0,780.2142857142857
42.5972602739726,588.5121512769559,9.628119404940956e-25,0.3,15.0,780.2142857142857
42.6,590.8523007951987,9.369090430009747e-25,0.3,15.0,780.2142857142857
42.602739726027394,593.2485623563316,9.121788308096892e-25,0.3,15.0,780.2142857142857
42.605479452054794,595.700225896354,8.885749868674803e-25,0.3,15.0,780.2142857142857
42.608219178082194,598.2065649344402,8.660532613039904e-25,0.3,15.0,780.2142857142857
42.61095890410959,600.7668367882333,8.445714060470493e-25,0.3,15.0,780.2142857142857
42.61369863013699,603.3802827939448,8.240891107764588e-25,0.3,15.0,780.2142857142857
42.61643835616439,606.0461285311121,8.045679403481115e-25,0.3,15.0,780.2142857142857
42.61917808219178,608.7635840521006,7.859712738039012e-25,0.3,15.0,780.2142857142857
42.62191780821918,611.5318441162096,7.682642450702912e-25,0.3,15.0,780.2142857142857
42.62465753424657,614.3500884282201,7.514136854354237e-25,0.3,15.0,780.2142857142857
42.62739726027397,617.2174818815384,7.353880678814344e-25,0.3,15.0,780.2142857142857
42.63013698630137,620.1331748055916,7.201574533407154e-25,0.3,15.0,780.2142857142857
42.632876712328766,623.0963032176404,7.0569343893305165e-25,0.3,15.0,780.2142857142857
42.635616438356166,626.1059890787869,6.919691082339107e-25,0.3,15.0,780.2142857142857
42.63835616438356,629.1613405541458,6.789589836168035e-25,0.3,15.0,780.2142857142857
42.64109589041096,632.2614522771554,6.666389807051608e-25,0.3,15.0,780.2142857142857
42.64383561643836,635.4054056177961,6.549863649658631e-25,0.3,15.0,780.2142857142857
42.64657534246575,638.5922689548304,6.439797104702346e-25,0.3,15.0,780.2142857142857
42.64931506849315,641.8210979518946,6.335988608460303e-25,0.3,15.0,780.2142857142857
42.652054794520545,645.0909358372517,6.238248924411095e-25,0.3,15.0,780.2142857142857
42.654794520547945,648.4008136873888,6.1464007971664855e-25,0.3,15.0,780.2142857142857
42.657534246575345,651.7497507140553,6.060278628880662e-25,0.3,15.0,780.2142857142857
42.66027397260274,655.1367545549341,5.979728178299601e-25,0.3,15.0,780.2142857142857
42.66301369863014,658.5608215676898,5.904606282625595e-25,0.3,15.0,780.2142857142857
42.66575342465754,662.0209371273689,5.834780602380454e-25,0.3,15.0,780.2142857142857
42.66849315068493,665.5160759270442,5.770129389461662e-25,0.3,15.0,780.2142857142857
42.67123287671233,669.0452022816811,5.710541278614737e-25,0.3,15.0,780.2142857142857
42.673972602739724,672.6072704349526,5.655915102573233e-25,0.3,15.0,780.2142857142857
42.676712328767124,676.2012248692129,5.606159731148301e-25,0.3,15.0,780.2142857142857
42.679452054794524,679.8260006181872,5.561193934600226e-25,0.3,15.0,780.2142857142857
42.68219178082192,683.4805235825801,5.520946271664213e-25,0.3,15.0,780.2142857142857
42.68493150684932,687.1637108483903,5.485355002663101e-25,0.3,15.0,780.2142857142857
42.68767123287671,690.8744710077169,5.454368028199904e-25,0.3,15.0,780.2142857142857
42.69041095890411,694.6117044822644,5.427942853988009e-25,0.3,15.0,780.2142857142857
42.69315068493151,698.3743038490861,5.406046582456962e-25,0.3,15.0,780.2142857142857
42.6958904109589,702.1611541687859,5.38865593184878e-25,0.3,15.0,780.2142857142857
42.6986301369863,705.9711333158872,5.37575728361271e-25,0.3,15.0,780.2142857142857
42.701369863013696,709.8031123113299,5.367346759002601e-25,0.3,15.0,780.2142857142857
42.704109589041096,713.6559556570622,5.363430325885688e-25,0.3,15.0,780.2142857142857
42.706849315068496,717.528521672437,5.364023936887693e-25,0.3,15.0,780.2142857142857
42.70958904109589,721.419662832554,5.369153700120819e-25,0.3,15.0,780.2142857142857
42.71232876712329,725.3282261083357,5.378856083875914e-25,0.3,15.0,780.2142857142857
42.71506849315069,729.2530533081168,5.393178156802863e-25,0.3,15.0,780.2142857142857
42.71780821917808,733.1929814208803,5.412177865258957e-25,0.3,15.0,780.2142857142857
42.72054794520548,737.1468429609218,5.435924349671886e-25,0.3,15.0,780.2142857142857
42.723287671232875,741.1134663137228,5.464498301943168e-25,0.3,15.0,780.2142857142857
42.726027397260275,745.091676083177,5.497992366113832e-25,0.3,15.0,780.2142857142857
42.728767123287675,749.0802934398728,5.536511584719876e-25,0.3,15.0,780.2142857142857
42.73150684931507,753.078136470393,5.580173893493675e-25,0.3,15.0,780.2142857142857
42.73424657534247,757.0840205275933,5.629110667307882e-25,0.3,15.0,780.2142857142857
42.73698630136986,761.0967585815473,5.683467320518966e-25,0.3,15.0,780.2142857142857
42.73972602739726,765.115161571394,5.743403965153778e-25,0.3,15.0,780.2142857142857
42.74246575342466,769.13803875759,5.809096130679642e-25,0.3,15.0,780.2142857142857
42.74520547945205,773.164198074791,5.880735549433451e-25,0.3,15.0,780.2142857142857
42.74794520547945,777.1924464851261,5.958531012134402e-25,0.3,15.0,780.2142857142857
42.75068493150685,781.2215903316284,6.042709298285504e-25,0.3,15.0,780.2142857142857
42.75342465753425,785.2504356920462,6.133516186687986e-25,0.3,15.0,780.2142857142857
42.75616438356165,789.2777887325367,6.231217551726139e-25,0.3,15.0,780.2142857142857
42.75890410958904,793.3024560614763,6.336100551571571e-25,0.3,15.0,780.2142857142857
42.76164383561644,797.3232450830765,6.448474914967022e-25,0.3,15.0,780.2142857142857
42.76438356164384,801.3389643507738,6.568674333808793e-25,0.3,15.0,780.2142857142857
42.76712328767123,805.3484239202702,6.69705796935899e-25,0.3,15.0,780.2142857142857
42.76986301369863,809.3504357021901,6.834012080565385e-25,0.3,15.0,780.2142857142857
42.772602739726025,813.3438138140458,6.97995178367032e-25,0.3,15.0,780.2142857142857
42.775342465753425,817.327374931745,7.135322953065354e-25,0.3,15.0,780.2142857142857
42.778082191780825,821.2999386401431,7.3006042741527265e-25,0.3,15.0,780.2142857142857
42.78082191780822,825.260327782865,7.476309459884727e-25,0.3,15.0,780.2142857142857
42.78356164383562,829.2073688111619,7.66298964360185e-25,0.3,15.0,780.2142857142857
42.78630136986301,833.1398921315669,7.861235961827827e-25,0.3,15.0,780.2142857142857
42.78904109589041,837.0567324525753,8.071682341819969e-25,0.3,15.0,780.2142857142857
42.79178082191781,840.9567291298546,8.295008509860108e-25,0.3,15.0,780.2142857142857
42.794520547945204,844.8387265102206,8.531943237608999e-25,0.3,15.0,780.2142857142857
42.797260273972604,848.7015742740689,8.783267845246638e-25,0.3,15.0,780.2142857142857
42.8,852.5441277762276,9.04981998164737e-25,0.3,15.0,780.2142857142857
42.8027397260274,856.3652483851903,9.332497703513498e-25,0.3,15.0,780.2142857142857
42.8054794520548,860.1638038204411,9.632263877138652e-25,0.3,15.0,780.2142857142857
42.80821917808219,863.9386684880126,9.95015092843345e-25,0.3,15.0,780.2142857142857
42.81095890410959,867.6887238140605,1.0287265968901458e-24,0.3,15.0,780.2142857142857
42.81369863013699,871.4128585762465,1.0644796327492903e-24,0.3,15.0,780.2142857142857
42.81643835616438,875.1099692330549,1.102401552070539e-24,0.3,15.0,780.2142857142857
42.81917808219178,878.7789602508323,1.1426289695888349e-24,0.3,15.0,780.2142857142857
42.821917808219176,882.4187444283444,1.1853084585515391e-24,0.3,15.0,780.2142857142857
42.824657534246576,886.0282432189867,1.2305973013256436e-24,0.3,15.0,780.2142857142857
42.827397260273976,889.6063870503682,1.278664299589032e-24,0.3,15.0,780.2142857142857
42.83013698630137,893.1521156412371,1.329690648867382e-24,0.3,15.0,780.2142857142857
42.83287671232877,896.6643783157123,1.3838708825533376e-24,0.3,15.0,780.2142857142857
42.83561643835616,900.1421343145394,1.4414138909515041e-24,0.3,15.0,780.2142857142857
42.83835616438356,903.5843531035827,1.5025440213360126e-24,0.3,15.0,780.2142857142857
42.84109589041096,906.9900146791144,1.5675022654709387e-24,0.3,15.0,780.2142857142857
42.843835616438355,910.3581098700985,1.6365475415579373e-24,0.3,15.0,780.2142857142857
42.846575342465755,913.6876406372623,1.7099580781143463e-24,0.3,15.0,780.2142857142857
42.84931506849315,916.9776203687608,1.7880329078678227e-24,0.3,15.0,780.2142857142857
42.85205479452055,920.2270741726176,1.871093480386224e-24,0.3,15.0,780.2142857142857
42.85479452054795,923.4350391655306,1.959485402822064e-24,0.3,15.0,780.2142857142857
42.85753424657534,926.6005647582388,2.0535803188802157e-24,0.3,15.0,780.2142857142857
42.86027397260274,929.7227129371915,2.1537779368803427e-24,0.3,15.0,780.2142857142857
42.863013698630134,932.8005585424919,2.260508218607361e-24,0.3,15.0,780.2142857142857
42.865753424657534,935.833189542082,2.3742337415317955e-24,0.3,15.0,780.2142857142857
42.868493150684934,938.8197073019368,2.4954522479067334e-24,0.3,15.0,780.2142857142857
42.87123287671233,941.75922685238,2.6246993952642888e-24,0.3,15.0,780.2142857142857
42.87397260273973,944.6508771503484,2.7625517238931443e-24,0.3,15.0,780.2142857142857
42.87671232876713,947.4938013374418,2.909629858014267e-24,0.3,15.0,780.2142857142857
42.87945205479452,950.2871569938592,3.06660195859017e-24,0.3,15.0,780.2142857142857
42.88219178082192,953.0301163880525,3.2341874469787534e-24,0.3,15.0,780.2142857142857
42.88493150684931,955.721866721946,3.4131610200029576e-24,0.3,15.0,780.2142857142857
42.88767123287671,958.3616103718232,3.604356978466518e-24,0.3,15.0,780.2142857142857
42.89041095890411,960.9485651246698,3.808673892649997e-24,0.3,15.0,780.2142857142857
42.893150684931506,963.4819644099538,4.027079629959492e-24,0.3,15.0,780.2142857142857
42.895890410958906,965.961057526808,4.260616771588444e-24,0.3,15.0,780.2142857142857
42.8986301369863,968.3851098664223,4.5104084468436285e-24,0.3,15.0,780.2142857142857
42.9013698630137,970.7534031297897,4.777664615693401e-24,0.3,15.0,780.2142857142857
42.9041095890411,973.0652355404956,5.0636888320417864e-24,0.3,15.0,780.2142857142857
42.90684931506849,975.3199220526961,5.369885522337708e-24,0.3,15.0,780.2142857142857
42.90958904109589,977.5167945541325,5.697767816273059e-24,0.3,15.0,780.2142857142857
42.912328767123284,979.6552020640557,6.0489659685764236e-24,0.3,15.0,780.2142857142857
42.915068493150685,981.7345109261842,6.425236413286175e-24,0.3,15.0,780.2142857142857
42.917808219178085,983.7541049964194,6.828471494273726e-24,0.3,15.0,780.2142857142857
42.92054794520548,985.7133858254522,7.260709918350568e-24,0.3,15.0,780.2142857142857
42.92328767123288,987.6117728360882,7.72414797985578e-24,0.3,15.0,780.2142857142857
42.92602739726028,989.4487034952853,8.221151608277218e-24,0.3,15.0,780.2142857142857
42.92876712328767,991.2236334808397,8.754269293212165e-24,0.3,15.0,780.2142857142857
42.93150684931507,992.9360368427018,9.326245943714206e-24,0.3,15.0,780.2142857142857
42.93424657534246,994.5854061587878,9.94003774186983e-24,0.3,15.0,780.2142857142857
42.93698630136986,996.1712526853837,1.0598828053324594e-23,0.3,15.0,780.2142857142857
42.93972602739726,997.693106501933,1.130604446022306e-23,0.3,15.0,780.2142857142857
42.942465753424656,999.1505166503008,1.206537698491406e-23,0.3,15.0,780.2142857142857
42.945205479452056,1000.543051268416,1.288079757548242e-23,0.3,15.0,780.2142857142857
42.94794520547945,1001.8702977182132,1.3756580926845832e-23,0.3,15.0,780.2142857142857
42.95068493150685,1003.1318627079252,1.4697326713813376e-23,0.3,15.0,780.2142857142857
42.95342465753425,1004.3273724086183,1.570798331483019e-23,0.3,15.0,780.2142857142857
42.95616438356164,1005.4564725649637,1.6793873107513712e-23,0.3,15.0,780.2142857142857
42.95890410958904,1006.5188286002243,1.79607194190536e-23,0.3,15.0,780.2142857142857
42.961643835616435,1007.5141257153724,1.9214675216298066e-23,0.3,15.0,780.2142857142857
42.964383561643835,1008.4420689823992,2.056235362189299e-23,0.3,15.0,780.2142857142857
42.967123287671235,1009.3023834316848,2.201086034372426e-23,0.3,15.0,780.2142857142857
42.96986301369863,1010.0948141334877,2.35678281056775e-23,0.3,15.0,780.2142857142857
42.97260273972603,1010.8191262734945,2.5241453167697235e-23,0.3,15.0,780.2142857142857
42.97534246575343,1011.4751052223834,2.7040534022581294e-23,0.3,15.0,780.2142857142857
42.97808219178082,1012.0625565994329,2.8974512355846054e-23,0.3,15.0,780.2142857142857
42.98082191780822,1012.5813063301255,3.105351635290892e-23,0.3,15.0,780.2142857142857
42.983561643835614,1013.0312006977184,3.328840643494837e-23,0.3,15.0,780.2142857142857
42.986301369863014,1013.4121063888011,3.5690823501166216e-23,0.3,15.0,780.2142857142857
42.989041095890414,1013.7239105327967,3.827323974998043e-23,0.3,15.0,780.2142857142857
42.99178082191781,1013.9665207354074,4.1049012145885684e-23,0.3,15.0,780.2142857142857
42.99452054794521,1014.1398651059956,4.403243859113819e-23,0.3,15.0,780.2142857142857
42.9972602739726,1014.2438922788821,4.723881685255946e-23,0.3,15.0,780.2142857142857
43.0,1014.2785714285714,5.068450628364926e-23,0.3,15.0,780.2142857142857
43.0027397260274,1014.2438922788823,5.438699236971596e-23,0.3,15.0,780.2142857142857
43.00547945205479,1014.1398651059959,5.83649541102904e-23,0.3,15.0,780.2142857142857
43.00821917808219,1013.9665207354079,6.263833423700724e-23,0.3,15.0,780.2142857142857
43.010958904109586,1013.7239105327964,6.722841224719201e-23,0.3,15.0,780.2142857142857
43.013698630136986,1013.4121063888008,7.215788021368489e-23,0.3,15.0,780.2142857142857
43.016438356164386,1013.0312006977181,7.74509213084004e-23,0.3,15.0,780.2142857142857
43.01917808219178,1012.5813063301266,8.313329095286101e-23,0.3,15.0,780.2142857142857
43.02191780821918,1012.0625565994342,8.923240048112666e-23,0.3,15.0,780.2142857142857
43.02465753424658,1011.4751052223827,9.577740317038564e-23,0.3,15.0,780.2142857142857
43.02739726027397,1010.819126273496,1.0279928246204364e-22,0.3,15.0,780.2142857142857
43.03013698630137,1010.0948141334891,1.1033094216011215e-22,0.3,15.0,780.2142857142857
43.032876712328765,1009.3023834316863,1.18407298355057e-22,0.3,15.0,780.2142857142857
43.035616438356165,1008.4420689824011,1.2706537278052346e-22,0.3,15.0,780.2142857142857
43.038356164383565,1007.5141257153745,1.363443872649558e-22,0.3,15.0,780.2142857142857
43.04109589041096,1006.5188286002264,1.462858588940071e-22,0.3,15.0,780.2142857142857
43.04383561643836,1005.4564725649658,1.5693369544895374e-22,0.3,15.0,780.2142857142857
43.04657534246575,1004.3273724086167,1.6833429063347276e-22,0.3,15.0,780.2142857142857
43.04931506849315,1003.1318627079236,1.8053661854682667e-22,0.3,15.0,780.2142857142857
43.05205479452055,1001.8702977182118,1.9359232680232493e-22,0.3,15.0,780.2142857142857
43.054794520547944,1000.5430512684187,2.075558276316585e-22,0.3,15.0,780.2142857142857
43.057534246575344,999.1505166503035,2.224843862531087e-22,0.3,15.0,780.2142857142857
43.06027397260274,997.6931065019361,2.38438205718306e-22,0.3,15.0,780.2142857142857
43.06301369863014,996.171252685387,2.554805073893549e-22,0.3,15.0,780.2142857142857
43.06575342465754,994.5854061587911,2.736776061311889e-22,0.3,15.0,780.2142857142857
43.06849315068493,992.9360368427053,2.9309897924127133e-22,0.3,15.0,780.2142857142857
43.07123287671233,991.2236334808431,3.1381732807307306e-22,0.3,15.0,780.2142857142857
43.07397260273973,989.4487034952831,3.3590863124644193e-22,0.3,15.0,780.2142857142857
43.07671232876712,987.6117728360857,3.594521882782475e-22,0.3,15.0,780.2142857142857
43.07945205479452,985.7133858254498,3.84530652407034e-22,0.3,15.0,780.2142857142857
43.082191780821915,983.7541049964234,4.112300513304008e-22,0.3,15.0,780.2142857142857
43.084931506849315,981.7345109261882,4.396397945260555e-22,0.3,15.0,780.2142857142857
43.087671232876716,979.6552020640601,4.698526657795102e-22,0.3,15.0,780.2142857142857
43.09041095890411,977.5167945541369,5.019647995072808e-22,0.3,15.0,780.2142857142857
43.09315068493151,975.3199220527007,5.360756394322998e-22,0.3,15.0,780.2142857142857
43.0958904109589,973.0652355405001,5.722878781469471e-22,0.3,15.0,780.2142857142857
43.0986301369863,970.7534031297944,6.107073760914331e-22,0.3,15.0,780.2142857142857
43.1013698630137,968.3851098664272,6.514430584709942e-22,0.3,15.0,780.2142857142857
43.104109589041094,965.961057526813,6.9460678865339885e-22,0.3,15.0,780.2142857142857
43.106849315068494,963.4819644099588,7.403132166120656e-22,0.3,15.0,780.2142857142857
43.10958904109589,960.9485651246665,7.886796010214016e-22,0.3,15.0,780.2142857142857
43.11232876712329,958.3616103718199,8.398256036729465e-22,0.3,15.0,780.2142857142857
43.11506849315069,955.7218667219427,8.938730549493244e-22,0.3,15.0,780.2142857142857
43.11780821917808,953.0301163880582,9.50945689192535e-22,0.3,15.0,780.2142857142857
43.12054794520548,950.287156993865,1.0111688489108661e-21,0.3,15.0,780.2142857142857
43.12328767123288,947.4938013374382,1.0746691568998051e-21,0.3,15.0,780.2142857142857
43.12602739726027,944.6508771503541,1.14157415550817e-21,0.3,15.0,780.2142857142857
43.12876712328767,941.759226852386,1.2120119124492462e-21,0.3,15.0,780.2142857142857
43.131506849315066,938.8197073019428,1.2861105927490377e-21,0.3,15.0,780.2142857142857
43.134246575342466,935.833189542088,1.3639979966441298e-21,0.3,15.0,780.2142857142857
43.136986301369866,932.8005585424982,1.4458010634661656e-21,0.3,15.0,780.2142857142857
43.13972602739726,929.7227129371876,1.531645341814473e-21,0.3,15.0,780.2142857142857
43.14246575342466,926.6005647582348,1.6216544265857384e-21,0.3,15.0,780.2142857142857
43.14520547945205,923.435039165537,1.715949363720453e-21,0.3,15.0,780.2142857142857
43.14794520547945,920.2270741726242,1.8146480238424263e-21,0.3,15.0,780.2142857142857
43.15068493150685,916.9776203687675,1.9178644462780817e-21,0.3,15.0,780.2142857142857
43.153424657534245,913.687640637269,2.0257081552911433e-21,0.3,15.0,780.2142857142857
43.156164383561645,910.3581098701052,2.1382834507066655e-21,0.3,15.0,780.2142857142857
43.15890410958904,906.9900146791214,2.2556886754514406e-21,0.3,15.0,780.2142857142857
43.16164383561644,903.5843531035898,2.3780154629068548e-21,0.3,15.0,780.2142857142857
43.16438356164384,900.1421343145464,2.505347967314202e-21,0.3,15.0,780.2142857142857
43.16712328767123,896.6643783157194,2.6377620808462714e-21,0.3,15.0,780.2142857142857
43.16986301369863,893.1521156412443,2.775324641300323e-21,0.3,15.0,780.2142857142857
43.17260273972603,889.6063870503637,2.9180926347079237e-21,0.3,15.0,780.2142857142857
43.175342465753424,886.0282432189823,3.0661123974932097e-21,0.3,15.0,780.2142857142857
43.178082191780824,882.4187444283399,3.2194188231095017e-21,0.3,15.0,780.2142857142857
43.18082191780822,878.7789602508396,3.378034578366735e-21,0.3,15.0,780.2142857142857
43.18356164383562,875.1099692330625,3.5419693349318324e-21,0.3,15.0,780.2142857142857
43.18630136986302,871.412858576242,3.711219021685471e-21,0.3,15.0,780.2142857142857
43.18904109589041,867.6887238140683,3.885765103826659e-21,0.3,15.0,780.2142857142857
43.19178082191781,863.9386684880203,4.065573894747189e-21,0.3,15.0,780.2142857142857
43.1945205479452,860.163803820449,4.250595906796027e-21,0.3,15.0,780.2142857142857
43.1972602739726,856.3652483851981,4.4407652471198576e-21,0.3,15.0,780.2142857142857
43.2,852.5441277762355,4.635999064737483e-21,0.3,15.0,780.2142857142857
43.202739726027396,848.7015742740641,4.8361970549729004e-21,0.3,15.0,780.2142857142857
43.205479452054796,844.8387265102158,5.0412410272385776e-21,0.3,15.0,780.2142857142857
43.20821917808219,840.9567291298625,5.250994541982427e-21,0.3,15.0,780.2142857142857
43.21095890410959,837.0567324525832,5.465302622391865e-21,0.3,15.0,780.2142857142857
43.21369863013699,833.139892131575,5.683991546118376e-21,0.3,15.0,780.2142857142857
43.21643835616438,829.2073688111699,5.9068687219523555e-21,0.3,15.0,780.2142857142857
43.21917808219178,825.2603277828732,6.133722655934826e-21,0.3,15.0,780.2142857142857
43.22191780821918,821.2999386401381,6.364323010908291e-21,0.3,15.0,780.2142857142857
43.224657534246575,817.3273749317532,6.598420762982909e-21,0.3,15.0,780.2142857142857
43.227397260273975,813.3438138140541,6.835748457782951e-21,0.3,15.0,780.2142857142857
43.23013698630137,809.3504357021983,7.076020568690675e-21,0.3,15.0,780.2142857142857
43.23287671232877,805.3484239202784,7.318933958634385e-21,0.3,15.0,780.2142857142857
43.23561643835617,801.3389643507688,7.564168446201638e-21,0.3,15.0,780.2142857142857
43.23835616438356,797.3232450830715,7.811387476125996e-21,0.3,15.0,780.2142857142857
43.24109589041096,793.3024560614713,8.060238893381096e-21,0.3,15.0,780.2142857142857
43.24383561643835,789.277788732545,8.31035581930177e-21,0.3,15.0,780.2142857142857
43.24657534246575,785.2504356920545,8.561357627349647e-21,0.3,15.0,780.2142857142857
43.24931506849315,781.2215903316365,8.812851015276156e-21,0.3,15.0,780.2142857142857
43.25205479452055,777.1924464851345,9.064431169647115e-21,0.3,15.0,780.2142857142857
43.25479452054795,773.1641980747992,9.315683017860221e-21,0.3,15.0,780.2142857142857
43.25753424657534,769.1380387575982,9.566182561998392e-21,0.3,15.0,780.2142857142857
43.26027397260274,765.1151615714023,9.815498288127968e-21,0.3,15.0,780.2142857142857
43.26301369863014,761.0967585815555,1.0063192643898268e-20,0.3,15.0,780.2142857142857
43.26575342465753,757.0840205275883,1.0308823576665755e-20,0.3,15.0,780.2142857142857
43.26849315068493,753.0781364703879,1.0551946123731264e-20,0.3,15.0,780.2142857142857
43.27123287671233,749.0802934398546,1.0792114045730593e-20,0.3,15.0,780.2142857142857
43.273972602739725,745.0916760831719,1.1028881493758222e-20,0.3,15.0,780.2142857142857
43.276712328767125,741.1134663137178,1.1261804700384669e-20,0.3,15.0,780.2142857142857
43.27945205479452,737.14684296093,1.1490443684408928e-20,0.3,15.0,780.2142857142857
43.28219178082192,733.1929814208885,1.1714363958975127e-20,0.3,15.0,780.2142857142857
43.28493150684932,729.2530533081119,1.1933138232506075e-20,0.3,15.0,780.2142857142857
43.28767123287671,725.3282261083438,1.2146348091888646e-20,0.3,15.0,780.2142857142857
43.29041095890411,721.419662832562,1.2353585657366702e-20,0.3,15.0,780.2142857142857
43.293150684931504,717.528521672445,1.2554455198734732e-20,0.3,15.0,780.2142857142857
43.295890410958904,713.6559556570701,1.2748574702673113e-20,0.3,15.0,780.2142857142857
43.298630136986304,709.8031123113378,1.2935577381356003e-20,0.3,15.0,780.2142857142857
43.3013698630137,705.9711333158824,1.3115113112900396e-20,0.3,15.0,780.2142857142857
43.3041095890411,702.1611541687811,1.3286849804696893e-20,0.3,15.0,780.2142857142857
43.30684931506849,698.3743038490937,1.3450474671234926e-20,0.3,15.0,780.2142857142857
43.30958904109589,694.6117044822721,1.360569541869307e-20,0.3,15.0,780.2142857142857
43.31232876712329,690.8744710077245,1.375224132924945e-20,0.3,15.0,780.2142857142857
43.31506849315068,687.1637108483978,1.3889864238858897e-20,0.3,15.0,780.2142857142857
43.31780821917808,683.4805235825877,1.4018339403044675e-20,0.3,15.0,780.2142857142857
43.32054794520548,679.8260006181827,1.4137466246113794e-20,0.3,15.0,780.2142857142857
43.323287671232876,676.2012248692203,1.424706899010527e-20,0.3,15.0,780.2142857142857
43.326027397260276,672.60727043496,1.434699716068492e-20,0.3,15.0,780.2142857142857
43.32876712328767,669.0452022816767,1.4437125968129474e-20,0.3,15.0,780.2142857142857
43.33150684931507,665.5160759270398,1.4517356562484007e-20,0.3,15.0,780.2142857142857
43.33424657534247,662.020937127353,1.4587616162888658e-20,0.3,15.0,780.2142857142857
43.33698630136986,658.5608215676855,1.464785806199662e-20,0.3,15.0,780.2142857142857
43.33972602739726,655.1367545549298,1.46980615072851e-20,0.3,15.0,780.2142857142857
43.342465753424655,651.7497507140622,1.4738231461919515e-20,0.3,15.0,780.2142857142857
43.345205479452055,648.4008136873955,1.476839824865312e-20,0.3,15.0,780.2142857142857
43.347945205479455,645.0909358372584,1.4788617081007085e-20,0.3,15.0,780.2142857142857
43.35068493150685,641.8210979519013,1.4798967486699866e-20,0.3,15.0,780.2142857142857
43.35342465753425,638.592268954837,1.4799552628948108e-20,0.3,15.0,780.2142857142857
43.35616438356164,635.4054056178026,1.4790498531857048e-20,0.3,15.0,780.2142857142857
43.35890410958904,632.2614522771617,1.477195321664395e-20,0.3,15.0,780.2142857142857
43.36164383561644,629.1613405541522,1.4744085755892838e-20,0.3,15.0,780.2142857142857
43.364383561643834,626.1059890787831,1.470708525341916e-20,0.3,15.0,780.2142857142857
43.367123287671234,623.0963032176368,1.4661159757629762e-20,0.3,15.0,780.2142857142857
43.369863013698634,620.1331748055879,1.4606535116495778e-20,0.3,15.0,780.2142857142857
43.37260273972603,617.2174818815445,1.454345378240943e-20,0.3,15.0,780.2142857142857
43.37534246575343,614.3500884282261,1.4472173575279814e-20,0.3,15.0,780.2142857142857
43.37808219178082,611.5318441162153,1.4392966412235556e-20,0.3,15.0,780.2142857142857
43.38082191780822,608.7635840521062,1.4306117012236648e-20,0.3,15.0,780.2142857142857
43.38356164383562,606.0461285311088,1.4211921583783848e-20,0.3,15.0,780.2142857142857
43.38630136986301,603.3802827939503,1.4110686503717408e-20,0.3,15.0,780.2142857142857
43.38904109589041,600.7668367882386,1.4002726994859615e-20,0.3,15.0,780.2142857142857
43.391780821917806,598.2065649344454,1.3888365809961107e-20,0.3,15.0,780.2142857142857
43.394520547945206,595.7002258963591,1.3767931929056896e-20,0.3,15.0,780.2142857142857
43.397260273972606,593.2485623563284,1.3641759276967674e-20,0.3,15.0,780.2142857142857
43.4,590.8523007951958,1.3510185467244437e-20,0.3,15.0,780.2142857142857
43.4027397260274,588.5121512769531,1.3373550578410792e-20,0.3,15.0,780.2142857142857
43.40547945205479,586.2288072384225,1.3232195967881142e-20,0.3,15.0,780.2142857142857
43.40821917808219,584.0029452837065,1.308646312842289e-20,0.3,15.0,780.2142857142857
43.41095890410959,581.8352249837476,1.2936692591539561e-20,0.3,15.0,780.2142857142857
43.413698630136984,579.726288680861,1.2783222881613314e-20,0.3,15.0,780.2142857142857
43.416438356164385,577.6767612983738,1.2626389524135483e-20,0.3,15.0,780.2142857142857
43.419178082191785,575.6872501554889,1.2466524110834319e-20,0.3,15.0,780.2142857142857
43.42191780821918,573.7583447873013,1.2303953423984602e-20,0.3,15.0,780.2142857142857
43.42465753424658,571.8906167700883,1.2138998621691842e-20,0.3,15.0,780.2142857142857
43.42739726027397,570.0846195519765,1.197197448545675e-20,0.3,15.0,780.2142857142857
43.43013698630137,568.3408882889184,1.1803188730841211e-20,0.3,15.0,780.2142857142857
43.43287671232877,566.65993968612,1.163294138163201e-20,0.3,15.0,780.2142857142857
43.43561643835616,565.0422718449353,1.1461524207450709e-20,0.3,15.0,780.2142857142857
43.43835616438356,563.4883641152471,1.128922022437517e-20,0.3,15.0,780.2142857142857
43.441095890410956,561.9986769534622,1.1116303257768336e-20,0.3,15.0,780.2142857142857
43.443835616438356,560.5736517860269,1.0943037566153981e-20,0.3,15.0,780.2142857142857
43.446575342465756,559.2137108786576,1.0769677524693535e-20,0.3,15.0,780.2142857142857
43.44931506849315,557.9192572111995,1.0596467366514844e-20,0.3,15.0,780.2142857142857
43.45205479452055,556.6906743582022,1.0423640979912074e-20,0.3,15.0,780.2142857142857
43.45479452054794,555.5283263752882,1.025142175922e-20,0.3,15.0,780.2142857142857
43.45753424657534,554.4325576912428,1.0080022506965456e-20,0.3,15.0,780.2142857142857
43.46027397260274,553.4036930059793,9.909645384768847e-21,0.3,15.0,780.2142857142857
43.463013698630135,552.4420371943091,9.740481910319162e-21,0.3,15.0,780.2142857142857
43.465753424657535,551.5478752156032,9.572712997665197e-21,0.3,15.0,780.2142857142857
43.468493150684935,550.7214720293534,9.406509037995756e-21,0.3,15.0,780.2142857142857
43.47123287671233,549.9630725166618,9.242030018026271e-21,0.3,15.0,780.2142857142857
43.47397260273973,549.272901407666,9.079425673101732e-21,0.3,15.0,780.2142857142857
43.47671232876712,548.6511632149658,8.918835672129003e-21,0.3,15.0,780.2142857142857
43.47945205479452,548.0980421730017,8.760389831460519e-21,0.3,15.0,780.2142857142857
43.48219178082192,547.6137021834777,8.604208354917227e-21,0.3,15.0,780.2142857142857
43.484931506849314,547.198286766787,8.450402097175156e-21,0.3,15.0,780.2142857142857
43.487671232876714,546.8519190194802,8.299072847829725e-21,0.3,15.0,780.2142857142857
43.49041095890411,546.5747015777977,8.150313633539829e-21,0.3,15.0,780.2142857142857
43.49315068493151,546.36671658725,8.004209035739994e-21,0.3,15.0,780.2142857142857
43.49589041095891,546.2280256782789,7.860835521540515e-21,0.3,15.0,780.2142857142857
43.4986301369863,546.1586699479935,7.720261785532182e-21,0.3,15.0,780.2142857142857
43.5013698630137,546.1586699479935,7.58254910035087e-21,0.3,15.0,780.2142857142857
43.50410958904109,546.2280256782789,7.447751673986861e-21,0.3,15.0,780.2142857142857
43.50684931506849,546.36671658725,7.315917011945187e-21,0.3,15.0,780.2142857142857
43.50958904109589,546.5747015777977,7.187086282519408e-21,0.3,15.0,780.2142857142857
43.512328767123286,546.8519190194792,7.061294683559339e-21,0.3,15.0,780.2142857142857
43.515068493150686,547.1982867667857,6.938571809263753e-21,0.3,15.0,780.2142857142857
43.517808219178086,547.6137021834777,6.818942015665269e-21,0.3,15.0,780.2142857142857
43.52054794520548,548.098042173,6.702424783601547e-21,0.3,15.0,780.2142857142857
43.52328767123288,548.6511632149638,6.589035078109009e-21,0.3,15.0,780.2142857142857
43.52602739726027,549.272901407666,6.478783703305057e-21,0.3,15.0,780.2142857142857
43.52876712328767,549.9630725166618,6.371677651940959e-21,0.3,15.0,780.2142857142857
43.53150684931507,550.721472029356,6.267720448946173e-21,0.3,15.0,780.2142857142857
43.534246575342465,551.5478752156032,6.166912488386696e-21,0.3,15.0,780.2142857142857
43.536986301369865,552.4420371943091,6.069251363383552e-21,0.3,15.0,780.2142857142857
43.53972602739726,553.403693005976,5.974732188645212e-21,0.3,15.0,780.2142857142857
43.54246575342466,554.4325576912391,5.8833479153621406e-21,0.3,15.0,780.2142857142857
43.54520547945206,555.5283263752845,5.7950896383239146e-21,0.3,15.0,780.2142857142857
43.54794520547945,556.6906743581983,5.709946895198611e-21,0.3,15.0,780.2142857142857
43.55068493150685,557.9192572111953,5.627907958011284e-21,0.3,15.0,780.2142857142857
43.553424657534244,559.2137108786576,5.5489601169411205e-21,0.3,15.0,780.2142857142857
43.556164383561644,560.5736517860269,5.4730899566282125e-21,0.3,15.0,780.2142857142857
43.558904109589044,561.9986769534622,5.400283625267062e-21,0.3,15.0,780.2142857142857
43.56164383561644,563.4883641152471,5.330527096822625e-21,0.3,15.0,780.2142857142857
43.56438356164384,565.0422718449353,5.263806426778681e-21,0.3,15.0,780.2142857142857
43.56712328767124,566.6599396861254,5.2001080018907e-21,0.3,15.0,780.2142857142857
43.56986301369863,568.3408882889184,5.1394187844706954e-21,0.3,15.0,780.2142857142857
43.57260273972603,570.0846195519765,5.0817265517941564e-21,0.3,15.0,780.2142857142857
43.57534246575342,571.8906167700823,5.027020131273976e-21,0.3,15.0,780.2142857142857
43.57808219178082,573.7583447872952,4.975289632094718e-21,0.3,15.0,780.2142857142857
43.58082191780822,575.6872501554889,4.926526674061235e-21,0.3,15.0,780.2142857142857
43.583561643835615,577.676761298367,4.880724614459071e-21,0.3,15.0,780.2142857142857
43.586301369863016,579.726288680854,4.837878773780907e-21,0.3,15.0,780.2142857142857
43.58904109589041,581.8352249837476,4.7979866612244216e-21,0.3,15.0,780.2142857142857
43.59178082191781,584.0029452837065,4.761048200915937e-21,0.3,15.0,780.2142857142857
43.59452054794521,586.2288072384225,4.727065959874636e-21,0.3,15.0,780.2142857142857
43.5972602739726,588.5121512769531,4.696045378782475e-21,0.3,15.0,780.2142857142857
43.6,590.8523007951958,4.667995006688166e-21,0.3,15.0,780.2142857142857
43.602739726027394,593.2485623563284,4.642926740835614e-21,0.3,15.0,780.2142857142857
43.605479452054794,595.700225896351,4.6208560728716624e-21,0.3,15.0,780.2142857142857
43.608219178082194,598.206564934437,4.601802342763869e-21,0.3,15.0,780.2142857142857
43.61095890410959,600.7668367882301,4.585789001832676e-21,0.3,15.0,780.2142857142857
43.61369863013699,603.3802827939415,4.572843886389115e-21,0.3,15.0,780.2142857142857
43.61643835616439,606.0461285311088,4.562999503560143e-21,0.3,15.0,780.2142857142857
43.61917808219178,608.7635840521062,4.556293330982953e-21,0.3,15.0,780.2142857142857
43.62191780821918,611.5318441162153,4.552768132160375e-21,0.3,15.0,780.2142857142857
43.62465753424657,614.3500884282261,4.552472289389185e-21,0.3,15.0,780.2142857142857
43.62739726027397,617.2174818815445,4.555460156304789e-21,0.3,15.0,780.2142857142857
43.63013698630137,620.1331748055977,4.56179243223141e-21,0.3,15.0,780.2142857142857
43.632876712328766,623.0963032176368,4.571536560686197e-21,0.3,15.0,780.2142857142857
43.635616438356166,626.1059890787831,4.58476715456164e-21,0.3,15.0,780.2142857142857
43.63835616438356,629.161340554142,4.6015664507035826e-21,0.3,15.0,780.2142857142857
43.64109589041096,632.2614522771514,4.622024796816482e-21,0.3,15.0,780.2142857142857
43.64383561643836,635.4054056177921,4.646241173860444e-21,0.3,15.0,780.2142857142857
43.64657534246575,638.5922689548264,4.674323757365367e-21,0.3,15.0,780.2142857142857
43.64931506849315,641.8210979518906,4.706390521371279e-21,0.3,15.0,780.2142857142857
43.652054794520545,645.0909358372584,4.7425698890174335e-21,0.3,15.0,780.2142857142857
43.654794520547945,648.4008136873955,4.7830014341517245e-21,0.3,15.0,780.2142857142857
43.657534246575345,651.7497507140622,4.827836638709063e-21,0.3,15.0,780.2142857142857
43.66027397260274,655.1367545549298,4.8772397110325766e-21,0.3,15.0,780.2142857142857
43.66301369863014,658.5608215676855,4.931388470772085e-21,0.3,15.0,780.2142857142857
43.66575342465754,662.0209371273645,4.990475306504756e-21,0.3,15.0,780.2142857142857
43.66849315068493,665.5160759270398,5.054708212789849e-21,0.3,15.0,780.2142857142857
43.67123287671233,669.0452022816767,5.124311913987843e-21,0.3,15.0,780.2142857142857
43.673972602739724,672.6072704349482,5.199529082858438e-21,0.3,15.0,780.2142857142857
43.676712328767124,676.2012248692083,5.2806216627144226e-21,0.3,15.0,780.2142857142857
43.679452054794524,679.8260006181827,5.3678723027329934e-21,0.3,15.0,780.2142857142857
43.68219178082192,683.4805235825877,5.461585916956866e-21,0.3,15.0,780.2142857142857
43.68493150684932,687.1637108483978,5.562091378528151e-21,0.3,15.0,780.2142857142857
43.68767123287671,690.8744710077245,5.669743361819107e-21,0.3,15.0,780.2142857142857
43.69041095890411,694.6117044822721,5.78492434637329e-21,0.3,15.0,780.2142857142857
43.69315068493151,698.3743038490937,5.9080467979264214e-21,0.3,15.0,780.2142857142857
43.6958904109589,702.1611541687811,6.0395555433049836e-21,0.3,15.0,780.2142857142857
43.6986301369863,705.9711333158824,6.179930357665986e-21,0.3,15.0,780.2142857142857
43.701369863013696,709.8031123113251,6.32968878439092e-21,0.3,15.0,780.2142857142857
43.704109589041096,713.6559556570573,6.4893892100082344e-21,0.3,15.0,780.2142857142857
43.706849315068496,717.5285216724321,6.659634218765608e-21,0.3,15.0,780.2142857142857
43.70958904109589,721.4196628325492,6.841074254002467e-21,0.3,15.0,780.2142857142857
43.71232876712329,725.3282261083308,7.034411616239955e-21,0.3,15.0,780.2142857142857
43.71506849315069,729.2530533081119,7.24040483098177e-21,0.3,15.0,780.2142857142857
43.71780821917808,733.1929814208885,7.459873422644076e-21,0.3,15.0,780.2142857142857
43.72054794520548,737.14684296093,7.693703134801757e-21,0.3,15.0,780.2142857142857
43.723287671232875,741.1134663137178,7.942851641128638e-21,0.3,15.0,780.2142857142857
43.726027397260275,745.0916760831719,8.208354796081777e-21,0.3,15.0,780.2142857142857
43.728767123287675,749.0802934398678,8.491333479508148e-21,0.3,15.0,780.2142857142857
43.73150684931507,753.0781364703879,8.793001095115057e-21,0.3,15.0,780.2142857142857
43.73424657534247,757.0840205275883,9.114671789086101e-21,0.3,15.0,780.2142857142857
43.73698630136986,761.0967585815423,9.457769462187267e-21,0.3,15.0,780.2142857142857
43.73972602739726,765.115161571389,9.823837656588486e-21,0.3,15.0,780.2142857142857
43.74246575342466,769.138038757585,1.0214550407306791e-20,0.3,15.0,780.2142857142857
43.74520547945205,773.1641980747992,1.0631724157926416e-20,0.3,15.0,780.2142857142857
43.74794520547945,777.1924464851345,1.1077330851013073e-20,0.3,15.0,780.2142857142857
43.75068493150685,781.2215903316365,1.1553512315640026e-20,0.3,15.0,780.2142857142857
43.75342465753425,785.2504356920545,1.2062596087843931e-20,0.3,15.0,780.2142857142857
43.75616438356165,789.277788732545,1.2607112814637663e-20,0.3,15.0,780.2142857142857
43.75890410958904,793.3024560614713,1.3189815408832075e-20,0.3,15.0,780.2142857142857
43.76164383561644,797.3232450830715,1.3813700140324212e-20,0.3,15.0,780.2142857142857
43.76438356164384,801.3389643507688,1.448202987005512e-20,0.3,15.0,780.2142857142857
43.76712328767123,805.3484239202652,1.5198359655785374e-20,0.3,15.0,780.2142857142857
43.76986301369863,809.3504357021851,1.5966564984329393e-20,0.3,15.0,780.2142857142857
43.772602739726025,813.3438138140408,1.6790872913345995e-20,0.3,15.0,780.2142857142857
43.775342465753425,817.32737493174,1.7675896437602457e-20,0.3,15.0,780.2142857142857
43.778082191780825,821.2999386401381,1.8626672429939787e-20,0.3,15.0,780.2142857142857
43.78082191780822,825.2603277828732,1.9648703546798655e-20,0.3,15.0,780.2142857142857
43.78356164383562,829.2073688111699,2.0748004532207423e-20,0.3,15.0,780.2142857142857
43.78630136986301,833.139892131575,2.1931153403359572e-20,0.3,15.0,780.2142857142857
43.78904109589041,837.0567324525832,2.3205348055988485e-20,0.3,15.0,780.2142857142857
43.79178082191781,840.9567291298625,2.4578468888991576e-20,0.3,15.0,780.2142857142857
43.794520547945204,844.8387265102158,2.6059148116496584e-20,0.3,15.0,780.2142857142857
43.797260273972604,848.7015742740641,2.765684651208589e-20,0.3,15.0,780.2142857142857
43.8,852.5441277762229,2.938193841548629e-20,0.3,15.0,780.2142857142857
43.8027397260274,856.3652483851855,3.124580592785428e-20,0.3,15.0,780.2142857142857
43.8054794520548,860.1638038204362,3.326094332849989e-20,0.3,15.0,780.2142857142857
43.80821917808219,863.9386684880203,3.5441072865665436e-20,0.3,15.0,780.2142857142857
43.81095890410959,867.6887238140683,3.7801273207485496e-20,0.3,15.0,780.2142857142857
43.81369863013699,871.4128585762542,4.0358121988667094e-20,0.3,15.0,780.2142857142857
43.81643835616438,875.1099692330625,4.3129854055700286e-20,0.3,15.0,780.2142857142857
43.81917808219178,878.7789602508396,4.6136537200153016e-20,0.3,15.0,780.2142857142857
43.821917808219176,882.4187444283399,4.9400267378578925e-20,0.3,15.0,780.2142857142857
43.824657534246576,886.0282432189823,5.2945385651629047e-20,0.3,15.0,780.2142857142857
43.827397260273976,889.6063870503637,5.679871933604028e-20,0.3,15.0,780.2142857142857
43.83013698630137,893.1521156412326,6.098985015613033e-20,0.3,15.0,780.2142857142857
43.83287671232877,896.664378315708,6.555141250838616e-20,0.3,15.0,780.2142857142857
43.83561643835616,900.142134314535,7.051942531871462e-20,0.3,15.0,780.2142857142857
43.83835616438356,903.5843531035783,7.593366138181189e-20,0.3,15.0,780.2142857142857
43.84109589041096,906.9900146791101,8.183805852950014e-20,0.3,15.0,780.2142857142857
43.843835616438355,910.3581098701052,8.82811774878908e-20,0.3,15.0,780.2142857142857
43.846575342465755,913.687640637269,9.531671185590093e-20,0.3,15.0,780.2142857142857
43.84931506849315,916.9776203687675,1.0300405627849536e-19,0.3,15.0,780.2142857142857
43.85205479452055,920.2270741726242,1.1140893960546974e-19,0.3,15.0,780.2142857142857
43.85479452054795,923.435039165537,1.2060413062714984e-19,0.3,15.0,780.2142857142857
43.85753424657534,926.6005647582348,1.3067022487562357e-19,0.3,15.0,780.2142857142857
43.86027397260274,929.7227129371876,1.4169652198143963e-19,0.3,15.0,780.2142857142857
43.86301369863014,932.8005585424982,1.537820041955282e-19,0.3,15.0,780.2142857142857
43.865753424657534,935.8331895420781,1.67036427938496e-19,0.3,15.0,780.2142857142857
43.868493150684934,938.8197073019329,1.8158154163738437e-19,0.3,15.0,780.2142857142857
43.87123287671233,941.759226852386,1.9755244467215047e-19,0.3,15.0,780.2142857142857
43.87397260273973,944.6508771503541,2.1509910400051698e-19,0.3,15.0,780.2142857142857
43.87671232876713,947.4938013374475,2.3438804697633147e-19,0.3,15.0,780.2142857142857
43.87945205479452,950.287156993865,2.556042510538703e-19,0.3,15.0,780.2142857142857
43.88219178082192,953.0301163880582,2.7895325349674245e-19,0.3,15.0,780.2142857142857
43.88493150684931,955.7218667219427,3.046635069178751e-19,0.3,15.0,780.2142857142857
43.88767123287671,958.3616103718199,3.3298900949955716e-19,0.3,15.0,780.2142857142857
43.89041095890411,960.9485651246665,3.64212242106493e-19,0.3,15.0,780.2142857142857
43.893150684931506,963.4819644099505,3.9864744826080904e-19,0.3,15.0,780.2142857142857
43.895890410958906,965.9610575268048,4.366442971262655e-19,0.3,15.0,780.2142857142857
43.8986301369863,968.3851098664194,4.785919743031321e-19,0.3,15.0,780.2142857142857
43.9013698630137,970.7534031297865,5.24923750419431e-19,0.3,15.0,780.2142857142857
43.9041095890411,973.0652355404926,5.761220832622438e-19,0.3,15.0,780.2142857142857
43.90684931506849,975.3199220527007,6.327243156064566e-19,0.3,15.0,780.2142857142857
43.90958904109589,977.5167945541369,6.953290380163159e-19,0.3,15.0,780.2142857142857
43.912328767123284,979.6552020640601,7.646031938034336e-19,0.3,15.0,780.2142857142857
43.915068493150685,981.7345109261882,8.412900121098456e-19,0.3,15.0,780.2142857142857
43.917808219178085,983.7541049964234,9.262178648146001e-19,0.3,15.0,780.2142857142857
43.92054794520548,985.7133858254498,1.0203101537673605e-18,0.3,15.0,780.2142857142857
43.92328767123288,987.6117728360857,1.124596346806712e-18,0.3,15.0,780.2142857142857
43.92602739726028,989.4487034952831,1.2402242942586232e-18,0.3,15.0,780.2142857142857
43.92876712328767,991.2236334808374,1.3684739722619724e-18,0.3,15.0,780.2142857142857
43.93150684931507,992.9360368426998,1.5107728154480984e-18,0.3,15.0,780.2142857142857
43.93424657534246,994.5854061587911,1.6687128193735766e-18,0.3,15.0,780.2142857142857
43.93698630136986,996.171252685387,1.8440696128410073e-18,0.3,15.0,780.2142857142857
43.93972602739726,997.6931065019361,2.038823721964043e-18,0.3,15.0,780.2142857142857
43.942465753424656,999.1505166503035,2.2551842717977265e-18,0.3,15.0,780.2142857142857
43.945205479452056,1000.5430512684187,2.4956153976864826e-18,0.3,15.0,780.2142857142857
43.94794520547945,1001.8702977182118,2.7628656674313773e-18,0.3,15.0,780.2142857142857
43.95068493150685,1003.1318627079236,3.0600008471868465e-18,0.3,15.0,780.2142857142857
43.95342465753425,1004.3273724086167,3.3904403788204782e-18,0.3,15.0,780.2142857142857
43.95616438356164,1005.4564725649623,3.757997974683178e-18,0.3,15.0,780.2142857142857
43.95890410958904,1006.5188286002231,4.166926777480748e-18,0.3,15.0,780.2142857142857
43.961643835616435,1007.5141257153712,4.621969578558262e-18,0.3,15.0,780.2142857142857
43.964383561643835,1008.4420689823982,5.1284146377248576e-18,0.3,15.0,780.2142857142857
43.967123287671235,1009.3023834316838,5.6921577019189385e-18,0.3,15.0,780.2142857142857
43.96986301369863,1010.0948141334891,6.3197708790635044e-18,0.3,15.0,780.2142857142857
43.97260273972603,1010.819126273496,7.018579087492991e-18,0.3,15.0,780.2142857142857
43.97534246575343,1011.4751052223846,7.796744870788718e-18,0.3,15.0,780.2142857142857
43.97808219178082,1012.0625565994342,8.663362443094428e-18,0.3,15.0,780.2142857142857
43.98082191780822,1012.5813063301266,9.628561911176157e-18,0.3,15.0,780.2142857142857
43.983561643835614,1013.0312006977181,1.0703624707064996e-17,0.3,15.0,780.2142857142857
43.986301369863014,1013.4121063888008,1.1901111359468344e-17,0.3,15.0,780.2142857142857
43.989041095890414,1013.7239105327964,1.3235002833213217e-17,0.3,15.0,780.2142857142857
43.99178082191781,1013.9665207354072,1.4720856774560888e-17,0.3,15.0,780.2142857142857
43.99452054794521,1014.1398651059953,1.6375980116040358e-17,0.3,15.0,780.2142857142857
43.9972602739726,1014.2438922788821,1.821961961796315e-17,0.3,15.0,780.2142857142857
44.0,1014.2785714285714,2.027317205527362e-17,0.3,15.0,780.2142857142857
44.0027397260274,1014.2438922788821,2.2560415897376786e-17,0.3,15.0,780.2142857142857
44.00547945205479,1014.1398651059956,2.5107766475939308e-17,0.3,15.0,780.2142857142857
44.00821917808219,1013.9665207354074,2.7944556790445066e-17,0.3,15.0,780.2142857142857
44.010958904109586,1013.7239105327967,3.110334626380576e-17,0.3,15.0,780.2142857142857
44.013698630136986,1013.4121063888011,3.4620259930495406e-17,0.3,15.0,780.2142857142857
44.016438356164386,1013.0312006977184,3.853536071609457e-17,0.3,15.0,780.2142857142857
44.01917808219178,1012.5813063301273,4.2893057650678266e-17,0.3,15.0,780.2142857142857
44.02191780821918,1012.0625565994349,4.774255304692607e-17,0.3,15.0,780.2142857142857
44.02465753424658,1011.4751052223834,5.3138331867048224e-17,0.3,15.0,780.2142857142857
44.02739726027397,1010.8191262734967,5.91406966996401e-17,0.3,15.0,780.2142857142857
44.03013698630137,1010.0948141334902,6.581635196598198e-17,0.3,15.0,780.2142857142857
44.032876712328765,1009.3023834316848,7.323904117414097e-17,0.3,15.0,780.2142857142857
44.035616438356165,1008.4420689823992,8.14902412371057e-17,0.3,15.0,780.2142857142857
44.038356164383565,1007.5141257153724,9.065991806349865e-17,0.3,15.0,780.2142857142857
44.04109589041096,1006.5188286002243,1.0084734781698138e-16,0.3,15.0,780.2142857142857
44.04383561643836,1005.4564725649637,1.1216200841682358e-16,0.3,15.0,780.2142857142857
44.04657534246575,1004.3273724086183,1.2472454601578308e-16,0.3,15.0,780.2142857142857
44.04931506849315,1003.1318627079252,1.3866782133947602e-16,0.3,15.0,780.2142857142857
44.05205479452055,1001.8702977182132,1.5413804089570596e-16,0.3,15.0,780.2142857142857
44.054794520547944,1000.5430512684205,1.712959781639733e-16,0.3,15.0,780.2142857142857
44.057534246575344,999.1505166503055,1.9031828994361685e-16,0.3,15.0,780.2142857142857
44.06027397260274,997.693106501938,2.1139893307147117e-16,0.3,15.0,780.2142857142857
44.06301369863014,996.1712526853889,2.347506867119361e-16,0.3,15.0,780.2142857142857
44.06575342465754,994.585406158793,2.6060678536100064e-16,0.3,15.0,780.2142857142857
44.06849315068493,992.9360368427018,2.8922266759403326e-16,0.3,15.0,780.2142857142857
44.07123287671233,991.2236334808397,3.208778454079229e-16,0.3,15.0,780.2142857142857
44.07397260273973,989.4487034952795,3.5587789875944415e-16,0.3,15.0,780.2142857142857
44.07671232876712,987.6117728360882,3.945565995769506e-16,0.3,15.0,780.2142857142857
44.07945205479452,985.7133858254522,4.3727816910699127e-16,0.3,15.0,780.2142857142857
44.082191780821915,983.754104996426,4.844396719478801e-16,0.3,15.0,780.2142857142857
44.084931506849315,981.7345109261909,5.364735495138327e-16,0.3,15.0,780.2142857142857
44.087671232876716,979.6552020640627,5.938502949431032e-16,0.3,15.0,780.2142857142857
44.09041095890411,977.5167945541397,6.570812706255629e-16,0.3,15.0,780.2142857142857
44.09315068493151,975.3199220527034,7.267216685493842e-16,0.3,15.0,780.2142857142857
44.0958904109589,973.0652355404956,8.033736125580843e-16,0.3,15.0,780.2142857142857
44.0986301369863,970.7534031297897,8.876894003662668e-16,0.3,15.0,780.2142857142857
44.1013698630137,968.3851098664223,9.803748817753992e-16,0.3,15.0,780.2142857142857
44.104109589041094,965.961057526808,1.0821929679911819e-15,0.3,15.0,780.2142857142857
44.106849315068494,963.4819644099538,1.1939672652317832e-15,0.3,15.0,780.2142857142857
44.10958904109589,960.9485651246698,1.3165858239500194e-15,0.3,15.0,780.2142857142857
44.11232876712329,958.3616103718232,1.4510049929796736e-15,0.3,15.0,780.2142857142857
44.11506849315069,955.721866721946,1.5982533657203857e-15,0.3,15.0,780.2142857142857
44.11780821917808,953.0301163880615,1.7594358031587707e-15,0.3,15.0,780.2142857142857
44.12054794520548,950.2871569938684,1.9357375160342284e-15,0.3,15.0,780.2142857142857
44.12328767123288,947.4938013374418,2.1284281858391907e-15,0.3,15.0,780.2142857142857
44.12602739726027,944.6508771503577,2.338866101613934e-15,0.3,15.0,780.2142857142857
44.12876712328767,941.7592268523896,2.568502286634778e-15,0.3,15.0,780.2142857142857
44.131506849315066,938.8197073019368,2.8188845861489504e-15,0.3,15.0,780.2142857142857
44.134246575342466,935.833189542082,3.0916616843205043e-15,0.3,15.0,780.2142857142857
44.136986301369866,932.8005585424919,3.3885870154670663e-15,0.3,15.0,780.2142857142857
44.13972602739726,929.7227129371915,3.711522531635958e-15,0.3,15.0,780.2142857142857
44.14246575342466,926.6005647582388,4.062442285505079e-15,0.3,15.0,780.2142857142857
44.14520547945205,923.435039165541,4.443435784604637e-15,0.3,15.0,780.2142857142857
44.14794520547945,920.2270741726281,4.8567110700038905e-15,0.3,15.0,780.2142857142857
44.15068493150685,916.9776203687717,5.304597469817581e-15,0.3,15.0,780.2142857142857
44.153424657534245,913.6876406372733,5.789547975390129e-15,0.3,15.0,780.2142857142857
44.156164383561645,910.3581098701095,6.314141185680231e-15,0.3,15.0,780.2142857142857
44.15890410958904,906.9900146791144,6.881082763352994e-15,0.3,15.0,780.2142857142857
44.16164383561644,903.5843531035827,7.493206344477895e-15,0.3,15.0,780.2142857142857
44.16438356164384,900.1421343145394,8.153473842407379e-15,0.3,15.0,780.2142857142857
44.16712328767123,896.6643783157123,8.864975085701861e-15,0.3,15.0,780.2142857142857
44.16986301369863,893.1521156412371,9.63092672965773e-15,0.3,15.0,780.2142857142857
44.17260273972603,889.6063870503564,1.0454670381301258e-14,0.3,15.0,780.2142857142857
44.175342465753424,886.0282432189867,1.1339669878709823e-14,0.3,15.0,780.2142857142857
44.178082191780824,882.4187444283444,1.2289507667103005e-14,0.3,15.0,780.2142857142857
44.18082191780822,878.7789602508444,1.3307880216489274e-14,0.3,15.0,780.2142857142857
44.18356164383562,875.1099692330672,1.4398592428867925e-14,0.3,15.0,780.2142857142857
44.18630136986302,871.4128585762465,1.5565550986783746e-14,0.3,15.0,780.2142857142857
44.18904109589041,867.688723814073,1.681275659993477e-14,0.3,15.0,780.2142857142857
44.19178082191781,863.9386684880251,1.814429511206627e-14,0.3,15.0,780.2142857142857
44.1945205479452,860.1638038204411,1.956432743684849e-14,0.3,15.0,780.2142857142857
44.1972602739726,856.3652483851903,2.1077078298896818e-14,0.3,15.0,780.2142857142857
44.2,852.5441277762276,2.2686823764092033e-14,0.3,15.0,780.2142857142857
44.202739726027396,848.7015742740689,2.439787755255955e-14,0.3,15.0,780.2142857142857
44.205479452054796,844.8387265102206,2.6214576137339768e-14,0.3,15.0,780.2142857142857
44.20821917808219,840.9567291298674,2.8141262642286186e-14,0.3,15.0,780.2142857142857
44.21095890410959,837.0567324525882,3.018226956408232e-14,0.3,15.0,780.2142857142857
44.21369863013699,833.1398921315798,3.234190035478573e-14,0.3,15.0,780.2142857142857
44.21643835616438,829.207368811175,3.462440991383294e-14,0.3,15.0,780.2142857142857
44.21917808219178,825.2603277828781,3.7033984050924565e-14,0.3,15.0,780.2142857142857
44.22191780821918,821.2999386401431,3.957471799410272e-14,0.3,15.0,780.2142857142857
44.224657534246575,817.327374931745,4.2250594030538014e-14,0.3,15.0,780.2142857142857
44.227397260273975,813.3438138140458,4.506545838041919e-14,0.3,15.0,780.2142857142857
44.23013698630137,809.3504357021901,4.802299741716408e-14,0.3,15.0,780.2142857142857
44.23287671232877,805.3484239202702,5.112671335996181e-14,0.3,15.0,780.2142857142857
44.23561643835617,801.3389643507605,5.43798995762954e-14,0.3,15.0,780.2142857142857
44.23835616438356,797.3232450830765,5.778561564387164e-14,0.3,15.0,780.2142857142857
44.24109589041096,793.3024560614763,6.13466623316734e-14,0.3,15.0,780.2142857142857
44.24383561643835,789.27778873255,6.506555666935088e-14,0.3,15.0,780.2142857142857
44.24657534246575,785.2504356920595,6.894450728285515e-14,0.3,15.0,780.2142857142857
44.24931506849315,781.2215903316416,7.298539018074421e-14,0.3,15.0,780.2142857142857
44.25205479452055,777.1924464851395,7.718972518164683e-14,0.3,15.0,780.2142857142857
44.25479452054795,773.1641980748042,8.155865317697977e-14,0.3,15.0,780.2142857142857
44.25753424657534,769.13803875759,8.609291442516049e-14,0.3,15.0,780.2142857142857
44.26027397260274,765.115161571394,9.079282807429183e-14,0.3,15.0,780.2142857142857
44.26301369863014,761.0967585815473,9.565827310807083e-14,0.3,15.0,780.2142857142857
44.26575342465753,757.0840205275933,1.0068867090669284e-13,0.3,15.0,780.2142857142857
44.26849315068493,753.078136470393,1.0588296960848574e-13,0.3,15.0,780.2142857142857
44.27123287671233,749.0802934398596,1.1123963045028031e-13,0.3,15.0,780.2142857142857
44.273972602739725,745.091676083177,1.167566162551393e-13,0.3,15.0,780.2142857142857
44.276712328767125,741.1134663137228,1.2243138222396373e-13,0.3,15.0,780.2142857142857
44.27945205479452,737.1468429609349,1.2826086917375288e-13,0.3,15.0,780.2142857142857
44.28219178082192,733.1929814208934,1.3424149935026874e-13,0.3,15.0,780.2142857142857
44.28493150684932,729.2530533081168,1.4036917492477646e-13,0.3,15.0,780.2142857142857
44.28767123287671,725.3282261083357,1.4663927926650107e-13,0.3,15.0,780.2142857142857
44.29041095890411,721.419662832554,1.5304668106166774e-13,0.3,15.0,780.2142857142857
44.293150684931504,717.528521672437,1.595857413285034e-13,0.3,15.0,780.2142857142857
44.295890410958904,713.6559556570622,1.6625032335569518e-13,0.3,15.0,780.2142857142857
44.298630136986304,709.8031123113299,1.7303380556766853e-13,0.3,15.0,780.2142857142857
44.3013698630137,705.9711333158872,1.7992909729722669e-13,0.3,15.0,780.2142857142857
44.3041095890411,702.1611541687859,1.869286574215099e-13,0.3,15.0,780.2142857142857
44.30684931506849,698.3743038490985,1.940245157932316e-13,0.3,15.0,780.2142857142857
44.30958904109589,694.6117044822768,2.0120829737606734e-13,0.3,15.0,780.2142857142857
44.31232876712329,690.8744710077292,2.0847124896892922e-13,0.3,15.0,780.2142857142857
44.31506849315068,687.1637108484025,2.158042683825159e-13,0.3,15.0,780.2142857142857
44.31780821917808,683.4805235825922,2.231979359096215e-13,0.3,15.0,780.2142857142857
44.32054794520548,679.8260006181872,2.306425479107536e-13,0.3,15.0,780.2142857142857
44.323287671232876,676.2012248692129,2.3812815231872555e-13,0.3,15.0,780.2142857142857
44.326027397260276,672.6072704349526,2.4564458584875845e-13,0.3,15.0,780.2142857142857
44.32876712328767,669.0452022816811,2.531815126859164e-13,0.3,15.0,780.2142857142857
44.33150684931507,665.5160759270442,2.607284644098381e-13,0.3,15.0,780.2142857142857
44.33424657534247,662.0209371273573,2.682748809053625e-13,0.3,15.0,780.2142857142857
44.33698630136986,658.5608215676898,2.75810152000793e-13,0.3,15.0,780.2142857142857
44.33972602739726,655.1367545549341,2.8332365956939854e-13,0.3,15.0,780.2142857142857
44.342465753424655,651.7497507140663,2.9080481982677533e-13,0.3,15.0,780.2142857142857
44.345205479452055,648.4008136873997,2.982431255569206e-13,0.3,15.0,780.2142857142857
44.347945205479455,645.0909358372625,3.0562818800085695e-13,0.3,15.0,780.2142857142857
44.35068493150685,641.8210979518946,3.1294977814721217e-13,0.3,15.0,780.2142857142857
44.35342465753425,638.5922689548304,3.2019786717037757e-13,0.3,15.0,780.2142857142857
44.35616438356164,635.4054056177961,3.273626657710399e-13,0.3,15.0,780.2142857142857
44.35890410958904,632.2614522771554,3.3443466218586967e-13,0.3,15.0,780.2142857142857
44.36164383561644,629.1613405541458,3.414046586454275e-13,0.3,15.0,780.2142857142857
44.364383561643834,626.1059890787869,3.482638060755168e-13,0.3,15.0,780.2142857142857
44.367123287671234,623.0963032176404,3.5500363685332513e-13,0.3,15.0,780.2142857142857
44.369863013698634,620.1331748055916,3.616160954479105e-13,0.3,15.0,780.2142857142857
44.37260273972603,617.217481881548,3.680935667944554e-13,0.3,15.0,780.2142857142857
44.37534246575343,614.3500884282295,3.744289022715637e-13,0.3,15.0,780.2142857142857
44.37808219178082,611.5318441162188,3.8061544317196755e-13,0.3,15.0,780.2142857142857
44.38082191780822,608.7635840521095,3.8664704157916155e-13,0.3,15.0,780.2142857142857
44.38356164383562,606.0461285311121,3.925180785834022e-13,0.3,15.0,780.2142857142857
44.38630136986301,603.3802827939448,3.982234797932808e-13,0.3,15.0,780.2142857142857
44.38904109589041,600.7668367882333,4.037587281201493e-13,0.3,15.0,780.2142857142857
44.391780821917806,598.2065649344402,4.091198738339744e-13,0.3,15.0,780.2142857142857
44.394520547945206,595.700225896354,4.1430354191032314e-13,0.3,15.0,780.2142857142857
44.397260273972606,593.2485623563316,4.1930693670723524e-13,0.3,15.0,780.2142857142857
44.4,590.8523007951987,4.241278440303968e-13,0.3,15.0,780.2142857142857
44.4027397260274,588.5121512769559,4.2876463066227023e-13,0.3,15.0,780.2142857142857
44.40547945205479,586.2288072384254,4.332162414473765e-13,0.3,15.0,780.2142857142857
44.40821917808219,584.0029452837092,4.3748219404148425e-13,0.3,15.0,780.2142857142857
44.41095890410959,581.8352249837502,4.4156257144547835e-13,0.3,15.0,780.2142857142857
44.413698630136984,579.7262886808567,4.454580124575127e-13,0.3,15.0,780.2142857142857
44.416438356164385,577.6767612983696,4.491697001872141e-13,0.3,15.0,780.2142857142857
44.419178082191785,575.6872501554848,4.5269934878476385e-13,0.3,15.0,780.2142857142857
44.42191780821918,573.7583447872973,4.560491885453315e-13,0.3,15.0,780.2142857142857
44.42465753424658,571.8906167700844,4.592219495548678e-13,0.3,15.0,780.2142857142857
44.42739726027397,570.0846195519788,4.622208440475211e-13,0.3,15.0,780.2142857142857
44.43013698630137,568.3408882889205,4.650495476479573e-13,0.3,15.0,780.2142857142857
44.43287671232877,566.6599396861221,4.677121796726724e-13,0.3,15.0,780.2142857142857
44.43561643835616,565.0422718449373,4.702132826647128e-13,0.3,15.0,780.2142857142857
44.43835616438356,563.488364115249,4.725578013345254e-13,0.3,15.0,780.2142857142857
44.441095890410956,561.998676953464,4.747510610770681e-13,0.3,15.0,780.2142857142857
44.443835616438356,560.5736517860286,4.76798746231811e-13,0.3,15.0,780.2142857142857
44.446575342465756,559.2137108786592,4.78706878247223e-13,0.3,15.0,780.2142857142857
44.44931506849315,557.919257211197,4.80481793906087e-13,0.3,15.0,780.2142857142857
44.45205479452055,556.6906743581998,4.821301237614518e-13,0.3,15.0,780.2142857142857
44.45479452054794,555.5283263752858,4.836587709260858e-13,0.3,15.0,780.2142857142857
44.45753424657534,554.4325576912406,4.850748903509698e-13,0.3,15.0,780.2142857142857
44.46027397260274,553.4036930059773,4.863858687202494e-13,0.3,15.0,780.2142857142857
44.463013698630135,552.4420371943103,4.87599305082139e-13,0.3,15.0,780.2142857142857
44.465753424657535,551.5478752156042,4.887229923267977e-13,0.3,15.0,780.2142857142857
44.468493150684935,550.7214720293545,4.897648996138305e-13,0.3,15.0,780.2142857142857
44.47123287671233,549.9630725166626,4.907331558438027e-13,0.3,15.0,780.2142857142857
44.47397260273973,549.2729014076668,4.916360342598592e-13,0.3,15.0,780.2142857142857
44.47671232876712,548.6511632149645,4.924819382575812e-13,0.3,15.0,780.2142857142857
44.47945205479452,548.0980421730005,4.93279388473625e-13,0.3,15.0,780.2142857142857
44.48219178082192,547.6137021834767,4.940370112162901e-13,0.3,15.0,780.2142857142857
44.484931506849314,547.1982867667863,4.947635282944793e-13,0.3,15.0,780.2142857142857
44.487671232876714,546.8519190194795,4.954677482951489e-13,0.3,15.0,780.2142857142857
44.49041095890411,546.5747015777979,4.961585593536485e-13,0.3,15.0,780.2142857142857
44.49315068493151,546.3667165872502,4.968449234563414e-13,0.3,15.0,780.2142857142857
44.49589041095891,546.2280256782789,4.975358723103995e-13,0.3,15.0,780.2142857142857
44.4986301369863,546.1586699479936,4.98240504812086e-13,0.3,15.0,780.2142857142857
44.5013698630137,546.1586699479934,4.989679861418431e-13,0.3,15.0,780.2142857142857
44.50410958904109,546.2280256782786,4.997275485123474e-13,0.3,15.0,780.2142857142857
44.50684931506849,546.3667165872498,5.00528493594412e-13,0.3,15.0,780.2142857142857
44.50958904109589,546.5747015777973,5.013801966449867e-13,0.3,15.0,780.2142857142857
44.512328767123286,546.8519190194799,5.022921123619362e-13,0.3,15.0,780.2142857142857
44.515068493150686,547.1982867667865,5.03273782491407e-13,0.3,15.0,780.2142857142857
44.517808219178086,547.6137021834785,5.043348452156549e-13,0.3,15.0,780.2142857142857
44.52054794520548,548.0980421730011,5.054850463522611e-13,0.3,15.0,780.2142857142857
44.52328767123288,548.6511632149651,5.067342523994983e-13,0.3,15.0,780.2142857142857
44.52602739726027,549.2729014076652,5.080924654674502e-13,0.3,15.0,780.2142857142857
44.52876712328767,549.9630725166608,5.095698401404113e-13,0.3,15.0,780.2142857142857
44.53150684931507,550.7214720293551,5.111767023227419e-13,0.3,15.0,780.2142857142857
44.534246575342465,551.5478752156021,5.129235701283808e-13,0.3,15.0,780.2142857142857
44.536986301369865,552.442037194308,5.148211768830317e-13,0.3,15.0,780.2142857142857
44.53972602739726,553.4036930059782,5.16880496318053e-13,0.3,15.0,780.2142857142857
44.54246575342466,554.4325576912414,5.191127700464637e-13,0.3,15.0,780.2142857142857
44.54520547945206,555.5283263752867,5.215295374236608e-13,0.3,15.0,780.2142857142857
44.54794520547945,556.6906743582007,5.241426679094745e-13,0.3,15.0,780.2142857142857
44.55068493150685,557.9192572111979,5.269643960631685e-13,0.3,15.0,780.2142857142857
44.553424657534244,559.2137108786559,5.300073593196026e-13,0.3,15.0,780.2142857142857
44.556164383561644,560.573651786025,5.332846387132807e-13,0.3,15.0,780.2142857142857
44.558904109589044,561.9986769534604,5.368098027365936e-13,0.3,15.0,780.2142857142857
44.56164383561644,563.4883641152452,5.405969545408462e-13,0.3,15.0,780.2142857142857
44.56438356164384,565.0422718449333,5.446607827123166e-13,0.3,15.0,780.2142857142857
44.56712328767124,566.6599396861233,5.490166158817148e-13,0.3,15.0,780.2142857142857
44.56986301369863,568.3408882889162,5.536804814542951e-13,0.3,15.0,780.2142857142857
44.57260273972603,570.0846195519742,5.586691687789228e-13,0.3,15.0,780.2142857142857
44.57534246575342,571.890616770086,5.6400029710859e-13,0.3,15.0,780.2142857142857
44.57808219178082,573.7583447872989,5.696923887428677e-13,0.3,15.0,780.2142857142857
44.58082191780822,575.6872501554928,5.757649477832114e-13,0.3,15.0,780.2142857142857
44.583561643835615,577.6767612983712,5.822385449778846e-13,0.3,15.0,780.2142857142857
44.586301369863016,579.7262886808584,5.891349091823871e-13,0.3,15.0,780.2142857142857
44.58904109589041,581.8352249837449,5.964770260156392e-13,0.3,15.0,780.2142857142857
44.59178082191781,584.0029452837036,6.042892443527201e-13,0.3,15.0,780.2142857142857
44.59452054794521,586.2288072384198,6.125973913599174e-13,0.3,15.0,780.2142857142857
44.5972602739726,588.5121512769502,6.214288968515035e-13,0.3,15.0,780.2142857142857
44.6,590.8523007951928,6.308129278271866e-13,0.3,15.0,780.2142857142857
44.602739726027394,593.2485623563255,6.407805341375275e-13,0.3,15.0,780.2142857142857
44.605479452054794,595.700225896356,6.513648063232139e-13,0.3,15.0,780.2142857142857
44.608219178082194,598.2065649344422,6.626010467808023e-13,0.3,15.0,780.2142857142857
44.61095890410959,600.7668367882354,6.745269555284518e-13,0.3,15.0,780.2142857142857
44.61369863013699,603.380282793947,6.871828319767708e-13,0.3,15.0,780.2142857142857
44.61643835616439,606.0461285311143,7.006117942565314e-13,0.3,15.0,780.2142857142857
44.61917808219178,608.7635840521027,7.148600178186723e-13,0.3,15.0,780.2142857142857
44.62191780821918,611.5318441162119,7.299769952018629e-13,0.3,15.0,780.2142857142857
44.62465753424657,614.3500884282224,7.460158190634019e-13,0.3,15.0,780.2142857142857
44.62739726027397,617.2174818815408,7.630334907936231e-13,0.3,15.0,780.2142857142857
44.63013698630137,620.133174805594,7.810912572799395e-13,0.3,15.0,780.2142857142857
44.632876712328766,623.096303217633,8.002549786649285e-13,0.3,15.0,780.2142857142857
44.635616438356166,626.1059890787793,8.20595530249025e-13,0.3,15.0,780.2142857142857
44.63835616438356,629.1613405541483,8.421892420308966e-13,0.3,15.0,780.2142857142857
44.64109589041096,632.2614522771579,8.651183797625951e-13,0.3,15.0,780.2142857142857
44.64383561643836,635.4054056177986,8.894716718201743e-13,0.3,15.0,780.2142857142857
44.64657534246575,638.592268954833,9.153448866695824e-13,0.3,15.0,780.2142857142857
44.64931506849315,641.8210979518972,9.428414662378227e-13,0.3,15.0,780.2142857142857
44.652054794520545,645.0909358372543,9.720732210938954e-13,0.3,15.0,780.2142857142857
44.654794520547945,648.4008136873913,1.0031610940118553e-12,0.3,15.0,780.2142857142857
44.657534246575345,651.7497507140579,1.036235999229204e-12,0.3,15.0,780.2142857142857
44.66027397260274,655.1367545549255,1.0714397455518813e-12,0.3,15.0,780.2142857142857
44.66301369863014,658.560821567681,1.108926052389444e-12,0.3,15.0,780.2142857142857
44.66575342465754,662.0209371273602,1.148861668851937e-12,0.3,15.0,780.2142857142857
44.66849315068493,665.5160759270354,1.191427607218613e-12,0.3,15.0,780.2142857142857
44.67123287671233,669.0452022816722,1.2368205034067967e-12,0.3,15.0,780.2142857142857
44.673972602739724,672.6072704349556,1.2852541185518547e-12,0.3,15.0,780.2142857142857
44.676712328767124,676.2012248692157,1.336960997480697e-12,0.3,15.0,780.2142857142857
44.679452054794524,679.82600061819,1.392194301729976e-12,0.3,15.0,780.2142857142857
44.68219178082192,683.480523582583,1.4512298368769074e-12,0.3,15.0,780.2142857142857
44.68493150684932,687.1637108483933,1.5143682963228554e-12,0.3,15.0,780.2142857142857
44.68767123287671,690.8744710077199,1.581937746346258e-12,0.3,15.0,780.2142857142857
44.69041095890411,694.6117044822674,1.6542963802654756e-12,0.3,15.0,780.2142857142857
44.69315068493151,698.374303849089,1.7318355729476967e-12,0.3,15.0,780.2142857142857
44.6958904109589,702.1611541687763,1.814983270751739e-12,0.3,15.0,780.2142857142857
44.6986301369863,705.9711333158776,1.9042077563265265e-12,0.3,15.0,780.2142857142857
44.701369863013696,709.803112311333,2.0000218325895017e-12,0.3,15.0,780.2142857142857
44.704109589041096,713.6559556570653,2.102987475761632e-12,0.3,15.0,780.2142857142857
44.706849315068496,717.5285216724401,2.213721013595093e-12,0.3,15.0,780.2142857142857
44.70958904109589,721.4196628325572,2.3328988920421284e-12,0.3,15.0,780.2142857142857
44.71232876712329,725.3282261083389,2.4612641016466746e-12,0.3,15.0,780.2142857142857
44.71506849315069,729.2530533081199,2.5996333440512004e-12,0.3,15.0,780.2142857142857
44.71780821917808,733.1929814208835,2.748905029352153e-12,0.3,15.0,780.2142857142857
44.72054794520548,737.1468429609251,2.9100682067514806e-12,0.3,15.0,780.2142857142857
44.723287671232875,741.1134663137128,3.0842125442555183e-12,0.3,15.0,780.2142857142857
44.726027397260275,745.0916760831669,3.2725394883001246e-12,0.3,15.0,780.2142857142857
44.728767123287675,749.0802934398629,3.476374751332524e-12,0.3,15.0,780.2142857142857
44.73150684931507,753.0781364703829,3.6971822949317435e-12,0.3,15.0,780.2142857142857
44.73424657534247,757.0840205275833,3.936579998251449e-12,0.3,15.0,780.2142857142857
44.73698630136986,761.0967585815505,4.196357226854249e-12,0.3,15.0,780.2142857142857
44.73972602739726,765.1151615713973,4.478494545829022e-12,0.3,15.0,780.2142857142857
44.74246575342466,769.1380387575932,4.7851858538675485e-12,0.3,15.0,780.2142857142857
44.74520547945205,773.1641980747942,5.118863252427929e-12,0.3,15.0,780.2142857142857
44.74794520547945,777.1924464851294,5.482225006772357e-12,0.3,15.0,780.2142857142857
44.75068493150685,781.2215903316314,5.878267004373968e-12,0.3,15.0,780.2142857142857
44.75342465753425,785.2504356920495,6.310318171844204e-12,0.3,15.0,780.2142857142857
44.75616438356165,789.27778873254,6.7820803750293515e-12,0.3,15.0,780.2142857142857
44.75890410958904,793.3024560614663,7.297673399615874e-12,0.3,15.0,780.2142857142857
44.76164383561644,797.3232450830664,7.861685692622714e-12,0.3,15.0,780.2142857142857
44.76438356164384,801.3389643507638,8.479231640199611e-12,0.3,15.0,780.2142857142857
44.76712328767123,805.3484239202734,9.156016265992091e-12,0.3,15.0,780.2142857142857
44.76986301369863,809.3504357021933,9.898408358912144e-12,0.3,15.0,780.2142857142857
44.772602739726025,813.3438138140491,1.0713523181922713e-11,0.3,15.0,780.2142857142857
44.775342465753425,817.3273749317483,1.1609316077190866e-11,0.3,15.0,780.2142857142857
44.778082191780825,821.2999386401461,1.2594688470579043e-11,0.3,15.0,780.2142857142857
44.78082191780822,825.2603277828682,1.3679607993939655e-11,0.3,15.0,780.2142857142857
44.78356164383562,829.2073688111651,1.4875244690859324e-11,0.3,15.0,780.2142857142857
44.78630136986301,833.1398921315699,1.619412555541753e-11,0.3,15.0,780.2142857142857
44.78904109589041,837.0567324525783,1.7650309979847463e-11,0.3,15.0,780.2142857142857
44.79178082191781,840.9567291298578,1.925958906175926e-11,0.3,15.0,780.2142857142857
44.794520547945204,844.8387265102109,2.1039712152881457e-11,0.3,15.0,780.2142857142857
44.797260273972604,848.7015742740593,2.3010644527095077e-11,0.3,15.0,780.2142857142857
44.8,852.5441277762308,2.5194860616184846e-11,0.3,15.0,780.2142857142857
44.8027397260274,856.3652483851932,2.7617677918877907e-11,0.3,15.0,780.2142857142857
44.8054794520548,860.1638038204441,3.030763744503432e-11,0.3,15.0,780.2142857142857
44.80821917808219,863.9386684880157,3.329693742873524e-11,0.3,15.0,780.2142857142857
44.81095890410959,867.6887238140637,3.6621928048305364e-11,0.3,15.0,780.2142857142857
44.81369863013699,871.4128585762495,4.0323676049230874e-11,0.3,15.0,780.2142857142857
44.81643835616438,875.1099692330579,4.444860950154274e-11,0.3,15.0,780.2142857142857
44.81917808219178,878.7789602508352,4.904925446351427e-11,0.3,15.0,780.2142857142857
44.821917808219176,882.4187444283355,5.4185077101027113e-11,0.3,15.0,780.2142857142857
44.824657534246576,886.0282432189778,5.992344686419742e-11,0.3,15.0,780.2142857142857
44.827397260273976,889.6063870503593,6.634073869122216e-11,0.3,15.0,780.2142857142857
44.83013698630137,893.1521156412399,7.352359494607368e-11,0.3,15.0,780.2142857142857
44.83287671232877,896.6643783157151,8.157037095691079e-11,0.3,15.0,780.2142857142857
44.83561643835616,900.1421343145421,9.059279167401787e-11,0.3,15.0,780.2142857142857
44.83835616438356,903.5843531035855,1.0071785118773465e-10,0.3,15.0,780.2142857142857
44.84109589041096,906.990014679117,1.1208999172511937e-10,0.3,15.0,780.2142857142857
44.843835616438355,910.3581098701011,1.248736043870548e-10,0.3,15.0,780.2142857142857
44.846575342465755,913.687640637265,1.3925590041134625e-10,0.3,15.0,780.2142857142857
44.84931506849315,916.9776203687634,1.5545020929382373e-10,0.3,15.0,780.2142857142857
44.85205479452055,920.2270741726202,1.7369976883123434e-10,0.3,15.0,780.2142857142857
44.85479452054795,923.435039165533,1.94282082249024e-10,0.3,15.0,780.2142857142857
44.85753424657534,926.6005647582308,2.1751392926822928e-10,0.3,15.0,780.2142857142857
44.86027397260274,929.7227129371838,2.437571314922645e-10,0.3,15.0,780.2142857142857
44.86301369863014,932.8005585424943,2.734251881513899e-10,0.3,15.0,780.2142857142857
44.865753424657534,935.8331895420844,3.0699091636813795e-10,0.3,15.0,780.2142857142857
44.868493150684934,938.819707301939,3.4499525108557336e-10,0.3,15.0,780.2142857142857
44.87123287671233,941.7592268523823,3.8805738408708246e-10,0.3,15.0,780.2142857142857
44.87397260273973,944.6508771503507,4.368864496574288e-10,0.3,15.0,780.2142857142857
44.87671232876713,947.4938013374441,4.922949969814176e-10,0.3,15.0,780.2142857142857
44.87945205479452,950.2871569938615,5.552145270676618e-10,0.3,15.0,780.2142857142857
44.88219178082192,953.0301163880547,6.267134156096765e-10,0.3,15.0,780.2142857142857
44.88493150684931,955.7218667219394,7.080175937004854e-10,0.3,15.0,780.2142857142857
44.88767123287671,958.3616103718166,8.00534416786885e-10,0.3,15.0,780.2142857142857
44.89041095890411,960.9485651246634,9.058802199096555e-10,0.3,15.0,780.2142857142857
44.893150684931506,963.4819644099556,1.0259121356056897e-09,0.3,15.0,780.2142857142857
44.895890410958906,965.9610575268098,1.1627648414755129e-09,0.3,15.0,780.2142857142857
44.8986301369863,968.3851098664243,1.3188930092866512e-09,0.3,15.0,780.2142857142857
44.9013698630137,970.7534031297914,1.4971203488186517e-09,0.3,15.0,780.2142857142857
44.9041095890411,973.0652355404973,1.7006962799684514e-09,0.3,15.0,780.2142857142857
44.90684931506849,975.3199220526978,1.9333614289423156e-09,0.3,15.0,780.2142857142857
44.90958904109589,977.5167945541343,2.1994233319853588e-09,0.3,15.0,780.2142857142857
44.912328767123284,979.6552020640574,2.503843946986046e-09,0.3,15.0,780.2142857142857
44.915068493150685,981.7345109261856,2.8523408239592293e-09,0.3,15.0,780.2142857142857
44.917808219178085,983.754104996421,3.251504074933547e-09,0.3,15.0,780.2142857142857
44.92054794520548,985.7133858254473,3.7089316182242034e-09,0.3,15.0,780.2142857142857
44.92328767123288,987.6117728360833,4.233385558141715e-09,0.3,15.0,780.2142857142857
44.92602739726028,989.4487034952808,4.834973006770811e-09,0.3,15.0,780.2142857142857
44.92876712328767,991.223633480841,5.525355168553353e-09,0.3,15.0,780.2142857142857
44.93150684931507,992.9360368427031,6.317989101198468e-09,0.3,15.0,780.2142857142857
44.93424657534246,994.585406158789,7.228407249761215e-09,0.3,15.0,780.2142857142857
44.93698630136986,996.1712526853851,8.274540638115648e-09,0.3,15.0,780.2142857142857
44.93972602739726,997.6931065019342,9.477092508605455e-09,0.3,15.0,780.2142857142857
44.942465753424656,999.1505166503018,1.0859970244354736e-08,0.3,15.0,780.2142857142857
44.945205479452056,1000.543051268417,1.245078460917785e-08,0.3,15.0,780.2142857142857
44.94794520547945,1001.8702977182099,1.4281426720273701e-08,0.3,15.0,780.2142857142857
44.95068493150685,1003.1318627079221,1.6388734755036613e-08,0.3,15.0,780.2142857142857
44.95342465753425,1004.3273724086154,1.88152642143351e-08,0.3,15.0,780.2142857142857
44.95616438356164,1005.4564725649644,2.1610177654847263e-08,0.3,15.0,780.2142857142857
44.95890410958904,1006.5188286002252,2.4830272199687788e-08,0.3,15.0,780.2142857142857
44.961643835616435,1007.5141257153733,2.8541165883109626e-08,0.3,15.0,780.2142857142857
44.964383561643835,1008.4420689824001,3.281866703050906e-08,0.3,15.0,780.2142857142857
44.967123287671235,1009.3023834316853,3.775035447321175e-08,0.3,15.0,780.2142857142857
44.96986301369863,1010.0948141334883,4.343740051228924e-08,0.3,15.0,780.2142857142857
44.97260273972603,1010.819126273495,4.999667324516382e-08,0.3,15.0,780.2142857142857
44.97534246575343,1011.475105222384,5.7563160232472224e-08,0.3,15.0,780.2142857142857
44.97808219178082,1012.0625565994335,6.629276159916088e-08,0.3,15.0,780.2142857142857
44.98082191780822,1012.5813063301258,7.636550763058859e-08,0.3,15.0,780.2142857142857
44.983561643835614,1013.0312006977174,8.798926385292199e-08,0.3,15.0,780.2142857142857
44.986301369863014,1013.4121063888005,1.014039956017368e-07,0.3,15.0,780.2142857142857
44.989041095890414,1013.723910532796,1.168866743174503e-07,0.3,15.0,780.2142857142857
44.99178082191781,1013.9665207354076,1.347569194190224e-07,0.3,15.0,780.2142857142857
44.99452054794521,1014.1398651059957,1.553834827625186e-07,0.3,15.0,780.2142857142857
44.9972602739726,1014.2438922788823,1.7919169757884563e-07,0.3,15.0,780.2142857142857
45.0,1014.2785714285714,2.066720306140564e-07,0.3,15.0,780.2142857142857
45.0027397260274,1014.2438922788823,2.3838989518666883e-07,0.3,15.0,780.2142857142857
45.00547945205479,1014.1398651059957,2.7499690429002986e-07,0.3,15.0,780.2142857142857
45.00821917808219,1013.9665207354076,3.1724376696654395e-07,0.3,15.0,780.2142857142857
45.010958904109586,1013.723910532797,3.6599505826816644e-07,0.3,15.0,780.2142857142857
45.013698630136986,1013.4121063888017,4.2224612352150207e-07,0.3,15.0,780.2142857142857
45.016438356164386,1013.0312006977192,4.871424116717483e-07,0.3,15.0,780.2142857142857
45.01917808219178,1012.5813063301263,5.620015705866536e-07,0.3,15.0,780.2142857142857
45.02191780821918,1012.0625565994336,6.48338679741994e-07,0.3,15.0,780.2142857142857
45.02465753424658,1011.4751052223822,7.478950431264814e-07,0.3,15.0,780.2142857142857
45.02739726027397,1010.8191262734954,8.626710179581501e-07,0.3,15.0,780.2142857142857
45.03013698630137,1010.0948141334886,9.949634133590485e-07,0.3,15.0,780.2142857142857
45.032876712328765,1009.3023834316858,1.1474080580029987e-06,0.3,15.0,780.2142857142857
45.035616438356165,1008.4420689824004,1.3230282074634429e-06,0.3,15.0,780.2142857142857
45.038356164383565,1007.5141257153737,1.5252895410278234e-06,0.3,15.0,780.2142857142857
45.04109589041096,1006.5188286002256,1.7581625847122926e-06,0.3,15.0,780.2142857142857
45.04383561643836,1005.4564725649651,2.0261934925632077e-06,0.3,15.0,780.2142857142857
45.04657534246575,1004.3273724086198,2.3345842226131318e-06,0.3,15.0,780.2142857142857
45.04931506849315,1003.1318627079265,2.689283257566369e-06,0.3,15.0,780.2142857142857
45.05205479452055,1001.8702977182148,3.0970881437494326e-06,0.3,15.0,780.2142857142857
45.054794520547944,1000.5430512684177,3.565761255555945e-06,0.3,15.0,780.2142857142857
45.057534246575344,999.1505166503025,4.104160336639368e-06,0.3,15.0,780.2142857142857
45.06027397260274,997.6931065019348,4.722385523625601e-06,0.3,15.0,780.2142857142857
45.06301369863014,996.1712526853858,5.431944723085034e-06,0.3,15.0,780.2142857142857
45.06575342465754,994.5854061587897,6.245939387400761e-06,0.3,15.0,780.2142857142857
45.06849315068493,992.936036842704,7.179272919639458e-06,0.3,15.0,780.2142857142857
45.07123287671233,991.2236334808417,8.248884130280963e-06,0.3,15.0,780.2142857142857
45.07397260273973,989.4487034952816,9.474008368359365e-06,0.3,15.0,780.2142857142857
45.07671232876712,987.6117728360905,1.0876469154213178e-05,0.3,15.0,780.2142857142857
45.07945205479452,985.7133858254546,1.2481003347652406e-05,0.3,15.0,780.2142857142857
45.082191780821915,983.754104996422,1.4315623090447078e-05,0.3,15.0,780.2142857142857
45.084931506849315,981.7345109261868,1.6412017961120243e-05,0.3,15.0,780.2142857142857
45.087671232876716,979.6552020640584,1.880600096661943e-05,0.3,15.0,780.2142857142857
45.09041095890411,977.5167945541353,2.153800216296316e-05,0.3,15.0,780.2142857142857
45.09315068493151,975.3199220526989,2.4653613835380037e-05,0.3,15.0,780.2142857142857
45.0958904109589,973.0652355404984,2.8204191266899e-05,0.3,15.0,780.2142857142857
45.0986301369863,970.7534031297924,3.22475131692472e-05,0.3,15.0,780.2142857142857
45.1013698630137,968.3851098664253,3.6848505823411724e-05,0.3,15.0,780.2142857142857
45.104109589041094,965.9610575268109,4.20800348607036e-05,0.3,15.0,780.2142857142857
45.106849315068494,963.4819644099568,4.802376838276735e-05,0.3,15.0,780.2142857142857
45.10958904109589,960.9485651246731,5.4771114742706725e-05,0.3,15.0,780.2142857142857
45.11232876712329,958.3616103718264,6.242423775569017e-05,0.3,15.0,780.2142857142857
45.11506849315069,955.7218667219495,7.109715133384807e-05,0.3,15.0,780.2142857142857
45.11780821917808,953.030116388056,8.091689450317492e-05,0.3,15.0,780.2142857142857
45.12054794520548,950.2871569938627,9.202478640210789e-05,0.3,15.0,780.2142857142857
45.12328767123288,947.4938013374359,0.00010457775912181512,0.3,15.0,780.2142857142857
45.12602739726027,944.6508771503518,0.0001187497640566722,0.3,15.0,780.2142857142857
45.12876712328767,941.7592268523834,0.00013473324470801833,0.3,15.0,780.2142857142857
45.131506849315066,938.8197073019404,0.0001527406655383922,0.3,15.0,780.2142857142857
45.134246575342466,935.8331895420857,0.0001730060824124275,0.3,15.0,780.2142857142857
45.136986301369866,932.8005585424958,0.0001957867352764521,0.3,15.0,780.2142857142857
45.13972602739726,929.7227129371954,0.00022136463792376518,0.3,15.0,780.2142857142857
45.14246575342466,926.6005647582427,0.00025004813285264436,0.3,15.0,780.2142857142857
45.14520547945205,923.4350391655346,0.0002821733712548657,0.3,15.0,780.2142857142857
45.14794520547945,920.2270741726215,0.00031810566899229673,0.3,15.0,780.2142857142857
45.15068493150685,916.977620368765,0.00035824067896089024,0.3,15.0,780.2142857142857
45.153424657534245,913.6876406372666,0.0004030053085047838,0.3,15.0,780.2142857142857
45.156164383561645,910.3581098701026,0.00045285829755955327,0.3,15.0,780.2142857142857
45.15890410958904,906.9900146791186,0.0005082903591131666,0.3,15.0,780.2142857142857
45.16164383561644,903.5843531035871,0.0005698237686268707,0.3,15.0,780.2142857142857
45.16438356164384,900.1421343145437,0.0006380112736358284,0.3,15.0,780.2142857142857
45.16712328767123,896.6643783157166,0.0007134341794620061,0.3,15.0,780.2142857142857
45.16986301369863,893.1521156412414,0.0007966994526093779,0.3,15.0,780.2142857142857
45.17260273972603,889.6063870503609,0.0008884356710764257,0.3,15.0,780.2142857142857
45.175342465753424,886.0282432189913,0.0009892876419142164,0.3,15.0,780.2142857142857
45.178082191780824,882.4187444283491,0.001099909502596856,0.3,15.0,780.2142857142857
45.18082191780822,878.7789602508369,0.0012209561262463997,0.3,15.0,780.2142857142857
45.18356164383562,875.1099692330596,0.001353072663874998,0.3,15.0,780.2142857142857
45.18630136986302,871.4128585762389,0.0014968820821895147,0.3,15.0,780.2142857142857
45.18904109589041,867.6887238140653,0.001652970595988524,0.3,15.0,780.2142857142857
45.19178082191781,863.9386684880175,0.0018218709524244199,0.3,15.0,780.2142857142857
45.1945205479452,860.1638038204458,0.0020040436027966364,0.3,15.0,780.2142857142857
45.1972602739726,856.3652483851951,0.002199855897724713,0.3,15.0,780.2142857142857
45.2,852.5441277762325,0.002409559563900486,0.3,15.0,780.2142857142857
45.202739726027396,848.7015742740738,0.002633266863938612,0.3,15.0,780.2142857142857
45.205479452054796,844.8387265102255,0.0028709260014888175,0.3,15.0,780.2142857142857
45.20821917808219,840.9567291298595,0.003122296505460377,0.3,15.0,780.2142857142857
45.21095890410959,837.0567324525801,0.003386925500481096,0.3,15.0,780.2142857142857
45.21369863013699,833.1398921315719,0.00366412593277831,0.3,15.0,780.2142857142857
45.21643835616438,829.2073688111668,0.003952957955981158,0.3,15.0,780.2142857142857
45.21917808219178,825.2603277828699,0.004252214771931134,0.3,15.0,780.2142857142857
45.22191780821918,821.2999386401349,0.004560414248860198,0.3,15.0,780.2142857142857
45.224657534246575,817.3273749317501,0.004875797585697618,0.3,15.0,780.2142857142857
45.227397260273975,813.3438138140508,0.005196336142684462,0.3,15.0,780.2142857142857
45.23013698630137,809.3504357021951,0.005519747307049139,0.3,15.0,780.2142857142857
45.23287671232877,805.3484239202752,0.005843519908962083,0.3,15.0,780.2142857142857
45.23561643835617,801.3389643507655,0.006164949258505127,0.3,15.0,780.2142857142857
45.23835616438356,797.3232450830815,0.006481181361813549,0.3,15.0,780.2142857142857
45.24109589041096,793.3024560614814,0.006789265327210938,0.3,15.0,780.2142857142857
45.24383561643835,789.2777887325417,0.007086212432207984,0.3,15.0,780.2142857142857
45.24657534246575,785.2504356920512,0.007369059836364143,0.3,15.0,780.2142857142857
45.24931506849315,781.2215903316334,0.007634936539315852,0.3,15.0,780.2142857142857
45.25205479452055,777.1924464851312,0.00788112893793323,0.3,15.0,780.2142857142857
45.25479452054795,773.164198074796,0.008105143259881284,0.3,15.0,780.2142857142857
45.25753424657534,769.138038757595,0.008304762255709733,0.3,15.0,780.2142857142857
45.26027397260274,765.1151615713991,0.008478093812915326,0.3,15.0,780.2142857142857
45.26301369863014,761.0967585815523,0.008623609590554858,0.3,15.0,780.2142857142857
45.26575342465753,757.0840205275983,0.008740172324628875,0.3,15.0,780.2142857142857
45.26849315068493,753.078136470398,0.00882705107488953,0.3,15.0,780.2142857142857
45.27123287671233,749.0802934398647,0.008883924321102752,0.3,15.0,780.2142857142857
45.273972602739725,745.0916760831819,0.008910871420896842,0.3,15.0,780.2142857142857
45.276712328767125,741.1134663137278,0.008908353469039773,0.3,15.0,780.2142857142857
45.27945205479452,737.1468429609268,0.008877185017267036,0.3,15.0,780.2142857142857
45.28219178082192,733.1929814208853,0.008818498405666775,0.3,15.0,780.2142857142857
45.28493150684932,729.2530533081087,0.008733702615550017,0.3,15.0,780.2142857142857
45.28767123287671,725.3282261083407,0.008624438586088844,0.3,15.0,780.2142857142857
45.29041095890411,721.419662832559,0.00849253285862978,0.3,15.0,780.2142857142857
45.293150684931504,717.5285216724418,0.008339951245611628,0.3,15.0,780.2142857142857
45.295890410958904,713.6559556570671,0.008168753990594836,0.3,15.0,780.2142857142857
45.298630136986304,709.8031123113348,0.00798105361744686,0.3,15.0,780.2142857142857
45.3013698630137,705.9711333158918,0.007778976383404177,0.3,15.0,780.2142857142857
45.3041095890411,702.1611541687906,0.007564627972214846,0.3,15.0,780.2142857142857
45.30684931506849,698.3743038490908,0.007340063804951204,0.3,15.0,780.2142857142857
45.30958904109589,694.611704482269,0.007107264117838604,0.3,15.0,780.2142857142857
45.31232876712329,690.8744710077215,0.006868113764771436,0.3,15.0,780.2142857142857
45.31506849315068,687.1637108483949,0.006624386549345112,0.3,15.0,780.2142857142857
45.31780821917808,683.4805235825847,0.006377733776729994,0.3,15.0,780.2142857142857
45.32054794520548,679.8260006181797,0.006129676636714055,0.3,15.0,780.2142857142857
45.323287671232876,676.2012248692173,0.005881601981575112,0.3,15.0,780.2142857142857
45.326027397260276,672.6072704349571,0.005634761041248644,0.3,15.0,780.2142857142857
45.32876712328767,669.0452022816855,0.005390270618346279,0.3,15.0,780.2142857142857
45.33150684931507,665.5160759270485,0.005149116321976518,0.3,15.0,780.2142857142857
45.33424657534247,662.0209371273617,0.004912157427562725,0.3,15.0,780.2142857142857
45.33698630136986,658.560821567694,0.004680132985853902,0.3,15.0,780.2142857142857
45.33972602739726,655.1367545549383,0.004453668844895836,0.3,15.0,780.2142857142857
45.342465753424655,651.7497507140594,0.004233285291129719,0.3,15.0,780.2142857142857
45.345205479452055,648.4008136873929,0.004019405057966435,0.3,15.0,780.2142857142857
45.347945205479455,645.0909358372558,0.003812361490716597,0.3,15.0,780.2142857142857
45.35068493150685,641.8210979518987,0.0036124066944875953,0.3,15.0,780.2142857142857
45.35342465753425,638.5922689548345,0.003419719526059148,0.3,15.0,780.2142857142857
45.35616438356164,635.4054056178,0.0032344133214034097,0.3,15.0,780.2142857142857
45.35890410958904,632.2614522771593,0.003056543277327539,0.3,15.0,780.2142857142857
45.36164383561644,629.1613405541497,0.0028861134288167556,0.3,15.0,780.2142857142857
45.364383561643834,626.1059890787907,0.002723083183136323,0.3,15.0,780.2142857142857
45.367123287671234,623.0963032176442,0.00256737338798169,0.3,15.0,780.2142857142857
45.369863013698634,620.1331748055952,0.002418871924198325,0.3,15.0,780.2142857142857
45.37260273972603,617.2174818815421,0.0022774388241724422,0.3,15.0,780.2142857142857
45.37534246575343,614.3500884282237,0.00214291092528876,0.3,15.0,780.2142857142857
45.37808219178082,611.531844116213,0.002015106074150118,0.3,15.0,780.2142857142857
45.38082191780822,608.7635840521041,0.0018938269018609496,0.3,15.0,780.2142857142857
45.38356164383562,606.0461285311067,0.001778864193911725,0.3,15.0,780.2142857142857
45.38630136986301,603.3802827939481,0.0016699998802429047,0.3,15.0,780.2142857142857
45.38904109589041,600.7668367882366,0.0015670096722032788,0.3,15.0,780.2142857142857
45.391780821917806,598.2065649344435,0.001469665373493961,0.3,15.0,780.2142857142857
45.394520547945206,595.7002258963571,0.0013777368919744527,0.3,15.0,780.2142857142857
45.397260273972606,593.2485623563346,0.0012909939785709858,0.3,15.0,780.2142857142857
45.4,590.8523007952017,0.0012092077185318492,0.3,15.0,780.2142857142857
45.4027397260274,588.5121512769589,0.0011321517990683146,0.3,15.0,780.2142857142857
45.40547945205479,586.2288072384208,0.001059603576046501,0.3,15.0,780.2142857142857
45.40821917808219,584.0029452837047,0.0009913449609223312,0.3,15.0,780.2142857142857
45.41095890410959,581.8352249837459,0.0009271631476121837,0.3,15.0,780.2142857142857
45.413698630136984,579.7262886808593,0.0008668511974646926,0.3,15.0,780.2142857142857
45.416438356164385,577.6767612983721,0.000810208499013971,0.3,15.0,780.2142857142857
45.419178082191785,575.6872501554873,0.0007570411177473942,0.3,15.0,780.2142857142857
45.42191780821918,573.7583447872998,0.0007071620497328121,0.3,15.0,780.2142857142857
45.42465753424658,571.8906167700869,0.0006603913916429108,0.3,15.0,780.2142857142857
45.42739726027397,570.0846195519811,0.0006165564384818121,0.3,15.0,780.2142857142857
45.43013698630137,568.3408882889227,0.0005754917191658658,0.3,15.0,780.2142857142857
45.43287671232877,566.6599396861242,0.000537038979052619,0.3,15.0,780.2142857142857
45.43561643835616,565.042271844934,0.000501047117524139,0.3,15.0,780.2142857142857
45.43835616438356,563.4883641152459,0.0004673720878353685,0.3,15.0,780.2142857142857
45.441095890410956,561.9986769534611,0.00043587676561610846,0.3,15.0,780.2142857142857
45.443835616438356,560.5736517860257,0.00040643079166509627,0.3,15.0,780.2142857142857
45.446575342465756,559.2137108786566,0.00037891039400247023,0.3,15.0,780.2142857142857
45.44931506849315,557.9192572111984,0.0003531981935306665,0.3,15.0,780.2142857142857
45.45205479452055,556.6906743582012,0.00032918299710631344,0.3,15.0,780.2142857142857
45.45479452054794,555.5283263752873,0.00030675958133098263,0.3,15.0,780.2142857142857
45.45753424657534,554.4325576912419,0.000285828469923954,0.3,15.0,780.2142857142857
45.46027397260274,553.4036930059785,0.0002662957071483999,0.3,15.0,780.2142857142857
45.463013698630135,552.4420371943114,0.00024807262940696725,0.3,15.0,780.2142857142857
45.465753424657535,551.5478752156054,0.00023107563681216525,0.3,15.0,780.2142857142857
45.468493150684935,550.7214720293555,0.00021522596625942847,0.3,15.0,780.2142857142857
45.47123287671233,549.9630725166611,0.00020044946728447078,0.3,15.0,780.2142857142857
45.47397260273973,549.2729014076656,0.00018667638177178396,0.3,15.0,780.2142857142857
45.47671232876712,548.6511632149654,0.00017384112839090434,0.3,15.0,780.2142857142857
45.47945205479452,548.0980421730012,0.00016188209246917036,0.3,15.0,780.2142857142857
45.48219178082192,547.6137021834774,0.00015074142186593043,0.3,15.0,780.2142857142857
45.484931506849314,547.1982867667866,0.00014036482928416613,0.3,15.0,780.2142857142857
45.487671232876714,546.85191901948,0.00013070140134639497,0.3,15.0,780.2142857142857
45.49041095890411,546.5747015777982,0.00012170341466604122,0.3,15.0,780.2142857142857
45.49315068493151,546.3667165872505,0.0001133261590623063,0.3,15.0,780.2142857142857
45.49589041095891,546.228025678279,0.00010552776799737851,0.3,15.0,780.2142857142857
45.4986301369863,546.1586699479935,9.82690562532476e-05,0.3,15.0,780.2142857142857
45.5013698630137,546.1586699479936,9.151336481523967e-05,0.3,15.0,780.2142857142857
45.50410958904109,546.2280256782789,8.522641288632773e-05,0.3,15.0,780.2142857142857
45.50684931506849,546.3667165872502,7.93761569198633e-05,0.3,15.0,780.2142857142857
45.50958904109589,546.5747015777979,7.393265652979964e-05,0.3,15.0,780.2142857142857
45.512328767123286,546.8519190194795,6.886794711246619e-05,0.3,15.0,780.2142857142857
45.515068493150686,547.198286766786,6.4155918995318e-05,0.3,15.0,780.2142857142857
45.517808219178086,547.613702183478,5.977220291292363e-05,0.3,15.0,780.2142857142857
45.52054794520548,548.0980421730003,5.5694061598703696e-05,0.3,15.0,780.2142857142857
45.52328767123288,548.6511632149644,5.190028727303912e-05,0.3,15.0,780.2142857142857
45.52602739726027,549.2729014076644,4.837110480277629e-05,0.3,15.0,780.2142857142857
45.52876712328767,549.9630725166598,4.508808030362377e-05,0.3,15.0,780.2142857142857
45.53150684931507,550.7214720293541,4.203403495629008e-05,0.3,15.0,780.2142857142857
45.534246575342465,551.5478752156039,3.919296380718823e-05,0.3,15.0,780.2142857142857
45.536986301369865,552.4420371943098,3.654995932683236e-05,0.3,15.0,780.2142857142857
45.53972602739726,553.403693005977,3.409113950216389e-05,0.3,15.0,780.2142857142857
45.54246575342466,554.43255769124,3.180358024297094e-05,0.3,15.0,780.2142857142857
45.54520547945206,555.5283263752854,2.967525188792779e-05,0.3,15.0,780.2142857142857
45.54794520547945,556.6906743581992,2.7694959601051943e-05,0.3,15.0,780.2142857142857
45.55068493150685,557.9192572111963,2.5852287455787112e-05,0.3,15.0,780.2142857142857
45.553424657534244,559.2137108786542,2.413754601046052e-05,0.3,15.0,780.2142857142857
45.556164383561644,560.5736517860233,2.2541723185571828e-05,0.3,15.0,780.2142857142857
45.558904109589044,561.9986769534586,2.1056438260716932e-05,0.3,15.0,780.2142857142857
45.56164383561644,563.4883641152484,1.9673898815899807e-05,0.3,15.0,780.2142857142857
45.56438356164384,565.0422718449365,1.838686044942679e-05,0.3,15.0,780.2142857142857
45.56712328767124,566.6599396861268,1.7188589111829816e-05,0.3,15.0,780.2142857142857
45.56986301369863,568.3408882889198,1.6072825902408968e-05,0.3,15.0,780.2142857142857
45.57260273972603,570.0846195519779,1.5033754182235675e-05,0.3,15.0,780.2142857142857
45.57534246575342,571.8906167700836,1.4065968864473255e-05,0.3,15.0,780.2142857142857
45.57808219178082,573.7583447872966,1.3164447749661634e-05,0.3,15.0,780.2142857142857
45.58082191780822,575.6872501554903,1.232452478047395e-05,0.3,15.0,780.2142857142857
45.583561643835615,577.6767612983688,1.1541865096827378e-05,0.3,15.0,780.2142857142857
45.586301369863016,579.7262886808558,1.0812441778643525e-05,0.3,15.0,780.2142857142857
45.58904109589041,581.8352249837423,1.0132514169643723e-05,0.3,15.0,780.2142857142857
45.59178082191781,584.002945283701,9.498607681380122e-06,0.3,15.0,780.2142857142857
45.59452054794521,586.228807238417,8.907494982460716e-06,0.3,15.0,780.2142857142857
45.5972602739726,588.5121512769549,8.356178483244427e-06,0.3,15.0,780.2142857142857
45.6,590.8523007951976,7.841874031538424e-06,0.3,15.0,780.2142857142857
45.602739726027394,593.2485623563305,7.36199573977893e-06,0.3,15.0,780.2142857142857
45.605479452054794,595.7002258963529,6.914141868860227e-06,0.3,15.0,780.2142857142857
45.608219178082194,598.206564934439,6.496081698353854e-06,0.3,15.0,780.2142857142857
45.61095890410959,600.7668367882322,6.1057433170690105e-06,0.3,15.0,780.2142857142857
45.61369863013699,603.3802827939437,5.741202272017804e-06,0.3,15.0,780.2142857142857
45.61643835616439,606.046128531111,5.4006710176969176e-06,0.3,15.0,780.2142857142857
45.61917808219178,608.7635840520993,5.082489111222688e-06,0.3,15.0,780.2142857142857
45.62191780821918,611.5318441162083,4.785114102338659e-06,0.3,15.0,780.2142857142857
45.62465753424657,614.3500884282283,4.507113070574042e-06,0.3,15.0,780.2142857142857
45.62739726027397,617.2174818815466,4.247154764885036e-06,0.3,15.0,780.2142857142857
45.63013698630137,620.1331748056,4.004002304058029e-06,0.3,15.0,780.2142857142857
45.632876712328766,623.096303217639,3.7765063988474767e-06,0.3,15.0,780.2142857142857
45.635616438356166,626.1059890787856,3.5635990594233565e-06,0.3,15.0,780.2142857142857
45.63835616438356,629.1613405541444,3.3642877541210533e-06,0.3,15.0,780.2142857142857
45.64109589041096,632.2614522771539,3.177649987742718e-06,0.3,15.0,780.2142857142857
45.64383561643836,635.4054056177946,3.0028282698259277e-06,0.3,15.0,780.2142857142857
45.64657534246575,638.5922689548289,2.839025445269343e-06,0.3,15.0,780.2142857142857
45.64931506849315,641.8210979518931,2.6855003616032394e-06,0.3,15.0,780.2142857142857
45.652054794520545,645.0909358372501,2.5415638489505028e-06,0.3,15.0,780.2142857142857
45.654794520547945,648.4008136873872,2.4065749903579757e-06,0.3,15.0,780.2142857142857
45.657534246575345,651.7497507140537,2.279937661742046e-06,0.3,15.0,780.2142857142857
45.66027397260274,655.1367545549325,2.161097322112588e-06,0.3,15.0,780.2142857142857
45.66301369863014,658.5608215676882,2.04953803610094e-06,0.3,15.0,780.2142857142857
45.66575342465754,662.0209371273672,1.944779712074391e-06,0.3,15.0,780.2142857142857
45.66849315068493,665.5160759270426,1.846375540286961e-06,0.3,15.0,780.2142857142857
45.67123287671233,669.0452022816795,1.7539096166215922e-06,0.3,15.0,780.2142857142857
45.673972602739724,672.607270434951,1.6669947385005504e-06,0.3,15.0,780.2142857142857
45.676712328767124,676.2012248692112,1.5852703604861539e-06,0.3,15.0,780.2142857142857
45.679452054794524,679.8260006181855,1.5084006979957784e-06,0.3,15.0,780.2142857142857
45.68219178082192,683.4805235825785,1.4360729683696586e-06,0.3,15.0,780.2142857142857
45.68493150684932,687.1637108483886,1.3679957593091014e-06,0.3,15.0,780.2142857142857
45.68767123287671,690.8744710077275,1.3038975154189841e-06,0.3,15.0,780.2142857142857
45.69041095890411,694.6117044822751,1.243525134249745e-06,0.3,15.0,780.2142857142857
45.69315068493151,698.3743038490968,1.1866426638645882e-06,0.3,15.0,780.2142857142857
45.6958904109589,702.1611541687842,1.1330300945251175e-06,0.3,15.0,780.2142857142857
45.6986301369863,705.9711333158854,1.0824822376313371e-06,0.3,15.0,780.2142857142857
45.701369863013696,709.8031123113282,1.0348076855496967e-06,0.3,15.0,780.2142857142857
45.704109589041096,713.6559556570605,9.898278464214813e-07,0.3,15.0,780.2142857142857
45.706849315068496,717.5285216724352,9.473760484811894e-07,0.3,15.0,780.2142857142857
45.70958904109589,721.4196628325523,9.072967088067049e-07,0.3,15.0,780.2142857142857
45.71232876712329,725.3282261083339,8.69444561798387e-07,0.3,15.0,780.2142857142857
45.71506849315069,729.253053308115,8.336839430275916e-07,0.3,15.0,780.2142857142857
45.71780821917808,733.1929814208786,7.998881244116782e-07,0.3,15.0,780.2142857142857
45.72054794520548,737.14684296092,7.679386969715783e-07,0.3,15.0,780.2142857142857
45.723287671232875,741.113466313721,7.377249977023336e-07,0.3,15.0,780.2142857142857
45.726027397260275,745.0916760831752,7.091435773388202e-07,0.3,15.0,780.2142857142857
45.728767123287675,749.080293439871,6.820977060396107e-07,0.3,15.0,780.2142857142857
45.73150684931507,753.0781364703912,6.564969142262938e-07,0.3,15.0,780.2142857142857
45.73424657534247,757.0840205275915,6.322565660213748e-07,0.3,15.0,780.2142857142857
45.73698630136986,761.0967585815455,6.09297462915611e-07,0.3,15.0,780.2142857142857
45.73972602739726,765.1151615713922,5.875454754676931e-07,0.3,15.0,780.2142857142857
45.74246575342466,769.1380387575882,5.669312010041377e-07,0.3,15.0,780.2142857142857
45.74520547945205,773.1641980747892,5.473896454333706e-07,0.3,15.0,780.2142857142857
45.74794520547945,777.1924464851243,5.288599274287587e-07,0.3,15.0,780.2142857142857
45.75068493150685,781.2215903316398,5.112850033634552e-07,0.3,15.0,780.2142857142857
45.75342465753425,785.2504356920576,4.946114114971322e-07,0.3,15.0,780.2142857142857
45.75616438356165,789.2777887325481,4.787890340274342e-07,0.3,15.0,780.2142857142857
45.75890410958904,793.3024560614746,4.637708757183193e-07,0.3,15.0,780.2142857142857
45.76164383561644,797.3232450830745,4.4951285791355346e-07,0.3,15.0,780.2142857142857
45.76438356164384,801.3389643507719,4.359736268308535e-07,0.3,15.0,780.2142857142857
45.76712328767123,805.3484239202683,4.2311437511211696e-07,0.3,15.0,780.2142857142857
45.76986301369863,809.3504357021882,4.1089867568124575e-07,0.3,15.0,780.2142857142857
45.772602739726025,813.3438138140441,3.992923270303586e-07,0.3,15.0,780.2142857142857
45.775342465753425,817.3273749317433,3.8826320911837704e-07,0.3,15.0,780.2142857142857
45.778082191780825,821.2999386401414,3.777811491272196e-07,0.3,15.0,780.2142857142857
45.78082191780822,825.2603277828631,3.678177963742099e-07,0.3,15.0,780.2142857142857
45.78356164383562,829.2073688111601,3.583465057314342e-07,0.3,15.0,780.2142857142857
45.78630136986301,833.1398921315781,3.493422289499023e-07,0.3,15.0,780.2142857142857
45.78904109589041,837.0567324525864,3.4078141332926373e-07,0.3,15.0,780.2142857142857
45.79178082191781,840.9567291298657,3.326419072156876e-07,0.3,15.0,780.2142857142857
45.794520547945204,844.8387265102189,3.249028718466721e-07,0.3,15.0,780.2142857142857
45.797260273972604,848.7015742740672,3.1754469909715004e-07,0.3,15.0,780.2142857142857
45.8,852.5441277762259,3.105489347133226e-07,0.3,15.0,780.2142857142857
45.8027397260274,856.3652483851886,3.0389820664978615e-07,0.3,15.0,780.2142857142857
45.8054794520548,860.1638038204394,2.975761581541548e-07,0.3,15.0,780.2142857142857
45.80821917808219,863.9386684880109,2.9156738526788836e-07,0.3,15.0,780.2142857142857
45.81095890410959,867.688723814059,2.858573784363742e-07,0.3,15.0,780.2142857142857
45.81369863013699,871.412858576245,2.804324679431466e-07,0.3,15.0,780.2142857142857
45.81643835616438,875.1099692330655,2.7527977290304086e-07,0.3,15.0,780.2142857142857
45.81917808219178,878.7789602508426,2.7038715356832054e-07,0.3,15.0,780.2142857142857
45.821917808219176,882.4187444283428,2.657431667192148e-07,0.3,15.0,780.2142857142857
45.824657534246576,886.0282432189853,2.613370239260092e-07,0.3,15.0,780.2142857142857
45.827397260273976,889.6063870503666,2.5715855248550605e-07,0.3,15.0,780.2142857142857
45.83013698630137,893.1521156412356,2.5319815884785023e-07,0.3,15.0,780.2142857142857
45.83287671232877,896.6643783157107,2.4944679436301515e-07,0.3,15.0,780.2142857142857
45.83561643835616,900.1421343145378,2.458959231881158e-07,0.3,15.0,780.2142857142857
45.83835616438356,903.5843531035812,2.4253749220742313e-07,0.3,15.0,780.2142857142857
45.84109589041096,906.990014679113,2.3936390282774004e-07,0.3,15.0,780.2142857142857
45.843835616438355,910.3581098700969,2.3636798452075936e-07,0.3,15.0,780.2142857142857
45.846575342465755,913.6876406372608,2.3354296999317467e-07,0.3,15.0,780.2142857142857
45.84931506849315,916.9776203687701,2.3088247187344627e-07,0.3,15.0,780.2142857142857
45.85205479452055,920.2270741726268,2.2838046081144405e-07,0.3,15.0,780.2142857142857
45.85479452054795,923.4350391655396,2.2603124489462662e-07,0.3,15.0,780.2142857142857
45.85753424657534,926.6005647582374,2.2382945029053868e-07,0.3,15.0,780.2142857142857
45.86027397260274,929.7227129371902,2.2177000303171635e-07,0.3,15.0,780.2142857142857
45.86301369863014,932.8005585425005,2.198481118646766e-07,0.3,15.0,780.2142857142857
45.865753424657534,935.8331895420806,2.1805925208973395e-07,0.3,15.0,780.2142857142857
45.868493150684934,938.8197073019354,2.1639915032339778e-07,0.3,15.0,780.2142857142857
45.87123287671233,941.7592268523787,2.1486377011958096e-07,0.3,15.0,780.2142857142857
45.87397260273973,944.650877150347,2.1344929838988529e-07,0.3,15.0,780.2142857142857
45.87671232876713,947.4938013374405,2.1215213256735813e-07,0.3,15.0,780.2142857142857
45.87945205479452,950.287156993858,2.1096886846149421e-07,0.3,15.0,780.2142857142857
45.88219178082192,953.0301163880513,2.098962887557778e-07,0.3,15.0,780.2142857142857
45.88493150684931,955.7218667219449,2.0893135210216545e-07,0.3,15.0,780.2142857142857
45.88767123287671,958.3616103718219,2.0807118276973704e-07,0.3,15.0,780.2142857142857
45.89041095890411,960.9485651246687,2.0731306080761813e-07,0.3,15.0,780.2142857142857
45.893150684931506,963.4819644099525,2.0665441268466372e-07,0.3,15.0,780.2142857142857
45.895890410958906,965.9610575268067,2.0609280237086847e-07,0.3,15.0,780.2142857142857
45.8986301369863,968.3851098664213,2.056259228276602e-07,0.3,15.0,780.2142857142857
45.9013698630137,970.7534031297885,2.0525158787626617e-07,0.3,15.0,780.2142857142857
45.9041095890411,973.0652355404945,2.0496772441536716e-07,0.3,15.0,780.2142857142857
45.90684931506849,975.3199220526951,2.047723649610051e-07,0.3,15.0,780.2142857142857
45.90958904109589,977.5167945541315,2.0466364048348315e-07,0.3,15.0,780.2142857142857
45.912328767123284,979.6552020640619,2.0463977351759678e-07,0.3,15.0,780.2142857142857
45.915068493150685,981.7345109261901,2.0469907152405994e-07,0.3,15.0,780.2142857142857
45.917808219178085,983.7541049964251,2.0483992048145641e-07,0.3,15.0,780.2142857142857
45.92054794520548,985.7133858254513,2.050607786894067e-07,0.3,15.0,780.2142857142857
45.92328767123288,987.6117728360872,2.0536017076496516e-07,0.3,15.0,780.2142857142857
45.92602739726028,989.4487034952846,2.057366818154935e-07,0.3,15.0,780.2142857142857
45.92876712328767,991.2236334808388,2.0618895177247846e-07,0.3,15.0,780.2142857142857
45.93150684931507,992.936036842701,2.0671566987189834e-07,0.3,15.0,780.2142857142857
45.93424657534246,994.5854061587871,2.0731556926784002e-07,0.3,15.0,780.2142857142857
45.93698630136986,996.171252685383,2.0798742176719092e-07,0.3,15.0,780.2142857142857
45.93972602739726,997.6931065019323,2.0873003267419955e-07,0.3,15.0,780.2142857142857
45.942465753424656,999.1505166503001,2.095422357347949e-07,0.3,15.0,780.2142857142857
45.945205479452056,1000.5430512684154,2.104228881715011e-07,0.3,15.0,780.2142857142857
45.94794520547945,1001.8702977182128,2.1137086580074882e-07,0.3,15.0,780.2142857142857
45.95068493150685,1003.1318627079245,2.1238505822542694e-07,0.3,15.0,780.2142857142857
45.95342465753425,1004.3273724086177,2.134643640963461e-07,0.3,15.0,780.2142857142857
45.95616438356164,1005.4564725649632,2.146076864373553e-07,0.3,15.0,780.2142857142857
45.95890410958904,1006.5188286002237,2.1581392802970948e-07,0.3,15.0,780.2142857142857
45.961643835616435,1007.5141257153721,2.1708198685220537e-07,0.3,15.0,780.2142857142857
45.964383561643835,1008.4420689823988,2.1841075157464373e-07,0.3,15.0,780.2142857142857
45.967123287671235,1009.3023834316842,2.1979909710293468e-07,0.3,15.0,780.2142857142857
45.96986301369863,1010.0948141334874,2.2124588017526537e-07,0.3,15.0,780.2142857142857
45.97260273972603,1010.8191262734941,2.227499350095716e-07,0.3,15.0,780.2142857142857
45.97534246575343,1011.4751052223833,2.2431006900347838e-07,0.3,15.0,780.2142857142857
45.97808219178082,1012.0625565994345,2.2592505848891155e-07,0.3,15.0,780.2142857142857
45.98082191780822,1012.581306330127,2.2759364454441904e-07,0.3,15.0,780.2142857142857
45.983561643835614,1013.0312006977184,2.2931452886915734e-07,0.3,15.0,780.2142857142857
45.986301369863014,1013.4121063888011,2.3108636972358337e-07,0.3,15.0,780.2142857142857
45.989041095890414,1013.7239105327967,2.3290777794258353e-07,0.3,15.0,780.2142857142857
45.99178082191781,1013.9665207354072,2.3477731302793148e-07,0.3,15.0,780.2142857142857
45.99452054794521,1014.1398651059956,2.3669347932773135e-07,0.3,15.0,780.2142857142857
45.9972602739726,1014.2438922788821,2.38654722311394e-07,0.3,15.0,780.2142857142857
46.0,1014.2785714285714,2.4065942494975725e-07,0.3,15.0,780.2142857142857
