t,model,s,i,r,R0,beta0,gamma,mu
0.0,demographic_sir_R0_comparison,0.9999,0.0001,0.0,2.0,104.02857142857142,52.0,0.014285714285714285
0.019178082191780823,demographic_sir_R0_comparison,0.9995579193992853,0.0002710272178156482,0.0001710533828992991,2.0,104.02857142857142,52.0,0.014285714285714285
0.038356164383561646,demographic_sir_R0_comparison,0.9986319648040866,0.0007336986110760583,0.0006343365848374707,2.0,104.02857142857142,52.0,0.014285714285714285
0.057534246575342465,demographic_sir_R0_comparison,0.9961336094163189,0.0019799275702634847,0.0018864630134177265,2.0,104.02857142857142,52.0,0.014285714285714285
0.07671232876712329,demographic_sir_R0_comparison,0.9894512273589319,0.0052977564493508255,0.005251016191717508,2.0,104.02857142857142,52.0,0.014285714285714285
0.0958904109589041,demographic_sir_R0_comparison,0.9719865595369883,0.013860583218793188,0.014152857244218655,2.0,104.02857142857142,52.0,0.014285714285714285
0.11506849315068493,demographic_sir_R0_comparison,0.928959879178164,0.03425508378586763,0.0367850370359688,2.0,104.02857142857142,52.0,0.014285714285714285
0.13424657534246576,demographic_sir_R0_comparison,0.8366046422215445,0.07426662835511005,0.08912872942334579,2.0,104.02857142857142,52.0,0.014285714285714285
0.15342465753424658,demographic_sir_R0_comparison,0.6848502989470793,0.12596701155920326,0.1891826894937178,2.0,104.02857142857142,52.0,0.014285714285714285
0.1726027397260274,demographic_sir_R0_comparison,0.514730087255931,0.15332494689746848,0.331944965846601,2.0,104.02857142857142,52.0,0.014285714285714285
0.1917808219178082,demographic_sir_R0_comparison,0.3829920669103984,0.13722745984730642,0.47978047324229556,2.0,104.02857142857142,52.0,0.014285714285714285
0.21095890410958903,demographic_sir_R0_comparison,0.30225128101514687,0.09950244956552293,0.5982462694193305,2.0,104.02857142857142,52.0,0.014285714285714285
0.23013698630136986,demographic_sir_R0_comparison,0.2573563315379573,0.06383913844735736,0.6788045300146854,2.0,104.02857142857142,52.0,0.014285714285714285
0.2493150684931507,demographic_sir_R0_comparison,0.23303257108712533,0.03830333862183478,0.7286640902910401,2.0,104.02857142857142,52.0,0.014285714285714285
0.2684931506849315,demographic_sir_R0_comparison,0.2198910616970546,0.022164092205451735,0.7579448460974939,2.0,104.02857142857142,52.0,0.014285714285714285
0.2876712328767123,demographic_sir_R0_comparison,0.21279530889634715,0.012576551576348368,0.7746281395273046,2.0,104.02857142857142,52.0,0.014285714285714285
0.30684931506849317,demographic_sir_R0_comparison,0.2089890517161949,0.0070614348246169035,0.7839495134591882,2.0,104.02857142857142,52.0,0.014285714285714285
0.32602739726027397,demographic_sir_R0_comparison,0.20698491098311425,0.003942616926783291,0.7890724720901026,2.0,104.02857142857142,52.0,0.014285714285714285
0.3452054794520548,demographic_sir_R0_comparison,0.20597299209761458,0.0021948858720486847,0.7918321220303368,2.0,104.02857142857142,52.0,0.014285714285714285
0.3643835616438356,demographic_sir_R0_comparison,0.20550916695647967,0.0012201782473811713,0.7932706547961392,2.0,104.02857142857142,52.0,0.014285714285714285
0.3835616438356164,demographic_sir_R0_comparison,0.20534873250208135,0.0006779177937296718,0.793973349704189,2.0,104.02857142857142,52.0,0.014285714285714285
0.40273972602739727,demographic_sir_R0_comparison,0.20535645866588617,0.00037659257129478874,0.7942669487628189,2.0,104.02857142857142,52.0,0.014285714285714285
0.42191780821917807,demographic_sir_R0_comparison,0.20545747032346037,0.00020922689799354798,0.7943333027785459,2.0,104.02857142857142,52.0,0.014285714285714285
0.4410958904109589,demographic_sir_R0_comparison,0.2056102574549594,0.00011627207500966465,0.7942734704700308,2.0,104.02857142857142,52.0,0.014285714285714285
0.4602739726027397,demographic_sir_R0_comparison,0.20579178659010908,6.463673011825342e-05,0.7941435766797726,2.0,104.02857142857142,52.0,0.014285714285714285
0.4794520547945206,demographic_sir_R0_comparison,0.2059892678445058,3.594580415128014e-05,0.7939747863513429,2.0,104.02857142857142,52.0,0.014285714285714285
0.4986301369863014,demographic_sir_R0_comparison,0.20619559523483505,1.9998266145699067e-05,0.7937844064990194,2.0,104.02857142857142,52.0,0.014285714285714285
0.5178082191780822,demographic_sir_R0_comparison,0.206406818699578,1.1130574614472581e-05,0.7935820507258077,2.0,104.02857142857142,52.0,0.014285714285714285
0.536986301369863,demographic_sir_R0_comparison,0.20662074144246798,6.19765113308639e-06,0.7933730609063989,2.0,104.02857142857142,52.0,0.014285714285714285
0.5561643835616439,demographic_sir_R0_comparison,0.20683614117764587,3.452412846768095e-06,0.7931604064095074,2.0,104.02857142857142,52.0,0.014285714285714285
0.5753424657534246,demographic_sir_R0_comparison,0.20705233753198324,1.9240011861283513e-06,0.7929457384668307,2.0,104.02857142857142,52.0,0.014285714285714285
0.5945205479452055,demographic_sir_R0_comparison,0.20726895161947448,1.072693059274987e-06,0.7927299756874662,2.0,104.02857142857142,52.0,0.014285714285714285
0.6136986301369863,demographic_sir_R0_comparison,0.20748577235743693,5.983198220649148e-07,0.7925136293227409,2.0,104.02857142857142,52.0,0.014285714285714285
0.6328767123287671,demographic_sir_R0_comparison,0.2077026821009421,3.3387140137205415e-07,0.7922969840276565,2.0,104.02857142857142,52.0,0.014285714285714285
0.6520547945205479,demographic_sir_R0_comparison,0.20791961525652605,1.8638587781585744e-07,0.792080198357596,2.0,104.02857142857142,52.0,0.014285714285714285
0.6712328767123288,demographic_sir_R0_comparison,0.20813653523964026,1.0409616839093279e-07,0.7918633606641912,2.0,104.02857142857142,52.0,0.014285714285714285
0.6904109589041096,demographic_sir_R0_comparison,0.20835342163973994,5.816268154119938e-08,0.7916465201975783,2.0,104.02857142857142,52.0,0.014285714285714285
0.7095890410958904,demographic_sir_R0_comparison,0.20857026306803128,3.251187374575656e-08,0.7914297044200949,2.0,104.02857142857142,52.0,0.014285714285714285
0.7287671232876712,demographic_sir_R0_comparison,0.20878705317016047,1.8181404879263033e-08,0.7912129286484345,2.0,104.02857142857142,52.0,0.014285714285714285
0.7479452054794521,demographic_sir_R0_comparison,0.20900378840236924,1.0171867401200427e-08,0.7909962014257632,2.0,104.02857142857142,52.0,0.014285714285714285
0.7671232876712328,demographic_sir_R0_comparison,0.20922046679065548,5.6932690399507215e-09,0.7907795275160755,2.0,104.02857142857142,52.0,0.014285714285714285
0.7863013698630137,demographic_sir_R0_comparison,0.20943708723812376,3.1879422069572436e-09,0.7905629095739342,2.0,104.02857142857142,52.0,0.014285714285714285
0.8054794520547945,demographic_sir_R0_comparison,0.2096536491381752,1.7858576432991703e-09,0.7903463490759672,2.0,104.02857142857142,52.0,0.014285714285714285
0.8246575342465754,demographic_sir_R0_comparison,0.20987015215839985,1.0008542738577972e-09,0.7901298468407459,2.0,104.02857142857142,52.0,0.014285714285714285
0.8438356164383561,demographic_sir_R0_comparison,0.21008659611978828,5.611544639638995e-10,0.7899134033190574,2.0,104.02857142857142,52.0,0.014285714285714285
0.863013698630137,demographic_sir_R0_comparison,0.21030298092918953,3.147614285642694e-10,0.7896970187560491,2.0,104.02857142857142,52.0,0.014285714285714285
0.8821917808219178,demographic_sir_R0_comparison,0.21051930654152803,1.7663145795724093e-10,0.7894806932818406,2.0,104.02857142857142,52.0,0.014285714285714285
0.9013698630136986,demographic_sir_R0_comparison,0.2107355729386578,9.916125366346812e-11,0.7892644269621809,2.0,104.02857142857142,52.0,0.014285714285714285
0.9205479452054794,demographic_sir_R0_comparison,0.2109517801175232,5.569334740124951e-11,0.7890482198267833,2.0,104.02857142857142,52.0,0.014285714285714285
0.9397260273972603,demographic_sir_R0_comparison,0.21116792808352758,3.129334159120405e-11,0.7888320718851791,2.0,104.02857142857142,52.0,0.014285714285714285
0.9589041095890412,demographic_sir_R0_comparison,0.21138401684681712,1.7590890093745507e-11,0.7886159831355921,2.0,104.02857142857142,52.0,0.014285714285714285
0.9780821917808219,demographic_sir_R0_comparison,0.2116000464201975,9.89261012157885e-12,0.78839995356991,2.0,104.02857142857142,52.0,0.014285714285714285
0.9972602739726028,demographic_sir_R0_comparison,0.21181601681796558,5.565717053784498e-12,0.7881839831764686,2.0,104.02857142857142,52.0,0.014285714285714285
1.0164383561643835,demographic_sir_R0_comparison,0.2120319280552537,3.1326974695052007e-12,0.7879680719416134,2.0,104.02857142857142,52.0,0.014285714285714285
1.0356164383561643,demographic_sir_R0_comparison,0.2122477801476617,1.7640172934662466e-12,0.7877522198505742,2.0,104.02857142857142,52.0,0.014285714285714285
1.0547945205479452,demographic_sir_R0_comparison,0.21246357311105035,9.937433131899376e-13,0.7875364268879558,2.0,104.02857142857142,52.0,0.014285714285714285
1.073972602739726,demographic_sir_R0_comparison,0.21267930696142506,5.600574102676203e-13,0.7873206930380148,2.0,104.02857142857142,52.0,0.014285714285714285
1.093150684931507,demographic_sir_R0_comparison,0.21289498171487087,3.157750210559093e-13,0.7871050182848134,2.0,104.02857142857142,52.0,0.014285714285714285
1.1123287671232878,demographic_sir_R0_comparison,0.2131105973875156,1.7811883373326944e-13,0.7868894026123062,2.0,104.02857142857142,52.0,0.014285714285714285
1.1315068493150684,demographic_sir_R0_comparison,0.21332615399550914,1.0051449774787702e-13,0.7866738460043903,2.0,104.02857142857142,52.0,0.014285714285714285
1.1506849315068493,demographic_sir_R0_comparison,0.21354165155501217,5.6745877187245976e-14,0.786458348444931,2.0,104.02857142857142,52.0,0.014285714285714285
1.16986301369863,demographic_sir_R0_comparison,0.21375709008218907,3.204989509634047e-14,0.7862429099177787,2.0,104.02857142857142,52.0,0.014285714285714285
1.189041095890411,demographic_sir_R0_comparison,0.2139724695932046,1.8109462127049324e-14,0.786027530406777,2.0,104.02857142857142,52.0,0.014285714285714285
1.2082191780821918,demographic_sir_R0_comparison,0.21418779010422206,1.0236961734629413e-14,0.7858122098957673,2.0,104.02857142857142,52.0,0.014285714285714285
1.2273972602739727,demographic_sir_R0_comparison,0.2144030516314016,5.7892612288365235e-15,0.7855969483685922,2.0,104.02857142857142,52.0,0.014285714285714285
1.2465753424657535,demographic_sir_R0_comparison,0.21461825419089992,3.275380058864078e-15,0.7853817458090964,2.0,104.02857142857142,52.0,0.014285714285714285
1.2657534246575342,demographic_sir_R0_comparison,0.21483339779886962,1.853901648746359e-15,0.7851666022011281,2.0,104.02857142857142,52.0,0.014285714285714285
1.284931506849315,demographic_sir_R0_comparison,0.21504848247145927,1.0497794470937717e-15,0.7849515175285394,2.0,104.02857142857142,52.0,0.014285714285714285
1.3041095890410959,demographic_sir_R0_comparison,0.2152635082248131,5.946970371752784e-16,0.7847364917751861,2.0,104.02857142857142,52.0,0.014285714285714285
1.3232876712328767,demographic_sir_R0_comparison,0.21547847507507104,3.3703869674454946e-16,0.7845215249249284,2.0,104.02857142857142,52.0,0.014285714285714285
1.3424657534246576,demographic_sir_R0_comparison,0.21569338303836866,1.9109529339663193e-16,0.784306616961631,2.0,104.02857142857142,52.0,0.014285714285714285
1.3616438356164384,demographic_sir_R0_comparison,0.21590823213083715,1.0839428761117753e-16,0.7840917678691627,2.0,104.02857142857142,52.0,0.014285714285714285
1.3808219178082193,demographic_sir_R0_comparison,0.2161230223686032,6.151045365906362e-17,0.7838769776313966,2.0,104.02857142857142,52.0,0.014285714285714285
1.4,demographic_sir_R0_comparison,0.21633775376778927,3.4920266033566776e-17,0.7836622462322106,2.0,104.02857142857142,52.0,0.014285714285714285
1.4191780821917808,demographic_sir_R0_comparison,0.21655242634451327,1.9833172313134252e-17,0.7834475736554866,2.0,104.02857142857142,52.0,0.014285714285714285
1.4383561643835616,demographic_sir_R0_comparison,0.21676704011488873,1.126919265495684e-17,0.783232959885111,2.0,104.02857142857142,52.0,0.014285714285714285
1.4575342465753425,demographic_sir_R0_comparison,0.21698159509502482,6.405888099521423e-18,0.7830184049049749,2.0,104.02857142857142,52.0,0.014285714285714285
1.4767123287671233,demographic_sir_R0_comparison,0.21719609130102605,3.6429378956106835e-18,0.7828039086989734,2.0,104.02857142857142,52.0,0.014285714285714285
1.4958904109589042,demographic_sir_R0_comparison,0.21741052874899292,2.0725738352495023e-18,0.7825894712510064,2.0,104.02857142857142,52.0,0.014285714285714285
1.515068493150685,demographic_sir_R0_comparison,0.21762490745502128,1.1796523254325387e-18,0.7823750925449783,2.0,104.02857142857142,52.0,0.014285714285714285
1.5342465753424657,demographic_sir_R0_comparison,0.21783922743520256,6.717130216407245e-19,0.7821607725647967,2.0,104.02857142857142,52.0,0.014285714285714285
1.5534246575342465,demographic_sir_R0_comparison,0.2180534887056239,3.826477626323801e-19,0.7819465112943753,2.0,104.02857142857142,52.0,0.014285714285714285
1.5726027397260274,demographic_sir_R0_comparison,0.2182676912823679,2.180721522249462e-19,0.7817323087176313,2.0,104.02857142857142,52.0,0.014285714285714285
1.5917808219178082,demographic_sir_R0_comparison,0.2184818351815128,1.243331140250216e-19,0.7815181648184862,2.0,104.02857142857142,52.0,0.014285714285714285
1.610958904109589,demographic_sir_R0_comparison,0.2186959204191325,7.091840039154883e-20,0.7813040795808662,2.0,104.02857142857142,52.0,0.014285714285714285
1.63013698630137,demographic_sir_R0_comparison,0.21890994701129646,4.0468445247530595e-20,0.7810900529887024,2.0,104.02857142857142,52.0,0.014285714285714285
1.6493150684931508,demographic_sir_R0_comparison,0.21912391497406966,2.3102529063882253e-20,0.7808760850259292,2.0,104.02857142857142,52.0,0.014285714285714285
1.6684931506849314,demographic_sir_R0_comparison,0.2193378243235128,1.3194346879021799e-20,0.7806621756764859,2.0,104.02857142857142,52.0,0.014285714285714285
1.6876712328767123,demographic_sir_R0_comparison,0.21955167507568207,7.538788952339955e-21,0.7804483249243167,2.0,104.02857142857142,52.0,0.014285714285714285
1.7068493150684931,demographic_sir_R0_comparison,0.21976546724662938,4.309238570496555e-21,0.7802345327533694,2.0,104.02857142857142,52.0,0.014285714285714285
1.726027397260274,demographic_sir_R0_comparison,0.21997920085240222,2.4642496617374552e-21,0.7800207991475964,2.0,104.02857142857142,52.0,0.014285714285714285
1.7452054794520548,demographic_sir_R0_comparison,0.22019287590904355,1.4097887360692313e-21,0.779807124090955,2.0,104.02857142857142,52.0,0.014285714285714285
1.7643835616438357,demographic_sir_R0_comparison,0.2204064924325921,8.06879124916102e-22,0.7795935075674064,2.0,104.02857142857142,52.0,0.014285714285714285
1.7835616438356166,demographic_sir_R0_comparison,0.22062005043908214,4.620063932559615e-22,0.7793799495609163,2.0,104.02857142857142,52.0,0.014285714285714285
1.8027397260273972,demographic_sir_R0_comparison,0.22083354994454343,2.6465036806097e-22,0.779166450055455,2.0,104.02857142857142,52.0,0.014285714285714285
1.821917808219178,demographic_sir_R0_comparison,0.22104699096500155,1.5166381632473318e-22,0.778953009034997,2.0,104.02857142857142,52.0,0.014285714285714285
1.841095890410959,demographic_sir_R0_comparison,0.22126037351647762,8.695135769293125e-23,0.778739626483521,2.0,104.02857142857142,52.0,0.014285714285714285
1.8602739726027397,demographic_sir_R0_comparison,0.22147369761498828,4.9871865615910654e-23,0.7785263023850104,2.0,104.02857142857142,52.0,0.014285714285714285
1.8794520547945206,demographic_sir_R0_comparison,0.22168696327654588,2.8616707895751627e-23,0.7783130367234529,2.0,104.02857142857142,52.0,0.014285714285714285
1.8986301369863015,demographic_sir_R0_comparison,0.2219001705171583,1.6427386845598298e-23,0.7780998294828403,2.0,104.02857142857142,52.0,0.014285714285714285
1.9178082191780823,demographic_sir_R0_comparison,0.22211331935282916,9.434133244694514e-24,0.7778866806471695,2.0,104.02857142857142,52.0,0.014285714285714285
1.936986301369863,demographic_sir_R0_comparison,0.22232640979955756,5.420260808062913e-24,0.7776735902004409,2.0,104.02857142857142,52.0,0.014285714285714285
1.9561643835616438,demographic_sir_R0_comparison,0.22253944187333835,3.1154656606476196e-24,0.7774605581266602,2.0,104.02857142857142,52.0,0.014285714285714285
1.9753424657534246,demographic_sir_R0_comparison,0.2227524155901619,1.791473173160294e-24,0.7772475844098365,2.0,104.02857142857142,52.0,0.014285714285714285
1.9945205479452055,demographic_sir_R0_comparison,0.22296533096601412,1.030581055097588e-24,0.7770346690339842,2.0,104.02857142857142,52.0,0.014285714285714285
2.0136986301369864,demographic_sir_R0_comparison,0.2231781880168768,5.931143817896198e-25,0.7768218119831216,2.0,104.02857142857142,52.0,0.014285714285714285
2.032876712328767,demographic_sir_R0_comparison,0.22339098675872712,3.4149091894044103e-25,0.7766090132412713,2.0,104.02857142857142,52.0,0.014285714285714285
2.052054794520548,demographic_sir_R0_comparison,0.22360372720753802,1.9669993535762442e-25,0.7763962727924603,2.0,104.02857142857142,52.0,0.014285714285714285
2.0712328767123287,demographic_sir_R0_comparison,0.22381640937927794,1.1334792607433848e-25,0.7761835906207204,2.0,104.02857142857142,52.0,0.014285714285714285
2.0904109589041098,demographic_sir_R0_comparison,0.22402903328991106,6.534422205878612e-26,0.7759709667100873,2.0,104.02857142857142,52.0,0.014285714285714285
2.1095890410958904,demographic_sir_R0_comparison,0.2242415989553972,3.768643075212037e-26,0.7757584010446009,2.0,104.02857142857142,52.0,0.014285714285714285
2.128767123287671,demographic_sir_R0_comparison,0.2244541063916917,2.174437730539988e-26,0.7755458936083065,2.0,104.02857142857142,52.0,0.014285714285714285
2.147945205479452,demographic_sir_R0_comparison,0.22466655561474547,1.2551425251031655e-26,0.7753334443852529,2.0,104.02857142857142,52.0,0.014285714285714285
2.1671232876712327,demographic_sir_R0_comparison,0.22487894664050526,7.24808309436634e-27,0.7751210533594932,2.0,104.02857142857142,52.0,0.014285714285714285
2.186301369863014,demographic_sir_R0_comparison,0.2250912794849133,4.187330915173026e-27,0.7749087205150851,2.0,104.02857142857142,52.0,0.014285714285714285
2.2054794520547945,demographic_sir_R0_comparison,0.22530355416390757,2.420111378081686e-27,0.7746964458360908,2.0,104.02857142857142,52.0,0.014285714285714285
2.2246575342465755,demographic_sir_R0_comparison,0.22551577069342163,1.3993209074378163e-27,0.7744842293065769,2.0,104.02857142857142,52.0,0.014285714285714285
2.243835616438356,demographic_sir_R0_comparison,0.2257279290893846,8.094371665195669e-28,0.7742720709106138,2.0,104.02857142857142,52.0,0.014285714285714285
2.263013698630137,demographic_sir_R0_comparison,0.2259400293677213,4.684171198503541e-28,0.7740599706322772,2.0,104.02857142857142,52.0,0.014285714285714285
2.282191780821918,demographic_sir_R0_comparison,0.22615207154435227,2.7118528831601876e-28,0.7738479284556462,2.0,104.02857142857142,52.0,0.014285714285714285
2.3013698630136985,demographic_sir_R0_comparison,0.22636405563519343,1.570663638833204e-28,0.7736359443648049,2.0,104.02857142857142,52.0,0.014285714285714285
2.3205479452054796,demographic_sir_R0_comparison,0.22657598165615664,9.100890771422696e-29,0.7734240183438414,2.0,104.02857142857142,52.0,0.014285714285714285
2.33972602739726,demographic_sir_R0_comparison,0.2267878496231493,5.275555687624996e-29,0.7732121503768488,2.0,104.02857142857142,52.0,0.014285714285714285
2.3589041095890413,demographic_sir_R0_comparison,0.22699965955207438,3.05939863561856e-29,0.7730003404479237,2.0,104.02857142857142,52.0,0.014285714285714285
2.378082191780822,demographic_sir_R0_comparison,0.22721141145883056,1.7749553091007471e-29,0.7727885885411676,2.0,104.02857142857142,52.0,0.014285714285714285
2.3972602739726026,demographic_sir_R0_comparison,0.22742310535931212,1.0302016075617144e-29,0.7725768946406859,2.0,104.02857142857142,52.0,0.014285714285714285
2.4164383561643836,demographic_sir_R0_comparison,0.22763474126940905,5.981917516301856e-30,0.772365258730589,2.0,104.02857142857142,52.0,0.014285714285714285
2.4356164383561643,demographic_sir_R0_comparison,0.22784631920500692,3.474897220029123e-30,0.7721536807949912,2.0,104.02857142857142,52.0,0.014285714285714285
2.4547945205479453,demographic_sir_R0_comparison,0.22805783918198702,2.0194206964929084e-30,0.7719421608180113,2.0,104.02857142857142,52.0,0.014285714285714285
2.473972602739726,demographic_sir_R0_comparison,0.22826930121622613,1.1740724247905622e-30,0.7717306987837721,2.0,104.02857142857142,52.0,0.014285714285714285
2.493150684931507,demographic_sir_R0_comparison,0.22848070532359693,6.828827913497548e-31,0.7715192946764013,2.0,104.02857142857142,52.0,0.014285714285714285
2.5123287671232877,demographic_sir_R0_comparison,0.22869205151996758,3.973567498124258e-31,0.7713079484800308,2.0,104.02857142857142,52.0,0.014285714285714285
2.5315068493150683,demographic_sir_R0_comparison,0.22890333982120192,2.3131197458376545e-31,0.7710966601787966,2.0,104.02857142857142,52.0,0.014285714285714285
2.5506849315068494,demographic_sir_R0_comparison,0.22911457024315948,1.3470964210363452e-31,0.7708854297568389,2.0,104.02857142857142,52.0,0.014285714285714285
2.56986301369863,demographic_sir_R0_comparison,0.22932574280169538,7.848420140445157e-32,0.7706742571983031,2.0,104.02857142857142,52.0,0.014285714285714285
2.589041095890411,demographic_sir_R0_comparison,0.2295368575126605,4.574553906234468e-32,0.7704631424873379,2.0,104.02857142857142,52.0,0.014285714285714285
2.6082191780821917,demographic_sir_R0_comparison,0.22974791439190134,2.6674614418754387e-32,0.7702520856080971,2.0,104.02857142857142,52.0,0.014285714285714285
2.627397260273973,demographic_sir_R0_comparison,0.22995891345526,1.5560745356443514e-32,0.7700410865447385,2.0,104.02857142857142,52.0,0.014285714285714285
2.6465753424657534,demographic_sir_R0_comparison,0.2301698547185743,9.081245900898497e-33,0.7698301452814243,2.0,104.02857142857142,52.0,0.014285714285714285
2.665753424657534,demographic_sir_R0_comparison,0.23038073819767763,5.302042686258223e-33,0.769619261802321,2.0,104.02857142857142,52.0,0.014285714285714285
2.684931506849315,demographic_sir_R0_comparison,0.2305915639083991,3.0968751593014254e-33,0.7694084360915994,2.0,104.02857142857142,52.0,0.014285714285714285
2.7041095890410958,demographic_sir_R0_comparison,0.23080233186656363,1.8096176415957232e-33,0.7691976681334348,2.0,104.02857142857142,52.0,0.014285714285714285
2.723287671232877,demographic_sir_R0_comparison,0.23101304208799156,1.0578705784532592e-33,0.7689869579120067,2.0,104.02857142857142,52.0,0.014285714285714285
2.7424657534246575,demographic_sir_R0_comparison,0.23122369458849906,6.18672483077963e-34,0.7687763054114992,2.0,104.02857142857142,52.0,0.014285714285714285
2.7616438356164386,demographic_sir_R0_comparison,0.23143428938389793,3.619691483174956e-34,0.7685657106161002,2.0,104.02857142857142,52.0,0.014285714285714285
2.780821917808219,demographic_sir_R0_comparison,0.23164482648999554,2.118677019345662e-34,0.7683551735100027,2.0,104.02857142857142,52.0,0.014285714285714285
2.8,demographic_sir_R0_comparison,0.23185530592259504,1.2406244910099701e-34,0.7681446940774032,2.0,104.02857142857142,52.0,0.014285714285714285
2.819178082191781,demographic_sir_R0_comparison,0.23206572769749528,7.267721703646945e-35,0.767934272302503,2.0,104.02857142857142,52.0,0.014285714285714285
2.8383561643835615,demographic_sir_R0_comparison,0.23227609183049067,4.2593028600791166e-35,0.7677239081695076,2.0,104.02857142857142,52.0,0.014285714285714285
2.8575342465753426,demographic_sir_R0_comparison,0.2324863983373714,2.497244120922804e-35,0.7675136016626269,2.0,104.02857142857142,52.0,0.014285714285714285
2.8767123287671232,demographic_sir_R0_comparison,0.2326966472339232,1.4647573008107086e-35,0.7673033527660751,2.0,104.02857142857142,52.0,0.014285714285714285
2.8958904109589043,demographic_sir_R0_comparison,0.23290683853592764,8.595130756275244e-36,0.7670931614640706,2.0,104.02857142857142,52.0,0.014285714285714285
2.915068493150685,demographic_sir_R0_comparison,0.23311697225916186,5.045699696994205e-36,0.7668830277408365,2.0,104.02857142857142,52.0,0.014285714285714285
2.9342465753424656,demographic_sir_R0_comparison,0.2333270484193987,2.9632777174327425e-36,0.7666729515805996,2.0,104.02857142857142,52.0,0.014285714285714285
2.9534246575342467,demographic_sir_R0_comparison,0.2335370670324067,1.7410261988553036e-36,0.7664629329675916,2.0,104.02857142857142,52.0,0.014285714285714285
2.9726027397260273,demographic_sir_R0_comparison,0.23374702811394998,1.023340595107881e-36,0.7662529718860485,2.0,104.02857142857142,52.0,0.014285714285714285
2.9917808219178084,demographic_sir_R0_comparison,0.23395693167978857,6.017512402143368e-37,0.76604306832021,2.0,104.02857142857142,52.0,0.014285714285714285
3.010958904109589,demographic_sir_R0_comparison,0.23416677774567793,3.5399377982208316e-37,0.7658332222543204,2.0,104.02857142857142,52.0,0.014285714285714285
3.03013698630137,demographic_sir_R0_comparison,0.2343765663273694,2.083320385166903e-37,0.7656234336726291,2.0,104.02857142857142,52.0,0.014285714285714285
3.0493150684931507,demographic_sir_R0_comparison,0.23458629744060985,1.226586673097776e-37,0.7654137025593885,2.0,104.02857142857142,52.0,0.014285714285714285
3.0684931506849313,demographic_sir_R0_comparison,0.23479597110114192,7.224738229376334e-38,0.7652040288988564,2.0,104.02857142857142,52.0,0.014285714285714285
3.0876712328767124,demographic_sir_R0_comparison,0.23500558732470392,4.2572351254097334e-38,0.7649944126752943,2.0,104.02857142857142,52.0,0.014285714285714285
3.106849315068493,demographic_sir_R0_comparison,0.23521514612702993,2.5096592205988413e-38,0.7647848538729685,2.0,104.02857142857142,52.0,0.014285714285714285
3.126027397260274,demographic_sir_R0_comparison,0.23542464752384948,1.4800739598021779e-38,0.764575352476149,2.0,104.02857142857142,52.0,0.014285714285714285
3.1452054794520548,demographic_sir_R0_comparison,0.23563409153088813,8.73239915013396e-39,0.7643659084691107,2.0,104.02857142857142,52.0,0.014285714285714285
3.164383561643836,demographic_sir_R0_comparison,0.2358434781638668,5.1542465266024065e-39,0.7641565218361318,2.0,104.02857142857142,52.0,0.014285714285714285
3.1835616438356165,demographic_sir_R0_comparison,0.23605280743850235,3.0435342456172666e-39,0.7639471925614962,2.0,104.02857142857142,52.0,0.014285714285714285
3.202739726027397,demographic_sir_R0_comparison,0.23626207937050717,1.7979290373104915e-39,0.7637379206294913,2.0,104.02857142857142,52.0,0.014285714285714285
3.221917808219178,demographic_sir_R0_comparison,0.23647129397558947,1.0625471200090504e-39,0.763528706024409,2.0,104.02857142857142,52.0,0.014285714285714285
3.241095890410959,demographic_sir_R0_comparison,0.23668045126945308,6.282103670116718e-40,0.7633195487305453,2.0,104.02857142857142,52.0,0.014285714285714285
3.26027397260274,demographic_sir_R0_comparison,0.23688955126779757,3.715721869005469e-40,0.7631104487322009,2.0,104.02857142857142,52.0,0.014285714285714285
3.2794520547945205,demographic_sir_R0_comparison,0.2370985939863182,2.198682133141875e-40,0.7629014060136803,2.0,104.02857142857142,52.0,0.014285714285714285
3.2986301369863016,demographic_sir_R0_comparison,0.23730757944070588,1.3015558116276537e-40,0.7626924205592925,2.0,104.02857142857142,52.0,0.014285714285714285
3.317808219178082,demographic_sir_R0_comparison,0.23751650764664736,7.708044161241933e-41,0.7624834923533511,2.0,104.02857142857142,52.0,0.014285714285714285
3.336986301369863,demographic_sir_R0_comparison,0.23772537861982487,4.566743224442151e-41,0.7622746213801737,2.0,104.02857142857142,52.0,0.014285714285714285
3.356164383561644,demographic_sir_R0_comparison,0.2379341923759166,2.7067612026369367e-41,0.762065807624082,2.0,104.02857142857142,52.0,0.014285714285714285
3.3753424657534246,demographic_sir_R0_comparison,0.2381429489305962,1.6049968855329501e-41,0.7618570510694023,2.0,104.02857142857142,52.0,0.014285714285714285
3.3945205479452056,demographic_sir_R0_comparison,0.23835164829953323,9.520928349597648e-42,0.7616483517004652,2.0,104.02857142857142,52.0,0.014285714285714285
3.4136986301369863,demographic_sir_R0_comparison,0.23856029049839284,5.650217968437334e-42,0.7614397095016058,2.0,104.02857142857142,52.0,0.014285714285714285
3.4328767123287673,demographic_sir_R0_comparison,0.23876887554283588,3.354531386325278e-42,0.7612311244571627,2.0,104.02857142857142,52.0,0.014285714285714285
3.452054794520548,demographic_sir_R0_comparison,0.238977403448519,1.9924123294506398e-42,0.7610225965514795,2.0,104.02857142857142,52.0,0.014285714285714285
3.4712328767123286,demographic_sir_R0_comparison,0.2391858742310945,1.1838787769072349e-42,0.7608141257689042,2.0,104.02857142857142,52.0,0.014285714285714285
3.4904109589041097,demographic_sir_R0_comparison,0.2393942879062104,7.037458614546339e-43,0.7606057120937882,2.0,104.02857142857142,52.0,0.014285714285714285
3.5095890410958903,demographic_sir_R0_comparison,0.2396026444895104,4.185092172590869e-43,0.7603973555104884,2.0,104.02857142857142,52.0,0.014285714285714285
3.5287671232876714,demographic_sir_R0_comparison,0.23981094399663405,2.489858726106506e-43,0.7601890560033646,2.0,104.02857142857142,52.0,0.014285714285714285
3.547945205479452,demographic_sir_R0_comparison,0.2400191864432164,1.4819202771658493e-43,0.7599808135567824,2.0,104.02857142857142,52.0,0.014285714285714285
3.567123287671233,demographic_sir_R0_comparison,0.24022737184488832,8.823794424074651e-44,0.7597726281551104,2.0,104.02857142857142,52.0,0.014285714285714285
3.5863013698630137,demographic_sir_R0_comparison,0.24043550021727655,5.256132191783127e-44,0.7595644997827221,2.0,104.02857142857142,52.0,0.014285714285714285
3.6054794520547944,demographic_sir_R0_comparison,0.24064357157600336,3.132257692838701e-44,0.7593564284239953,2.0,104.02857142857142,52.0,0.014285714285714285
3.6246575342465754,demographic_sir_R0_comparison,0.24085158593668682,1.867363853915351e-44,0.759148414063312,2.0,104.02857142857142,52.0,0.014285714285714285
3.643835616438356,demographic_sir_R0_comparison,0.24105954331494067,1.1137318004566844e-44,0.7589404566850583,2.0,104.02857142857142,52.0,0.014285714285714285
3.663013698630137,demographic_sir_R0_comparison,0.24126744372637432,6.645267256965587e-45,0.7587325562736248,2.0,104.02857142857142,52.0,0.014285714285714285
3.682191780821918,demographic_sir_R0_comparison,0.24147528718659303,3.9666546738990094e-45,0.7585247128134062,2.0,104.02857142857142,52.0,0.014285714285714285
3.701369863013699,demographic_sir_R0_comparison,0.2416830737111977,2.3687345576045642e-45,0.7583169262888015,2.0,104.02857142857142,52.0,0.014285714285714285
3.7205479452054795,demographic_sir_R0_comparison,0.2418908033157851,1.4151041670790687e-45,0.7581091966842142,2.0,104.02857142857142,52.0,0.014285714285714285
3.73972602739726,demographic_sir_R0_comparison,0.24209847601594753,8.457468437452521e-46,0.757901523984052,2.0,104.02857142857142,52.0,0.014285714285714285
3.758904109589041,demographic_sir_R0_comparison,0.2423060918272731,5.056759212733557e-46,0.7576939081727265,2.0,104.02857142857142,52.0,0.014285714285714285
3.778082191780822,demographic_sir_R0_comparison,0.2425136507653457,3.0247119804220943e-46,0.757486349234654,2.0,104.02857142857142,52.0,0.014285714285714285
3.797260273972603,demographic_sir_R0_comparison,0.24272115284574486,1.809987572006991e-46,0.7572788471542548,2.0,104.02857142857142,52.0,0.014285714285714285
3.8164383561643835,demographic_sir_R0_comparison,0.24292859808404593,1.0835449295429294e-46,0.7570714019159536,2.0,104.02857142857142,52.0,0.014285714285714285
3.8356164383561646,demographic_sir_R0_comparison,0.24313598649581994,6.489301781152054e-47,0.7568640135041795,2.0,104.02857142857142,52.0,0.014285714285714285
3.8547945205479452,demographic_sir_R0_comparison,0.24334331809663368,3.8880217412527744e-47,0.7566566819033659,2.0,104.02857142857142,52.0,0.014285714285714285
3.873972602739726,demographic_sir_R0_comparison,0.24355059290204967,2.330445846871385e-47,0.7564494070979499,2.0,104.02857142857142,52.0,0.014285714285714285
3.893150684931507,demographic_sir_R0_comparison,0.2437578109276262,1.3974263061302007e-47,0.7562421890723734,2.0,104.02857142857142,52.0,0.014285714285714285
3.9123287671232876,demographic_sir_R0_comparison,0.2439649721889172,8.382978112002099e-48,0.7560350278110823,2.0,104.02857142857142,52.0,0.014285714285714285
3.9315068493150687,demographic_sir_R0_comparison,0.24417207670147237,5.0309177793131015e-48,0.7558279232985271,2.0,104.02857142857142,52.0,0.014285714285714285
3.9506849315068493,demographic_sir_R0_comparison,0.24437912448083726,3.0204769625440275e-48,0.7556208755191622,2.0,104.02857142857142,52.0,0.014285714285714285
3.9698630136986304,demographic_sir_R0_comparison,0.24458611554255302,1.8141918310282304e-48,0.7554138844574465,2.0,104.02857142857142,52.0,0.014285714285714285
3.989041095890411,demographic_sir_R0_comparison,0.24479304990215656,1.0901097115801352e-48,0.7552069500978428,2.0,104.02857142857142,52.0,0.014285714285714285
4.008219178082192,demographic_sir_R0_comparison,0.24499992757518074,6.5529444058126655e-49,0.7550000724248187,2.0,104.02857142857142,52.0,0.014285714285714285
4.027397260273973,demographic_sir_R0_comparison,0.2452067485771538,3.94077811156613e-49,0.7547932514228456,2.0,104.02857142857142,52.0,0.014285714285714285
4.046575342465753,demographic_sir_R0_comparison,0.24541351292360009,2.370864075177741e-49,0.7545864870763992,2.0,104.02857142857142,52.0,0.014285714285714285
4.065753424657534,demographic_sir_R0_comparison,0.2456202206300395,1.4269555849092895e-49,0.7543797793699598,2.0,104.02857142857142,52.0,0.014285714285714285
4.0849315068493155,demographic_sir_R0_comparison,0.24582687171198778,8.591981473755843e-50,0.7541731282880115,2.0,104.02857142857142,52.0,0.014285714285714285
4.104109589041096,demographic_sir_R0_comparison,0.2460334661849562,5.175534834351704e-50,0.7539665338150433,2.0,104.02857142857142,52.0,0.014285714285714285
4.123287671232877,demographic_sir_R0_comparison,0.246240004064452,3.118861710835209e-50,0.7537599959355477,2.0,104.02857142857142,52.0,0.014285714285714285
4.142465753424657,demographic_sir_R0_comparison,0.2464464853659782,1.880251445046248e-50,0.7535535146340214,2.0,104.02857142857142,52.0,0.014285714285714285
4.161643835616438,demographic_sir_R0_comparison,0.24665291010503348,1.1340040984228378e-50,0.7533470898949661,2.0,104.02857142857142,52.0,0.014285714285714285
4.1808219178082195,demographic_sir_R0_comparison,0.2468592782971122,6.842143034085901e-51,0.7531407217028875,2.0,104.02857142857142,52.0,0.014285714285714285
4.2,demographic_sir_R0_comparison,0.24706558995770467,4.1299848269792747e-51,0.752934410042295,2.0,104.02857142857142,52.0,0.014285714285714285
4.219178082191781,demographic_sir_R0_comparison,0.2472718451022967,2.4939256220708248e-51,0.7527281548977031,2.0,104.02857142857142,52.0,0.014285714285714285
4.238356164383561,demographic_sir_R0_comparison,0.2474780437463701,1.5065974317913402e-51,0.7525219562536296,2.0,104.02857142857142,52.0,0.014285714285714285
4.257534246575342,demographic_sir_R0_comparison,0.2476841859054023,9.105201981425406e-52,0.7523158140945974,2.0,104.02857142857142,52.0,0.014285714285714285
4.276712328767124,demographic_sir_R0_comparison,0.24789027159486662,5.505040679003964e-52,0.7521097284051331,2.0,104.02857142857142,52.0,0.014285714285714285
4.295890410958904,demographic_sir_R0_comparison,0.248096300830232,3.329737664426231e-52,0.7519036991697677,2.0,104.02857142857142,52.0,0.014285714285714285
4.315068493150685,demographic_sir_R0_comparison,0.24830227362696322,2.014828075382078e-52,0.7516977263730366,2.0,104.02857142857142,52.0,0.014285714285714285
4.3342465753424655,demographic_sir_R0_comparison,0.24850819000052074,1.2196758062116803e-52,0.7514918099994791,2.0,104.02857142857142,52.0,0.014285714285714285
4.353424657534247,demographic_sir_R0_comparison,0.24871404996636096,7.386338654401736e-53,0.7512859500336392,2.0,104.02857142857142,52.0,0.014285714285714285
4.372602739726028,demographic_sir_R0_comparison,0.2489198535399358,4.474993043046664e-53,0.7510801464600644,2.0,104.02857142857142,52.0,0.014285714285714285
4.391780821917808,demographic_sir_R0_comparison,0.24912560073669307,2.7122755365003264e-53,0.750874399263307,2.0,104.02857142857142,52.0,0.014285714285714285
4.410958904109589,demographic_sir_R0_comparison,0.24933129157207648,1.6445742797849727e-53,0.7506687084279234,2.0,104.02857142857142,52.0,0.014285714285714285
4.4301369863013695,demographic_sir_R0_comparison,0.2495369260615253,9.975883682931589e-54,0.7504630739384744,2.0,104.02857142857142,52.0,0.014285714285714285
4.449315068493151,demographic_sir_R0_comparison,0.24974250422047475,6.053790765711997e-54,0.7502574957795249,2.0,104.02857142857142,52.0,0.014285714285714285
4.468493150684932,demographic_sir_R0_comparison,0.24994802606435562,3.675204711880823e-54,0.7500519739356442,2.0,104.02857142857142,52.0,0.014285714285714285
4.487671232876712,demographic_sir_R0_comparison,0.2501534916085946,2.2321003324954542e-54,0.749846508391405,2.0,104.02857142857142,52.0,0.014285714285714285
4.506849315068493,demographic_sir_R0_comparison,0.25035890086861423,1.3562004693136833e-54,0.7496410991313853,2.0,104.02857142857142,52.0,0.014285714285714285
4.526027397260274,demographic_sir_R0_comparison,0.2505642538598327,8.243507177200639e-55,0.749435746140167,2.0,104.02857142857142,52.0,0.014285714285714285
4.545205479452055,demographic_sir_R0_comparison,0.2507695505976639,5.0127731763091374e-55,0.7492304494023357,2.0,104.02857142857142,52.0,0.014285714285714285
4.564383561643836,demographic_sir_R0_comparison,0.2509747910975178,3.0494529795870244e-55,0.7490252089024818,2.0,104.02857142857142,52.0,0.014285714285714285
4.583561643835616,demographic_sir_R0_comparison,0.2511799753747998,1.855853261851691e-55,0.7488200246252,2.0,104.02857142857142,52.0,0.014285714285714285
4.602739726027397,demographic_sir_R0_comparison,0.2513851034449113,1.1299080033904249e-55,0.7486148965550885,2.0,104.02857142857142,52.0,0.014285714285714285
4.6219178082191785,demographic_sir_R0_comparison,0.2515901753232493,6.882088346942214e-56,0.7484098246767505,2.0,104.02857142857142,52.0,0.014285714285714285
4.641095890410959,demographic_sir_R0_comparison,0.25179519102520675,4.193484688848284e-56,0.7482048089747929,2.0,104.02857142857142,52.0,0.014285714285714285
4.66027397260274,demographic_sir_R0_comparison,0.2520001505661724,2.556274518044286e-56,0.7479998494338274,2.0,104.02857142857142,52.0,0.014285714285714285
4.67945205479452,demographic_sir_R0_comparison,0.2522050539615307,1.5588972189622121e-56,0.747794946038469,2.0,104.02857142857142,52.0,0.014285714285714285
4.698630136986301,demographic_sir_R0_comparison,0.25240990122666196,9.510535858615052e-57,0.7475900987733378,2.0,104.02857142857142,52.0,0.014285714285714285
4.717808219178083,demographic_sir_R0_comparison,0.2526146923769422,5.804568724656692e-57,0.7473853076230578,2.0,104.02857142857142,52.0,0.014285714285714285
4.736986301369863,demographic_sir_R0_comparison,0.25281942742774305,3.5441520374851134e-57,0.7471805725722569,2.0,104.02857142857142,52.0,0.014285714285714285
4.756164383561644,demographic_sir_R0_comparison,0.25302410639443235,2.1648713768005028e-57,0.7469758936055677,2.0,104.02857142857142,52.0,0.014285714285714285
4.7753424657534245,demographic_sir_R0_comparison,0.25322872929237344,1.3229065658239106e-57,0.7467712707076267,2.0,104.02857142857142,52.0,0.014285714285714285
4.794520547945205,demographic_sir_R0_comparison,0.25343329613692556,8.087299301804521e-58,0.7465667038630747,2.0,104.02857142857142,52.0,0.014285714285714285
4.813698630136987,demographic_sir_R0_comparison,0.25363780694344346,4.946011051854011e-58,0.7463621930565568,2.0,104.02857142857142,52.0,0.014285714285714285
4.832876712328767,demographic_sir_R0_comparison,0.2538422617272782,3.0261038096756107e-58,0.746157738272722,2.0,104.02857142857142,52.0,0.014285714285714285
4.852054794520548,demographic_sir_R0_comparison,0.2540466605037761,1.852207707788912e-58,0.7459533394962242,2.0,104.02857142857142,52.0,0.014285714285714285
4.8712328767123285,demographic_sir_R0_comparison,0.2542510032882799,1.1341555660121444e-58,0.7457489967117206,2.0,104.02857142857142,52.0,0.014285714285714285
4.89041095890411,demographic_sir_R0_comparison,0.25445529009612744,6.947564666463709e-59,0.7455447099038728,2.0,104.02857142857142,52.0,0.014285714285714285
4.909589041095891,demographic_sir_R0_comparison,0.2546595209426529,4.2576459724947265e-59,0.7453404790573473,2.0,104.02857142857142,52.0,0.014285714285714285
4.928767123287671,demographic_sir_R0_comparison,0.25486369584318597,2.6102579453497175e-59,0.7451363041568145,2.0,104.02857142857142,52.0,0.014285714285714285
4.947945205479452,demographic_sir_R0_comparison,0.25506781481305213,1.6009368038820962e-59,0.7449321851869484,2.0,104.02857142857142,52.0,0.014285714285714285
4.967123287671233,demographic_sir_R0_comparison,0.2552718778675729,9.82294664552262e-60,0.7447281221324278,2.0,104.02857142857142,52.0,0.014285714285714285
4.986301369863014,demographic_sir_R0_comparison,0.2554758850220654,6.0295675806688e-60,0.7445241149779354,2.0,104.02857142857142,52.0,0.014285714285714285
5.005479452054795,demographic_sir_R0_comparison,0.2556798362918426,3.702604174604478e-60,0.7443201637081583,2.0,104.02857142857142,52.0,0.014285714285714285
5.024657534246575,demographic_sir_R0_comparison,0.2558837316922133,2.2746003127380567e-60,0.7441162683077877,2.0,104.02857142857142,52.0,0.014285714285714285
5.043835616438356,demographic_sir_R0_comparison,0.25608757123848197,1.3979110665434886e-60,0.7439124287615189,2.0,104.02857142857142,52.0,0.014285714285714285
5.063013698630137,demographic_sir_R0_comparison,0.2562913549459491,8.594697255494124e-61,0.7437086450540515,2.0,104.02857142857142,52.0,0.014285714285714285
5.082191780821918,demographic_sir_R0_comparison,0.25649508282991096,5.286377435588423e-61,0.7435049171700897,2.0,104.02857142857142,52.0,0.014285714285714285
5.101369863013699,demographic_sir_R0_comparison,0.2566987549056595,3.252836592964728e-61,0.7433012450943413,2.0,104.02857142857142,52.0,0.014285714285714285
5.120547945205479,demographic_sir_R0_comparison,0.25690237118848264,2.0023628226594612e-61,0.7430976288115183,2.0,104.02857142857142,52.0,0.014285714285714285
5.13972602739726,demographic_sir_R0_comparison,0.25710593169366386,1.233103976140892e-61,0.742894068306337,2.0,104.02857142857142,52.0,0.014285714285714285
5.1589041095890416,demographic_sir_R0_comparison,0.2573094364364827,7.596839888779042e-62,0.7426905635635183,2.0,104.02857142857142,52.0,0.014285714285714285
5.178082191780822,demographic_sir_R0_comparison,0.25751288543221434,4.682120109967973e-62,0.7424871145677867,2.0,104.02857142857142,52.0,0.014285714285714285
5.197260273972603,demographic_sir_R0_comparison,0.25771627869613006,2.886877669616728e-62,0.7422837213038711,2.0,104.02857142857142,52.0,0.014285714285714285
5.2164383561643834,demographic_sir_R0_comparison,0.2579196162434966,1.7806986004616691e-62,0.7420803837565044,2.0,104.02857142857142,52.0,0.014285714285714285
5.235616438356164,demographic_sir_R0_comparison,0.2581228980895766,1.0988251996316807e-62,0.741877101910424,2.0,104.02857142857142,52.0,0.014285714285714285
5.254794520547946,demographic_sir_R0_comparison,0.2583261242496288,6.783329490094491e-63,0.7416738757503718,2.0,104.02857142857142,52.0,0.014285714285714285
5.273972602739726,demographic_sir_R0_comparison,0.25852929473890734,4.1892210348037054e-63,0.7414707052610932,2.0,104.02857142857142,52.0,0.014285714285714285
5.293150684931507,demographic_sir_R0_comparison,0.25873240957266275,2.5882108333132793e-63,0.7412675904273378,2.0,104.02857142857142,52.0,0.014285714285714285
5.3123287671232875,demographic_sir_R0_comparison,0.25893546876614076,1.59971269016889e-63,0.74106453123386,2.0,104.02857142857142,52.0,0.014285714285714285
5.331506849315068,demographic_sir_R0_comparison,0.25913847233458315,9.891456496232272e-64,0.7408615276654174,2.0,104.02857142857142,52.0,0.014285714285714285
5.35068493150685,demographic_sir_R0_comparison,0.25934142029322765,6.118632487577682e-64,0.740658579706773,2.0,104.02857142857142,52.0,0.014285714285714285
5.36986301369863,demographic_sir_R0_comparison,0.2595443126573078,3.7863809894064774e-64,0.7404556873426927,2.0,104.02857142857142,52.0,0.014285714285714285
5.389041095890411,demographic_sir_R0_comparison,0.25974714944205296,2.3440670225916025e-64,0.7402528505579475,2.0,104.02857142857142,52.0,0.014285714285714285
5.4082191780821915,demographic_sir_R0_comparison,0.25994993066268796,1.4517487556155219e-64,0.7400500693373124,2.0,104.02857142857142,52.0,0.014285714285714285
5.427397260273973,demographic_sir_R0_comparison,0.26015265633443396,8.994739186844793e-65,0.7398473436655664,2.0,104.02857142857142,52.0,0.014285714285714285
5.446575342465754,demographic_sir_R0_comparison,0.26035532647250775,5.575211079056712e-65,0.7396446735274927,2.0,104.02857142857142,52.0,0.014285714285714285
5.465753424657534,demographic_sir_R0_comparison,0.26055794109212194,3.4570816190494593e-65,0.7394420589078786,2.0,104.02857142857142,52.0,0.014285714285714285
5.484931506849315,demographic_sir_R0_comparison,0.26076050020848496,2.144536697507415e-65,0.7392394997915157,2.0,104.02857142857142,52.0,0.014285714285714285
5.504109589041096,demographic_sir_R0_comparison,0.2609630038368011,1.3308613549459271e-65,0.7390369961631994,2.0,104.02857142857142,52.0,0.014285714285714285
5.523287671232877,demographic_sir_R0_comparison,0.2611654519922705,8.262425965544442e-66,0.7388345480077299,2.0,104.02857142857142,52.0,0.014285714285714285
5.542465753424658,demographic_sir_R0_comparison,0.2613678446900892,5.131658346507879e-66,0.7386321553099111,2.0,104.02857142857142,52.0,0.014285714285714285
5.561643835616438,demographic_sir_R0_comparison,0.2615701819454489,3.188476542580056e-66,0.7384298180545513,2.0,104.02857142857142,52.0,0.014285714285714285
5.580821917808219,demographic_sir_R0_comparison,0.2617724637735373,1.9819103637298168e-66,0.7382275362264631,2.0,104.02857142857142,52.0,0.014285714285714285
5.6,demographic_sir_R0_comparison,0.2619746901895377,1.2324236778899513e-66,0.7380253098104627,2.0,104.02857142857142,52.0,0.014285714285714285
5.619178082191781,demographic_sir_R0_comparison,0.2621768612086296,7.666749137776387e-67,0.7378231387913708,2.0,104.02857142857142,52.0,0.014285714285714285
5.638356164383562,demographic_sir_R0_comparison,0.26237897684598793,4.771309831434864e-67,0.7376210231540122,2.0,104.02857142857142,52.0,0.014285714285714285
5.657534246575342,demographic_sir_R0_comparison,0.262581037116784,2.9705651620395875e-67,0.7374189628832162,2.0,104.02857142857142,52.0,0.014285714285714285
5.676712328767123,demographic_sir_R0_comparison,0.26278304203618447,1.8501868865983838e-67,0.7372169579638157,2.0,104.02857142857142,52.0,0.014285714285714285
5.695890410958905,demographic_sir_R0_comparison,0.2629849916193519,1.1528349018978772e-67,0.7370150083806479,2.0,104.02857142857142,52.0,0.014285714285714285
5.715068493150685,demographic_sir_R0_comparison,0.26318688588144507,7.18610549546058e-68,0.7368131141185549,2.0,104.02857142857142,52.0,0.014285714285714285
5.734246575342466,demographic_sir_R0_comparison,0.2633887248376184,4.481206607700637e-68,0.7366112751623816,2.0,104.02857142857142,52.0,0.014285714285714285
5.7534246575342465,demographic_sir_R0_comparison,0.2635905085030218,2.7955753707170104e-68,0.736409491496978,2.0,104.02857142857142,52.0,0.014285714285714285
5.772602739726027,demographic_sir_R0_comparison,0.2637922368928017,1.7447059997828208e-68,0.7362077631071982,2.0,104.02857142857142,52.0,0.014285714285714285
5.791780821917809,demographic_sir_R0_comparison,0.2639939100220999,1.0893014117926034e-68,0.7360060899779003,2.0,104.02857142857142,52.0,0.014285714285714285
5.810958904109589,demographic_sir_R0_comparison,0.2641955279060541,6.803753858821586e-69,0.7358044720939462,2.0,104.02857142857142,52.0,0.014285714285714285
5.83013698630137,demographic_sir_R0_comparison,0.2643970905597979,4.251319923986612e-69,0.7356029094402022,2.0,104.02857142857142,52.0,0.014285714285714285
5.8493150684931505,demographic_sir_R0_comparison,0.264598597998461,2.657502012189616e-69,0.7354014020015393,2.0,104.02857142857142,52.0,0.014285714285714285
5.868493150684931,demographic_sir_R0_comparison,0.2648000502371686,1.6618735953582245e-69,0.7351999497628318,2.0,104.02857142857142,52.0,0.014285714285714285
5.887671232876713,demographic_sir_R0_comparison,0.265001447291042,1.0396733144990557e-69,0.7349985527089583,2.0,104.02857142857142,52.0,0.014285714285714285
5.906849315068493,demographic_sir_R0_comparison,0.2652027891751982,6.506842316520141e-70,0.7347972108248021,2.0,104.02857142857142,52.0,0.014285714285714285
5.926027397260274,demographic_sir_R0_comparison,0.2654040759047501,4.07397252712858e-70,0.7345959240952503,2.0,104.02857142857142,52.0,0.014285714285714285
5.945205479452055,demographic_sir_R0_comparison,0.2656053074948066,2.5517627302021602e-70,0.7343946925051938,2.0,104.02857142857142,52.0,0.014285714285714285
5.964383561643836,demographic_sir_R0_comparison,0.26580648396047213,1.598957118314217e-70,0.7341935160395282,2.0,104.02857142857142,52.0,0.014285714285714285
5.983561643835617,demographic_sir_R0_comparison,0.26600760531684725,1.0023228437153418e-70,0.7339923946831529,2.0,104.02857142857142,52.0,0.014285714285714285
6.002739726027397,demographic_sir_R0_comparison,0.2662086715790284,6.285685927913216e-71,0.7337913284209715,2.0,104.02857142857142,52.0,0.014285714285714285
6.021917808219178,demographic_sir_R0_comparison,0.26640968276210786,3.943409836184974e-71,0.733590317237892,2.0,104.02857142857142,52.0,0.014285714285714285
6.041095890410959,demographic_sir_R0_comparison,0.26661063888117376,2.474943536234864e-71,0.7333893611188262,2.0,104.02857142857142,52.0,0.014285714285714285
6.06027397260274,demographic_sir_R0_comparison,0.2668115399513099,1.5539347161019436e-71,0.73318846004869,2.0,104.02857142857142,52.0,0.014285714285714285
6.079452054794521,demographic_sir_R0_comparison,0.26701238598759613,9.760549977732247e-72,0.7329876140124036,2.0,104.02857142857142,52.0,0.014285714285714285
6.098630136986301,demographic_sir_R0_comparison,0.2672131770051082,6.133237868428076e-72,0.7327868229948916,2.0,104.02857142857142,52.0,0.014285714285714285
6.117808219178082,demographic_sir_R0_comparison,0.2674139130189177,3.855487313214743e-72,0.7325860869810819,2.0,104.02857142857142,52.0,0.014285714285714285
6.136986301369863,demographic_sir_R0_comparison,0.26761459404409205,2.424614240758129e-72,0.7323854059559072,2.0,104.02857142857142,52.0,0.014285714285714285
6.156164383561644,demographic_sir_R0_comparison,0.2678152200956947,1.5253864370925326e-72,0.7321847799043044,2.0,104.02857142857142,52.0,0.014285714285714285
6.175342465753425,demographic_sir_R0_comparison,0.26801579118878466,9.60043513265216e-73,0.7319842088112144,2.0,104.02857142857142,52.0,0.014285714285714285
6.1945205479452055,demographic_sir_R0_comparison,0.26821630733841717,6.044713409564476e-73,0.731783692661582,2.0,104.02857142857142,52.0,0.014285714285714285
6.213698630136986,demographic_sir_R0_comparison,0.2684167685596431,3.807450144799394e-73,0.7315832314403563,2.0,104.02857142857142,52.0,0.014285714285714285
6.232876712328768,demographic_sir_R0_comparison,0.2686171748675092,2.3991997137315655e-73,0.7313828251324903,2.0,104.02857142857142,52.0,0.014285714285714285
6.252054794520548,demographic_sir_R0_comparison,0.268817526277058,1.5124192423934054e-73,0.7311824737229413,2.0,104.02857142857142,52.0,0.014285714285714285
6.271232876712329,demographic_sir_R0_comparison,0.2690178228033285,9.537873489518704e-74,0.730982177196671,2.0,104.02857142857142,52.0,0.014285714285714285
6.2904109589041095,demographic_sir_R0_comparison,0.2692180644613549,6.017338508876063e-74,0.7307819355386448,2.0,104.02857142857142,52.0,0.014285714285714285
6.30958904109589,demographic_sir_R0_comparison,0.2694182512661674,3.797788759388829e-74,0.7305817487338321,2.0,104.02857142857142,52.0,0.014285714285714285
6.328767123287672,demographic_sir_R0_comparison,0.2696183832327925,2.3978973810460325e-74,0.7303816167672069,2.0,104.02857142857142,52.0,0.014285714285714285
6.347945205479452,demographic_sir_R0_comparison,0.2698184603762521,1.5146202607869279e-74,0.7301815396237471,2.0,104.02857142857142,52.0,0.014285714285714285
6.367123287671233,demographic_sir_R0_comparison,0.2700184827115643,9.57084456585382e-75,0.729981517288435,2.0,104.02857142857142,52.0,0.014285714285714285
6.3863013698630136,demographic_sir_R0_comparison,0.2702184502537429,6.050204432215153e-75,0.7297815497462565,2.0,104.02857142857142,52.0,0.014285714285714285
6.405479452054794,demographic_sir_R0_comparison,0.2704183630177977,3.8261595250848907e-75,0.7295816369822018,2.0,104.02857142857142,52.0,0.014285714285714285
6.424657534246576,demographic_sir_R0_comparison,0.2706182210187343,2.420634881264672e-75,0.7293817789812651,2.0,104.02857142857142,52.0,0.014285714285714285
6.443835616438356,demographic_sir_R0_comparison,0.2708180242715544,1.5320348473869713e-75,0.7291819757284451,2.0,104.02857142857142,52.0,0.014285714285714285
6.463013698630137,demographic_sir_R0_comparison,0.2710177727912552,9.700209090014303e-76,0.7289822272087444,2.0,104.02857142857142,52.0,0.014285714285714285
6.482191780821918,demographic_sir_R0_comparison,0.2712174665928302,6.14421770442391e-76,0.7287825334071696,2.0,104.02857142857142,52.0,0.014285714285714285
6.501369863013699,demographic_sir_R0_comparison,0.27141710569126865,3.893364777195369e-76,0.7285828943087311,2.0,104.02857142857142,52.0,0.014285714285714285
6.52054794520548,demographic_sir_R0_comparison,0.2716166901015556,2.468064746964197e-76,0.7283833098984444,2.0,104.02857142857142,52.0,0.014285714285714285
6.53972602739726,demographic_sir_R0_comparison,0.2718162198386718,1.565167810733901e-76,0.728183780161328,2.0,104.02857142857142,52.0,0.014285714285714285
6.558904109589041,demographic_sir_R0_comparison,0.2720156949175945,9.929745663146607e-77,0.7279843050824054,2.0,104.02857142857142,52.0,0.014285714285714285
6.578082191780822,demographic_sir_R0_comparison,0.27221511535329634,6.3021415416234035e-77,0.7277848846467035,2.0,104.02857142857142,52.0,0.014285714285714285
6.597260273972603,demographic_sir_R0_comparison,0.27241448116074607,4.001390572833795e-77,0.7275855188392538,2.0,104.02857142857142,52.0,0.014285714285714285
6.616438356164384,demographic_sir_R0_comparison,0.2726137923549082,2.5415956155394782e-77,0.7273862076450918,2.0,104.02857142857142,52.0,0.014285714285714285
6.635616438356164,demographic_sir_R0_comparison,0.27281304895074326,1.6150078201642813e-77,0.7271869510492566,2.0,104.02857142857142,52.0,0.014285714285714285
6.654794520547945,demographic_sir_R0_comparison,0.2730122509632077,1.026633492128365e-77,0.7269877490367922,2.0,104.02857142857142,52.0,0.014285714285714285
6.673972602739726,demographic_sir_R0_comparison,0.2732113984072538,6.528731395871546e-78,0.7267886015927463,2.0,104.02857142857142,52.0,0.014285714285714285
6.693150684931507,demographic_sir_R0_comparison,0.2734104912978296,4.1535046540649e-78,0.7265895087021704,2.0,104.02857142857142,52.0,0.014285714285714285
6.712328767123288,demographic_sir_R0_comparison,0.27360952964987945,2.643462058819181e-78,0.7263904703501208,2.0,104.02857142857142,52.0,0.014285714285714285
6.7315068493150685,demographic_sir_R0_comparison,0.27380851347834323,1.683076646628374e-78,0.726191486521657,2.0,104.02857142857142,52.0,0.014285714285714285
6.750684931506849,demographic_sir_R0_comparison,0.27400744279815686,1.0720303777422828e-78,0.7259925572018432,2.0,104.02857142857142,52.0,0.014285714285714285
6.76986301369863,demographic_sir_R0_comparison,0.27420631762425224,6.830973933149445e-79,0.7257936823757479,2.0,104.02857142857142,52.0,0.014285714285714285
6.789041095890411,demographic_sir_R0_comparison,0.2744051379715571,4.3544213943776715e-79,0.725594862028443,2.0,104.02857142857142,52.0,0.014285714285714285
6.808219178082192,demographic_sir_R0_comparison,0.27460390385499517,2.7768378850410364e-79,0.7253960961450051,2.0,104.02857142857142,52.0,0.014285714285714285
6.8273972602739725,demographic_sir_R0_comparison,0.27480261528948585,1.7715066754999083e-79,0.7251973847105144,2.0,104.02857142857142,52.0,0.014285714285714285
6.846575342465753,demographic_sir_R0_comparison,0.27500127228994464,1.1305953890116801e-79,0.7249987277100556,2.0,104.02857142857142,52.0,0.014285714285714285
6.865753424657535,demographic_sir_R0_comparison,0.27519987487128295,7.218446281010051e-80,0.7248001251287173,2.0,104.02857142857142,52.0,0.014285714285714285
6.884931506849315,demographic_sir_R0_comparison,0.27539842304840817,4.610545399802169e-80,0.7246015769515921,2.0,104.02857142857142,52.0,0.014285714285714285
6.904109589041096,demographic_sir_R0_comparison,0.2755969168362234,2.9460009653265737e-80,0.7244030831637767,2.0,104.02857142857142,52.0,0.014285714285714285
6.923287671232877,demographic_sir_R0_comparison,0.2757953562496279,1.883152224484701e-80,0.724204643750372,2.0,104.02857142857142,52.0,0.014285714285714285
6.942465753424657,demographic_sir_R0_comparison,0.2759937413035168,1.2042312252687617e-80,0.7240062586964832,2.0,104.02857142857142,52.0,0.014285714285714285
6.961643835616439,demographic_sir_R0_comparison,0.27619207201278084,7.703821424803669e-81,0.723807927987219,2.0,104.02857142857142,52.0,0.014285714285714285
6.980821917808219,demographic_sir_R0_comparison,0.2763903483923071,4.930311395736328e-81,0.7236096516076927,2.0,104.02857142857142,52.0,0.014285714285714285
7.0,demographic_sir_R0_comparison,0.2765885704569782,3.156561572038087e-81,0.7234114295430217,2.0,104.02857142857142,52.0,0.014285714285714285
7.019178082191781,demographic_sir_R0_comparison,0.2767867382216731,2.0217428026762188e-81,0.723213261778327,2.0,104.02857142857142,52.0,0.014285714285714285
7.038356164383561,demographic_sir_R0_comparison,0.27698485170126624,1.2954159041679983e-81,0.7230151482987338,2.0,104.02857142857142,52.0,0.014285714285714285
7.057534246575343,demographic_sir_R0_comparison,0.2771829109106286,8.303557072759566e-82,0.7228170890893716,2.0,104.02857142857142,52.0,0.014285714285714285
7.076712328767123,demographic_sir_R0_comparison,0.27738091586462627,5.324645632004224e-82,0.7226190841353737,2.0,104.02857142857142,52.0,0.014285714285714285
7.095890410958904,demographic_sir_R0_comparison,0.277578866578122,3.4157712730322626e-82,0.722421133421878,2.0,104.02857142857142,52.0,0.014285714285714285
7.115068493150685,demographic_sir_R0_comparison,0.277776763065974,2.192089814472642e-82,0.7222232369340258,2.0,104.02857142857142,52.0,0.014285714285714285
7.134246575342466,demographic_sir_R0_comparison,0.2779746053430367,1.4073410315466272e-82,0.7220253946569635,2.0,104.02857142857142,52.0,0.014285714285714285
7.153424657534247,demographic_sir_R0_comparison,0.2781723934241601,9.03882029395308e-83,0.72182760657584,2.0,104.02857142857142,52.0,0.014285714285714285
7.1726027397260275,demographic_sir_R0_comparison,0.27837012732419053,5.807584047301679e-83,0.7216298726758094,2.0,104.02857142857142,52.0,0.014285714285714285
7.191780821917808,demographic_sir_R0_comparison,0.2785678070579702,3.732936116870482e-83,0.7214321929420295,2.0,104.02857142857142,52.0,0.014285714285714285
7.210958904109589,demographic_sir_R0_comparison,0.27876543264033693,2.4003626886920175e-83,0.7212345673596627,2.0,104.02857142857142,52.0,0.014285714285714285
7.23013698630137,demographic_sir_R0_comparison,0.27896300408612495,1.5440963126159972e-83,0.7210369959138749,2.0,104.02857142857142,52.0,0.014285714285714285
7.249315068493151,demographic_sir_R0_comparison,0.27916052141016395,9.936720313836552e-84,0.7208394785898359,2.0,104.02857142857142,52.0,0.014285714285714285
7.2684931506849315,demographic_sir_R0_comparison,0.2793579846272798,6.397095896071517e-84,0.72064201537272,2.0,104.02857142857142,52.0,0.014285714285714285
7.287671232876712,demographic_sir_R0_comparison,0.2795553937522944,4.11996687398988e-84,0.7204446062477055,2.0,104.02857142857142,52.0,0.014285714285714285
7.306849315068493,demographic_sir_R0_comparison,0.2797527488000254,2.6544564735863285e-84,0.7202472511999743,2.0,104.02857142857142,52.0,0.014285714285714285
7.326027397260274,demographic_sir_R0_comparison,0.27995004978528637,1.7109151302146448e-84,0.7200499502147134,2.0,104.02857142857142,52.0,0.014285714285714285
7.345205479452055,demographic_sir_R0_comparison,0.2801472967228872,1.103194919033056e-84,0.7198527032771127,2.0,104.02857142857142,52.0,0.014285714285714285
7.364383561643836,demographic_sir_R0_comparison,0.2803444896276331,7.116179914939239e-85,0.7196555103723667,2.0,104.02857142857142,52.0,0.014285714285714285
7.383561643835616,demographic_sir_R0_comparison,0.2805416285143257,4.592111453292984e-85,0.719458371485674,2.0,104.02857142857142,52.0,0.014285714285714285
7.402739726027398,demographic_sir_R0_comparison,0.28073871339776246,2.964481248730836e-85,0.7192612866022372,2.0,104.02857142857142,52.0,0.014285714285714285
7.421917808219178,demographic_sir_R0_comparison,0.2809357442927368,1.914501607928812e-85,0.719064255707263,2.0,104.02857142857142,52.0,0.014285714285714285
7.441095890410959,demographic_sir_R0_comparison,0.28113272121403804,1.2368967736828588e-85,0.7188672787859619,2.0,104.02857142857142,52.0,0.014285714285714285
7.46027397260274,demographic_sir_R0_comparison,0.2813296441764514,7.994325454500682e-86,0.7186703558235484,2.0,104.02857142857142,52.0,0.014285714285714285
7.47945205479452,demographic_sir_R0_comparison,0.28152651319475824,5.1689316888556936e-86,0.7184734868052415,2.0,104.02857142857142,52.0,0.014285714285714285
7.498630136986302,demographic_sir_R0_comparison,0.2817233282837355,3.3434152106106864e-86,0.7182766717162643,2.0,104.02857142857142,52.0,0.014285714285714285
7.517808219178082,demographic_sir_R0_comparison,0.2819200894581565,2.1634673313038748e-86,0.7180799105418436,2.0,104.02857142857142,52.0,0.014285714285714285
7.536986301369863,demographic_sir_R0_comparison,0.2821167967327903,1.4004926348971062e-86,0.7178832032672097,2.0,104.02857142857142,52.0,0.014285714285714285
7.556164383561644,demographic_sir_R0_comparison,0.2823134501224019,9.069466269169646e-87,0.717686549877598,2.0,104.02857142857142,52.0,0.014285714285714285
7.575342465753424,demographic_sir_R0_comparison,0.2825100496417524,5.875610483727789e-87,0.7174899503582476,2.0,104.02857142857142,52.0,0.014285714285714285
7.594520547945206,demographic_sir_R0_comparison,0.2827065953055987,3.8079793442803333e-87,0.7172934046944013,2.0,104.02857142857142,52.0,0.014285714285714285
7.6136986301369864,demographic_sir_R0_comparison,0.2829030871286938,2.468916737967367e-87,0.7170969128713063,2.0,104.02857142857142,52.0,0.014285714285714285
7.632876712328767,demographic_sir_R0_comparison,0.28309952512578634,1.6013583566027803e-87,0.7169004748742137,2.0,104.02857142857142,52.0,0.014285714285714285
7.652054794520548,demographic_sir_R0_comparison,0.28329590931162135,1.039060407685147e-87,0.7167040906883788,2.0,104.02857142857142,52.0,0.014285714285714285
7.671232876712329,demographic_sir_R0_comparison,0.2834922397009394,6.744708682274298e-88,0.7165077602990608,2.0,104.02857142857142,52.0,0.014285714285714285
7.69041095890411,demographic_sir_R0_comparison,0.2836885163084775,4.3798141517234107e-88,0.7163114836915229,2.0,104.02857142857142,52.0,0.014285714285714285
7.7095890410958905,demographic_sir_R0_comparison,0.2838847391489683,2.845235434179623e-88,0.716115260851032,2.0,104.02857142857142,52.0,0.014285714285714285
7.728767123287671,demographic_sir_R0_comparison,0.28408090823714033,1.849058827296612e-88,0.7159190917628598,2.0,104.02857142857142,52.0,0.014285714285714285
7.747945205479452,demographic_sir_R0_comparison,0.2842770235877184,1.2021348701410156e-88,0.7157229764122817,2.0,104.02857142857142,52.0,0.014285714285714285
7.767123287671233,demographic_sir_R0_comparison,0.2844730852154231,7.818538187178989e-89,0.715526914784577,2.0,104.02857142857142,52.0,0.014285714285714285
7.786301369863014,demographic_sir_R0_comparison,0.2846690931349709,5.0870708031305254e-89,0.7153309068650291,2.0,104.02857142857142,52.0,0.014285714285714285
7.8054794520547945,demographic_sir_R0_comparison,0.2848650473610745,3.311157279419664e-89,0.7151349526389257,2.0,104.02857142857142,52.0,0.014285714285714285
7.824657534246575,demographic_sir_R0_comparison,0.2850609479084423,2.1560637546321115e-89,0.714939052091558,2.0,104.02857142857142,52.0,0.014285714285714285
7.843835616438356,demographic_sir_R0_comparison,0.28525679479177884,1.4044720523843148e-89,0.7147432052082213,2.0,104.02857142857142,52.0,0.014285714285714285
7.863013698630137,demographic_sir_R0_comparison,0.2854525880257847,9.152384820842723e-90,0.7145474119742156,2.0,104.02857142857142,52.0,0.014285714285714285
7.882191780821918,demographic_sir_R0_comparison,0.28564832762515613,5.966574449262027e-90,0.7143516723748442,2.0,104.02857142857142,52.0,0.014285714285714285
7.901369863013699,demographic_sir_R0_comparison,0.28584401360458556,3.891216821009774e-90,0.7141559863954149,2.0,104.02857142857142,52.0,0.014285714285714285
7.920547945205479,demographic_sir_R0_comparison,0.28603964597876147,2.5387230468665457e-90,0.7139603540212391,2.0,104.02857142857142,52.0,0.014285714285714285
7.939726027397261,demographic_sir_R0_comparison,0.2862352247623682,1.656970217706398e-90,0.7137647752376327,2.0,104.02857142857142,52.0,0.014285714285714285
7.958904109589041,demographic_sir_R0_comparison,0.286430749970086,1.081891017081137e-90,0.7135692500299151,2.0,104.02857142857142,52.0,0.014285714285714285
7.978082191780822,demographic_sir_R0_comparison,0.28662622161659124,7.066782360203523e-91,0.71337377838341,2.0,104.02857142857142,52.0,0.014285714285714285
7.997260273972603,demographic_sir_R0_comparison,0.28682163971655605,4.6177377023003835e-91,0.7131783602834451,2.0,104.02857142857142,52.0,0.014285714285714285
8.016438356164384,demographic_sir_R0_comparison,0.287017004284649,3.018603705049213e-91,0.7129829957153522,2.0,104.02857142857142,52.0,0.014285714285714285
8.035616438356165,demographic_sir_R0_comparison,0.2872123153355341,1.9740229207250614e-91,0.712787684664467,2.0,104.02857142857142,52.0,0.014285714285714285
8.054794520547945,demographic_sir_R0_comparison,0.28740757288387175,1.2914199312139603e-91,0.7125924271161295,2.0,104.02857142857142,52.0,0.014285714285714285
8.073972602739726,demographic_sir_R0_comparison,0.2876027769443181,8.451853017502756e-92,0.7123972230556832,2.0,104.02857142857142,52.0,0.014285714285714285
8.093150684931507,demographic_sir_R0_comparison,0.2877979275315254,5.533571140140005e-92,0.7122020724684759,2.0,104.02857142857142,52.0,0.014285714285714285
8.112328767123287,demographic_sir_R0_comparison,0.2879930246601418,3.624333255650337e-92,0.7120069753398595,2.0,104.02857142857142,52.0,0.014285714285714285
8.131506849315068,demographic_sir_R0_comparison,0.2881880683448116,2.3747602374283285e-92,0.7118119316551897,2.0,104.02857142857142,52.0,0.014285714285714285
8.150684931506849,demographic_sir_R0_comparison,0.28838305860017477,1.556612039097385e-92,0.7116169413998263,2.0,104.02857142857142,52.0,0.014285714285714285
8.169863013698631,demographic_sir_R0_comparison,0.2885779954408676,1.0207277623352148e-92,0.7114220045591335,2.0,104.02857142857142,52.0,0.014285714285714285
8.189041095890412,demographic_sir_R0_comparison,0.28877287888152225,6.695890587351444e-93,0.711227121118479,2.0,104.02857142857142,52.0,0.014285714285714285
8.208219178082192,demographic_sir_R0_comparison,0.2889677089367668,4.3941573358034685e-93,0.7110322910632344,2.0,104.02857142857142,52.0,0.014285714285714285
8.227397260273973,demographic_sir_R0_comparison,0.28916248562122543,2.884772998694196e-93,0.7108375143787757,2.0,104.02857142857142,52.0,0.014285714285714285
8.246575342465754,demographic_sir_R0_comparison,0.2893572089495183,1.8945951725258875e-93,0.7106427910504831,2.0,104.02857142857142,52.0,0.014285714285714285
8.265753424657534,demographic_sir_R0_comparison,0.2895518789362615,1.2447722636961336e-93,0.7104481210637399,2.0,104.02857142857142,52.0,0.014285714285714285
8.284931506849315,demographic_sir_R0_comparison,0.2897464955960672,8.181482903397407e-94,0.7102535044039341,2.0,104.02857142857142,52.0,0.014285714285714285
8.304109589041095,demographic_sir_R0_comparison,0.2899410589435434,5.379510427106695e-94,0.7100589410564581,2.0,104.02857142857142,52.0,0.014285714285714285
8.323287671232876,demographic_sir_R0_comparison,0.29013556899329423,3.538523106402846e-94,0.7098644310067073,2.0,104.02857142857142,52.0,0.014285714285714285
8.342465753424658,demographic_sir_R0_comparison,0.29033002575991995,2.3284656081542988e-94,0.7096699742400816,2.0,104.02857142857142,52.0,0.014285714285714285
8.361643835616439,demographic_sir_R0_comparison,0.2905244292580165,1.532802086781438e-94,0.7094755707419851,2.0,104.02857142857142,52.0,0.014285714285714285
8.38082191780822,demographic_sir_R0_comparison,0.29071877950217606,1.0094173276714581e-94,0.7092812204978256,2.0,104.02857142857142,52.0,0.014285714285714285
8.4,demographic_sir_R0_comparison,0.2909130765069869,6.650032982549539e-95,0.7090869234930148,2.0,104.02857142857142,52.0,0.014285714285714285
8.419178082191781,demographic_sir_R0_comparison,0.29110732028703307,4.3827345563886225e-95,0.7088926797129688,2.0,104.02857142857142,52.0,0.014285714285714285
8.438356164383562,demographic_sir_R0_comparison,0.2913015108568946,2.8895806192632837e-95,0.7086984891431071,2.0,104.02857142857142,52.0,0.014285714285714285
8.457534246575342,demographic_sir_R0_comparison,0.2914956482311476,1.9058674651063315e-95,0.708504351768854,2.0,104.02857142857142,52.0,0.014285714285714285
8.476712328767123,demographic_sir_R0_comparison,0.29168973242436436,1.2575311845453979e-95,0.7083102675756372,2.0,104.02857142857142,52.0,0.014285714285714285
8.495890410958904,demographic_sir_R0_comparison,0.29188376345111294,8.300666618538788e-96,0.7081162365488887,2.0,104.02857142857142,52.0,0.014285714285714285
8.515068493150684,demographic_sir_R0_comparison,0.29207774132595754,5.481195267910147e-96,0.7079222586740441,2.0,104.02857142857142,52.0,0.014285714285714285
8.534246575342467,demographic_sir_R0_comparison,0.2922716660634582,3.6208090762012144e-96,0.7077283339365433,2.0,104.02857142857142,52.0,0.014285714285714285
8.553424657534247,demographic_sir_R0_comparison,0.29246553767817135,2.392786660633318e-96,0.7075344623218303,2.0,104.02857142857142,52.0,0.014285714285714285
8.572602739726028,demographic_sir_R0_comparison,0.29265935618464894,1.581868176298093e-96,0.7073406438153526,2.0,104.02857142857142,52.0,0.014285714285714285
8.591780821917808,demographic_sir_R0_comparison,0.2928531215974393,1.0461754145846232e-96,0.7071468784025617,2.0,104.02857142857142,52.0,0.014285714285714285
8.610958904109589,demographic_sir_R0_comparison,0.2930468339310868,6.92160154903033e-97,0.7069531660689146,2.0,104.02857142857142,52.0,0.014285714285714285
8.63013698630137,demographic_sir_R0_comparison,0.2932404932001315,4.5811709556752684e-97,0.7067595067998701,2.0,104.02857142857142,52.0,0.014285714285714285
8.64931506849315,demographic_sir_R0_comparison,0.29343409941910953,3.0332916871589177e-97,0.706565900580892,2.0,104.02857142857142,52.0,0.014285714285714285
8.668493150684931,demographic_sir_R0_comparison,0.2936276526025533,2.0091833834465705e-97,0.7063723473974478,2.0,104.02857142857142,52.0,0.014285714285714285
8.687671232876712,demographic_sir_R0_comparison,0.29382115276499127,1.3313512833249252e-97,0.70617884723501,2.0,104.02857142857142,52.0,0.014285714285714285
8.706849315068494,demographic_sir_R0_comparison,0.2940145999209476,8.825379294652968e-98,0.7059854000790537,2.0,104.02857142857142,52.0,0.014285714285714285
8.726027397260275,demographic_sir_R0_comparison,0.2942079940849426,5.852503558556866e-98,0.7057920059150586,2.0,104.02857142857142,52.0,0.014285714285714285
8.745205479452055,demographic_sir_R0_comparison,0.2944013352714927,3.88255428195269e-98,0.7055986647285085,2.0,104.02857142857142,52.0,0.014285714285714285
8.764383561643836,demographic_sir_R0_comparison,0.2945946234951101,2.5766823533715775e-98,0.7054053765048911,2.0,104.02857142857142,52.0,0.014285714285714285
8.783561643835617,demographic_sir_R0_comparison,0.29478785877030345,1.7106914355746807e-98,0.7052121412296979,2.0,104.02857142857142,52.0,0.014285714285714285
8.802739726027397,demographic_sir_R0_comparison,0.2949810411115771,1.1361871790872994e-98,0.7050189588884244,2.0,104.02857142857142,52.0,0.014285714285714285
8.821917808219178,demographic_sir_R0_comparison,0.29517417053343137,7.549104668039817e-99,0.70482582946657,2.0,104.02857142857142,52.0,0.014285714285714285
8.841095890410958,demographic_sir_R0_comparison,0.2953672470503629,5.017741951353769e-99,0.7046327529496388,2.0,104.02857142857142,52.0,0.014285714285714285
8.860273972602739,demographic_sir_R0_comparison,0.2955602706768641,3.336479545876228e-99,0.7044397293231377,2.0,104.02857142857142,52.0,0.014285714285714285
8.879452054794521,demographic_sir_R0_comparison,0.29575324142742354,2.2194012813691027e-99,0.7042467585725782,2.0,104.02857142857142,52.0,0.014285714285714285
8.898630136986302,demographic_sir_R0_comparison,0.2959461593165258,1.476897564012842e-99,0.7040538406834758,2.0,104.02857142857142,52.0,0.014285714285714285
8.917808219178083,demographic_sir_R0_comparison,0.2961390243586515,9.831777603477972e-100,0.70386097564135,2.0,104.02857142857142,52.0,0.014285714285714285
8.936986301369863,demographic_sir_R0_comparison,0.29633183656827733,6.54757983738127e-100,0.703668163431724,2.0,104.02857142857142,52.0,0.014285714285714285
8.956164383561644,demographic_sir_R0_comparison,0.29652459595987596,4.3621098475484083e-100,0.7034754040401254,2.0,104.02857142857142,52.0,0.014285714285714285
8.975342465753425,demographic_sir_R0_comparison,0.2967173025479162,2.9072299633682347e-100,0.7032826974520854,2.0,104.02857142857142,52.0,0.014285714285714285
8.994520547945205,demographic_sir_R0_comparison,0.2969099563468625,1.9383362660181712e-100,0.7030900436531391,2.0,104.02857142857142,52.0,0.014285714285714285
9.013698630136986,demographic_sir_R0_comparison,0.2971025573711758,1.2928429106267534e-100,0.7028974426288259,2.0,104.02857142857142,52.0,0.014285714285714285
9.032876712328767,demographic_sir_R0_comparison,0.29729510563531303,8.626393221266488e-101,0.702704894364689,2.0,104.02857142857142,52.0,0.014285714285714285
9.052054794520547,demographic_sir_R0_comparison,0.2974876011537269,5.758104649528477e-101,0.7025123988462751,2.0,104.02857142857142,52.0,0.014285714285714285
9.07123287671233,demographic_sir_R0_comparison,0.29768004394086633,3.8450024481547525e-101,0.7023199560591357,2.0,104.02857142857142,52.0,0.014285714285714285
9.09041095890411,demographic_sir_R0_comparison,0.2978724340111763,2.568504946156263e-101,0.7021275659888258,2.0,104.02857142857142,52.0,0.014285714285714285
9.10958904109589,demographic_sir_R0_comparison,0.29806477137909787,1.7164488463855954e-101,0.7019352286209041,2.0,104.02857142857142,52.0,0.014285714285714285
9.128767123287671,demographic_sir_R0_comparison,0.29825705605906794,1.1474874679791738e-101,0.701742943940934,2.0,104.02857142857142,52.0,0.014285714285714285
9.147945205479452,demographic_sir_R0_comparison,0.29844928806551957,7.674173594337484e-102,0.7015507119344822,2.0,104.02857142857142,52.0,0.014285714285714285
9.167123287671233,demographic_sir_R0_comparison,0.298641467412882,5.134306876738819e-102,0.7013585325871196,2.0,104.02857142857142,52.0,0.014285714285714285
9.186301369863013,demographic_sir_R0_comparison,0.2988335941155804,3.43635890827338e-102,0.7011664058844214,2.0,104.02857142857142,52.0,0.014285714285714285
9.205479452054794,demographic_sir_R0_comparison,0.29902566818803605,2.300814768063245e-102,0.7009743318119659,2.0,104.02857142857142,52.0,0.014285714285714285
9.224657534246575,demographic_sir_R0_comparison,0.29921768964466594,1.5411013279997015e-102,0.7007823103553358,2.0,104.02857142857142,52.0,0.014285714285714285
9.243835616438357,demographic_sir_R0_comparison,0.2994096584998837,1.0326355846107705e-102,0.7005903415001182,2.0,104.02857142857142,52.0,0.014285714285714285
9.263013698630138,demographic_sir_R0_comparison,0.2996015747680985,6.921963213379934e-103,0.7003984252319034,2.0,104.02857142857142,52.0,0.014285714285714285
9.282191780821918,demographic_sir_R0_comparison,0.299793438463716,4.64170728587119e-103,0.700206561536286,2.0,104.02857142857142,52.0,0.014285714285714285
9.301369863013699,demographic_sir_R0_comparison,0.2999852496011375,3.1138122962786013e-103,0.7000147503988645,2.0,104.02857142857142,52.0,0.014285714285714285
9.32054794520548,demographic_sir_R0_comparison,0.3001770081947605,2.0896486969875497e-103,0.6998229918052415,2.0,104.02857142857142,52.0,0.014285714285714285
9.33972602739726,demographic_sir_R0_comparison,0.30036871425897865,1.402879140028457e-103,0.6996312857410235,2.0,104.02857142857142,52.0,0.014285714285714285
9.35890410958904,demographic_sir_R0_comparison,0.30056036780818157,9.421787721614326e-104,0.6994396321918206,2.0,104.02857142857142,52.0,0.014285714285714285
9.378082191780821,demographic_sir_R0_comparison,0.3007519688567551,6.330126771321453e-104,0.6992480311432472,2.0,104.02857142857142,52.0,0.014285714285714285
9.397260273972602,demographic_sir_R0_comparison,0.3009435174190809,4.254587790947554e-104,0.6990564825809217,2.0,104.02857142857142,52.0,0.014285714285714285
9.416438356164385,demographic_sir_R0_comparison,0.3011350135095367,2.860674965768043e-104,0.6988649864904657,2.0,104.02857142857142,52.0,0.014285714285714285
9.435616438356165,demographic_sir_R0_comparison,0.30132645714249645,1.9241788639336158e-104,0.6986735428575059,2.0,104.02857142857142,52.0,0.014285714285714285
9.454794520547946,demographic_sir_R0_comparison,0.30151784833233003,1.29475685001904e-104,0.6984821516676722,2.0,104.02857142857142,52.0,0.014285714285714285
9.473972602739726,demographic_sir_R0_comparison,0.3017091870934037,8.715590213169477e-105,0.6982908129065988,2.0,104.02857142857142,52.0,0.014285714285714285
9.493150684931507,demographic_sir_R0_comparison,0.30190047344007936,5.8690951440804085e-105,0.6980995265599231,2.0,104.02857142857142,52.0,0.014285714285714285
9.512328767123288,demographic_sir_R0_comparison,0.30209170738671515,3.953768291712809e-105,0.6979082926132875,2.0,104.02857142857142,52.0,0.014285714285714285
9.531506849315068,demographic_sir_R0_comparison,0.3022828889476652,2.664507516981142e-105,0.6977171110523376,2.0,104.02857142857142,52.0,0.014285714285714285
9.550684931506849,demographic_sir_R0_comparison,0.30247401813728003,1.7963390520487343e-105,0.6975259818627229,2.0,104.02857142857142,52.0,0.014285714285714285
9.56986301369863,demographic_sir_R0_comparison,0.30266509496990585,1.2115051198741591e-105,0.6973349050300971,2.0,104.02857142857142,52.0,0.014285714285714285
9.58904109589041,demographic_sir_R0_comparison,0.30285611945988494,8.173870098370243e-106,0.6971438805401179,2.0,104.02857142857142,52.0,0.014285714285714285
9.608219178082193,demographic_sir_R0_comparison,0.30304709162155596,5.516907458872096e-106,0.6969529083784467,2.0,104.02857142857142,52.0,0.014285714285714285
9.627397260273973,demographic_sir_R0_comparison,0.30323801146925333,3.7250243102573223e-106,0.6967619885307493,2.0,104.02857142857142,52.0,0.014285714285714285
9.646575342465754,demographic_sir_R0_comparison,0.3034288790173078,2.5161001461467837e-106,0.6965711209826949,2.0,104.02857142857142,52.0,0.014285714285714285
9.665753424657535,demographic_sir_R0_comparison,0.30361969428004604,1.700168981714649e-106,0.6963803057199565,2.0,104.02857142857142,52.0,0.014285714285714285
9.684931506849315,demographic_sir_R0_comparison,0.3038104572717909,1.1492686572606198e-106,0.6961895427282115,2.0,104.02857142857142,52.0,0.014285714285714285
9.704109589041096,demographic_sir_R0_comparison,0.3040011680068611,7.771704880785091e-107,0.695998831993141,2.0,104.02857142857142,52.0,0.014285714285714285
9.723287671232876,demographic_sir_R0_comparison,0.3041918264995717,5.2574633804517946e-107,0.6958081735004302,2.0,104.02857142857142,52.0,0.014285714285714285
9.742465753424657,demographic_sir_R0_comparison,0.30438243276423366,3.557962653459313e-107,0.6956175672357683,2.0,104.02857142857142,52.0,0.014285714285714285
9.761643835616438,demographic_sir_R0_comparison,0.30457298681515416,2.4087495223967642e-107,0.6954270131848477,2.0,104.02857142857142,52.0,0.014285714285714285
9.78082191780822,demographic_sir_R0_comparison,0.3047634886666361,1.631349372997214e-107,0.6952365113333654,2.0,104.02857142857142,52.0,0.014285714285714285
9.8,demographic_sir_R0_comparison,0.3049539383329791,1.1052673891155284e-107,0.6950460616670222,2.0,104.02857142857142,52.0,0.014285714285714285
9.819178082191781,demographic_sir_R0_comparison,0.3051443358284784,7.491222981556098e-108,0.6948556641715231,2.0,104.02857142857142,52.0,0.014285714285714285
9.838356164383562,demographic_sir_R0_comparison,0.30533468116742524,5.079290347443501e-108,0.694665318832576,2.0,104.02857142857142,52.0,0.014285714285714285
9.857534246575343,demographic_sir_R0_comparison,0.30552497436410736,3.445230279331161e-108,0.6944750256358938,2.0,104.02857142857142,52.0,0.014285714285714285
9.876712328767123,demographic_sir_R0_comparison,0.30571521543280833,2.337751413519281e-108,0.6942847845671931,2.0,104.02857142857142,52.0,0.014285714285714285
9.895890410958904,demographic_sir_R0_comparison,0.30590540438780767,1.5868768054105898e-108,0.6940945956121939,2.0,104.02857142857142,52.0,0.014285714285714285
9.915068493150685,demographic_sir_R0_comparison,0.30609554124338123,1.0775882879455064e-108,0.6939044587566205,2.0,104.02857142857142,52.0,0.014285714285714285
9.934246575342465,demographic_sir_R0_comparison,0.30628562601380094,7.320272255821727e-109,0.693714373986201,2.0,104.02857142857142,52.0,0.014285714285714285
9.953424657534246,demographic_sir_R0_comparison,0.30647565871333454,4.974692955309939e-109,0.6935243412866673,2.0,104.02857142857142,52.0,0.014285714285714285
9.972602739726028,demographic_sir_R0_comparison,0.3066656393562463,3.3819716166700617e-109,0.6933343606437555,2.0,104.02857142857142,52.0,0.014285714285714285
9.991780821917809,demographic_sir_R0_comparison,0.3068555679567962,2.300055003543808e-109,0.6931444320432056,2.0,104.02857142857142,52.0,0.014285714285714285
10.01095890410959,demographic_sir_R0_comparison,0.30704544452924054,1.5648439164960224e-109,0.6929545554707615,2.0,104.02857142857142,52.0,0.014285714285714285
10.03013698630137,demographic_sir_R0_comparison,0.30723526908783166,1.065045901184761e-109,0.6927647309121702,2.0,104.02857142857142,52.0,0.014285714285714285
10.04931506849315,demographic_sir_R0_comparison,0.307425041646818,7.25153713366475e-110,0.6925749583531837,2.0,104.02857142857142,52.0,0.014285714285714285
10.068493150684931,demographic_sir_R0_comparison,0.307614762220444,4.93919566016823e-110,0.692385237779558,2.0,104.02857142857142,52.0,0.014285714285714285
10.087671232876712,demographic_sir_R0_comparison,0.3078044308229502,3.365477924461171e-110,0.6921955691770517,2.0,104.02857142857142,52.0,0.014285714285714285
10.106849315068493,demographic_sir_R0_comparison,0.3079940474685735,2.2940431215436228e-110,0.6920059525314283,2.0,104.02857142857142,52.0,0.014285714285714285
10.126027397260273,demographic_sir_R0_comparison,0.3081836121715466,1.564302280485268e-110,0.6918163878284549,2.0,104.02857142857142,52.0,0.014285714285714285
10.145205479452056,demographic_sir_R0_comparison,0.3083731249460985,1.0670972606304921e-110,0.691626875053903,2.0,104.02857142857142,52.0,0.014285714285714285
10.164383561643836,demographic_sir_R0_comparison,0.3085625858064542,7.28201403996656e-111,0.6914374141935473,2.0,104.02857142857142,52.0,0.014285714285714285
10.183561643835617,demographic_sir_R0_comparison,0.30875199476683474,4.971221957914309e-111,0.6912480052331669,2.0,104.02857142857142,52.0,0.014285714285714285
10.202739726027398,demographic_sir_R0_comparison,0.30894135184145727,3.394993028797341e-111,0.6910586481585441,2.0,104.02857142857142,52.0,0.014285714285714285
10.221917808219178,demographic_sir_R0_comparison,0.30913065704453535,2.3194160865715073e-111,0.6908693429554661,2.0,104.02857142857142,52.0,0.014285714285714285
10.241095890410959,demographic_sir_R0_comparison,0.30931991039027834,1.5851940864074725e-111,0.6906800896097233,2.0,104.02857142857142,52.0,0.014285714285714285
10.26027397260274,demographic_sir_R0_comparison,0.3095091118928917,1.0838025729260821e-111,0.6904908881071097,2.0,104.02857142857142,52.0,0.014285714285714285
10.27945205479452,demographic_sir_R0_comparison,0.30969826156657726,7.412792142434434e-112,0.690301738433424,2.0,104.02857142857142,52.0,0.014285714285714285
10.2986301369863,demographic_sir_R0_comparison,0.3098873594255325,5.071977672873561e-112,0.6901126405744689,2.0,104.02857142857142,52.0,0.014285714285714285
10.317808219178083,demographic_sir_R0_comparison,0.3100764054839515,3.4716558349110695e-112,0.68992359451605,2.0,104.02857142857142,52.0,0.014285714285714285
10.336986301369864,demographic_sir_R0_comparison,0.3102653997560241,2.3771674339045783e-112,0.6897346002439774,2.0,104.02857142857142,52.0,0.014285714285714285
10.356164383561644,demographic_sir_R0_comparison,0.3104543422559365,1.628345695968456e-112,0.6895456577440648,2.0,104.02857142857142,52.0,0.014285714285714285
10.375342465753425,demographic_sir_R0_comparison,0.3106432329978709,1.115827692369326e-112,0.6893567670021304,2.0,104.02857142857142,52.0,0.014285714285714285
10.394520547945206,demographic_sir_R0_comparison,0.31083207199600554,7.649116962026214e-113,0.6891679280039958,2.0,104.02857142857142,52.0,0.014285714285714285
10.413698630136986,demographic_sir_R0_comparison,0.311020859264515,5.24552624943851e-113,0.6889791407354863,2.0,104.02857142857142,52.0,0.014285714285714285
10.432876712328767,demographic_sir_R0_comparison,0.3112095948175697,3.5985735156224746e-113,0.6887904051824316,2.0,104.02857142857142,52.0,0.014285714285714285
10.452054794520548,demographic_sir_R0_comparison,0.3113982786693364,2.4696488164654567e-113,0.6886017213306648,2.0,104.02857142857142,52.0,0.014285714285714285
10.471232876712328,demographic_sir_R0_comparison,0.31158691083397805,1.6955222174753432e-113,0.6884130891660233,2.0,104.02857142857142,52.0,0.014285714285714285
10.490410958904109,demographic_sir_R0_comparison,0.3117754913256533,1.1644884526445172e-113,0.6882245086743479,2.0,104.02857142857142,52.0,0.014285714285714285
10.509589041095891,demographic_sir_R0_comparison,0.3119640201585174,8.000741896560974e-114,0.6880359798414839,2.0,104.02857142857142,52.0,0.014285714285714285
10.528767123287672,demographic_sir_R0_comparison,0.3121524973467213,5.49906258251201e-114,0.68784750265328,2.0,104.02857142857142,52.0,0.014285714285714285
10.547945205479452,demographic_sir_R0_comparison,0.31234092290441245,3.781031950963084e-114,0.687659077095589,2.0,104.02857142857142,52.0,0.014285714285714285
10.567123287671233,demographic_sir_R0_comparison,0.31252929684573416,2.6007300206023023e-114,0.6874707031542672,2.0,104.02857142857142,52.0,0.014285714285714285
10.586301369863014,demographic_sir_R0_comparison,0.3127176191848258,1.7895481497861966e-114,0.6872823808151753,2.0,104.02857142857142,52.0,0.014285714285714285
10.605479452054794,demographic_sir_R0_comparison,0.3129058899358234,1.2318409984980158e-114,0.6870941100641778,2.0,104.02857142857142,52.0,0.014285714285714285
10.624657534246575,demographic_sir_R0_comparison,0.3130941091128586,8.482600717118211e-115,0.6869058908871426,2.0,104.02857142857142,52.0,0.014285714285714285
10.643835616438356,demographic_sir_R0_comparison,0.3132822767300593,5.843411287273577e-115,0.6867177232699421,2.0,104.02857142857142,52.0,0.014285714285714285
10.663013698630136,demographic_sir_R0_comparison,0.3134703928015496,4.026863424759077e-115,0.686529607198452,2.0,104.02857142857142,52.0,0.014285714285714285
10.682191780821919,demographic_sir_R0_comparison,0.3136584573414495,2.776069379679774e-115,0.6863415426585521,2.0,104.02857142857142,52.0,0.014285714285714285
10.7013698630137,demographic_sir_R0_comparison,0.3138464703638755,1.9145056705992744e-115,0.6861535296361262,2.0,104.02857142857142,52.0,0.014285714285714285
10.72054794520548,demographic_sir_R0_comparison,0.3140344318829399,1.3208268211501709e-115,0.6859655681170619,2.0,104.02857142857142,52.0,0.014285714285714285
10.73972602739726,demographic_sir_R0_comparison,0.3142223419127514,9.11586611262603e-116,0.6857776580872506,2.0,104.02857142857142,52.0,0.014285714285714285
10.758904109589041,demographic_sir_R0_comparison,0.31441020046741464,6.293797831301514e-116,0.6855897995325873,2.0,104.02857142857142,52.0,0.014285714285714285
10.778082191780822,demographic_sir_R0_comparison,0.3145980075610305,4.3470074666860385e-116,0.6854019924389714,2.0,104.02857142857142,52.0,0.014285714285714285
10.797260273972602,demographic_sir_R0_comparison,0.3147857632076959,3.003521095006617e-116,0.6852142367923058,2.0,104.02857142857142,52.0,0.014285714285714285
10.816438356164383,demographic_sir_R0_comparison,0.31497346742150417,2.0760300951647546e-116,0.6850265325784975,2.0,104.02857142857142,52.0,0.014285714285714285
10.835616438356164,demographic_sir_R0_comparison,0.3151611202165443,1.4354868450461698e-116,0.6848388797834573,2.0,104.02857142857142,52.0,0.014285714285714285
10.854794520547946,demographic_sir_R0_comparison,0.31534872160690186,9.92949949048323e-117,0.6846512783930995,2.0,104.02857142857142,52.0,0.014285714285714285
10.873972602739727,demographic_sir_R0_comparison,0.31553627160665837,6.870969539610738e-117,0.6844637283933428,2.0,104.02857142857142,52.0,0.014285714285714285
10.893150684931507,demographic_sir_R0_comparison,0.31572377022989145,4.756321125087841e-117,0.6842762297701096,2.0,104.02857142857142,52.0,0.014285714285714285
10.912328767123288,demographic_sir_R0_comparison,0.315911217490675,3.293720548306863e-117,0.684088782509326,2.0,104.02857142857142,52.0,0.014285714285714285
10.931506849315069,demographic_sir_R0_comparison,0.3160986134030791,2.2817324604588513e-117,0.6839013865969219,2.0,104.02857142857142,52.0,0.014285714285714285
10.95068493150685,demographic_sir_R0_comparison,0.31628595798116965,1.5812663856306367e-117,0.6837140420188312,2.0,104.02857142857142,52.0,0.014285714285714285
10.96986301369863,demographic_sir_R0_comparison,0.31647325123900905,1.0962450840330215e-117,0.6835267487609917,2.0,104.02857142857142,52.0,0.014285714285714285
10.98904109589041,demographic_sir_R0_comparison,0.31666049319065565,7.602781973668956e-118,0.683339506809345,2.0,104.02857142857142,52.0,0.014285714285714285
11.008219178082191,demographic_sir_R0_comparison,0.31684768385016415,5.274722624583665e-118,0.6831523161498367,2.0,104.02857142857142,52.0,0.014285714285714285
11.027397260273972,demographic_sir_R0_comparison,0.31703482323158516,3.660908598171147e-118,0.6829651767684158,2.0,104.02857142857142,52.0,0.014285714285714285
11.046575342465754,demographic_sir_R0_comparison,0.31722191134896566,2.5417935266773796e-118,0.6827780886510355,2.0,104.02857142857142,52.0,0.014285714285714285
11.065753424657535,demographic_sir_R0_comparison,0.31740894821634846,1.765443130715756e-118,0.6825910517836528,2.0,104.02857142857142,52.0,0.014285714285714285
11.084931506849315,demographic_sir_R0_comparison,0.31759593384777285,1.2266741995073008e-118,0.6824040661522285,2.0,104.02857142857142,52.0,0.014285714285714285
11.104109589041096,demographic_sir_R0_comparison,0.31778286825727403,8.526419975916951e-119,0.6822171317427272,2.0,104.02857142857142,52.0,0.014285714285714285
11.123287671232877,demographic_sir_R0_comparison,0.3179697514588837,5.928791211104536e-119,0.6820302485411176,2.0,104.02857142857142,52.0,0.014285714285714285
11.142465753424657,demographic_sir_R0_comparison,0.3181565834666294,4.1240839269763277e-119,0.6818434165333721,2.0,104.02857142857142,52.0,0.014285714285714285
11.161643835616438,demographic_sir_R0_comparison,0.31834336429453497,2.8697937870037634e-119,0.6816566357054666,2.0,104.02857142857142,52.0,0.014285714285714285
11.180821917808219,demographic_sir_R0_comparison,0.3185300939566201,1.9977249830371508e-119,0.6814699060433813,2.0,104.02857142857142,52.0,0.014285714285714285
11.2,demographic_sir_R0_comparison,0.31871677246690117,1.3911772911408438e-119,0.6812832275331002,2.0,104.02857142857142,52.0,0.014285714285714285
11.219178082191782,demographic_sir_R0_comparison,0.3189033998393905,9.691499636511579e-120,0.6810966001606109,2.0,104.02857142857142,52.0,0.014285714285714285
11.238356164383562,demographic_sir_R0_comparison,0.3190899760880965,6.754001743038411e-120,0.680910023911905,2.0,104.02857142857142,52.0,0.014285714285714285
11.257534246575343,demographic_sir_R0_comparison,0.31927650122702367,4.708612912749986e-120,0.6807234987729779,2.0,104.02857142857142,52.0,0.014285714285714285
11.276712328767124,demographic_sir_R0_comparison,0.3194629752701728,3.283873372785374e-120,0.680537024729829,2.0,104.02857142857142,52.0,0.014285714285714285
11.295890410958904,demographic_sir_R0_comparison,0.31964939823154076,2.2910858494437017e-120,0.6803506017684611,2.0,104.02857142857142,52.0,0.014285714285714285
11.315068493150685,demographic_sir_R0_comparison,0.3198357701251206,1.599034475217241e-120,0.680164229874881,2.0,104.02857142857142,52.0,0.014285714285714285
11.334246575342465,demographic_sir_R0_comparison,0.32002209096490175,1.116440932485588e-120,0.6799779090351,2.0,104.02857142857142,52.0,0.014285714285714285
11.353424657534246,demographic_sir_R0_comparison,0.3202083607648694,7.79785381759688e-121,0.679791639235132,2.0,104.02857142857142,52.0,0.014285714285714285
11.372602739726027,demographic_sir_R0_comparison,0.32039457953900535,5.448485493054252e-121,0.6796054204609958,2.0,104.02857142857142,52.0,0.014285714285714285
11.39178082191781,demographic_sir_R0_comparison,0.3205807473012874,3.8083585967752015e-121,0.6794192526987138,2.0,104.02857142857142,52.0,0.014285714285714285
11.41095890410959,demographic_sir_R0_comparison,0.32076686406568927,2.6629386038681277e-121,0.6792331359343117,2.0,104.02857142857142,52.0,0.014285714285714285
11.43013698630137,demographic_sir_R0_comparison,0.32095292984618135,1.8627119913246794e-121,0.6790470701538196,2.0,104.02857142857142,52.0,0.014285714285714285
11.449315068493151,demographic_sir_R0_comparison,0.3211389446567297,1.303441250879027e-121,0.6788610553432715,2.0,104.02857142857142,52.0,0.014285714285714285
11.468493150684932,demographic_sir_R0_comparison,0.32132490851129697,9.124274915325248e-122,0.6786750914887042,2.0,104.02857142857142,52.0,0.014285714285714285
11.487671232876712,demographic_sir_R0_comparison,0.32151082142384163,6.389492560121597e-122,0.6784891785761596,2.0,104.02857142857142,52.0,0.014285714285714285
11.506849315068493,demographic_sir_R0_comparison,0.32169668340831853,4.476055234651998e-122,0.6783033165916826,2.0,104.02857142857142,52.0,0.014285714285714285
11.526027397260274,demographic_sir_R0_comparison,0.32188249447867856,3.1367905646173747e-122,0.6781175055213224,2.0,104.02857142857142,52.0,0.014285714285714285
11.545205479452054,demographic_sir_R0_comparison,0.32206825464886907,2.199057484711859e-122,0.677931745351132,2.0,104.02857142857142,52.0,0.014285714285714285
11.564383561643835,demographic_sir_R0_comparison,0.3222539639328333,1.5422279543325817e-122,0.6777460360671679,2.0,104.02857142857142,52.0,0.014285714285714285
11.583561643835617,demographic_sir_R0_comparison,0.3224396223445108,1.0819855100364018e-122,0.6775603776554906,2.0,104.02857142857142,52.0,0.014285714285714285
11.602739726027398,demographic_sir_R0_comparison,0.3226252298978371,7.59373014571126e-123,0.6773747701021642,2.0,104.02857142857142,52.0,0.014285714285714285
11.621917808219179,demographic_sir_R0_comparison,0.32281078660674434,5.3315031724787814e-123,0.677189213393257,2.0,104.02857142857142,52.0,0.014285714285714285
11.64109589041096,demographic_sir_R0_comparison,0.32299629248516043,3.74459572555439e-123,0.677003707514841,2.0,104.02857142857142,52.0,0.014285714285714285
11.66027397260274,demographic_sir_R0_comparison,0.3231817475470097,2.631000384214538e-123,0.6768182524529915,2.0,104.02857142857142,52.0,0.014285714285714285
11.67945205479452,demographic_sir_R0_comparison,0.32336715180621256,1.8492581901117743e-123,0.6766328481937887,2.0,104.02857142857142,52.0,0.014285714285714285
11.698630136986301,demographic_sir_R0_comparison,0.3235525052766858,1.3002737980160721e-123,0.6764474947233159,2.0,104.02857142857142,52.0,0.014285714285714285
11.717808219178082,demographic_sir_R0_comparison,0.32373780797234186,9.146030565160368e-124,0.6762621920276599,2.0,104.02857142857142,52.0,0.014285714285714285
11.736986301369862,demographic_sir_R0_comparison,0.32392305990708997,6.435629277403095e-124,0.6760769400929119,2.0,104.02857142857142,52.0,0.014285714285714285
11.756164383561645,demographic_sir_R0_comparison,0.3241082610948352,4.53012179147269e-124,0.6758917389051663,2.0,104.02857142857142,52.0,0.014285714285714285
11.775342465753425,demographic_sir_R0_comparison,0.32429341154947927,3.1899889782652696e-124,0.6757065884505223,2.0,104.02857142857142,52.0,0.014285714285714285
11.794520547945206,demographic_sir_R0_comparison,0.32447851128491945,2.2471335718682856e-124,0.6755214887150822,2.0,104.02857142857142,52.0,0.014285714285714285
11.813698630136987,demographic_sir_R0_comparison,0.32466356031504956,1.5835396819060828e-124,0.675336439684952,2.0,104.02857142857142,52.0,0.014285714285714285
11.832876712328767,demographic_sir_R0_comparison,0.32484855865375967,1.1163215967158336e-124,0.6751514413462419,2.0,104.02857142857142,52.0,0.014285714285714285
11.852054794520548,demographic_sir_R0_comparison,0.32503350631493577,7.872451108689904e-125,0.6749664936850656,2.0,104.02857142857142,52.0,0.014285714285714285
11.871232876712329,demographic_sir_R0_comparison,0.3252184033124604,5.553807759631931e-125,0.6747815966875409,2.0,104.02857142857142,52.0,0.014285714285714285
11.89041095890411,demographic_sir_R0_comparison,0.325403249660212,3.9195110689495283e-125,0.6745967503397893,2.0,104.02857142857142,52.0,0.014285714285714285
11.90958904109589,demographic_sir_R0_comparison,0.32558804537206537,2.767152443490818e-125,0.6744119546279358,2.0,104.02857142857142,52.0,0.014285714285714285
11.928767123287672,demographic_sir_R0_comparison,0.32577279046189145,1.9543141164312352e-125,0.6742272095381098,2.0,104.02857142857142,52.0,0.014285714285714285
11.947945205479453,demographic_sir_R0_comparison,0.32595748494355736,1.3807520693329404e-125,0.6740425150564439,2.0,104.02857142857142,52.0,0.014285714285714285
11.967123287671233,demographic_sir_R0_comparison,0.32614212883092636,9.758814046011297e-126,0.6738578711690747,2.0,104.02857142857142,52.0,0.014285714285714285
11.986301369863014,demographic_sir_R0_comparison,0.3263267221378582,6.899829271038756e-126,0.6736732778621431,2.0,104.02857142857142,52.0,0.014285714285714285
12.005479452054795,demographic_sir_R0_comparison,0.32651126487820864,4.8802218525346037e-126,0.673488735121793,2.0,104.02857142857142,52.0,0.014285714285714285
12.024657534246575,demographic_sir_R0_comparison,0.32669575706582943,3.4530324563731496e-126,0.6733042429341722,2.0,104.02857142857142,52.0,0.014285714285714285
12.043835616438356,demographic_sir_R0_comparison,0.3268801987145687,2.4441147193392245e-126,0.673119801285433,2.0,104.02857142857142,52.0,0.014285714285714285
12.063013698630137,demographic_sir_R0_comparison,0.327064589838271,1.7306223163180134e-126,0.6729354101617306,2.0,104.02857142857142,52.0,0.014285714285714285
12.082191780821917,demographic_sir_R0_comparison,0.327248930450777,1.2258653118219064e-126,0.6727510695492249,2.0,104.02857142857142,52.0,0.014285714285714285
12.101369863013698,demographic_sir_R0_comparison,0.32743322056592333,8.68646175710083e-127,0.6725667794340786,2.0,104.02857142857142,52.0,0.014285714285714285
12.12054794520548,demographic_sir_R0_comparison,0.32761746019754306,6.157475942394549e-127,0.6723825398024588,2.0,104.02857142857142,52.0,0.014285714285714285
12.139726027397261,demographic_sir_R0_comparison,0.32780164935946526,4.3663862175313734e-127,0.6721983506405366,2.0,104.02857142857142,52.0,0.014285714285714285
12.158904109589042,demographic_sir_R0_comparison,0.32798578806551554,3.097427426848358e-127,0.6720142119344865,2.0,104.02857142857142,52.0,0.014285714285714285
12.178082191780822,demographic_sir_R0_comparison,0.32816987632951544,2.1980605730013025e-127,0.6718301236704866,2.0,104.02857142857142,52.0,0.014285714285714285
12.197260273972603,demographic_sir_R0_comparison,0.32835391416528276,1.5604061522786382e-127,0.671646085834719,2.0,104.02857142857142,52.0,0.014285714285714285
12.216438356164383,demographic_sir_R0_comparison,0.3285379015866316,1.1081411664496608e-127,0.6714620984133701,2.0,104.02857142857142,52.0,0.014285714285714285
12.235616438356164,demographic_sir_R0_comparison,0.3287218386073723,7.8724863674353e-128,0.6712781613926294,2.0,104.02857142857142,52.0,0.014285714285714285
12.254794520547945,demographic_sir_R0_comparison,0.32890572524131123,5.594845467220484e-128,0.6710942747586902,2.0,104.02857142857142,52.0,0.014285714285714285
12.273972602739725,demographic_sir_R0_comparison,0.3290895615022511,3.977622651230694e-128,0.6709104384977502,2.0,104.02857142857142,52.0,0.014285714285714285
12.293150684931508,demographic_sir_R0_comparison,0.32927334740399106,2.8289047656353294e-128,0.6707266525960103,2.0,104.02857142857142,52.0,0.014285714285714285
12.312328767123288,demographic_sir_R0_comparison,0.32945708296032616,2.0126687032400168e-128,0.6705429170396754,2.0,104.02857142857142,52.0,0.014285714285714285
12.331506849315069,demographic_sir_R0_comparison,0.32964076818504756,1.432469668633752e-128,0.6703592318149536,2.0,104.02857142857142,52.0,0.014285714285714285
12.35068493150685,demographic_sir_R0_comparison,0.3298244030919431,1.019900273274579e-128,0.6701755969080577,2.0,104.02857142857142,52.0,0.014285714285714285
12.36986301369863,demographic_sir_R0_comparison,0.33000798769479667,7.264221355641763e-129,0.6699920123052044,2.0,104.02857142857142,52.0,0.014285714285714285
12.389041095890411,demographic_sir_R0_comparison,0.33019152200738805,5.175823707819041e-129,0.6698084779926131,2.0,104.02857142857142,52.0,0.014285714285714285
12.408219178082192,demographic_sir_R0_comparison,0.3303750060434936,3.689171819556682e-129,0.6696249939565075,2.0,104.02857142857142,52.0,0.014285714285714285
12.427397260273972,demographic_sir_R0_comparison,0.33055843981688593,2.6304935848534766e-129,0.6694415601831153,2.0,104.02857142857142,52.0,0.014285714285714285
12.446575342465753,demographic_sir_R0_comparison,0.3307418233413337,1.8763097069519605e-129,0.6692581766586676,2.0,104.02857142857142,52.0,0.014285714285714285
12.465753424657535,demographic_sir_R0_comparison,0.33092515663060174,1.3388461501572018e-129,0.6690748433693994,2.0,104.02857142857142,52.0,0.014285714285714285
12.484931506849316,demographic_sir_R0_comparison,0.3311084396984513,9.556869368316705e-130,0.6688915603015498,2.0,104.02857142857142,52.0,0.014285714285714285
12.504109589041096,demographic_sir_R0_comparison,0.3312916725586397,6.824320400812356e-130,0.6687083274413613,2.0,104.02857142857142,52.0,0.014285714285714285
12.523287671232877,demographic_sir_R0_comparison,0.3314748552249208,4.8748573028467605e-130,0.6685251447750803,2.0,104.02857142857142,52.0,0.014285714285714285
12.542465753424658,demographic_sir_R0_comparison,0.3316579877110445,3.483558456736308e-130,0.6683420122889567,2.0,104.02857142857142,52.0,0.014285714285714285
12.561643835616438,demographic_sir_R0_comparison,0.3318410700307565,2.490250011739883e-130,0.6681589299692449,2.0,104.02857142857142,52.0,0.014285714285714285
12.580821917808219,demographic_sir_R0_comparison,0.33202410219779954,1.7808256745567297e-130,0.6679758978022019,2.0,104.02857142857142,52.0,0.014285714285714285
12.6,demographic_sir_R0_comparison,0.33220708422591205,1.273967743374334e-130,0.6677929157740896,2.0,104.02857142857142,52.0,0.014285714285714285
12.61917808219178,demographic_sir_R0_comparison,0.33239001612882874,9.117042471749982e-131,0.6676099838711728,2.0,104.02857142857142,52.0,0.014285714285714285
12.638356164383561,demographic_sir_R0_comparison,0.3325728979202807,6.526915695237e-131,0.6674271020797209,2.0,104.02857142857142,52.0,0.014285714285714285
12.657534246575343,demographic_sir_R0_comparison,0.3327557296139955,4.674341780070072e-131,0.6672442703860062,2.0,104.02857142857142,52.0,0.014285714285714285
12.676712328767124,demographic_sir_R0_comparison,0.33293851122369644,3.3488162419133877e-131,0.6670614887763054,2.0,104.02857142857142,52.0,0.014285714285714285
12.695890410958905,demographic_sir_R0_comparison,0.3331212427631032,2.4000512715955457e-131,0.6668787572368985,2.0,104.02857142857142,52.0,0.014285714285714285
12.715068493150685,demographic_sir_R0_comparison,0.3333039242459318,1.7207113653180027e-131,0.6666960757540698,2.0,104.02857142857142,52.0,0.014285714285714285
12.734246575342466,demographic_sir_R0_comparison,0.3334865556858946,1.234109788915844e-131,0.666513444314107,2.0,104.02857142857142,52.0,0.014285714285714285
12.753424657534246,demographic_sir_R0_comparison,0.3336691370967001,8.854372443728473e-132,0.6663308629033013,2.0,104.02857142857142,52.0,0.014285714285714285
12.772602739726027,demographic_sir_R0_comparison,0.33385166849205306,6.355064314905516e-132,0.6661483315079485,2.0,104.02857142857142,52.0,0.014285714285714285
12.791780821917808,demographic_sir_R0_comparison,0.3340341498856545,4.562892598561251e-132,0.6659658501143472,2.0,104.02857142857142,52.0,0.014285714285714285
12.810958904109588,demographic_sir_R0_comparison,0.33421658129120146,3.2773183653636536e-132,0.6657834187088004,2.0,104.02857142857142,52.0,0.014285714285714285
12.83013698630137,demographic_sir_R0_comparison,0.33439896272238756,2.3548056134876888e-132,0.6656010372776142,2.0,104.02857142857142,52.0,0.014285714285714285
12.849315068493151,demographic_sir_R0_comparison,0.3345812941929026,1.6925811325546687e-132,0.6654187058070993,2.0,104.02857142857142,52.0,0.014285714285714285
12.868493150684932,demographic_sir_R0_comparison,0.3347635757164323,1.217031691411511e-132,0.6652364242835693,2.0,104.02857142857142,52.0,0.014285714285714285
12.887671232876713,demographic_sir_R0_comparison,0.3349458073066592,8.754113941888672e-133,0.6650541926933425,2.0,104.02857142857142,52.0,0.014285714285714285
12.906849315068493,demographic_sir_R0_comparison,0.33512798897726154,6.2991271536988816e-133,0.6648720110227402,2.0,104.02857142857142,52.0,0.014285714285714285
12.926027397260274,demographic_sir_R0_comparison,0.3353101207419143,4.534259632914934e-133,0.6646898792580878,2.0,104.02857142857142,52.0,0.014285714285714285
12.945205479452055,demographic_sir_R0_comparison,0.3354922026142883,3.265052580166621e-133,0.664507797385714,2.0,104.02857142857142,52.0,0.014285714285714285
12.964383561643835,demographic_sir_R0_comparison,0.33567423460805074,2.3519696725327794e-133,0.6643257653919515,2.0,104.02857142857142,52.0,0.014285714285714285
12.983561643835616,demographic_sir_R0_comparison,0.3358562167368652,1.6948487791402003e-133,0.6641437832631372,2.0,104.02857142857142,52.0,0.014285714285714285
13.002739726027398,demographic_sir_R0_comparison,0.33603814901439144,1.221765475147642e-133,0.6639618509856111,2.0,104.02857142857142,52.0,0.014285714285714285
13.021917808219179,demographic_sir_R0_comparison,0.33622003145428536,8.810536515430523e-134,0.6637799685457173,2.0,104.02857142857142,52.0,0.014285714285714285
13.04109589041096,demographic_sir_R0_comparison,0.3364018640701994,6.35586160716935e-134,0.6635981359298033,2.0,104.02857142857142,52.0,0.014285714285714285
13.06027397260274,demographic_sir_R0_comparison,0.33658364687578196,4.586739082295876e-134,0.6634163531242206,2.0,104.02857142857142,52.0,0.014285714285714285
13.07945205479452,demographic_sir_R0_comparison,0.3367653798846779,3.3112435331557577e-134,0.6632346201153244,2.0,104.02857142857142,52.0,0.014285714285714285
13.098630136986301,demographic_sir_R0_comparison,0.3369470631105283,2.3913087383770105e-134,0.663052936889474,2.0,104.02857142857142,52.0,0.014285714285714285
13.117808219178082,demographic_sir_R0_comparison,0.33712869656697064,1.7275776464030397e-134,0.6628713034330317,2.0,104.02857142857142,52.0,0.014285714285714285
13.136986301369863,demographic_sir_R0_comparison,0.3373102802676382,1.2485238856451467e-134,0.662689719732364,2.0,104.02857142857142,52.0,0.014285714285714285
13.156164383561643,demographic_sir_R0_comparison,0.3374918142261611,9.026376527660442e-135,0.6625081857738411,2.0,104.02857142857142,52.0,0.014285714285714285
13.175342465753424,demographic_sir_R0_comparison,0.3376732984561654,6.528107603489111e-135,0.662326701543837,2.0,104.02857142857142,52.0,0.014285714285714285
13.194520547945206,demographic_sir_R0_comparison,0.3378547329712733,4.723004809596648e-135,0.6621452670287292,2.0,104.02857142857142,52.0,0.014285714285714285
13.213698630136987,demographic_sir_R0_comparison,0.3380361177851036,3.418272280519336e-135,0.661963882214899,2.0,104.02857142857142,52.0,0.014285714285714285
13.232876712328768,demographic_sir_R0_comparison,0.33821745291127125,2.474868098072809e-135,0.6617825470887312,2.0,104.02857142857142,52.0,0.014285714285714285
13.252054794520548,demographic_sir_R0_comparison,0.33839873836338735,1.792480986048349e-135,0.6616012616366151,2.0,104.02857142857142,52.0,0.014285714285714285
13.271232876712329,demographic_sir_R0_comparison,0.33857997415505947,1.2987157587612634e-135,0.6614200258449433,2.0,104.02857142857142,52.0,0.014285714285714285
13.29041095890411,demographic_sir_R0_comparison,0.3387611602998911,9.413056660989608e-136,0.6612388397001115,2.0,104.02857142857142,52.0,0.014285714285714285
13.30958904109589,demographic_sir_R0_comparison,0.3389422968114826,6.8250243027898725e-136,0.6610577031885201,2.0,104.02857142857142,52.0,0.014285714285714285
13.32876712328767,demographic_sir_R0_comparison,0.33912338370343004,4.950335747619807e-136,0.6608766162965726,2.0,104.02857142857142,52.0,0.014285714285714285
13.347945205479451,demographic_sir_R0_comparison,0.3393044209893261,3.591881405160304e-136,0.6606955790106764,2.0,104.02857142857142,52.0,0.014285714285714285
13.367123287671234,demographic_sir_R0_comparison,0.33948540868275956,2.6071508513882065e-136,0.6605145913172432,2.0,104.02857142857142,52.0,0.014285714285714285
13.386301369863014,demographic_sir_R0_comparison,0.33966634679731544,1.8930719772967344e-136,0.6603336532026872,2.0,104.02857142857142,52.0,0.014285714285714285
13.405479452054795,demographic_sir_R0_comparison,0.33984723534657524,1.3750701197228752e-136,0.6601527646534276,2.0,104.02857142857142,52.0,0.014285714285714285
13.424657534246576,demographic_sir_R0_comparison,0.34002807434411664,9.991697380521558e-137,0.6599719256558862,2.0,104.02857142857142,52.0,0.014285714285714285
13.443835616438356,demographic_sir_R0_comparison,0.34020886380351345,7.262905026300633e-137,0.6597911361964895,2.0,104.02857142857142,52.0,0.014285714285714285
13.463013698630137,demographic_sir_R0_comparison,0.3403896037383361,5.281266477339439e-137,0.659610396261667,2.0,104.02857142857142,52.0,0.014285714285714285
13.482191780821918,demographic_sir_R0_comparison,0.34057029416215107,3.8416905348254773e-137,0.6594297058378521,2.0,104.02857142857142,52.0,0.014285714285714285
13.501369863013698,demographic_sir_R0_comparison,0.340750935088521,2.7955239104255247e-137,0.6592490649114822,2.0,104.02857142857142,52.0,0.014285714285714285
13.520547945205479,demographic_sir_R0_comparison,0.34093152653100506,2.034981845554325e-137,0.659068473468998,2.0,104.02857142857142,52.0,0.014285714285714285
13.53972602739726,demographic_sir_R0_comparison,0.34111206850315867,1.4818843743345376e-137,0.6588879314968442,2.0,104.02857142857142,52.0,0.014285714285714285
13.558904109589042,demographic_sir_R0_comparison,0.3412925610185336,1.0795046236824306e-137,0.6587074389814696,2.0,104.02857142857142,52.0,0.014285714285714285
13.578082191780823,demographic_sir_R0_comparison,0.3414730040906776,7.866672328218955e-138,0.6585269959093255,2.0,104.02857142857142,52.0,0.014285714285714285
13.597260273972603,demographic_sir_R0_comparison,0.341653397733135,5.734742707111582e-138,0.6583466022668681,2.0,104.02857142857142,52.0,0.014285714285714285
13.616438356164384,demographic_sir_R0_comparison,0.3418337419594462,4.1820873052366376e-138,0.6581662580405567,2.0,104.02857142857142,52.0,0.014285714285714285
13.635616438356164,demographic_sir_R0_comparison,0.3420140367831483,3.050903628219197e-138,0.6579859632168548,2.0,104.02857142857142,52.0,0.014285714285714285
13.654794520547945,demographic_sir_R0_comparison,0.34219428221777415,2.2264865627184818e-138,0.6578057177822291,2.0,104.02857142857142,52.0,0.014285714285714285
13.673972602739726,demographic_sir_R0_comparison,0.3423744782768533,1.6254283087146536e-138,0.6576255217231501,2.0,104.02857142857142,52.0,0.014285714285714285
13.693150684931506,demographic_sir_R0_comparison,0.3425546249739112,1.1870572614242463e-138,0.6574453750260921,2.0,104.02857142857142,52.0,0.014285714285714285
13.712328767123287,demographic_sir_R0_comparison,0.3427347223224702,8.672245926340343e-139,0.6572652776775334,2.0,104.02857142857142,52.0,0.014285714285714285
13.73150684931507,demographic_sir_R0_comparison,0.3429147703360483,6.337931258810501e-139,0.6570852296639554,2.0,104.02857142857142,52.0,0.014285714285714285
13.75068493150685,demographic_sir_R0_comparison,0.3430947690281601,4.633609651072776e-139,0.6569052309718436,2.0,104.02857142857142,52.0,0.014285714285714285
13.76986301369863,demographic_sir_R0_comparison,0.34327471841231655,3.388810647617769e-139,0.6567252815876871,2.0,104.02857142857142,52.0,0.014285714285714285
13.789041095890411,demographic_sir_R0_comparison,0.343454618502025,2.479311281163008e-139,0.6565453814979787,2.0,104.02857142857142,52.0,0.014285714285714285
13.808219178082192,demographic_sir_R0_comparison,0.3436344693107887,1.8145571985543114e-139,0.656365530689215,2.0,104.02857142857142,52.0,0.014285714285714285
13.827397260273973,demographic_sir_R0_comparison,0.34381427085210753,1.3285138262212595e-139,0.6561857291478963,2.0,104.02857142857142,52.0,0.014285714285714285
13.846575342465753,demographic_sir_R0_comparison,0.34399402313947747,9.730099061120581e-140,0.6560059768605265,2.0,104.02857142857142,52.0,0.014285714285714285
13.865753424657534,demographic_sir_R0_comparison,0.3441737261863909,7.128927032238706e-140,0.6558262738136128,2.0,104.02857142857142,52.0,0.014285714285714285
13.884931506849314,demographic_sir_R0_comparison,0.3443533800063366,5.225005586883404e-140,0.6556466199936669,2.0,104.02857142857142,52.0,0.014285714285714285
13.904109589041097,demographic_sir_R0_comparison,0.34453298461279963,3.8309368056471537e-140,0.655467015387204,2.0,104.02857142857142,52.0,0.014285714285714285
13.923287671232877,demographic_sir_R0_comparison,0.3447125400192612,2.8098220316663966e-140,0.6552874599807426,2.0,104.02857142857142,52.0,0.014285714285714285
13.942465753424658,demographic_sir_R0_comparison,0.34489204623919884,2.0616179786231007e-140,0.6551079537608051,2.0,104.02857142857142,52.0,0.014285714285714285
13.961643835616439,demographic_sir_R0_comparison,0.34507150328608654,1.513188679821903e-140,0.6549284967139175,2.0,104.02857142857142,52.0,0.014285714285714285
13.98082191780822,demographic_sir_R0_comparison,0.3452509111733945,1.1110495894343725e-140,0.6547490888266094,2.0,104.02857142857142,52.0,0.014285714285714285
14.0,demographic_sir_R0_comparison,0.3454302699145894,8.160734126585109e-141,0.6545697300854145,2.0,104.02857142857142,52.0,0.014285714285714285
14.01917808219178,demographic_sir_R0_comparison,0.34560957952313387,5.996259206393272e-141,0.6543904204768699,2.0,104.02857142857142,52.0,0.014285714285714285
14.038356164383561,demographic_sir_R0_comparison,0.3457888400124871,4.407445072389547e-141,0.6542111599875164,2.0,104.02857142857142,52.0,0.014285714285714285
14.057534246575342,demographic_sir_R0_comparison,0.3459680513961046,3.240773787478847e-141,0.6540319486038988,2.0,104.02857142857142,52.0,0.014285714285714285
14.076712328767123,demographic_sir_R0_comparison,0.3461472136874383,2.383777862246818e-141,0.653852786312565,2.0,104.02857142857142,52.0,0.014285714285714285
14.095890410958905,demographic_sir_R0_comparison,0.3463263268999361,1.754034214016433e-141,0.6536736731000673,2.0,104.02857142857142,52.0,0.014285714285714285
14.115068493150686,demographic_sir_R0_comparison,0.3465053910470425,1.2911167324872711e-141,0.653494608952961,2.0,104.02857142857142,52.0,0.014285714285714285
14.134246575342466,demographic_sir_R0_comparison,0.34668440614219814,9.50710054509796e-142,0.6533155938578052,2.0,104.02857142857142,52.0,0.014285714285714285
14.153424657534247,demographic_sir_R0_comparison,0.3468633721988402,7.003026185995649e-142,0.6531366278011631,2.0,104.02857142857142,52.0,0.014285714285714285
14.172602739726027,demographic_sir_R0_comparison,0.3470422892304019,5.160341663969994e-142,0.6529577107696013,2.0,104.02857142857142,52.0,0.014285714285714285
14.191780821917808,demographic_sir_R0_comparison,0.3472211572503132,3.803874366342536e-142,0.6527788427496899,2.0,104.02857142857142,52.0,0.014285714285714285
14.210958904109589,demographic_sir_R0_comparison,0.347399976272,2.8049739407509493e-142,0.6526000237280034,2.0,104.02857142857142,52.0,0.014285714285714285
14.23013698630137,demographic_sir_R0_comparison,0.34757874630888436,2.0691234990731293e-142,0.652421253691119,2.0,104.02857142857142,52.0,0.014285714285714285
14.24931506849315,demographic_sir_R0_comparison,0.3477574673743852,1.5268587729886666e-142,0.6522425326256182,2.0,104.02857142857142,52.0,0.014285714285714285
14.268493150684932,demographic_sir_R0_comparison,0.3479361394819175,1.1271096178176331e-142,0.6520638605180861,2.0,104.02857142857142,52.0,0.014285714285714285
14.287671232876713,demographic_sir_R0_comparison,0.34811476264489244,8.32315977034139e-143,0.6518852373551112,2.0,104.02857142857142,52.0,0.014285714285714285
14.306849315068494,demographic_sir_R0_comparison,0.34829333687671776,6.148441615229032e-143,0.651706663123286,2.0,104.02857142857142,52.0,0.014285714285714285
14.326027397260274,demographic_sir_R0_comparison,0.34847186219079734,4.543563262611144e-143,0.6515281378092065,2.0,104.02857142857142,52.0,0.014285714285714285
14.345205479452055,demographic_sir_R0_comparison,0.3486503386005314,3.3587893456958943e-143,0.6513496613994721,2.0,104.02857142857142,52.0,0.014285714285714285
14.364383561643836,demographic_sir_R0_comparison,0.3488287661193168,2.4838397537039855e-143,0.6511712338806868,2.0,104.02857142857142,52.0,0.014285714285714285
14.383561643835616,demographic_sir_R0_comparison,0.3490071447605463,1.8374645001848537e-143,0.6509928552394574,2.0,104.02857142857142,52.0,0.014285714285714285
14.402739726027397,demographic_sir_R0_comparison,0.3491854745376091,1.3597807082877768e-143,0.6508145254623946,2.0,104.02857142857142,52.0,0.014285714285714285
14.421917808219177,demographic_sir_R0_comparison,0.349363755463891,1.0066379187465194e-143,0.6506362445361125,2.0,104.02857142857142,52.0,0.014285714285714285
14.44109589041096,demographic_sir_R0_comparison,0.34954198755277377,7.454733901668555e-144,0.6504580124472295,2.0,104.02857142857142,52.0,0.014285714285714285
14.46027397260274,demographic_sir_R0_comparison,0.3497201708176359,5.522623206761276e-144,0.6502798291823675,2.0,104.02857142857142,52.0,0.014285714285714285
14.479452054794521,demographic_sir_R0_comparison,0.3498983052718518,4.092729543587771e-144,0.6501016947281514,2.0,104.02857142857142,52.0,0.014285714285714285
14.498630136986302,demographic_sir_R0_comparison,0.35007639092879256,3.034135713458607e-144,0.6499236090712106,2.0,104.02857142857142,52.0,0.014285714285714285
14.517808219178082,demographic_sir_R0_comparison,0.35025442780182536,2.250148802497346e-144,0.6497455721981779,2.0,104.02857142857142,52.0,0.014285714285714285
14.536986301369863,demographic_sir_R0_comparison,0.35043241590431384,1.6693281385775145e-144,0.6495675840956894,2.0,104.02857142857142,52.0,0.014285714285714285
14.556164383561644,demographic_sir_R0_comparison,0.35061035524961814,1.238871850903048e-144,0.6493896447503851,2.0,104.02857142857142,52.0,0.014285714285714285
14.575342465753424,demographic_sir_R0_comparison,0.35078824585109436,9.197402874742718e-145,0.6492117541489086,2.0,104.02857142857142,52.0,0.014285714285714285
14.594520547945205,demographic_sir_R0_comparison,0.3509660877220952,6.830588886521852e-145,0.6490339122779074,2.0,104.02857142857142,52.0,0.014285714285714285
14.613698630136986,demographic_sir_R0_comparison,0.3511438808759696,5.074639008222995e-145,0.6488561191240328,2.0,104.02857142857142,52.0,0.014285714285714285
14.632876712328768,demographic_sir_R0_comparison,0.35132162532606304,3.77143117907077e-145,0.6486783746739396,2.0,104.02857142857142,52.0,0.014285714285714285
14.652054794520549,demographic_sir_R0_comparison,0.3514993210857171,2.8038915114832752e-145,0.6485006789142856,2.0,104.02857142857142,52.0,0.014285714285714285
14.67123287671233,demographic_sir_R0_comparison,0.3516769681682698,2.0853077988997753e-145,0.6483230318317331,2.0,104.02857142857142,52.0,0.014285714285714285
14.69041095890411,demographic_sir_R0_comparison,0.35185456658705544,1.5514330174477346e-145,0.6481454334129474,2.0,104.02857142857142,52.0,0.014285714285714285
14.70958904109589,demographic_sir_R0_comparison,0.35203211635540477,1.1546483804990314e-145,0.6479678836445979,2.0,104.02857142857142,52.0,0.014285714285714285
14.728767123287671,demographic_sir_R0_comparison,0.352209617486645,8.596472696278098e-146,0.6477903825133577,2.0,104.02857142857142,52.0,0.014285714285714285
14.747945205479452,demographic_sir_R0_comparison,0.35238706999409924,6.402426475525853e-146,0.6476129300059034,2.0,104.02857142857142,52.0,0.014285714285714285
14.767123287671232,demographic_sir_R0_comparison,0.3525644738910875,4.770046839753478e-146,0.6474355261089151,2.0,104.02857142857142,52.0,0.014285714285714285
14.786301369863013,demographic_sir_R0_comparison,0.35274182919092584,3.5551209249874854e-146,0.6472581708090769,2.0,104.02857142857142,52.0,0.014285714285714285
14.805479452054795,demographic_sir_R0_comparison,0.35291913590692664,2.6505729370323477e-146,0.647080864093076,2.0,104.02857142857142,52.0,0.014285714285714285
14.824657534246576,demographic_sir_R0_comparison,0.3530963940523988,1.9768728964708817e-146,0.646903605947604,2.0,104.02857142857142,52.0,0.014285714285714285
14.843835616438357,demographic_sir_R0_comparison,0.35327360364064747,1.474929624476066e-146,0.6467263963593552,2.0,104.02857142857142,52.0,0.014285714285714285
14.863013698630137,demographic_sir_R0_comparison,0.35345076468497405,1.1008226882704297e-146,0.6465492353150285,2.0,104.02857142857142,52.0,0.014285714285714285
14.882191780821918,demographic_sir_R0_comparison,0.35362787719867667,8.218961097807468e-147,0.646372122801326,2.0,104.02857142857142,52.0,0.014285714285714285
14.901369863013699,demographic_sir_R0_comparison,0.3538049411950494,6.13860820288116e-147,0.6461950588049533,2.0,104.02857142857142,52.0,0.014285714285714285
14.92054794520548,demographic_sir_R0_comparison,0.3539819566873829,4.586446179152493e-147,0.6460180433126198,2.0,104.02857142857142,52.0,0.014285714285714285
14.93972602739726,demographic_sir_R0_comparison,0.3541589236889642,3.4279623335585586e-147,0.6458410763110385,2.0,104.02857142857142,52.0,0.014285714285714285
14.95890410958904,demographic_sir_R0_comparison,0.3543358422130764,2.563002870216254e-147,0.6456641577869262,2.0,104.02857142857142,52.0,0.014285714285714285
14.978082191780823,demographic_sir_R0_comparison,0.35451271227299946,1.916970428310112e-147,0.6454872877270033,2.0,104.02857142857142,52.0,0.014285714285714285
14.997260273972604,demographic_sir_R0_comparison,0.3546895338820092,1.4342833662631948e-147,0.6453104661179936,2.0,104.02857142857142,52.0,0.014285714285714285
15.016438356164384,demographic_sir_R0_comparison,0.3548663070533781,1.0735139587259111e-147,0.6451336929466248,2.0,104.02857142857142,52.0,0.014285714285714285
15.035616438356165,demographic_sir_R0_comparison,0.355043031800375,8.037732962918981e-148,0.6449569681996279,2.0,104.02857142857142,52.0,0.014285714285714285
15.054794520547945,demographic_sir_R0_comparison,0.35521970813626486,6.0202226441458695e-148,0.6447802918637381,2.0,104.02857142857142,52.0,0.014285714285714285
15.073972602739726,demographic_sir_R0_comparison,0.35539633607430926,4.5107067334825124e-148,0.6446036639256935,2.0,104.02857142857142,52.0,0.014285714285714285
15.093150684931507,demographic_sir_R0_comparison,0.35557291562776616,3.380879164911884e-148,0.6444270843722367,2.0,104.02857142857142,52.0,0.014285714285714285
15.112328767123287,demographic_sir_R0_comparison,0.3557494468098897,2.534939985550361e-148,0.644250553190113,2.0,104.02857142857142,52.0,0.014285714285714285
15.131506849315068,demographic_sir_R0_comparison,0.35592592963393055,1.9013350261380958e-148,0.6440740703660722,2.0,104.02857142857142,52.0,0.014285714285714285
15.150684931506849,demographic_sir_R0_comparison,0.3561023641131355,1.4266009463252741e-148,0.6438976358868672,2.0,104.02857142857142,52.0,0.014285714285714285
15.169863013698631,demographic_sir_R0_comparison,0.3562787502607481,1.0707774509348402e-148,0.6437212497392546,2.0,104.02857142857142,52.0,0.014285714285714285
15.189041095890412,demographic_sir_R0_comparison,0.356455088090008,8.039864594904065e-149,0.6435449119099946,2.0,104.02857142857142,52.0,0.014285714285714285
15.208219178082192,demographic_sir_R0_comparison,0.35663137761415126,6.038805175829593e-149,0.6433686223858516,2.0,104.02857142857142,52.0,0.014285714285714285
15.227397260273973,demographic_sir_R0_comparison,0.3568076188464104,4.53738914070539e-149,0.6431923811535923,2.0,104.02857142857142,52.0,0.014285714285714285
15.246575342465754,demographic_sir_R0_comparison,0.35698381180001415,3.41046595734308e-149,0.6430161881999883,2.0,104.02857142857142,52.0,0.014285714285714285
15.265753424657534,demographic_sir_R0_comparison,0.35715995648818805,2.564330815784054e-149,0.6428400435118145,2.0,104.02857142857142,52.0,0.014285714285714285
15.284931506849315,demographic_sir_R0_comparison,0.3573360529241534,1.928799048054335e-149,0.6426639470758493,2.0,104.02857142857142,52.0,0.014285714285714285
15.304109589041095,demographic_sir_R0_comparison,0.35751210112112825,1.4512842164194333e-149,0.6424878988788745,2.0,104.02857142857142,52.0,0.014285714285714285
15.323287671232876,demographic_sir_R0_comparison,0.3576881010923269,1.0923717913794198e-149,0.642311898907676,2.0,104.02857142857142,52.0,0.014285714285714285
15.342465753424658,demographic_sir_R0_comparison,0.35786405285096007,8.225095613132818e-150,0.642135947149043,2.0,104.02857142857142,52.0,0.014285714285714285
15.361643835616439,demographic_sir_R0_comparison,0.358039956410235,6.195321742821647e-150,0.6419600435897682,2.0,104.02857142857142,52.0,0.014285714285714285
15.38082191780822,demographic_sir_R0_comparison,0.35821581178335504,4.668089416915673e-150,0.6417841882166481,2.0,104.02857142857142,52.0,0.014285714285714285
15.4,demographic_sir_R0_comparison,0.35839161898352023,3.5185750239537934e-150,0.641608381016483,2.0,104.02857142857142,52.0,0.014285714285714285
15.419178082191781,demographic_sir_R0_comparison,0.35856737802392663,2.653058166289989e-150,0.6414326219760765,2.0,104.02857142857142,52.0,0.014285714285714285
15.438356164383562,demographic_sir_R0_comparison,0.3587430889177671,2.001147002980495e-150,0.6412569110822361,2.0,104.02857142857142,52.0,0.014285714285714285
15.457534246575342,demographic_sir_R0_comparison,0.3589187516782305,1.5099530278105957e-150,0.6410812483217727,2.0,104.02857142857142,52.0,0.014285714285714285
15.476712328767123,demographic_sir_R0_comparison,0.3590943663185024,1.1397249705963584e-150,0.6409056336815009,2.0,104.02857142857142,52.0,0.014285714285714285
15.495890410958904,demographic_sir_R0_comparison,0.35926993285176445,8.605752062662705e-151,0.6407300671482388,2.0,104.02857142857142,52.0,0.014285714285714285
15.515068493150686,demographic_sir_R0_comparison,0.3594454512911949,6.500244523568458e-151,0.6405545487088082,2.0,104.02857142857142,52.0,0.014285714285714285
15.534246575342467,demographic_sir_R0_comparison,0.3596209216499684,4.9115957527858794e-151,0.6403790783500347,2.0,104.02857142857142,52.0,0.014285714285714285
15.553424657534247,demographic_sir_R0_comparison,0.3597963439412558,3.7125093081495173e-151,0.6402036560587473,2.0,104.02857142857142,52.0,0.014285714285714285
15.572602739726028,demographic_sir_R0_comparison,0.3599717181782246,2.8071425075303532e-151,0.6400282818217784,2.0,104.02857142857142,52.0,0.014285714285714285
15.591780821917808,demographic_sir_R0_comparison,0.36014704437403855,2.123309494447642e-151,0.6398529556259642,2.0,104.02857142857142,52.0,0.014285714285714285
15.610958904109589,demographic_sir_R0_comparison,0.36032232254185775,1.606623196062235e-151,0.639677677458145,2.0,104.02857142857142,52.0,0.014285714285714285
15.63013698630137,demographic_sir_R0_comparison,0.3604975526948388,1.216092507104767e-151,0.639502447305164,2.0,104.02857142857142,52.0,0.014285714285714285
15.64931506849315,demographic_sir_R0_comparison,0.3606727348461346,9.208120610420114e-152,0.6393272651538682,2.0,104.02857142857142,52.0,0.014285714285714285
15.668493150684931,demographic_sir_R0_comparison,0.36084786900889465,6.974725997993384e-152,0.6391521309911082,2.0,104.02857142857142,52.0,0.014285714285714285
15.687671232876712,demographic_sir_R0_comparison,0.36102295519626454,5.284878735387228e-152,0.6389770448037384,2.0,104.02857142857142,52.0,0.014285714285714285
15.706849315068494,demographic_sir_R0_comparison,0.36119799342138637,4.005849090248331e-152,0.6388020065786164,2.0,104.02857142857142,52.0,0.014285714285714285
15.726027397260275,demographic_sir_R0_comparison,0.36137298369739884,3.0374265357513026e-152,0.6386270163026041,2.0,104.02857142857142,52.0,0.014285714285714285
15.745205479452055,demographic_sir_R0_comparison,0.36154792603743685,2.303926288280662e-152,0.6384520739625663,2.0,104.02857142857142,52.0,0.014285714285714285
15.764383561643836,demographic_sir_R0_comparison,0.36172282045463167,1.7481670697120434e-152,0.6382771795453717,2.0,104.02857142857142,52.0,0.014285714285714285
15.783561643835617,demographic_sir_R0_comparison,0.36189766696211095,1.3269324234711398e-152,0.6381023330378921,2.0,104.02857142857142,52.0,0.014285714285714285
15.802739726027397,demographic_sir_R0_comparison,0.36207246557299916,1.0075489428837894e-152,0.6379275344270041,2.0,104.02857142857142,52.0,0.014285714285714285
15.821917808219178,demographic_sir_R0_comparison,0.3622472163004167,7.653056687804907e-153,0.6377527836995869,2.0,104.02857142857142,52.0,0.014285714285714285
15.841095890410958,demographic_sir_R0_comparison,0.36242191915748023,5.815072053400701e-153,0.637578080842523,2.0,104.02857142857142,52.0,0.014285714285714285
15.860273972602739,demographic_sir_R0_comparison,0.36259657415730356,4.4200442840395495e-153,0.6374034258426999,2.0,104.02857142857142,52.0,0.014285714285714285
15.879452054794521,demographic_sir_R0_comparison,0.3627711813129963,3.3608524737264577e-153,0.6372288186870071,2.0,104.02857142857142,52.0,0.014285714285714285
15.898630136986302,demographic_sir_R0_comparison,0.3629457406376646,2.556369016872883e-153,0.6370542593623388,2.0,104.02857142857142,52.0,0.014285714285714285
15.917808219178083,demographic_sir_R0_comparison,0.36312025214441107,1.945131051913421e-153,0.6368797478555923,2.0,104.02857142857142,52.0,0.014285714285714285
15.936986301369863,demographic_sir_R0_comparison,0.3632947158463348,1.4805578214906256e-153,0.6367052841536688,2.0,104.02857142857142,52.0,0.014285714285714285
15.956164383561644,demographic_sir_R0_comparison,0.3634691317565311,1.127335080956746e-153,0.6365308682434726,2.0,104.02857142857142,52.0,0.014285714285714285
15.975342465753425,demographic_sir_R0_comparison,0.3636434998880919,8.586808393692848e-154,0.636356500111912,2.0,104.02857142857142,52.0,0.014285714285714285
15.994520547945205,demographic_sir_R0_comparison,0.36381782025410525,6.542768928966235e-154,0.6361821797458985,2.0,104.02857142857142,52.0,0.014285714285714285
16.013698630136986,demographic_sir_R0_comparison,0.36399209286765594,4.987034948826701e-154,0.6360079071323476,2.0,104.02857142857142,52.0,0.014285714285714285
16.03287671232877,demographic_sir_R0_comparison,0.36416631774182506,3.8025437387845944e-154,0.6358336822581783,2.0,104.02857142857142,52.0,0.014285714285714285
16.052054794520547,demographic_sir_R0_comparison,0.3643404948896901,2.9003937506648895e-154,0.6356595051103131,2.0,104.02857142857142,52.0,0.014285714285714285
16.07123287671233,demographic_sir_R0_comparison,0.36451462432432497,2.213046798100111e-154,0.635485375675678,2.0,104.02857142857142,52.0,0.014285714285714285
16.09041095890411,demographic_sir_R0_comparison,0.36468870605880005,1.6891767231827234e-154,0.6353112939412031,2.0,104.02857142857142,52.0,0.014285714285714285
16.10958904109589,demographic_sir_R0_comparison,0.36486274010618197,1.2897644154968952e-154,0.6351372598938213,2.0,104.02857142857142,52.0,0.014285714285714285
16.12876712328767,demographic_sir_R0_comparison,0.365036726479534,9.85136621093006e-155,0.6349632735204693,2.0,104.02857142857142,52.0,0.014285714285714285
16.147945205479452,demographic_sir_R0_comparison,0.3652106651919158,7.527196716603635e-155,0.6347893348080877,2.0,104.02857142857142,52.0,0.014285714285714285
16.167123287671235,demographic_sir_R0_comparison,0.3653845562563831,5.753349494194196e-155,0.6346154437436203,2.0,104.02857142857142,52.0,0.014285714285714285
16.186301369863013,demographic_sir_R0_comparison,0.3655583996859885,4.399049955628696e-155,0.6344416003140148,2.0,104.02857142857142,52.0,0.014285714285714285
16.205479452054796,demographic_sir_R0_comparison,0.365732195493781,3.3647099827263704e-155,0.6342678045062224,2.0,104.02857142857142,52.0,0.014285714285714285
16.224657534246575,demographic_sir_R0_comparison,0.3659059436928057,2.5744647142692002e-155,0.634094056307198,2.0,104.02857142857142,52.0,0.014285714285714285
16.243835616438357,demographic_sir_R0_comparison,0.3660796442961043,1.9705015183804923e-155,0.6339203557038994,2.0,104.02857142857142,52.0,0.014285714285714285
16.263013698630136,demographic_sir_R0_comparison,0.36625329731671485,1.5087493143737853e-155,0.6337467026832887,2.0,104.02857142857142,52.0,0.014285714285714285
16.28219178082192,demographic_sir_R0_comparison,0.3664269027676722,1.1556008116793592e-155,0.6335730972323316,2.0,104.02857142857142,52.0,0.014285714285714285
16.301369863013697,demographic_sir_R0_comparison,0.3666004606620072,8.854193116743749e-156,0.6333995393379966,2.0,104.02857142857142,52.0,0.014285714285714285
16.32054794520548,demographic_sir_R0_comparison,0.3667739710127472,6.786416345627735e-156,0.6332260289872566,2.0,104.02857142857142,52.0,0.014285714285714285
16.339726027397262,demographic_sir_R0_comparison,0.3669474338329162,5.203341464231317e-156,0.6330525661670873,2.0,104.02857142857142,52.0,0.014285714285714285
16.35890410958904,demographic_sir_R0_comparison,0.36712084913553444,3.990932934294548e-156,0.6328791508644691,2.0,104.02857142857142,52.0,0.014285714285714285
16.378082191780823,demographic_sir_R0_comparison,0.36729421693361863,3.062081651363936e-156,0.632705783066385,2.0,104.02857142857142,52.0,0.014285714285714285
16.397260273972602,demographic_sir_R0_comparison,0.367467537240182,2.3502242223505845e-156,0.6325324627598219,2.0,104.02857142857142,52.0,0.014285714285714285
16.416438356164385,demographic_sir_R0_comparison,0.36764081006823396,1.8044796187468597e-156,0.6323591899317696,2.0,104.02857142857142,52.0,0.014285714285714285
16.435616438356163,demographic_sir_R0_comparison,0.3678140354307807,1.3859411050934272e-156,0.632185964569223,2.0,104.02857142857142,52.0,0.014285714285714285
16.454794520547946,demographic_sir_R0_comparison,0.3679872133408246,1.0648480501458636e-156,0.6320127866591793,2.0,104.02857142857142,52.0,0.014285714285714285
16.473972602739725,demographic_sir_R0_comparison,0.3681603438113646,8.184281025287285e-157,0.6318396561886391,2.0,104.02857142857142,52.0,0.014285714285714285
16.493150684931507,demographic_sir_R0_comparison,0.36833342685539616,6.292502760049294e-157,0.6316665731446078,2.0,104.02857142857142,52.0,0.014285714285714285
16.51232876712329,demographic_sir_R0_comparison,0.3685064624859109,4.839675495488805e-157,0.631493537514093,2.0,104.02857142857142,52.0,0.014285714285714285
16.53150684931507,demographic_sir_R0_comparison,0.3686794507158969,3.723565318263782e-157,0.6313205492841065,2.0,104.02857142857142,52.0,0.014285714285714285
16.55068493150685,demographic_sir_R0_comparison,0.36885239155833927,2.865837591128865e-157,0.6311476084416642,2.0,104.02857142857142,52.0,0.014285714285714285
16.56986301369863,demographic_sir_R0_comparison,0.3690252850262189,2.2064495255278394e-157,0.6309747149737847,2.0,104.02857142857142,52.0,0.014285714285714285
16.589041095890412,demographic_sir_R0_comparison,0.3691981311325133,1.6993631698641956e-157,0.6308018688674902,2.0,104.02857142857142,52.0,0.014285714285714285
16.60821917808219,demographic_sir_R0_comparison,0.3693709298901964,1.3092667770106121e-157,0.630629070109807,2.0,104.02857142857142,52.0,0.014285714285714285
16.627397260273973,demographic_sir_R0_comparison,0.36954368131223875,1.0090665139237156e-157,0.6304563186877647,2.0,104.02857142857142,52.0,0.014285714285714285
16.646575342465752,demographic_sir_R0_comparison,0.3697163854116073,7.779668655896364e-158,0.6302836145883961,2.0,104.02857142857142,52.0,0.014285714285714285
16.665753424657535,demographic_sir_R0_comparison,0.36988904220126534,6.000010700321405e-158,0.6301109577987382,2.0,104.02857142857142,52.0,0.014285714285714285
16.684931506849317,demographic_sir_R0_comparison,0.37006165169417266,4.629056983562067e-158,0.6299383483058311,2.0,104.02857142857142,52.0,0.014285714285714285
16.704109589041096,demographic_sir_R0_comparison,0.3702342139032853,3.572584959877864e-158,0.6297657860967184,2.0,104.02857142857142,52.0,0.014285714285714285
16.723287671232878,demographic_sir_R0_comparison,0.37040672884155623,2.7581767910971642e-158,0.6295932711584473,2.0,104.02857142857142,52.0,0.014285714285714285
16.742465753424657,demographic_sir_R0_comparison,0.37057919652193444,2.130154424432168e-158,0.6294208034780693,2.0,104.02857142857142,52.0,0.014285714285714285
16.76164383561644,demographic_sir_R0_comparison,0.37075161695736564,1.6456955355922286e-158,0.6292483830426383,2.0,104.02857142857142,52.0,0.014285714285714285
16.78082191780822,demographic_sir_R0_comparison,0.3709239901607918,1.2718540176337433e-158,0.6290760098392124,2.0,104.02857142857142,52.0,0.014285714285714285
16.8,demographic_sir_R0_comparison,0.3710963161451515,9.832735871799909e-159,0.6289036838548526,2.0,104.02857142857142,52.0,0.014285714285714285
16.81917808219178,demographic_sir_R0_comparison,0.37126859492337944,7.604326775014666e-159,0.6287314050766246,2.0,104.02857142857142,52.0,0.014285714285714285
16.838356164383562,demographic_sir_R0_comparison,0.3714408265084074,5.882967093898534e-159,0.6285591734915968,2.0,104.02857142857142,52.0,0.014285714285714285
16.85753424657534,demographic_sir_R0_comparison,0.37161301091316296,4.552828343664947e-159,0.6283869890868413,2.0,104.02857142857142,52.0,0.014285714285714285
16.876712328767123,demographic_sir_R0_comparison,0.3717851481505706,3.5246443510244926e-159,0.6282148518494336,2.0,104.02857142857142,52.0,0.014285714285714285
16.895890410958906,demographic_sir_R0_comparison,0.37195723823355115,2.729596511802825e-159,0.6280427617664532,2.0,104.02857142857142,52.0,0.014285714285714285
16.915068493150685,demographic_sir_R0_comparison,0.3721292811750218,2.1146120069613014e-159,0.6278707188249828,2.0,104.02857142857142,52.0,0.014285714285714285
16.934246575342467,demographic_sir_R0_comparison,0.3723012769878963,1.638747261305894e-159,0.6276987230121084,2.0,104.02857142857142,52.0,0.014285714285714285
16.953424657534246,demographic_sir_R0_comparison,0.3724732256850847,1.2704052178729164e-159,0.62752677431492,2.0,104.02857142857142,52.0,0.014285714285714285
16.972602739726028,demographic_sir_R0_comparison,0.3726451272794938,9.851934660062331e-160,0.627354872720511,2.0,104.02857142857142,52.0,0.014285714285714285
16.991780821917807,demographic_sir_R0_comparison,0.3728169817840265,7.642750816475473e-160,0.6271830182159783,2.0,104.02857142857142,52.0,0.014285714285714285
17.01095890410959,demographic_sir_R0_comparison,0.3729887892115825,5.93098410122342e-160,0.6270112107884223,2.0,104.02857142857142,52.0,0.014285714285714285
17.03013698630137,demographic_sir_R0_comparison,0.3731605495750579,4.6041838936335435e-160,0.6268394504249469,2.0,104.02857142857142,52.0,0.014285714285714285
17.04931506849315,demographic_sir_R0_comparison,0.3733322628873451,3.5754224569258813e-160,0.6266677371126597,2.0,104.02857142857142,52.0,0.014285714285714285
17.068493150684933,demographic_sir_R0_comparison,0.3735039291613332,2.7774792688810445e-160,0.6264960708386716,2.0,104.02857142857142,52.0,0.014285714285714285
17.087671232876712,demographic_sir_R0_comparison,0.37367554840990747,2.158355646987583e-160,0.6263244515900972,2.0,104.02857142857142,52.0,0.014285714285714285
17.106849315068494,demographic_sir_R0_comparison,0.37384712064594994,1.6778142105967415e-160,0.6261528793540547,2.0,104.02857142857142,52.0,0.014285714285714285
17.126027397260273,demographic_sir_R0_comparison,0.37401864588233885,1.3047081247797185e-160,0.6259813541176656,2.0,104.02857142857142,52.0,0.014285714285714285
17.145205479452056,demographic_sir_R0_comparison,0.3741901241319491,1.0149191861013388e-160,0.6258098758680555,2.0,104.02857142857142,52.0,0.014285714285714285
17.164383561643834,demographic_sir_R0_comparison,0.3743615554076522,7.89765420922338e-161,0.6256384445923525,2.0,104.02857142857142,52.0,0.014285714285714285
17.183561643835617,demographic_sir_R0_comparison,0.3745329397223159,6.1477087243329165e-161,0.625467060277689,2.0,104.02857142857142,52.0,0.014285714285714285
17.202739726027396,demographic_sir_R0_comparison,0.37470427708880416,4.787148786397823e-161,0.6252957229112005,2.0,104.02857142857142,52.0,0.014285714285714285
17.221917808219178,demographic_sir_R0_comparison,0.37487556751997814,3.7289709775162976e-161,0.6251244324800265,2.0,104.02857142857142,52.0,0.014285714285714285
17.24109589041096,demographic_sir_R0_comparison,0.37504681102869486,2.9056913103249634e-161,0.6249531889713096,2.0,104.02857142857142,52.0,0.014285714285714285
17.26027397260274,demographic_sir_R0_comparison,0.37521800762780805,2.2649483306740917e-161,0.6247819923721963,2.0,104.02857142857142,52.0,0.014285714285714285
17.279452054794522,demographic_sir_R0_comparison,0.375389157330168,1.766100591803993e-161,0.6246108426698366,2.0,104.02857142857142,52.0,0.014285714285714285
17.2986301369863,demographic_sir_R0_comparison,0.37556026014862115,1.3775927385893343e-161,0.6244397398513836,2.0,104.02857142857142,52.0,0.014285714285714285
17.317808219178083,demographic_sir_R0_comparison,0.37573131609601085,1.0749158952145799e-161,0.6242686839039938,2.0,104.02857142857142,52.0,0.014285714285714285
17.336986301369862,demographic_sir_R0_comparison,0.37590232518517663,8.390277323447096e-162,0.6240976748148281,2.0,104.02857142857142,52.0,0.014285714285714285
17.356164383561644,demographic_sir_R0_comparison,0.37607328742895474,6.551282038526091e-162,0.6239267125710501,2.0,104.02857142857142,52.0,0.014285714285714285
17.375342465753423,demographic_sir_R0_comparison,0.37624420284017746,5.117105687597211e-162,0.6237557971598274,2.0,104.02857142857142,52.0,0.014285714285714285
17.394520547945206,demographic_sir_R0_comparison,0.3764150714316742,3.998255525302793e-162,0.6235849285683308,2.0,104.02857142857142,52.0,0.014285714285714285
17.413698630136988,demographic_sir_R0_comparison,0.3765858932162704,3.1251058626548953e-162,0.6234141067837344,2.0,104.02857142857142,52.0,0.014285714285714285
17.432876712328767,demographic_sir_R0_comparison,0.3767566682067881,2.443469424090036e-162,0.6232433317932168,2.0,104.02857142857142,52.0,0.014285714285714285
17.45205479452055,demographic_sir_R0_comparison,0.3769273964160459,1.9111599309970869e-162,0.6230726035839591,2.0,104.02857142857142,52.0,0.014285714285714285
17.471232876712328,demographic_sir_R0_comparison,0.37709807785685867,1.4953231632896883e-162,0.6229019221431462,2.0,104.02857142857142,52.0,0.014285714285714285
17.49041095890411,demographic_sir_R0_comparison,0.37726871254203814,1.1703640046534556e-162,0.622731287457967,2.0,104.02857142857142,52.0,0.014285714285714285
17.50958904109589,demographic_sir_R0_comparison,0.3774393004843921,9.163358491697757e-163,0.622560699515613,2.0,104.02857142857142,52.0,0.014285714285714285
17.528767123287672,demographic_sir_R0_comparison,0.37760984169672523,7.176888248965629e-163,0.6223901583032797,2.0,104.02857142857142,52.0,0.014285714285714285
17.54794520547945,demographic_sir_R0_comparison,0.37778033619183843,5.62296570909008e-163,0.6222196638081663,2.0,104.02857142857142,52.0,0.014285714285714285
17.567123287671233,demographic_sir_R0_comparison,0.37795078398252935,4.4069933016107533e-163,0.6220492160174755,2.0,104.02857142857142,52.0,0.014285714285714285
17.586301369863016,demographic_sir_R0_comparison,0.37812118508159165,3.455150821252852e-163,0.6218788149184132,2.0,104.02857142857142,52.0,0.014285714285714285
17.605479452054794,demographic_sir_R0_comparison,0.37829153950181604,2.709812564191747e-163,0.621708460498189,2.0,104.02857142857142,52.0,0.014285714285714285
17.624657534246577,demographic_sir_R0_comparison,0.3784618472559894,2.1259795244756e-163,0.6215381527440156,2.0,104.02857142857142,52.0,0.014285714285714285
17.643835616438356,demographic_sir_R0_comparison,0.37863210835689537,1.6685009003533637e-163,0.62136789164311,2.0,104.02857142857142,52.0,0.014285714285714285
17.663013698630138,demographic_sir_R0_comparison,0.37880232281731363,1.309909570685787e-163,0.621197677182692,2.0,104.02857142857142,52.0,0.014285714285714285
17.682191780821917,demographic_sir_R0_comparison,0.3789724906500208,1.0287353103709794e-163,0.621027509349985,2.0,104.02857142857142,52.0,0.014285714285714285
17.7013698630137,demographic_sir_R0_comparison,0.3791426118677899,8.081898645091846e-164,0.620857388132216,2.0,104.02857142857142,52.0,0.014285714285714285
17.720547945205478,demographic_sir_R0_comparison,0.3793126864833903,6.351415628683725e-164,0.6206873135166155,2.0,104.02857142857142,52.0,0.014285714285714285
17.73972602739726,demographic_sir_R0_comparison,0.37948271450958804,4.993154536601493e-164,0.6205172854904178,2.0,104.02857142857142,52.0,0.014285714285714285
17.758904109589043,demographic_sir_R0_comparison,0.3796526959591454,3.926691495880735e-164,0.6203473040408605,2.0,104.02857142857142,52.0,0.014285714285714285
17.778082191780822,demographic_sir_R0_comparison,0.3798226308448216,3.0890562452845767e-164,0.6201773691551842,2.0,104.02857142857142,52.0,0.014285714285714285
17.797260273972604,demographic_sir_R0_comparison,0.3799925191793721,2.430927852003634e-164,0.6200074808206336,2.0,104.02857142857142,52.0,0.014285714285714285
17.816438356164383,demographic_sir_R0_comparison,0.3801623609755488,1.9136631857968603e-164,0.6198376390244571,2.0,104.02857142857142,52.0,0.014285714285714285
17.835616438356166,demographic_sir_R0_comparison,0.38033215624610023,1.5069750902640174e-164,0.6196678437539057,2.0,104.02857142857142,52.0,0.014285714285714285
17.854794520547944,demographic_sir_R0_comparison,0.3805019050037713,1.1871175994354397e-164,0.6194980949962346,2.0,104.02857142857142,52.0,0.014285714285714285
17.873972602739727,demographic_sir_R0_comparison,0.38067160726130345,9.35467000071464e-165,0.6193283927387022,2.0,104.02857142857142,52.0,0.014285714285714285
17.893150684931506,demographic_sir_R0_comparison,0.38084126303143495,7.37412029126897e-165,0.6191587369685706,2.0,104.02857142857142,52.0,0.014285714285714285
17.912328767123288,demographic_sir_R0_comparison,0.38101087232690034,5.814855695377882e-165,0.6189891276731051,2.0,104.02857142857142,52.0,0.014285714285714285
17.931506849315067,demographic_sir_R0_comparison,0.38118043516043043,4.586850682248947e-165,0.6188195648395749,2.0,104.02857142857142,52.0,0.014285714285714285
17.95068493150685,demographic_sir_R0_comparison,0.381349951544753,3.619404823098412e-165,0.6186500484552522,2.0,104.02857142857142,52.0,0.014285714285714285
17.96986301369863,demographic_sir_R0_comparison,0.38151942149259194,2.856975893129935e-165,0.6184805785074134,2.0,104.02857142857142,52.0,0.014285714285714285
17.98904109589041,demographic_sir_R0_comparison,0.3816888450166679,2.255915392938864e-165,0.6183111549833374,2.0,104.02857142857142,52.0,0.014285714285714285
18.008219178082193,demographic_sir_R0_comparison,0.3818582221296979,1.7819102080039346e-165,0.6181417778703073,2.0,104.02857142857142,52.0,0.014285714285714285
18.027397260273972,demographic_sir_R0_comparison,0.3820275528443956,1.4079769991325277e-165,0.6179724471556098,2.0,104.02857142857142,52.0,0.014285714285714285
18.046575342465754,demographic_sir_R0_comparison,0.3821968371734713,1.112889386508659e-165,0.6178031628265341,2.0,104.02857142857142,52.0,0.014285714285714285
18.065753424657533,demographic_sir_R0_comparison,0.3823660751296315,8.799441267440457e-166,0.6176339248703739,2.0,104.02857142857142,52.0,0.014285714285714285
18.084931506849315,demographic_sir_R0_comparison,0.3825352667255794,6.959928993224798e-166,0.6174647332744262,2.0,104.02857142857142,52.0,0.014285714285714285
18.104109589041094,demographic_sir_R0_comparison,0.38270441197401456,5.50682272985957e-166,0.6172955880259908,2.0,104.02857142857142,52.0,0.014285714285714285
18.123287671232877,demographic_sir_R0_comparison,0.38287351088763333,4.358568934949417e-166,0.6171264891123721,2.0,104.02857142857142,52.0,0.014285714285714285
18.14246575342466,demographic_sir_R0_comparison,0.38304256347912846,3.450906854967902e-166,0.6169574365208771,2.0,104.02857142857142,52.0,0.014285714285714285
18.161643835616438,demographic_sir_R0_comparison,0.3832115697611891,2.733184885041423e-166,0.6167884302388166,2.0,104.02857142857142,52.0,0.014285714285714285
18.18082191780822,demographic_sir_R0_comparison,0.3833805297465011,2.1654651482647876e-166,0.6166194702535044,2.0,104.02857142857142,52.0,0.014285714285714285
18.2,demographic_sir_R0_comparison,0.3835494434477468,1.7162468826322397e-166,0.6164505565522589,2.0,104.02857142857142,52.0,0.014285714285714285
18.21917808219178,demographic_sir_R0_comparison,0.38371831087760483,1.3606757947199414e-166,0.6162816891224009,2.0,104.02857142857142,52.0,0.014285714285714285
18.23835616438356,demographic_sir_R0_comparison,0.3838871320487507,1.079135181675731e-166,0.616112867951255,2.0,104.02857142857142,52.0,0.014285714285714285
18.257534246575343,demographic_sir_R0_comparison,0.3840559069738563,8.561370630724131e-167,0.6159440930261494,2.0,104.02857142857142,52.0,0.014285714285714285
18.276712328767122,demographic_sir_R0_comparison,0.38422463566559006,6.794491506096743e-167,0.6157753643344159,2.0,104.02857142857142,52.0,0.014285714285714285
18.295890410958904,demographic_sir_R0_comparison,0.3843933181366168,5.39407270755388e-167,0.6156066818633891,2.0,104.02857142857142,52.0,0.014285714285714285
18.315068493150687,demographic_sir_R0_comparison,0.38456195439959817,4.283736675190971e-167,0.6154380456004078,2.0,104.02857142857142,52.0,0.014285714285714285
18.334246575342465,demographic_sir_R0_comparison,0.384730544467192,3.403100943441623e-167,0.6152694555328142,2.0,104.02857142857142,52.0,0.014285714285714285
18.353424657534248,demographic_sir_R0_comparison,0.38489908835205305,2.704412600039209e-167,0.6151009116479534,2.0,104.02857142857142,52.0,0.014285714285714285
18.372602739726027,demographic_sir_R0_comparison,0.38506758606683217,2.1498941814675727e-167,0.6149324139331743,2.0,104.02857142857142,52.0,0.014285714285714285
18.39178082191781,demographic_sir_R0_comparison,0.38523603762417696,1.7096499280801912e-167,0.6147639623758295,2.0,104.02857142857142,52.0,0.014285714285714285
18.410958904109588,demographic_sir_R0_comparison,0.38540444303673166,1.3600135482208115e-167,0.614595556963275,2.0,104.02857142857142,52.0,0.014285714285714285
18.43013698630137,demographic_sir_R0_comparison,0.38557280231713686,1.0822439622376321e-167,0.6144271976828695,2.0,104.02857142857142,52.0,0.014285714285714285
18.44931506849315,demographic_sir_R0_comparison,0.38574111547802986,8.614954000576018e-168,0.6142588845219763,2.0,104.02857142857142,52.0,0.014285714285714285
18.46849315068493,demographic_sir_R0_comparison,0.38590938253204454,6.860038746394781e-168,0.6140906174679617,2.0,104.02857142857142,52.0,0.014285714285714285
18.487671232876714,demographic_sir_R0_comparison,0.38607760349181086,5.464443614519272e-168,0.6139223965081951,2.0,104.02857142857142,52.0,0.014285714285714285
18.506849315068493,demographic_sir_R0_comparison,0.38624577836995594,4.354226974789343e-168,0.61375422163005,2.0,104.02857142857142,52.0,0.014285714285714285
18.526027397260275,demographic_sir_R0_comparison,0.386413907179103,3.4707383424491283e-168,0.6135860928209029,2.0,104.02857142857142,52.0,0.014285714285714285
18.545205479452054,demographic_sir_R0_comparison,0.386581989931872,2.767440791547793e-168,0.613418010068134,2.0,104.02857142857142,52.0,0.014285714285714285
18.564383561643837,demographic_sir_R0_comparison,0.3867500266408793,2.2073968445832625e-168,0.6132499733591265,2.0,104.02857142857142,52.0,0.014285714285714285
18.583561643835615,demographic_sir_R0_comparison,0.3869180173187382,1.7612786543421962e-168,0.6130819826812676,2.0,104.02857142857142,52.0,0.014285714285714285
18.602739726027398,demographic_sir_R0_comparison,0.38708596197805806,1.4057926268748218e-168,0.6129140380219477,2.0,104.02857142857142,52.0,0.014285714285714285
18.621917808219177,demographic_sir_R0_comparison,0.38725386063144496,1.1224317575111084e-168,0.6127461393685608,2.0,104.02857142857142,52.0,0.014285714285714285
18.64109589041096,demographic_sir_R0_comparison,0.38742171329150143,8.964871853437225e-169,0.6125782867085043,2.0,104.02857142857142,52.0,0.014285714285714285
18.66027397260274,demographic_sir_R0_comparison,0.3875895199708268,7.162648542278863e-169,0.6124104800291791,2.0,104.02857142857142,52.0,0.014285714285714285
18.67945205479452,demographic_sir_R0_comparison,0.3877572806820168,5.724645170268351e-169,0.612242719317989,2.0,104.02857142857142,52.0,0.014285714285714285
18.698630136986303,demographic_sir_R0_comparison,0.38792499543766384,4.576872774596139e-169,0.6120750045623421,2.0,104.02857142857142,52.0,0.014285714285714285
18.71780821917808,demographic_sir_R0_comparison,0.38809266425035643,3.6604493652799643e-169,0.6119073357496496,2.0,104.02857142857142,52.0,0.014285714285714285
18.736986301369864,demographic_sir_R0_comparison,0.3882602871326801,2.928499965864324e-169,0.6117397128673259,2.0,104.02857142857142,52.0,0.014285714285714285
18.756164383561643,demographic_sir_R0_comparison,0.3884278640972168,2.3436958953764488e-169,0.6115721359027889,2.0,104.02857142857142,52.0,0.014285714285714285
18.775342465753425,demographic_sir_R0_comparison,0.388595395156545,1.8763008368038e-169,0.6114046048434605,2.0,104.02857142857142,52.0,0.014285714285714285
18.794520547945204,demographic_sir_R0_comparison,0.3887628803232399,1.5026188132204297e-169,0.6112371196767656,2.0,104.02857142857142,52.0,0.014285714285714285
18.813698630136987,demographic_sir_R0_comparison,0.38893031960987307,1.2037610006647354e-169,0.6110696803901325,2.0,104.02857142857142,52.0,0.014285714285714285
18.83287671232877,demographic_sir_R0_comparison,0.38909771302901247,9.64665558968351e-170,0.6109022869709932,2.0,104.02857142857142,52.0,0.014285714285714285
18.852054794520548,demographic_sir_R0_comparison,0.38926506059322286,7.733183140859461e-170,0.6107349394067829,2.0,104.02857142857142,52.0,0.014285714285714285
18.87123287671233,demographic_sir_R0_comparison,0.38943236231506567,6.2013293267312626e-170,0.61056763768494,2.0,104.02857142857142,52.0,0.014285714285714285
18.89041095890411,demographic_sir_R0_comparison,0.38959961820709865,4.9745778737446844e-170,0.6104003817929072,2.0,104.02857142857142,52.0,0.014285714285714285
18.90958904109589,demographic_sir_R0_comparison,0.3897668282818762,3.991834899171702e-170,0.6102331717181296,2.0,104.02857142857142,52.0,0.014285714285714285
18.92876712328767,demographic_sir_R0_comparison,0.38993399255194927,3.204304402408831e-170,0.6100660074480566,2.0,104.02857142857142,52.0,0.014285714285714285
18.947945205479453,demographic_sir_R0_comparison,0.39010111102986544,2.5729999714140698e-170,0.6098988889701409,2.0,104.02857142857142,52.0,0.014285714285714285
18.96712328767123,demographic_sir_R0_comparison,0.39026818372816857,2.0667625135512466e-170,0.6097318162718378,2.0,104.02857142857142,52.0,0.014285714285714285
18.986301369863014,demographic_sir_R0_comparison,0.3904352106593994,1.660680591618301e-170,0.609564789340607,2.0,104.02857142857142,52.0,0.014285714285714285
19.005479452054793,demographic_sir_R0_comparison,0.3906021918360953,1.3348311858099874e-170,0.6093978081639113,2.0,104.02857142857142,52.0,0.014285714285714285
19.024657534246575,demographic_sir_R0_comparison,0.39076912727078994,1.0732755591036066e-170,0.6092308727292168,2.0,104.02857142857142,52.0,0.014285714285714285
19.043835616438358,demographic_sir_R0_comparison,0.3909360169760136,8.632582859221875e-171,0.609063983023993,2.0,104.02857142857142,52.0,0.014285714285714285
19.063013698630137,demographic_sir_R0_comparison,0.39110286096429325,6.945681314160181e-171,0.6088971390357134,2.0,104.02857142857142,52.0,0.014285714285714285
19.08219178082192,demographic_sir_R0_comparison,0.3912696592481524,5.590279111409263e-171,0.6087303407518546,2.0,104.02857142857142,52.0,0.014285714285714285
19.101369863013698,demographic_sir_R0_comparison,0.39143641184011085,4.500871696919941e-171,0.6085635881598959,2.0,104.02857142857142,52.0,0.014285714285714285
19.12054794520548,demographic_sir_R0_comparison,0.3916031187526855,3.624968496885305e-171,0.6083968812473212,2.0,104.02857142857142,52.0,0.014285714285714285
19.13972602739726,demographic_sir_R0_comparison,0.3917697799983894,2.920493629575788e-171,0.6082302200016172,2.0,104.02857142857142,52.0,0.014285714285714285
19.15890410958904,demographic_sir_R0_comparison,0.3919363955897325,2.353708486680388e-171,0.6080636044102739,2.0,104.02857142857142,52.0,0.014285714285714285
19.17808219178082,demographic_sir_R0_comparison,0.3921029655392209,1.8975508687687723e-171,0.6078970344607855,2.0,104.02857142857142,52.0,0.014285714285714285
19.197260273972603,demographic_sir_R0_comparison,0.3922694898593576,1.5303067196617134e-171,0.6077305101406489,2.0,104.02857142857142,52.0,0.014285714285714285
19.216438356164385,demographic_sir_R0_comparison,0.39243596856264207,1.2345475109374239e-171,0.6075640314373644,2.0,104.02857142857142,52.0,0.014285714285714285
19.235616438356164,demographic_sir_R0_comparison,0.3926024016615703,9.962798722029738e-172,0.6073975983384363,2.0,104.02857142857142,52.0,0.014285714285714285
19.254794520547946,demographic_sir_R0_comparison,0.39276878916863495,8.042648533561322e-172,0.6072312108313715,2.0,104.02857142857142,52.0,0.014285714285714285
19.273972602739725,demographic_sir_R0_comparison,0.3929351310963252,6.494728044787723e-172,0.6070648689036813,2.0,104.02857142857142,52.0,0.014285714285714285
19.293150684931508,demographic_sir_R0_comparison,0.393101427457127,5.24646714374873e-172,0.6068985725428794,2.0,104.02857142857142,52.0,0.014285714285714285
19.312328767123287,demographic_sir_R0_comparison,0.3932676782635226,4.239523155469342e-172,0.6067323217364838,2.0,104.02857142857142,52.0,0.014285714285714285
19.33150684931507,demographic_sir_R0_comparison,0.3934338835279909,3.426976242427374e-172,0.6065661164720155,2.0,104.02857142857142,52.0,0.014285714285714285
19.350684931506848,demographic_sir_R0_comparison,0.3936000432630077,2.77108063948217e-172,0.6063999567369989,2.0,104.02857142857142,52.0,0.014285714285714285
19.36986301369863,demographic_sir_R0_comparison,0.3937661574810448,2.241460982522412e-172,0.6062338425189618,2.0,104.02857142857142,52.0,0.014285714285714285
19.389041095890413,demographic_sir_R0_comparison,0.3939322261945711,1.8136651677385592e-172,0.6060677738054357,2.0,104.02857142857142,52.0,0.014285714285714285
19.40821917808219,demographic_sir_R0_comparison,0.39409824941605165,1.4680028920019377e-172,0.6059017505839552,2.0,104.02857142857142,52.0,0.014285714285714285
19.427397260273974,demographic_sir_R0_comparison,0.39426422715794845,1.1886131774192092e-172,0.6057357728420583,2.0,104.02857142857142,52.0,0.014285714285714285
19.446575342465753,demographic_sir_R0_comparison,0.39443015943272,9.627154941764057e-173,0.6055698405672867,2.0,104.02857142857142,52.0,0.014285714285714285
19.465753424657535,demographic_sir_R0_comparison,0.3945960462528213,7.800081386874067e-173,0.6054039537471853,2.0,104.02857142857142,52.0,0.014285714285714285
19.484931506849314,demographic_sir_R0_comparison,0.394761887630704,6.321847559361649e-173,0.6052381123693027,2.0,104.02857142857142,52.0,0.014285714285714285
19.504109589041096,demographic_sir_R0_comparison,0.3949276835788163,5.125456802716883e-173,0.6050723164211905,2.0,104.02857142857142,52.0,0.014285714285714285
19.523287671232875,demographic_sir_R0_comparison,0.3950934341096029,4.156853985837614e-173,0.6049065658904036,2.0,104.02857142857142,52.0,0.014285714285714285
19.542465753424658,demographic_sir_R0_comparison,0.3952591392355055,3.3724114578816534e-173,0.6047408607645012,2.0,104.02857142857142,52.0,0.014285714285714285
19.56164383561644,demographic_sir_R0_comparison,0.3954247989689619,2.7369061011098146e-173,0.6045752010310449,2.0,104.02857142857142,52.0,0.014285714285714285
19.58082191780822,demographic_sir_R0_comparison,0.3955904133224066,2.2218910266809603e-173,0.6044095866776003,2.0,104.02857142857142,52.0,0.014285714285714285
19.6,demographic_sir_R0_comparison,0.3957559823082708,1.804384504172401e-173,0.6042440176917361,2.0,104.02857142857142,52.0,0.014285714285714285
19.61917808219178,demographic_sir_R0_comparison,0.39592150593898245,1.4658139809016722e-173,0.6040784940610244,2.0,104.02857142857142,52.0,0.014285714285714285
19.638356164383563,demographic_sir_R0_comparison,0.3960869842269657,1.1911652862112254e-173,0.6039130157730412,2.0,104.02857142857142,52.0,0.014285714285714285
19.65753424657534,demographic_sir_R0_comparison,0.39625241718464166,9.682969317781033e-174,0.6037475828153653,2.0,104.02857142857142,52.0,0.014285714285714285
19.676712328767124,demographic_sir_R0_comparison,0.39641780482442784,7.873872939623604e-174,0.6035821951755792,2.0,104.02857142857142,52.0,0.014285714285714285
19.695890410958903,demographic_sir_R0_comparison,0.3965831471587383,6.404887840151265e-174,0.6034168528412688,2.0,104.02857142857142,52.0,0.014285714285714285
19.715068493150685,demographic_sir_R0_comparison,0.396748444199984,5.21168185329822e-174,0.603251555800023,2.0,104.02857142857142,52.0,0.014285714285714285
19.734246575342468,demographic_sir_R0_comparison,0.3969136959605722,4.242164109681043e-174,0.6030863040394349,2.0,104.02857142857142,52.0,0.014285714285714285
19.753424657534246,demographic_sir_R0_comparison,0.3970789024529068,3.454142072883139e-174,0.6029210975471002,2.0,104.02857142857142,52.0,0.014285714285714285
19.77260273972603,demographic_sir_R0_comparison,0.39724406368938847,2.813429591464179e-174,0.6027559363106184,2.0,104.02857142857142,52.0,0.014285714285714285
19.791780821917808,demographic_sir_R0_comparison,0.3974091796824144,2.292318658092993e-174,0.6025908203175925,2.0,104.02857142857142,52.0,0.014285714285714285
19.81095890410959,demographic_sir_R0_comparison,0.3975742504443782,1.868344561952712e-174,0.6024257495556286,2.0,104.02857142857142,52.0,0.014285714285714285
19.83013698630137,demographic_sir_R0_comparison,0.3977392759876705,1.5232877893419644e-174,0.6022607240123364,2.0,104.02857142857142,52.0,0.014285714285714285
19.84931506849315,demographic_sir_R0_comparison,0.3979042563246779,1.2423670245522634e-174,0.6020957436753289,2.0,104.02857142857142,52.0,0.014285714285714285
19.86849315068493,demographic_sir_R0_comparison,0.39806919146778424,1.013586453625623e-174,0.6019308085322226,2.0,104.02857142857142,52.0,0.014285714285714285
19.887671232876713,demographic_sir_R0_comparison,0.3982340814293696,8.272076987317508e-175,0.6017659185706373,2.0,104.02857142857142,52.0,0.014285714285714285
19.90684931506849,demographic_sir_R0_comparison,0.3983989262218109,6.753224488311871e-175,0.6016010737781962,2.0,104.02857142857142,52.0,0.014285714285714285
19.926027397260274,demographic_sir_R0_comparison,0.3985637258574815,5.515064745291308e-175,0.6014362741425254,2.0,104.02857142857142,52.0,0.014285714285714285
19.945205479452056,demographic_sir_R0_comparison,0.3987284803487515,4.5053943969071e-175,0.6012715196512557,2.0,104.02857142857142,52.0,0.014285714285714285
19.964383561643835,demographic_sir_R0_comparison,0.39889318970798743,3.6817792471296624e-175,0.6011068102920198,2.0,104.02857142857142,52.0,0.014285714285714285
19.983561643835618,demographic_sir_R0_comparison,0.39905785394755267,3.009714971850007e-175,0.6009421460524548,2.0,104.02857142857142,52.0,0.014285714285714285
20.002739726027396,demographic_sir_R0_comparison,0.3992224730798069,2.461136182472276e-175,0.6007775269202006,2.0,104.02857142857142,52.0,0.014285714285714285
20.02191780821918,demographic_sir_R0_comparison,0.3993870471171066,2.0132074835258178e-175,0.6006129528829007,2.0,104.02857142857142,52.0,0.014285714285714285
20.041095890410958,demographic_sir_R0_comparison,0.399551576071805,1.647342875995417e-175,0.6004484239282022,2.0,104.02857142857142,52.0,0.014285714285714285
20.06027397260274,demographic_sir_R0_comparison,0.39971605995625176,1.3484101230191093e-175,0.6002839400437555,2.0,104.02857142857142,52.0,0.014285714285714285
20.07945205479452,demographic_sir_R0_comparison,0.399880498782793,1.1040849844391175e-175,0.6001195012172141,2.0,104.02857142857142,52.0,0.014285714285714285
20.0986301369863,demographic_sir_R0_comparison,0.400044892563772,9.043269235297596e-176,0.599955107436235,2.0,104.02857142857142,52.0,0.014285714285714285
20.117808219178084,demographic_sir_R0_comparison,0.4002092413115283,7.409533008922188e-176,0.5997907586884789,2.0,104.02857142857142,52.0,0.014285714285714285
20.136986301369863,demographic_sir_R0_comparison,0.40037354503839784,6.07293444990077e-176,0.5996264549616094,2.0,104.02857142857142,52.0,0.014285714285714285
20.156164383561645,demographic_sir_R0_comparison,0.4005378037567135,4.979075260006979e-176,0.5994621962432934,2.0,104.02857142857142,52.0,0.014285714285714285
20.175342465753424,demographic_sir_R0_comparison,0.40070201747880485,4.083580207221174e-176,0.5992979825212024,2.0,104.02857142857142,52.0,0.014285714285714285
20.194520547945206,demographic_sir_R0_comparison,0.40086618621699777,3.350238711719352e-176,0.5991338137830096,2.0,104.02857142857142,52.0,0.014285714285714285
20.213698630136985,demographic_sir_R0_comparison,0.40103030998361494,2.749493130926384e-176,0.5989696900163924,2.0,104.02857142857142,52.0,0.014285714285714285
20.232876712328768,demographic_sir_R0_comparison,0.40119438879097574,2.2572086744154323e-176,0.5988056112090319,2.0,104.02857142857142,52.0,0.014285714285714285
20.252054794520546,demographic_sir_R0_comparison,0.40135842265139593,1.8536721639583358e-176,0.5986415773486119,2.0,104.02857142857142,52.0,0.014285714285714285
20.27123287671233,demographic_sir_R0_comparison,0.40152241157718827,1.5227768058900525e-176,0.5984775884228197,2.0,104.02857142857142,52.0,0.014285714285714285
20.29041095890411,demographic_sir_R0_comparison,0.40168635558066185,1.2513582076275645e-176,0.5983136444193463,2.0,104.02857142857142,52.0,0.014285714285714285
20.30958904109589,demographic_sir_R0_comparison,0.4018502546741222,1.0286534075654664e-176,0.5981497453258858,2.0,104.02857142857142,52.0,0.014285714285714285
20.328767123287673,demographic_sir_R0_comparison,0.40201410886987204,8.45859988565391e-177,0.597985891130136,2.0,104.02857142857142,52.0,0.014285714285714285
20.34794520547945,demographic_sir_R0_comparison,0.4021779181802104,6.957766450273691e-177,0.5978220818197979,2.0,104.02857142857142,52.0,0.014285714285714285
20.367123287671234,demographic_sir_R0_comparison,0.40234168261743297,5.725100622730434e-177,0.5976583173825754,2.0,104.02857142857142,52.0,0.014285714285714285
20.386301369863013,demographic_sir_R0_comparison,0.40250540219383196,4.712357985455014e-177,0.5974945978061763,2.0,104.02857142857142,52.0,0.014285714285714285
20.405479452054795,demographic_sir_R0_comparison,0.40266907692169657,3.880031588370189e-177,0.5973309230783118,2.0,104.02857142857142,52.0,0.014285714285714285
20.424657534246574,demographic_sir_R0_comparison,0.40283270681331207,3.195759167853037e-177,0.5971672931866963,2.0,104.02857142857142,52.0,0.014285714285714285
20.443835616438356,demographic_sir_R0_comparison,0.4029962918809608,2.633022576303985e-177,0.5970037081190473,2.0,104.02857142857142,52.0,0.014285714285714285
20.46301369863014,demographic_sir_R0_comparison,0.4031598321369218,2.1700854780221454e-177,0.5968401678630865,2.0,104.02857142857142,52.0,0.014285714285714285
20.482191780821918,demographic_sir_R0_comparison,0.40332332759347034,1.7891253866226857e-177,0.596676672406538,2.0,104.02857142857142,52.0,0.014285714285714285
20.5013698630137,demographic_sir_R0_comparison,0.40348677826287854,1.475524266597412e-177,0.5965132217371296,2.0,104.02857142857142,52.0,0.014285714285714285
20.52054794520548,demographic_sir_R0_comparison,0.40365018415741527,1.2172885486744416e-177,0.596349815842593,2.0,104.02857142857142,52.0,0.014285714285714285
20.53972602739726,demographic_sir_R0_comparison,0.4038135452893458,1.0045748007462348e-177,0.5961864547106622,2.0,104.02857142857142,52.0,0.014285714285714285
20.55890410958904,demographic_sir_R0_comparison,0.4039768616709325,8.293016848031406e-178,0.5960231383290754,2.0,104.02857142857142,52.0,0.014285714285714285
20.578082191780823,demographic_sir_R0_comparison,0.40414013331443366,6.848324033658082e-178,0.5958598666855741,2.0,104.02857142857142,52.0,0.014285714285714285
20.5972602739726,demographic_sir_R0_comparison,0.4043033602321048,5.657147488439177e-178,0.5956966397679028,2.0,104.02857142857142,52.0,0.014285714285714285
20.616438356164384,demographic_sir_R0_comparison,0.4044665424361981,4.6746823985425074e-178,0.5955334575638095,2.0,104.02857142857142,52.0,0.014285714285714285
20.635616438356166,demographic_sir_R0_comparison,0.4046296799389618,3.8640976037334273e-178,0.5953703200610456,2.0,104.02857142857142,52.0,0.014285714285714285
20.654794520547945,demographic_sir_R0_comparison,0.4047927727526415,3.1951069236844957e-178,0.595207227247366,2.0,104.02857142857142,52.0,0.014285714285714285
20.673972602739727,demographic_sir_R0_comparison,0.40495582088947885,2.642798166472308e-178,0.5950441791105288,2.0,104.02857142857142,52.0,0.014285714285714285
20.693150684931506,demographic_sir_R0_comparison,0.4051188243617125,2.186673040648831e-178,0.5948811756382951,2.0,104.02857142857142,52.0,0.014285714285714285
20.71232876712329,demographic_sir_R0_comparison,0.4052817831815776,1.8098597382307552e-178,0.5947182168184298,2.0,104.02857142857142,52.0,0.014285714285714285
20.731506849315068,demographic_sir_R0_comparison,0.405444697361306,1.4984669309502784e-178,0.5945553026387013,2.0,104.02857142857142,52.0,0.014285714285714285
20.75068493150685,demographic_sir_R0_comparison,0.4056075669131264,1.2410536166756836e-178,0.5943924330868808,2.0,104.02857142857142,52.0,0.014285714285714285
20.76986301369863,demographic_sir_R0_comparison,0.4057703918492636,1.0281939035499816e-178,0.5942296081507433,2.0,104.02857142857142,52.0,0.014285714285714285
20.78904109589041,demographic_sir_R0_comparison,0.40593317218193986,8.521196186383836e-179,0.5940668278180672,2.0,104.02857142857142,52.0,0.014285714285714285
20.808219178082194,demographic_sir_R0_comparison,0.4060959079233732,7.064267325578675e-179,0.5939040920766335,2.0,104.02857142857142,52.0,0.014285714285714285
20.827397260273973,demographic_sir_R0_comparison,0.40625859908577894,5.8583412943209394e-179,0.5937414009142278,2.0,104.02857142857142,52.0,0.014285714285714285
20.846575342465755,demographic_sir_R0_comparison,0.40642124568136884,4.859853267014768e-179,0.593578754318638,2.0,104.02857142857142,52.0,0.014285714285714285
20.865753424657534,demographic_sir_R0_comparison,0.4065838477223513,4.0328544669174244e-179,0.5934161522776557,2.0,104.02857142857142,52.0,0.014285714285714285
20.884931506849316,demographic_sir_R0_comparison,0.40674640522093136,3.347671306191663e-179,0.5932535947790756,2.0,104.02857142857142,52.0,0.014285714285714285
20.904109589041095,demographic_sir_R0_comparison,0.4069089181893107,2.7798022234448826e-179,0.5930910818106964,2.0,104.02857142857142,52.0,0.014285714285714285
20.923287671232877,demographic_sir_R0_comparison,0.40707138663968767,2.3090097974119304e-179,0.5929286133603193,2.0,104.02857142857142,52.0,0.014285714285714285
20.942465753424656,demographic_sir_R0_comparison,0.4072338105842574,1.918573336189264e-179,0.5927661894157495,2.0,104.02857142857142,52.0,0.014285714285714285
20.96164383561644,demographic_sir_R0_comparison,0.40739619003521166,1.594673384315966e-179,0.5926038099647951,2.0,104.02857142857142,52.0,0.014285714285714285
20.980821917808218,demographic_sir_R0_comparison,0.40755852500473866,1.3258847057414017e-179,0.5924414749952681,2.0,104.02857142857142,52.0,0.014285714285714285
21.0,demographic_sir_R0_comparison,0.4077208155050235,1.1027584940912334e-179,0.5922791844949832,2.0,104.02857142857142,52.0,0.014285714285714285
21.019178082191782,demographic_sir_R0_comparison,0.4078830615482478,9.174780000198166e-180,0.5921169384517587,2.0,104.02857142857142,52.0,0.014285714285714285
21.03835616438356,demographic_sir_R0_comparison,0.40804526314659006,7.635745856021871e-180,0.5919547368534164,2.0,104.02857142857142,52.0,0.014285714285714285
21.057534246575344,demographic_sir_R0_comparison,0.40820742031222523,6.35693529545751e-180,0.5917925796877812,2.0,104.02857142857142,52.0,0.014285714285714285
21.076712328767123,demographic_sir_R0_comparison,0.4083695330573248,5.294008059752036e-180,0.5916304669426814,2.0,104.02857142857142,52.0,0.014285714285714285
21.095890410958905,demographic_sir_R0_comparison,0.4085316013940574,4.410236185238389e-180,0.5914683986059489,2.0,104.02857142857142,52.0,0.014285714285714285
21.115068493150684,demographic_sir_R0_comparison,0.40869362533458803,3.6751875171729285e-180,0.5913063746654185,2.0,104.02857142857142,52.0,0.014285714285714285
21.134246575342466,demographic_sir_R0_comparison,0.40885560489107814,3.0636385331270863e-180,0.5911443951089282,2.0,104.02857142857142,52.0,0.014285714285714285
21.153424657534245,demographic_sir_R0_comparison,0.4090175400756862,2.5546762543598753e-180,0.5909824599243202,2.0,104.02857142857142,52.0,0.014285714285714285
21.172602739726027,demographic_sir_R0_comparison,0.4091794309005672,2.130956126833548e-180,0.590820569099439,2.0,104.02857142857142,52.0,0.014285714285714285
21.19178082191781,demographic_sir_R0_comparison,0.40934127737787296,1.7780885939482031e-180,0.5906587226221334,2.0,104.02857142857142,52.0,0.014285714285714285
21.21095890410959,demographic_sir_R0_comparison,0.4095030795197516,1.4841318866100442e-180,0.5904969204802547,2.0,104.02857142857142,52.0,0.014285714285714285
21.23013698630137,demographic_sir_R0_comparison,0.4096648373383483,1.2391725082201487e-180,0.590335162661658,2.0,104.02857142857142,52.0,0.014285714285714285
21.24931506849315,demographic_sir_R0_comparison,0.40982655084580466,1.03497814452216e-180,0.5901734491542017,2.0,104.02857142857142,52.0,0.014285714285714285
21.268493150684932,demographic_sir_R0_comparison,0.40998822005425917,8.647104056525304e-181,0.5900117799457472,2.0,104.02857142857142,52.0,0.014285714285714285
21.28767123287671,demographic_sir_R0_comparison,0.4101498449758468,7.226870125108974e-181,0.5898501550241594,2.0,104.02857142857142,52.0,0.014285714285714285
21.306849315068494,demographic_sir_R0_comparison,0.41031142562269934,6.041848556882704e-181,0.589688574377307,2.0,104.02857142857142,52.0,0.014285714285714285
21.326027397260273,demographic_sir_R0_comparison,0.4104729620069451,5.05276851632672e-181,0.5895270379930612,2.0,104.02857142857142,52.0,0.014285714285714285
21.345205479452055,demographic_sir_R0_comparison,0.41063445414070926,4.2269675413451317e-181,0.5893655458592969,2.0,104.02857142857142,52.0,0.014285714285714285
21.364383561643837,demographic_sir_R0_comparison,0.41079590203611355,3.5372709612932505e-181,0.5892040979638927,2.0,104.02857142857142,52.0,0.014285714285714285
21.383561643835616,demographic_sir_R0_comparison,0.4109573057052763,2.961062754915485e-181,0.5890426942947301,2.0,104.02857142857142,52.0,0.014285714285714285
21.4027397260274,demographic_sir_R0_comparison,0.4111186651603127,2.4795149038504135e-181,0.5888813348396936,2.0,104.02857142857142,52.0,0.014285714285714285
21.421917808219177,demographic_sir_R0_comparison,0.4112799804133347,2.0769480070508525e-181,0.5887200195866718,2.0,104.02857142857142,52.0,0.014285714285714285
21.44109589041096,demographic_sir_R0_comparison,0.41144125147645066,1.7403006347061558e-181,0.5885587485235559,2.0,104.02857142857142,52.0,0.014285714285714285
21.46027397260274,demographic_sir_R0_comparison,0.4116024783617658,1.458688792132463e-181,0.588397521638241,2.0,104.02857142857142,52.0,0.014285714285714285
21.47945205479452,demographic_sir_R0_comparison,0.4117636610813819,1.223040078710563e-181,0.588236338918625,2.0,104.02857142857142,52.0,0.014285714285714285
21.4986301369863,demographic_sir_R0_comparison,0.4119247996473976,1.0257897829807202e-181,0.5880752003526096,2.0,104.02857142857142,52.0,0.014285714285714285
21.517808219178082,demographic_sir_R0_comparison,0.41208589407190804,8.606283501622646e-182,0.5879141059280993,2.0,104.02857142857142,52.0,0.014285714285714285
21.536986301369865,demographic_sir_R0_comparison,0.41224694436700493,7.2229147318554e-182,0.5877530556330024,2.0,104.02857142857142,52.0,0.014285714285714285
21.556164383561644,demographic_sir_R0_comparison,0.4124079505447771,6.063855591480487e-182,0.5875920494552302,2.0,104.02857142857142,52.0,0.014285714285714285
21.575342465753426,demographic_sir_R0_comparison,0.41256891261730966,5.092425646459077e-182,0.5874310873826976,2.0,104.02857142857142,52.0,0.014285714285714285
21.594520547945205,demographic_sir_R0_comparison,0.4127298305966848,4.277992207869979e-182,0.5872701694033226,2.0,104.02857142857142,52.0,0.014285714285714285
21.613698630136987,demographic_sir_R0_comparison,0.41289070449498094,3.594965190719486e-182,0.587109295505026,2.0,104.02857142857142,52.0,0.014285714285714285
21.632876712328766,demographic_sir_R0_comparison,0.4130515343242736,3.0219603343438815e-182,0.5869484656757332,2.0,104.02857142857142,52.0,0.014285714285714285
21.65205479452055,demographic_sir_R0_comparison,0.413212320096635,2.541102368967032e-182,0.5867876799033719,2.0,104.02857142857142,52.0,0.014285714285714285
21.671232876712327,demographic_sir_R0_comparison,0.4133730618241336,2.1374445444458845e-182,0.5866269381758734,2.0,104.02857142857142,52.0,0.014285714285714285
21.69041095890411,demographic_sir_R0_comparison,0.4135337595188348,1.7984849412479884e-182,0.5864662404811722,2.0,104.02857142857142,52.0,0.014285714285714285
21.709589041095892,demographic_sir_R0_comparison,0.4136944131928009,1.513763302999397e-182,0.5863055868072063,2.0,104.02857142857142,52.0,0.014285714285714285
21.72876712328767,demographic_sir_R0_comparison,0.41385502285809067,1.2745248824203005e-182,0.5861449771419167,2.0,104.02857142857142,52.0,0.014285714285714285
21.747945205479454,demographic_sir_R0_comparison,0.41401558852675974,1.0734400756256354e-182,0.5859844114732478,2.0,104.02857142857142,52.0,0.014285714285714285
21.767123287671232,demographic_sir_R0_comparison,0.41417611021086004,9.043705141930497e-183,0.5858238897891475,2.0,104.02857142857142,52.0,0.014285714285714285
21.786301369863015,demographic_sir_R0_comparison,0.41433658792244066,7.621738567538804e-183,0.5856634120775668,2.0,104.02857142857142,52.0,0.014285714285714285
21.805479452054794,demographic_sir_R0_comparison,0.4144970216735472,6.425408272965435e-183,0.58550297832646,2.0,104.02857142857142,52.0,0.014285714285714285
21.824657534246576,demographic_sir_R0_comparison,0.41465741147622204,5.418591315175955e-183,0.5853425885237852,2.0,104.02857142857142,52.0,0.014285714285714285
21.843835616438355,demographic_sir_R0_comparison,0.41481775734250415,4.570997832029243e-183,0.5851822426575028,2.0,104.02857142857142,52.0,0.014285714285714285
21.863013698630137,demographic_sir_R0_comparison,0.4149780592844293,3.857221210472826e-183,0.5850219407155777,2.0,104.02857142857142,52.0,0.014285714285714285
21.88219178082192,demographic_sir_R0_comparison,0.4151383173140298,3.2559441844451034e-183,0.5848616826859769,2.0,104.02857142857142,52.0,0.014285714285714285
21.9013698630137,demographic_sir_R0_comparison,0.4152985314433348,2.749275060686177e-183,0.5847014685566719,2.0,104.02857142857142,52.0,0.014285714285714285
21.92054794520548,demographic_sir_R0_comparison,0.41545870168437027,2.322192573163102e-183,0.5845412983156366,2.0,104.02857142857142,52.0,0.014285714285714285
21.93972602739726,demographic_sir_R0_comparison,0.4156188280491587,1.9620814464470732e-183,0.5843811719508484,2.0,104.02857142857142,52.0,0.014285714285714285
21.958904109589042,demographic_sir_R0_comparison,0.41577891054971916,1.65834372748948e-183,0.5842210894502881,2.0,104.02857142857142,52.0,0.014285714285714285
21.97808219178082,demographic_sir_R0_comparison,0.4159389491980677,1.4020734253266092e-183,0.5840610508019395,2.0,104.02857142857142,52.0,0.014285714285714285
21.997260273972604,demographic_sir_R0_comparison,0.4160989440062169,1.185784063495557e-183,0.5839010559937902,2.0,104.02857142857142,52.0,0.014285714285714285
22.016438356164382,demographic_sir_R0_comparison,0.41625889498617624,1.0031804702835146e-183,0.5837411050138307,2.0,104.02857142857142,52.0,0.014285714285714285
22.035616438356165,demographic_sir_R0_comparison,0.416418802149952,8.48967565378212e-184,0.5835811978500551,2.0,104.02857142857142,52.0,0.014285714285714285
22.054794520547944,demographic_sir_R0_comparison,0.41657866550954653,7.186900962520759e-184,0.5834213344904603,2.0,104.02857142857142,52.0,0.014285714285714285
22.073972602739726,demographic_sir_R0_comparison,0.4167384850769597,6.085982737275543e-184,0.5832615149230471,2.0,104.02857142857142,52.0,0.014285714285714285
22.09315068493151,demographic_sir_R0_comparison,0.41689826086418746,5.155350869214667e-184,0.5831017391358193,2.0,104.02857142857142,52.0,0.014285714285714285
22.112328767123287,demographic_sir_R0_comparison,0.4170579928832229,4.36841770804791e-184,0.5829420071167839,2.0,104.02857142857142,52.0,0.014285714285714285
22.13150684931507,demographic_sir_R0_comparison,0.4172176811460556,3.7027847794708404e-184,0.582782318853951,2.0,104.02857142857142,52.0,0.014285714285714285
22.15068493150685,demographic_sir_R0_comparison,0.41737732566467195,3.139576887680364e-184,0.5826226743353347,2.0,104.02857142857142,52.0,0.014285714285714285
22.16986301369863,demographic_sir_R0_comparison,0.417536926451055,2.662882977096736e-184,0.5824630735489515,2.0,104.02857142857142,52.0,0.014285714285714285
22.18904109589041,demographic_sir_R0_comparison,0.4176964835171846,2.259286494187e-184,0.5823035164828221,2.0,104.02857142857142,52.0,0.014285714285714285
22.208219178082192,demographic_sir_R0_comparison,0.4178559968750372,1.917470803139635e-184,0.5821440031249695,2.0,104.02857142857142,52.0,0.014285714285714285
22.22739726027397,demographic_sir_R0_comparison,0.4180154665365861,1.6278875599435078e-184,0.5819845334634207,2.0,104.02857142857142,52.0,0.014285714285714285
22.246575342465754,demographic_sir_R0_comparison,0.4181748925138012,1.3824779146391868e-184,0.5818251074862056,2.0,104.02857142857142,52.0,0.014285714285714285
22.265753424657536,demographic_sir_R0_comparison,0.41833427481864915,1.1744380548901771e-184,0.5816657251813576,2.0,104.02857142857142,52.0,0.014285714285714285
22.284931506849315,demographic_sir_R0_comparison,0.4184936134630934,9.980219786658724e-185,0.5815063865369136,2.0,104.02857142857142,52.0,0.014285714285714285
22.304109589041097,demographic_sir_R0_comparison,0.41865290845909386,8.48375534035596e-185,0.581347091540913,2.0,104.02857142857142,52.0,0.014285714285714285
22.323287671232876,demographic_sir_R0_comparison,0.4188121598186076,7.213967267670862e-185,0.5811878401813991,2.0,104.02857142857142,52.0,0.014285714285714285
22.34246575342466,demographic_sir_R0_comparison,0.4189713675535882,6.136181024138709e-185,0.5810286324464188,2.0,104.02857142857142,52.0,0.014285714285714285
22.361643835616437,demographic_sir_R0_comparison,0.4191305316759858,5.221076845747321e-185,0.5808694683240211,2.0,104.02857142857142,52.0,0.014285714285714285
22.38082191780822,demographic_sir_R0_comparison,0.41928965219774755,4.443855164671984e-185,0.5807103478022594,2.0,104.02857142857142,52.0,0.014285714285714285
22.4,demographic_sir_R0_comparison,0.41944872913081704,3.783533267979247e-185,0.5805512708691899,2.0,104.02857142857142,52.0,0.014285714285714285
22.41917808219178,demographic_sir_R0_comparison,0.419607762487135,3.222352380932924e-185,0.5803922375128722,2.0,104.02857142857142,52.0,0.014285714285714285
22.438356164383563,demographic_sir_R0_comparison,0.4197667522786384,2.7452776867887988e-185,0.5802332477213686,2.0,104.02857142857142,52.0,0.014285714285714285
22.457534246575342,demographic_sir_R0_comparison,0.4199256985172612,2.3395765880876547e-185,0.5800743014827457,2.0,104.02857142857142,52.0,0.014285714285714285
22.476712328767125,demographic_sir_R0_comparison,0.42008460121493396,1.994462857801846e-185,0.5799153987850727,2.0,104.02857142857142,52.0,0.014285714285714285
22.495890410958904,demographic_sir_R0_comparison,0.42024346038358434,1.7007962952531474e-185,0.5797565396164224,2.0,104.02857142857142,52.0,0.014285714285714285
22.515068493150686,demographic_sir_R0_comparison,0.42040227603513636,1.4508291525735464e-185,0.5795977239648705,2.0,104.02857142857142,52.0,0.014285714285714285
22.534246575342465,demographic_sir_R0_comparison,0.4205610481815108,1.237991983725454e-185,0.579438951818496,2.0,104.02857142857142,52.0,0.014285714285714285
22.553424657534247,demographic_sir_R0_comparison,0.4207197768346253,1.0567127324794627e-185,0.5792802231653815,2.0,104.02857142857142,52.0,0.014285714285714285
22.572602739726026,demographic_sir_R0_comparison,0.4208784620063942,9.022638540758816e-186,0.5791215379936127,2.0,104.02857142857142,52.0,0.014285714285714285
22.59178082191781,demographic_sir_R0_comparison,0.4210371037087286,7.706330875315767e-186,0.5789628962912782,2.0,104.02857142857142,52.0,0.014285714285714285
22.61095890410959,demographic_sir_R0_comparison,0.4211957019535363,6.5841418681428426e-186,0.5788042980464706,2.0,104.02857142857142,52.0,0.014285714285714285
22.63013698630137,demographic_sir_R0_comparison,0.42135425675272165,5.627145004192311e-186,0.5786457432472852,2.0,104.02857142857142,52.0,0.014285714285714285
22.649315068493152,demographic_sir_R0_comparison,0.42151276811818617,4.810767778854644e-186,0.5784872318818206,2.0,104.02857142857142,52.0,0.014285714285714285
22.66849315068493,demographic_sir_R0_comparison,0.42167123606182777,4.114129932578887e-186,0.5783287639381789,2.0,104.02857142857142,52.0,0.014285714285714285
22.687671232876713,demographic_sir_R0_comparison,0.42182966059554133,3.5194832183187067e-186,0.5781703394044653,2.0,104.02857142857142,52.0,0.014285714285714285
22.706849315068492,demographic_sir_R0_comparison,0.4219880417312182,3.0117369810938704e-186,0.5780119582687884,2.0,104.02857142857142,52.0,0.014285714285714285
22.726027397260275,demographic_sir_R0_comparison,0.4221463794807467,2.578056284702582e-186,0.5778536205192598,2.0,104.02857142857142,52.0,0.014285714285714285
22.745205479452054,demographic_sir_R0_comparison,0.4223046738560118,2.2075213894499113e-186,0.5776953261439947,2.0,104.02857142857142,52.0,0.014285714285714285
22.764383561643836,demographic_sir_R0_comparison,0.42246292486889525,1.8908391281186665e-186,0.5775370751311113,2.0,104.02857142857142,52.0,0.014285714285714285
22.78356164383562,demographic_sir_R0_comparison,0.42262113253127537,1.6200981969581294e-186,0.5773788674687308,2.0,104.02857142857142,52.0,0.014285714285714285
22.802739726027397,demographic_sir_R0_comparison,0.4227792968550275,1.3885616175531363e-186,0.5772207031449788,2.0,104.02857142857142,52.0,0.014285714285714285
22.82191780821918,demographic_sir_R0_comparison,0.42293741785202377,1.190490670524366e-186,0.5770625821479822,2.0,104.02857142857142,52.0,0.014285714285714285
22.84109589041096,demographic_sir_R0_comparison,0.4230954955341328,1.0209954837237855e-186,0.5769045044658734,2.0,104.02857142857142,52.0,0.014285714285714285
22.86027397260274,demographic_sir_R0_comparison,0.42325352991321985,8.759082016871675e-187,0.5767464700867863,2.0,104.02857142857142,52.0,0.014285714285714285
22.87945205479452,demographic_sir_R0_comparison,0.4234115210011475,7.516752912545342e-187,0.5765884789988588,2.0,104.02857142857142,52.0,0.014285714285714285
22.898630136986302,demographic_sir_R0_comparison,0.4235694688097744,6.452660686858619e-187,0.5764305311902316,2.0,104.02857142857142,52.0,0.014285714285714285
22.91780821917808,demographic_sir_R0_comparison,0.4237273733509564,5.540949816275891e-187,0.5762726266490495,2.0,104.02857142857142,52.0,0.014285714285714285
22.936986301369863,demographic_sir_R0_comparison,0.4238852346365461,4.759555578268763e-187,0.57611476536346,2.0,104.02857142857142,52.0,0.014285714285714285
22.956164383561642,demographic_sir_R0_comparison,0.4240430526783926,4.089642524212864e-187,0.5759569473216137,2.0,104.02857142857142,52.0,0.014285714285714285
22.975342465753425,demographic_sir_R0_comparison,0.42420082748834176,3.515126961007407e-187,0.5757991725116645,2.0,104.02857142857142,52.0,0.014285714285714285
22.994520547945207,demographic_sir_R0_comparison,0.42435855907823633,3.02227075163901e-187,0.5756414409217697,2.0,104.02857142857142,52.0,0.014285714285714285
23.013698630136986,demographic_sir_R0_comparison,0.4245162474599159,2.5993356796831856e-187,0.57548375254009,2.0,104.02857142857142,52.0,0.014285714285714285
23.03287671232877,demographic_sir_R0_comparison,0.4246738926452168,2.236289259851128e-187,0.5753261073547891,2.0,104.02857142857142,52.0,0.014285714285714285
23.052054794520547,demographic_sir_R0_comparison,0.4248314946459721,1.9245542623279644e-187,0.5751685053540341,2.0,104.02857142857142,52.0,0.014285714285714285
23.07123287671233,demographic_sir_R0_comparison,0.42498905347401117,1.6567953917858314e-187,0.5750109465259949,2.0,104.02857142857142,52.0,0.014285714285714285
23.09041095890411,demographic_sir_R0_comparison,0.4251465691411608,1.426737555476215e-187,0.5748534308588452,2.0,104.02857142857142,52.0,0.014285714285714285
23.10958904109589,demographic_sir_R0_comparison,0.42530404165924424,1.229010996444488e-187,0.5746959583407617,2.0,104.02857142857142,52.0,0.014285714285714285
23.12876712328767,demographic_sir_R0_comparison,0.4254614710400815,1.0590192811047641e-187,0.5745385289599244,2.0,104.02857142857142,52.0,0.014285714285714285
23.147945205479452,demographic_sir_R0_comparison,0.42561885729548943,9.128267349308919e-188,0.5743811427045166,2.0,104.02857142857142,52.0,0.014285714285714285
23.167123287671235,demographic_sir_R0_comparison,0.42577620043728165,7.87062432579205e-188,0.5742237995627244,2.0,104.02857142857142,52.0,0.014285714285714285
23.186301369863013,demographic_sir_R0_comparison,0.42593350047726836,6.788382834666534e-188,0.5740664995227379,2.0,104.02857142857142,52.0,0.014285714285714285
23.205479452054796,demographic_sir_R0_comparison,0.4260907574272567,5.856791226226503e-188,0.5739092425727496,2.0,104.02857142857142,52.0,0.014285714285714285
23.224657534246575,demographic_sir_R0_comparison,0.42624797129905057,5.054630295953722e-188,0.5737520287009559,2.0,104.02857142857142,52.0,0.014285714285714285
23.243835616438357,demographic_sir_R0_comparison,0.4264051421044505,4.3637036385386716e-188,0.573594857895556,2.0,104.02857142857142,52.0,0.014285714285714285
23.263013698630136,demographic_sir_R0_comparison,0.4265622698552541,3.768402307024888e-188,0.5734377301447525,2.0,104.02857142857142,52.0,0.014285714285714285
23.28219178082192,demographic_sir_R0_comparison,0.4267193545632554,3.2553328331480354e-188,0.5732806454367515,2.0,104.02857142857142,52.0,0.014285714285714285
23.301369863013697,demographic_sir_R0_comparison,0.4268763962402451,2.8129992927068754e-188,0.5731236037597618,2.0,104.02857142857142,52.0,0.014285714285714285
23.32054794520548,demographic_sir_R0_comparison,0.4270333948980114,2.4315314831328972e-188,0.5729666051019957,2.0,104.02857142857142,52.0,0.014285714285714285
23.339726027397262,demographic_sir_R0_comparison,0.4271903505483383,2.1024524563913395e-188,0.5728096494516685,2.0,104.02857142857142,52.0,0.014285714285714285
23.35890410958904,demographic_sir_R0_comparison,0.4273472632030073,1.818479650299865e-188,0.5726527367969995,2.0,104.02857142857142,52.0,0.014285714285714285
23.378082191780823,demographic_sir_R0_comparison,0.4275041328737964,1.5733547118995663e-188,0.5724958671262105,2.0,104.02857142857142,52.0,0.014285714285714285
23.397260273972602,demographic_sir_R0_comparison,0.42766095957248035,1.36169783017793e-188,0.5723390404275266,2.0,104.02857142857142,52.0,0.014285714285714285
23.416438356164385,demographic_sir_R0_comparison,0.42781774331083067,1.178883011333153e-188,0.5721822566891762,2.0,104.02857142857142,52.0,0.014285714285714285
23.435616438356163,demographic_sir_R0_comparison,0.42797448410061584,1.0209312540903766e-188,0.5720255158993912,2.0,104.02857142857142,52.0,0.014285714285714285
23.454794520547946,demographic_sir_R0_comparison,0.42813118195360095,8.844190290677287e-189,0.5718688180464064,2.0,104.02857142857142,52.0,0.014285714285714285
23.473972602739725,demographic_sir_R0_comparison,0.42828783688154776,7.663998465160775e-189,0.5717121631184598,2.0,104.02857142857142,52.0,0.014285714285714285
23.493150684931507,demographic_sir_R0_comparison,0.4284444488962152,6.643370208102691e-189,0.5715555511037926,2.0,104.02857142857142,52.0,0.014285714285714285
23.51232876712329,demographic_sir_R0_comparison,0.42860101800935835,5.760460162636892e-189,0.5713989819906494,2.0,104.02857142857142,52.0,0.014285714285714285
23.53150684931507,demographic_sir_R0_comparison,0.4287575442327297,4.996449943025333e-189,0.5712424557672783,2.0,104.02857142857142,52.0,0.014285714285714285
23.55068493150685,demographic_sir_R0_comparison,0.4289140275780782,4.335123828397397e-189,0.5710859724219298,2.0,104.02857142857142,52.0,0.014285714285714285
23.56986301369863,demographic_sir_R0_comparison,0.42907046805714966,3.76250459979772e-189,0.5709295319428584,2.0,104.02857142857142,52.0,0.014285714285714285
23.589041095890412,demographic_sir_R0_comparison,0.42922686568168666,3.266540903443573e-189,0.5707731343183213,2.0,104.02857142857142,52.0,0.014285714285714285
23.60821917808219,demographic_sir_R0_comparison,0.42938322046342847,2.836838770603971e-189,0.5706167795365796,2.0,104.02857142857142,52.0,0.014285714285714285
23.627397260273973,demographic_sir_R0_comparison,0.4295395324141113,2.464430989584899e-189,0.5704604675858969,2.0,104.02857142857142,52.0,0.014285714285714285
23.646575342465752,demographic_sir_R0_comparison,0.4296958015454681,2.1415789349033124e-189,0.57030419845454,2.0,104.02857142857142,52.0,0.014285714285714285
23.665753424657535,demographic_sir_R0_comparison,0.4298520278692287,1.861602235752856e-189,0.5701479721307795,2.0,104.02857142857142,52.0,0.014285714285714285
23.684931506849317,demographic_sir_R0_comparison,0.43000821139711937,1.6187323298394598e-189,0.5699917886028889,2.0,104.02857142857142,52.0,0.014285714285714285
23.704109589041096,demographic_sir_R0_comparison,0.4301643521408635,1.4079865161878095e-189,0.5698356478591449,2.0,104.02857142857142,52.0,0.014285714285714285
23.723287671232878,demographic_sir_R0_comparison,0.4303204501121813,1.2250596057525362e-189,0.5696795498878272,2.0,104.02857142857142,52.0,0.014285714285714285
23.742465753424657,demographic_sir_R0_comparison,0.4304765053227894,1.0662306836538195e-189,0.5695234946772191,2.0,104.02857142857142,52.0,0.014285714285714285
23.76164383561644,demographic_sir_R0_comparison,0.43063251778440165,9.28282851868638e-190,0.569367482215607,2.0,104.02857142857142,52.0,0.014285714285714285
23.78082191780822,demographic_sir_R0_comparison,0.4307884875087284,8.084341250037349e-190,0.5692115124912805,2.0,104.02857142857142,52.0,0.014285714285714285
23.8,demographic_sir_R0_comparison,0.4309444145074769,7.042779118115844e-190,0.569055585492532,2.0,104.02857142857142,52.0,0.014285714285714285
23.81917808219178,demographic_sir_R0_comparison,0.4311002987923512,6.137317377595422e-190,0.5688997012076576,2.0,104.02857142857142,52.0,0.014285714285714285
23.838356164383562,demographic_sir_R0_comparison,0.43125614037505206,5.349930546484244e-190,0.5687438596249568,2.0,104.02857142857142,52.0,0.014285714285714285
23.857534246575344,demographic_sir_R0_comparison,0.43141193926727717,4.665011466402853e-190,0.5685880607327316,2.0,104.02857142857142,52.0,0.014285714285714285
23.876712328767123,demographic_sir_R0_comparison,0.431567695480721,4.0690428204641423e-190,0.5684323045192878,2.0,104.02857142857142,52.0,0.014285714285714285
23.895890410958906,demographic_sir_R0_comparison,0.4317234090270747,3.550313802270192e-190,0.568276590972934,2.0,104.02857142857142,52.0,0.014285714285714285
23.915068493150685,demographic_sir_R0_comparison,0.43187907991802627,3.098675658455724e-190,0.5681209200819826,2.0,104.02857142857142,52.0,0.014285714285714285
23.934246575342467,demographic_sir_R0_comparison,0.4320347081652605,2.7053307096812874e-190,0.5679652918347483,2.0,104.02857142857142,52.0,0.014285714285714285
23.953424657534246,demographic_sir_R0_comparison,0.4321902937804591,2.3626502120784294e-190,0.5678097062195498,2.0,104.02857142857142,52.0,0.014285714285714285
23.972602739726028,demographic_sir_R0_comparison,0.4323458367753005,2.0640170708528815e-190,0.5676541632247085,2.0,104.02857142857142,52.0,0.014285714285714285
23.991780821917807,demographic_sir_R0_comparison,0.4325013371614596,1.8036899754715247e-190,0.567498662838549,2.0,104.02857142857142,52.0,0.014285714285714285
24.01095890410959,demographic_sir_R0_comparison,0.43265679495060894,1.576686004735749e-190,0.5673432050493998,2.0,104.02857142857142,52.0,0.014285714285714285
24.03013698630137,demographic_sir_R0_comparison,0.43281221015441695,1.3786791613554175e-190,0.5671877898455917,2.0,104.02857142857142,52.0,0.014285714285714285
24.04931506849315,demographic_sir_R0_comparison,0.4329675827845494,1.2059126490034212e-190,0.5670324172154595,2.0,104.02857142857142,52.0,0.014285714285714285
24.068493150684933,demographic_sir_R0_comparison,0.4331229128526685,1.0551230085118033e-190,0.5668770871473402,2.0,104.02857142857142,52.0,0.014285714285714285
24.087671232876712,demographic_sir_R0_comparison,0.4332782003704338,9.234744909163817e-191,0.566721799629575,2.0,104.02857142857142,52.0,0.014285714285714285
24.106849315068494,demographic_sir_R0_comparison,0.43343344534950107,8.085022695246069e-191,0.5665665546505076,2.0,104.02857142857142,52.0,0.014285714285714285
24.126027397260273,demographic_sir_R0_comparison,0.43358864780152334,7.080632862462578e-191,0.5664113521984855,2.0,104.02857142857142,52.0,0.014285714285714285
24.145205479452056,demographic_sir_R0_comparison,0.43374380773815013,6.202936935296682e-191,0.5662561922618586,2.0,104.02857142857142,52.0,0.014285714285714285
24.164383561643834,demographic_sir_R0_comparison,0.4338989251710279,5.4357199619515184e-191,0.5661010748289809,2.0,104.02857142857142,52.0,0.014285714285714285
24.183561643835617,demographic_sir_R0_comparison,0.4340540001118,4.764871205106181e-191,0.5659459998882087,2.0,104.02857142857142,52.0,0.014285714285714285
24.202739726027396,demographic_sir_R0_comparison,0.4342090325721064,4.178107438151379e-191,0.5657909674279024,2.0,104.02857142857142,52.0,0.014285714285714285
24.221917808219178,demographic_sir_R0_comparison,0.43436402256358414,3.664733092604765e-191,0.5656359774364247,2.0,104.02857142857142,52.0,0.014285714285714285
24.24109589041096,demographic_sir_R0_comparison,0.4345189700978668,3.215432288722439e-191,0.5654810299021419,2.0,104.02857142857142,52.0,0.014285714285714285
24.26027397260274,demographic_sir_R0_comparison,0.4346738751865848,2.8220884589605395e-191,0.5653261248134236,2.0,104.02857142857142,52.0,0.014285714285714285
24.279452054794522,demographic_sir_R0_comparison,0.43482873784136566,2.4776278581070023e-191,0.5651712621586427,2.0,104.02857142857142,52.0,0.014285714285714285
24.2986301369863,demographic_sir_R0_comparison,0.4349835580738335,2.1758837576192698e-191,0.565016441926175,2.0,104.02857142857142,52.0,0.014285714285714285
24.317808219178083,demographic_sir_R0_comparison,0.4351383358956092,1.911478556173381e-191,0.564861664104399,2.0,104.02857142857142,52.0,0.014285714285714285
24.336986301369862,demographic_sir_R0_comparison,0.43529307131831063,1.6797214132842703e-191,0.5647069286816976,2.0,104.02857142857142,52.0,0.014285714285714285
24.356164383561644,demographic_sir_R0_comparison,0.4354477643535523,1.4765193363553867e-191,0.5645522356464558,2.0,104.02857142857142,52.0,0.014285714285714285
24.375342465753423,demographic_sir_R0_comparison,0.4356024150129458,1.2982999307847247e-191,0.5643975849870625,2.0,104.02857142857142,52.0,0.014285714285714285
24.394520547945206,demographic_sir_R0_comparison,0.4357570233080991,1.1419442638969198e-191,0.564242976691909,2.0,104.02857142857142,52.0,0.014285714285714285
24.413698630136988,demographic_sir_R0_comparison,0.4359115892506175,1.0047285017608764e-191,0.5640884107493909,2.0,104.02857142857142,52.0,0.014285714285714285
24.432876712328767,demographic_sir_R0_comparison,0.43606611285210267,8.842731579067408e-192,0.5639338871479058,2.0,104.02857142857142,52.0,0.014285714285714285
24.45205479452055,demographic_sir_R0_comparison,0.43622059412415337,7.784989484799642e-192,0.5637794058758553,2.0,104.02857142857142,52.0,0.014285714285714285
24.471232876712328,demographic_sir_R0_comparison,0.43637503307836506,6.855883828137502e-192,0.5636249669216434,2.0,104.02857142857142,52.0,0.014285714285714285
24.49041095890411,demographic_sir_R0_comparison,0.4365294297263302,6.039523346549613e-192,0.5634705702736783,2.0,104.02857142857142,52.0,0.014285714285714285
24.50958904109589,demographic_sir_R0_comparison,0.4366837840796378,5.322009398336147e-192,0.563316215920371,2.0,104.02857142857142,52.0,0.014285714285714285
24.528767123287672,demographic_sir_R0_comparison,0.43683809614987407,4.691182531630371e-192,0.563161903850135,2.0,104.02857142857142,52.0,0.014285714285714285
24.54794520547945,demographic_sir_R0_comparison,0.43699236594862173,4.136401726495228e-192,0.5630076340513877,2.0,104.02857142857142,52.0,0.014285714285714285
24.567123287671233,demographic_sir_R0_comparison,0.4371465934874602,3.648352042663393e-192,0.5628534065125491,2.0,104.02857142857142,52.0,0.014285714285714285
24.586301369863016,demographic_sir_R0_comparison,0.43730077877796636,3.2188769698515927e-192,0.5626992212220431,2.0,104.02857142857142,52.0,0.014285714285714285
24.605479452054794,demographic_sir_R0_comparison,0.43745492183171314,2.840832266407148e-192,0.5625450781682961,2.0,104.02857142857142,52.0,0.014285714285714285
24.624657534246577,demographic_sir_R0_comparison,0.4376090226602709,2.5079584955706275e-192,0.5623909773397382,2.0,104.02857142857142,52.0,0.014285714285714285
24.643835616438356,demographic_sir_R0_comparison,0.43776308127520647,2.2147698356755287e-192,0.5622369187248025,2.0,104.02857142857142,52.0,0.014285714285714285
24.663013698630138,demographic_sir_R0_comparison,0.43791709768808373,1.9564570587792256e-192,0.5620829023119254,2.0,104.02857142857142,52.0,0.014285714285714285
24.682191780821917,demographic_sir_R0_comparison,0.43807107191046324,1.72880284811711e-192,0.5619289280895458,2.0,104.02857142857142,52.0,0.014285714285714285
24.7013698630137,demographic_sir_R0_comparison,0.43822500395390257,1.5281078640660396e-192,0.5617749960461064,2.0,104.02857142857142,52.0,0.014285714285714285
24.720547945205478,demographic_sir_R0_comparison,0.4383788938299558,1.3511261759199492e-192,0.5616211061700531,2.0,104.02857142857142,52.0,0.014285714285714285
24.73972602739726,demographic_sir_R0_comparison,0.43853274155017424,1.195008856951492e-192,0.5614672584498345,2.0,104.02857142857142,52.0,0.014285714285714285
24.758904109589043,demographic_sir_R0_comparison,0.43868654712610583,1.0572546966404851e-192,0.5613134528739028,2.0,104.02857142857142,52.0,0.014285714285714285
24.778082191780822,demographic_sir_R0_comparison,0.4388403105692953,9.356671197558982e-193,0.5611596894307131,2.0,104.02857142857142,52.0,0.014285714285714285
24.797260273972604,demographic_sir_R0_comparison,0.4389940318912843,8.283165199359946e-193,0.561005968108724,2.0,104.02857142857142,52.0,0.014285714285714285
24.816438356164383,demographic_sir_R0_comparison,0.4391477111036113,7.335073178908249e-193,0.560852288896397,2.0,104.02857142857142,52.0,0.014285714285714285
24.835616438356166,demographic_sir_R0_comparison,0.4393013482178117,6.497491434089943e-193,0.5606986517821967,2.0,104.02857142857142,52.0,0.014285714285714285
24.854794520547944,demographic_sir_R0_comparison,0.4394549432454176,5.757316177677115e-193,0.5605450567545907,2.0,104.02857142857142,52.0,0.014285714285714285
24.873972602739727,demographic_sir_R0_comparison,0.43960849619795805,5.10302280458036e-193,0.5603915038020502,2.0,104.02857142857142,52.0,0.014285714285714285
24.893150684931506,demographic_sir_R0_comparison,0.43976200708695873,4.524472626847988e-193,0.5602379929130493,2.0,104.02857142857142,52.0,0.014285714285714285
24.912328767123288,demographic_sir_R0_comparison,0.43991547592394253,4.0127436103458995e-193,0.5600845240760657,2.0,104.02857142857142,52.0,0.014285714285714285
24.93150684931507,demographic_sir_R0_comparison,0.44006890272042887,3.559982090310382e-193,0.5599310972795793,2.0,104.02857142857142,52.0,0.014285714285714285
24.95068493150685,demographic_sir_R0_comparison,0.440222287487934,3.1592728287943166e-193,0.5597777125120744,2.0,104.02857142857142,52.0,0.014285714285714285
24.96986301369863,demographic_sir_R0_comparison,0.4403756302379714,2.80452511298083e-193,0.5596243697620371,2.0,104.02857142857142,52.0,0.014285714285714285
24.98904109589041,demographic_sir_R0_comparison,0.44052893098205087,2.4903728859311195e-193,0.5594710690179575,2.0,104.02857142857142,52.0,0.014285714285714285
25.008219178082193,demographic_sir_R0_comparison,0.4406821897316794,2.2120871562339477e-193,0.5593178102683292,2.0,104.02857142857142,52.0,0.014285714285714285
25.027397260273972,demographic_sir_R0_comparison,0.4408354064983606,1.9654991551563508e-193,0.5591645935016477,2.0,104.02857142857142,52.0,0.014285714285714285
25.046575342465754,demographic_sir_R0_comparison,0.4409885812935954,1.7469329035118502e-193,0.559011418706413,2.0,104.02857142857142,52.0,0.014285714285714285
25.065753424657533,demographic_sir_R0_comparison,0.4411417141288811,1.5531460192838494e-193,0.5588582858711275,2.0,104.02857142857142,52.0,0.014285714285714285
25.084931506849315,demographic_sir_R0_comparison,0.44129480501571194,1.3812777442711858e-193,0.5587051949842968,2.0,104.02857142857142,52.0,0.014285714285714285
25.104109589041094,demographic_sir_R0_comparison,0.44144785396557906,1.2288032964676958e-193,0.5585521460344298,2.0,104.02857142857142,52.0,0.014285714285714285
25.123287671232877,demographic_sir_R0_comparison,0.44160086098997064,1.093493766965563e-193,0.5583991390100385,2.0,104.02857142857142,52.0,0.014285714285714285
25.14246575342466,demographic_sir_R0_comparison,0.4417538261003714,9.733808780040015e-194,0.5582461738996377,2.0,104.02857142857142,52.0,0.014285714285714285
25.161643835616438,demographic_sir_R0_comparison,0.44190674930826296,8.667260041971234e-194,0.5580932506917462,2.0,104.02857142857142,52.0,0.014285714285714285
25.18082191780822,demographic_sir_R0_comparison,0.4420596306251241,7.719929335704132e-194,0.5579403693748851,2.0,104.02857142857142,52.0,0.014285714285714285
25.2,demographic_sir_R0_comparison,0.44221247006243003,6.878239101981597e-194,0.5577875299375792,2.0,104.02857142857142,52.0,0.014285714285714285
25.21917808219178,demographic_sir_R0_comparison,0.4423652676316531,6.130185571733475e-194,0.5576347323683559,2.0,104.02857142857142,52.0,0.014285714285714285
25.23835616438356,demographic_sir_R0_comparison,0.44251802334426243,5.46515328410136e-194,0.5574819766557462,2.0,104.02857142857142,52.0,0.014285714285714285
25.257534246575343,demographic_sir_R0_comparison,0.44267073721172423,4.8737518128872384e-194,0.5573292627882845,2.0,104.02857142857142,52.0,0.014285714285714285
25.276712328767122,demographic_sir_R0_comparison,0.442823409245501,4.347672002041184e-194,0.5571765907545075,2.0,104.02857142857142,52.0,0.014285714285714285
25.295890410958904,demographic_sir_R0_comparison,0.4429760394570528,3.8795593436445244e-194,0.5570239605429558,2.0,104.02857142857142,52.0,0.014285714285714285
25.315068493150687,demographic_sir_R0_comparison,0.44312862785783597,3.462902423092284e-194,0.5568713721421724,2.0,104.02857142857142,52.0,0.014285714285714285
25.334246575342465,demographic_sir_R0_comparison,0.44328117445930404,3.091934611073036e-194,0.5567188255407043,2.0,104.02857142857142,52.0,0.014285714285714285
25.353424657534248,demographic_sir_R0_comparison,0.44343367927290733,2.76154740510406e-194,0.5565663207271009,2.0,104.02857142857142,52.0,0.014285714285714285
25.372602739726027,demographic_sir_R0_comparison,0.4435861423100929,2.4672140187962944e-194,0.5564138576899151,2.0,104.02857142857142,52.0,0.014285714285714285
25.39178082191781,demographic_sir_R0_comparison,0.44373856358230496,2.204921988194497e-194,0.5562614364177029,2.0,104.02857142857142,52.0,0.014285714285714285
25.410958904109588,demographic_sir_R0_comparison,0.44389094310098426,1.9711137145185407e-194,0.5561090568990238,2.0,104.02857142857142,52.0,0.014285714285714285
25.43013698630137,demographic_sir_R0_comparison,0.44404328087756856,1.762633994069127e-194,0.5559567191224394,2.0,104.02857142857142,52.0,0.014285714285714285
25.44931506849315,demographic_sir_R0_comparison,0.44419557692349243,1.576683701291646e-194,0.5558044230765156,2.0,104.02857142857142,52.0,0.014285714285714285
25.46849315068493,demographic_sir_R0_comparison,0.44434783125018756,1.4107788920292822e-194,0.5556521687498206,2.0,104.02857142857142,52.0,0.014285714285714285
25.487671232876714,demographic_sir_R0_comparison,0.44450004386908215,1.2627146826232771e-194,0.5554999561309261,2.0,104.02857142857142,52.0,0.014285714285714285
25.506849315068493,demographic_sir_R0_comparison,0.4446522147916015,1.1305333382707036e-194,0.5553477852084068,2.0,104.02857142857142,52.0,0.014285714285714285
25.526027397260275,demographic_sir_R0_comparison,0.44480434402916774,1.0124960722879827e-194,0.5551956559708408,2.0,104.02857142857142,52.0,0.014285714285714285
25.545205479452054,demographic_sir_R0_comparison,0.4449564315931997,9.070581178277304e-195,0.5550435684068089,2.0,104.02857142857142,52.0,0.014285714285714285
25.564383561643837,demographic_sir_R0_comparison,0.44510847749511323,8.128466861911934e-195,0.5548915225048954,2.0,104.02857142857142,52.0,0.014285714285714285
25.583561643835615,demographic_sir_R0_comparison,0.44526048174632105,7.286414720740167e-195,0.5547395182536874,2.0,104.02857142857142,52.0,0.014285714285714285
25.602739726027398,demographic_sir_R0_comparison,0.4454124443582329,6.533574066647981e-195,0.5545875556417754,2.0,104.02857142857142,52.0,0.014285714285714285
25.621917808219177,demographic_sir_R0_comparison,0.4455643653422552,5.860293951800022e-195,0.5544356346577533,2.0,104.02857142857142,52.0,0.014285714285714285
25.64109589041096,demographic_sir_R0_comparison,0.44571624470979126,5.2579880676544366e-195,0.5542837552902172,2.0,104.02857142857142,52.0,0.014285714285714285
25.66027397260274,demographic_sir_R0_comparison,0.4458680824722413,4.719015122574816e-195,0.5541319175277672,2.0,104.02857142857142,52.0,0.014285714285714285
25.67945205479452,demographic_sir_R0_comparison,0.44601987864100234,4.236572895362087e-195,0.5539801213590063,2.0,104.02857142857142,52.0,0.014285714285714285
25.698630136986303,demographic_sir_R0_comparison,0.4461716332274684,3.804604375273786e-195,0.5538283667725402,2.0,104.02857142857142,52.0,0.014285714285714285
25.71780821917808,demographic_sir_R0_comparison,0.44632334624303033,3.4177145867348894e-195,0.5536766537569784,2.0,104.02857142857142,52.0,0.014285714285714285
25.736986301369864,demographic_sir_R0_comparison,0.4464750176990758,3.071096862095443e-195,0.5535249823009327,2.0,104.02857142857142,52.0,0.014285714285714285
25.756164383561643,demographic_sir_R0_comparison,0.44662664760698956,2.76046747119721e-195,0.5533733523930188,2.0,104.02857142857142,52.0,0.014285714285714285
25.775342465753425,demographic_sir_R0_comparison,0.44677823597815297,2.482007644554292e-195,0.5532217640218554,2.0,104.02857142857142,52.0,0.014285714285714285
25.794520547945204,demographic_sir_R0_comparison,0.4469297828239446,2.2323121397508777e-195,0.5530702171760639,2.0,104.02857142857142,52.0,0.014285714285714285
25.813698630136987,demographic_sir_R0_comparison,0.44708128815573944,2.0083436000390944e-195,0.552918711844269,2.0,104.02857142857142,52.0,0.014285714285714285
25.83287671232877,demographic_sir_R0_comparison,0.4472327519849097,1.807392041714567e-195,0.5527672480150987,2.0,104.02857142857142,52.0,0.014285714285714285
25.852054794520548,demographic_sir_R0_comparison,0.44738417432282446,1.6270388840627496e-195,0.5526158256771838,2.0,104.02857142857142,52.0,0.014285714285714285
25.87123287671233,demographic_sir_R0_comparison,0.44753555518084953,1.4651250037628127e-195,0.5524644448191584,2.0,104.02857142857142,52.0,0.014285714285714285
25.89041095890411,demographic_sir_R0_comparison,0.4476868945703478,1.3197223556955823e-195,0.55231310542966,2.0,104.02857142857142,52.0,0.014285714285714285
25.90958904109589,demographic_sir_R0_comparison,0.4478381925026791,1.1891087550905897e-195,0.5521618074973288,2.0,104.02857142857142,52.0,0.014285714285714285
25.92876712328767,demographic_sir_R0_comparison,0.4479894489891998,1.0717454627128504e-195,0.5520105510108081,2.0,104.02857142857142,52.0,0.014285714285714285
25.947945205479453,demographic_sir_R0_comparison,0.44814066404126346,9.662572560686331e-196,0.5518593359587445,2.0,104.02857142857142,52.0,0.014285714285714285
25.96712328767123,demographic_sir_R0_comparison,0.4482918376702205,8.714147060607922e-196,0.5517081623297876,2.0,104.02857142857142,52.0,0.014285714285714285
25.986301369863014,demographic_sir_R0_comparison,0.448442969887418,7.861184107153915e-196,0.5515570301125902,2.0,104.02857142857142,52.0,0.014285714285714285
26.005479452054796,demographic_sir_R0_comparison,0.4485940607042001,7.093849660429761e-196,0.5514059392958081,2.0,104.02857142857142,52.0,0.014285714285714285
26.024657534246575,demographic_sir_R0_comparison,0.4487451101319079,6.4033447922871975e-196,0.5512548898681005,2.0,104.02857142857142,52.0,0.014285714285714285
26.043835616438358,demographic_sir_R0_comparison,0.4488961181818792,5.781794515606527e-196,0.551103881818129,2.0,104.02857142857142,52.0,0.014285714285714285
26.063013698630137,demographic_sir_R0_comparison,0.4490470848654489,5.222148781455448e-196,0.5509529151345592,2.0,104.02857142857142,52.0,0.014285714285714285
26.08219178082192,demographic_sir_R0_comparison,0.44919801019394867,4.71809428831121e-196,0.5508019898060594,2.0,104.02857142857142,52.0,0.014285714285714285
26.101369863013698,demographic_sir_R0_comparison,0.4493488941787071,4.2639759011901537e-196,0.5506511058213008,2.0,104.02857142857142,52.0,0.014285714285714285
26.12054794520548,demographic_sir_R0_comparison,0.44949973683104993,3.854726614477303e-196,0.5505002631689578,2.0,104.02857142857142,52.0,0.014285714285714285
26.13972602739726,demographic_sir_R0_comparison,0.4496505381622994,3.4858051125845906e-196,0.5503494618377085,2.0,104.02857142857142,52.0,0.014285714285714285
26.15890410958904,demographic_sir_R0_comparison,0.44980129818377473,3.1531400890879837e-196,0.5501987018162331,2.0,104.02857142857142,52.0,0.014285714285714285
26.17808219178082,demographic_sir_R0_comparison,0.44995201690679204,2.853080579332078e-196,0.5500479830932156,2.0,104.02857142857142,52.0,0.014285714285714285
26.197260273972603,demographic_sir_R0_comparison,0.45010269434266476,2.582351645042529e-196,0.549897305657343,2.0,104.02857142857142,52.0,0.014285714285714285
26.216438356164385,demographic_sir_R0_comparison,0.4502533305027027,2.3380148235211465e-196,0.5497466694973049,2.0,104.02857142857142,52.0,0.014285714285714285
26.235616438356164,demographic_sir_R0_comparison,0.4504039253982128,2.1174328196023668e-196,0.5495960746017949,2.0,104.02857142857142,52.0,0.014285714285714285
26.254794520547946,demographic_sir_R0_comparison,0.45055447904049856,1.9182379767096956e-196,0.5494455209595089,2.0,104.02857142857142,52.0,0.014285714285714285
26.273972602739725,demographic_sir_R0_comparison,0.45070499144086107,1.738304114917954e-196,0.5492950085591464,2.0,104.02857142857142,52.0,0.014285714285714285
26.293150684931508,demographic_sir_R0_comparison,0.4508554626105977,1.5757213696618306e-196,0.5491445373894095,2.0,104.02857142857142,52.0,0.014285714285714285
26.312328767123287,demographic_sir_R0_comparison,0.45100589256100315,1.428773705307812e-196,0.5489941074390041,2.0,104.02857142857142,52.0,0.014285714285714285
26.33150684931507,demographic_sir_R0_comparison,0.4511562813033687,1.2959188138090638e-196,0.5488437186966384,2.0,104.02857142857142,52.0,0.014285714285714285
26.350684931506848,demographic_sir_R0_comparison,0.4513066288489827,1.1757701406228741e-196,0.5486933711510242,2.0,104.02857142857142,52.0,0.014285714285714285
26.36986301369863,demographic_sir_R0_comparison,0.4514569352091304,1.0670808084418115e-196,0.5485430647908762,2.0,104.02857142857142,52.0,0.014285714285714285
26.389041095890413,demographic_sir_R0_comparison,0.451607200395094,9.687292344888604e-197,0.5483927996049126,2.0,104.02857142857142,52.0,0.014285714285714285
26.40821917808219,demographic_sir_R0_comparison,0.45175742441815236,8.797062595081449e-197,0.5482425755818539,2.0,104.02857142857142,52.0,0.014285714285714285
26.427397260273974,demographic_sir_R0_comparison,0.45190760728958185,7.991036264713227e-197,0.5480923927104245,2.0,104.02857142857142,52.0,0.014285714285714285
26.446575342465753,demographic_sir_R0_comparison,0.45205774902065493,7.261036646947576e-197,0.5479422509793513,2.0,104.02857142857142,52.0,0.014285714285714285
26.465753424657535,demographic_sir_R0_comparison,0.4522078496226415,6.599700507749918e-197,0.5477921503773646,2.0,104.02857142857142,52.0,0.014285714285714285
26.484931506849314,demographic_sir_R0_comparison,0.45235790910680834,6.000395317230154e-197,0.5476420908931976,2.0,104.02857142857142,52.0,0.014285714285714285
26.504109589041096,demographic_sir_R0_comparison,0.45250792748441915,5.457145081042822e-197,0.5474920725155871,2.0,104.02857142857142,52.0,0.014285714285714285
26.523287671232875,demographic_sir_R0_comparison,0.45265790476673434,4.9645638604853235e-197,0.547342095233272,2.0,104.02857142857142,52.0,0.014285714285714285
26.542465753424658,demographic_sir_R0_comparison,0.4528078409650113,4.517796168316452e-197,0.5471921590349951,2.0,104.02857142857142,52.0,0.014285714285714285
26.56164383561644,demographic_sir_R0_comparison,0.45295773609050444,4.11246351490341e-197,0.5470422639095018,2.0,104.02857142857142,52.0,0.014285714285714285
26.58082191780822,demographic_sir_R0_comparison,0.4531075901544649,3.7446164572762525e-197,0.5468924098455412,2.0,104.02857142857142,52.0,0.014285714285714285
26.6,demographic_sir_R0_comparison,0.45325740316814117,3.410691573116746e-197,0.5467425968318649,2.0,104.02857142857142,52.0,0.014285714285714285
26.61917808219178,demographic_sir_R0_comparison,0.45340717514277823,3.107472843570021e-197,0.5465928248572278,2.0,104.02857142857142,52.0,0.014285714285714285
26.638356164383563,demographic_sir_R0_comparison,0.453556906089618,2.8320569838866786e-197,0.5464430939103879,2.0,104.02857142857142,52.0,0.014285714285714285
26.65753424657534,demographic_sir_R0_comparison,0.45370659601989954,2.5818223100344684e-197,0.5462934039801062,2.0,104.02857142857142,52.0,0.014285714285714285
26.676712328767124,demographic_sir_R0_comparison,0.4538562449448586,2.3544007732121484e-197,0.546143755055147,2.0,104.02857142857142,52.0,0.014285714285714285
26.695890410958903,demographic_sir_R0_comparison,0.4540058528757282,2.1476528332565963e-197,0.5459941471242773,2.0,104.02857142857142,52.0,0.014285714285714285
26.715068493150685,demographic_sir_R0_comparison,0.45415541982373797,1.959644876766129e-197,0.5458445801762675,2.0,104.02857142857142,52.0,0.014285714285714285
26.734246575342468,demographic_sir_R0_comparison,0.4543049458001146,1.7886289168448418e-197,0.545695054199891,2.0,104.02857142857142,52.0,0.014285714285714285
26.753424657534246,demographic_sir_R0_comparison,0.4544544308160815,1.633024339105417e-197,0.5455455691839239,2.0,104.02857142857142,52.0,0.014285714285714285
26.77260273972603,demographic_sir_R0_comparison,0.45460387488285925,1.4914014833264432e-197,0.5453961251171463,2.0,104.02857142857142,52.0,0.014285714285714285
26.791780821917808,demographic_sir_R0_comparison,0.4547532780116652,1.362466872264575e-197,0.5452467219883403,2.0,104.02857142857142,52.0,0.014285714285714285
26.81095890410959,demographic_sir_R0_comparison,0.4549026402137138,1.2450499188621716e-197,0.5450973597862918,2.0,104.02857142857142,52.0,0.014285714285714285
26.83013698630137,demographic_sir_R0_comparison,0.45505196150021626,1.1380909607275317e-197,0.5449480384997896,2.0,104.02857142857142,52.0,0.014285714285714285
26.84931506849315,demographic_sir_R0_comparison,0.4552012418823808,1.0406304865207454e-197,0.5447987581176249,2.0,104.02857142857142,52.0,0.014285714285714285
26.86849315068493,demographic_sir_R0_comparison,0.45535048137141254,9.517994329631159e-198,0.5446495186285932,2.0,104.02857142857142,52.0,0.014285714285714285
26.887671232876713,demographic_sir_R0_comparison,0.4554996799785135,8.708104437771663e-198,0.5445003200214921,2.0,104.02857142857142,52.0,0.014285714285714285
26.906849315068495,demographic_sir_R0_comparison,0.45564883771488274,7.969499931239746e-198,0.5443511622851227,2.0,104.02857142857142,52.0,0.014285714285714285
26.926027397260274,demographic_sir_R0_comparison,0.45579795459171624,7.295712861736334e-198,0.5442020454082894,2.0,104.02857142857142,52.0,0.014285714285714285
26.945205479452056,demographic_sir_R0_comparison,0.45594703062020675,6.6808785845456195e-198,0.5440529693797989,2.0,104.02857142857142,52.0,0.014285714285714285
26.964383561643835,demographic_sir_R0_comparison,0.45609606581154427,6.119678036896337e-198,0.5439039341884615,2.0,104.02857142857142,52.0,0.014285714285714285
26.983561643835618,demographic_sir_R0_comparison,0.4562450601769152,5.607285670434042e-198,0.5437549398230904,2.0,104.02857142857142,52.0,0.014285714285714285
27.002739726027396,demographic_sir_R0_comparison,0.4563940137275033,5.139322471667562e-198,0.5436059862725023,2.0,104.02857142857142,52.0,0.014285714285714285
27.02191780821918,demographic_sir_R0_comparison,0.4565429264744894,4.711813562111915e-198,0.5434570735255163,2.0,104.02857142857142,52.0,0.014285714285714285
27.041095890410958,demographic_sir_R0_comparison,0.4566917984290509,4.3211499216918914e-198,0.5433082015709548,2.0,104.02857142857142,52.0,0.014285714285714285
27.06027397260274,demographic_sir_R0_comparison,0.4568406296023621,3.9640538254099925e-198,0.5431593703976435,2.0,104.02857142857142,52.0,0.014285714285714285
27.07945205479452,demographic_sir_R0_comparison,0.45698942000559467,3.637547624913723e-198,0.5430105799944106,2.0,104.02857142857142,52.0,0.014285714285714285
27.0986301369863,demographic_sir_R0_comparison,0.4571381696499169,3.3389255439083526e-198,0.5428618303500882,2.0,104.02857142857142,52.0,0.014285714285714285
27.117808219178084,demographic_sir_R0_comparison,0.4572868785464941,3.065728189826376e-198,0.5427131214535109,2.0,104.02857142857142,52.0,0.014285714285714285
27.136986301369863,demographic_sir_R0_comparison,0.4574355467064884,2.815719514172349e-198,0.5425644532935167,2.0,104.02857142857142,52.0,0.014285714285714285
27.156164383561645,demographic_sir_R0_comparison,0.45758417414105906,2.5868659808880334e-198,0.5424158258589459,2.0,104.02857142857142,52.0,0.014285714285714285
27.175342465753424,demographic_sir_R0_comparison,0.45773276086136216,2.377317726242727e-198,0.5422672391386427,2.0,104.02857142857142,52.0,0.014285714285714285
27.194520547945206,demographic_sir_R0_comparison,0.45788130687855066,2.185391515437926e-198,0.5421186931214539,2.0,104.02857142857142,52.0,0.014285714285714285
27.213698630136985,demographic_sir_R0_comparison,0.4580298122037748,2.0095553205873777e-198,0.5419701877962296,2.0,104.02857142857142,52.0,0.014285714285714285
27.232876712328768,demographic_sir_R0_comparison,0.4581782768481815,1.848414362215019e-198,0.5418217231518231,2.0,104.02857142857142,52.0,0.014285714285714285
27.252054794520546,demographic_sir_R0_comparison,0.4583267008229146,1.7006984721206534e-198,0.54167329917709,2.0,104.02857142857142,52.0,0.014285714285714285
27.27123287671233,demographic_sir_R0_comparison,0.45847508413911486,1.5652506495714234e-198,0.5415249158608898,2.0,104.02857142857142,52.0,0.014285714285714285
27.29041095890411,demographic_sir_R0_comparison,0.4586234268079203,1.4410166954600035e-198,0.5413765731920844,2.0,104.02857142857142,52.0,0.014285714285714285
27.30958904109589,demographic_sir_R0_comparison,0.45877172884046546,1.3270358204677542e-198,0.5412282711595393,2.0,104.02857142857142,52.0,0.014285714285714285
27.328767123287673,demographic_sir_R0_comparison,0.45891999024788205,1.222432133521361e-198,0.5410800097521226,2.0,104.02857142857142,52.0,0.014285714285714285
27.34794520547945,demographic_sir_R0_comparison,0.45906821104129886,1.1264069260490034e-198,0.5409317889587056,2.0,104.02857142857142,52.0,0.014285714285714285
27.367123287671234,demographic_sir_R0_comparison,0.45921639123184144,1.0382316758334714e-198,0.540783608768163,2.0,104.02857142857142,52.0,0.014285714285714285
27.386301369863013,demographic_sir_R0_comparison,0.4593645308306323,9.57241701721898e-199,0.5406354691693722,2.0,104.02857142857142,52.0,0.014285714285714285
27.405479452054795,demographic_sir_R0_comparison,0.4595126298487909,8.82830407165773e-199,0.5404873701512136,2.0,104.02857142857142,52.0,0.014285714285714285
27.424657534246574,demographic_sir_R0_comparison,0.4596606882974338,8.144440566112944e-199,0.5403393117025707,2.0,104.02857142857142,52.0,0.014285714285714285
27.443835616438356,demographic_sir_R0_comparison,0.45980870618767433,7.515770342026259e-199,0.54019129381233,2.0,104.02857142857142,52.0,0.014285714285714285
27.46301369863014,demographic_sir_R0_comparison,0.4599566835306229,6.93767539164451e-199,0.5400433164693813,2.0,104.02857142857142,52.0,0.014285714285714285
27.482191780821918,demographic_sir_R0_comparison,0.4601046203373868,6.405936766464557e-199,0.5398953796626172,2.0,104.02857142857142,52.0,0.014285714285714285
27.5013698630137,demographic_sir_R0_comparison,0.4602525166190704,5.916699067931463e-199,0.5397474833809337,2.0,104.02857142857142,52.0,0.014285714285714285
27.52054794520548,demographic_sir_R0_comparison,0.46040037238677495,5.466438183899195e-199,0.539599627613229,2.0,104.02857142857142,52.0,0.014285714285714285
27.53972602739726,demographic_sir_R0_comparison,0.4605481876515985,5.051931966704316e-199,0.5394518123484054,2.0,104.02857142857142,52.0,0.014285714285714285
27.55890410958904,demographic_sir_R0_comparison,0.46069596242463623,4.6702335778757515e-199,0.5393040375753675,2.0,104.02857142857142,52.0,0.014285714285714285
27.578082191780823,demographic_sir_R0_comparison,0.4608436967169804,4.318647250807411e-199,0.5391563032830233,2.0,104.02857142857142,52.0,0.014285714285714285
27.5972602739726,demographic_sir_R0_comparison,0.46099139053972,3.994706246462122e-199,0.5390086094602838,2.0,104.02857142857142,52.0,0.014285714285714285
27.616438356164384,demographic_sir_R0_comparison,0.4611390439039411,3.6961527985915636e-199,0.5388609560960625,2.0,104.02857142857142,52.0,0.014285714285714285
27.635616438356166,demographic_sir_R0_comparison,0.46128665682072667,3.4209198642967328e-199,0.538713343179277,2.0,104.02857142857142,52.0,0.014285714285714285
27.654794520547945,demographic_sir_R0_comparison,0.4614342293011568,3.1671145132077204e-199,0.5385657706988469,2.0,104.02857142857142,52.0,0.014285714285714285
27.673972602739727,demographic_sir_R0_comparison,0.4615817613563083,2.9330028043297264e-199,0.5384182386436954,2.0,104.02857142857142,52.0,0.014285714285714285
27.693150684931506,demographic_sir_R0_comparison,0.4617292529972551,2.7169960138435897e-199,0.5382707470027488,2.0,104.02857142857142,52.0,0.014285714285714285
27.71232876712329,demographic_sir_R0_comparison,0.46187670423506816,2.5176380900153183e-199,0.5381232957649361,2.0,104.02857142857142,52.0,0.014285714285714285
27.731506849315068,demographic_sir_R0_comparison,0.46202411508081515,2.333594223000755e-199,0.5379758849191894,2.0,104.02857142857142,52.0,0.014285714285714285
27.75068493150685,demographic_sir_R0_comparison,0.46217148554556103,2.163640427841287e-199,0.5378285144544435,2.0,104.02857142857142,52.0,0.014285714285714285
27.76986301369863,demographic_sir_R0_comparison,0.4623188156403675,2.006654048454112e-199,0.5376811843596371,2.0,104.02857142857142,52.0,0.014285714285714285
27.78904109589041,demographic_sir_R0_comparison,0.46246610537629324,1.8616050990147373e-199,0.5375338946237116,2.0,104.02857142857142,52.0,0.014285714285714285
27.808219178082194,demographic_sir_R0_comparison,0.46261335476439397,1.7275483669079666e-199,0.5373866452356107,2.0,104.02857142857142,52.0,0.014285714285714285
27.827397260273973,demographic_sir_R0_comparison,0.4627605638157225,1.603616208458319e-199,0.5372394361842823,2.0,104.02857142857142,52.0,0.014285714285714285
27.846575342465755,demographic_sir_R0_comparison,0.46290773254132833,1.4890119750202727e-199,0.5370922674586763,2.0,104.02857142857142,52.0,0.014285714285714285
27.865753424657534,demographic_sir_R0_comparison,0.46305486095225823,1.3830040127736102e-199,0.5369451390477464,2.0,104.02857142857142,52.0,0.014285714285714285
27.884931506849316,demographic_sir_R0_comparison,0.4632019490595558,1.284920184788581e-199,0.536798050940449,2.0,104.02857142857142,52.0,0.014285714285714285
27.904109589041095,demographic_sir_R0_comparison,0.4633489968742615,1.1941428686546707e-199,0.5366510031257432,2.0,104.02857142857142,52.0,0.014285714285714285
27.923287671232877,demographic_sir_R0_comparison,0.4634960044074129,1.1101043872485706e-199,0.5365039955925914,2.0,104.02857142857142,52.0,0.014285714285714285
27.942465753424656,demographic_sir_R0_comparison,0.4636429716700445,1.0322828340991584e-199,0.5363570283299597,2.0,104.02857142857142,52.0,0.014285714285714285
27.96164383561644,demographic_sir_R0_comparison,0.463789898673188,9.601982583237305e-200,0.5362101013268161,2.0,104.02857142857142,52.0,0.014285714285714285
27.98082191780822,demographic_sir_R0_comparison,0.4639367854278717,8.934091772996207e-200,0.5360632145721322,2.0,104.02857142857142,52.0,0.014285714285714285
28.0,demographic_sir_R0_comparison,0.4640836319451212,8.3150938812607e-200,0.5359163680548827,2.0,104.02857142857142,52.0,0.014285714285714285
28.019178082191782,demographic_sir_R0_comparison,0.46423043823595894,7.74125051554396e-200,0.5357695617640449,2.0,104.02857142857142,52.0,0.014285714285714285
28.03835616438356,demographic_sir_R0_comparison,0.4643772043114043,7.20912024443715e-200,0.5356227956885994,2.0,104.02857142857142,52.0,0.014285714285714285
28.057534246575344,demographic_sir_R0_comparison,0.4645239301824737,6.715534189581095e-200,0.5354760698175302,2.0,104.02857142857142,52.0,0.014285714285714285
28.076712328767123,demographic_sir_R0_comparison,0.4646706158601805,6.25757368681313e-200,0.5353293841398236,2.0,104.02857142857142,52.0,0.014285714285714285
28.095890410958905,demographic_sir_R0_comparison,0.46481726135553514,5.832549836033371e-200,0.535182738644469,2.0,104.02857142857142,52.0,0.014285714285714285
28.115068493150684,demographic_sir_R0_comparison,0.46496386667954476,5.437984775495233e-200,0.5350361333204591,2.0,104.02857142857142,52.0,0.014285714285714285
28.134246575342466,demographic_sir_R0_comparison,0.46511043184321393,5.071594530891923e-200,0.5348895681567899,2.0,104.02857142857142,52.0,0.014285714285714285
28.153424657534245,demographic_sir_R0_comparison,0.46525695685754387,4.731273302945777e-200,0.5347430431424599,2.0,104.02857142857142,52.0,0.014285714285714285
28.172602739726027,demographic_sir_R0_comparison,0.46540344173353293,4.415079069315358e-200,0.5345965582664708,2.0,104.02857142857142,52.0,0.014285714285714285
28.19178082191781,demographic_sir_R0_comparison,0.4655498864821764,4.1212203876491717e-200,0.5344501135178271,2.0,104.02857142857142,52.0,0.014285714285714285
28.21095890410959,demographic_sir_R0_comparison,0.46569629111446653,3.848044296620193e-200,0.5343037088855371,2.0,104.02857142857142,52.0,0.014285714285714285
28.23013698630137,demographic_sir_R0_comparison,0.4658426556413926,3.594025220879342e-200,0.534157344358611,2.0,104.02857142857142,52.0,0.014285714285714285
28.24931506849315,demographic_sir_R0_comparison,0.465988980073941,3.357754794144114e-200,0.5340110199260627,2.0,104.02857142857142,52.0,0.014285714285714285
28.268493150684932,demographic_sir_R0_comparison,0.466135264423095,3.137932522168267e-200,0.5338647355769089,2.0,104.02857142857142,52.0,0.014285714285714285
28.28767123287671,demographic_sir_R0_comparison,0.4662815086998346,2.933357214194435e-200,0.5337184913001694,2.0,104.02857142857142,52.0,0.014285714285714285
28.306849315068494,demographic_sir_R0_comparison,0.4664277129151373,2.742919117726477e-200,0.5335722870848666,2.0,104.02857142857142,52.0,0.014285714285714285
28.326027397260273,demographic_sir_R0_comparison,0.4665738770799772,2.565592697139878e-200,0.5334261229200269,2.0,104.02857142857142,52.0,0.014285714285714285
28.345205479452055,demographic_sir_R0_comparison,0.46672000120532564,2.4004300018171943e-200,0.5332799987946787,2.0,104.02857142857142,52.0,0.014285714285714285
28.364383561643837,demographic_sir_R0_comparison,0.4668660853021507,2.246554574207885e-200,0.5331339146978538,2.0,104.02857142857142,52.0,0.014285714285714285
28.383561643835616,demographic_sir_R0_comparison,0.4670121293814175,2.1031558525007902e-200,0.532987870618587,2.0,104.02857142857142,52.0,0.014285714285714285
28.4027397260274,demographic_sir_R0_comparison,0.46715813345408846,1.9694840265088777e-200,0.532841866545916,2.0,104.02857142857142,52.0,0.014285714285714285
28.421917808219177,demographic_sir_R0_comparison,0.4673040975311225,1.8448453089294858e-200,0.5326959024688819,2.0,104.02857142857142,52.0,0.014285714285714285
28.44109589041096,demographic_sir_R0_comparison,0.4674500216234762,1.7285975873914497e-200,0.5325499783765281,2.0,104.02857142857142,52.0,0.014285714285714285
28.46027397260274,demographic_sir_R0_comparison,0.46759590574210275,1.6201464256645163e-200,0.5324040942579016,2.0,104.02857142857142,52.0,0.014285714285714285
28.47945205479452,demographic_sir_R0_comparison,0.46774174989795214,1.5189413851070965e-200,0.5322582501020521,2.0,104.02857142857142,52.0,0.014285714285714285
28.4986301369863,demographic_sir_R0_comparison,0.4678875541019716,1.4244726398949654e-200,0.5321124458980325,2.0,104.02857142857142,52.0,0.014285714285714285
28.517808219178082,demographic_sir_R0_comparison,0.4680333183651055,1.3362678618215982e-200,0.5319666816348988,2.0,104.02857142857142,52.0,0.014285714285714285
28.536986301369865,demographic_sir_R0_comparison,0.46817904269829497,1.2538893525150977e-200,0.5318209573017093,2.0,104.02857142857142,52.0,0.014285714285714285
28.556164383561644,demographic_sir_R0_comparison,0.4683247271124781,1.1769314027898779e-200,0.5316752728875259,2.0,104.02857142857142,52.0,0.014285714285714285
28.575342465753426,demographic_sir_R0_comparison,0.4684703716185902,1.1050178605633258e-200,0.5315296283814136,2.0,104.02857142857142,52.0,0.014285714285714285
28.594520547945205,demographic_sir_R0_comparison,0.46861597622756346,1.0377998903306555e-200,0.5313840237724403,2.0,104.02857142857142,52.0,0.014285714285714285
28.613698630136987,demographic_sir_R0_comparison,0.46876154095032724,9.749539086186291e-201,0.5312384590496766,2.0,104.02857142857142,52.0,0.014285714285714285
28.632876712328766,demographic_sir_R0_comparison,0.4689070657978076,9.161796811443203e-201,0.5310929342021964,2.0,104.02857142857142,52.0,0.014285714285714285
28.65205479452055,demographic_sir_R0_comparison,0.469052550780928,8.611985685967529e-201,0.5309474492190761,2.0,104.02857142857142,52.0,0.014285714285714285
28.671232876712327,demographic_sir_R0_comparison,0.46919799591060846,8.09751909050127e-201,0.5308020040893957,2.0,104.02857142857142,52.0,0.014285714285714285
28.69041095890411,demographic_sir_R0_comparison,0.4693434011977663,7.615995260133708e-201,0.5306565988022377,2.0,104.02857142857142,52.0,0.014285714285714285
28.709589041095892,demographic_sir_R0_comparison,0.46948876665331585,7.165183520330176e-201,0.5305112333466883,2.0,104.02857142857142,52.0,0.014285714285714285
28.72876712328767,demographic_sir_R0_comparison,0.4696340922881682,6.743011585997406e-201,0.530365907711836,2.0,104.02857142857142,52.0,0.014285714285714285
28.747945205479454,demographic_sir_R0_comparison,0.46977937811323184,6.3475538387223956e-201,0.5302206218867723,2.0,104.02857142857142,52.0,0.014285714285714285
28.767123287671232,demographic_sir_R0_comparison,0.46992462413941194,5.9770205043042286e-201,0.5300753758605923,2.0,104.02857142857142,52.0,0.014285714285714285
28.786301369863015,demographic_sir_R0_comparison,0.47006983037761096,5.62974765908779e-201,0.5299301696223931,2.0,104.02857142857142,52.0,0.014285714285714285
28.805479452054794,demographic_sir_R0_comparison,0.4702149968387281,5.304187999464994e-201,0.5297850031612762,2.0,104.02857142857142,52.0,0.014285714285714285
28.824657534246576,demographic_sir_R0_comparison,0.47036012353365975,4.998902314264496e-201,0.5296398764663447,2.0,104.02857142857142,52.0,0.014285714285714285
28.843835616438355,demographic_sir_R0_comparison,0.4705052104732992,4.712551604664649e-201,0.5294947895267053,2.0,104.02857142857142,52.0,0.014285714285714285
28.863013698630137,demographic_sir_R0_comparison,0.4706502576685368,4.443889800758704e-201,0.5293497423314675,2.0,104.02857142857142,52.0,0.014285714285714285
28.88219178082192,demographic_sir_R0_comparison,0.4707952651302601,4.1917570280271104e-201,0.5292047348697443,2.0,104.02857142857142,52.0,0.014285714285714285
28.9013698630137,demographic_sir_R0_comparison,0.47094023286935344,3.955073380747156e-201,0.5290597671306511,2.0,104.02857142857142,52.0,0.014285714285714285
28.92054794520548,demographic_sir_R0_comparison,0.4710851608966981,3.7328331628363255e-201,0.5289148391033063,2.0,104.02857142857142,52.0,0.014285714285714285
28.93972602739726,demographic_sir_R0_comparison,0.4712300492231727,3.524099559802265e-201,0.5287699507768318,2.0,104.02857142857142,52.0,0.014285714285714285
28.958904109589042,demographic_sir_R0_comparison,0.4713748978596526,3.3279997083846405e-201,0.5286251021403517,2.0,104.02857142857142,52.0,0.014285714285714285
28.97808219178082,demographic_sir_R0_comparison,0.4715197068170103,3.143720133149656e-201,0.5284802931829943,2.0,104.02857142857142,52.0,0.014285714285714285
28.997260273972604,demographic_sir_R0_comparison,0.4716644761061154,2.970502521748535e-201,0.5283355238938893,2.0,104.02857142857142,52.0,0.014285714285714285
29.016438356164382,demographic_sir_R0_comparison,0.4718092057378343,2.8076398128051073e-201,0.5281907942621705,2.0,104.02857142857142,52.0,0.014285714285714285
29.035616438356165,demographic_sir_R0_comparison,0.4719538957230305,2.6544725724623053e-201,0.5280461042769742,2.0,104.02857142857142,52.0,0.014285714285714285
29.054794520547947,demographic_sir_R0_comparison,0.47209854607256474,2.5103856375174075e-201,0.5279014539274401,2.0,104.02857142857142,52.0,0.014285714285714285
29.073972602739726,demographic_sir_R0_comparison,0.4722431567972944,2.374805004817177e-201,0.5277568432027107,2.0,104.02857142857142,52.0,0.014285714285714285
29.09315068493151,demographic_sir_R0_comparison,0.47238772790807426,2.247194948186497e-201,0.5276122720919307,2.0,104.02857142857142,52.0,0.014285714285714285
29.112328767123287,demographic_sir_R0_comparison,0.47253225941575594,2.1270553456353007e-201,0.5274677405842492,2.0,104.02857142857142,52.0,0.014285714285714285
29.13150684931507,demographic_sir_R0_comparison,0.4726767513311881,2.0139192009400165e-201,0.5273232486688167,2.0,104.02857142857142,52.0,0.014285714285714285
29.15068493150685,demographic_sir_R0_comparison,0.4728212036652164,1.9073503449400905e-201,0.5271787963347884,2.0,104.02857142857142,52.0,0.014285714285714285
29.16986301369863,demographic_sir_R0_comparison,0.47296561642868373,1.8069413030316104e-201,0.5270343835713208,2.0,104.02857142857142,52.0,0.014285714285714285
29.18904109589041,demographic_sir_R0_comparison,0.4731099896324299,1.7123113163924584e-201,0.5268900103675748,2.0,104.02857142857142,52.0,0.014285714285714285
29.208219178082192,demographic_sir_R0_comparison,0.4732543232872915,1.6231045054389298e-201,0.526745676712713,2.0,104.02857142857142,52.0,0.014285714285714285
29.22739726027397,demographic_sir_R0_comparison,0.4733986174041025,1.5389881649044692e-201,0.5266013825959021,2.0,104.02857142857142,52.0,0.014285714285714285
29.246575342465754,demographic_sir_R0_comparison,0.47354287199369366,1.4596511807485575e-201,0.5264571280063111,2.0,104.02857142857142,52.0,0.014285714285714285
29.265753424657536,demographic_sir_R0_comparison,0.47368708706689283,1.3848025598582756e-201,0.5263129129331117,2.0,104.02857142857142,52.0,0.014285714285714285
29.284931506849315,demographic_sir_R0_comparison,0.47383126263452496,1.314170064197783e-201,0.5261687373654795,2.0,104.02857142857142,52.0,0.014285714285714285
29.304109589041097,demographic_sir_R0_comparison,0.4739753987074122,1.2474989417002308e-201,0.5260246012925925,2.0,104.02857142857142,52.0,0.014285714285714285
29.323287671232876,demographic_sir_R0_comparison,0.47411949529637337,1.1845507467848502e-201,0.5258805047036317,2.0,104.02857142857142,52.0,0.014285714285714285
29.34246575342466,demographic_sir_R0_comparison,0.4742635524122246,1.1251022439234527e-201,0.5257364475877806,2.0,104.02857142857142,52.0,0.014285714285714285
29.361643835616437,demographic_sir_R0_comparison,0.4744075700657787,1.0689443881806416e-201,0.5255924299342263,2.0,104.02857142857142,52.0,0.014285714285714285
29.38082191780822,demographic_sir_R0_comparison,0.47455154826784607,1.0158813771114923e-201,0.5254484517321588,2.0,104.02857142857142,52.0,0.014285714285714285
29.4,demographic_sir_R0_comparison,0.4746954870292337,9.657297688254155e-202,0.5253045129707711,2.0,104.02857142857142,52.0,0.014285714285714285
29.41917808219178,demographic_sir_R0_comparison,0.4748393863607459,9.18317661415389e-202,0.5251606136392588,2.0,104.02857142857142,52.0,0.014285714285714285
29.438356164383563,demographic_sir_R0_comparison,0.4749832462731839,8.734839293131168e-202,0.525016753726821,2.0,104.02857142857142,52.0,0.014285714285714285
29.457534246575342,demographic_sir_R0_comparison,0.47512706677734584,8.3107751246285e-202,0.5248729332226589,2.0,104.02857142857142,52.0,0.014285714285714285
29.476712328767125,demographic_sir_R0_comparison,0.47527084788402707,7.909567545139509e-202,0.5247291521159777,2.0,104.02857142857142,52.0,0.014285714285714285
29.495890410958904,demographic_sir_R0_comparison,0.47541458960402,7.529887865155145e-202,0.5245854103959847,2.0,104.02857142857142,52.0,0.014285714285714285
29.515068493150686,demographic_sir_R0_comparison,0.47555829194811394,7.170489528575862e-202,0.5244417080518907,2.0,104.02857142857142,52.0,0.014285714285714285
29.534246575342465,demographic_sir_R0_comparison,0.47570195492709544,6.830202764453162e-202,0.5242980450729093,2.0,104.02857142857142,52.0,0.014285714285714285
29.553424657534247,demographic_sir_R0_comparison,0.4758455785517479,6.507929603148299e-202,0.5241544214482569,2.0,104.02857142857142,52.0,0.014285714285714285
29.572602739726026,demographic_sir_R0_comparison,0.47598916283285186,6.202639231058907e-202,0.524010837167153,2.0,104.02857142857142,52.0,0.014285714285714285
29.59178082191781,demographic_sir_R0_comparison,0.47613270778118505,5.913363659961827e-202,0.52386729221882,2.0,104.02857142857142,52.0,0.014285714285714285
29.61095890410959,demographic_sir_R0_comparison,0.47627621340752174,5.639193688781356e-202,0.5237237865924832,2.0,104.02857142857142,52.0,0.014285714285714285
29.63013698630137,demographic_sir_R0_comparison,0.4764196797226339,5.379275137212647e-202,0.5235803202773708,2.0,104.02857142857142,52.0,0.014285714285714285
29.649315068493152,demographic_sir_R0_comparison,0.4765631067372901,5.132805332133021e-202,0.5234368932627144,2.0,104.02857142857142,52.0,0.014285714285714285
29.66849315068493,demographic_sir_R0_comparison,0.4767064944622562,4.899029829121456e-202,0.5232935055377481,2.0,104.02857142857142,52.0,0.014285714285714285
29.687671232876713,demographic_sir_R0_comparison,0.4768498429082951,4.677239352688228e-202,0.5231501570917093,2.0,104.02857142857142,52.0,0.014285714285714285
29.706849315068492,demographic_sir_R0_comparison,0.47699315208616644,4.466766940006176e-202,0.5230068479138378,2.0,104.02857142857142,52.0,0.014285714285714285
29.726027397260275,demographic_sir_R0_comparison,0.47713642200662737,4.266985274030256e-202,0.5228635779933766,2.0,104.02857142857142,52.0,0.014285714285714285
29.745205479452054,demographic_sir_R0_comparison,0.4772796526804317,4.0773041929108846e-202,0.522720347319572,2.0,104.02857142857142,52.0,0.014285714285714285
29.764383561643836,demographic_sir_R0_comparison,0.4774228441183308,3.8971683635442843e-202,0.522577155881673,2.0,104.02857142857142,52.0,0.014285714285714285
29.78356164383562,demographic_sir_R0_comparison,0.47756599633107244,3.7260551079759227e-202,0.5224340036689311,2.0,104.02857142857142,52.0,0.014285714285714285
29.802739726027397,demographic_sir_R0_comparison,0.4777091093294018,3.563472372177068e-202,0.5222908906706017,2.0,104.02857142857142,52.0,0.014285714285714285
29.82191780821918,demographic_sir_R0_comparison,0.4778521831240612,3.408956827462092e-202,0.5221478168759424,2.0,104.02857142857142,52.0,0.014285714285714285
29.84109589041096,demographic_sir_R0_comparison,0.47799521772578973,3.2620720955054174e-202,0.5220047822742138,2.0,104.02857142857142,52.0,0.014285714285714285
29.86027397260274,demographic_sir_R0_comparison,0.47813821314532384,3.1224070885564653e-202,0.5218617868546795,2.0,104.02857142857142,52.0,0.014285714285714285
29.87945205479452,demographic_sir_R0_comparison,0.4782811693933969,2.989574457046097e-202,0.5217188306066066,2.0,104.02857142857142,52.0,0.014285714285714285
29.898630136986302,demographic_sir_R0_comparison,0.47842408648073936,2.863209137326346e-202,0.5215759135192644,2.0,104.02857142857142,52.0,0.014285714285714285
29.91780821917808,demographic_sir_R0_comparison,0.47856696441807867,2.742966992796895e-202,0.5214330355819251,2.0,104.02857142857142,52.0,0.014285714285714285
29.936986301369863,demographic_sir_R0_comparison,0.4787098032161395,2.62852354214293e-202,0.5212901967838645,2.0,104.02857142857142,52.0,0.014285714285714285
29.956164383561646,demographic_sir_R0_comparison,0.47885260288564324,2.5195727688490005e-202,0.5211473971143605,2.0,104.02857142857142,52.0,0.014285714285714285
29.975342465753425,demographic_sir_R0_comparison,0.4789953634373087,2.41582600655899e-202,0.521004636562695,2.0,104.02857142857142,52.0,0.014285714285714285
29.994520547945207,demographic_sir_R0_comparison,0.47913808488185167,2.317010895230377e-202,0.5208619151181519,2.0,104.02857142857142,52.0,0.014285714285714285
30.013698630136986,demographic_sir_R0_comparison,0.479280767229985,2.222870403381183e-202,0.5207192327700187,2.0,104.02857142857142,52.0,0.014285714285714285
30.03287671232877,demographic_sir_R0_comparison,0.47942341049241854,2.1331619120522618e-202,0.5205765895075853,2.0,104.02857142857142,52.0,0.014285714285714285
30.052054794520547,demographic_sir_R0_comparison,0.4795660146798592,2.047656356410398e-202,0.520433985320145,2.0,104.02857142857142,52.0,0.014285714285714285
30.07123287671233,demographic_sir_R0_comparison,0.4797085798030109,1.9661374211966862e-202,0.520291420196993,2.0,104.02857142857142,52.0,0.014285714285714285
30.09041095890411,demographic_sir_R0_comparison,0.47985110587257473,1.8884007864859128e-202,0.520148894127429,2.0,104.02857142857142,52.0,0.014285714285714285
30.10958904109589,demographic_sir_R0_comparison,0.479993592899249,1.8142534204632994e-202,0.5200064071007547,2.0,104.02857142857142,52.0,0.014285714285714285
30.12876712328767,demographic_sir_R0_comparison,0.4801360408937288,1.7435129161505064e-202,0.5198639591062748,2.0,104.02857142857142,52.0,0.014285714285714285
30.147945205479452,demographic_sir_R0_comparison,0.4802784498667063,1.6760068692204604e-202,0.5197215501332971,2.0,104.02857142857142,52.0,0.014285714285714285
30.167123287671235,demographic_sir_R0_comparison,0.4804208198288711,1.6115722942354162e-202,0.5195791801711324,2.0,104.02857142857142,52.0,0.014285714285714285
30.186301369863013,demographic_sir_R0_comparison,0.48056315079090955,1.5500550768221531e-202,0.5194368492090938,2.0,104.02857142857142,52.0,0.014285714285714285
30.205479452054796,demographic_sir_R0_comparison,0.48070544276350524,1.491309459466324e-202,0.5192945572364981,2.0,104.02857142857142,52.0,0.014285714285714285
30.224657534246575,demographic_sir_R0_comparison,0.48084769575733854,1.4351975587638103e-202,0.5191523042426648,2.0,104.02857142857142,52.0,0.014285714285714285
30.243835616438357,demographic_sir_R0_comparison,0.48098990978308725,1.3815889121115766e-202,0.519010090216916,2.0,104.02857142857142,52.0,0.014285714285714285
30.263013698630136,demographic_sir_R0_comparison,0.4811320848514261,1.3303600519560168e-202,0.5188679151485772,2.0,104.02857142857142,52.0,0.014285714285714285
30.28219178082192,demographic_sir_R0_comparison,0.48127422097302686,1.2813941058416748e-202,0.5187257790269764,2.0,104.02857142857142,52.0,0.014285714285714285
30.301369863013697,demographic_sir_R0_comparison,0.4814163181585584,1.234580420620688e-202,0.5185836818414448,2.0,104.02857142857142,52.0,0.014285714285714285
30.32054794520548,demographic_sir_R0_comparison,0.48155837641868676,1.189814209291468e-202,0.5184416235813167,2.0,104.02857142857142,52.0,0.014285714285714285
30.339726027397262,demographic_sir_R0_comparison,0.48170039576407486,1.1469962190369766e-202,0.5182996042359287,2.0,104.02857142857142,52.0,0.014285714285714285
30.35890410958904,demographic_sir_R0_comparison,0.48184237620538284,1.1060324191267594e-202,0.5181576237946207,2.0,104.02857142857142,52.0,0.014285714285714285
30.378082191780823,demographic_sir_R0_comparison,0.4819843177532677,1.0668337074350798e-202,0.5180156822467357,2.0,104.02857142857142,52.0,0.014285714285714285
30.397260273972602,demographic_sir_R0_comparison,0.4821262204183839,1.0293156344092806e-202,0.5178737795816194,2.0,104.02857142857142,52.0,0.014285714285714285
30.416438356164385,demographic_sir_R0_comparison,0.48226808421138284,9.933981433985352e-203,0.5177319157886204,2.0,104.02857142857142,52.0,0.014285714285714285
30.435616438356163,demographic_sir_R0_comparison,0.4824099091429128,9.590053263246124e-203,0.5175900908570904,2.0,104.02857142857142,52.0,0.014285714285714285
30.454794520547946,demographic_sir_R0_comparison,0.4825516952236196,9.260651937420924e-203,0.5174483047763839,2.0,104.02857142857142,52.0,0.014285714285714285
30.473972602739725,demographic_sir_R0_comparison,0.48269344246414553,8.945094583976753e-203,0.5173065575358579,2.0,104.02857142857142,52.0,0.014285714285714285
30.493150684931507,demographic_sir_R0_comparison,0.48283515087513046,8.642733314554053e-203,0.5171648491248729,2.0,104.02857142857142,52.0,0.014285714285714285
30.51232876712329,demographic_sir_R0_comparison,0.48297682046721113,8.352953306087617e-203,0.5170231795327924,2.0,104.02857142857142,52.0,0.014285714285714285
30.53150684931507,demographic_sir_R0_comparison,0.4831184512510213,8.075170993503371e-203,0.5168815487489823,2.0,104.02857142857142,52.0,0.014285714285714285
30.55068493150685,demographic_sir_R0_comparison,0.4832600432371922,7.80883236716807e-203,0.5167399567628116,2.0,104.02857142857142,52.0,0.014285714285714285
30.56986301369863,demographic_sir_R0_comparison,0.4834015964363515,7.553411368705258e-203,0.5165984035636524,2.0,104.02857142857142,52.0,0.014285714285714285
30.589041095890412,demographic_sir_R0_comparison,0.48354311085912444,7.308408379196392e-203,0.5164568891408792,2.0,104.02857142857142,52.0,0.014285714285714285
30.60821917808219,demographic_sir_R0_comparison,0.4836845865161333,7.073348794169227e-203,0.5163154134838704,2.0,104.02857142857142,52.0,0.014285714285714285
30.627397260273973,demographic_sir_R0_comparison,0.4838260234179974,6.847781680127566e-203,0.5161739765820065,2.0,104.02857142857142,52.0,0.014285714285714285
30.646575342465752,demographic_sir_R0_comparison,0.4839674215753331,6.631278507711189e-203,0.5160325784246711,2.0,104.02857142857142,52.0,0.014285714285714285
30.665753424657535,demographic_sir_R0_comparison,0.4841087809987539,6.42343195688171e-203,0.5158912190012505,2.0,104.02857142857142,52.0,0.014285714285714285
30.684931506849317,demographic_sir_R0_comparison,0.48425010169887023,6.223854789822281e-203,0.5157498983011343,2.0,104.02857142857142,52.0,0.014285714285714285
30.704109589041096,demographic_sir_R0_comparison,0.4843913836862898,6.03217878750728e-203,0.5156086163137145,2.0,104.02857142857142,52.0,0.014285714285714285
30.723287671232878,demographic_sir_R0_comparison,0.48453262697161764,5.848053746152287e-203,0.5154673730283866,2.0,104.02857142857142,52.0,0.014285714285714285
30.742465753424657,demographic_sir_R0_comparison,0.48467383156545546,5.671146529991045e-203,0.5153261684345491,2.0,104.02857142857142,52.0,0.014285714285714285
30.76164383561644,demographic_sir_R0_comparison,0.48481499747840207,5.501140177045742e-203,0.5151850025216026,2.0,104.02857142857142,52.0,0.014285714285714285
30.78082191780822,demographic_sir_R0_comparison,0.48495612472105365,5.337733054765637e-203,0.515043875278951,2.0,104.02857142857142,52.0,0.014285714285714285
30.8,demographic_sir_R0_comparison,0.4850972133040033,5.180638062600187e-203,0.5149027866960014,2.0,104.02857142857142,52.0,0.014285714285714285
30.81917808219178,demographic_sir_R0_comparison,0.4852382632378412,5.029581878755719e-203,0.5147617367621633,2.0,104.02857142857142,52.0,0.014285714285714285
30.838356164383562,demographic_sir_R0_comparison,0.48537927453315494,4.884304248551931e-203,0.5146207254668497,2.0,104.02857142857142,52.0,0.014285714285714285
30.857534246575344,demographic_sir_R0_comparison,0.48552024720052894,4.744557311954744e-203,0.5144797527994758,2.0,104.02857142857142,52.0,0.014285714285714285
30.876712328767123,demographic_sir_R0_comparison,0.4856611812505445,4.6101049680085554e-203,0.5143388187494602,2.0,104.02857142857142,52.0,0.014285714285714285
30.895890410958906,demographic_sir_R0_comparison,0.4858020766937804,4.4807222740308194e-203,0.5141979233062243,2.0,104.02857142857142,52.0,0.014285714285714285
30.915068493150685,demographic_sir_R0_comparison,0.48594293354081247,4.3561948775616717e-203,0.5140570664591924,2.0,104.02857142857142,52.0,0.014285714285714285
30.934246575342467,demographic_sir_R0_comparison,0.4860837518022134,4.2363184791821855e-203,0.5139162481977912,2.0,104.02857142857142,52.0,0.014285714285714285
30.953424657534246,demographic_sir_R0_comparison,0.4862245314885532,4.120898324430206e-203,0.5137754685114514,2.0,104.02857142857142,52.0,0.014285714285714285
30.972602739726028,demographic_sir_R0_comparison,0.48636527261039914,4.009748723147997e-203,0.5136347273896056,2.0,104.02857142857142,52.0,0.014285714285714285
30.991780821917807,demographic_sir_R0_comparison,0.48650597517831506,3.902692594697495e-203,0.5134940248216896,2.0,104.02857142857142,52.0,0.014285714285714285
31.01095890410959,demographic_sir_R0_comparison,0.48664663920286244,3.799561037571311e-203,0.5133533607971423,2.0,104.02857142857142,52.0,0.014285714285714285
31.030136986301372,demographic_sir_R0_comparison,0.48678726469459965,3.7001929220169083e-203,0.5132127353054052,2.0,104.02857142857142,52.0,0.014285714285714285
31.04931506849315,demographic_sir_R0_comparison,0.48692785166408203,3.604434504372662e-203,0.5130721483359227,2.0,104.02857142857142,52.0,0.014285714285714285
31.068493150684933,demographic_sir_R0_comparison,0.4870684001218623,3.5121390618925036e-203,0.5129315998781423,2.0,104.02857142857142,52.0,0.014285714285714285
31.087671232876712,demographic_sir_R0_comparison,0.48720891007849015,3.423166546908332e-203,0.5127910899215142,2.0,104.02857142857142,52.0,0.014285714285714285
31.106849315068494,demographic_sir_R0_comparison,0.48734938154451246,3.3373832592467555e-203,0.5126506184554919,2.0,104.02857142857142,52.0,0.014285714285714285
31.126027397260273,demographic_sir_R0_comparison,0.4874898145304731,3.254661535881537e-203,0.5125101854695314,2.0,104.02857142857142,52.0,0.014285714285714285
31.145205479452056,demographic_sir_R0_comparison,0.4876302090469131,3.174879456861901e-203,0.5123697909530914,2.0,104.02857142857142,52.0,0.014285714285714285
31.164383561643834,demographic_sir_R0_comparison,0.4877705651043706,3.0979205666141275e-203,0.5122294348956338,2.0,104.02857142857142,52.0,0.014285714285714285
31.183561643835617,demographic_sir_R0_comparison,0.487910882713381,3.023673609765601e-203,0.5120891172866233,2.0,104.02857142857142,52.0,0.014285714285714285
31.202739726027396,demographic_sir_R0_comparison,0.48805116188447645,2.952032280690995e-203,0.5119488381155279,2.0,104.02857142857142,52.0,0.014285714285714285
31.221917808219178,demographic_sir_R0_comparison,0.48819140262818655,2.8828949860258367e-203,0.5118085973718176,2.0,104.02857142857142,52.0,0.014285714285714285
31.24109589041096,demographic_sir_R0_comparison,0.4883316049550379,2.8161646194373187e-203,0.5116683950449664,2.0,104.02857142857142,52.0,0.014285714285714285
31.26027397260274,demographic_sir_R0_comparison,0.48847176887555427,2.7517483479824513e-203,0.5115282311244501,2.0,104.02857142857142,52.0,0.014285714285714285
31.279452054794522,demographic_sir_R0_comparison,0.48861189440025626,2.6895574094227194e-203,0.5113881055997477,2.0,104.02857142857142,52.0,0.014285714285714285
31.2986301369863,demographic_sir_R0_comparison,0.4887519815396621,2.6295069199006256e-203,0.5112480184603418,2.0,104.02857142857142,52.0,0.014285714285714285
31.317808219178083,demographic_sir_R0_comparison,0.48889203030428696,2.57151569141714e-203,0.5111079696957167,2.0,104.02857142857142,52.0,0.014285714285714285
31.336986301369862,demographic_sir_R0_comparison,0.48903204070464285,2.515506058581766e-203,0.5109679592953608,2.0,104.02857142857142,52.0,0.014285714285714285
31.356164383561644,demographic_sir_R0_comparison,0.48917201275123917,2.4614037141363122e-203,0.5108279872487645,2.0,104.02857142857142,52.0,0.014285714285714285
31.375342465753423,demographic_sir_R0_comparison,0.48931194645458226,2.4091375527824836e-203,0.5106880535454216,2.0,104.02857142857142,52.0,0.014285714285714285
31.394520547945206,demographic_sir_R0_comparison,0.4894518418251758,2.3586395228693594e-203,0.5105481581748281,2.0,104.02857142857142,52.0,0.014285714285714285
31.413698630136988,demographic_sir_R0_comparison,0.4895916988735204,2.3098444855225157e-203,0.5104083011264837,2.0,104.02857142857142,52.0,0.014285714285714285
31.432876712328767,demographic_sir_R0_comparison,0.48973151761011385,2.2626900808195734e-203,0.5102684823898904,2.0,104.02857142857142,52.0,0.014285714285714285
31.45205479452055,demographic_sir_R0_comparison,0.48987129804545104,2.2171166006394718e-203,0.5101287019545533,2.0,104.02857142857142,52.0,0.014285714285714285
31.471232876712328,demographic_sir_R0_comparison,0.4900110401900241,2.1730668678336407e-203,0.5099889598099802,2.0,104.02857142857142,52.0,0.014285714285714285
31.49041095890411,demographic_sir_R0_comparison,0.49015074405432235,2.1304861213865894e-203,0.5098492559456819,2.0,104.02857142857142,52.0,0.014285714285714285
31.50958904109589,demographic_sir_R0_comparison,0.49029040964883186,2.0893219072524261e-203,0.5097095903511722,2.0,104.02857142857142,52.0,0.014285714285714285
31.528767123287672,demographic_sir_R0_comparison,0.49043003698403626,2.0495239745707144e-203,0.509569963015968,2.0,104.02857142857142,52.0,0.014285714285714285
31.54794520547945,demographic_sir_R0_comparison,0.49056962607041593,2.0110441769820108e-203,0.5094303739295885,2.0,104.02857142857142,52.0,0.014285714285714285
31.567123287671233,demographic_sir_R0_comparison,0.4907091769184487,1.9738363787783964e-203,0.5092908230815558,2.0,104.02857142857142,52.0,0.014285714285714285
31.586301369863016,demographic_sir_R0_comparison,0.49084868953860933,1.9378563656393532e-203,0.5091513104613954,2.0,104.02857142857142,52.0,0.014285714285714285
31.605479452054794,demographic_sir_R0_comparison,0.49098816394136985,1.9030617597166553e-203,0.5090118360586351,2.0,104.02857142857142,52.0,0.014285714285714285
31.624657534246577,demographic_sir_R0_comparison,0.49112760013719925,1.8694119388451607e-203,0.5088723998628057,2.0,104.02857142857142,52.0,0.014285714285714285
31.643835616438356,demographic_sir_R0_comparison,0.4912669981365639,1.836867959668548e-203,0.5087330018634414,2.0,104.02857142857142,52.0,0.014285714285714285
31.663013698630138,demographic_sir_R0_comparison,0.49140635794992693,1.8053924844803572e-203,0.5085936420500784,2.0,104.02857142857142,52.0,0.014285714285714285
31.682191780821917,demographic_sir_R0_comparison,0.49154567958774886,1.7749497115918728e-203,0.5084543204122564,2.0,104.02857142857142,52.0,0.014285714285714285
31.7013698630137,demographic_sir_R0_comparison,0.4916849630604876,1.745505309048249e-203,0.5083150369395176,2.0,104.02857142857142,52.0,0.014285714285714285
31.720547945205478,demographic_sir_R0_comparison,0.49182420837859747,1.7170263515242974e-203,0.5081757916214077,2.0,104.02857142857142,52.0,0.014285714285714285
31.73972602739726,demographic_sir_R0_comparison,0.49196341555253065,1.6894812602401138e-203,0.5080365844474745,2.0,104.02857142857142,52.0,0.014285714285714285
31.758904109589043,demographic_sir_R0_comparison,0.49210258459273626,1.662839745745662e-203,0.507897415407269,2.0,104.02857142857142,52.0,0.014285714285714285
31.778082191780822,demographic_sir_R0_comparison,0.49224171550966017,1.63707275343124e-203,0.5077582844903449,2.0,104.02857142857142,52.0,0.014285714285714285
31.797260273972604,demographic_sir_R0_comparison,0.49238080831374587,1.6121524116286073e-203,0.5076191916862592,2.0,104.02857142857142,52.0,0.014285714285714285
31.816438356164383,demographic_sir_R0_comparison,0.4925198630154337,1.5880519821747865e-203,0.5074801369845714,2.0,104.02857142857142,52.0,0.014285714285714285
31.835616438356166,demographic_sir_R0_comparison,0.4926588796251613,1.5647458133172044e-203,0.5073411203748437,2.0,104.02857142857142,52.0,0.014285714285714285
31.854794520547944,demographic_sir_R0_comparison,0.49279785815336347,1.542209294845571e-203,0.5072021418466416,2.0,104.02857142857142,52.0,0.014285714285714285
31.873972602739727,demographic_sir_R0_comparison,0.492936798610472,1.520418815341687e-203,0.5070632013895331,2.0,104.02857142857142,52.0,0.014285714285714285
31.893150684931506,demographic_sir_R0_comparison,0.49307570100691583,1.4993517214444423e-203,0.5069242989930892,2.0,104.02857142857142,52.0,0.014285714285714285
31.912328767123288,demographic_sir_R0_comparison,0.49321456535312125,1.4789862790324163e-203,0.5067854346468837,2.0,104.02857142857142,52.0,0.014285714285714285
31.93150684931507,demographic_sir_R0_comparison,0.4933533916595115,1.4593016362319185e-203,0.5066466083404935,2.0,104.02857142857142,52.0,0.014285714285714285
31.95068493150685,demographic_sir_R0_comparison,0.49349217993650685,1.4402777881629418e-203,0.5065078200634981,2.0,104.02857142857142,52.0,0.014285714285714285
31.96986301369863,demographic_sir_R0_comparison,0.4936309301945252,1.4218955433402593e-203,0.5063690698054799,2.0,104.02857142857142,52.0,0.014285714285714285
31.98904109589041,demographic_sir_R0_comparison,0.49376964244398114,1.404136491651236e-203,0.5062303575560243,2.0,104.02857142857142,52.0,0.014285714285714285
32.00821917808219,demographic_sir_R0_comparison,0.49390831669528634,1.3869829738359297e-203,0.5060916833047189,2.0,104.02857142857142,52.0,0.014285714285714285
32.02739726027397,demographic_sir_R0_comparison,0.4940469529588501,1.3704180523991593e-203,0.505953047041155,2.0,104.02857142857142,52.0,0.014285714285714285
32.04657534246575,demographic_sir_R0_comparison,0.49418555124507846,1.3544254838877012e-203,0.5058144487549264,2.0,104.02857142857142,52.0,0.014285714285714285
32.06575342465754,demographic_sir_R0_comparison,0.49432411156437484,1.3389896924694455e-203,0.5056758884356298,2.0,104.02857142857142,52.0,0.014285714285714285
32.084931506849315,demographic_sir_R0_comparison,0.4944626339271396,1.324095744754576e-203,0.5055373660728648,2.0,104.02857142857142,52.0,0.014285714285714285
32.104109589041094,demographic_sir_R0_comparison,0.4946011183437704,1.3097293258019285e-203,0.5053988816562337,2.0,104.02857142857142,52.0,0.014285714285714285
32.12328767123288,demographic_sir_R0_comparison,0.49473956482466214,1.2958767162568054e-203,0.5052604351753419,2.0,104.02857142857142,52.0,0.014285714285714285
32.14246575342466,demographic_sir_R0_comparison,0.4948779733802066,1.2825247705692273e-203,0.5051220266197974,2.0,104.02857142857142,52.0,0.014285714285714285
32.16164383561644,demographic_sir_R0_comparison,0.495016344020793,1.269660896244247e-203,0.504983655979211,2.0,104.02857142857142,52.0,0.014285714285714285
32.18082191780822,demographic_sir_R0_comparison,0.49515467675680747,1.2572730340786555e-203,0.5048453232431965,2.0,104.02857142857142,52.0,0.014285714285714285
32.2,demographic_sir_R0_comparison,0.49529297159863356,1.2453496393406319e-203,0.5047070284013704,2.0,104.02857142857142,52.0,0.014285714285714285
32.21917808219178,demographic_sir_R0_comparison,0.49543122855665167,1.2338796638513065e-203,0.5045687714433523,2.0,104.02857142857142,52.0,0.014285714285714285
32.23835616438356,demographic_sir_R0_comparison,0.49556944764123945,1.22285253892926e-203,0.5044305523587647,2.0,104.02857142857142,52.0,0.014285714285714285
32.25753424657534,demographic_sir_R0_comparison,0.4957076288627718,1.2122581591611963e-203,0.5042923711372325,2.0,104.02857142857142,52.0,0.014285714285714285
32.276712328767125,demographic_sir_R0_comparison,0.49584577223162085,1.2020868669638258e-203,0.5041542277683835,2.0,104.02857142857142,52.0,0.014285714285714285
32.295890410958904,demographic_sir_R0_comparison,0.49598387775815567,1.192329437903985e-203,0.5040161222418488,2.0,104.02857142857142,52.0,0.014285714285714285
32.31506849315068,demographic_sir_R0_comparison,0.49612194545274263,1.1829770667456748e-203,0.503878054547262,2.0,104.02857142857142,52.0,0.014285714285714285
32.33424657534247,demographic_sir_R0_comparison,0.4962599753257451,1.1740213541945211e-203,0.5037400246742594,2.0,104.02857142857142,52.0,0.014285714285714285
32.35342465753425,demographic_sir_R0_comparison,0.496397967387524,1.1654542943116612e-203,0.5036020326124807,2.0,104.02857142857142,52.0,0.014285714285714285
32.37260273972603,demographic_sir_R0_comparison,0.496535921648437,1.1572682625705948e-203,0.5034640783515678,2.0,104.02857142857142,52.0,0.014285714285714285
32.391780821917806,demographic_sir_R0_comparison,0.49667383811883914,1.1494560045320896e-203,0.5033261618811657,2.0,104.02857142857142,52.0,0.014285714285714285
32.41095890410959,demographic_sir_R0_comparison,0.4968117168090824,1.1420106251135072e-203,0.5031882831909222,2.0,104.02857142857142,52.0,0.014285714285714285
32.43013698630137,demographic_sir_R0_comparison,0.49694955772951627,1.1349255784303339e-203,0.5030504422704883,2.0,104.02857142857142,52.0,0.014285714285714285
32.44931506849315,demographic_sir_R0_comparison,0.4970873608904872,1.128194658188884e-203,0.5029126391095176,2.0,104.02857142857142,52.0,0.014285714285714285
32.468493150684935,demographic_sir_R0_comparison,0.49722512630233895,1.1218119886104597e-203,0.5027748736976659,2.0,104.02857142857142,52.0,0.014285714285714285
32.487671232876714,demographic_sir_R0_comparison,0.497362853975412,1.115772015868327e-203,0.5026371460245931,2.0,104.02857142857142,52.0,0.014285714285714285
32.50684931506849,demographic_sir_R0_comparison,0.4975005439200445,1.1100695000199907e-203,0.5024994560799607,2.0,104.02857142857142,52.0,0.014285714285714285
32.52602739726027,demographic_sir_R0_comparison,0.49763819614657145,1.1046995074183793e-203,0.5023618038534334,2.0,104.02857142857142,52.0,0.014285714285714285
32.54520547945206,demographic_sir_R0_comparison,0.4977758106653255,1.0996574035864898e-203,0.5022241893346792,2.0,104.02857142857142,52.0,0.014285714285714285
32.56438356164384,demographic_sir_R0_comparison,0.49791338748663594,1.0949388465410881e-203,0.5020866125133688,2.0,104.02857142857142,52.0,0.014285714285714285
32.583561643835615,demographic_sir_R0_comparison,0.4980509266208294,1.0905397805519492e-203,0.5019490733791754,2.0,104.02857142857142,52.0,0.014285714285714285
32.602739726027394,demographic_sir_R0_comparison,0.4981884280782297,1.0864564303241e-203,0.5018115719217748,2.0,104.02857142857142,52.0,0.014285714285714285
32.62191780821918,demographic_sir_R0_comparison,0.4983258918691578,1.0826852955913335e-203,0.5016741081308465,2.0,104.02857142857142,52.0,0.014285714285714285
32.64109589041096,demographic_sir_R0_comparison,0.4984633180039321,1.079223146110163e-203,0.5015366819960723,2.0,104.02857142857142,52.0,0.014285714285714285
32.66027397260274,demographic_sir_R0_comparison,0.49860070649286775,1.0760670170441586e-203,0.501399293507137,2.0,104.02857142857142,52.0,0.014285714285714285
32.679452054794524,demographic_sir_R0_comparison,0.4987380573462773,1.0732142047294506e-203,0.5012619426537274,2.0,104.02857142857142,52.0,0.014285714285714285
32.6986301369863,demographic_sir_R0_comparison,0.4988753705744704,1.07066226281291e-203,0.5011246294255343,2.0,104.02857142857142,52.0,0.014285714285714285
32.71780821917808,demographic_sir_R0_comparison,0.49901264618775387,1.0684089987552756e-203,0.5009873538122508,2.0,104.02857142857142,52.0,0.014285714285714285
32.73698630136986,demographic_sir_R0_comparison,0.49914988419643186,1.0664524706922426e-203,0.500850115803573,2.0,104.02857142857142,52.0,0.014285714285714285
32.75616438356165,demographic_sir_R0_comparison,0.4992870846108055,1.0647909846472128e-203,0.5007129153891992,2.0,104.02857142857142,52.0,0.014285714285714285
32.775342465753425,demographic_sir_R0_comparison,0.49942424744117325,1.0634230920901095e-203,0.5005757525588315,2.0,104.02857142857142,52.0,0.014285714285714285
32.794520547945204,demographic_sir_R0_comparison,0.4995613726978307,1.0623475878373338e-203,0.5004386273021741,2.0,104.02857142857142,52.0,0.014285714285714285
32.81369863013698,demographic_sir_R0_comparison,0.4996984603910706,1.0615635082886158e-203,0.500301539608934,2.0,104.02857142857142,52.0,0.014285714285714285
32.83287671232877,demographic_sir_R0_comparison,0.49983551053118286,1.0610701299971559e-203,0.5001644894688216,2.0,104.02857142857142,52.0,0.014285714285714285
32.85205479452055,demographic_sir_R0_comparison,0.4999725231284546,1.0608669685700992e-203,0.5000274768715499,2.0,104.02857142857142,52.0,0.014285714285714285
32.87123287671233,demographic_sir_R0_comparison,0.5001094981931702,1.0609537778970305e-203,0.49989050180683425,2.0,104.02857142857142,52.0,0.014285714285714285
32.89041095890411,demographic_sir_R0_comparison,0.5002464357356113,1.0613305497048013e-203,0.4997535642643934,2.0,104.02857142857142,52.0,0.014285714285714285
32.90958904109589,demographic_sir_R0_comparison,0.5003833357660562,1.0619975134376225e-203,0.4996166642339486,2.0,104.02857142857142,52.0,0.014285714285714285
32.92876712328767,demographic_sir_R0_comparison,0.5005201982947808,1.0629551364619967e-203,0.49947980170522405,2.0,104.02857142857142,52.0,0.014285714285714285
32.94794520547945,demographic_sir_R0_comparison,0.5006570233320583,1.0642041245966648e-203,0.4993429766679466,2.0,104.02857142857142,52.0,0.014285714285714285
32.967123287671235,demographic_sir_R0_comparison,0.5007938108881591,1.0657454229683788e-203,0.499206189111846,2.0,104.02857142857142,52.0,0.014285714285714285
32.986301369863014,demographic_sir_R0_comparison,0.5009305609733502,1.0675802171949205e-203,0.499069439026655,2.0,104.02857142857142,52.0,0.014285714285714285
33.00547945205479,demographic_sir_R0_comparison,0.5010672735978964,1.0697099348974373e-203,0.49893272640210895,2.0,104.02857142857142,52.0,0.014285714285714285
33.02465753424658,demographic_sir_R0_comparison,0.5012039487720594,1.0721362475447653e-203,0.498796051227946,2.0,104.02857142857142,52.0,0.014285714285714285
33.04383561643836,demographic_sir_R0_comparison,0.5013405865060983,1.074861072633061e-203,0.4986594134939073,2.0,104.02857142857142,52.0,0.014285714285714285
33.06301369863014,demographic_sir_R0_comparison,0.501477186810269,1.077886576204728e-203,0.4985228131897366,2.0,104.02857142857142,52.0,0.014285714285714285
33.082191780821915,demographic_sir_R0_comparison,0.501613749694825,1.0812151757112328e-203,0.49838625030518063,2.0,104.02857142857142,52.0,0.014285714285714285
33.1013698630137,demographic_sir_R0_comparison,0.501750275170017,1.08484954322511e-203,0.4982497248299888,2.0,104.02857142857142,52.0,0.014285714285714285
33.12054794520548,demographic_sir_R0_comparison,0.5018867632460925,1.0887926090071083e-203,0.4981132367539133,2.0,104.02857142857142,52.0,0.014285714285714285
33.13972602739726,demographic_sir_R0_comparison,0.5020232139332965,1.093047565435147e-203,0.4979767860667092,2.0,104.02857142857142,52.0,0.014285714285714285
33.15890410958904,demographic_sir_R0_comparison,0.5021596272418714,1.0976178713024168e-203,0.4978403727581345,2.0,104.02857142857142,52.0,0.014285714285714285
33.178082191780824,demographic_sir_R0_comparison,0.5022960031820559,1.1025072564927302e-203,0.49770399681794963,2.0,104.02857142857142,52.0,0.014285714285714285
33.1972602739726,demographic_sir_R0_comparison,0.502432341764087,1.1077197270419305e-203,0.4975676582359183,2.0,104.02857142857142,52.0,0.014285714285714285
33.21643835616438,demographic_sir_R0_comparison,0.5025686429981984,1.113259570594985e-203,0.49743135700180674,2.0,104.02857142857142,52.0,0.014285714285714285
33.23561643835617,demographic_sir_R0_comparison,0.502704906894621,1.1191313622691046e-203,0.49729509310538406,2.0,104.02857142857142,52.0,0.014285714285714285
33.25479452054795,demographic_sir_R0_comparison,0.5028411334635831,1.1253399709341063e-203,0.4971588665364223,2.0,104.02857142857142,52.0,0.014285714285714285
33.273972602739725,demographic_sir_R0_comparison,0.5029773227153094,1.131890565922076e-203,0.49702267728469585,2.0,104.02857142857142,52.0,0.014285714285714285
33.293150684931504,demographic_sir_R0_comparison,0.5031134746600225,1.138788624179201e-203,0.4968865253399825,2.0,104.02857142857142,52.0,0.014285714285714285
33.31232876712329,demographic_sir_R0_comparison,0.503249589307943,1.1460399378736234e-203,0.4967504106920623,2.0,104.02857142857142,52.0,0.014285714285714285
33.33150684931507,demographic_sir_R0_comparison,0.5033856666692867,1.1536506224740286e-203,0.4966143333307186,2.0,104.02857142857142,52.0,0.014285714285714285
33.35068493150685,demographic_sir_R0_comparison,0.5035217067542684,1.161627125314739e-203,0.4964782932457371,2.0,104.02857142857142,52.0,0.014285714285714285
33.369863013698634,demographic_sir_R0_comparison,0.5036577095730987,1.1699762346640057e-203,0.4963422904269065,2.0,104.02857142857142,52.0,0.014285714285714285
33.38904109589041,demographic_sir_R0_comparison,0.5037936751359868,1.1787050893133025e-203,0.49620632486401856,2.0,104.02857142857142,52.0,0.014285714285714285
33.40821917808219,demographic_sir_R0_comparison,0.5039296034531381,1.1878211887065536e-203,0.49607039654686724,2.0,104.02857142857142,52.0,0.014285714285714285
33.42739726027397,demographic_sir_R0_comparison,0.5040654945347556,1.1973324036292707e-203,0.49593450546524986,2.0,104.02857142857142,52.0,0.014285714285714285
33.446575342465756,demographic_sir_R0_comparison,0.5042013483910393,1.2072469874788915e-203,0.49579865160896613,2.0,104.02857142857142,52.0,0.014285714285714285
33.465753424657535,demographic_sir_R0_comparison,0.5043371650321866,1.2175735881387668e-203,0.495662834967819,2.0,104.02857142857142,52.0,0.014285714285714285
33.484931506849314,demographic_sir_R0_comparison,0.504472944468392,1.2283212604796584e-203,0.4955270555316135,2.0,104.02857142857142,52.0,0.014285714285714285
33.50410958904109,demographic_sir_R0_comparison,0.504608686709847,1.2394994795138458e-203,0.4953913132901582,2.0,104.02857142857142,52.0,0.014285714285714285
33.52328767123288,demographic_sir_R0_comparison,0.5047443917667414,1.251118154228507e-203,0.49525560823326403,2.0,104.02857142857142,52.0,0.014285714285714285
33.54246575342466,demographic_sir_R0_comparison,0.5048800596492605,1.2631876421264387e-203,0.495119940350745,2.0,104.02857142857142,52.0,0.014285714285714285
33.56164383561644,demographic_sir_R0_comparison,0.5050156903675879,1.2757187645038726e-203,0.4949843096324176,2.0,104.02857142857142,52.0,0.014285714285714285
33.58082191780822,demographic_sir_R0_comparison,0.5051512839319042,1.2887228224966565e-203,0.49484871606810127,2.0,104.02857142857142,52.0,0.014285714285714285
33.6,demographic_sir_R0_comparison,0.5052868403523872,1.3022116139279112e-203,0.49471315964761825,2.0,104.02857142857142,52.0,0.014285714285714285
33.61917808219178,demographic_sir_R0_comparison,0.5054223596392119,1.316197450992126e-203,0.49457764036079355,2.0,104.02857142857142,52.0,0.014285714285714285
33.63835616438356,demographic_sir_R0_comparison,0.5055578418025504,1.3306931788124137e-203,0.49444215819745496,2.0,104.02857142857142,52.0,0.014285714285714285
33.657534246575345,demographic_sir_R0_comparison,0.5056932868525722,1.3457121949098533e-203,0.49430671314743296,2.0,104.02857142857142,52.0,0.014285714285714285
33.676712328767124,demographic_sir_R0_comparison,0.505828694799444,1.3612684696258078e-203,0.49417130520056096,2.0,104.02857142857142,52.0,0.014285714285714285
33.6958904109589,demographic_sir_R0_comparison,0.5059640656533299,1.377376567540494e-203,0.4940359343466752,2.0,104.02857142857142,52.0,0.014285714285714285
33.71506849315068,demographic_sir_R0_comparison,0.5060993994243904,1.3940516699332275e-203,0.4939006005756145,2.0,104.02857142857142,52.0,0.014285714285714285
33.73424657534247,demographic_sir_R0_comparison,0.506234696122784,1.4113095983324225e-203,0.49376530387722084,2.0,104.02857142857142,52.0,0.014285714285714285
33.75342465753425,demographic_sir_R0_comparison,0.5063699557586666,1.4291668392058886e-203,0.4936300442413384,2.0,104.02857142857142,52.0,0.014285714285714285
33.772602739726025,demographic_sir_R0_comparison,0.5065051783421903,1.4476405698448493e-203,0.4934948216578144,2.0,104.02857142857142,52.0,0.014285714285714285
33.79178082191781,demographic_sir_R0_comparison,0.5066403638835056,1.4667486854977868e-203,0.493359636116499,2.0,104.02857142857142,52.0,0.014285714285714285
33.81095890410959,demographic_sir_R0_comparison,0.5067755123927593,1.4865098278134274e-203,0.4932244876072453,2.0,104.02857142857142,52.0,0.014285714285714285
33.83013698630137,demographic_sir_R0_comparison,0.5069106238800961,1.5069434146554015e-203,0.49308937611990866,2.0,104.02857142857142,52.0,0.014285714285714285
33.84931506849315,demographic_sir_R0_comparison,0.5070456983556573,1.5280696713542813e-203,0.49295430164434756,2.0,104.02857142857142,52.0,0.014285714285714285
33.868493150684934,demographic_sir_R0_comparison,0.5071807358295819,1.5499096634665202e-203,0.49281926417042304,2.0,104.02857142857142,52.0,0.014285714285714285
33.88767123287671,demographic_sir_R0_comparison,0.5073157363120057,1.57248533111337e-203,0.4926842636879992,2.0,104.02857142857142,52.0,0.014285714285714285
33.90684931506849,demographic_sir_R0_comparison,0.507450699813062,1.5958195249770385e-203,0.49254930018694276,2.0,104.02857142857142,52.0,0.014285714285714285
33.92602739726028,demographic_sir_R0_comparison,0.5075856263428817,1.6199360440352467e-203,0.4924143736571231,2.0,104.02857142857142,52.0,0.014285714285714285
33.945205479452056,demographic_sir_R0_comparison,0.5077205159115922,1.644859675119998e-203,0.49227948408841266,2.0,104.02857142857142,52.0,0.014285714285714285
33.964383561643835,demographic_sir_R0_comparison,0.5078553685293183,1.6706162343910512e-203,0.4921446314706864,2.0,104.02857142857142,52.0,0.014285714285714285
33.983561643835614,demographic_sir_R0_comparison,0.5079901842061825,1.6972326108192503e-203,0.4920098157938222,2.0,104.02857142857142,52.0,0.014285714285714285
34.0027397260274,demographic_sir_R0_comparison,0.508124962952304,1.7247368117804075e-203,0.4918750370477006,2.0,104.02857142857142,52.0,0.014285714285714285
34.02191780821918,demographic_sir_R0_comparison,0.5082597047777995,1.7531580108656467e-203,0.491740295222205,2.0,104.02857142857142,52.0,0.014285714285714285
34.04109589041096,demographic_sir_R0_comparison,0.5083944096927827,1.7825265980202287e-203,0.4916055903072217,2.0,104.02857142857142,52.0,0.014285714285714285
34.06027397260274,demographic_sir_R0_comparison,0.508529077707365,1.812874232128641e-203,0.49147092229263944,2.0,104.02857142857142,52.0,0.014285714285714285
34.07945205479452,demographic_sir_R0_comparison,0.5086637088316546,1.8442338961706015e-203,0.4913362911683499,2.0,104.02857142857142,52.0,0.014285714285714285
34.0986301369863,demographic_sir_R0_comparison,0.5087983030757567,1.876639955079181e-203,0.4912016969242476,2.0,104.02857142857142,52.0,0.014285714285714285
34.11780821917808,demographic_sir_R0_comparison,0.5089328604497746,1.9101282164398566e-203,0.49106713955022974,2.0,104.02857142857142,52.0,0.014285714285714285
34.136986301369866,demographic_sir_R0_comparison,0.509067380963808,1.944735994176535e-203,0.49093261903619617,2.0,104.02857142857142,52.0,0.014285714285714285
34.156164383561645,demographic_sir_R0_comparison,0.5092018646279541,1.9805021753790593e-203,0.49079813537205,2.0,104.02857142857142,52.0,0.014285714285714285
34.175342465753424,demographic_sir_R0_comparison,0.5093363114523077,2.017467290435319e-203,0.49066368854769654,2.0,104.02857142857142,52.0,0.014285714285714285
34.1945205479452,demographic_sir_R0_comparison,0.5094707214469604,2.055673586639801e-203,0.4905292785530441,2.0,104.02857142857142,52.0,0.014285714285714285
34.21369863013699,demographic_sir_R0_comparison,0.5096050946220008,2.095165105460498e-203,0.49039490537800373,2.0,104.02857142857142,52.0,0.014285714285714285
34.23287671232877,demographic_sir_R0_comparison,0.5097394309875155,2.135987763655914e-203,0.49026056901248916,2.0,104.02857142857142,52.0,0.014285714285714285
34.25205479452055,demographic_sir_R0_comparison,0.5098737305535878,2.178189438445081e-203,0.49012626944641713,2.0,104.02857142857142,52.0,0.014285714285714285
34.27123287671233,demographic_sir_R0_comparison,0.5100079933302981,2.221820056944397e-203,0.48999200666970666,2.0,104.02857142857142,52.0,0.014285714285714285
34.29041095890411,demographic_sir_R0_comparison,0.5101422193277246,2.2669316900976306e-203,0.48985778067228025,2.0,104.02857142857142,52.0,0.014285714285714285
34.30958904109589,demographic_sir_R0_comparison,0.5102764085559423,2.3135786513382297e-203,0.4897235914440626,2.0,104.02857142857142,52.0,0.014285714285714285
34.32876712328767,demographic_sir_R0_comparison,0.5104105610250237,2.361817600236223e-203,0.4895894389749814,2.0,104.02857142857142,52.0,0.014285714285714285
34.347945205479455,demographic_sir_R0_comparison,0.5105446767450385,2.4117076513969222e-203,0.4894553232549669,2.0,104.02857142857142,52.0,0.014285714285714285
34.367123287671234,demographic_sir_R0_comparison,0.5106787557260531,2.4633104888934268e-203,0.48932124427395235,2.0,104.02857142857142,52.0,0.014285714285714285
34.38630136986301,demographic_sir_R0_comparison,0.5108127979781321,2.5166904865315855e-203,0.48918720202187366,2.0,104.02857142857142,52.0,0.014285714285714285
34.40547945205479,demographic_sir_R0_comparison,0.5109468035113363,2.571914834262508e-203,0.4890531964886693,2.0,104.02857142857142,52.0,0.014285714285714285
34.42465753424658,demographic_sir_R0_comparison,0.5110807723357247,2.629053671076583e-203,0.4889192276642808,2.0,104.02857142857142,52.0,0.014285714285714285
34.443835616438356,demographic_sir_R0_comparison,0.5112147044613531,2.6881802247316376e-203,0.48878529553865235,2.0,104.02857142857142,52.0,0.014285714285714285
34.463013698630135,demographic_sir_R0_comparison,0.5113485998982744,2.7493709586889047e-203,0.4886514001017309,2.0,104.02857142857142,52.0,0.014285714285714285
34.48219178082192,demographic_sir_R0_comparison,0.5114824586565393,2.812705726651362e-203,0.48851754134346614,2.0,104.02857142857142,52.0,0.014285714285714285
34.5013698630137,demographic_sir_R0_comparison,0.5116162807461949,2.878267935122589e-203,0.4883837192538105,2.0,104.02857142857142,52.0,0.014285714285714285
34.52054794520548,demographic_sir_R0_comparison,0.5117500661772865,2.9461447144287037e-203,0.48824993382271914,2.0,104.02857142857142,52.0,0.014285714285714285
34.53972602739726,demographic_sir_R0_comparison,0.5118838149598557,3.016427098671172e-203,0.48811618504014986,2.0,104.02857142857142,52.0,0.014285714285714285
34.558904109589044,demographic_sir_R0_comparison,0.512017527103942,3.089210215106569e-203,0.48798247289606345,2.0,104.02857142857142,52.0,0.014285714285714285
34.57808219178082,demographic_sir_R0_comparison,0.5121512026195819,3.164593483477852e-203,0.4878487973804235,2.0,104.02857142857142,52.0,0.014285714285714285
34.5972602739726,demographic_sir_R0_comparison,0.5122848415168095,3.2426808258534286e-203,0.48771515848319597,2.0,104.02857142857142,52.0,0.014285714285714285
34.61643835616439,demographic_sir_R0_comparison,0.5124184438056558,3.3235808875622237e-203,0.48758155619434984,2.0,104.02857142857142,52.0,0.014285714285714285
34.635616438356166,demographic_sir_R0_comparison,0.512552009496149,3.407407269848642e-203,0.48744799050385684,2.0,104.02857142857142,52.0,0.014285714285714285
34.654794520547945,demographic_sir_R0_comparison,0.5126855385983146,3.494278774908455e-203,0.4873144614016914,2.0,104.02857142857142,52.0,0.014285714285714285
34.673972602739724,demographic_sir_R0_comparison,0.5128190311221753,3.5843196640052733e-203,0.48718096887783063,2.0,104.02857142857142,52.0,0.014285714285714285
34.69315068493151,demographic_sir_R0_comparison,0.5129524870777515,3.677659929410148e-203,0.48704751292225446,2.0,104.02857142857142,52.0,0.014285714285714285
34.71232876712329,demographic_sir_R0_comparison,0.5130859064750605,3.774435580950534e-203,0.4869140935249456,2.0,104.02857142857142,52.0,0.014285714285714285
34.73150684931507,demographic_sir_R0_comparison,0.5132192893241166,3.8747889480031264e-203,0.48678071067588935,2.0,104.02857142857142,52.0,0.014285714285714285
34.75068493150685,demographic_sir_R0_comparison,0.5133526356349318,3.9788689978141405e-203,0.486647364365074,2.0,104.02857142857142,52.0,0.014285714285714285
34.76986301369863,demographic_sir_R0_comparison,0.5134859454175154,4.0868316710853863e-203,0.4865140545824903,2.0,104.02857142857142,52.0,0.014285714285714285
34.78904109589041,demographic_sir_R0_comparison,0.5136192186818735,4.198840235820363e-203,0.48638078131813206,2.0,104.02857142857142,52.0,0.014285714285714285
34.80821917808219,demographic_sir_R0_comparison,0.51375245543801,4.3150656604862324e-203,0.4862475445619956,2.0,104.02857142857142,52.0,0.014285714285714285
34.827397260273976,demographic_sir_R0_comparison,0.5138856556959256,4.435687007610538e-203,0.48611434430407996,2.0,104.02857142857142,52.0,0.014285714285714285
34.846575342465755,demographic_sir_R0_comparison,0.5140188194656184,4.560891849001109e-203,0.4859811805343871,2.0,104.02857142857142,52.0,0.014285714285714285
34.865753424657534,demographic_sir_R0_comparison,0.5141519467570841,4.690876703850639e-203,0.48584805324292163,2.0,104.02857142857142,52.0,0.014285714285714285
34.88493150684931,demographic_sir_R0_comparison,0.5142850375803149,4.825847501063736e-203,0.4857149624196908,2.0,104.02857142857142,52.0,0.014285714285714285
34.9041095890411,demographic_sir_R0_comparison,0.514418091945301,4.9660200672284156e-203,0.4855819080547046,2.0,104.02857142857142,52.0,0.014285714285714285
34.92328767123288,demographic_sir_R0_comparison,0.5145511098620295,5.111620641740697e-203,0.485448890137976,2.0,104.02857142857142,52.0,0.014285714285714285
34.942465753424656,demographic_sir_R0_comparison,0.5146840913404849,5.262886420686016e-203,0.4853159086595204,2.0,104.02857142857142,52.0,0.014285714285714285
34.961643835616435,demographic_sir_R0_comparison,0.5148170363906489,5.420066131179065e-203,0.48518296360935614,2.0,104.02857142857142,52.0,0.014285714285714285
34.98082191780822,demographic_sir_R0_comparison,0.5149499450225007,5.583420637971824e-203,0.48505005497750425,2.0,104.02857142857142,52.0,0.014285714285714285
35.0,demographic_sir_R0_comparison,0.5150828172460163,5.753223584251245e-203,0.4849171827539886,2.0,104.02857142857142,52.0,0.014285714285714285
35.01917808219178,demographic_sir_R0_comparison,0.5152156530711692,5.929762068670341e-203,0.4847843469288355,2.0,104.02857142857142,52.0,0.014285714285714285
35.038356164383565,demographic_sir_R0_comparison,0.5153484525079307,6.113337360782877e-203,0.48465154749207434,2.0,104.02857142857142,52.0,0.014285714285714285
35.057534246575344,demographic_sir_R0_comparison,0.5154812155662682,6.304265657190582e-203,0.48451878443373686,2.0,104.02857142857142,52.0,0.014285714285714285
35.07671232876712,demographic_sir_R0_comparison,0.5156139422561471,6.502878880858034e-203,0.4843860577438578,2.0,104.02857142857142,52.0,0.014285714285714285
35.0958904109589,demographic_sir_R0_comparison,0.5157466325875302,6.709525526204275e-203,0.4842533674124746,2.0,104.02857142857142,52.0,0.014285714285714285
35.11506849315069,demographic_sir_R0_comparison,0.5158792865703772,6.924571552748648e-203,0.48412071342962715,2.0,104.02857142857142,52.0,0.014285714285714285
35.134246575342466,demographic_sir_R0_comparison,0.5160119042146456,7.14840133026371e-203,0.4839880957853588,2.0,104.02857142857142,52.0,0.014285714285714285
35.153424657534245,demographic_sir_R0_comparison,0.5161444855302897,7.381418638579135e-203,0.4838555144697148,2.0,104.02857142857142,52.0,0.014285714285714285
35.17260273972603,demographic_sir_R0_comparison,0.5162770305272608,7.624047725379639e-203,0.48372296947274346,2.0,104.02857142857142,52.0,0.014285714285714285
35.19178082191781,demographic_sir_R0_comparison,0.5164095392155083,7.876734425557238e-203,0.4835904607844959,2.0,104.02857142857142,52.0,0.014285714285714285
35.21095890410959,demographic_sir_R0_comparison,0.516542011604978,8.139947345908206e-203,0.48345798839502596,2.0,104.02857142857142,52.0,0.014285714285714285
35.23013698630137,demographic_sir_R0_comparison,0.5166744477056139,8.414179119207803e-203,0.4833255522943901,2.0,104.02857142857142,52.0,0.014285714285714285
35.24931506849315,demographic_sir_R0_comparison,0.5168068475273564,8.69994773196082e-203,0.48319315247264744,2.0,104.02857142857142,52.0,0.014285714285714285
35.26849315068493,demographic_sir_R0_comparison,0.5169392110801438,8.997797930403083e-203,0.48306078891985993,2.0,104.02857142857142,52.0,0.014285714285714285
35.28767123287671,demographic_sir_R0_comparison,0.5170715383739117,9.308302709630606e-203,0.48292846162609226,2.0,104.02857142857142,52.0,0.014285714285714285
35.30684931506849,demographic_sir_R0_comparison,0.5172038294185919,9.63206489104827e-203,0.482796170581412,2.0,104.02857142857142,52.0,0.014285714285714285
35.326027397260276,demographic_sir_R0_comparison,0.5173360842241149,9.969718793674766e-203,0.4826639157758889,2.0,104.02857142857142,52.0,0.014285714285714285
35.345205479452055,demographic_sir_R0_comparison,0.5174683028004078,1.0321932005201595e-202,0.482531697199596,2.0,104.02857142857142,52.0,0.014285714285714285
35.364383561643834,demographic_sir_R0_comparison,0.5176004851573949,1.0689407259096696e-202,0.48239951484260885,2.0,104.02857142857142,52.0,0.014285714285714285
35.38356164383562,demographic_sir_R0_comparison,0.5177326313049982,1.10728844244551e-202,0.48226736869500564,2.0,104.02857142857142,52.0,0.014285714285714285
35.4027397260274,demographic_sir_R0_comparison,0.5178647412531364,1.1473142615747311e-202,0.48213525874686736,2.0,104.02857142857142,52.0,0.014285714285714285
35.42191780821918,demographic_sir_R0_comparison,0.5179968150117259,1.1891002430092373e-202,0.48200318498827777,2.0,104.02857142857142,52.0,0.014285714285714285
35.441095890410956,demographic_sir_R0_comparison,0.5181288525906803,1.2327328320187168e-202,0.48187114740932324,2.0,104.02857142857142,52.0,0.014285714285714285
35.46027397260274,demographic_sir_R0_comparison,0.5182608539999105,1.2783031111573056e-202,0.4817391460000927,2.0,104.02857142857142,52.0,0.014285714285714285
35.47945205479452,demographic_sir_R0_comparison,0.518392819249325,1.325907067349894e-202,0.4816071807506784,2.0,104.02857142857142,52.0,0.014285714285714285
35.4986301369863,demographic_sir_R0_comparison,0.5185247483488289,1.375645875326769e-202,0.48147525165117455,2.0,104.02857142857142,52.0,0.014285714285714285
35.517808219178086,demographic_sir_R0_comparison,0.5186566413083248,1.427626198461387e-202,0.4813433586916786,2.0,104.02857142857142,52.0,0.014285714285714285
35.536986301369865,demographic_sir_R0_comparison,0.518788498137713,1.4819605081379054e-202,0.4812115018622905,2.0,104.02857142857142,52.0,0.014285714285714285
35.556164383561644,demographic_sir_R0_comparison,0.5189203188468905,1.538767422851589e-202,0.481079681153113,2.0,104.02857142857142,52.0,0.014285714285714285
35.57534246575342,demographic_sir_R0_comparison,0.519052103445752,1.5981720683264896e-202,0.48094789655425135,2.0,104.02857142857142,52.0,0.014285714285714285
35.59452054794521,demographic_sir_R0_comparison,0.5191838519441896,1.6603064600231028e-202,0.4808161480558137,2.0,104.02857142857142,52.0,0.014285714285714285
35.61369863013699,demographic_sir_R0_comparison,0.5193155643520924,1.725309909502049e-202,0.480684435647911,2.0,104.02857142857142,52.0,0.014285714285714285
35.632876712328766,demographic_sir_R0_comparison,0.5194472406793464,1.7933294562109896e-202,0.4805527593206568,2.0,104.02857142857142,52.0,0.014285714285714285
35.652054794520545,demographic_sir_R0_comparison,0.5195788809358358,1.8645203263689663e-202,0.48042111906416723,2.0,104.02857142857142,52.0,0.014285714285714285
35.67123287671233,demographic_sir_R0_comparison,0.5197104851314418,1.9390464207386571e-202,0.4802895148685612,2.0,104.02857142857142,52.0,0.014285714285714285
35.69041095890411,demographic_sir_R0_comparison,0.5198420532760424,2.0170808332001789e-202,0.4801579467239605,2.0,104.02857142857142,52.0,0.014285714285714285
35.70958904109589,demographic_sir_R0_comparison,0.5199735853795134,2.0988064021735326e-202,0.4800264146204894,2.0,104.02857142857142,52.0,0.014285714285714285
35.728767123287675,demographic_sir_R0_comparison,0.5201050814517277,2.1844162970781543e-202,0.47989491854827515,2.0,104.02857142857142,52.0,0.014285714285714285
35.74794520547945,demographic_sir_R0_comparison,0.5202365415025553,2.2741146421713817e-202,0.4797634584974473,2.0,104.02857142857142,52.0,0.014285714285714285
35.76712328767123,demographic_sir_R0_comparison,0.5203679655418638,2.368117180271476e-202,0.4796320344581384,2.0,104.02857142857142,52.0,0.014285714285714285
35.78630136986301,demographic_sir_R0_comparison,0.5204993535795187,2.466651979045559e-202,0.47950064642048373,2.0,104.02857142857142,52.0,0.014285714285714285
35.8054794520548,demographic_sir_R0_comparison,0.5206307056253813,2.5699601827323685e-202,0.47936929437462106,2.0,104.02857142857142,52.0,0.014285714285714285
35.824657534246576,demographic_sir_R0_comparison,0.5207620216893113,2.6782968123711165e-202,0.4792379783106911,2.0,104.02857142857142,52.0,0.014285714285714285
35.843835616438355,demographic_sir_R0_comparison,0.5208933017811654,2.791931617825831e-202,0.47910669821883706,2.0,104.02857142857142,52.0,0.014285714285714285
35.863013698630134,demographic_sir_R0_comparison,0.5210245459107976,2.91114998512626e-202,0.47897545408920483,2.0,104.02857142857142,52.0,0.014285714285714285
35.88219178082192,demographic_sir_R0_comparison,0.5211557540880591,3.0362539028981056e-202,0.4788442459119432,2.0,104.02857142857142,52.0,0.014285714285714285
35.9013698630137,demographic_sir_R0_comparison,0.521286926322799,3.1675629919229833e-202,0.47871307367720356,2.0,104.02857142857142,52.0,0.014285714285714285
35.92054794520548,demographic_sir_R0_comparison,0.5214180626248628,3.305415602158453e-202,0.47858193737514,2.0,104.02857142857142,52.0,0.014285714285714285
35.93972602739726,demographic_sir_R0_comparison,0.5215491630040935,3.450169981857073e-202,0.4784508369959091,2.0,104.02857142857142,52.0,0.014285714285714285
35.95890410958904,demographic_sir_R0_comparison,0.5216802274703318,3.6022055237579085e-202,0.4783197725296707,2.0,104.02857142857142,52.0,0.014285714285714285
35.97808219178082,demographic_sir_R0_comparison,0.5218112560334157,3.761924093682328e-202,0.4781887439665868,2.0,104.02857142857142,52.0,0.014285714285714285
35.9972602739726,demographic_sir_R0_comparison,0.5219422487031805,3.9297514472493686e-202,0.4780577512968222,2.0,104.02857142857142,52.0,0.014285714285714285
36.016438356164386,demographic_sir_R0_comparison,0.5220732054894583,4.106138740841797e-202,0.4779267945105443,2.0,104.02857142857142,52.0,0.014285714285714285
36.035616438356165,demographic_sir_R0_comparison,0.5222041264020789,4.291564143397509e-202,0.4777958735979239,2.0,104.02857142857142,52.0,0.014285714285714285
36.054794520547944,demographic_sir_R0_comparison,0.5223350114508694,4.486534556081413e-202,0.4776649885491334,2.0,104.02857142857142,52.0,0.014285714285714285
36.07397260273973,demographic_sir_R0_comparison,0.522465860645654,4.691587447405589e-202,0.4775341393543487,2.0,104.02857142857142,52.0,0.014285714285714285
36.09315068493151,demographic_sir_R0_comparison,0.5225966739962548,4.907292811921252e-202,0.477403326003748,2.0,104.02857142857142,52.0,0.014285714285714285
36.11232876712329,demographic_sir_R0_comparison,0.5227274515124902,5.134255261202476e-202,0.4772725484875125,2.0,104.02857142857142,52.0,0.014285714285714285
36.131506849315066,demographic_sir_R0_comparison,0.5228581932041769,5.37311625648103e-202,0.47714180679582563,2.0,104.02857142857142,52.0,0.014285714285714285
36.15068493150685,demographic_sir_R0_comparison,0.5229888990811284,5.624556492984988e-202,0.4770111009188741,2.0,104.02857142857142,52.0,0.014285714285714285
36.16986301369863,demographic_sir_R0_comparison,0.5231195691531555,5.889298446775181e-202,0.4768804308468469,2.0,104.02857142857142,52.0,0.014285714285714285
36.18904109589041,demographic_sir_R0_comparison,0.5232502034300668,6.168109095676704e-202,0.47674979656993577,2.0,104.02857142857142,52.0,0.014285714285714285
36.20821917808219,demographic_sir_R0_comparison,0.5233808019216675,6.461802826761904e-202,0.4766191980783351,2.0,104.02857142857142,52.0,0.014285714285714285
36.227397260273975,demographic_sir_R0_comparison,0.5235113646377606,6.771244543773455e-202,0.476488635362242,2.0,104.02857142857142,52.0,0.014285714285714285
36.24657534246575,demographic_sir_R0_comparison,0.5236418915881459,7.09735298887454e-202,0.47635810841185655,2.0,104.02857142857142,52.0,0.014285714285714285
36.26575342465753,demographic_sir_R0_comparison,0.5237723827826213,7.441104294194672e-202,0.47622761721738105,2.0,104.02857142857142,52.0,0.014285714285714285
36.28493150684932,demographic_sir_R0_comparison,0.5239028382309815,7.8035357797983925e-202,0.47609716176902067,2.0,104.02857142857142,52.0,0.014285714285714285
36.3041095890411,demographic_sir_R0_comparison,0.5240332579430186,8.185750015960299e-202,0.47596674205698364,2.0,104.02857142857142,52.0,0.014285714285714285
36.323287671232876,demographic_sir_R0_comparison,0.5241636419285219,8.588919168981643e-202,0.4758363580714802,2.0,104.02857142857142,52.0,0.014285714285714285
36.342465753424655,demographic_sir_R0_comparison,0.5242939901972783,9.014289651236947e-202,0.47570600980272376,2.0,104.02857142857142,52.0,0.014285714285714285
36.36164383561644,demographic_sir_R0_comparison,0.5244243027590719,9.463187097715599e-202,0.47557569724093024,2.0,104.02857142857142,52.0,0.014285714285714285
36.38082191780822,demographic_sir_R0_comparison,0.5245545796236842,9.93702169301493e-202,0.47544542037631815,2.0,104.02857142857142,52.0,0.014285714285714285
36.4,demographic_sir_R0_comparison,0.5246848208008937,1.0437293874575341e-201,0.4753151791991089,2.0,104.02857142857142,52.0,0.014285714285714285
36.419178082191785,demographic_sir_R0_comparison,0.5248150263004763,1.0965600439916418e-201,0.4751849736995262,2.0,104.02857142857142,52.0,0.014285714285714285
36.43835616438356,demographic_sir_R0_comparison,0.5249451961322054,1.152364108776881e-201,0.47505480386779697,2.0,104.02857142857142,52.0,0.014285714285714285
36.45753424657534,demographic_sir_R0_comparison,0.5250753303058521,1.2113225425297734e-201,0.4749246696941503,2.0,104.02857142857142,52.0,0.014285714285714285
36.47671232876712,demographic_sir_R0_comparison,0.5252054288311838,1.2736280476092755e-201,0.47479457116881857,2.0,104.02857142857142,52.0,0.014285714285714285
36.49589041095891,demographic_sir_R0_comparison,0.5253354917179662,1.3394858726288134e-201,0.474664508282036,2.0,104.02857142857142,52.0,0.014285714285714285
36.515068493150686,demographic_sir_R0_comparison,0.5254655189759619,1.4091146749070534e-201,0.4745344810240402,2.0,104.02857142857142,52.0,0.014285714285714285
36.534246575342465,demographic_sir_R0_comparison,0.5255955106149309,1.4827474450968193e-201,0.47440448938507135,2.0,104.02857142857142,52.0,0.014285714285714285
36.553424657534244,demographic_sir_R0_comparison,0.5257254666446306,1.5606324986690364e-201,0.47427453335537184,2.0,104.02857142857142,52.0,0.014285714285714285
36.57260273972603,demographic_sir_R0_comparison,0.5258553870748155,1.643034539295111e-201,0.4741446129251871,2.0,104.02857142857142,52.0,0.014285714285714285
36.59178082191781,demographic_sir_R0_comparison,0.5259852719152369,1.7302357995657102e-201,0.4740147280847652,2.0,104.02857142857142,52.0,0.014285714285714285
36.61095890410959,demographic_sir_R0_comparison,0.526115121175645,1.8225372649120684e-201,0.473884878824357,2.0,104.02857142857142,52.0,0.014285714285714285
36.63013698630137,demographic_sir_R0_comparison,0.5262449348657864,1.920259987057027e-201,0.47375506513421567,2.0,104.02857142857142,52.0,0.014285714285714285
36.64931506849315,demographic_sir_R0_comparison,0.5263747129954045,2.0237464938236447e-201,0.47362528700459744,2.0,104.02857142857142,52.0,0.014285714285714285
36.66849315068493,demographic_sir_R0_comparison,0.526504455574241,2.1333623026700612e-201,0.47349554442576103,2.0,104.02857142857142,52.0,0.014285714285714285
36.68767123287671,demographic_sir_R0_comparison,0.5266341626120341,2.249497545903274e-201,0.47336583738796767,2.0,104.02857142857142,52.0,0.014285714285714285
36.706849315068496,demographic_sir_R0_comparison,0.5267638341185201,2.372568716158882e-201,0.47323616588148165,2.0,104.02857142857142,52.0,0.014285714285714285
36.726027397260275,demographic_sir_R0_comparison,0.5268934701034322,2.5030205414180266e-201,0.47310652989656954,2.0,104.02857142857142,52.0,0.014285714285714285
36.74520547945205,demographic_sir_R0_comparison,0.5270230705765009,2.6413279995758703e-201,0.4729769294235007,2.0,104.02857142857142,52.0,0.014285714285714285
36.76438356164383,demographic_sir_R0_comparison,0.5271526355474543,2.78799848337758e-201,0.47284736445254744,2.0,104.02857142857142,52.0,0.014285714285714285
36.78356164383562,demographic_sir_R0_comparison,0.5272821650260177,2.943574127409383e-201,0.4727178349739841,2.0,104.02857142857142,52.0,0.014285714285714285
36.8027397260274,demographic_sir_R0_comparison,0.5274116590219132,3.1086343097732223e-201,0.4725883409780884,2.0,104.02857142857142,52.0,0.014285714285714285
36.821917808219176,demographic_sir_R0_comparison,0.5275411175448615,3.283798342096002e-201,0.4724588824551403,2.0,104.02857142857142,52.0,0.014285714285714285
36.84109589041096,demographic_sir_R0_comparison,0.5276705406045796,3.469728362628638e-201,0.4723294593954224,2.0,104.02857142857142,52.0,0.014285714285714285
36.86027397260274,demographic_sir_R0_comparison,0.5277999282107819,3.667132448390621e-201,0.4722000717892202,2.0,104.02857142857142,52.0,0.014285714285714285
36.87945205479452,demographic_sir_R0_comparison,0.5279292803731804,3.8767679636157706e-201,0.4720707196268217,2.0,104.02857142857142,52.0,0.014285714285714285
36.8986301369863,demographic_sir_R0_comparison,0.5280585971014847,4.099445163161939e-201,0.4719414028985177,2.0,104.02857142857142,52.0,0.014285714285714285
36.917808219178085,demographic_sir_R0_comparison,0.5281878784054012,4.3360310710779266e-201,0.47181212159460134,2.0,104.02857142857142,52.0,0.014285714285714285
36.93698630136986,demographic_sir_R0_comparison,0.5283171242946338,4.5874536561762625e-201,0.47168287570536876,2.0,104.02857142857142,52.0,0.014285714285714285
36.95616438356164,demographic_sir_R0_comparison,0.5284463347788841,4.8547063282607484e-201,0.4715536652211186,2.0,104.02857142857142,52.0,0.014285714285714285
36.97534246575343,demographic_sir_R0_comparison,0.5285755098678508,5.1388527806055474e-201,0.4714244901321522,2.0,104.02857142857142,52.0,0.014285714285714285
36.99452054794521,demographic_sir_R0_comparison,0.5287046495712296,5.4410322064019785e-201,0.4712953504287736,2.0,104.02857142857142,52.0,0.014285714285714285
37.013698630136986,demographic_sir_R0_comparison,0.5288337538987137,5.7624649191876964e-201,0.4711662461012894,2.0,104.02857142857142,52.0,0.014285714285714285
37.032876712328765,demographic_sir_R0_comparison,0.5289628228599942,6.104458409764656e-201,0.47103717714000887,2.0,104.02857142857142,52.0,0.014285714285714285
37.05205479452055,demographic_sir_R0_comparison,0.5290918564647589,6.468413874825019e-201,0.470908143535244,2.0,104.02857142857142,52.0,0.014285714285714285
37.07123287671233,demographic_sir_R0_comparison,0.5292208547226932,6.855833255443219e-201,0.4707791452773096,2.0,104.02857142857142,52.0,0.014285714285714285
37.09041095890411,demographic_sir_R0_comparison,0.5293498176434803,7.268326826791988e-201,0.47065018235652273,2.0,104.02857142857142,52.0,0.014285714285714285
37.10958904109589,demographic_sir_R0_comparison,0.5294787452367998,7.707621383907643e-201,0.47052125476320333,2.0,104.02857142857142,52.0,0.014285714285714285
37.12876712328767,demographic_sir_R0_comparison,0.5296076375123293,8.175569072108168e-201,0.4703923624876738,2.0,104.02857142857142,52.0,0.014285714285714285
37.14794520547945,demographic_sir_R0_comparison,0.5297364944797438,8.674156914764834e-201,0.47026350552025964,2.0,104.02857142857142,52.0,0.014285714285714285
37.16712328767123,demographic_sir_R0_comparison,0.5298653161487149,9.205517095591038e-201,0.4701346838512886,2.0,104.02857142857142,52.0,0.014285714285714285
37.18630136986302,demographic_sir_R0_comparison,0.5299941025289123,9.771938057453762e-201,0.47000589747109106,2.0,104.02857142857142,52.0,0.014285714285714285
37.205479452054796,demographic_sir_R0_comparison,0.530122853630003,1.0375876484989324e-200,0.4698771463700003,2.0,104.02857142857142,52.0,0.014285714285714285
37.224657534246575,demographic_sir_R0_comparison,0.530251569461651,1.1019970244040448e-200,0.46974843053835225,2.0,104.02857142857142,52.0,0.014285714285714285
37.24383561643835,demographic_sir_R0_comparison,0.530380250033518,1.170705235716379e-200,0.46961974996648526,2.0,104.02857142857142,52.0,0.014285714285714285
37.26301369863014,demographic_sir_R0_comparison,0.5305088953552628,1.2440166101252997e-200,0.46949110464474036,2.0,104.02857142857142,52.0,0.014285714285714285
37.28219178082192,demographic_sir_R0_comparison,0.5306375054365416,1.3222581320704106e-200,0.4693624945634614,2.0,104.02857142857142,52.0,0.014285714285714285
37.3013698630137,demographic_sir_R0_comparison,0.530766080287008,1.4057812057599602e-200,0.46923391971299494,2.0,104.02857142857142,52.0,0.014285714285714285
37.32054794520548,demographic_sir_R0_comparison,0.5308946199163133,1.4949635609134347e-200,0.4691053800836898,2.0,104.02857142857142,52.0,0.014285714285714285
37.33972602739726,demographic_sir_R0_comparison,0.5310231243341053,1.5902113132048827e-200,0.4689768756658977,2.0,104.02857142857142,52.0,0.014285714285714285
37.35890410958904,demographic_sir_R0_comparison,0.53115159355003,1.6919611924222476e-200,0.4688484064499732,2.0,104.02857142857142,52.0,0.014285714285714285
37.37808219178082,demographic_sir_R0_comparison,0.5312800275737305,1.8006829524884063e-200,0.46871997242627306,2.0,104.02857142857142,52.0,0.014285714285714285
37.397260273972606,demographic_sir_R0_comparison,0.5314084264148468,1.9168819787235644e-200,0.46859157358515674,2.0,104.02857142857142,52.0,0.014285714285714285
37.416438356164385,demographic_sir_R0_comparison,0.5315367900830168,2.041102109071215e-200,0.4684632099169868,2.0,104.02857142857142,52.0,0.014285714285714285
37.43561643835616,demographic_sir_R0_comparison,0.5316651185878756,2.1739286874754556e-200,0.4683348814121279,2.0,104.02857142857142,52.0,0.014285714285714285
37.45479452054794,demographic_sir_R0_comparison,0.5317934119390556,2.315991869192538e-200,0.4682065880609477,2.0,104.02857142857142,52.0,0.014285714285714285
37.47397260273973,demographic_sir_R0_comparison,0.5319216701461869,2.4679701995621284e-200,0.46807832985381637,2.0,104.02857142857142,52.0,0.014285714285714285
37.49315068493151,demographic_sir_R0_comparison,0.5320498932188963,2.6305944896613385e-200,0.46795010678110677,2.0,104.02857142857142,52.0,0.014285714285714285
37.512328767123286,demographic_sir_R0_comparison,0.5321780811668089,2.8046520143375116e-200,0.46782191883319424,2.0,104.02857142857142,52.0,0.014285714285714285
37.53150684931507,demographic_sir_R0_comparison,0.532306233999546,2.990991060373929e-200,0.467693766000457,2.0,104.02857142857142,52.0,0.014285714285714285
37.55068493150685,demographic_sir_R0_comparison,0.5324343517267274,3.190525855010505e-200,0.46756564827327557,2.0,104.02857142857142,52.0,0.014285714285714285
37.56986301369863,demographic_sir_R0_comparison,0.5325624343579695,3.4042419077340314e-200,0.46743756564203365,2.0,104.02857142857142,52.0,0.014285714285714285
37.58904109589041,demographic_sir_R0_comparison,0.5326904819028863,3.633201801189569e-200,0.4673095180971169,2.0,104.02857142857142,52.0,0.014285714285714285
37.608219178082194,demographic_sir_R0_comparison,0.5328184943710893,3.878551470276344e-200,0.4671815056289141,2.0,104.02857142857142,52.0,0.014285714285714285
37.62739726027397,demographic_sir_R0_comparison,0.5329464717721871,4.1415270119944565e-200,0.4670535282278165,2.0,104.02857142857142,52.0,0.014285714285714285
37.64657534246575,demographic_sir_R0_comparison,0.5330744141157858,4.4234620724398895e-200,0.46692558588421795,2.0,104.02857142857142,52.0,0.014285714285714285
37.66575342465754,demographic_sir_R0_comparison,0.533202321411489,4.725795861525399e-200,0.4667976785885149,2.0,104.02857142857142,52.0,0.014285714285714285
37.68493150684932,demographic_sir_R0_comparison,0.5333301936688972,5.050081850578599e-200,0.4666698063311066,2.0,104.02857142857142,52.0,0.014285714285714285
37.704109589041096,demographic_sir_R0_comparison,0.533458030897609,5.397997212965601e-200,0.46654196910239476,2.0,104.02857142857142,52.0,0.014285714285714285
37.723287671232875,demographic_sir_R0_comparison,0.53358583310722,5.771353073347574e-200,0.4664141668927839,2.0,104.02857142857142,52.0,0.014285714285714285
37.74246575342466,demographic_sir_R0_comparison,0.5337136003073228,6.172105637154212e-200,0.46628639969268104,2.0,104.02857142857142,52.0,0.014285714285714285
37.76164383561644,demographic_sir_R0_comparison,0.5338413325075082,6.602368278386712e-200,0.46615866749249574,2.0,104.02857142857142,52.0,0.014285714285714285
37.78082191780822,demographic_sir_R0_comparison,0.5339690297173637,7.064424671011917e-200,0.46603097028264034,2.0,104.02857142857142,52.0,0.014285714285714285
37.8,demographic_sir_R0_comparison,0.5340966919464741,7.560743057021184e-200,0.46590330805352975,2.0,104.02857142857142,52.0,0.014285714285714285
37.81917808219178,demographic_sir_R0_comparison,0.5342243192044225,8.093991752787388e-200,0.4657756807955815,2.0,104.02857142857142,52.0,0.014285714285714285
37.83835616438356,demographic_sir_R0_comparison,0.534351911500788,8.667056004711814e-200,0.46564808849921596,2.0,104.02857142857142,52.0,0.014285714285714285
37.85753424657534,demographic_sir_R0_comparison,0.5344794688451483,9.283056315407673e-200,0.46552053115485575,2.0,104.02857142857142,52.0,0.014285714285714285
37.87671232876713,demographic_sir_R0_comparison,0.5346069912470779,9.945368372883041e-200,0.4653930087529264,2.0,104.02857142857142,52.0,0.014285714285714285
37.895890410958906,demographic_sir_R0_comparison,0.5347344787161487,1.0657644727481876e-199,0.4652655212838558,2.0,104.02857142857142,52.0,0.014285714285714285
37.915068493150685,demographic_sir_R0_comparison,0.5348619312619299,1.1423838374806014e-199,0.4651380687380747,2.0,104.02857142857142,52.0,0.014285714285714285
37.93424657534246,demographic_sir_R0_comparison,0.5349893488939884,1.2248228417583556e-199,0.46501065110601625,2.0,104.02857142857142,52.0,0.014285714285714285
37.95342465753425,demographic_sir_R0_comparison,0.535116731621888,1.313544799562093e-199,0.46488326837811667,2.0,104.02857142857142,52.0,0.014285714285714285
37.97260273972603,demographic_sir_R0_comparison,0.5352440794551905,1.4090514690683468e-199,0.4647559205448142,2.0,104.02857142857142,52.0,0.014285714285714285
37.99178082191781,demographic_sir_R0_comparison,0.5353713924034544,1.5118863632578012e-199,0.4646286075965501,2.0,104.02857142857142,52.0,0.014285714285714285
38.010958904109586,demographic_sir_R0_comparison,0.5354986704762362,1.622638355399253e-199,0.46450132952376816,2.0,104.02857142857142,52.0,0.014285714285714285
38.03013698630137,demographic_sir_R0_comparison,0.5356259136830896,1.7419456065011175e-199,0.4643740863169146,2.0,104.02857142857142,52.0,0.014285714285714285
38.04931506849315,demographic_sir_R0_comparison,0.5357531220335657,1.870499844382775e-199,0.4642468779664387,2.0,104.02857142857142,52.0,0.014285714285714285
38.06849315068493,demographic_sir_R0_comparison,0.5358802955372127,2.0090510268293815e-199,0.46411970446279177,2.0,104.02857142857142,52.0,0.014285714285714285
38.087671232876716,demographic_sir_R0_comparison,0.5360074342035763,2.1584124243759435e-199,0.4639925657964282,2.0,104.02857142857142,52.0,0.014285714285714285
38.106849315068494,demographic_sir_R0_comparison,0.5361345380421998,2.319466161652075e-199,0.46386546195780487,2.0,104.02857142857142,52.0,0.014285714285714285
38.12602739726027,demographic_sir_R0_comparison,0.5362616070626235,2.493169259934519e-199,0.46373839293738106,2.0,104.02857142857142,52.0,0.014285714285714285
38.14520547945205,demographic_sir_R0_comparison,0.5363886412743856,2.680560227632303e-199,0.46361135872561915,2.0,104.02857142857142,52.0,0.014285714285714285
38.16438356164384,demographic_sir_R0_comparison,0.536515640687021,2.8827662499114157e-199,0.4634843593129835,2.0,104.02857142857142,52.0,0.014285714285714285
38.18356164383562,demographic_sir_R0_comparison,0.5366426053100629,3.101011033585197e-199,0.4633573946899416,2.0,104.02857142857142,52.0,0.014285714285714285
38.202739726027396,demographic_sir_R0_comparison,0.536769535153041,3.3366233688050506e-199,0.4632304648469634,2.0,104.02857142857142,52.0,0.014285714285714285
38.22191780821918,demographic_sir_R0_comparison,0.5368964302254833,3.591046475024368e-199,0.4631035697745213,2.0,104.02857142857142,52.0,0.014285714285714285
38.24109589041096,demographic_sir_R0_comparison,0.5370232905369142,3.8658482052400605e-199,0.4629767094630905,2.0,104.02857142857142,52.0,0.014285714285714285
38.26027397260274,demographic_sir_R0_comparison,0.5371501160968558,4.1627321896944697e-199,0.4628498839031487,2.0,104.02857142857142,52.0,0.014285714285714285
38.27945205479452,demographic_sir_R0_comparison,0.5372769069148282,4.483550008109971e-199,0.46272309308517623,2.0,104.02857142857142,52.0,0.014285714285714285
38.298630136986304,demographic_sir_R0_comparison,0.5374036630003485,4.830314488211369e-199,0.4625963369996562,2.0,104.02857142857142,52.0,0.014285714285714285
38.31780821917808,demographic_sir_R0_comparison,0.5375303843629308,5.205214237835504e-199,0.4624696156370739,2.0,104.02857142857142,52.0,0.014285714285714285
38.33698630136986,demographic_sir_R0_comparison,0.5376570710120869,5.610629528434424e-199,0.4623429289879178,2.0,104.02857142857142,52.0,0.014285714285714285
38.35616438356164,demographic_sir_R0_comparison,0.5377837229573263,6.049149659332143e-199,0.4622162770426784,2.0,104.02857142857142,52.0,0.014285714285714285
38.37534246575343,demographic_sir_R0_comparison,0.5379103402081554,6.523591944820818e-199,0.4620896597918492,2.0,104.02857142857142,52.0,0.014285714285714285
38.394520547945206,demographic_sir_R0_comparison,0.5380369227740784,7.037022480182551e-199,0.4619630772259263,2.0,104.02857142857142,52.0,0.014285714285714285
38.413698630136984,demographic_sir_R0_comparison,0.5381634706645966,7.592778858147124e-199,0.46183652933540814,2.0,104.02857142857142,52.0,0.014285714285714285
38.43287671232877,demographic_sir_R0_comparison,0.5382899838892089,8.194495024271264e-199,0.4617100161107959,2.0,104.02857142857142,52.0,0.014285714285714285
38.45205479452055,demographic_sir_R0_comparison,0.5384164624574114,8.846128478434866e-199,0.46158353754259346,2.0,104.02857142857142,52.0,0.014285714285714285
38.47123287671233,demographic_sir_R0_comparison,0.5385429063786977,9.551990050258782e-199,0.46145709362130716,2.0,104.02857142857142,52.0,0.014285714285714285
38.49041095890411,demographic_sir_R0_comparison,0.5386693156625589,1.031677649895151e-198,0.461330684337446,2.0,104.02857142857142,52.0,0.014285714285714285
38.50958904109589,demographic_sir_R0_comparison,0.5387956903184835,1.1145606213129686e-198,0.46120430968152154,2.0,104.02857142857142,52.0,0.014285714285714285
38.52876712328767,demographic_sir_R0_comparison,0.538922030355957,1.2044058313743262e-198,0.46107796964404796,2.0,104.02857142857142,52.0,0.014285714285714285
38.54794520547945,demographic_sir_R0_comparison,0.5390483357844628,1.3018215493668746e-198,0.4609516642155421,2.0,104.02857142857142,52.0,0.014285714285714285
38.56712328767124,demographic_sir_R0_comparison,0.5391746066134816,1.4074710961076823e-198,0.4608253933865235,2.0,104.02857142857142,52.0,0.014285714285714285
38.586301369863016,demographic_sir_R0_comparison,0.5393008428524911,1.5220779890700292e-198,0.46069915714751397,2.0,104.02857142857142,52.0,0.014285714285714285
38.605479452054794,demographic_sir_R0_comparison,0.5394270445109672,1.6464315827965346e-198,0.4605729554890381,2.0,104.02857142857142,52.0,0.014285714285714285
38.62465753424657,demographic_sir_R0_comparison,0.5395532115983822,1.78139325359994e-198,0.4604467884016231,2.0,104.02857142857142,52.0,0.014285714285714285
38.64383561643836,demographic_sir_R0_comparison,0.5396793441242068,1.9279031825279467e-198,0.4603206558757988,2.0,104.02857142857142,52.0,0.014285714285714285
38.66301369863014,demographic_sir_R0_comparison,0.5398054420979083,2.086987796058055e-198,0.4601945579020975,2.0,104.02857142857142,52.0,0.014285714285714285
38.68219178082192,demographic_sir_R0_comparison,0.5399315055289519,2.259767930052617e-198,0.46006849447105413,2.0,104.02857142857142,52.0,0.014285714285714285
38.701369863013696,demographic_sir_R0_comparison,0.5400575344267998,2.4474677891982207e-198,0.4599424655732063,2.0,104.02857142857142,52.0,0.014285714285714285
38.72054794520548,demographic_sir_R0_comparison,0.5401835288009121,2.651424781551996e-198,0.459816471199094,2.0,104.02857142857142,52.0,0.014285714285714285
38.73972602739726,demographic_sir_R0_comparison,0.5403094886607458,2.8731003159878418e-198,0.45969051133926025,2.0,104.02857142857142,52.0,0.014285714285714285
38.75890410958904,demographic_sir_R0_comparison,0.5404354140157559,3.1140916593684485e-198,0.45956458598425026,2.0,104.02857142857142,52.0,0.014285714285714285
38.778082191780825,demographic_sir_R0_comparison,0.5405613048753947,3.376144960248259e-198,0.4594386951246119,2.0,104.02857142857142,52.0,0.014285714285714285
38.797260273972604,demographic_sir_R0_comparison,0.540687161249111,3.661169556949814e-198,0.4593128387508956,2.0,104.02857142857142,52.0,0.014285714285714285
38.81643835616438,demographic_sir_R0_comparison,0.5408129831463521,3.971253700058867e-198,0.45918701685365465,2.0,104.02857142857142,52.0,0.014285714285714285
38.83561643835616,demographic_sir_R0_comparison,0.5409387705765621,4.3086818328765384e-198,0.4590612294234446,2.0,104.02857142857142,52.0,0.014285714285714285
38.85479452054795,demographic_sir_R0_comparison,0.5410645235491831,4.675953588299299e-198,0.4589354764508238,2.0,104.02857142857142,52.0,0.014285714285714285
38.87397260273973,demographic_sir_R0_comparison,0.5411902420736538,5.0758046771127945e-198,0.4588097579263531,2.0,104.02857142857142,52.0,0.014285714285714285
38.893150684931506,demographic_sir_R0_comparison,0.5413159261594112,5.51122986096908e-198,0.45868407384059584,2.0,104.02857142857142,52.0,0.014285714285714285
38.912328767123284,demographic_sir_R0_comparison,0.541441575815889,5.9855082235459104e-198,0.4585584241841182,2.0,104.02857142857142,52.0,0.014285714285714285
38.93150684931507,demographic_sir_R0_comparison,0.5415671910525187,6.502230975792958e-198,0.4584328089474887,2.0,104.02857142857142,52.0,0.014285714285714285
38.95068493150685,demographic_sir_R0_comparison,0.5416927718787289,7.065332055971522e-198,0.4583072281212785,2.0,104.02857142857142,52.0,0.014285714285714285
38.96986301369863,demographic_sir_R0_comparison,0.5418183183039461,7.679121812673527e-198,0.45818168169606144,2.0,104.02857142857142,52.0,0.014285714285714285
38.989041095890414,demographic_sir_R0_comparison,0.5419438303375939,8.34832408943473e-198,0.45805616966241375,2.0,104.02857142857142,52.0,0.014285714285714285
39.00821917808219,demographic_sir_R0_comparison,0.5420693079890931,9.078117063285345e-198,0.45793069201091463,2.0,104.02857142857142,52.0,0.014285714285714285
39.02739726027397,demographic_sir_R0_comparison,0.5421947512678623,9.87417822695665e-198,0.45780524873214545,2.0,104.02857142857142,52.0,0.014285714285714285
39.04657534246575,demographic_sir_R0_comparison,0.5423201601833175,1.0742733945882763e-197,0.4576798398166903,2.0,104.02857142857142,52.0,0.014285714285714285
39.06575342465754,demographic_sir_R0_comparison,0.5424455347448717,1.1690614067077e-197,0.4575544652551358,2.0,104.02857142857142,52.0,0.014285714285714285
39.084931506849315,demographic_sir_R0_comparison,0.5425708749619361,1.2725312107889263e-197,0.4574291250380715,2.0,104.02857142857142,52.0,0.014285714285714285
39.104109589041094,demographic_sir_R0_comparison,0.5426961808439186,1.3855051609154736e-197,0.45730381915608903,2.0,104.02857142857142,52.0,0.014285714285714285
39.12328767123288,demographic_sir_R0_comparison,0.5428214524002251,1.5088859299906315e-197,0.45717854759978277,2.0,104.02857142857142,52.0,0.014285714285714285
39.14246575342466,demographic_sir_R0_comparison,0.542946689640258,1.6436645790376213e-197,0.45705331035974983,2.0,104.02857142857142,52.0,0.014285714285714285
39.16164383561644,demographic_sir_R0_comparison,0.5430718925734179,1.7909294587197753e-197,0.45692810742658974,2.0,104.02857142857142,52.0,0.014285714285714285
39.18082191780822,demographic_sir_R0_comparison,0.543197061209103,1.9518760310383107e-197,0.45680293879090456,2.0,104.02857142857142,52.0,0.014285714285714285
39.2,demographic_sir_R0_comparison,0.5433221955567086,2.127817708679743e-197,0.45667780444329903,2.0,104.02857142857142,52.0,0.014285714285714285
39.21917808219178,demographic_sir_R0_comparison,0.543447295625627,2.3201978200478465e-197,0.45655270437438045,2.0,104.02857142857142,52.0,0.014285714285714285
39.23835616438356,demographic_sir_R0_comparison,0.5435723614252488,2.5306028197510957e-197,0.4564276385747587,2.0,104.02857142857142,52.0,0.014285714285714285
39.25753424657534,demographic_sir_R0_comparison,0.5436973929649612,2.7607768773507975e-197,0.4563026070350463,2.0,104.02857142857142,52.0,0.014285714285714285
39.276712328767125,demographic_sir_R0_comparison,0.5438223902541496,3.012637991663964e-197,0.45617760974585825,2.0,104.02857142857142,52.0,0.014285714285714285
39.295890410958904,demographic_sir_R0_comparison,0.5439473533021957,3.288295794013796e-197,0.456052646697812,2.0,104.02857142857142,52.0,0.014285714285714285
39.31506849315068,demographic_sir_R0_comparison,0.5440722821184799,3.590071221721955e-197,0.45592771788152786,2.0,104.02857142857142,52.0,0.014285714285714285
39.33424657534247,demographic_sir_R0_comparison,0.5441971767123794,3.920518263035288e-197,0.4558028232876284,2.0,104.02857142857142,52.0,0.014285714285714285
39.35342465753425,demographic_sir_R0_comparison,0.5443220370932691,4.2824479968153697e-197,0.4556779629067389,2.0,104.02857142857142,52.0,0.014285714285714285
39.37260273972603,demographic_sir_R0_comparison,0.5444468632705205,4.6789551749400557e-197,0.45555313672948733,2.0,104.02857142857142,52.0,0.014285714285714285
39.391780821917806,demographic_sir_R0_comparison,0.5445716552535036,5.1134476227547737e-197,0.455428344746504,2.0,104.02857142857142,52.0,0.014285714285714285
39.41095890410959,demographic_sir_R0_comparison,0.5446964130515854,5.589678763398127e-197,0.45530358694842205,2.0,104.02857142857142,52.0,0.014285714285714285
39.43013698630137,demographic_sir_R0_comparison,0.5448211366741306,6.111783605751085e-197,0.455178863325877,2.0,104.02857142857142,52.0,0.014285714285714285
39.44931506849315,demographic_sir_R0_comparison,0.5449458261305008,6.68431857353564e-197,0.45505417386950686,2.0,104.02857142857142,52.0,0.014285714285714285
39.468493150684935,demographic_sir_R0_comparison,0.5450704814300552,7.312305595142146e-197,0.45492951856995245,2.0,104.02857142857142,52.0,0.014285714285714285
39.487671232876714,demographic_sir_R0_comparison,0.5451951025821508,8.001280920612268e-197,0.45480489741785696,2.0,104.02857142857142,52.0,0.014285714285714285
39.50684931506849,demographic_sir_R0_comparison,0.5453196895961417,8.757349184387941e-197,0.4546803104038662,2.0,104.02857142857142,52.0,0.014285714285714285
39.52602739726027,demographic_sir_R0_comparison,0.5454442424813796,9.587243290571094e-197,0.45455575751862864,2.0,104.02857142857142,52.0,0.014285714285714285
39.54520547945206,demographic_sir_R0_comparison,0.5455687612472133,1.0498390762241837e-196,0.4544312387527949,2.0,104.02857142857142,52.0,0.014285714285714285
39.56438356164384,demographic_sir_R0_comparison,0.5456932459029894,1.149898726859986e-196,0.45430675409701887,2.0,104.02857142857142,52.0,0.014285714285714285
39.583561643835615,demographic_sir_R0_comparison,0.5458176964580518,1.2598078124225105e-196,0.45418230354195643,2.0,104.02857142857142,52.0,0.014285714285714285
39.602739726027394,demographic_sir_R0_comparison,0.5459421129217421,1.3805648644534533e-196,0.4540578870782662,2.0,104.02857142857142,52.0,0.014285714285714285
39.62191780821918,demographic_sir_R0_comparison,0.5460664953033993,1.5132724341675113e-196,0.45393350469660937,2.0,104.02857142857142,52.0,0.014285714285714285
39.64109589041096,demographic_sir_R0_comparison,0.5461908436123593,1.6591482056810298e-196,0.4538091563876497,2.0,104.02857142857142,52.0,0.014285714285714285
39.66027397260274,demographic_sir_R0_comparison,0.5463151578579555,1.819537324943818e-196,0.4536848421420533,2.0,104.02857142857142,52.0,0.014285714285714285
39.679452054794524,demographic_sir_R0_comparison,0.5464394380495197,1.995926080349889e-196,0.4535605619504892,2.0,104.02857142857142,52.0,0.014285714285714285
39.6986301369863,demographic_sir_R0_comparison,0.5465636841963804,2.1899570865356855e-196,0.45343631580362886,2.0,104.02857142857142,52.0,0.014285714285714285
39.71780821917808,demographic_sir_R0_comparison,0.5466878963078632,2.403446140216036e-196,0.4533121036921462,2.0,104.02857142857142,52.0,0.014285714285714285
39.73698630136986,demographic_sir_R0_comparison,0.5468120743932916,2.638400936272023e-196,0.4531879256067176,2.0,104.02857142857142,52.0,0.014285714285714285
39.75616438356165,demographic_sir_R0_comparison,0.546936218461987,2.8970418539386016e-196,0.45306378153802224,2.0,104.02857142857142,52.0,0.014285714285714285
39.775342465753425,demographic_sir_R0_comparison,0.5470603285232675,3.1818250471047053e-196,0.45293967147674175,2.0,104.02857142857142,52.0,0.014285714285714285
39.794520547945204,demographic_sir_R0_comparison,0.547184404586449,3.4954680997462513e-196,0.45281559541356026,2.0,104.02857142857142,52.0,0.014285714285714285
39.81369863013698,demographic_sir_R0_comparison,0.5473084466608447,3.8409785376923447e-196,0.4526915533391646,2.0,104.02857142857142,52.0,0.014285714285714285
39.83287671232877,demographic_sir_R0_comparison,0.5474324547557652,4.2216855216706547e-196,0.45256754524424386,2.0,104.02857142857142,52.0,0.014285714285714285
39.85205479452055,demographic_sir_R0_comparison,0.547556428880519,4.641275084303813e-196,0.45244357111949,2.0,104.02857142857142,52.0,0.014285714285714285
39.87123287671233,demographic_sir_R0_comparison,0.5476803690444114,5.1038293159275e-196,0.4523196309555975,2.0,104.02857142857142,52.0,0.014285714285714285
39.89041095890411,demographic_sir_R0_comparison,0.5478042752567457,5.613869951296107e-196,0.4521957247432631,2.0,104.02857142857142,52.0,0.014285714285714285
39.90958904109589,demographic_sir_R0_comparison,0.5479281475268225,6.176406862055108e-196,0.4520718524731863,2.0,104.02857142857142,52.0,0.014285714285714285
39.92876712328767,demographic_sir_R0_comparison,0.5480519858639397,6.796992018958684e-196,0.4519480141360692,2.0,104.02857142857142,52.0,0.014285714285714285
39.94794520547945,demographic_sir_R0_comparison,0.5481757902773923,7.481779553955078e-196,0.4518242097226164,2.0,104.02857142857142,52.0,0.014285714285714285
39.967123287671235,demographic_sir_R0_comparison,0.5482995607764739,8.237592626326534e-196,0.4517004392235349,2.0,104.02857142857142,52.0,0.014285714285714285
39.986301369863014,demographic_sir_R0_comparison,0.5484232973704743,9.071997879993275e-196,0.4515767026295345,2.0,104.02857142857142,52.0,0.014285714285714285
40.0,demographic_sir_R0_comparison,0.5485116598988352,9.720733160011414e-196,0.45148834010117356,2.0,104.02857142857142,52.0,0.014285714285714285
0.0,demographic_sir_R0_comparison,0.9999,0.0001,0.0,8.0,416.1142857142857,52.0,0.014285714285714285
0.019178082191780823,demographic_sir_R0_comparison,0.8913676303354012,0.0942734349655629,0.014358934699035895,8.0,416.1142857142857,52.0,0.014285714285714285
0.038356164383561646,demographic_sir_R0_comparison,0.022721456272814633,0.5040708445647248,0.47320769916246047,8.0,416.1142857142857,52.0,0.014285714285714285
0.057534246575342465,demographic_sir_R0_comparison,0.0017475923062165554,0.1961288447006151,0.8021235629931684,8.0,416.1142857142857,52.0,0.014285714285714285
0.07671232876712329,demographic_sir_R0_comparison,0.0008339261273579646,0.07298129523864538,0.9261847786339968,8.0,416.1142857142857,52.0,0.014285714285714285
0.0958904109589041,demographic_sir_R0_comparison,0.0008121073170365415,0.027086610296047704,0.972101282386916,8.0,416.1142857142857,52.0,0.014285714285714285
0.11506849315068493,demographic_sir_R0_comparison,0.0009666625565455144,0.010059717562368094,0.9889736198810867,8.0,416.1142857142857,52.0,0.014285714285714285
0.13424657534246576,demographic_sir_R0_comparison,0.0011865481028436751,0.003741808176567959,0.9950716437205886,8.0,416.1142857142857,52.0,0.014285714285714285
0.15342465753424658,demographic_sir_R0_comparison,0.0014356966920980967,0.0013944293739145222,0.9971698739339877,8.0,416.1142857142857,52.0,0.014285714285714285
0.1726027397260274,demographic_sir_R0_comparison,0.0016983055396751821,0.0005207165270603761,0.9977809779332647,8.0,416.1142857142857,52.0,0.014285714285714285
0.1917808219178082,demographic_sir_R0_comparison,0.001966986670894227,0.00019486250359633563,0.9978381508255098,8.0,416.1142857142857,52.0,0.014285714285714285
0.21095890410958903,demographic_sir_R0_comparison,0.0022383217792293106,7.307883685676236e-05,0.9976885993839143,8.0,416.1142857142857,52.0,0.014285714285714285
0.23013698630136986,demographic_sir_R0_comparison,0.0025107688960970876,2.7466136636872157e-05,0.9974617649672666,8.0,416.1142857142857,52.0,0.014285714285714285
0.2493150684931507,demographic_sir_R0_comparison,0.0027836489477112304,1.0345432313422384e-05,0.9972060056199759,8.0,416.1142857142857,52.0,0.014285714285714285
0.2684931506849315,demographic_sir_R0_comparison,0.003056668636874537,3.9052222023199635e-06,0.9969394261409236,8.0,416.1142857142857,52.0,0.014285714285714285
0.2876712328767123,demographic_sir_R0_comparison,0.0033297031924960064,1.4773695095644546e-06,0.9966688194379947,8.0,416.1142857142857,52.0,0.014285714285714285
0.30684931506849317,demographic_sir_R0_comparison,0.003602700157876118,5.601169779924885e-07,0.9963967397251463,8.0,416.1142857142857,52.0,0.014285714285714285
0.32602739726027397,demographic_sir_R0_comparison,0.003875637684114563,2.12820957159437e-07,0.9961241494949287,8.0,416.1142857142857,52.0,0.014285714285714285
0.3452054794520548,demographic_sir_R0_comparison,0.004148506741689643,8.103933583126418e-08,0.995851412218975,8.0,416.1142857142857,52.0,0.014285714285714285
0.3643835616438356,demographic_sir_R0_comparison,0.004421303626575199,3.092594186809199e-08,0.9955786654474835,8.0,416.1142857142857,52.0,0.014285714285714285
0.3835616438356164,demographic_sir_R0_comparison,0.004694026833054766,1.1827564509148093e-08,0.9953059613393813,8.0,416.1142857142857,52.0,0.014285714285714285
0.40273972602739727,demographic_sir_R0_comparison,0.004966675758331244,4.533282535526177e-09,0.9950333197083869,8.0,416.1142857142857,52.0,0.014285714285714285
0.42191780821917807,demographic_sir_R0_comparison,0.005239250169013209,1.7413058640254887e-09,0.9947607480896816,8.0,416.1142857142857,52.0,0.014285714285714285
0.4410958904109589,demographic_sir_R0_comparison,0.0055117499823760276,6.703195612283675e-10,0.9944882493473048,8.0,416.1142857142857,52.0,0.014285714285714285
0.4602739726027397,demographic_sir_R0_comparison,0.0057841751769976925,2.5860267941583684e-10,0.9942158245643999,8.0,416.1142857142857,52.0,0.014285714285714285
0.4794520547945206,demographic_sir_R0_comparison,0.0060565257563510565,9.998346548811983e-11,0.9939434741436657,8.0,416.1142857142857,52.0,0.014285714285714285
0.4986301369863014,demographic_sir_R0_comparison,0.006328801734002879,3.8740670262314746e-11,0.9936711982272564,8.0,416.1142857142857,52.0,0.014285714285714285
0.5178082191780822,demographic_sir_R0_comparison,0.006601003127606576,1.5043524439936816e-11,0.9933989968573498,8.0,416.1142857142857,52.0,0.014285714285714285
0.536986301369863,demographic_sir_R0_comparison,0.0068731299564670344,5.854304721256986e-12,0.9931268700376785,8.0,416.1142857142857,52.0,0.014285714285714285
0.5561643835616439,demographic_sir_R0_comparison,0.007145182240554275,2.2832005285266766e-12,0.9928548177571623,8.0,416.1142857142857,52.0,0.014285714285714285
0.5753424657534246,demographic_sir_R0_comparison,0.0074171600001041674,8.923917246910169e-13,0.9925828399990034,8.0,416.1142857142857,52.0,0.014285714285714285
0.5945205479452055,demographic_sir_R0_comparison,0.0076890632554568634,3.495501557127624e-13,0.9923109367441935,8.0,416.1142857142857,52.0,0.014285714285714285
0.6136986301369863,demographic_sir_R0_comparison,0.007960892026991392,1.3721629696096984e-13,0.9920391079728712,8.0,416.1142857142857,52.0,0.014285714285714285
0.6328767123287671,demographic_sir_R0_comparison,0.00823264633509921,5.3981364875312186e-14,0.9917673536648466,8.0,416.1142857142857,52.0,0.014285714285714285
0.6520547945205479,demographic_sir_R0_comparison,0.008504326200173482,2.12825538355232e-14,0.9914956737998052,8.0,416.1142857142857,52.0,0.014285714285714285
0.6712328767123288,demographic_sir_R0_comparison,0.008775931642604741,8.409013997933079e-15,0.9912240683573867,8.0,416.1142857142857,52.0,0.014285714285714285
0.6904109589041096,demographic_sir_R0_comparison,0.009047462682779133,3.3297191787412755e-15,0.9909525373172173,8.0,416.1142857142857,52.0,0.014285714285714285
0.7095890410958904,demographic_sir_R0_comparison,0.009318919341077718,1.3213293424034162e-15,0.9906810806589208,8.0,416.1142857142857,52.0,0.014285714285714285
0.7287671232876712,demographic_sir_R0_comparison,0.00959030163787617,5.254788404967697e-16,0.9904096983621232,8.0,416.1142857142857,52.0,0.014285714285714285
0.7479452054794521,demographic_sir_R0_comparison,0.009861609593544648,2.094304426644489e-16,0.9901383904064549,8.0,416.1142857142857,52.0,0.014285714285714285
0.7671232876712328,demographic_sir_R0_comparison,0.010132843228447772,8.364973220477173e-17,0.9898671567715519,8.0,416.1142857142857,52.0,0.014285714285714285
0.7863013698630137,demographic_sir_R0_comparison,0.010404002562944603,3.348337356899134e-17,0.9895959974370551,8.0,416.1142857142857,52.0,0.014285714285714285
0.8054794520547945,demographic_sir_R0_comparison,0.010675087617388626,1.3431778243667881e-17,0.989324912382611,8.0,416.1142857142857,52.0,0.014285714285714285
0.8246575342465754,demographic_sir_R0_comparison,0.010946098412127743,5.3997942493095584e-18,0.9890539015878721,8.0,416.1142857142857,52.0,0.014285714285714285
0.8438356164383561,demographic_sir_R0_comparison,0.011217034967504293,2.17550480982023e-18,0.9887829650324955,8.0,416.1142857142857,52.0,0.014285714285714285
0.863013698630137,demographic_sir_R0_comparison,0.011487897303855044,8.783786337103655e-19,0.9885121026961449,8.0,416.1142857142857,52.0,0.014285714285714285
0.8821917808219178,demographic_sir_R0_comparison,0.01175868544151119,3.5542019505169343e-19,0.9882413145584885,8.0,416.1142857142857,52.0,0.014285714285714285
0.9013698630136986,demographic_sir_R0_comparison,0.01202939940079836,1.4412549233394863e-19,0.9879706005992013,8.0,416.1142857142857,52.0,0.014285714285714285
0.9205479452054794,demographic_sir_R0_comparison,0.012300039202036603,5.857032246125018e-20,0.987699960797963,8.0,416.1142857142857,52.0,0.014285714285714285
0.9397260273972603,demographic_sir_R0_comparison,0.012570604865540416,2.3853509109950997e-20,0.9874293951344593,8.0,416.1142857142857,52.0,0.014285714285714285
0.9589041095890412,demographic_sir_R0_comparison,0.012841096411618722,9.735640625739864e-21,0.9871589035883809,8.0,416.1142857142857,52.0,0.014285714285714285
0.9780821917808219,demographic_sir_R0_comparison,0.013111513860574884,3.9821180319469515e-21,0.9868884861394248,8.0,416.1142857142857,52.0,0.014285714285714285
0.9972602739726028,demographic_sir_R0_comparison,0.013381857232706705,1.632303093249802e-21,0.9866181427672928,8.0,416.1142857142857,52.0,0.014285714285714285
1.0164383561643835,demographic_sir_R0_comparison,0.013652126548306416,6.7053940187320045e-22,0.9863478734516928,8.0,416.1142857142857,52.0,0.014285714285714285
1.0356164383561643,demographic_sir_R0_comparison,0.013922321827660714,2.7604785015931106e-22,0.9860776781723388,8.0,416.1142857142857,52.0,0.014285714285714285
1.0547945205479452,demographic_sir_R0_comparison,0.014192443091050711,1.1388872910201761e-22,0.985807556908949,8.0,416.1142857142857,52.0,0.014285714285714285
1.073972602739726,demographic_sir_R0_comparison,0.014462490358751984,4.7088318082026944e-23,0.9855375096412476,8.0,416.1142857142857,52.0,0.014285714285714285
1.093150684931507,demographic_sir_R0_comparison,0.014732463651034545,1.951108442855709e-23,0.9852675363489651,8.0,416.1142857142857,52.0,0.014285714285714285
1.1123287671232878,demographic_sir_R0_comparison,0.015002362988162852,8.101868307528154e-24,0.984997637011837,8.0,416.1142857142857,52.0,0.014285714285714285
1.1315068493150684,demographic_sir_R0_comparison,0.015272188390395812,3.371508325320141e-24,0.984727811609604,8.0,416.1142857142857,52.0,0.014285714285714285
1.1506849315068493,demographic_sir_R0_comparison,0.015541939877986797,1.4060420928015642e-24,0.984458060122013,8.0,416.1142857142857,52.0,0.014285714285714285
1.16986301369863,demographic_sir_R0_comparison,0.015811617471183616,5.876343594339977e-25,0.9841883825288162,8.0,416.1142857142857,52.0,0.014285714285714285
1.189041095890411,demographic_sir_R0_comparison,0.01608122119022854,2.4612206905313307e-25,0.9839187788097714,8.0,416.1142857142857,52.0,0.014285714285714285
1.2082191780821918,demographic_sir_R0_comparison,0.016350751055358284,1.0330662996139796e-25,0.9836492489446415,8.0,416.1142857142857,52.0,0.014285714285714285
1.2273972602739727,demographic_sir_R0_comparison,0.016620207086804027,4.3455008217665136e-26,0.9833797929131957,8.0,416.1142857142857,52.0,0.014285714285714285
1.2465753424657535,demographic_sir_R0_comparison,0.0168895893047914,1.8318302549063044e-26,0.9831104106952082,8.0,416.1142857142857,52.0,0.014285714285714285
1.2657534246575342,demographic_sir_R0_comparison,0.017158897729540507,7.738630529256912e-27,0.9828411022704592,8.0,416.1142857142857,52.0,0.014285714285714285
1.284931506849315,demographic_sir_R0_comparison,0.017428132381265903,3.276243970952419e-27,0.9825718676187337,8.0,416.1142857142857,52.0,0.014285714285714285
1.3041095890410959,demographic_sir_R0_comparison,0.01769729328017661,1.390020928841541e-27,0.9823027067198232,8.0,416.1142857142857,52.0,0.014285714285714285
1.3232876712328767,demographic_sir_R0_comparison,0.0179663804464761,5.910159074624639e-28,0.9820336195535239,8.0,416.1142857142857,52.0,0.014285714285714285
1.3424657534246576,demographic_sir_R0_comparison,0.018235393900362325,2.518311636794825e-28,0.9817646060996374,8.0,416.1142857142857,52.0,0.014285714285714285
1.3616438356164384,demographic_sir_R0_comparison,0.018504333662027705,1.0753553247722873e-28,0.9814956663379723,8.0,416.1142857142857,52.0,0.014285714285714285
1.3808219178082193,demographic_sir_R0_comparison,0.018773199751659128,4.601786521788597e-29,0.9812268002483407,8.0,416.1142857142857,52.0,0.014285714285714285
1.4,demographic_sir_R0_comparison,0.019041992189437928,1.973479641346074e-29,0.980958007810562,8.0,416.1142857142857,52.0,0.014285714285714285
1.4191780821917808,demographic_sir_R0_comparison,0.01931071099553995,8.481453453368638e-30,0.9806892890044597,8.0,416.1142857142857,52.0,0.014285714285714285
1.4383561643835616,demographic_sir_R0_comparison,0.01957935619013549,3.6529111589875636e-30,0.980420643809864,8.0,416.1142857142857,52.0,0.014285714285714285
1.4575342465753425,demographic_sir_R0_comparison,0.019847927793389317,1.576663001890844e-30,0.9801520722066103,8.0,416.1142857142857,52.0,0.014285714285714285
1.4767123287671233,demographic_sir_R0_comparison,0.02011642582546068,6.819763709619685e-31,0.979883574174539,8.0,416.1142857142857,52.0,0.014285714285714285
1.4958904109589042,demographic_sir_R0_comparison,0.020384850306503315,2.9561754638106436e-31,0.9796151496934963,8.0,416.1142857142857,52.0,0.014285714285714285
1.515068493150685,demographic_sir_R0_comparison,0.020653201256665418,1.2841662838311574e-31,0.9793467987433342,8.0,416.1142857142857,52.0,0.014285714285714285
1.5342465753424657,demographic_sir_R0_comparison,0.020921478696089672,5.590391696129723e-32,0.9790785213039099,8.0,416.1142857142857,52.0,0.014285714285714285
1.5534246575342465,demographic_sir_R0_comparison,0.021189682644913267,2.4388937364120797e-32,0.9788103173550863,8.0,416.1142857142857,52.0,0.014285714285714285
1.5726027397260274,demographic_sir_R0_comparison,0.021457813123267847,1.0662840894291022e-32,0.9785421868767316,8.0,416.1142857142857,52.0,0.014285714285714285
1.5917808219178082,demographic_sir_R0_comparison,0.021725870151279542,4.67177733504179e-33,0.97827412984872,8.0,416.1142857142857,52.0,0.014285714285714285
1.610958904109589,demographic_sir_R0_comparison,0.021993853749068988,2.051257789017473e-33,0.9780061462509304,8.0,416.1142857142857,52.0,0.014285714285714285
1.63013698630137,demographic_sir_R0_comparison,0.0222617639367513,9.025826850208567e-34,0.9777382360632482,8.0,416.1142857142857,52.0,0.014285714285714285
1.6493150684931508,demographic_sir_R0_comparison,0.02252960073443607,3.9799915041997985e-34,0.9774703992655633,8.0,416.1142857142857,52.0,0.014285714285714285
1.6684931506849314,demographic_sir_R0_comparison,0.022797364162227402,1.758755345339599e-34,0.977202635837772,8.0,416.1142857142857,52.0,0.014285714285714285
1.6876712328767123,demographic_sir_R0_comparison,0.02306505424022388,7.788549774333003e-35,0.9769349457597755,8.0,416.1142857142857,52.0,0.014285714285714285
1.7068493150684931,demographic_sir_R0_comparison,0.02333267098851858,3.4564907482679985e-35,0.9766673290114809,8.0,416.1142857142857,52.0,0.014285714285714285
1.726027397260274,demographic_sir_R0_comparison,0.023600214427199083,1.5372396352473469e-35,0.9763997855728004,8.0,416.1142857142857,52.0,0.014285714285714285
1.7452054794520548,demographic_sir_R0_comparison,0.02386768457634747,6.851329743082695e-36,0.976132315423652,8.0,416.1142857142857,52.0,0.014285714285714285
1.7643835616438357,demographic_sir_R0_comparison,0.024135081456040302,3.0600958783325493e-36,0.9758649185439593,8.0,416.1142857142857,52.0,0.014285714285714285
1.7835616438356166,demographic_sir_R0_comparison,0.024402405086348663,1.369688507299006e-36,0.9755975949136507,8.0,416.1142857142857,52.0,0.014285714285714285
1.8027397260273972,demographic_sir_R0_comparison,0.024669655487338127,6.143770007206768e-37,0.9753303445126613,8.0,416.1142857142857,52.0,0.014285714285714285
1.821917808219178,demographic_sir_R0_comparison,0.02493683267906878,2.7616853324769346e-37,0.9750631673209306,8.0,416.1142857142857,52.0,0.014285714285714285
1.841095890410959,demographic_sir_R0_comparison,0.025203936681595197,1.2440541656463634e-37,0.9747960633184041,8.0,416.1142857142857,52.0,0.014285714285714285
1.8602739726027397,demographic_sir_R0_comparison,0.02547096751496647,5.616037319158892e-38,0.974529032485033,8.0,416.1142857142857,52.0,0.014285714285714285
1.8794520547945206,demographic_sir_R0_comparison,0.025737925199226193,2.5406569318319774e-38,0.9742620748007733,8.0,416.1142857142857,52.0,0.014285714285714285
1.8986301369863015,demographic_sir_R0_comparison,0.02600480975441248,1.1518267440547581e-38,0.973995190245587,8.0,416.1142857142857,52.0,0.014285714285714285
1.9178082191780823,demographic_sir_R0_comparison,0.026271621200557937,5.23302884949303e-39,0.9737283787994417,8.0,416.1142857142857,52.0,0.014285714285714285
1.936986301369863,demographic_sir_R0_comparison,0.026538359557689704,2.38255911500867e-39,0.9734616404423101,8.0,416.1142857142857,52.0,0.014285714285714285
1.9561643835616438,demographic_sir_R0_comparison,0.02680502484582943,1.0870726585851827e-39,0.9731949751541703,8.0,416.1142857142857,52.0,0.014285714285714285
1.9753424657534246,demographic_sir_R0_comparison,0.027071617084993272,4.970470941640984e-40,0.9729283829150065,8.0,416.1142857142857,52.0,0.014285714285714285
1.9945205479452055,demographic_sir_R0_comparison,0.0273381362951919,2.277510202062261e-40,0.9726618637048079,8.0,416.1142857142857,52.0,0.014285714285714285
2.0136986301369864,demographic_sir_R0_comparison,0.027604582496430517,1.0457953233096065e-40,0.9723954175035693,8.0,416.1142857142857,52.0,0.014285714285714285
2.032876712328767,demographic_sir_R0_comparison,0.02787095570870883,4.812340839064147e-41,0.972129044291291,8.0,416.1142857142857,52.0,0.014285714285714285
2.052054794520548,demographic_sir_R0_comparison,0.028137255952021083,2.2191626246314028e-41,0.9718627440479788,8.0,416.1142857142857,52.0,0.014285714285714285
2.0712328767123287,demographic_sir_R0_comparison,0.028403483246356026,1.0255213193186027e-41,0.9715965167536441,8.0,416.1142857142857,52.0,0.014285714285714285
2.0904109589041098,demographic_sir_R0_comparison,0.02866963761169695,4.7492257951767343e-42,0.9713303623883031,8.0,416.1142857142857,52.0,0.014285714285714285
2.1095890410958904,demographic_sir_R0_comparison,0.028935719068021663,2.204059177593568e-42,0.9710642809319784,8.0,416.1142857142857,52.0,0.014285714285714285
2.128767123287671,demographic_sir_R0_comparison,0.02920172763530251,1.0250516268626418e-42,0.9707982723646976,8.0,416.1142857142857,52.0,0.014285714285714285
2.147945205479452,demographic_sir_R0_comparison,0.029467663333506353,4.7773826778597676e-43,0.9705323366664937,8.0,416.1142857142857,52.0,0.014285714285714285
2.1671232876712327,demographic_sir_R0_comparison,0.029733526182594575,2.2312892455745045e-43,0.9702664738174056,8.0,416.1142857142857,52.0,0.014285714285714285
2.186301369863014,demographic_sir_R0_comparison,0.02999931620252312,1.0443426435352707e-43,0.9700006837974774,8.0,416.1142857142857,52.0,0.014285714285714285
2.2054794520547945,demographic_sir_R0_comparison,0.030265033413242437,4.898365606886143e-44,0.9697349665867581,8.0,416.1142857142857,52.0,0.014285714285714285
2.2246575342465755,demographic_sir_R0_comparison,0.030530677834697536,2.302396814032319e-44,0.9694693221653031,8.0,416.1142857142857,52.0,0.014285714285714285
2.243835616438356,demographic_sir_R0_comparison,0.030796249486827937,1.0845003467590634e-44,0.9692037505131728,8.0,416.1142857142857,52.0,0.014285714285714285
2.263013698630137,demographic_sir_R0_comparison,0.031061748389567708,5.119169429699023e-45,0.9689382516104328,8.0,416.1142857142857,52.0,0.014285714285714285
2.282191780821918,demographic_sir_R0_comparison,0.03132717456284547,2.421527184840522e-45,0.968672825437155,8.0,416.1142857142857,52.0,0.014285714285714285
2.3013698630136985,demographic_sir_R0_comparison,0.031592528026584375,1.147886581082975e-45,0.9684074719734161,8.0,416.1142857142857,52.0,0.014285714285714285
2.3205479452054796,demographic_sir_R0_comparison,0.0318578088007021,5.452907640290035e-46,0.9681421911992982,8.0,416.1142857142857,52.0,0.014285714285714285
2.33972602739726,demographic_sir_R0_comparison,0.03212301690511091,2.5958320219934424e-46,0.9678769830948895,8.0,416.1142857142857,52.0,0.014285714285714285
2.3589041095890413,demographic_sir_R0_comparison,0.03238815235971757,1.2383518531994956e-46,0.9676118476402827,8.0,416.1142857142857,52.0,0.014285714285714285
2.378082191780822,demographic_sir_R0_comparison,0.0326532151844234,5.920117256159894e-47,0.967346784815577,8.0,416.1142857142857,52.0,0.014285714285714285
2.3972602739726026,demographic_sir_R0_comparison,0.03291820539912428,2.8361884526381436e-47,0.967081794600876,8.0,416.1142857142857,52.0,0.014285714285714285
2.4164383561643836,demographic_sir_R0_comparison,0.033183123023710646,1.3616269368859888e-47,0.9668168769762897,8.0,416.1142857142857,52.0,0.014285714285714285
2.4356164383561643,demographic_sir_R0_comparison,0.033447968078067464,6.550873405628672e-48,0.9665520319219327,8.0,416.1142857142857,52.0,0.014285714285714285
2.4547945205479453,demographic_sir_R0_comparison,0.03371274058207428,3.158333961742437e-48,0.966287259417926,8.0,416.1142857142857,52.0,0.014285714285714285
2.473972602739726,demographic_sir_R0_comparison,0.03397744055560517,1.5259293044534834e-48,0.9660225594443952,8.0,416.1142857142857,52.0,0.014285714285714285
2.493150684931507,demographic_sir_R0_comparison,0.03424206801852878,7.388019700496213e-49,0.9657579319814714,8.0,416.1142857142857,52.0,0.014285714285714285
2.5123287671232877,demographic_sir_R0_comparison,0.03450662299070831,3.58458343295568e-49,0.9654933770092919,8.0,416.1142857142857,52.0,0.014285714285714285
2.5315068493150683,demographic_sir_R0_comparison,0.03477110549200151,1.7428744667774274e-49,0.9652288945079989,8.0,416.1142857142857,52.0,0.014285714285714285
2.5506849315068494,demographic_sir_R0_comparison,0.035035515542260726,8.492000996316188e-50,0.9649644844577396,8.0,416.1142857142857,52.0,0.014285714285714285
2.56986301369863,demographic_sir_R0_comparison,0.035299853161332814,4.1463907694302567e-50,0.9647001468386676,8.0,416.1142857142857,52.0,0.014285714285714285
2.589041095890411,demographic_sir_R0_comparison,0.03556411836905921,2.0288336257542341e-50,0.9644358816309412,8.0,416.1142857142857,52.0,0.014285714285714285
2.6082191780821917,demographic_sir_R0_comparison,0.035828311185275914,9.948060118532523e-51,0.9641716888147245,8.0,416.1142857142857,52.0,0.014285714285714285
2.627397260273973,demographic_sir_R0_comparison,0.03609243162981353,4.888165245832447e-51,0.9639075683701865,8.0,416.1142857142857,52.0,0.014285714285714285
2.6465753424657534,demographic_sir_R0_comparison,0.03635647972249719,2.4069585798519467e-51,0.9636435202775029,8.0,416.1142857142857,52.0,0.014285714285714285
2.665753424657534,demographic_sir_R0_comparison,0.036620455483146595,1.1876989266310816e-51,0.9633795445168535,8.0,416.1142857142857,52.0,0.014285714285714285
2.684931506849315,demographic_sir_R0_comparison,0.036884358931576024,5.8729847059905215e-52,0.963115641068424,8.0,416.1142857142857,52.0,0.014285714285714285
2.7041095890410958,demographic_sir_R0_comparison,0.037148190087594346,2.910220421512926e-52,0.9628518099124057,8.0,416.1142857142857,52.0,0.014285714285714285
2.723287671232877,demographic_sir_R0_comparison,0.03741194897100498,1.4451307943659904e-52,0.962588051028995,8.0,416.1142857142857,52.0,0.014285714285714285
2.7424657534246575,demographic_sir_R0_comparison,0.037675635601605924,7.19121766625629e-53,0.962324364398394,8.0,416.1142857142857,52.0,0.014285714285714285
2.7616438356164386,demographic_sir_R0_comparison,0.037939249999189746,3.5860097819972086e-53,0.9620607500008103,8.0,416.1142857142857,52.0,0.014285714285714285
2.780821917808219,demographic_sir_R0_comparison,0.03820279218354363,1.7919835225374293e-53,0.9617972078164564,8.0,416.1142857142857,52.0,0.014285714285714285
2.8,demographic_sir_R0_comparison,0.03846626217444931,8.973664124138352e-54,0.9615337378255505,8.0,416.1142857142857,52.0,0.014285714285714285
2.819178082191781,demographic_sir_R0_comparison,0.038729659991683096,4.503172822766785e-54,0.9612703400083166,8.0,416.1142857142857,52.0,0.014285714285714285
2.8383561643835615,demographic_sir_R0_comparison,0.038992985655015876,2.2645409316585605e-54,0.9610070143449839,8.0,416.1142857142857,52.0,0.014285714285714285
2.8575342465753426,demographic_sir_R0_comparison,0.03925623918421316,1.1411802352508485e-54,0.9607437608157866,8.0,416.1142857142857,52.0,0.014285714285714285
2.8767123287671232,demographic_sir_R0_comparison,0.03951942059903498,5.762893098535266e-55,0.9604805794009649,8.0,416.1142857142857,52.0,0.014285714285714285
2.8958904109589043,demographic_sir_R0_comparison,0.039782529919236025,2.916344950660331e-55,0.9602174700807639,8.0,416.1142857142857,52.0,0.014285714285714285
2.915068493150685,demographic_sir_R0_comparison,0.04004556716456552,1.4789346236260003e-55,0.9599544328354344,8.0,416.1142857142857,52.0,0.014285714285714285
2.9342465753424656,demographic_sir_R0_comparison,0.040308532354767314,7.515719575973613e-56,0.9596914676452325,8.0,416.1142857142857,52.0,0.014285714285714285
2.9534246575342467,demographic_sir_R0_comparison,0.040571425509579845,3.8273961470887586e-56,0.95942857449042,8.0,416.1142857142857,52.0,0.014285714285714285
2.9726027397260273,demographic_sir_R0_comparison,0.04083424664873612,1.9532024950460155e-56,0.9591657533512636,8.0,416.1142857142857,52.0,0.014285714285714285
2.9917808219178084,demographic_sir_R0_comparison,0.04109699579196374,9.988537008374479e-57,0.9589030042080361,8.0,416.1142857142857,52.0,0.014285714285714285
3.010958904109589,demographic_sir_R0_comparison,0.04135967295898491,5.118786358023811e-57,0.958640327041015,8.0,416.1142857142857,52.0,0.014285714285714285
3.03013698630137,demographic_sir_R0_comparison,0.04162227816951648,2.628708221090312e-57,0.9583777218304834,8.0,416.1142857142857,52.0,0.014285714285714285
3.0493150684931507,demographic_sir_R0_comparison,0.04188481144326982,1.352781863913129e-57,0.9581151885567302,8.0,416.1142857142857,52.0,0.014285714285714285
3.0684931506849313,demographic_sir_R0_comparison,0.042147272799950945,6.976264227472553e-58,0.957852727200049,8.0,416.1142857142857,52.0,0.014285714285714285
3.0876712328767124,demographic_sir_R0_comparison,0.04240966225926048,3.6051852128663676e-58,0.9575903377407394,8.0,416.1142857142857,52.0,0.014285714285714285
3.106849315068493,demographic_sir_R0_comparison,0.042671979840893604,1.8669878973489823e-58,0.9573280201591061,8.0,416.1142857142857,52.0,0.014285714285714285
3.126027397260274,demographic_sir_R0_comparison,0.04293422556454015,9.688676090206347e-59,0.9570657744354596,8.0,416.1142857142857,52.0,0.014285714285714285
3.1452054794520548,demographic_sir_R0_comparison,0.04319639944988455,5.038440506265334e-59,0.956803600550115,8.0,416.1142857142857,52.0,0.014285714285714285
3.164383561643836,demographic_sir_R0_comparison,0.04345850151660583,2.62564705795287e-59,0.9565414984833938,8.0,416.1142857142857,52.0,0.014285714285714285
3.1835616438356165,demographic_sir_R0_comparison,0.04372053178437764,1.3711495511102189e-59,0.956279468215622,8.0,416.1142857142857,52.0,0.014285714285714285
3.202739726027397,demographic_sir_R0_comparison,0.04398249027286821,7.175320777768243e-60,0.9560175097271316,8.0,416.1142857142857,52.0,0.014285714285714285
3.221917808219178,demographic_sir_R0_comparison,0.04424437700174042,3.762751911474488e-60,0.9557556229982596,8.0,416.1142857142857,52.0,0.014285714285714285
3.241095890410959,demographic_sir_R0_comparison,0.04450619199065175,1.9773218634763908e-60,0.9554938080093482,8.0,416.1142857142857,52.0,0.014285714285714285
3.26027397260274,demographic_sir_R0_comparison,0.044767935259254266,1.0412533768261522e-60,0.9552320647407457,8.0,416.1142857142857,52.0,0.014285714285714285
3.2794520547945205,demographic_sir_R0_comparison,0.045029606827194674,5.4946811991951184e-61,0.9549703931728053,8.0,416.1142857142857,52.0,0.014285714285714285
3.2986301369863016,demographic_sir_R0_comparison,0.04529120671411433,2.9055968146271027e-61,0.9547087932858856,8.0,416.1142857142857,52.0,0.014285714285714285
3.317808219178082,demographic_sir_R0_comparison,0.04555273493964916,1.539695098836868e-61,0.954447265060351,8.0,416.1142857142857,52.0,0.014285714285714285
3.336986301369863,demographic_sir_R0_comparison,0.045814191523429734,8.175990557881202e-62,0.9541858084765708,8.0,416.1142857142857,52.0,0.014285714285714285
3.356164383561644,demographic_sir_R0_comparison,0.04607557648508127,4.350629138374429e-62,0.9539244235149192,8.0,416.1142857142857,52.0,0.014285714285714285
3.3753424657534246,demographic_sir_R0_comparison,0.046336889844223524,2.3199014056780328e-62,0.953663110155777,8.0,416.1142857142857,52.0,0.014285714285714285
3.3945205479452056,demographic_sir_R0_comparison,0.046598131620471,1.2396312749476333e-62,0.9534018683795296,8.0,416.1142857142857,52.0,0.014285714285714285
3.4136986301369863,demographic_sir_R0_comparison,0.046859301833432725,6.63774869317189e-63,0.9531406981665679,8.0,416.1142857142857,52.0,0.014285714285714285
3.4328767123287673,demographic_sir_R0_comparison,0.047120400502712385,3.561673654522994e-63,0.9528795994972882,8.0,416.1142857142857,52.0,0.014285714285714285
3.452054794520548,demographic_sir_R0_comparison,0.04738142764790833,1.9151034144944037e-63,0.9526185723520922,8.0,416.1142857142857,52.0,0.014285714285714285
3.4712328767123286,demographic_sir_R0_comparison,0.047642383288613484,1.0318935034871041e-63,0.9523576167113873,8.0,416.1142857142857,52.0,0.014285714285714285
3.4904109589041097,demographic_sir_R0_comparison,0.04790326744441547,5.5716242389420305e-64,0.9520967325555852,8.0,416.1142857142857,52.0,0.014285714285714285
3.5095890410958903,demographic_sir_R0_comparison,0.04816408013489649,3.014621591363219e-64,0.9518359198651043,8.0,416.1142857142857,52.0,0.014285714285714285
3.5287671232876714,demographic_sir_R0_comparison,0.04842482137963341,1.6345100278806534e-64,0.9515751786203673,8.0,416.1142857142857,52.0,0.014285714285714285
3.547945205479452,demographic_sir_R0_comparison,0.04868549119819771,8.880673912638382e-65,0.951314508801803,8.0,416.1142857142857,52.0,0.014285714285714285
3.567123287671233,demographic_sir_R0_comparison,0.04894608961015555,4.835123378613406e-65,0.9510539103898452,8.0,416.1142857142857,52.0,0.014285714285714285
3.5863013698630137,demographic_sir_R0_comparison,0.04920661663506768,2.637984580526936e-65,0.950793383364933,8.0,416.1142857142857,52.0,0.014285714285714285
3.6054794520547944,demographic_sir_R0_comparison,0.04946707229248953,1.4422473602201503e-65,0.9505329277075113,8.0,416.1142857142857,52.0,0.014285714285714285
3.6246575342465754,demographic_sir_R0_comparison,0.04972745660197115,7.901504892168186e-66,0.9502725433980298,8.0,416.1142857142857,52.0,0.014285714285714285
3.643835616438356,demographic_sir_R0_comparison,0.049987769583057264,4.337926480152593e-66,0.9500122304169437,8.0,416.1142857142857,52.0,0.014285714285714285
3.663013698630137,demographic_sir_R0_comparison,0.05024801125528721,2.386473561004877e-66,0.9497519887447136,8.0,416.1142857142857,52.0,0.014285714285714285
3.682191780821918,demographic_sir_R0_comparison,0.05050818163819497,1.3156273292782635e-66,0.9494918183618059,8.0,416.1142857142857,52.0,0.014285714285714285
3.701369863013699,demographic_sir_R0_comparison,0.050768280751309194,7.267929694030807e-67,0.9492317192486914,8.0,416.1142857142857,52.0,0.014285714285714285
3.7205479452054795,demographic_sir_R0_comparison,0.05102830861415318,4.0233690769639075e-67,0.9489716913858476,8.0,416.1142857142857,52.0,0.014285714285714285
3.73972602739726,demographic_sir_R0_comparison,0.05128826524624489,2.23187623544055e-67,0.9487117347537557,8.0,416.1142857142857,52.0,0.014285714285714285
3.758904109589041,demographic_sir_R0_comparison,0.051548150667096906,1.2406554095180088e-67,0.9484518493329036,8.0,416.1142857142857,52.0,0.014285714285714285
3.778082191780822,demographic_sir_R0_comparison,0.05180796489621649,6.9108715918167635e-68,0.9481920351037841,8.0,416.1142857142857,52.0,0.014285714285714285
3.797260273972603,demographic_sir_R0_comparison,0.05206770795310557,3.857578846240576e-68,0.947932292046895,8.0,416.1142857142857,52.0,0.014285714285714285
3.8164383561643835,demographic_sir_R0_comparison,0.0523273798572607,2.1577289605628833e-68,0.9476726201427397,8.0,416.1142857142857,52.0,0.014285714285714285
3.8356164383561646,demographic_sir_R0_comparison,0.052586980628173116,1.2094246454844335e-68,0.9474130193718272,8.0,416.1142857142857,52.0,0.014285714285714285
3.8547945205479452,demographic_sir_R0_comparison,0.05284651028532872,6.792980004467102e-69,0.9471534897146715,8.0,416.1142857142857,52.0,0.014285714285714285
3.873972602739726,demographic_sir_R0_comparison,0.05310596884820803,3.8233249401390056e-69,0.9468940311517922,8.0,416.1142857142857,52.0,0.014285714285714285
3.893150684931507,demographic_sir_R0_comparison,0.05336535633628629,2.1563596104266954e-69,0.9466346436637139,8.0,416.1142857142857,52.0,0.014285714285714285
3.9123287671232876,demographic_sir_R0_comparison,0.05362467276903338,1.2187090233218523e-69,0.9463753272309665,8.0,416.1142857142857,52.0,0.014285714285714285
3.9315068493150687,demographic_sir_R0_comparison,0.053883918165913834,6.902040088440956e-70,0.9461160818340861,8.0,416.1142857142857,52.0,0.014285714285714285
3.9506849315068493,demographic_sir_R0_comparison,0.05414309254638688,3.916997504514661e-70,0.9458569074536131,8.0,416.1142857142857,52.0,0.014285714285714285
3.9698630136986304,demographic_sir_R0_comparison,0.0544021959299064,2.2275488294544428e-70,0.9455978040700934,8.0,416.1142857142857,52.0,0.014285714285714285
3.989041095890411,demographic_sir_R0_comparison,0.05466122833592095,1.2694016117269027e-70,0.945338771664079,8.0,416.1142857142857,52.0,0.014285714285714285
4.008219178082192,demographic_sir_R0_comparison,0.05492018978387375,7.248839542863037e-71,0.9450798102161261,8.0,416.1142857142857,52.0,0.014285714285714285
4.027397260273973,demographic_sir_R0_comparison,0.05517908029320271,4.147967169057089e-71,0.944820919706797,8.0,416.1142857142857,52.0,0.014285714285714285
4.046575342465753,demographic_sir_R0_comparison,0.055437899883340414,2.378478724385097e-71,0.9445621001166594,8.0,416.1142857142857,52.0,0.014285714285714285
4.065753424657534,demographic_sir_R0_comparison,0.0556966485737141,1.3666588648930513e-71,0.9443033514262857,8.0,416.1142857142857,52.0,0.014285714285714285
4.0849315068493155,demographic_sir_R0_comparison,0.05595532638374573,7.868965114995875e-72,0.9440446736162542,8.0,416.1142857142857,52.0,0.014285714285714285
4.104109589041096,demographic_sir_R0_comparison,0.05621393333285188,4.540163751723581e-72,0.9437860666671478,8.0,416.1142857142857,52.0,0.014285714285714285
4.123287671232877,demographic_sir_R0_comparison,0.056472469440443845,2.6249532207515405e-72,0.9435275305595558,8.0,416.1142857142857,52.0,0.014285714285714285
4.142465753424657,demographic_sir_R0_comparison,0.05673093472592762,1.520783977453369e-72,0.9432690652740721,8.0,416.1142857142857,52.0,0.014285714285714285
4.161643835616438,demographic_sir_R0_comparison,0.05698932920870385,8.828951917231287e-73,0.9430106707912959,8.0,416.1142857142857,52.0,0.014285714285714285
4.1808219178082195,demographic_sir_R0_comparison,0.05724765290816789,5.1362504580257085e-73,0.9427523470918319,8.0,416.1142857142857,52.0,0.014285714285714285
4.2,demographic_sir_R0_comparison,0.05750590584370978,2.9941834606030444e-73,0.9424940941562898,8.0,416.1142857142857,52.0,0.014285714285714285
4.219178082191781,demographic_sir_R0_comparison,0.05776408803471423,1.7490633860932086e-73,0.9422359119652857,8.0,416.1142857142857,52.0,0.014285714285714285
4.238356164383561,demographic_sir_R0_comparison,0.058022199500560624,1.0238288719666321e-73,0.9419778004994392,8.0,416.1142857142857,52.0,0.014285714285714285
4.257534246575342,demographic_sir_R0_comparison,0.05828024026062311,6.005423424453148e-74,0.9417197597393768,8.0,416.1142857142857,52.0,0.014285714285714285
4.276712328767124,demographic_sir_R0_comparison,0.058538210334270466,3.5298324151077733e-74,0.9414617896657295,8.0,416.1142857142857,52.0,0.014285714285714285
4.295890410958904,demographic_sir_R0_comparison,0.058796109740866166,2.0790191403637224e-74,0.9412038902591336,8.0,416.1142857142857,52.0,0.014285714285714285
4.315068493150685,demographic_sir_R0_comparison,0.0590539384997684,1.2270339828203285e-74,0.9409460615002314,8.0,416.1142857142857,52.0,0.014285714285714285
4.3342465753424655,demographic_sir_R0_comparison,0.059311696630330056,7.256850085555601e-75,0.9406883033696699,8.0,416.1142857142857,52.0,0.014285714285714285
4.353424657534247,demographic_sir_R0_comparison,0.05956938415189873,4.300638365274398e-75,0.940430615848101,8.0,416.1142857142857,52.0,0.014285714285714285
4.372602739726028,demographic_sir_R0_comparison,0.05982700108381667,2.5539398612431417e-75,0.940172998916183,8.0,416.1142857142857,52.0,0.014285714285714285
4.391780821917808,demographic_sir_R0_comparison,0.06008454744542087,1.5197814233560565e-75,0.9399154525545789,8.0,416.1142857142857,52.0,0.014285714285714285
4.410958904109589,demographic_sir_R0_comparison,0.060342023256043015,9.062417707411829e-76,0.9396579767439569,8.0,416.1142857142857,52.0,0.014285714285714285
4.4301369863013695,demographic_sir_R0_comparison,0.06059942853500949,5.4150098960154065e-76,0.9394005714649906,8.0,416.1142857142857,52.0,0.014285714285714285
4.449315068493151,demographic_sir_R0_comparison,0.0608567633016414,3.2422494366556355e-76,0.9391432366983585,8.0,416.1142857142857,52.0,0.014285714285714285
4.468493150684932,demographic_sir_R0_comparison,0.061114027575254526,1.945294406619919e-76,0.9388859724247454,8.0,416.1142857142857,52.0,0.014285714285714285
4.487671232876712,demographic_sir_R0_comparison,0.06137122137515939,1.1695418155976534e-76,0.9386287786248402,8.0,416.1142857142857,52.0,0.014285714285714285
4.506849315068493,demographic_sir_R0_comparison,0.06162834472066123,7.045915450662995e-77,0.9383716552793383,8.0,416.1142857142857,52.0,0.014285714285714285
4.526027397260274,demographic_sir_R0_comparison,0.06188539763105995,4.253536010473267e-77,0.9381146023689393,8.0,416.1142857142857,52.0,0.014285714285714285
4.545205479452055,demographic_sir_R0_comparison,0.06214238012565022,2.5730816604751416e-77,0.937857619874349,8.0,416.1142857142857,52.0,0.014285714285714285
4.564383561643836,demographic_sir_R0_comparison,0.062399292223721384,1.5597232640551599e-77,0.9376007077762779,8.0,416.1142857142857,52.0,0.014285714285714285
4.583561643835616,demographic_sir_R0_comparison,0.06265613394455752,9.473965775955623e-78,0.9373438660554418,8.0,416.1142857142857,52.0,0.014285714285714285
4.602739726027397,demographic_sir_R0_comparison,0.06291290530743743,5.766417863691057e-78,0.9370870946925618,8.0,416.1142857142857,52.0,0.014285714285714285
4.6219178082191785,demographic_sir_R0_comparison,0.06316960633163463,3.516982461477311e-78,0.9368303936683645,8.0,416.1142857142857,52.0,0.014285714285714285
4.641095890410959,demographic_sir_R0_comparison,0.06342623703641731,2.1494326643633051e-78,0.9365737629635819,8.0,416.1142857142857,52.0,0.014285714285714285
4.66027397260274,demographic_sir_R0_comparison,0.06368279744104847,1.3163361014589976e-78,0.9363172025589508,8.0,416.1142857142857,52.0,0.014285714285714285
4.67945205479452,demographic_sir_R0_comparison,0.06393928756478576,8.077906137422085e-79,0.9360607124352134,8.0,416.1142857142857,52.0,0.014285714285714285
4.698630136986301,demographic_sir_R0_comparison,0.06419570742688159,4.9672913250142964e-79,0.9358042925731175,8.0,416.1142857142857,52.0,0.014285714285714285
4.717808219178083,demographic_sir_R0_comparison,0.06445205704658312,3.060758300290232e-79,0.9355479429534159,8.0,416.1142857142857,52.0,0.014285714285714285
4.736986301369863,demographic_sir_R0_comparison,0.06470833644313215,1.8898475510182957e-79,0.9352916635568668,8.0,416.1142857142857,52.0,0.014285714285714285
4.756164383561644,demographic_sir_R0_comparison,0.06496454563576529,1.1692640498639845e-79,0.9350354543642336,8.0,416.1142857142857,52.0,0.014285714285714285
4.7753424657534245,demographic_sir_R0_comparison,0.06522068464371385,7.249136329131868e-80,0.9347793153562849,8.0,416.1142857142857,52.0,0.014285714285714285
4.794520547945205,demographic_sir_R0_comparison,0.06547675348620391,4.503472753657747e-80,0.9345232465137948,8.0,416.1142857142857,52.0,0.014285714285714285
4.813698630136987,demographic_sir_R0_comparison,0.06573275218245622,2.8034716638595917e-80,0.9342672478175426,8.0,416.1142857142857,52.0,0.014285714285714285
4.832876712328767,demographic_sir_R0_comparison,0.06598868075168632,1.748766873480486e-80,0.9340113192483124,8.0,416.1142857142857,52.0,0.014285714285714285
4.852054794520548,demographic_sir_R0_comparison,0.06624453921310443,1.0930865182973386e-80,0.9337554607868945,8.0,416.1142857142857,52.0,0.014285714285714285
4.8712328767123285,demographic_sir_R0_comparison,0.06650032758591555,6.846423941102694e-81,0.9334996724140835,8.0,416.1142857142857,52.0,0.014285714285714285
4.89041095890411,demographic_sir_R0_comparison,0.06675604588931942,4.29694133836827e-81,0.9332439541106795,8.0,416.1142857142857,52.0,0.014285714285714285
4.909589041095891,demographic_sir_R0_comparison,0.06701169414251047,2.702347567806179e-81,0.9329883058574886,8.0,416.1142857142857,52.0,0.014285714285714285
4.928767123287671,demographic_sir_R0_comparison,0.06726727236467794,1.7029774158682597e-81,0.932732727635321,8.0,416.1142857142857,52.0,0.014285714285714285
4.947945205479452,demographic_sir_R0_comparison,0.06752278057500578,1.0753806806052592e-81,0.9324772194249931,8.0,416.1142857142857,52.0,0.014285714285714285
4.967123287671233,demographic_sir_R0_comparison,0.06777821879267269,6.80457472514261e-82,0.9322217812073265,8.0,416.1142857142857,52.0,0.014285714285714285
4.986301369863014,demographic_sir_R0_comparison,0.06803358703685213,4.314444820752262e-82,0.9319664129631471,8.0,416.1142857142857,52.0,0.014285714285714285
5.005479452054795,demographic_sir_R0_comparison,0.06828888532671225,2.7411561854446944e-82,0.931711114673287,8.0,416.1142857142857,52.0,0.014285714285714285
5.024657534246575,demographic_sir_R0_comparison,0.06854411368141602,1.7451281847874258e-82,0.9314558863185831,8.0,416.1142857142857,52.0,0.014285714285714285
5.043835616438356,demographic_sir_R0_comparison,0.06879927212012112,1.1132823666353161e-82,0.9312007278798778,8.0,416.1142857142857,52.0,0.014285714285714285
5.063013698630137,demographic_sir_R0_comparison,0.06905436066198002,7.11651767047052e-83,0.9309456393380188,8.0,416.1142857142857,52.0,0.014285714285714285
5.082191780821918,demographic_sir_R0_comparison,0.0693093793261399,4.558413265313876e-83,0.9306906206738588,8.0,416.1142857142857,52.0,0.014285714285714285
5.101369863013699,demographic_sir_R0_comparison,0.06956432813174271,2.9257928830662677e-83,0.930435671868256,8.0,416.1142857142857,52.0,0.014285714285714285
5.120547945205479,demographic_sir_R0_comparison,0.06981920709792515,1.881728403179195e-83,0.9301807929020737,8.0,416.1142857142857,52.0,0.014285714285714285
5.13972602739726,demographic_sir_R0_comparison,0.07007401624381873,1.2127004454039771e-83,0.9299259837561802,8.0,416.1142857142857,52.0,0.014285714285714285
5.1589041095890416,demographic_sir_R0_comparison,0.07032875558854966,7.831286772201167e-84,0.9296712444114495,8.0,416.1142857142857,52.0,0.014285714285714285
5.178082191780822,demographic_sir_R0_comparison,0.07058342515123887,5.0675199830831975e-84,0.9294165748487603,8.0,416.1142857142857,52.0,0.014285714285714285
5.197260273972603,demographic_sir_R0_comparison,0.07083802495100218,3.285793925042244e-84,0.929161975048997,8.0,416.1142857142857,52.0,0.014285714285714285
5.2164383561643834,demographic_sir_R0_comparison,0.07109255500695007,2.134850379428089e-84,0.928907444993049,8.0,416.1142857142857,52.0,0.014285714285714285
5.235616438356164,demographic_sir_R0_comparison,0.07134701533818785,1.389877710626912e-84,0.9286529846618113,8.0,416.1142857142857,52.0,0.014285714285714285
5.254794520547946,demographic_sir_R0_comparison,0.07160140596381552,9.067081562973465e-85,0.9283985940361835,8.0,416.1142857142857,52.0,0.014285714285714285
5.273972602739726,demographic_sir_R0_comparison,0.07185572690292791,5.927069204378203e-85,0.9281442730970709,8.0,416.1142857142857,52.0,0.014285714285714285
5.293150684931507,demographic_sir_R0_comparison,0.0721099781746146,3.8823418696666545e-85,0.9278900218253843,8.0,416.1142857142857,52.0,0.014285714285714285
5.3123287671232875,demographic_sir_R0_comparison,0.07236415979795993,2.5481712636440138e-85,0.927635840202039,8.0,416.1142857142857,52.0,0.014285714285714285
5.331506849315068,demographic_sir_R0_comparison,0.07261827179204305,1.6758852206739337e-85,0.9273817282079558,8.0,416.1142857142857,52.0,0.014285714285714285
5.35068493150685,demographic_sir_R0_comparison,0.07287231417593783,1.1044358773486241e-85,0.9271276858240611,8.0,416.1142857142857,52.0,0.014285714285714285
5.36986301369863,demographic_sir_R0_comparison,0.07312628696871296,7.293182445255477e-86,0.9268737130312862,8.0,416.1142857142857,52.0,0.014285714285714285
5.389041095890411,demographic_sir_R0_comparison,0.07338019018943186,4.825849182965996e-86,0.9266198098105672,8.0,416.1142857142857,52.0,0.014285714285714285
5.4082191780821915,demographic_sir_R0_comparison,0.07363402385715279,3.1997074093006215e-86,0.9263659761428463,8.0,416.1142857142857,52.0,0.014285714285714285
5.427397260273973,demographic_sir_R0_comparison,0.07388778799092874,2.1258195762771786e-86,0.9261122120090703,8.0,416.1142857142857,52.0,0.014285714285714285
5.446575342465754,demographic_sir_R0_comparison,0.07414148260980752,1.415213326881106e-86,0.9258585173901914,8.0,416.1142857142857,52.0,0.014285714285714285
5.465753424657534,demographic_sir_R0_comparison,0.07439510773283167,9.440533739586779e-87,0.9256048922671674,8.0,416.1142857142857,52.0,0.014285714285714285
5.484931506849315,demographic_sir_R0_comparison,0.07464866337903857,6.310301043945412e-87,0.9253513366209605,8.0,416.1142857142857,52.0,0.014285714285714285
5.504109589041096,demographic_sir_R0_comparison,0.07490214956746032,4.226513478454551e-87,0.9250978504325386,8.0,416.1142857142857,52.0,0.014285714285714285
5.523287671232877,demographic_sir_R0_comparison,0.07515556631712385,2.836565701758937e-87,0.9248444336828748,8.0,416.1142857142857,52.0,0.014285714285714285
5.542465753424658,demographic_sir_R0_comparison,0.07540891364705088,1.9075749250270749e-87,0.924591086352948,8.0,416.1142857142857,52.0,0.014285714285714285
5.561643835616438,demographic_sir_R0_comparison,0.07566219157625793,1.2854295836135588e-87,0.9243378084237407,8.0,416.1142857142857,52.0,0.014285714285714285
5.580821917808219,demographic_sir_R0_comparison,0.0759154001237563,8.67945916331517e-88,0.9240845998762424,8.0,416.1142857142857,52.0,0.014285714285714285
5.6,demographic_sir_R0_comparison,0.07616853930855204,5.872384513284177e-88,0.9238314606914467,8.0,416.1142857142857,52.0,0.014285714285714285
5.619178082191781,demographic_sir_R0_comparison,0.07642160914964603,3.981195568517408e-88,0.9235783908503528,8.0,416.1142857142857,52.0,0.014285714285714285
5.638356164383562,demographic_sir_R0_comparison,0.07667460966603394,2.7045156930588776e-88,0.9233253903339648,8.0,416.1142857142857,52.0,0.014285714285714285
5.657534246575342,demographic_sir_R0_comparison,0.07692754087670622,1.8409509859928828e-88,0.9230724591232926,8.0,416.1142857142857,52.0,0.014285714285714285
5.676712328767123,demographic_sir_R0_comparison,0.07718040280064818,1.2556581853477268e-88,0.9228195971993506,8.0,416.1142857142857,52.0,0.014285714285714285
5.695890410958905,demographic_sir_R0_comparison,0.07743319545683991,8.581770265133878e-89,0.9225668045431589,8.0,416.1142857142857,52.0,0.014285714285714285
5.715068493150685,demographic_sir_R0_comparison,0.07768591886425621,5.8770358834607285e-89,0.9223140811357428,8.0,416.1142857142857,52.0,0.014285714285714285
5.734246575342466,demographic_sir_R0_comparison,0.0779385730418668,4.032882479010829e-89,0.9220614269581322,8.0,416.1142857142857,52.0,0.014285714285714285
5.7534246575342465,demographic_sir_R0_comparison,0.07819115800863613,2.772990085421618e-89,0.9218088419913627,8.0,416.1142857142857,52.0,0.014285714285714285
5.772602739726027,demographic_sir_R0_comparison,0.07844367378352346,1.910540961607967e-89,0.9215563262164753,8.0,416.1142857142857,52.0,0.014285714285714285
5.791780821917809,demographic_sir_R0_comparison,0.07869612038548286,1.3189837235051296e-89,0.921303879614516,8.0,416.1142857142857,52.0,0.014285714285714285
5.810958904109589,demographic_sir_R0_comparison,0.07894849783346328,9.12425314857745e-90,0.9210515021665356,8.0,416.1142857142857,52.0,0.014285714285714285
5.83013698630137,demographic_sir_R0_comparison,0.07920080614640836,6.324552223578426e-90,0.9207991938535904,8.0,416.1142857142857,52.0,0.014285714285714285
5.8493150684931505,demographic_sir_R0_comparison,0.07945304534325666,4.39275081009678e-90,0.920546954656742,8.0,416.1142857142857,52.0,0.014285714285714285
5.868493150684931,demographic_sir_R0_comparison,0.0797052154429415,3.0571548714169553e-90,0.920294784557057,8.0,416.1142857142857,52.0,0.014285714285714285
5.887671232876713,demographic_sir_R0_comparison,0.07995731646439098,2.1319261725904145e-90,0.9200426835356077,8.0,416.1142857142857,52.0,0.014285714285714285
5.906849315068493,demographic_sir_R0_comparison,0.08020934842652808,1.489705741715935e-90,0.9197906515734705,8.0,416.1142857142857,52.0,0.014285714285714285
5.926027397260274,demographic_sir_R0_comparison,0.08046131134827056,1.043042949998763e-90,0.9195386886517279,8.0,416.1142857142857,52.0,0.014285714285714285
5.945205479452055,demographic_sir_R0_comparison,0.08071320524853101,7.317740810818805e-91,0.9192867947514676,8.0,416.1142857142857,52.0,0.014285714285714285
5.964383561643836,demographic_sir_R0_comparison,0.08096503014621682,5.144281736563762e-91,0.9190349698537817,8.0,416.1142857142857,52.0,0.014285714285714285
5.983561643835617,demographic_sir_R0_comparison,0.08121678606023022,3.623640629393934e-91,0.9187832139397684,8.0,416.1142857142857,52.0,0.014285714285714285
6.002739726027397,demographic_sir_R0_comparison,0.08146847300946829,2.5576311266520853e-91,0.9185315269905305,8.0,416.1142857142857,52.0,0.014285714285714285
6.021917808219178,demographic_sir_R0_comparison,0.08172009101282283,1.8088513206997363e-91,0.9182799089871758,8.0,416.1142857142857,52.0,0.014285714285714285
6.041095890410959,demographic_sir_R0_comparison,0.08197164008918059,1.2818575608166383e-91,0.918028359910818,8.0,416.1142857142857,52.0,0.014285714285714285
6.06027397260274,demographic_sir_R0_comparison,0.08222312025742311,9.102241708814289e-92,0.9177768797425755,8.0,416.1142857142857,52.0,0.014285714285714285
6.079452054794521,demographic_sir_R0_comparison,0.0824745315364267,6.476321743575697e-92,0.9175254684635716,8.0,416.1142857142857,52.0,0.014285714285714285
6.098630136986301,demographic_sir_R0_comparison,0.08272587394506255,4.617210640540371e-92,0.9172741260549357,8.0,416.1142857142857,52.0,0.014285714285714285
6.117808219178082,demographic_sir_R0_comparison,0.08297714750219669,3.298389503409535e-92,0.9170228524978018,8.0,416.1142857142857,52.0,0.014285714285714285
6.136986301369863,demographic_sir_R0_comparison,0.08322835222668991,2.3609942719551665e-92,0.9167716477733086,8.0,416.1142857142857,52.0,0.014285714285714285
6.156164383561644,demographic_sir_R0_comparison,0.08347948813739793,1.6933956133989663e-92,0.9165205118626004,8.0,416.1142857142857,52.0,0.014285714285714285
6.175342465753425,demographic_sir_R0_comparison,0.0837305552531712,1.2170045229396788e-92,0.9162694447468269,8.0,416.1142857142857,52.0,0.014285714285714285
6.1945205479452055,demographic_sir_R0_comparison,0.08398155359285515,8.763871084989439e-93,0.9160184464071429,8.0,416.1142857142857,52.0,0.014285714285714285
6.213698630136986,demographic_sir_R0_comparison,0.08423248317528993,6.323675222592466e-93,0.9157675168247082,8.0,416.1142857142857,52.0,0.014285714285714285
6.232876712328768,demographic_sir_R0_comparison,0.08448334401931058,4.572068022529578e-93,0.9155166559806874,8.0,416.1142857142857,52.0,0.014285714285714285
6.252054794520548,demographic_sir_R0_comparison,0.08473413614374692,3.312265346814802e-93,0.9152658638562512,8.0,416.1142857142857,52.0,0.014285714285714285
6.271232876712329,demographic_sir_R0_comparison,0.08498485956742367,2.404399518734572e-93,0.9150151404325744,8.0,416.1142857142857,52.0,0.014285714285714285
6.2904109589041095,demographic_sir_R0_comparison,0.08523551430916038,1.7488677900929635e-93,0.9147644856908376,8.0,416.1142857142857,52.0,0.014285714285714285
6.30958904109589,demographic_sir_R0_comparison,0.08548610038777146,1.2746058969659485e-93,0.9145138996122266,8.0,416.1142857142857,52.0,0.014285714285714285
6.328767123287672,demographic_sir_R0_comparison,0.08573661782206615,9.308146867762008e-94,0.9142633821779319,8.0,416.1142857142857,52.0,0.014285714285714285
6.347945205479452,demographic_sir_R0_comparison,0.08598706663084851,6.811121892028207e-94,0.9140129333691499,8.0,416.1142857142857,52.0,0.014285714285714285
6.367123287671233,demographic_sir_R0_comparison,0.08623744683291745,4.993924378372111e-94,0.9137625531670811,8.0,416.1142857142857,52.0,0.014285714285714285
6.3863013698630136,demographic_sir_R0_comparison,0.08648775844706681,3.668875012412284e-94,0.9135122415529316,8.0,416.1142857142857,52.0,0.014285714285714285
6.405479452054794,demographic_sir_R0_comparison,0.0867380014920852,2.7007928830112944e-94,0.9132619985079132,8.0,416.1142857142857,52.0,0.014285714285714285
6.424657534246576,demographic_sir_R0_comparison,0.08698817598675612,1.9921260516574212e-94,0.9130118240132424,8.0,416.1142857142857,52.0,0.014285714285714285
6.443835616438356,demographic_sir_R0_comparison,0.08723828194985792,1.472343971738737e-94,0.9127617180501407,8.0,416.1142857142857,52.0,0.014285714285714285
6.463013698630137,demographic_sir_R0_comparison,0.08748831940016374,1.0903563217620462e-94,0.9125116805998348,8.0,416.1142857142857,52.0,0.014285714285714285
6.482191780821918,demographic_sir_R0_comparison,0.08773828835644172,8.090848471329731e-95,0.912261711643557,8.0,416.1142857142857,52.0,0.014285714285714285
6.501369863013699,demographic_sir_R0_comparison,0.08798818883745475,6.0156964014086e-95,0.9120118111625439,8.0,416.1142857142857,52.0,0.014285714285714285
6.52054794520548,demographic_sir_R0_comparison,0.08823802086196059,4.481709851492621e-95,0.9117619791380379,8.0,416.1142857142857,52.0,0.014285714285714285
6.53972602739726,demographic_sir_R0_comparison,0.08848778444871189,3.3455483403404095e-95,0.9115122155512865,8.0,416.1142857142857,52.0,0.014285714285714285
6.558904109589041,demographic_sir_R0_comparison,0.08873747961645617,2.5023980420159325e-95,0.911262520383542,8.0,416.1142857142857,52.0,0.014285714285714285
6.578082191780822,demographic_sir_R0_comparison,0.08898710638393575,1.8754726961219288e-95,0.9110128936160623,8.0,416.1142857142857,52.0,0.014285714285714285
6.597260273972603,demographic_sir_R0_comparison,0.08923666476988794,1.4084133578737163e-95,0.9107633352301101,8.0,416.1142857142857,52.0,0.014285714285714285
6.616438356164384,demographic_sir_R0_comparison,0.08948615479304477,1.0597765930228396e-95,0.9105138452069533,8.0,416.1142857142857,52.0,0.014285714285714285
6.635616438356164,demographic_sir_R0_comparison,0.08973557647213323,7.990299756566171e-96,0.910264423527865,8.0,416.1142857142857,52.0,0.014285714285714285
6.654794520547945,demographic_sir_R0_comparison,0.08998492982587515,6.036374082131861e-96,0.910015070174123,8.0,416.1142857142857,52.0,0.014285714285714285
6.673972602739726,demographic_sir_R0_comparison,0.09023421487298725,4.569338235899119e-96,0.909765785127011,8.0,416.1142857142857,52.0,0.014285714285714285
6.693150684931507,demographic_sir_R0_comparison,0.09048343163218109,3.4657267567499305e-96,0.9095165683678172,8.0,416.1142857142857,52.0,0.014285714285714285
6.712328767123288,demographic_sir_R0_comparison,0.09073258012216313,2.633897960050515e-96,0.909267419877835,8.0,416.1142857142857,52.0,0.014285714285714285
6.7315068493150685,demographic_sir_R0_comparison,0.09098166036163474,2.0057045069135533e-96,0.9090183396383635,8.0,416.1142857142857,52.0,0.014285714285714285
6.750684931506849,demographic_sir_R0_comparison,0.09123067236929208,1.5303758232674598e-96,0.9087693276307062,8.0,416.1142857142857,52.0,0.014285714285714285
6.76986301369863,demographic_sir_R0_comparison,0.09147961616382626,1.1700169320076315e-96,0.9085203838361722,8.0,416.1142857142857,52.0,0.014285714285714285
6.789041095890411,demographic_sir_R0_comparison,0.09172849176392325,8.962906496890541e-97,0.9082715082360749,8.0,416.1142857142857,52.0,0.014285714285714285
6.808219178082192,demographic_sir_R0_comparison,0.0919772991882639,6.879676498804696e-97,0.9080227008117343,8.0,416.1142857142857,52.0,0.014285714285714285
6.8273972602739725,demographic_sir_R0_comparison,0.09222603845552392,5.291141355964424e-97,0.9077739615444744,8.0,416.1142857142857,52.0,0.014285714285714285
6.846575342465753,demographic_sir_R0_comparison,0.09247470958437394,4.077487806271712e-97,0.9075252904156245,8.0,416.1142857142857,52.0,0.014285714285714285
6.865753424657535,demographic_sir_R0_comparison,0.09272331259347949,3.148456529359053e-97,0.9072766874065189,8.0,416.1142857142857,52.0,0.014285714285714285
6.884931506849315,demographic_sir_R0_comparison,0.0929718475015009,2.4359267204973703e-97,0.9070281524984974,8.0,416.1142857142857,52.0,0.014285714285714285
6.904109589041096,demographic_sir_R0_comparison,0.0932203143270935,1.888391291115254e-97,0.9067796856729049,8.0,416.1142857142857,52.0,0.014285714285714285
6.923287671232877,demographic_sir_R0_comparison,0.09346871308890742,1.466833344883566e-97,0.9065312869110909,8.0,416.1142857142857,52.0,0.014285714285714285
6.942465753424657,demographic_sir_R0_comparison,0.09371704380558771,1.1416430547018664e-97,0.9062829561944106,8.0,416.1142857142857,52.0,0.014285714285714285
6.961643835616439,demographic_sir_R0_comparison,0.09396530649577434,8.90308352568556e-98,0.906034693504224,8.0,416.1142857142857,52.0,0.014285714285714285
6.980821917808219,demographic_sir_R0_comparison,0.09421350117810215,6.9568215742728e-98,0.9057864988218961,8.0,416.1142857142857,52.0,0.014285714285714285
7.0,demographic_sir_R0_comparison,0.0944616278712009,5.446799068869795e-98,0.9055383721287972,8.0,416.1142857142857,52.0,0.014285714285714285
7.019178082191781,demographic_sir_R0_comparison,0.09470968659369516,4.272988078585548e-98,0.9052903134063031,8.0,416.1142857142857,52.0,0.014285714285714285
7.038356164383561,demographic_sir_R0_comparison,0.0949576773642045,3.358780392052068e-98,0.9050423226357938,8.0,416.1142857142857,52.0,0.014285714285714285
7.057534246575343,demographic_sir_R0_comparison,0.09520560020134337,2.645397283000238e-98,0.9047943997986548,8.0,416.1142857142857,52.0,0.014285714285714285
7.076712328767123,demographic_sir_R0_comparison,0.09545345512372108,2.0876578731017778e-98,0.9045465448762772,8.0,416.1142857142857,52.0,0.014285714285714285
7.095890410958904,demographic_sir_R0_comparison,0.0957012421499419,1.6507703027795364e-98,0.9042987578500561,8.0,416.1142857142857,52.0,0.014285714285714285
7.115068493150685,demographic_sir_R0_comparison,0.09594896129860492,1.3078942394320201e-98,0.9040510387013929,8.0,416.1142857142857,52.0,0.014285714285714285
7.134246575342466,demographic_sir_R0_comparison,0.0961966125883042,1.0382860791338087e-98,0.9038033874116935,8.0,416.1142857142857,52.0,0.014285714285714285
7.153424657534247,demographic_sir_R0_comparison,0.0964441960376287,8.258850887413853e-99,0.903555803962369,8.0,416.1142857142857,52.0,0.014285714285714285
7.1726027397260275,demographic_sir_R0_comparison,0.09669171166516231,6.582337908471842e-99,0.9033082883348355,8.0,416.1142857142857,52.0,0.014285714285714285
7.191780821917808,demographic_sir_R0_comparison,0.09693915948948373,5.256521450537843e-99,0.9030608405105139,8.0,416.1142857142857,52.0,0.014285714285714285
7.210958904109589,demographic_sir_R0_comparison,0.09718653952916666,4.206047695356068e-99,0.9028134604708309,8.0,416.1142857142857,52.0,0.014285714285714285
7.23013698630137,demographic_sir_R0_comparison,0.0974338518027797,3.3721524085924554e-99,0.9025661481972179,8.0,416.1142857142857,52.0,0.014285714285714285
7.249315068493151,demographic_sir_R0_comparison,0.0976810963288864,2.708926435384643e-99,0.9023189036711113,8.0,416.1142857142857,52.0,0.014285714285714285
7.2684931506849315,demographic_sir_R0_comparison,0.0979282731260451,2.180439333431998e-99,0.9020717268739527,8.0,416.1142857142857,52.0,0.014285714285714285
7.287671232876712,demographic_sir_R0_comparison,0.09817538221280918,1.7585201516938e-99,0.9018246177871885,8.0,416.1142857142857,52.0,0.014285714285714285
7.306849315068493,demographic_sir_R0_comparison,0.09842242360772686,1.4210422871817884e-99,0.9015775763922708,8.0,416.1142857142857,52.0,0.014285714285714285
7.326027397260274,demographic_sir_R0_comparison,0.09866939732934131,1.1505956563863297e-99,0.9013306026706563,8.0,416.1142857142857,52.0,0.014285714285714285
7.345205479452055,demographic_sir_R0_comparison,0.09891630339619063,9.33456964104882e-100,0.901083696603807,8.0,416.1142857142857,52.0,0.014285714285714285
7.364383561643836,demographic_sir_R0_comparison,0.09916314182680788,7.587897876036029e-100,0.9008368581731897,8.0,416.1142857142857,52.0,0.014285714285714285
7.383561643835616,demographic_sir_R0_comparison,0.09940991263972093,6.180221306511243e-100,0.9005900873602765,8.0,416.1142857142857,52.0,0.014285714285714285
7.402739726027398,demographic_sir_R0_comparison,0.09965661585345269,5.043612531603523e-100,0.9003433841465447,8.0,416.1142857142857,52.0,0.014285714285714285
7.421917808219178,demographic_sir_R0_comparison,0.09990325148652092,4.124148620923634e-100,0.9000967485134765,8.0,416.1142857142857,52.0,0.014285714285714285
7.441095890410959,demographic_sir_R0_comparison,0.10014981955743837,3.378948478205321e-100,0.8998501804425592,8.0,416.1142857142857,52.0,0.014285714285714285
7.46027397260274,demographic_sir_R0_comparison,0.10039632008471264,2.773851888237994e-100,0.8996036799152848,8.0,416.1142857142857,52.0,0.014285714285714285
7.47945205479452,demographic_sir_R0_comparison,0.10064275308684631,2.2815982119588342e-100,0.8993572469131512,8.0,416.1142857142857,52.0,0.014285714285714285
7.498630136986302,demographic_sir_R0_comparison,0.10088911858233689,1.8803947740524923e-100,0.8991108814176606,8.0,416.1142857142857,52.0,0.014285714285714285
7.517808219178082,demographic_sir_R0_comparison,0.1011354165896768,1.552789683867067e-100,0.8988645834103206,8.0,416.1142857142857,52.0,0.014285714285714285
7.536986301369863,demographic_sir_R0_comparison,0.10138164712735347,1.2847828733540896e-100,0.898618352872644,8.0,416.1142857142857,52.0,0.014285714285714285
7.556164383561644,demographic_sir_R0_comparison,0.10162781021384915,1.0651238426184462e-100,0.8983721897861483,8.0,416.1142857142857,52.0,0.014285714285714285
7.575342465753424,demographic_sir_R0_comparison,0.1018739058676411,8.847559798064257e-101,0.8981260941323562,8.0,416.1142857142857,52.0,0.014285714285714285
7.594520547945206,demographic_sir_R0_comparison,0.10211993410720155,7.363761356907164e-101,0.8978800658927959,8.0,416.1142857142857,52.0,0.014285714285714285
7.6136986301369864,demographic_sir_R0_comparison,0.10236589495099754,6.140849723946052e-101,0.8976341050489999,8.0,416.1142857142857,52.0,0.014285714285714285
7.632876712328767,demographic_sir_R0_comparison,0.10261178841749118,5.1310892093067795e-101,0.8973882115825063,8.0,416.1142857142857,52.0,0.014285714285714285
7.652054794520548,demographic_sir_R0_comparison,0.10285761452513945,4.295787196159931e-101,0.8971423854748583,8.0,416.1142857142857,52.0,0.014285714285714285
7.671232876712329,demographic_sir_R0_comparison,0.10310337329239434,3.603527310009537e-101,0.8968966267076034,8.0,416.1142857142857,52.0,0.014285714285714285
7.69041095890411,demographic_sir_R0_comparison,0.10334906473770271,3.0287575357527074e-101,0.8966509352622951,8.0,416.1142857142857,52.0,0.014285714285714285
7.7095890410958905,demographic_sir_R0_comparison,0.1035946888795064,2.5506601418424072e-101,0.8964053111204914,8.0,416.1142857142857,52.0,0.014285714285714285
7.728767123287671,demographic_sir_R0_comparison,0.10384024573624226,2.1522456983490917e-101,0.8961597542637556,8.0,416.1142857142857,52.0,0.014285714285714285
7.747945205479452,demographic_sir_R0_comparison,0.10408573532634197,1.819625577926512e-101,0.8959142646736559,8.0,416.1142857142857,52.0,0.014285714285714285
7.767123287671233,demographic_sir_R0_comparison,0.10433115766823226,1.5414268369689916e-101,0.8956688423317657,8.0,416.1142857142857,52.0,0.014285714285714285
7.786301369863014,demographic_sir_R0_comparison,0.10457651278033472,1.3083208560165852e-101,0.8954234872196632,8.0,416.1142857142857,52.0,0.014285714285714285
7.8054794520547945,demographic_sir_R0_comparison,0.10482180068106597,1.1126430146269007e-101,0.8951781993189319,8.0,416.1142857142857,52.0,0.014285714285714285
7.824657534246575,demographic_sir_R0_comparison,0.10506702138883761,9.480853295996741e-102,0.8949329786111604,8.0,416.1142857142857,52.0,0.014285714285714285
7.843835616438356,demographic_sir_R0_comparison,0.10531217492205608,8.094476640151019e-102,0.8946878250779419,8.0,416.1142857142857,52.0,0.014285714285714285
7.863013698630137,demographic_sir_R0_comparison,0.10555726129912289,6.924360267416286e-102,0.8944427387008751,8.0,416.1142857142857,52.0,0.014285714285714285
7.882191780821918,demographic_sir_R0_comparison,0.10580228053843442,5.934987910224277e-102,0.8941977194615635,8.0,416.1142857142857,52.0,0.014285714285714285
7.901369863013699,demographic_sir_R0_comparison,0.10604723265838212,5.09693494169611e-102,0.8939527673416156,8.0,416.1142857142857,52.0,0.014285714285714285
7.920547945205479,demographic_sir_R0_comparison,0.1062921176773523,4.385783383980959e-102,0.8937078823226453,8.0,416.1142857142857,52.0,0.014285714285714285
7.939726027397261,demographic_sir_R0_comparison,0.1065369356137263,3.781236740176839e-102,0.8934630643862715,8.0,416.1142857142857,52.0,0.014285714285714285
7.958904109589041,demographic_sir_R0_comparison,0.10678168648588034,3.2663967237257325e-102,0.8932183135141174,8.0,416.1142857142857,52.0,0.014285714285714285
7.978082191780822,demographic_sir_R0_comparison,0.10702637031218572,2.827171357315262e-102,0.8929736296878122,8.0,416.1142857142857,52.0,0.014285714285714285
7.997260273972603,demographic_sir_R0_comparison,0.1072709871110086,2.4517898315890927e-102,0.8927290128889893,8.0,416.1142857142857,52.0,0.014285714285714285
8.016438356164384,demographic_sir_R0_comparison,0.10751553690071021,2.1304042553486694e-102,0.8924844630992878,8.0,416.1142857142857,52.0,0.014285714285714285
8.035616438356165,demographic_sir_R0_comparison,0.10776001969964664,1.8547622330199913e-102,0.8922399803003513,8.0,416.1142857142857,52.0,0.014285714285714285
8.054794520547945,demographic_sir_R0_comparison,0.10800443552616905,1.6179372616987131e-102,0.891995564473829,8.0,416.1142857142857,52.0,0.014285714285714285
8.073972602739726,demographic_sir_R0_comparison,0.10824878439862354,1.4141063995505013e-102,0.8917512156013744,8.0,416.1142857142857,52.0,0.014285714285714285
8.093150684931507,demographic_sir_R0_comparison,0.10849306633535112,1.238366639230611e-102,0.8915069336646467,8.0,416.1142857142857,52.0,0.014285714285714285
8.112328767123287,demographic_sir_R0_comparison,0.10873728135468792,1.0865830193379703e-102,0.8912627186453099,8.0,416.1142857142857,52.0,0.014285714285714285
8.131506849315068,demographic_sir_R0_comparison,0.1089814294749649,9.55262799423604e-103,0.8910185705250329,8.0,416.1142857142857,52.0,0.014285714285714285
8.150684931506849,demographic_sir_R0_comparison,0.1092255107145081,8.414510700970434e-103,0.8907744892854896,8.0,416.1142857142857,52.0,0.014285714285714285
8.169863013698631,demographic_sir_R0_comparison,0.1094695250916385,7.42644017527837e-103,0.8905304749083591,8.0,416.1142857142857,52.0,0.014285714285714285
8.189041095890412,demographic_sir_R0_comparison,0.10971347262467201,6.567167496792706e-103,0.8902865273753258,8.0,416.1142857142857,52.0,0.014285714285714285
8.208219178082192,demographic_sir_R0_comparison,0.1099573533319196,5.818631508164557e-103,0.8900426466680781,8.0,416.1142857142857,52.0,0.014285714285714285
8.227397260273973,demographic_sir_R0_comparison,0.11020116723168719,5.165456859657205e-103,0.8897988327683107,8.0,416.1142857142857,52.0,0.014285714285714285
8.246575342465754,demographic_sir_R0_comparison,0.11044491434227569,4.594534479529461e-103,0.8895550856577223,8.0,416.1142857142857,52.0,0.014285714285714285
8.265753424657534,demographic_sir_R0_comparison,0.110688594681981,4.0946704240914264e-103,0.889311405318017,8.0,416.1142857142857,52.0,0.014285714285714285
8.284931506849315,demographic_sir_R0_comparison,0.110932208269094,3.656291535800044e-103,0.889067791730904,8.0,416.1142857142857,52.0,0.014285714285714285
8.304109589041095,demographic_sir_R0_comparison,0.1111757551219006,3.2711983629762784e-103,0.8888242448780975,8.0,416.1142857142857,52.0,0.014285714285714285
8.323287671232876,demographic_sir_R0_comparison,0.11141923525868165,2.932357454522535e-103,0.8885807647413165,8.0,416.1142857142857,52.0,0.014285714285714285
8.342465753424658,demographic_sir_R0_comparison,0.11166264869771299,2.6337265051972953e-103,0.8883373513022852,8.0,416.1142857142857,52.0,0.014285714285714285
8.361643835616439,demographic_sir_R0_comparison,0.11190599545726548,2.370106946455945e-103,0.8880940045427326,8.0,416.1142857142857,52.0,0.014285714285714285
8.38082191780822,demographic_sir_R0_comparison,0.11214927555560499,2.137019499093018e-103,0.8878507244443931,8.0,416.1142857142857,52.0,0.014285714285714285
8.4,demographic_sir_R0_comparison,0.11239248901099234,1.9305989630493023e-103,0.8876075109890057,8.0,416.1142857142857,52.0,0.014285714285714285
8.419178082191781,demographic_sir_R0_comparison,0.11263563584168339,1.7475051461392587e-103,0.8873643641583147,8.0,416.1142857142857,52.0,0.014285714285714285
8.438356164383562,demographic_sir_R0_comparison,0.11287871606592896,1.5848473510145691e-103,0.8871212839340691,8.0,416.1142857142857,52.0,0.014285714285714285
8.457534246575342,demographic_sir_R0_comparison,0.11312172970197495,1.4401202678854478e-103,0.8868782702980231,8.0,416.1142857142857,52.0,0.014285714285714285
8.476712328767123,demographic_sir_R0_comparison,0.11336467676806214,1.3111494752701247e-103,0.886635323231936,8.0,416.1142857142857,52.0,0.014285714285714285
8.495890410958904,demographic_sir_R0_comparison,0.1136075572824264,1.1960450453236729e-103,0.8863924427175716,8.0,416.1142857142857,52.0,0.014285714285714285
8.515068493150684,demographic_sir_R0_comparison,0.11385037126329857,1.0931619947378146e-103,0.8861496287366994,8.0,416.1142857142857,52.0,0.014285714285714285
8.534246575342467,demographic_sir_R0_comparison,0.11409311872890453,1.0010665255099562e-103,0.8859068812710936,8.0,416.1142857142857,52.0,0.014285714285714285
8.553424657534247,demographic_sir_R0_comparison,0.11433579969746513,9.185071691943758e-104,0.8856642003025332,8.0,416.1142857142857,52.0,0.014285714285714285
8.572602739726028,demographic_sir_R0_comparison,0.11457841418719625,8.443900894366583e-104,0.8854215858128023,8.0,416.1142857142857,52.0,0.014285714285714285
8.591780821917808,demographic_sir_R0_comparison,0.11482096221630875,7.777579154786979e-104,0.8851790377836897,8.0,416.1142857142857,52.0,0.014285714285714285
8.610958904109589,demographic_sir_R0_comparison,0.11506344380300854,7.177715778767607e-104,0.8849365561969899,8.0,416.1142857142857,52.0,0.014285714285714285
8.63013698630137,demographic_sir_R0_comparison,0.11530585896549653,6.636947001750187e-104,0.8846941410345018,8.0,416.1142857142857,52.0,0.014285714285714285
8.64931506849315,demographic_sir_R0_comparison,0.11554820772196865,6.148801694240346e-104,0.8844517922780297,8.0,416.1142857142857,52.0,0.014285714285714285
8.668493150684931,demographic_sir_R0_comparison,0.1157904900906158,5.707585664623986e-104,0.8842095099093824,8.0,416.1142857142857,52.0,0.014285714285714285
8.687671232876712,demographic_sir_R0_comparison,0.11603270608962396,5.308281856388562e-104,0.8839672939103741,8.0,416.1142857142857,52.0,0.014285714285714285
8.706849315068494,demographic_sir_R0_comparison,0.11627485573717412,4.946464146736246e-104,0.883725144262824,8.0,416.1142857142857,52.0,0.014285714285714285
8.726027397260275,demographic_sir_R0_comparison,0.11651693905144225,4.618222799120137e-104,0.8834830609485558,8.0,416.1142857142857,52.0,0.014285714285714285
8.745205479452055,demographic_sir_R0_comparison,0.11675895605059938,4.320099913662152e-104,0.8832410439493986,8.0,416.1142857142857,52.0,0.014285714285714285
8.764383561643836,demographic_sir_R0_comparison,0.11700090675281152,4.049033465502084e-104,0.8829990932471864,8.0,416.1142857142857,52.0,0.014285714285714285
8.783561643835617,demographic_sir_R0_comparison,0.11724279117623977,3.802308729184574e-104,0.8827572088237579,8.0,416.1142857142857,52.0,0.014285714285714285
8.802739726027397,demographic_sir_R0_comparison,0.11748460933904015,3.5775160633100887e-104,0.8825153906609573,8.0,416.1142857142857,52.0,0.014285714285714285
8.821917808219178,demographic_sir_R0_comparison,0.11772636125936381,3.37251417893832e-104,0.8822736387406337,8.0,416.1142857142857,52.0,0.014285714285714285
8.841095890410958,demographic_sir_R0_comparison,0.11796804695535687,3.185398141886652e-104,0.8820319530446407,8.0,416.1142857142857,52.0,0.014285714285714285
8.860273972602739,demographic_sir_R0_comparison,0.11820966644516052,3.014471466665872e-104,0.8817903335548369,8.0,416.1142857142857,52.0,0.014285714285714285
8.879452054794521,demographic_sir_R0_comparison,0.11845121974691096,2.85822175131623e-104,0.8815487802530865,8.0,416.1142857142857,52.0,0.014285714285714285
8.898630136986302,demographic_sir_R0_comparison,0.11869270687873941,2.7152993803452338e-104,0.881307293121258,8.0,416.1142857142857,52.0,0.014285714285714285
8.917808219178083,demographic_sir_R0_comparison,0.11893412785877211,2.5844988894187468e-104,0.8810658721412254,8.0,416.1142857142857,52.0,0.014285714285714285
8.936986301369863,demographic_sir_R0_comparison,0.11917548270513034,2.4647426421811716e-104,0.8808245172948671,8.0,416.1142857142857,52.0,0.014285714285714285
8.956164383561644,demographic_sir_R0_comparison,0.11941677143593049,2.3550665180588816e-104,0.880583228564067,8.0,416.1142857142857,52.0,0.014285714285714285
8.975342465753425,demographic_sir_R0_comparison,0.11965799406928392,2.2546073513835234e-104,0.8803420059307137,8.0,416.1142857142857,52.0,0.014285714285714285
8.994520547945205,demographic_sir_R0_comparison,0.11989915062329705,2.1625918977102498e-104,0.8801008493767004,8.0,416.1142857142857,52.0,0.014285714285714285
9.013698630136986,demographic_sir_R0_comparison,0.12014024111607129,2.07832713368981e-104,0.8798597588839261,8.0,416.1142857142857,52.0,0.014285714285714285
9.032876712328767,demographic_sir_R0_comparison,0.12038126556570312,2.001191723034307e-104,0.8796187344342942,8.0,416.1142857142857,52.0,0.014285714285714285
9.052054794520547,demographic_sir_R0_comparison,0.12062222399028412,1.9306285036305115e-104,0.8793777760097133,8.0,416.1142857142857,52.0,0.014285714285714285
9.07123287671233,demographic_sir_R0_comparison,0.12086311640790091,1.8661378702410843e-104,0.8791368835920964,8.0,416.1142857142857,52.0,0.014285714285714285
9.09041095890411,demographic_sir_R0_comparison,0.12110394283663502,1.807271943950378e-104,0.8788960571633625,8.0,416.1142857142857,52.0,0.014285714285714285
9.10958904109589,demographic_sir_R0_comparison,0.1213447032945631,1.753629433946174e-104,0.8786552967054344,8.0,416.1142857142857,52.0,0.014285714285714285
9.128767123287671,demographic_sir_R0_comparison,0.12158539779975691,1.7048511097128187e-104,0.8784146022002406,8.0,416.1142857142857,52.0,0.014285714285714285
9.147945205479452,demographic_sir_R0_comparison,0.12182602637028327,1.6606158125257366e-104,0.8781739736297144,8.0,416.1142857142857,52.0,0.014285714285714285
9.167123287671233,demographic_sir_R0_comparison,0.12206658902420395,1.620636944523245e-104,0.8779334109757937,8.0,416.1142857142857,52.0,0.014285714285714285
9.186301369863013,demographic_sir_R0_comparison,0.12230708577957582,1.5846593817938768e-104,0.8776929142204218,8.0,416.1142857142857,52.0,0.014285714285714285
9.205479452054794,demographic_sir_R0_comparison,0.12254751665445081,1.5524567650320148e-104,0.8774524833455468,8.0,416.1142857142857,52.0,0.014285714285714285
9.224657534246575,demographic_sir_R0_comparison,0.12278788166687588,1.5238291275324077e-104,0.8772121183331218,8.0,416.1142857142857,52.0,0.014285714285714285
9.243835616438357,demographic_sir_R0_comparison,0.1230281808348931,1.4986008257446975e-104,0.8769718191651047,8.0,416.1142857142857,52.0,0.014285714285714285
9.263013698630138,demographic_sir_R0_comparison,0.12326841417653954,1.4766187424043552e-104,0.8767315858234583,8.0,416.1142857142857,52.0,0.014285714285714285
9.282191780821918,demographic_sir_R0_comparison,0.12350858170984733,1.457750736493046e-104,0.8764914182901506,8.0,416.1142857142857,52.0,0.014285714285714285
9.301369863013699,demographic_sir_R0_comparison,0.12374868345284372,1.4418843180436467e-104,0.8762513165471542,8.0,416.1142857142857,52.0,0.014285714285714285
9.32054794520548,demographic_sir_R0_comparison,0.12398871942355101,1.4289255291659214e-104,0.876011280576447,8.0,416.1142857142857,52.0,0.014285714285714285
9.33972602739726,demographic_sir_R0_comparison,0.12422868963998648,1.4187980156930024e-104,0.8757713103600115,8.0,416.1142857142857,52.0,0.014285714285714285
9.35890410958904,demographic_sir_R0_comparison,0.12446859412016255,1.411442276592911e-104,0.8755314058798356,8.0,416.1142857142857,52.0,0.014285714285714285
9.378082191780821,demographic_sir_R0_comparison,0.12470843288208668,1.4068150808043656e-104,0.8752915671179115,8.0,416.1142857142857,52.0,0.014285714285714285
9.397260273972602,demographic_sir_R0_comparison,0.12494820594376141,1.4048890434877605e-104,0.8750517940562368,8.0,416.1142857142857,52.0,0.014285714285714285
9.416438356164385,demographic_sir_R0_comparison,0.12518791332318438,1.4056523558722584e-104,0.874812086676814,8.0,416.1142857142857,52.0,0.014285714285714285
9.435616438356165,demographic_sir_R0_comparison,0.12542755503834824,1.4091086649672414e-104,0.8745724449616502,8.0,416.1142857142857,52.0,0.014285714285714285
9.454794520547946,demographic_sir_R0_comparison,0.12566713110724057,1.4152771014273088e-104,0.8743328688927577,8.0,416.1142857142857,52.0,0.014285714285714285
9.473972602739726,demographic_sir_R0_comparison,0.12590664154784442,1.424192455849793e-104,0.874093358452154,8.0,416.1142857142857,52.0,0.014285714285714285
9.493150684931507,demographic_sir_R0_comparison,0.12614608637813757,1.4359055057766952e-104,0.8738539136218607,8.0,416.1142857142857,52.0,0.014285714285714285
9.512328767123288,demographic_sir_R0_comparison,0.12638546561609312,1.4504834977034803e-104,0.8736145343839051,8.0,416.1142857142857,52.0,0.014285714285714285
9.531506849315068,demographic_sir_R0_comparison,0.126624779279679,1.4680107905004712e-104,0.8733752207203194,8.0,416.1142857142857,52.0,0.014285714285714285
9.550684931506849,demographic_sir_R0_comparison,0.12686402738685829,1.488589668865347e-104,0.8731359726131401,8.0,416.1142857142857,52.0,0.014285714285714285
9.56986301369863,demographic_sir_R0_comparison,0.12710320995558919,1.5123413377864382e-104,0.8728967900444091,8.0,416.1142857142857,52.0,0.014285714285714285
9.58904109589041,demographic_sir_R0_comparison,0.12734232700382514,1.5394071115481884e-104,0.8726576729961731,8.0,416.1142857142857,52.0,0.014285714285714285
9.608219178082193,demographic_sir_R0_comparison,0.1275813785495143,1.5699498135985185e-104,0.8724186214504841,8.0,416.1142857142857,52.0,0.014285714285714285
9.627397260273973,demographic_sir_R0_comparison,0.12782036461060017,1.6041554066739892e-104,0.8721796353893981,8.0,416.1142857142857,52.0,0.014285714285714285
9.646575342465754,demographic_sir_R0_comparison,0.12805928520502138,1.6422348760001035e-104,0.8719407147949769,8.0,416.1142857142857,52.0,0.014285714285714285
9.665753424657535,demographic_sir_R0_comparison,0.1282981403507115,1.6844263922155345e-104,0.8717018596492867,8.0,416.1142857142857,52.0,0.014285714285714285
9.684931506849315,demographic_sir_R0_comparison,0.12853693006559916,1.7309977849846923e-104,0.8714630699343988,8.0,416.1142857142857,52.0,0.014285714285714285
9.704109589041096,demographic_sir_R0_comparison,0.12877565436760824,1.7822493631471738e-104,0.8712243456323898,8.0,416.1142857142857,52.0,0.014285714285714285
9.723287671232876,demographic_sir_R0_comparison,0.12901431327465757,1.838517122802802e-104,0.8709856867253405,8.0,416.1142857142857,52.0,0.014285714285714285
9.742465753424657,demographic_sir_R0_comparison,0.12925290680466112,1.9001763910595834e-104,0.8707470931953372,8.0,416.1142857142857,52.0,0.014285714285714285
9.761643835616438,demographic_sir_R0_comparison,0.12949143497552792,1.9676459604092135e-104,0.8705085650244702,8.0,416.1142857142857,52.0,0.014285714285714285
9.78082191780822,demographic_sir_R0_comparison,0.12972989780516228,2.0413927769920884e-104,0.8702701021948358,8.0,416.1142857142857,52.0,0.014285714285714285
9.8,demographic_sir_R0_comparison,0.12996829531146337,2.121937255547325e-104,0.8700317046885347,8.0,416.1142857142857,52.0,0.014285714285714285
9.819178082191781,demographic_sir_R0_comparison,0.13020662751232548,2.209859304818739e-104,0.8697933724876726,8.0,416.1142857142857,52.0,0.014285714285714285
9.838356164383562,demographic_sir_R0_comparison,0.13044489442563809,2.3058051598448336e-104,0.8695551055743598,8.0,416.1142857142857,52.0,0.014285714285714285
9.857534246575343,demographic_sir_R0_comparison,0.13068309606928583,2.4104951321815362e-104,0.8693169039307118,8.0,416.1142857142857,52.0,0.014285714285714285
9.876712328767123,demographic_sir_R0_comparison,0.13092123246114823,2.5247324060194403e-104,0.8690787675388494,8.0,416.1142857142857,52.0,0.014285714285714285
9.895890410958904,demographic_sir_R0_comparison,0.13115930361910016,2.649413027750088e-104,0.8688406963808974,8.0,416.1142857142857,52.0,0.014285714285714285
9.915068493150685,demographic_sir_R0_comparison,0.13139730956101142,2.785537259262751e-104,0.8686026904389863,8.0,416.1142857142857,52.0,0.014285714285714285
9.934246575342465,demographic_sir_R0_comparison,0.13163525030474696,2.934222491649264e-104,0.868364749695251,8.0,416.1142857142857,52.0,0.014285714285714285
9.953424657534246,demographic_sir_R0_comparison,0.13187312586816685,3.0967179466900877e-104,0.8681268741318312,8.0,416.1142857142857,52.0,0.014285714285714285
9.972602739726028,demographic_sir_R0_comparison,0.13211093626912623,3.274421429233297e-104,0.8678890637308717,8.0,416.1142857142857,52.0,0.014285714285714285
9.991780821917809,demographic_sir_R0_comparison,0.13234868152547544,3.4688984352374374e-104,0.8676513184745224,8.0,416.1142857142857,52.0,0.014285714285714285
10.01095890410959,demographic_sir_R0_comparison,0.13258636165505983,3.681903968867539e-104,0.8674136383449379,8.0,416.1142857142857,52.0,0.014285714285714285
10.03013698630137,demographic_sir_R0_comparison,0.13282397667571993,3.915407478838046e-104,0.8671760233242779,8.0,416.1142857142857,52.0,0.014285714285714285
10.04931506849315,demographic_sir_R0_comparison,0.1330615266052914,4.171621390644455e-104,0.8669384733947063,8.0,416.1142857142857,52.0,0.014285714285714285
10.068493150684931,demographic_sir_R0_comparison,0.13329901146160497,4.453033789141441e-104,0.866700988538393,8.0,416.1142857142857,52.0,0.014285714285714285
10.087671232876712,demographic_sir_R0_comparison,0.13353643126248635,4.762445897160773e-104,0.8664635687375116,8.0,416.1142857142857,52.0,0.014285714285714285
10.106849315068493,demographic_sir_R0_comparison,0.1337737860257567,5.103015102954046e-104,0.8662262139742413,8.0,416.1142857142857,52.0,0.014285714285714285
10.126027397260273,demographic_sir_R0_comparison,0.13401107576923205,5.478304415094435e-104,0.8659889242307659,8.0,416.1142857142857,52.0,0.014285714285714285
10.145205479452056,demographic_sir_R0_comparison,0.1342483005107235,5.89233937153487e-104,0.8657516994892743,8.0,416.1142857142857,52.0,0.014285714285714285
10.164383561643836,demographic_sir_R0_comparison,0.1344854602680375,6.349673603920323e-104,0.8655145397319604,8.0,416.1142857142857,52.0,0.014285714285714285
10.183561643835617,demographic_sir_R0_comparison,0.13472255505897543,6.855464463914853e-104,0.8652774449410223,8.0,416.1142857142857,52.0,0.014285714285714285
10.202739726027398,demographic_sir_R0_comparison,0.13495958490133386,7.415560361114397e-104,0.865040415098664,8.0,416.1142857142857,52.0,0.014285714285714285
10.221917808219178,demographic_sir_R0_comparison,0.13519654981290447,8.036601749125623e-104,0.8648034501870937,8.0,416.1142857142857,52.0,0.014285714285714285
10.241095890410959,demographic_sir_R0_comparison,0.13543344981147407,8.726138036040613e-104,0.864566550188524,8.0,416.1142857142857,52.0,0.014285714285714285
10.26027397260274,demographic_sir_R0_comparison,0.1356702849148247,9.492763097961415e-104,0.8643297150851738,8.0,416.1142857142857,52.0,0.014285714285714285
10.27945205479452,demographic_sir_R0_comparison,0.1359070551407333,1.0346272551596879e-103,0.8640929448592652,8.0,416.1142857142857,52.0,0.014285714285714285
10.2986301369863,demographic_sir_R0_comparison,0.13614376050697222,1.1297846508901895e-103,0.8638562394930264,8.0,416.1142857142857,52.0,0.014285714285714285
10.317808219178083,demographic_sir_R0_comparison,0.1363804010313087,1.2360262210876382e-103,0.8636195989686899,8.0,416.1142857142857,52.0,0.014285714285714285
10.336986301369864,demographic_sir_R0_comparison,0.13661697673150516,1.354814174022586e-103,0.8633830232684933,8.0,416.1142857142857,52.0,0.014285714285714285
10.356164383561644,demographic_sir_R0_comparison,0.1368534876253194,1.4878240969241701e-103,0.8631465123746793,8.0,416.1142857142857,52.0,0.014285714285714285
10.375342465753425,demographic_sir_R0_comparison,0.137089933730504,1.636978704094671e-103,0.8629100662694946,8.0,416.1142857142857,52.0,0.014285714285714285
10.394520547945206,demographic_sir_R0_comparison,0.13732631506480683,1.8044873045744603e-103,0.8626736849351917,8.0,416.1142857142857,52.0,0.014285714285714285
10.413698630136986,demographic_sir_R0_comparison,0.13756263164597105,1.9928920187867956e-103,0.8624373683540275,8.0,416.1142857142857,52.0,0.014285714285714285
10.432876712328767,demographic_sir_R0_comparison,0.1377988834917347,2.2051219690862657e-103,0.8622011165082639,8.0,416.1142857142857,52.0,0.014285714285714285
10.452054794520548,demographic_sir_R0_comparison,0.1380350706198311,2.444556903596604e-103,0.8619649293801677,8.0,416.1142857142857,52.0,0.014285714285714285
10.471232876712328,demographic_sir_R0_comparison,0.13827119304798868,2.7151019942720255e-103,0.8617288069520103,8.0,416.1142857142857,52.0,0.014285714285714285
10.490410958904109,demographic_sir_R0_comparison,0.13850725079393097,3.021275888631863e-103,0.8614927492060679,8.0,416.1142857142857,52.0,0.014285714285714285
10.509589041095891,demographic_sir_R0_comparison,0.13874324387537684,3.368314502140929e-103,0.8612567561246222,8.0,416.1142857142857,52.0,0.014285714285714285
10.528767123287672,demographic_sir_R0_comparison,0.13897917231004003,3.762293529426068e-103,0.861020827689959,8.0,416.1142857142857,52.0,0.014285714285714285
10.547945205479452,demographic_sir_R0_comparison,0.13921503611562966,4.210273245376374e-103,0.8607849638843693,8.0,416.1142857142857,52.0,0.014285714285714285
10.567123287671233,demographic_sir_R0_comparison,0.13945083530984986,4.720469883612235e-103,0.8605491646901492,8.0,416.1142857142857,52.0,0.014285714285714285
10.586301369863014,demographic_sir_R0_comparison,0.13968656991039996,5.302458746702857e-103,0.8603134300895993,8.0,416.1142857142857,52.0,0.014285714285714285
10.605479452054794,demographic_sir_R0_comparison,0.13992223993497438,5.967415252807165e-103,0.8600777600650248,8.0,416.1142857142857,52.0,0.014285714285714285
10.624657534246575,demographic_sir_R0_comparison,0.1401578454012628,6.728401397559651e-103,0.8598421545987364,8.0,416.1142857142857,52.0,0.014285714285714285
10.643835616438356,demographic_sir_R0_comparison,0.14039338632695006,7.600706657738042e-103,0.8596066136730492,8.0,416.1142857142857,52.0,0.014285714285714285
10.663013698630136,demographic_sir_R0_comparison,0.1406288627297159,8.602254245724297e-103,0.859371137270283,8.0,416.1142857142857,52.0,0.014285714285714285
10.682191780821919,demographic_sir_R0_comparison,0.14086427462723558,9.75408591641051e-103,0.8591357253727633,8.0,416.1142857142857,52.0,0.014285714285714285
10.7013698630137,demographic_sir_R0_comparison,0.1410996220371793,1.1080941324047586e-102,0.8589003779628195,8.0,416.1142857142857,52.0,0.014285714285714285
10.72054794520548,demographic_sir_R0_comparison,0.1413349049772125,1.2611951340541927e-102,0.8586650950227865,8.0,416.1142857142857,52.0,0.014285714285714285
10.73972602739726,demographic_sir_R0_comparison,0.14157012346499565,1.4381468921064732e-102,0.8584298765350034,8.0,416.1142857142857,52.0,0.014285714285714285
10.758904109589041,demographic_sir_R0_comparison,0.14180527751818456,1.6430066213700785e-102,0.8581947224818145,8.0,416.1142857142857,52.0,0.014285714285714285
10.778082191780822,demographic_sir_R0_comparison,0.14204036715443014,1.8805732875671936e-102,0.8579596328455688,8.0,416.1142857142857,52.0,0.014285714285714285
10.797260273972602,demographic_sir_R0_comparison,0.14227539239137837,2.1565318250728376e-102,0.8577246076086205,8.0,416.1142857142857,52.0,0.014285714285714285
10.816438356164383,demographic_sir_R0_comparison,0.1425103532466706,2.477626951796046e-102,0.8574896467533283,8.0,416.1142857142857,52.0,0.014285714285714285
10.835616438356164,demographic_sir_R0_comparison,0.14274524973794311,2.851872956159512e-102,0.8572547502620557,8.0,416.1142857142857,52.0,0.014285714285714285
10.854794520547946,demographic_sir_R0_comparison,0.14298008188282754,3.2888072658007423e-102,0.8570199181171712,8.0,416.1142857142857,52.0,0.014285714285714285
10.873972602739727,demographic_sir_R0_comparison,0.1432148496989506,3.7997973783991414e-102,0.8567851503010482,8.0,416.1142857142857,52.0,0.014285714285714285
10.893150684931507,demographic_sir_R0_comparison,0.14344955320393415,4.398412923659582e-102,0.8565504467960647,8.0,416.1142857142857,52.0,0.014285714285714285
10.912328767123288,demographic_sir_R0_comparison,0.14368419241539526,5.100877334252059e-102,0.8563158075846035,8.0,416.1142857142857,52.0,0.014285714285714285
10.931506849315069,demographic_sir_R0_comparison,0.14391876735094625,5.926616960648102e-102,0.8560812326490523,8.0,416.1142857142857,52.0,0.014285714285714285
10.95068493150685,demographic_sir_R0_comparison,0.14415327802819455,6.898929631232707e-102,0.855846721971804,8.0,416.1142857142857,52.0,0.014285714285714285
10.96986301369863,demographic_sir_R0_comparison,0.14438772446474274,8.045799837058174e-102,0.8556122755352558,8.0,416.1142857142857,52.0,0.014285714285714285
10.98904109589041,demographic_sir_R0_comparison,0.1446221066781886,9.400894164661694e-102,0.8553778933218099,8.0,416.1142857142857,52.0,0.014285714285714285
11.008219178082191,demographic_sir_R0_comparison,0.14485642468612506,1.1004778631223368e-101,0.8551435753138734,8.0,416.1142857142857,52.0,0.014285714285714285
11.027397260273972,demographic_sir_R0_comparison,0.1450906785061403,1.2906409598711553e-101,0.8549093214938581,8.0,416.1142857142857,52.0,0.014285714285714285
11.046575342465754,demographic_sir_R0_comparison,0.1453248681558176,1.5164962468932606e-101,0.8546751318441809,8.0,416.1142857142857,52.0,0.014285714285714285
11.065753424657535,demographic_sir_R0_comparison,0.14555899365273553,1.785207803662078e-101,0.8544410063472627,8.0,416.1142857142857,52.0,0.014285714285714285
11.084931506849315,demographic_sir_R0_comparison,0.14579305501446774,2.1054626022703002e-101,0.8542069449855307,8.0,416.1142857142857,52.0,0.014285714285714285
11.104109589041096,demographic_sir_R0_comparison,0.14602705225858315,2.4878109964792362e-101,0.8539729477414154,8.0,416.1142857142857,52.0,0.014285714285714285
11.123287671232877,demographic_sir_R0_comparison,0.14626098540264573,2.945086862835124e-101,0.853739014597353,8.0,416.1142857142857,52.0,0.014285714285714285
11.142465753424657,demographic_sir_R0_comparison,0.1464948544642148,3.492926810110552e-101,0.8535051455357838,8.0,416.1142857142857,52.0,0.014285714285714285
11.161643835616438,demographic_sir_R0_comparison,0.14672865946084473,4.1504127887216134e-101,0.8532713405391539,8.0,416.1142857142857,52.0,0.014285714285714285
11.180821917808219,demographic_sir_R0_comparison,0.14696240041008526,4.9408686359157216e-101,0.8530375995899132,8.0,416.1142857142857,52.0,0.014285714285714285
11.2,demographic_sir_R0_comparison,0.14719607732948115,5.892848934544371e-101,0.8528039226705173,8.0,416.1142857142857,52.0,0.014285714285714285
11.219178082191782,demographic_sir_R0_comparison,0.14742969023657246,7.041368489776202e-101,0.852570309763426,8.0,416.1142857142857,52.0,0.014285714285714285
11.238356164383562,demographic_sir_R0_comparison,0.14766323914889443,8.429433311378683e-101,0.852336760851104,8.0,416.1142857142857,52.0,0.014285714285714285
11.257534246575343,demographic_sir_R0_comparison,0.14789672408397742,1.0109949963309632e-100,0.8521032759160211,8.0,416.1142857142857,52.0,0.014285714285714285
11.276712328767124,demographic_sir_R0_comparison,0.14813014505934707,1.2148110450428302e-100,0.8518698549406515,8.0,416.1142857142857,52.0,0.014285714285714285
11.295890410958904,demographic_sir_R0_comparison,0.14836350209252416,1.4624375667541134e-100,0.8516364979074743,8.0,416.1142857142857,52.0,0.014285714285714285
11.315068493150685,demographic_sir_R0_comparison,0.1485967952010247,1.7638213401980172e-100,0.8514032047989737,8.0,416.1142857142857,52.0,0.014285714285714285
11.334246575342465,demographic_sir_R0_comparison,0.14883002440235993,2.1312788974367803e-100,0.8511699755976386,8.0,416.1142857142857,52.0,0.014285714285714285
11.353424657534246,demographic_sir_R0_comparison,0.14906318971403623,2.5800860428999814e-100,0.8509368102859626,8.0,416.1142857142857,52.0,0.014285714285714285
11.372602739726027,demographic_sir_R0_comparison,0.14929629115355525,3.129219911698766e-100,0.8507037088464435,8.0,416.1142857142857,52.0,0.014285714285714285
11.39178082191781,demographic_sir_R0_comparison,0.14952932873841376,3.802294492054979e-100,0.850470671261585,8.0,416.1142857142857,52.0,0.014285714285714285
11.41095890410959,demographic_sir_R0_comparison,0.14976230248610384,4.628741891416154e-100,0.8502376975138949,8.0,416.1142857142857,52.0,0.014285714285714285
11.43013698630137,demographic_sir_R0_comparison,0.14999521241411268,5.645306231350609e-100,0.850004787585886,8.0,416.1142857142857,52.0,0.014285714285714285
11.449315068493151,demographic_sir_R0_comparison,0.15022805853992274,6.897935871133717e-100,0.849771941460076,8.0,416.1142857142857,52.0,0.014285714285714285
11.468493150684932,demographic_sir_R0_comparison,0.15046084088101178,8.444183933149348e-100,0.8495391591189869,8.0,416.1142857142857,52.0,0.014285714285714285
11.487671232876712,demographic_sir_R0_comparison,0.15069355945485258,1.0356258464962437e-99,0.8493064405451464,8.0,416.1142857142857,52.0,0.014285714285714285
11.506849315068493,demographic_sir_R0_comparison,0.15092621427891326,1.2724904153655656e-99,0.8490737857210856,8.0,416.1142857142857,52.0,0.014285714285714285
11.526027397260274,demographic_sir_R0_comparison,0.1511588053706571,1.5664350096213756e-99,0.8488411946293418,8.0,416.1142857142857,52.0,0.014285714285714285
11.545205479452054,demographic_sir_R0_comparison,0.15139133274754257,1.9318626380315316e-99,0.8486086672524563,8.0,416.1142857142857,52.0,0.014285714285714285
11.564383561643835,demographic_sir_R0_comparison,0.15162379642702353,2.386964094050091e-99,0.8483762035729755,8.0,416.1142857142857,52.0,0.014285714285714285
11.583561643835617,demographic_sir_R0_comparison,0.15185619642654885,2.954752363216001e-99,0.8481438035734502,8.0,416.1142857142857,52.0,0.014285714285714285
11.602739726027398,demographic_sir_R0_comparison,0.15208853276356268,3.664389501300403e-99,0.8479114672364364,8.0,416.1142857142857,52.0,0.014285714285714285
11.621917808219179,demographic_sir_R0_comparison,0.15232080545550442,4.552891388541448e-99,0.8476791945444945,8.0,416.1142857142857,52.0,0.014285714285714285
11.64109589041096,demographic_sir_R0_comparison,0.15255301451980874,5.6673214686856975e-99,0.84744698548019,8.0,416.1142857142857,52.0,0.014285714285714285
11.66027397260274,demographic_sir_R0_comparison,0.1527851599739055,7.067618243162041e-99,0.8472148400260934,8.0,416.1142857142857,52.0,0.014285714285714285
11.67945205479452,demographic_sir_R0_comparison,0.15301724183521967,8.8302454414775e-99,0.8469827581647791,8.0,416.1142857142857,52.0,0.014285714285714285
11.698630136986301,demographic_sir_R0_comparison,0.15324926012117157,1.1052911785416447e-98,0.8467507398788271,8.0,416.1142857142857,52.0,0.014285714285714285
11.717808219178082,demographic_sir_R0_comparison,0.1534812148491768,1.3860683564972076e-98,0.846518785150822,8.0,416.1142857142857,52.0,0.014285714285714285
11.736986301369862,demographic_sir_R0_comparison,0.15371310603664606,1.7413913778132127e-98,0.8462868939633528,8.0,416.1142857142857,52.0,0.014285714285714285
11.756164383561645,demographic_sir_R0_comparison,0.15394493370098536,2.191854425420211e-98,0.8460550662990134,8.0,416.1142857142857,52.0,0.014285714285714285
11.775342465753425,demographic_sir_R0_comparison,0.15417669785959587,2.7639512520151262e-98,0.8458233021404029,8.0,416.1142857142857,52.0,0.014285714285714285
11.794520547945206,demographic_sir_R0_comparison,0.15440839852987406,3.491822726259514e-98,0.8455916014701248,8.0,416.1142857142857,52.0,0.014285714285714285
11.813698630136987,demographic_sir_R0_comparison,0.15464003572921153,4.41953839264072e-98,0.8453599642707872,8.0,416.1142857142857,52.0,0.014285714285714285
11.832876712328767,demographic_sir_R0_comparison,0.1548716094749953,5.6040800524935846e-98,0.8451283905250033,8.0,416.1142857142857,52.0,0.014285714285714285
11.852054794520548,demographic_sir_R0_comparison,0.15510311978460753,7.11924970053238e-98,0.844896880215391,8.0,416.1142857142857,52.0,0.014285714285714285
11.871232876712329,demographic_sir_R0_comparison,0.1553345666754255,9.060796506703584e-98,0.8446654333245729,8.0,416.1142857142857,52.0,0.014285714285714285
11.89041095890411,demographic_sir_R0_comparison,0.15556595016482203,1.155315404922022e-97,0.8444340498351764,8.0,416.1142857142857,52.0,0.014285714285714285
11.90958904109589,demographic_sir_R0_comparison,0.15579727027016485,1.4758307948383339e-97,0.8442027297298336,8.0,416.1142857142857,52.0,0.014285714285714285
11.928767123287672,demographic_sir_R0_comparison,0.15602852700881706,1.8887486584748512e-97,0.8439714729911814,8.0,416.1142857142857,52.0,0.014285714285714285
11.947945205479453,demographic_sir_R0_comparison,0.1562597203981371,2.4216598804145984e-97,0.8437402796018614,8.0,416.1142857142857,52.0,0.014285714285714285
11.967123287671233,demographic_sir_R0_comparison,0.15649085045547856,3.110665285930253e-97,0.8435091495445198,8.0,416.1142857142857,52.0,0.014285714285714285
11.986301369863014,demographic_sir_R0_comparison,0.15672191719819026,4.003080804221142e-97,0.8432780828018082,8.0,416.1142857142857,52.0,0.014285714285714285
12.005479452054795,demographic_sir_R0_comparison,0.1569529206436163,5.161027219120955e-97,0.8430470793563822,8.0,416.1142857142857,52.0,0.014285714285714285
12.024657534246575,demographic_sir_R0_comparison,0.157183860809096,6.666201576005671e-97,0.8428161391909024,8.0,416.1142857142857,52.0,0.014285714285714285
12.043835616438356,demographic_sir_R0_comparison,0.15741473771196404,8.626229624345629e-97,0.8425852622880344,8.0,416.1142857142857,52.0,0.014285714285714285
12.063013698630137,demographic_sir_R0_comparison,0.15764555136955022,1.1183137075981745e-96,0.8423544486304482,8.0,416.1142857142857,52.0,0.014285714285714285
12.082191780821917,demographic_sir_R0_comparison,0.15787630179917964,1.4524664974368314e-96,0.8421236982008188,8.0,416.1142857142857,52.0,0.014285714285714285
12.101369863013698,demographic_sir_R0_comparison,0.15810698901817263,1.8899408928510457e-96,0.841893010981826,8.0,416.1142857142857,52.0,0.014285714285714285
12.12054794520548,demographic_sir_R0_comparison,0.1583376130438449,2.4637107809629756e-96,0.8416623869561537,8.0,416.1142857142857,52.0,0.014285714285714285
12.139726027397261,demographic_sir_R0_comparison,0.15856817389350716,3.217587829979665e-96,0.8414318261064914,8.0,416.1142857142857,52.0,0.014285714285714285
12.158904109589042,demographic_sir_R0_comparison,0.15879867158446567,4.20988335722977e-96,0.8412013284155329,8.0,416.1142857142857,52.0,0.014285714285714285
12.178082191780822,demographic_sir_R0_comparison,0.15902910613402177,5.518340093881264e-96,0.8409708938659768,8.0,416.1142857142857,52.0,0.014285714285714285
12.197260273972603,demographic_sir_R0_comparison,0.15925947755947203,7.2467852202218055e-96,0.8407405224405265,8.0,416.1142857142857,52.0,0.014285714285714285
12.216438356164383,demographic_sir_R0_comparison,0.1594897858781085,9.534120284545618e-96,0.84051021412189,8.0,416.1142857142857,52.0,0.014285714285714285
12.235616438356164,demographic_sir_R0_comparison,0.15972003110721825,1.2566488968605354e-95,0.8402799688927803,8.0,416.1142857142857,52.0,0.014285714285714285
12.254794520547945,demographic_sir_R0_comparison,0.1599502132640838,1.6593773352557566e-95,0.8400497867359149,8.0,416.1142857142857,52.0,0.014285714285714285
12.273972602739725,demographic_sir_R0_comparison,0.16018033236598272,2.19519956042744e-95,0.8398196676340159,8.0,416.1142857142857,52.0,0.014285714285714285
12.293150684931508,demographic_sir_R0_comparison,0.16041038843018804,2.909378969261765e-95,0.8395896115698105,8.0,416.1142857142857,52.0,0.014285714285714285
12.312328767123288,demographic_sir_R0_comparison,0.16064038147396797,3.8629919205907345e-95,0.8393596185260305,8.0,416.1142857142857,52.0,0.014285714285714285
12.331506849315069,demographic_sir_R0_comparison,0.1608703115145861,5.1385939666165945e-95,0.8391296884854124,8.0,416.1142857142857,52.0,0.014285714285714285
12.35068493150685,demographic_sir_R0_comparison,0.1611001785693012,6.847965840389301e-95,0.8388998214306973,8.0,416.1142857142857,52.0,0.014285714285714285
12.36986301369863,demographic_sir_R0_comparison,0.16132998265536727,9.142720210652648e-95,0.8386700173446314,8.0,416.1142857142857,52.0,0.014285714285714285
12.389041095890411,demographic_sir_R0_comparison,0.16155972379003358,1.222884997613813e-94,0.8384402762099651,8.0,416.1142857142857,52.0,0.014285714285714285
12.408219178082192,demographic_sir_R0_comparison,0.16178940199054476,1.63867161103095e-94,0.838210598009454,8.0,416.1142857142857,52.0,0.014285714285714285
12.427397260273972,demographic_sir_R0_comparison,0.16201901727414067,2.1998554756326375e-94,0.837980982725858,8.0,416.1142857142857,52.0,0.014285714285714285
12.446575342465753,demographic_sir_R0_comparison,0.1622485696580566,2.958639552824948e-94,0.8377514303419421,8.0,416.1142857142857,52.0,0.014285714285714285
12.465753424657535,demographic_sir_R0_comparison,0.1624780591595228,3.9864419012005873e-94,0.8375219408404759,8.0,416.1142857142857,52.0,0.014285714285714285
12.484931506849316,demographic_sir_R0_comparison,0.16270748579576505,5.381137289920599e-94,0.8372925142042338,8.0,416.1142857142857,52.0,0.014285714285714285
12.504109589041096,demographic_sir_R0_comparison,0.1629368495840043,7.277089917394194e-94,0.8370631504159943,8.0,416.1142857142857,52.0,0.014285714285714285
12.523287671232877,demographic_sir_R0_comparison,0.16316615054145697,9.859076297866178e-94,0.8368338494585418,8.0,416.1142857142857,52.0,0.014285714285714285
12.542465753424658,demographic_sir_R0_comparison,0.16339538868533446,1.3381639128516771e-93,0.8366046113146641,8.0,416.1142857142857,52.0,0.014285714285714285
12.561643835616438,demographic_sir_R0_comparison,0.16362456403284367,1.8196035783428015e-93,0.8363754359671549,8.0,416.1142857142857,52.0,0.014285714285714285
12.580821917808219,demographic_sir_R0_comparison,0.1638536766011867,2.478782464759241e-93,0.8361463233988118,8.0,416.1142857142857,52.0,0.014285714285714285
12.6,demographic_sir_R0_comparison,0.16408272640756105,3.3829376638441008e-93,0.8359172735924374,8.0,416.1142857142857,52.0,0.014285714285714285
12.61917808219178,demographic_sir_R0_comparison,0.1643117134691593,4.625336192022521e-93,0.835688286530839,8.0,416.1142857142857,52.0,0.014285714285714285
12.638356164383561,demographic_sir_R0_comparison,0.16454063780316946,6.3355763150698174e-93,0.8354593621968289,8.0,416.1142857142857,52.0,0.014285714285714285
12.657534246575343,demographic_sir_R0_comparison,0.1647694994267749,8.694052192125387e-93,0.8352305005732235,8.0,416.1142857142857,52.0,0.014285714285714285
12.676712328767124,demographic_sir_R0_comparison,0.16499829835715413,1.1952298667933326e-92,0.835001701642844,8.0,416.1142857142857,52.0,0.014285714285714285
12.695890410958905,demographic_sir_R0_comparison,0.1652270346114811,1.6461654824360246e-92,0.8347729653885173,8.0,416.1142857142857,52.0,0.014285714285714285
12.715068493150685,demographic_sir_R0_comparison,0.16545570820692493,2.2713715827816748e-92,0.8345442917930737,8.0,416.1142857142857,52.0,0.014285714285714285
12.734246575342466,demographic_sir_R0_comparison,0.16568431916065013,3.139751748097131e-92,0.8343156808393486,8.0,416.1142857142857,52.0,0.014285714285714285
12.753424657534246,demographic_sir_R0_comparison,0.16591286748981635,4.348051131541122e-92,0.8340871325101822,8.0,416.1142857142857,52.0,0.014285714285714285
12.772602739726027,demographic_sir_R0_comparison,0.16614135321157872,6.032342144744659e-92,0.8338586467884199,8.0,416.1142857142857,52.0,0.014285714285714285
12.791780821917808,demographic_sir_R0_comparison,0.16636977634308767,8.38434353087569e-92,0.833630223656911,8.0,416.1142857142857,52.0,0.014285714285714285
12.810958904109588,demographic_sir_R0_comparison,0.16659813690148875,1.1674645994130709e-91,0.8334018630985098,8.0,416.1142857142857,52.0,0.014285714285714285
12.83013698630137,demographic_sir_R0_comparison,0.166826434903923,1.6285823275088258e-91,0.8331735650960755,8.0,416.1142857142857,52.0,0.014285714285714285
12.849315068493151,demographic_sir_R0_comparison,0.16705467036752666,2.2759716040613828e-91,0.8329453296324717,8.0,416.1142857142857,52.0,0.014285714285714285
12.868493150684932,demographic_sir_R0_comparison,0.1672828433094313,3.186506938538032e-91,0.8327171566905671,8.0,416.1142857142857,52.0,0.014285714285714285
12.887671232876713,demographic_sir_R0_comparison,0.1675109537467639,4.469444910019779e-91,0.8324890462532347,8.0,416.1142857142857,52.0,0.014285714285714285
12.906849315068493,demographic_sir_R0_comparison,0.16773900169664652,6.280334607989968e-91,0.832260998303352,8.0,416.1142857142857,52.0,0.014285714285714285
12.926027397260274,demographic_sir_R0_comparison,0.16796698717619674,8.841017194501481e-91,0.8320330128238016,8.0,416.1142857142857,52.0,0.014285714285714285
12.945205479452055,demographic_sir_R0_comparison,0.16819491020252736,1.2468428774699608e-90,0.8318050897974708,8.0,416.1142857142857,52.0,0.014285714285714285
12.964383561643835,demographic_sir_R0_comparison,0.1684227707927465,1.7616151928481838e-90,0.8315772292072514,8.0,416.1142857142857,52.0,0.014285714285714285
12.983561643835616,demographic_sir_R0_comparison,0.16865056896395766,2.4934460395417697e-90,0.8313494310360402,8.0,416.1142857142857,52.0,0.014285714285714285
13.002739726027398,demographic_sir_R0_comparison,0.16887830473325957,3.535723485865527e-90,0.8311216952667383,8.0,416.1142857142857,52.0,0.014285714285714285
13.021917808219179,demographic_sir_R0_comparison,0.16910597811774628,5.022798877163203e-90,0.8308940218822515,8.0,416.1142857142857,52.0,0.014285714285714285
13.04109589041096,demographic_sir_R0_comparison,0.16933358913450716,7.148291322254792e-90,0.8306664108654906,8.0,416.1142857142857,52.0,0.014285714285714285
13.06027397260274,demographic_sir_R0_comparison,0.16956113780062695,1.0191719025780299e-89,0.8304388621993708,8.0,416.1142857142857,52.0,0.014285714285714285
13.07945205479452,demographic_sir_R0_comparison,0.16978862413318566,1.4557311272554585e-89,0.830211375866812,8.0,416.1142857142857,52.0,0.014285714285714285
13.098630136986301,demographic_sir_R0_comparison,0.1700160481492586,2.0830668439069426e-89,0.8299839518507388,8.0,416.1142857142857,52.0,0.014285714285714285
13.117808219178082,demographic_sir_R0_comparison,0.1702434098659165,2.9861618300129333e-89,0.8297565901340808,8.0,416.1142857142857,52.0,0.014285714285714285
13.136986301369863,demographic_sir_R0_comparison,0.1704707093002254,4.288558643976965e-89,0.829529290699772,8.0,416.1142857142857,52.0,0.014285714285714285
13.156164383561643,demographic_sir_R0_comparison,0.1706979464692465,6.1701685887337265e-89,0.8293020535307507,8.0,416.1142857142857,52.0,0.014285714285714285
13.175342465753424,demographic_sir_R0_comparison,0.1709251213900366,8.89344771102331e-89,0.8290748786099608,8.0,416.1142857142857,52.0,0.014285714285714285
13.194520547945206,demographic_sir_R0_comparison,0.17115223407964758,1.2841936375797606e-88,0.8288477659203497,8.0,416.1142857142857,52.0,0.014285714285714285
13.213698630136987,demographic_sir_R0_comparison,0.17137928455512672,1.8577098706949677e-88,0.8286207154448706,8.0,416.1142857142857,52.0,0.014285714285714285
13.232876712328768,demographic_sir_R0_comparison,0.1716062728335167,2.6922294128817957e-88,0.8283937271664809,8.0,416.1142857142857,52.0,0.014285714285714285
13.252054794520548,demographic_sir_R0_comparison,0.17183319893185542,3.9087043878442916e-88,0.8281668010681422,8.0,416.1142857142857,52.0,0.014285714285714285
13.271232876712329,demographic_sir_R0_comparison,0.17206006286717618,5.685124216974868e-88,0.8279399371328214,8.0,416.1142857142857,52.0,0.014285714285714285
13.29041095890411,demographic_sir_R0_comparison,0.1722868646565077,8.283869429923094e-88,0.8277131353434899,8.0,416.1142857142857,52.0,0.014285714285714285
13.30958904109589,demographic_sir_R0_comparison,0.1725136043168739,1.2092399066909499e-87,0.8274863956831238,8.0,416.1142857142857,52.0,0.014285714285714285
13.32876712328767,demographic_sir_R0_comparison,0.17274028186529408,1.7683874389709572e-87,0.8272597181347038,8.0,416.1142857142857,52.0,0.014285714285714285
13.347945205479451,demographic_sir_R0_comparison,0.17296689731878287,2.590764160815661e-87,0.8270331026812149,8.0,416.1142857142857,52.0,0.014285714285714285
13.367123287671234,demographic_sir_R0_comparison,0.17319345069435035,3.802451064294726e-87,0.8268065493056475,8.0,416.1142857142857,52.0,0.014285714285714285
13.386301369863014,demographic_sir_R0_comparison,0.17341994200900165,5.590935283053694e-87,0.826580057990996,8.0,416.1142857142857,52.0,0.014285714285714285
13.405479452054795,demographic_sir_R0_comparison,0.17364637127973756,8.235503580146585e-87,0.8263536287202602,8.0,416.1142857142857,52.0,0.014285714285714285
13.424657534246576,demographic_sir_R0_comparison,0.1738727385235541,1.2152916221434625e-86,0.8261272614764438,8.0,416.1142857142857,52.0,0.014285714285714285
13.443835616438356,demographic_sir_R0_comparison,0.17409904375744248,1.7966160756814666e-86,0.8259009562425554,8.0,416.1142857142857,52.0,0.014285714285714285
13.463013698630137,demographic_sir_R0_comparison,0.1743252869983895,2.6608125321157657e-86,0.8256747130016086,8.0,416.1142857142857,52.0,0.014285714285714285
13.482191780821918,demographic_sir_R0_comparison,0.1745514682633772,3.9478194037358296e-86,0.8254485317366206,8.0,416.1142857142857,52.0,0.014285714285714285
13.501369863013698,demographic_sir_R0_comparison,0.17477758756938291,5.867918406782992e-86,0.8252224124306147,8.0,416.1142857142857,52.0,0.014285714285714285
13.520547945205479,demographic_sir_R0_comparison,0.1750036449333795,8.73764568387108e-86,0.8249963550666181,8.0,416.1142857142857,52.0,0.014285714285714285
13.53972602739726,demographic_sir_R0_comparison,0.175229640372335,1.3034313222257363e-85,0.8247703596276628,8.0,416.1142857142857,52.0,0.014285714285714285
13.558904109589042,demographic_sir_R0_comparison,0.17545557390321276,1.9478926622717548e-85,0.8245444260967849,8.0,416.1142857142857,52.0,0.014285714285714285
13.578082191780823,demographic_sir_R0_comparison,0.17568144554297163,2.916250462834414e-85,0.824318554457026,8.0,416.1142857142857,52.0,0.014285714285714285
13.597260273972603,demographic_sir_R0_comparison,0.17590725530856582,4.373884756636229e-85,0.8240927446914318,8.0,416.1142857142857,52.0,0.014285714285714285
13.616438356164384,demographic_sir_R0_comparison,0.17613300321694478,6.571921286089446e-85,0.8238669967830529,8.0,416.1142857142857,52.0,0.014285714285714285
13.635616438356164,demographic_sir_R0_comparison,0.17635868928505335,9.892354189603513e-85,0.8236413107149443,8.0,416.1142857142857,52.0,0.014285714285714285
13.654794520547945,demographic_sir_R0_comparison,0.1765843135298318,1.491725917249884e-84,0.8234156864701657,8.0,416.1142857142857,52.0,0.014285714285714285
13.673972602739726,demographic_sir_R0_comparison,0.17680987596821568,2.253514058356604e-84,0.823190124031782,8.0,416.1142857142857,52.0,0.014285714285714285
13.693150684931506,demographic_sir_R0_comparison,0.17703537661713595,3.4104615132838904e-84,0.8229646233828619,8.0,416.1142857142857,52.0,0.014285714285714285
13.712328767123287,demographic_sir_R0_comparison,0.17726081549351885,5.170677660076975e-84,0.8227391845064789,8.0,416.1142857142857,52.0,0.014285714285714285
13.73150684931507,demographic_sir_R0_comparison,0.17748619261428608,7.853495387638953e-84,0.8225138073857116,8.0,416.1142857142857,52.0,0.014285714285714285
13.75068493150685,demographic_sir_R0_comparison,0.1777115079963547,1.1949769379158374e-83,0.8222884920036427,8.0,416.1142857142857,52.0,0.014285714285714285
13.76986301369863,demographic_sir_R0_comparison,0.1779367616566371,1.8215321596336546e-83,0.8220632383433603,8.0,416.1142857142857,52.0,0.014285714285714285
13.789041095890411,demographic_sir_R0_comparison,0.17816195361204104,2.7816003819744203e-83,0.8218380463879564,8.0,416.1142857142857,52.0,0.014285714285714285
13.808219178082192,demographic_sir_R0_comparison,0.17838708387946964,4.2553275218192465e-83,0.8216129161205277,8.0,416.1142857142857,52.0,0.014285714285714285
13.827397260273973,demographic_sir_R0_comparison,0.17861215247582132,6.521558498962839e-83,0.8213878475241759,8.0,416.1142857142857,52.0,0.014285714285714285
13.846575342465753,demographic_sir_R0_comparison,0.17883715941799005,1.0012666008986571e-82,0.8211628405820073,8.0,416.1142857142857,52.0,0.014285714285714285
13.865753424657534,demographic_sir_R0_comparison,0.17906210472286513,1.5400250490905556e-82,0.8209378952771321,8.0,416.1142857142857,52.0,0.014285714285714285
13.884931506849314,demographic_sir_R0_comparison,0.179286988407331,2.3729322902447218e-82,0.8207130115926662,8.0,416.1142857142857,52.0,0.014285714285714285
13.904109589041097,demographic_sir_R0_comparison,0.17951181048826784,3.6628758597084664e-82,0.8204881895117294,8.0,416.1142857142857,52.0,0.014285714285714285
13.923287671232877,demographic_sir_R0_comparison,0.17973657098255083,5.664194174999423e-82,0.8202634290174463,8.0,416.1142857142857,52.0,0.014285714285714285
13.942465753424658,demographic_sir_R0_comparison,0.17996126990705083,8.774713225015541e-82,0.8200387300929464,8.0,416.1142857142857,52.0,0.014285714285714285
13.961643835616439,demographic_sir_R0_comparison,0.180185907278634,1.3617782167336028e-81,0.8198140927213632,8.0,416.1142857142857,52.0,0.014285714285714285
13.98082191780822,demographic_sir_R0_comparison,0.18041048311416175,2.1171823897100585e-81,0.8195895168858354,8.0,416.1142857142857,52.0,0.014285714285714285
14.0,demographic_sir_R0_comparison,0.18063499743049105,3.297527217717243e-81,0.8193650025695061,8.0,416.1142857142857,52.0,0.014285714285714285
14.01917808219178,demographic_sir_R0_comparison,0.18085945024447406,5.145131955424374e-81,0.8191405497555231,8.0,416.1142857142857,52.0,0.014285714285714285
14.038356164383561,demographic_sir_R0_comparison,0.18108384157295854,8.042340296160646e-81,0.8189161584270388,8.0,416.1142857142857,52.0,0.014285714285714285
14.057534246575342,demographic_sir_R0_comparison,0.18130817143278735,1.259348589168433e-80,0.8186918285672099,8.0,416.1142857142857,52.0,0.014285714285714285
14.076712328767123,demographic_sir_R0_comparison,0.1815324398407991,1.9755446413455472e-80,0.8184675601591982,8.0,416.1142857142857,52.0,0.014285714285714285
14.095890410958905,demographic_sir_R0_comparison,0.18175664681382755,3.1045945891994826e-80,0.8182433531861698,8.0,416.1142857142857,52.0,0.014285714285714285
14.115068493150686,demographic_sir_R0_comparison,0.18198079236870188,4.887647673386962e-80,0.8180192076312955,8.0,416.1142857142857,52.0,0.014285714285714285
14.134246575342466,demographic_sir_R0_comparison,0.18220487652224662,7.70853099340014e-80,0.8177951234777506,8.0,416.1142857142857,52.0,0.014285714285714285
14.153424657534247,demographic_sir_R0_comparison,0.18242889929128178,1.2179231220832443e-79,0.8175711007087154,8.0,416.1142857142857,52.0,0.014285714285714285
14.172602739726027,demographic_sir_R0_comparison,0.18265286069262276,1.9277221497324712e-79,0.8173471393073743,8.0,416.1142857142857,52.0,0.014285714285714285
14.191780821917808,demographic_sir_R0_comparison,0.1828767607430803,3.056645657957567e-79,0.8171232392569167,8.0,416.1142857142857,52.0,0.014285714285714285
14.210958904109589,demographic_sir_R0_comparison,0.18310059945946067,4.8553622624313625e-79,0.8168994005405366,8.0,416.1142857142857,52.0,0.014285714285714285
14.23013698630137,demographic_sir_R0_comparison,0.18332437685856529,7.726340657809197e-79,0.8166756231414318,8.0,416.1142857142857,52.0,0.014285714285714285
14.24931506849315,demographic_sir_R0_comparison,0.18354809295719118,1.2316903118588303e-78,0.816451907042806,8.0,416.1142857142857,52.0,0.014285714285714285
14.268493150684932,demographic_sir_R0_comparison,0.18377174777213065,1.9670003847239e-78,0.8162282522278664,8.0,416.1142857142857,52.0,0.014285714285714285
14.287671232876713,demographic_sir_R0_comparison,0.18399534132017148,3.146896058746143e-78,0.8160046586798257,8.0,416.1142857142857,52.0,0.014285714285714285
14.306849315068494,demographic_sir_R0_comparison,0.18421887361809683,5.043536567921217e-78,0.8157811263819005,8.0,416.1142857142857,52.0,0.014285714285714285
14.326027397260274,demographic_sir_R0_comparison,0.18444234468268522,8.097716332518478e-78,0.8155576553173121,8.0,416.1142857142857,52.0,0.014285714285714285
14.345205479452055,demographic_sir_R0_comparison,0.1846657545307106,1.3024598414992167e-77,0.8153342454692865,8.0,416.1142857142857,52.0,0.014285714285714285
14.364383561643836,demographic_sir_R0_comparison,0.1848891031789423,2.0986514198763076e-77,0.8151108968210546,8.0,416.1142857142857,52.0,0.014285714285714285
14.383561643835616,demographic_sir_R0_comparison,0.18511239064414522,3.3875853847636613e-77,0.8148876093558517,8.0,416.1142857142857,52.0,0.014285714285714285
14.402739726027397,demographic_sir_R0_comparison,0.18533561694307943,5.477898143823527e-77,0.8146643830569175,8.0,416.1142857142857,52.0,0.014285714285714285
14.421917808219177,demographic_sir_R0_comparison,0.18555878209250054,8.87383203642371e-77,0.8144412179074966,8.0,416.1142857142857,52.0,0.014285714285714285
14.44109589041096,demographic_sir_R0_comparison,0.18578188610915958,1.4400639975638683e-76,0.8142181138908375,8.0,416.1142857142857,52.0,0.014285714285714285
14.46027397260274,demographic_sir_R0_comparison,0.18600492900980292,2.3411298757780136e-76,0.8139950709901944,8.0,416.1142857142857,52.0,0.014285714285714285
14.479452054794521,demographic_sir_R0_comparison,0.18622791081117235,3.812783407834528e-76,0.8137720891888249,8.0,416.1142857142857,52.0,0.014285714285714285
14.498630136986302,demographic_sir_R0_comparison,0.18645083153000522,6.220588382872397e-76,0.8135491684699923,8.0,416.1142857142857,52.0,0.014285714285714285
14.517808219178082,demographic_sir_R0_comparison,0.18667369118303412,1.0167010806250035e-75,0.8133263088169634,8.0,416.1142857142857,52.0,0.014285714285714285
14.536986301369863,demographic_sir_R0_comparison,0.18689648978698706,1.664667052754669e-75,0.8131035102130105,8.0,416.1142857142857,52.0,0.014285714285714285
14.556164383561644,demographic_sir_R0_comparison,0.18711922735858758,2.7304457365168557e-75,0.81288077264141,8.0,416.1142857142857,52.0,0.014285714285714285
14.575342465753424,demographic_sir_R0_comparison,0.18734190391455455,4.486540284562258e-75,0.8126580960854429,8.0,416.1142857142857,52.0,0.014285714285714285
14.594520547945205,demographic_sir_R0_comparison,0.18756451947160233,7.385182593859842e-75,0.8124354805283952,8.0,416.1142857142857,52.0,0.014285714285714285
14.613698630136986,demographic_sir_R0_comparison,0.18778707404644068,1.217817851862481e-74,0.812212925953557,8.0,416.1142857142857,52.0,0.014285714285714285
14.632876712328768,demographic_sir_R0_comparison,0.18800956765577473,2.011752993058423e-74,0.811990432344223,8.0,416.1142857142857,52.0,0.014285714285714285
14.652054794520549,demographic_sir_R0_comparison,0.18823200031630502,3.329185438827629e-74,0.8117679996836927,8.0,416.1142857142857,52.0,0.014285714285714285
14.67123287671233,demographic_sir_R0_comparison,0.18845437204472762,5.519148961110628e-74,0.8115456279552702,8.0,416.1142857142857,52.0,0.014285714285714285
14.69041095890411,demographic_sir_R0_comparison,0.18867668285773398,9.165936262726006e-74,0.8113233171422639,8.0,416.1142857142857,52.0,0.014285714285714285
14.70958904109589,demographic_sir_R0_comparison,0.18889893277201095,1.5249370876071453e-73,0.8111010672279869,8.0,416.1142857142857,52.0,0.014285714285714285
14.728767123287671,demographic_sir_R0_comparison,0.1891211218042409,2.5415413891526683e-73,0.8108788781957571,8.0,416.1142857142857,52.0,0.014285714285714285
14.747945205479452,demographic_sir_R0_comparison,0.1893432499711014,4.243384650241793e-73,0.8106567500288965,8.0,416.1142857142857,52.0,0.014285714285714285
14.767123287671232,demographic_sir_R0_comparison,0.18956531728926573,7.097368576541089e-73,0.8104346827107323,8.0,416.1142857142857,52.0,0.014285714285714285
14.786301369863013,demographic_sir_R0_comparison,0.18978732377540247,1.1891916486619158e-72,0.8102126762245957,8.0,416.1142857142857,52.0,0.014285714285714285
14.805479452054795,demographic_sir_R0_comparison,0.19000926944617566,1.9960695248556941e-72,0.8099907305538226,8.0,416.1142857142857,52.0,0.014285714285714285
14.824657534246576,demographic_sir_R0_comparison,0.19023115431824467,3.356360404078419e-72,0.8097688456817534,8.0,416.1142857142857,52.0,0.014285714285714285
14.843835616438357,demographic_sir_R0_comparison,0.1904529784082645,5.653669467524497e-72,0.8095470215917336,8.0,416.1142857142857,52.0,0.014285714285714285
14.863013698630137,demographic_sir_R0_comparison,0.19067474173288548,9.54027580911689e-72,0.8093252582671129,8.0,416.1142857142857,52.0,0.014285714285714285
14.882191780821918,demographic_sir_R0_comparison,0.19089644430875327,1.6127235417505683e-71,0.809103555691245,8.0,416.1142857142857,52.0,0.014285714285714285
14.901369863013699,demographic_sir_R0_comparison,0.1911180861525091,2.731034521997803e-71,0.8088819138474891,8.0,416.1142857142857,52.0,0.014285714285714285
14.92054794520548,demographic_sir_R0_comparison,0.19133966728078977,4.6330022681611015e-71,0.8086603327192083,8.0,416.1142857142857,52.0,0.014285714285714285
14.93972602739726,demographic_sir_R0_comparison,0.19156118771022732,7.873461059178478e-71,0.8084388122897705,8.0,416.1142857142857,52.0,0.014285714285714285
14.95890410958904,demographic_sir_R0_comparison,0.19178264745744925,1.3404063999814337e-70,0.8082173525425486,8.0,416.1142857142857,52.0,0.014285714285714285
14.978082191780823,demographic_sir_R0_comparison,0.19200404653907854,2.285992121077418e-70,0.8079959534609191,8.0,416.1142857142857,52.0,0.014285714285714285
14.997260273972604,demographic_sir_R0_comparison,0.19222538497173372,3.905531842017915e-70,0.807774615028264,8.0,416.1142857142857,52.0,0.014285714285714285
15.016438356164384,demographic_sir_R0_comparison,0.19244666277202854,6.684249371657844e-70,0.8075533372279692,8.0,416.1142857142857,52.0,0.014285714285714285
15.035616438356165,demographic_sir_R0_comparison,0.19266787995657245,1.146019221517537e-69,0.8073321200434252,8.0,416.1142857142857,52.0,0.014285714285714285
15.054794520547945,demographic_sir_R0_comparison,0.19288903654197015,1.9683292524173149e-69,0.8071109634580276,8.0,416.1142857142857,52.0,0.014285714285714285
15.073972602739726,demographic_sir_R0_comparison,0.19311013254482187,3.3866472925877753e-69,0.8068898674551761,8.0,416.1142857142857,52.0,0.014285714285714285
15.093150684931507,demographic_sir_R0_comparison,0.19333116798172337,5.837250859044338e-69,0.8066688320182746,8.0,416.1142857142857,52.0,0.014285714285714285
15.112328767123287,demographic_sir_R0_comparison,0.19355214286926564,1.0078889966211826e-68,0.8064478571307322,8.0,416.1142857142857,52.0,0.014285714285714285
15.131506849315068,demographic_sir_R0_comparison,0.1937730572240354,1.7433428200544938e-68,0.8062269427759623,8.0,416.1142857142857,52.0,0.014285714285714285
15.150684931506849,demographic_sir_R0_comparison,0.19399391106261463,3.020775348834082e-68,0.8060060889373829,8.0,416.1142857142857,52.0,0.014285714285714285
15.169863013698631,demographic_sir_R0_comparison,0.19421470440158095,5.2434772436660365e-68,0.8057852955984165,8.0,416.1142857142857,52.0,0.014285714285714285
15.189041095890412,demographic_sir_R0_comparison,0.19443543725750723,9.117703490263831e-68,0.8055645627424904,8.0,416.1142857142857,52.0,0.014285714285714285
15.208219178082192,demographic_sir_R0_comparison,0.19465610964696192,1.588241173929049e-67,0.8053438903530359,8.0,416.1142857142857,52.0,0.014285714285714285
15.227397260273973,demographic_sir_R0_comparison,0.19487672158650884,2.771482467112824e-67,0.805123278413489,8.0,416.1142857142857,52.0,0.014285714285714285
15.246575342465754,demographic_sir_R0_comparison,0.19509727309270752,4.844760471294185e-67,0.8049027269072904,8.0,416.1142857142857,52.0,0.014285714285714285
15.265753424657534,demographic_sir_R0_comparison,0.19531776418211264,8.483923910242037e-67,0.8046822358178853,8.0,416.1142857142857,52.0,0.014285714285714285
15.284931506849315,demographic_sir_R0_comparison,0.19553819487127444,1.4882822095834495e-66,0.8044618051287237,8.0,416.1142857142857,52.0,0.014285714285714285
15.304109589041095,demographic_sir_R0_comparison,0.19575856517673876,2.6153973386487263e-66,0.8042414348232595,8.0,416.1142857142857,52.0,0.014285714285714285
15.323287671232876,demographic_sir_R0_comparison,0.19597887511504677,4.6041950844389633e-66,0.8040211248849516,8.0,416.1142857142857,52.0,0.014285714285714285
15.342465753424658,demographic_sir_R0_comparison,0.19619912470273512,8.11957316002853e-66,0.803800875297263,8.0,416.1142857142857,52.0,0.014285714285714285
15.361643835616439,demographic_sir_R0_comparison,0.19641931395633602,1.4344186252533629e-65,0.8035806860436621,8.0,416.1142857142857,52.0,0.014285714285714285
15.38082191780822,demographic_sir_R0_comparison,0.1966394428923771,2.5385262401899378e-65,0.803360557107621,8.0,416.1142857142857,52.0,0.014285714285714285
15.4,demographic_sir_R0_comparison,0.19685951152738143,4.500390653775571e-65,0.8031404884726167,8.0,416.1142857142857,52.0,0.014285714285714285
15.419178082191781,demographic_sir_R0_comparison,0.19707951987786756,7.992476685697414e-65,0.8029204801221305,8.0,416.1142857142857,52.0,0.014285714285714285
15.438356164383562,demographic_sir_R0_comparison,0.19729946796034958,1.4219192707174975e-64,0.8027005320396486,8.0,416.1142857142857,52.0,0.014285714285714285
15.457534246575342,demographic_sir_R0_comparison,0.19751935579133692,2.5341405084866916e-64,0.8024806442086616,8.0,416.1142857142857,52.0,0.014285714285714285
15.476712328767123,demographic_sir_R0_comparison,0.19773918338733468,4.524269038919893e-64,0.8022608166126639,8.0,416.1142857142857,52.0,0.014285714285714285
15.495890410958904,demographic_sir_R0_comparison,0.1979589507648433,8.091479268062196e-64,0.8020410492351553,8.0,416.1142857142857,52.0,0.014285714285714285
15.515068493150686,demographic_sir_R0_comparison,0.19817865794035874,1.4496694664573506e-63,0.8018213420596401,8.0,416.1142857142857,52.0,0.014285714285714285
15.534246575342467,demographic_sir_R0_comparison,0.1983983049303724,2.6017850388253566e-63,0.8016016950696264,8.0,416.1142857142857,52.0,0.014285714285714285
15.553424657534247,demographic_sir_R0_comparison,0.19861789175137123,4.6777281417730887e-63,0.8013821082486279,8.0,416.1142857142857,52.0,0.014285714285714285
15.572602739726028,demographic_sir_R0_comparison,0.19883741841983768,8.424797703048075e-63,0.8011625815801615,8.0,416.1142857142857,52.0,0.014285714285714285
15.591780821917808,demographic_sir_R0_comparison,0.19905688495224955,1.5200039391403298e-62,0.8009431150477495,8.0,416.1142857142857,52.0,0.014285714285714285
15.610958904109589,demographic_sir_R0_comparison,0.1992762913650803,2.7472011898607233e-62,0.8007237086349187,8.0,416.1142857142857,52.0,0.014285714285714285
15.63013698630137,demographic_sir_R0_comparison,0.19949563767479866,4.973894054987593e-62,0.8005043623252,8.0,416.1142857142857,52.0,0.014285714285714285
15.64931506849315,demographic_sir_R0_comparison,0.19971492389786907,9.021166506530722e-62,0.8002850761021294,8.0,416.1142857142857,52.0,0.014285714285714285
15.668493150684931,demographic_sir_R0_comparison,0.19993415005075135,1.639037019502148e-61,0.8000658499492472,8.0,416.1142857142857,52.0,0.014285714285714285
15.687671232876712,demographic_sir_R0_comparison,0.2001533161499009,2.983146034811241e-61,0.7998466838500977,8.0,416.1142857142857,52.0,0.014285714285714285
15.706849315068494,demographic_sir_R0_comparison,0.20037242221176854,5.4390085890981535e-61,0.7996275777882301,8.0,416.1142857142857,52.0,0.014285714285714285
15.726027397260275,demographic_sir_R0_comparison,0.20059146825280053,9.934002077930782e-61,0.7994085317471982,8.0,416.1142857142857,52.0,0.014285714285714285
15.745205479452055,demographic_sir_R0_comparison,0.20081045428943864,1.817556046080473e-60,0.7991895457105601,8.0,416.1142857142857,52.0,0.014285714285714285
15.764383561643836,demographic_sir_R0_comparison,0.20102938033812026,3.3312730552411285e-60,0.7989706196618784,8.0,416.1142857142857,52.0,0.014285714285714285
15.783561643835617,demographic_sir_R0_comparison,0.20124824641527822,6.116335502282543e-60,0.7987517535847206,8.0,416.1142857142857,52.0,0.014285714285714285
15.802739726027397,demographic_sir_R0_comparison,0.2014670525373407,1.1249437507483451e-59,0.7985329474626582,8.0,416.1142857142857,52.0,0.014285714285714285
15.821917808219178,demographic_sir_R0_comparison,0.2016857987207316,2.072662294367041e-59,0.7983142012792676,8.0,416.1142857142857,52.0,0.014285714285714285
15.841095890410958,demographic_sir_R0_comparison,0.20190448498187022,3.8254656826377296e-59,0.7980955150181289,8.0,416.1142857142857,52.0,0.014285714285714285
15.860273972602739,demographic_sir_R0_comparison,0.2021231113371713,7.072906066851174e-59,0.7978768886628277,8.0,416.1142857142857,52.0,0.014285714285714285
15.879452054794521,demographic_sir_R0_comparison,0.2023416778030452,1.3099933146783305e-58,0.7976583221969538,8.0,416.1142857142857,52.0,0.014285714285714285
15.898630136986302,demographic_sir_R0_comparison,0.2025601843958978,2.4305114402815115e-58,0.7974398156041012,8.0,416.1142857142857,52.0,0.014285714285714285
15.917808219178083,demographic_sir_R0_comparison,0.2027786311321303,4.51734701697879e-58,0.7972213688678689,8.0,416.1142857142857,52.0,0.014285714285714285
15.936986301369863,demographic_sir_R0_comparison,0.20299701802813958,8.410585390590317e-58,0.7970029819718594,8.0,416.1142857142857,52.0,0.014285714285714285
15.956164383561644,demographic_sir_R0_comparison,0.203215345100318,1.5686489900441308e-57,0.7967846548996812,8.0,416.1142857142857,52.0,0.014285714285714285
15.975342465753425,demographic_sir_R0_comparison,0.2034336123650533,2.930771068985608e-57,0.796566387634946,8.0,416.1142857142857,52.0,0.014285714285714285
15.994520547945205,demographic_sir_R0_comparison,0.203651819838729,5.485224180597054e-57,0.7963481801612704,8.0,416.1142857142857,52.0,0.014285714285714285
16.013698630136986,demographic_sir_R0_comparison,0.20386996753772388,1.028402266875746e-56,0.7961300324622756,8.0,416.1142857142857,52.0,0.014285714285714285
16.03287671232877,demographic_sir_R0_comparison,0.2040880554784123,1.9314684519690895e-56,0.7959119445215873,8.0,416.1142857142857,52.0,0.014285714285714285
16.052054794520547,demographic_sir_R0_comparison,0.20430608367716419,3.6338580271025705e-56,0.7956939163228355,8.0,416.1142857142857,52.0,0.014285714285714285
16.07123287671233,demographic_sir_R0_comparison,0.204524052150345,6.848631964595074e-56,0.7954759478496546,8.0,416.1142857142857,52.0,0.014285714285714285
16.09041095890411,demographic_sir_R0_comparison,0.20474196091431557,1.292989596292847e-55,0.795258039085684,8.0,416.1142857142857,52.0,0.014285714285714285
16.10958904109589,demographic_sir_R0_comparison,0.20495980998543234,2.445351839406801e-55,0.7950401900145673,8.0,416.1142857142857,52.0,0.014285714285714285
16.12876712328767,demographic_sir_R0_comparison,0.20517759938004734,4.632789783201535e-55,0.7948224006199524,8.0,416.1142857142857,52.0,0.014285714285714285
16.147945205479452,demographic_sir_R0_comparison,0.20539532911450814,8.792219913678295e-55,0.7946046708854918,8.0,416.1142857142857,52.0,0.014285714285714285
16.167123287671235,demographic_sir_R0_comparison,0.2056129992051576,1.6715100500674683e-54,0.7943870007948424,8.0,416.1142857142857,52.0,0.014285714285714285
16.186301369863013,demographic_sir_R0_comparison,0.2058306096683343,3.1832719118183693e-54,0.7941693903316657,8.0,416.1142857142857,52.0,0.014285714285714285
16.205479452054796,demographic_sir_R0_comparison,0.2060481605203723,6.072850231954244e-54,0.7939518394796278,8.0,416.1142857142857,52.0,0.014285714285714285
16.224657534246575,demographic_sir_R0_comparison,0.20626565177760114,1.1605538220692307e-53,0.7937343482223987,8.0,416.1142857142857,52.0,0.014285714285714285
16.243835616438357,demographic_sir_R0_comparison,0.20648308345634603,2.221732034578764e-53,0.7935169165436541,8.0,416.1142857142857,52.0,0.014285714285714285
16.263013698630136,demographic_sir_R0_comparison,0.20670045557292757,4.260607591669107e-53,0.7932995444270726,8.0,416.1142857142857,52.0,0.014285714285714285
16.28219178082192,demographic_sir_R0_comparison,0.20691776814366195,8.184735689097475e-53,0.7930822318563383,8.0,416.1142857142857,52.0,0.014285714285714285
16.301369863013697,demographic_sir_R0_comparison,0.2071350211848607,1.5750372804315063e-52,0.7928649788151397,8.0,416.1142857142857,52.0,0.014285714285714285
16.32054794520548,demographic_sir_R0_comparison,0.2073522147128313,3.036196436995353e-52,0.7926477852871691,8.0,416.1142857142857,52.0,0.014285714285714285
16.339726027397262,demographic_sir_R0_comparison,0.20756934874387634,5.8630221975536216e-52,0.792430651256124,8.0,416.1142857142857,52.0,0.014285714285714285
16.35890410958904,demographic_sir_R0_comparison,0.20778642329429411,1.1341373369567435e-51,0.7922135767057065,8.0,416.1142857142857,52.0,0.014285714285714285
16.378082191780823,demographic_sir_R0_comparison,0.20800343838037852,2.1976675173346842e-51,0.791996561619622,8.0,416.1142857142857,52.0,0.014285714285714285
16.397260273972602,demographic_sir_R0_comparison,0.20822039401841885,4.265896904456619e-51,0.7917796059815818,8.0,416.1142857142857,52.0,0.014285714285714285
16.416438356164385,demographic_sir_R0_comparison,0.20843729022470012,8.294888280992728e-51,0.7915627097753006,8.0,416.1142857142857,52.0,0.014285714285714285
16.435616438356163,demographic_sir_R0_comparison,0.20865412701550262,1.6157060089403312e-50,0.7913458729844982,8.0,416.1142857142857,52.0,0.014285714285714285
16.454794520547946,demographic_sir_R0_comparison,0.2088709044071025,3.1525758665085944e-50,0.7911290955928983,8.0,416.1142857142857,52.0,0.014285714285714285
16.473972602739725,demographic_sir_R0_comparison,0.20908762241577114,6.161975322750055e-50,0.7909123775842296,8.0,416.1142857142857,52.0,0.014285714285714285
16.493150684931507,demographic_sir_R0_comparison,0.20930428105777577,1.2064945339861575e-49,0.790695718942225,8.0,416.1142857142857,52.0,0.014285714285714285
16.51232876712329,demographic_sir_R0_comparison,0.20952088034937888,2.3663640166318996e-49,0.790479119650622,8.0,416.1142857142857,52.0,0.014285714285714285
16.53150684931507,demographic_sir_R0_comparison,0.20973742030683862,4.6493081462032205e-49,0.7902625796931623,8.0,416.1142857142857,52.0,0.014285714285714285
16.55068493150685,demographic_sir_R0_comparison,0.20995390094640878,9.150513974114363e-49,0.790046099053592,8.0,416.1142857142857,52.0,0.014285714285714285
16.56986301369863,demographic_sir_R0_comparison,0.2101703222843385,1.8040676510717324e-48,0.7898296777156623,8.0,416.1142857142857,52.0,0.014285714285714285
16.589041095890412,demographic_sir_R0_comparison,0.21038668433687266,3.562953197846826e-48,0.789613315663128,8.0,416.1142857142857,52.0,0.014285714285714285
16.60821917808219,demographic_sir_R0_comparison,0.2106029871202516,7.048832300045888e-48,0.7893970128797491,8.0,416.1142857142857,52.0,0.014285714285714285
16.627397260273973,demographic_sir_R0_comparison,0.21081923065071123,1.3969272716369867e-47,0.7891807693492896,8.0,416.1142857142857,52.0,0.014285714285714285
16.646575342465752,demographic_sir_R0_comparison,0.21103541494448289,2.7731908925917272e-47,0.7889645850555178,8.0,416.1142857142857,52.0,0.014285714285714285
16.665753424657535,demographic_sir_R0_comparison,0.2112515400177937,5.514864939058549e-47,0.788748459982207,8.0,416.1142857142857,52.0,0.014285714285714285
16.684931506849317,demographic_sir_R0_comparison,0.21146760588686622,1.0985983378785104e-46,0.7885323941131345,8.0,416.1142857142857,52.0,0.014285714285714285
16.704109589041096,demographic_sir_R0_comparison,0.21168361256791857,2.192258336845665e-46,0.7883163874320823,8.0,416.1142857142857,52.0,0.014285714285714285
16.723287671232878,demographic_sir_R0_comparison,0.2118995600771644,4.3822086710027854e-46,0.7881004399228365,8.0,416.1142857142857,52.0,0.014285714285714285
16.742465753424657,demographic_sir_R0_comparison,0.21211544843081287,8.774910654157125e-46,0.7878845515691879,8.0,416.1142857142857,52.0,0.014285714285714285
16.76164383561644,demographic_sir_R0_comparison,0.2123312776450689,1.7601126868399286e-45,0.7876687223549317,8.0,416.1142857142857,52.0,0.014285714285714285
16.78082191780822,demographic_sir_R0_comparison,0.21254704773613275,3.5366017650007566e-45,0.7874529522638678,8.0,416.1142857142857,52.0,0.014285714285714285
16.8,demographic_sir_R0_comparison,0.21276275872020045,7.118353580286663e-45,0.7872372412798,8.0,416.1142857142857,52.0,0.014285714285714285
16.81917808219178,demographic_sir_R0_comparison,0.21297841061346334,1.4352265491946416e-44,0.787021589386537,8.0,416.1142857142857,52.0,0.014285714285714285
16.838356164383562,demographic_sir_R0_comparison,0.21319400343210854,2.8987359990347493e-44,0.7868059965678916,8.0,416.1142857142857,52.0,0.014285714285714285
16.85753424657534,demographic_sir_R0_comparison,0.21340953719231867,5.864675205013978e-44,0.7865904628076816,8.0,416.1142857142857,52.0,0.014285714285714285
16.876712328767123,demographic_sir_R0_comparison,0.21362501191027192,1.188573815449526e-43,0.7863749880897284,8.0,416.1142857142857,52.0,0.014285714285714285
16.895890410958906,demographic_sir_R0_comparison,0.21384042760214195,2.4129873161792226e-43,0.7861595723978584,8.0,416.1142857142857,52.0,0.014285714285714285
16.915068493150685,demographic_sir_R0_comparison,0.21405578428409808,4.907162078928817e-43,0.7859442157159021,8.0,416.1142857142857,52.0,0.014285714285714285
16.934246575342467,demographic_sir_R0_comparison,0.2142710819723053,9.996593777403826e-43,0.7857289180276947,8.0,416.1142857142857,52.0,0.014285714285714285
16.953424657534246,demographic_sir_R0_comparison,0.21448632068292392,2.039951115253664e-42,0.7855136793170759,8.0,416.1142857142857,52.0,0.014285714285714285
16.972602739726028,demographic_sir_R0_comparison,0.21470150043211014,4.169973985682249e-42,0.7852984995678896,8.0,416.1142857142857,52.0,0.014285714285714285
16.991780821917807,demographic_sir_R0_comparison,0.21491662123601546,8.538716535390513e-42,0.7850833787639842,8.0,416.1142857142857,52.0,0.014285714285714285
17.01095890410959,demographic_sir_R0_comparison,0.2151316831107871,1.7514482424727862e-41,0.7848683168892124,8.0,416.1142857142857,52.0,0.014285714285714285
17.03013698630137,demographic_sir_R0_comparison,0.21534668607256774,3.598713526501638e-41,0.7846533139274318,8.0,416.1142857142857,52.0,0.014285714285714285
17.04931506849315,demographic_sir_R0_comparison,0.21556163013749585,7.40699919181595e-41,0.7844383698625035,8.0,416.1142857142857,52.0,0.014285714285714285
17.068493150684933,demographic_sir_R0_comparison,0.21577651532170528,1.5271516536799041e-40,0.7842234846782942,8.0,416.1142857142857,52.0,0.014285714285714285
17.087671232876712,demographic_sir_R0_comparison,0.21599134164132547,3.1540362522370164e-40,0.784008658358674,8.0,416.1142857142857,52.0,0.014285714285714285
17.106849315068494,demographic_sir_R0_comparison,0.21620610911248164,6.52522716088686e-40,0.7837938908875178,8.0,416.1142857142857,52.0,0.014285714285714285
17.126027397260273,demographic_sir_R0_comparison,0.2164208177512943,1.3522868544253175e-39,0.7835791822487052,8.0,416.1142857142857,52.0,0.014285714285714285
17.145205479452056,demographic_sir_R0_comparison,0.21663546757387972,2.8072820580127693e-39,0.7833645324261197,8.0,416.1142857142857,52.0,0.014285714285714285
17.164383561643834,demographic_sir_R0_comparison,0.21685005859634976,5.837771642511473e-39,0.7831499414036498,8.0,416.1142857142857,52.0,0.014285714285714285
17.183561643835617,demographic_sir_R0_comparison,0.2170645908348118,1.216050974978504e-38,0.782935409165188,8.0,416.1142857142857,52.0,0.014285714285714285
17.202739726027396,demographic_sir_R0_comparison,0.2172790643053688,2.5374639409686576e-38,0.782720935694631,8.0,416.1142857142857,52.0,0.014285714285714285
17.221917808219178,demographic_sir_R0_comparison,0.2174934790241195,5.303849548655826e-38,0.7825065209758805,8.0,416.1142857142857,52.0,0.014285714285714285
17.24109589041096,demographic_sir_R0_comparison,0.21770783500715796,1.1105178079335636e-37,0.7822921649928422,8.0,416.1142857142857,52.0,0.014285714285714285
17.26027397260274,demographic_sir_R0_comparison,0.21792213227057397,2.329177942982183e-37,0.7820778677294264,8.0,416.1142857142857,52.0,0.014285714285714285
17.279452054794522,demographic_sir_R0_comparison,0.21813637083045295,4.8935318290677766e-37,0.7818636291695473,8.0,416.1142857142857,52.0,0.014285714285714285
17.2986301369863,demographic_sir_R0_comparison,0.2183505507028758,1.0298751280359487e-36,0.7816494492971245,8.0,416.1142857142857,52.0,0.014285714285714285
17.317808219178083,demographic_sir_R0_comparison,0.2185646719039191,2.1711454688911414e-36,0.7814353280960813,8.0,416.1142857142857,52.0,0.014285714285714285
17.336986301369862,demographic_sir_R0_comparison,0.21877873444965495,4.58495705627264e-36,0.7812212655503455,8.0,416.1142857142857,52.0,0.014285714285714285
17.356164383561644,demographic_sir_R0_comparison,0.2189927383561512,9.698920863679563e-36,0.7810072616438493,8.0,416.1142857142857,52.0,0.014285714285714285
17.375342465753423,demographic_sir_R0_comparison,0.21920668363947102,2.0551955449341177e-35,0.7807933163605295,8.0,416.1142857142857,52.0,0.014285714285714285
17.394520547945206,demographic_sir_R0_comparison,0.21942057031567355,4.362387811380731e-35,0.780579429684327,8.0,416.1142857142857,52.0,0.014285714285714285
17.413698630136988,demographic_sir_R0_comparison,0.2196343984008132,9.275483922116196e-35,0.7803656015991873,8.0,416.1142857142857,52.0,0.014285714285714285
17.432876712328767,demographic_sir_R0_comparison,0.21984816791094017,1.975558361031737e-34,0.7801518320890602,8.0,416.1142857142857,52.0,0.014285714285714285
17.45205479452055,demographic_sir_R0_comparison,0.2200618788621003,4.214867525546101e-34,0.7799381211379002,8.0,416.1142857142857,52.0,0.014285714285714285
17.471232876712328,demographic_sir_R0_comparison,0.22027553127033475,9.007796573341455e-34,0.7797244687296657,8.0,416.1142857142857,52.0,0.014285714285714285
17.49041095890411,demographic_sir_R0_comparison,0.22048912515168065,1.9283842815220275e-33,0.7795108748483198,8.0,416.1142857142857,52.0,0.014285714285714285
17.50958904109589,demographic_sir_R0_comparison,0.22070266052217044,4.1353166076855196e-33,0.77929733947783,8.0,416.1142857142857,52.0,0.014285714285714285
17.528767123287672,demographic_sir_R0_comparison,0.2209161373978324,8.883086992549694e-33,0.7790838626021679,8.0,416.1142857142857,52.0,0.014285714285714285
17.54794520547945,demographic_sir_R0_comparison,0.2211295557946902,1.9114318970131247e-32,0.7788704442053102,8.0,416.1142857142857,52.0,0.014285714285714285
17.567123287671233,demographic_sir_R0_comparison,0.22134291572876347,4.1199628917461376e-32,0.778657084271237,8.0,416.1142857142857,52.0,0.014285714285714285
17.586301369863016,demographic_sir_R0_comparison,0.2215562172160669,8.895433937321497e-32,0.7784437827839337,8.0,416.1142857142857,52.0,0.014285714285714285
17.605479452054794,demographic_sir_R0_comparison,0.22176946027261127,1.923889522297067e-31,0.7782305397273892,8.0,416.1142857142857,52.0,0.014285714285714285
17.624657534246577,demographic_sir_R0_comparison,0.22198264491440292,4.168041880307382e-31,0.7780173550855976,8.0,416.1142857142857,52.0,0.014285714285714285
17.643835616438356,demographic_sir_R0_comparison,0.22219577115744352,9.045295726690083e-31,0.777804228842557,8.0,416.1142857142857,52.0,0.014285714285714285
17.663013698630138,demographic_sir_R0_comparison,0.22240883901773062,1.9663101250825694e-30,0.7775911609822697,8.0,416.1142857142857,52.0,0.014285714285714285
17.682191780821917,demographic_sir_R0_comparison,0.22262184851125721,4.281733251626066e-30,0.7773781514887431,8.0,416.1142857142857,52.0,0.014285714285714285
17.7013698630137,demographic_sir_R0_comparison,0.22283479965401215,9.339536941937198e-30,0.7771652003459881,8.0,416.1142857142857,52.0,0.014285714285714285
17.720547945205478,demographic_sir_R0_comparison,0.22304769246197964,2.0406523480963337e-29,0.7769523075380208,8.0,416.1142857142857,52.0,0.014285714285714285
17.73972602739726,demographic_sir_R0_comparison,0.2232605269511397,4.466326237669781e-29,0.7767394730488607,8.0,416.1142857142857,52.0,0.014285714285714285
17.758904109589043,demographic_sir_R0_comparison,0.2234733031374679,9.791954791583819e-29,0.7765266968625326,8.0,416.1142857142857,52.0,0.014285714285714285
17.778082191780822,demographic_sir_R0_comparison,0.22368602103693533,2.150431896066237e-28,0.7763139789630652,8.0,416.1142857142857,52.0,0.014285714285714285
17.797260273972604,demographic_sir_R0_comparison,0.22389868066550894,4.730631512501902e-28,0.7761013193344916,8.0,416.1142857142857,52.0,0.014285714285714285
17.816438356164383,demographic_sir_R0_comparison,0.22411128203915107,1.0424361894061357e-27,0.7758887179608495,8.0,416.1142857142857,52.0,0.014285714285714285
17.835616438356166,demographic_sir_R0_comparison,0.22432382517381982,2.300999741270212e-27,0.7756761748261808,8.0,416.1142857142857,52.0,0.014285714285714285
17.854794520547944,demographic_sir_R0_comparison,0.2245363100854689,5.08768469114768e-27,0.7754636899145315,8.0,416.1142857142857,52.0,0.014285714285714285
17.873972602739727,demographic_sir_R0_comparison,0.22474873679004764,1.1268344944729885e-26,0.7752512632099527,8.0,416.1142857142857,52.0,0.014285714285714285
17.893150684931506,demographic_sir_R0_comparison,0.22496110530350094,2.4999780929322107e-26,0.7750388946964996,8.0,416.1142857142857,52.0,0.014285714285714285
17.912328767123288,demographic_sir_R0_comparison,0.2251734156417695,5.555820376759219e-26,0.774826584358231,8.0,416.1142857142857,52.0,0.014285714285714285
17.931506849315067,demographic_sir_R0_comparison,0.2253856678207894,1.2367898466249008e-25,0.7746143321792108,8.0,416.1142857142857,52.0,0.014285714285714285
17.95068493150685,demographic_sir_R0_comparison,0.22559786185649264,2.757904010908242e-25,0.7744021381435074,8.0,416.1142857142857,52.0,0.014285714285714285
17.96986301369863,demographic_sir_R0_comparison,0.2258099977648067,6.160240963457151e-25,0.7741900022351936,8.0,416.1142857142857,52.0,0.014285714285714285
17.98904109589041,demographic_sir_R0_comparison,0.22602207556165457,1.3783241685735969e-24,0.7739779244383457,8.0,416.1142857142857,52.0,0.014285714285714285
18.008219178082193,demographic_sir_R0_comparison,0.2262340952629552,3.089156840089866e-24,0.7737659047370452,8.0,416.1142857142857,52.0,0.014285714285714285
18.027397260273972,demographic_sir_R0_comparison,0.2264460568846228,6.935268189941602e-24,0.7735539431153777,8.0,416.1142857142857,52.0,0.014285714285714285
18.046575342465754,demographic_sir_R0_comparison,0.2266579604425676,1.559628185026343e-23,0.7733420395574329,8.0,416.1142857142857,52.0,0.014285714285714285
18.065753424657533,demographic_sir_R0_comparison,0.22686980595269518,3.513283547983315e-23,0.7731301940473051,8.0,416.1142857142857,52.0,0.014285714285714285
18.084931506849315,demographic_sir_R0_comparison,0.22708159343090695,7.927558215179999e-23,0.7729184065690933,8.0,416.1142857142857,52.0,0.014285714285714285
18.104109589041094,demographic_sir_R0_comparison,0.2272933228930998,1.7918414867797434e-22,0.7727066771069006,8.0,416.1142857142857,52.0,0.014285714285714285
18.123287671232877,demographic_sir_R0_comparison,0.2275049943551664,4.056891979890269e-22,0.7724950056448341,8.0,416.1142857142857,52.0,0.014285714285714285
18.14246575342466,demographic_sir_R0_comparison,0.22771660783299508,9.200698692633001e-22,0.7722833921670055,8.0,416.1142857142857,52.0,0.014285714285714285
18.161643835616438,demographic_sir_R0_comparison,0.22792816334246965,2.0901693726344978e-21,0.7720718366575309,8.0,416.1142857142857,52.0,0.014285714285714285
18.18082191780822,demographic_sir_R0_comparison,0.22813966089946974,4.756365900272242e-21,0.7718603391005308,8.0,416.1142857142857,52.0,0.014285714285714285
18.2,demographic_sir_R0_comparison,0.2283511005198705,1.084181367155826e-20,0.77164889948013,8.0,416.1142857142857,52.0,0.014285714285714285
18.21917808219178,demographic_sir_R0_comparison,0.22856248221954295,2.4754908526034668e-20,0.7714375177804577,8.0,416.1142857142857,52.0,0.014285714285714285
18.23835616438356,demographic_sir_R0_comparison,0.22877380601435346,5.661782949741295e-20,0.7712261939856471,8.0,416.1142857142857,52.0,0.014285714285714285
18.257534246575343,demographic_sir_R0_comparison,0.22898507192016423,1.2971117981774823e-19,0.7710149280798361,8.0,416.1142857142857,52.0,0.014285714285714285
18.276712328767122,demographic_sir_R0_comparison,0.22919627995283307,2.976690663771963e-19,0.7708037200471671,8.0,416.1142857142857,52.0,0.014285714285714285
18.295890410958904,demographic_sir_R0_comparison,0.22940743012821355,6.842611814593141e-19,0.7705925698717866,8.0,416.1142857142857,52.0,0.014285714285714285
18.315068493150687,demographic_sir_R0_comparison,0.22961852246215478,1.5755848704647895e-18,0.7703814775378454,8.0,416.1142857142857,52.0,0.014285714285714285
18.334246575342465,demographic_sir_R0_comparison,0.22982955697050142,3.634069273622289e-18,0.7701704430294987,8.0,416.1142857142857,52.0,0.014285714285714285
18.353424657534248,demographic_sir_R0_comparison,0.2300405336690942,8.396067125447344e-18,0.7699594663309061,8.0,416.1142857142857,52.0,0.014285714285714285
18.372602739726027,demographic_sir_R0_comparison,0.23025145257376897,1.9430756197072387e-17,0.7697485474262312,8.0,416.1142857142857,52.0,0.014285714285714285
18.39178082191781,demographic_sir_R0_comparison,0.23046231370035763,4.5043735858288677e-17,0.7695376862996426,8.0,416.1142857142857,52.0,0.014285714285714285
18.410958904109588,demographic_sir_R0_comparison,0.23067311706468754,1.0459473000506343e-16,0.7693268829353127,8.0,416.1142857142857,52.0,0.014285714285714285
18.43013698630137,demographic_sir_R0_comparison,0.2308838626825817,2.4328520727033136e-16,0.7691161373174183,8.0,416.1142857142857,52.0,0.014285714285714285
18.44931506849315,demographic_sir_R0_comparison,0.23109455056985861,5.668287918235122e-16,0.7689054494301413,8.0,416.1142857142857,52.0,0.014285714285714285
18.46849315068493,demographic_sir_R0_comparison,0.2313051807423323,1.3228731456524842e-15,0.7686948192576668,8.0,416.1142857142857,52.0,0.014285714285714285
18.487671232876714,demographic_sir_R0_comparison,0.23151575321581155,3.092533395254694e-15,0.7684842467841857,8.0,416.1142857142857,52.0,0.014285714285714285
18.506849315068493,demographic_sir_R0_comparison,0.23172626800609916,7.241696095638499e-15,0.768273731993894,8.0,416.1142857142857,52.0,0.014285714285714285
18.526027397260275,demographic_sir_R0_comparison,0.2319367251289897,1.698617882861502e-14,0.7680632748709939,8.0,416.1142857142857,52.0,0.014285714285714285
18.545205479452054,demographic_sir_R0_comparison,0.23214712460026374,3.9909876908692815e-14,0.7678528753996972,8.0,416.1142857142857,52.0,0.014285714285714285
18.564383561643837,demographic_sir_R0_comparison,0.23235746643567545,9.392780740648471e-14,0.7676425335642314,8.0,416.1142857142857,52.0,0.014285714285714285
18.583561643835615,demographic_sir_R0_comparison,0.2325677506509217,2.2143021459265572e-13,0.7674322493488572,8.0,416.1142857142857,52.0,0.014285714285714285
18.602739726027398,demographic_sir_R0_comparison,0.23277797726157007,5.22887521621867e-13,0.7672220227379073,8.0,416.1142857142857,52.0,0.014285714285714285
18.621917808219177,demographic_sir_R0_comparison,0.23298814628288633,1.2368247733998283e-12,0.7670118537158771,8.0,416.1142857142857,52.0,0.014285714285714285
18.64109589041096,demographic_sir_R0_comparison,0.23319825772942523,2.930463891771091e-12,0.7668017422676445,8.0,416.1142857142857,52.0,0.014285714285714285
18.66027397260274,demographic_sir_R0_comparison,0.23340831161405295,6.954928591102191e-12,0.7665916883789923,8.0,416.1142857142857,52.0,0.014285714285714285
18.67945205479452,demographic_sir_R0_comparison,0.23361830794561206,1.6533959836878725e-11,0.7663816920378542,8.0,416.1142857142857,52.0,0.014285714285714285
18.698630136986303,demographic_sir_R0_comparison,0.23382824672333374,3.9372118559003433e-11,0.7661717532372943,8.0,416.1142857142857,52.0,0.014285714285714285
18.71780821917808,demographic_sir_R0_comparison,0.23403812792344153,9.391353613355402e-11,0.7659618719826451,8.0,416.1142857142857,52.0,0.014285714285714285
18.736986301369864,demographic_sir_R0_comparison,0.23424795146698543,2.2438556056387557e-10,0.7657520483086293,8.0,416.1142857142857,52.0,0.014285714285714285
18.756164383561643,demographic_sir_R0_comparison,0.23445771714247643,5.370178512553361e-10,0.7655422823205058,8.0,416.1142857142857,52.0,0.014285714285714285
18.775342465753425,demographic_sir_R0_comparison,0.23466742441950067,1.287387953570909e-09,0.7653325742931115,8.0,416.1142857142857,52.0,0.014285714285714285
18.794520547945204,demographic_sir_R0_comparison,0.23487707199893845,3.0914117787849294e-09,0.76512292490965,8.0,416.1142857142857,52.0,0.014285714285714285
18.813698630136987,demographic_sir_R0_comparison,0.23508665672576806,7.435852389311866e-09,0.7649133358383798,8.0,416.1142857142857,52.0,0.014285714285714285
18.83287671232877,demographic_sir_R0_comparison,0.23529617095677097,1.7915581939186114e-08,0.7647038111276474,8.0,416.1142857142857,52.0,0.014285714285714285
18.852054794520548,demographic_sir_R0_comparison,0.2355055961767202,4.323715051890411e-08,0.7644943605861295,8.0,416.1142857142857,52.0,0.014285714285714285
18.87123287671233,demographic_sir_R0_comparison,0.2357148874908135,1.0452226688820531e-07,0.7642850079869197,8.0,416.1142857142857,52.0,0.014285714285714285
18.89041095890411,demographic_sir_R0_comparison,0.23592393589148988,2.5309616270288537e-07,0.7640758110123473,8.0,416.1142857142857,52.0,0.014285714285714285
18.90958904109589,demographic_sir_R0_comparison,0.23613247629503403,6.138836295276316e-07,0.7638669098213364,8.0,416.1142857142857,52.0,0.014285714285714285
18.92876712328767,demographic_sir_R0_comparison,0.2363398630459487,1.4914461560878398e-06,0.7636586455078952,8.0,416.1142857142857,52.0,0.014285714285714285
18.947945205479453,demographic_sir_R0_comparison,0.23654452103745707,3.6294750439660575e-06,0.763451849487499,8.0,416.1142857142857,52.0,0.014285714285714285
18.96712328767123,demographic_sir_R0_comparison,0.23674260182842688,8.846665628721537e-06,0.7632485515059445,8.0,416.1142857142857,52.0,0.014285714285714285
18.986301369863014,demographic_sir_R0_comparison,0.23692468972335015,2.159624596328405e-05,0.7630537140306864,8.0,416.1142857142857,52.0,0.014285714285714285
19.005479452054793,demographic_sir_R0_comparison,0.23706772627221917,5.2789831209438734e-05,0.7628794838965713,8.0,416.1142857142857,52.0,0.014285714285714285
19.024657534246575,demographic_sir_R0_comparison,0.23711524775971285,0.00012914477889382946,0.7627556074613933,8.0,416.1142857142857,52.0,0.014285714285714285
19.043835616438358,demographic_sir_R0_comparison,0.23692935226465558,0.0003158079131228851,0.7627548398222216,8.0,416.1142857142857,52.0,0.014285714285714285
19.063013698630137,demographic_sir_R0_comparison,0.2361762042842515,0.0007696349134327833,0.7630541608023158,8.0,416.1142857142857,52.0,0.014285714285714285
19.08219178082192,demographic_sir_R0_comparison,0.23406689820096724,0.0018557460877587262,0.7640773557112741,8.0,416.1142857142857,52.0,0.014285714285714285
19.101369863013698,demographic_sir_R0_comparison,0.22884855999577228,0.004352747653787057,0.7667986923504407,8.0,416.1142857142857,52.0,0.014285714285714285
19.12054794520548,demographic_sir_R0_comparison,0.21718528336656515,0.009571138893256165,0.7732435777401787,8.0,416.1142857142857,52.0,0.014285714285714285
19.13972602739726,demographic_sir_R0_comparison,0.19486831463187235,0.01842068125758248,0.7867110041105452,8.0,416.1142857142857,52.0,0.014285714285714285
19.15890410958904,demographic_sir_R0_comparison,0.1616990969829193,0.0283338062506633,0.8099670967664174,8.0,416.1142857142857,52.0,0.014285714285714285
19.17808219178082,demographic_sir_R0_comparison,0.1261807641026507,0.03287864375364019,0.8409405921437092,8.0,416.1142857142857,52.0,0.014285714285714285
19.197260273972603,demographic_sir_R0_comparison,0.09816531739878408,0.029479736365248976,0.8723549462359667,8.0,416.1142857142857,52.0,0.014285714285714285
19.216438356164385,demographic_sir_R0_comparison,0.08008063921039604,0.02200717561331675,0.8979121851762866,8.0,416.1142857142857,52.0,0.014285714285714285
19.235616438356164,demographic_sir_R0_comparison,0.06947758685405019,0.01468257421092159,0.9158398389350277,8.0,416.1142857142857,52.0,0.014285714285714285
19.254794520547946,demographic_sir_R0_comparison,0.06349630444027002,0.009183438923232446,0.9273202566364971,8.0,416.1142857142857,52.0,0.014285714285714285
19.273972602739725,demographic_sir_R0_comparison,0.06018923801600868,0.0055404251740578826,0.9342703368099332,8.0,416.1142857142857,52.0,0.014285714285714285
19.293150684931508,demographic_sir_R0_comparison,0.05840549753415262,0.0032772215116793264,0.9383172809541678,8.0,416.1142857142857,52.0,0.014285714285714285
19.312328767123287,demographic_sir_R0_comparison,0.057489754394367626,0.0019183610920065698,0.9405918845136255,8.0,416.1142857142857,52.0,0.014285714285714285
19.33150684931507,demographic_sir_R0_comparison,0.05707062802727486,0.001117174657137553,0.9418121973155872,8.0,416.1142857142857,52.0,0.014285714285714285
19.350684931506848,demographic_sir_R0_comparison,0.056936841607064595,0.0006492305156683453,0.9424139278772666,8.0,416.1142857142857,52.0,0.014285714285714285
19.36986301369863,demographic_sir_R0_comparison,0.05696759008485237,0.0003771587385725574,0.9426552511765748,8.0,416.1142857142857,52.0,0.014285714285714285
19.389041095890413,demographic_sir_R0_comparison,0.05709349233260014,0.00021924809168147387,0.9426872595757181,8.0,416.1142857142857,52.0,0.014285714285714285
19.40821917808219,demographic_sir_R0_comparison,0.05727455726573074,0.0001276109779321238,0.9425978317563369,8.0,416.1142857142857,52.0,0.014285714285714285
19.427397260273974,demographic_sir_R0_comparison,0.057487665245707045,7.439235479232651e-05,0.9424379423995004,8.0,416.1142857142857,52.0,0.014285714285714285
19.446575342465753,demographic_sir_R0_comparison,0.057719415784294875,4.344525658578642e-05,0.942237138959119,8.0,416.1142857142857,52.0,0.014285714285714285
19.465753424657535,demographic_sir_R0_comparison,0.05796202356131603,2.5420268064636766e-05,0.9420125561706189,8.0,416.1142857142857,52.0,0.014285714285714285
19.484931506849314,demographic_sir_R0_comparison,0.05821095556483235,1.4902895459000489e-05,0.9417741415397082,8.0,416.1142857142857,52.0,0.014285714285714285
19.504109589041096,demographic_sir_R0_comparison,0.058463566852890815,8.754490578022693e-06,0.9415276786565308,8.0,416.1142857142857,52.0,0.014285714285714285
19.523287671232875,demographic_sir_R0_comparison,0.05871831094742629,5.153124482484501e-06,0.9412765359280908,8.0,416.1142857142857,52.0,0.014285714285714285
19.542465753424658,demographic_sir_R0_comparison,0.05897428178711024,3.039454174286396e-06,0.9410226787587149,8.0,416.1142857142857,52.0,0.014285714285714285
19.56164383561644,demographic_sir_R0_comparison,0.05923094744744967,1.7964247377695433e-06,0.9407672561278119,8.0,416.1142857142857,52.0,0.014285714285714285
19.58082191780822,demographic_sir_R0_comparison,0.05948799502141689,1.0639292108299317e-06,0.9405109410493716,8.0,416.1142857142857,52.0,0.014285714285714285
19.6,demographic_sir_R0_comparison,0.059745240071927816,6.314045306945589e-07,0.9402541285235408,8.0,416.1142857142857,52.0,0.014285714285714285
19.61917808219178,demographic_sir_R0_comparison,0.06000257367031048,3.75486553471078e-07,0.9399970508431352,8.0,416.1142857142857,52.0,0.014285714285714285
19.638356164383563,demographic_sir_R0_comparison,0.0602599313569671,2.2375513153087536e-07,0.9397398448879005,8.0,416.1142857142857,52.0,0.014285714285714285
19.65753424657534,demographic_sir_R0_comparison,0.060517274913788756,1.33611410968627e-07,0.9394825914747993,8.0,416.1142857142857,52.0,0.014285714285714285
19.676712328767124,demographic_sir_R0_comparison,0.060774581638876446,7.994769298250023e-08,0.9392253384134296,8.0,416.1142857142857,52.0,0.014285714285714285
19.695890410958903,demographic_sir_R0_comparison,0.06103183802315513,4.7935803145955986e-08,0.9389681140410405,8.0,416.1142857142857,52.0,0.014285714285714285
19.715068493150685,demographic_sir_R0_comparison,0.06128903601485105,2.8800868035479942e-08,0.9387109351842798,8.0,416.1142857142857,52.0,0.014285714285714285
19.734246575342468,demographic_sir_R0_comparison,0.061546170808366385,1.7339734032917824e-08,0.9384538118518985,8.0,416.1142857142857,52.0,0.014285714285714285
19.753424657534246,demographic_sir_R0_comparison,0.06180323953288058,1.0460931233441167e-08,0.9381967500061872,8.0,416.1142857142857,52.0,0.014285714285714285
19.77260273972603,demographic_sir_R0_comparison,0.06206024047303129,6.32395966774375e-09,0.9379397532030078,8.0,416.1142857142857,52.0,0.014285714285714285
19.791780821917808,demographic_sir_R0_comparison,0.06231717260487467,3.830878937096282e-09,0.9376828235642453,8.0,416.1142857142857,52.0,0.014285714285714285
19.81095890410959,demographic_sir_R0_comparison,0.06257403531903068,2.325402399268017e-09,0.9374259623555659,8.0,416.1142857142857,52.0,0.014285714285714285
19.83013698630137,demographic_sir_R0_comparison,0.06283082825517869,1.4144510285466297e-09,0.9371691703303688,8.0,416.1142857142857,52.0,0.014285714285714285
19.84931506849315,demographic_sir_R0_comparison,0.06308755120292416,8.62119729975705e-10,0.9369124479349547,8.0,416.1142857142857,52.0,0.014285714285714285
19.86849315068493,demographic_sir_R0_comparison,0.06334420404230141,5.265466798530169e-10,0.9366557954311506,8.0,416.1142857142857,52.0,0.014285714285714285
19.887671232876713,demographic_sir_R0_comparison,0.06360078670799588,3.2225195149149986e-10,0.9363992129697509,8.0,416.1142857142857,52.0,0.014285714285714285
19.90684931506849,demographic_sir_R0_comparison,0.06385729916778579,1.9762567807613644e-10,0.9361427006345874,8.0,416.1142857142857,52.0,0.014285714285714285
19.926027397260274,demographic_sir_R0_comparison,0.0641137414095276,1.2144512504842951e-10,0.935886258469026,8.0,416.1142857142857,52.0,0.014285714285714285
19.945205479452056,demographic_sir_R0_comparison,0.06437011343328265,7.478344242479437e-11,0.9356298864919323,8.0,416.1142857142857,52.0,0.014285714285714285
19.964383561643835,demographic_sir_R0_comparison,0.0646264152465453,4.6144423927688785e-11,0.9353735847073085,8.0,416.1142857142857,52.0,0.014285714285714285
19.983561643835618,demographic_sir_R0_comparison,0.06488264686134523,2.85312744085028e-11,0.9351173531101215,8.0,416.1142857142857,52.0,0.014285714285714285
20.002739726027396,demographic_sir_R0_comparison,0.06513880829248363,1.7677100700310345e-11,0.9348611916898371,8.0,416.1142857142857,52.0,0.014285714285714285
20.02191780821918,demographic_sir_R0_comparison,0.06539489955645819,1.0974596988756533e-11,0.934605100432565,8.0,416.1142857142857,52.0,0.014285714285714285
20.041095890410958,demographic_sir_R0_comparison,0.06565092067080629,6.827371935827179e-12,0.9343490793223641,8.0,416.1142857142857,52.0,0.014285714285714285
20.06027397260274,demographic_sir_R0_comparison,0.06590687165370301,4.2560403613193894e-12,0.9340931283420386,8.0,416.1142857142857,52.0,0.014285714285714285
20.07945205479452,demographic_sir_R0_comparison,0.06616275252371435,2.6585501898011615e-12,0.9338372474736246,8.0,416.1142857142857,52.0,0.014285714285714285
20.0986301369863,demographic_sir_R0_comparison,0.06641856329964604,1.664066573653286e-12,0.9335814366986875,8.0,416.1142857142857,52.0,0.014285714285714285
20.117808219178084,demographic_sir_R0_comparison,0.06667430400044998,1.0437175711850575e-12,0.9333256959985039,8.0,416.1142857142857,52.0,0.014285714285714285
20.136986301369863,demographic_sir_R0_comparison,0.06692997464516666,6.559662797069926e-13,0.933070025354175,8.0,416.1142857142857,52.0,0.014285714285714285
20.156164383561645,demographic_sir_R0_comparison,0.0671855752528899,4.131102909154708e-13,0.9328144247466946,8.0,416.1142857142857,52.0,0.014285714285714285
20.175342465753424,demographic_sir_R0_comparison,0.06744110584274447,2.6069712938719173e-13,0.9325588941569923,8.0,416.1142857142857,52.0,0.014285714285714285
20.194520547945206,demographic_sir_R0_comparison,0.06769656643387266,1.648511488533382e-13,0.93230343356596,8.0,416.1142857142857,52.0,0.014285714285714285
20.213698630136985,demographic_sir_R0_comparison,0.06795195704542553,1.0445589591040037e-13,0.9320480429544675,8.0,416.1142857142857,52.0,0.014285714285714285
20.232876712328768,demographic_sir_R0_comparison,0.06820727769655797,6.632220355906266e-14,0.9317927223033731,8.0,416.1142857142857,52.0,0.014285714285714285
20.252054794520546,demographic_sir_R0_comparison,0.06846252840642499,4.219584636482519e-14,0.9315374715935301,8.0,416.1142857142857,52.0,0.014285714285714285
20.27123287671233,demographic_sir_R0_comparison,0.06871770919418003,2.690078673141039e-14,0.9312822908057902,8.0,416.1142857142857,52.0,0.014285714285714285
20.29041095890411,demographic_sir_R0_comparison,0.06897282007897333,1.7184802371009553e-14,0.9310271799210065,8.0,416.1142857142857,52.0,0.014285714285714285
20.30958904109589,demographic_sir_R0_comparison,0.06922786107995132,1.1000391503598324e-14,0.9307721389200346,8.0,416.1142857142857,52.0,0.014285714285714285
20.328767123287673,demographic_sir_R0_comparison,0.06948283221625622,7.0559507220505316e-15,0.9305171677837337,8.0,416.1142857142857,52.0,0.014285714285714285
20.34794520547945,demographic_sir_R0_comparison,0.06973773350702527,4.535096067955531e-15,0.9302622664929674,8.0,416.1142857142857,52.0,0.014285714285714285
20.367123287671234,demographic_sir_R0_comparison,0.0699925649713911,2.920792847694623e-15,0.9300074350286032,8.0,416.1142857142857,52.0,0.014285714285714285
20.386301369863013,demographic_sir_R0_comparison,0.07024732662848118,1.8849424396978235e-15,0.9297526733715141,8.0,416.1142857142857,52.0,0.014285714285714285
20.405479452054795,demographic_sir_R0_comparison,0.07050201849741793,1.2189285748893322e-15,0.929497981502578,8.0,416.1142857142857,52.0,0.014285714285714285
20.424657534246574,demographic_sir_R0_comparison,0.07075664059731854,7.898434316967313e-16,0.9292433594026778,8.0,416.1142857142857,52.0,0.014285714285714285
20.443835616438356,demographic_sir_R0_comparison,0.0710111929472952,5.128449805469587e-16,0.9289888070527015,8.0,416.1142857142857,52.0,0.014285714285714285
20.46301369863014,demographic_sir_R0_comparison,0.07126567556645473,3.3366704207380207e-16,0.9287343244335421,8.0,416.1142857142857,52.0,0.014285714285714285
20.482191780821918,demographic_sir_R0_comparison,0.07152008847389874,2.1753161078789052e-16,0.9284799115260981,8.0,416.1142857142857,52.0,0.014285714285714285
20.5013698630137,demographic_sir_R0_comparison,0.07177443168872379,1.421062112606501e-16,0.9282255683112732,8.0,416.1142857142857,52.0,0.014285714285714285
20.52054794520548,demographic_sir_R0_comparison,0.07202870523002101,9.30218826508056e-17,0.9279712947699758,8.0,416.1142857142857,52.0,0.014285714285714285
20.53972602739726,demographic_sir_R0_comparison,0.07228290911687654,6.101524039208047e-17,0.9277170908831203,8.0,416.1142857142857,52.0,0.014285714285714285
20.55890410958904,demographic_sir_R0_comparison,0.07253704336837107,4.0102590244409967e-17,0.9274629566316258,8.0,416.1142857142857,52.0,0.014285714285714285
20.578082191780823,demographic_sir_R0_comparison,0.07279110800358021,2.641114186161372e-17,0.9272088919964165,8.0,416.1142857142857,52.0,0.014285714285714285
20.5972602739726,demographic_sir_R0_comparison,0.07304510304157427,1.74293963030997e-17,0.9269548969584221,8.0,416.1142857142857,52.0,0.014285714285714285
20.616438356164384,demographic_sir_R0_comparison,0.07329902850141842,1.1525444515373381e-17,0.9267009714985779,8.0,416.1142857142857,52.0,0.014285714285714285
20.635616438356166,demographic_sir_R0_comparison,0.07355288440217253,7.63682704975304e-18,0.9264471155978238,8.0,416.1142857142857,52.0,0.014285714285714285
20.654794520547945,demographic_sir_R0_comparison,0.07380667076289119,5.0704664881354614e-18,0.9261933292371048,8.0,416.1142857142857,52.0,0.014285714285714285
20.673972602739727,demographic_sir_R0_comparison,0.074060387602624,3.3733571776986418e-18,0.9259396123973721,8.0,416.1142857142857,52.0,0.014285714285714285
20.693150684931506,demographic_sir_R0_comparison,0.07431403494041505,2.2488264827646855e-18,0.9256859650595811,8.0,416.1142857142857,52.0,0.014285714285714285
20.71232876712329,demographic_sir_R0_comparison,0.0745676127953035,1.502202685760527e-18,0.9254323872046928,8.0,416.1142857142857,52.0,0.014285714285714285
20.731506849315068,demographic_sir_R0_comparison,0.07482112118632302,1.0054948444621187e-18,0.9251788788136732,8.0,416.1142857142857,52.0,0.014285714285714285
20.75068493150685,demographic_sir_R0_comparison,0.07507456013250229,6.743877119712579e-19,0.9249254398674941,8.0,416.1142857142857,52.0,0.014285714285714285
20.76986301369863,demographic_sir_R0_comparison,0.07532792965286464,4.532290038241168e-19,0.9246720703471317,8.0,416.1142857142857,52.0,0.014285714285714285
20.78904109589041,demographic_sir_R0_comparison,0.07558122976642828,3.052135041274403e-19,0.9244187702335681,8.0,416.1142857142857,52.0,0.014285714285714285
20.808219178082194,demographic_sir_R0_comparison,0.07583446049220613,2.0595273339155215e-19,0.9241655395077901,8.0,416.1142857142857,52.0,0.014285714285714285
20.827397260273973,demographic_sir_R0_comparison,0.07608762184920591,1.3925439138396053e-19,0.9239123781507904,8.0,416.1142857142857,52.0,0.014285714285714285
20.846575342465755,demographic_sir_R0_comparison,0.07634071385643026,9.434687556178649e-20,0.9236592861435661,8.0,416.1142857142857,52.0,0.014285714285714285
20.865753424657534,demographic_sir_R0_comparison,0.07659373653287643,6.405059797094648e-20,0.9234062634671198,8.0,416.1142857142857,52.0,0.014285714285714285
20.884931506849316,demographic_sir_R0_comparison,0.0768466898975366,4.357081242523844e-20,0.9231533101024597,8.0,416.1142857142857,52.0,0.014285714285714285
20.904109589041095,demographic_sir_R0_comparison,0.07709957396939764,2.9699195832208633e-20,0.9229004260305987,8.0,416.1142857142857,52.0,0.014285714285714285
20.923287671232877,demographic_sir_R0_comparison,0.07735238876744137,2.0284767998222568e-20,0.922647611232555,8.0,416.1142857142857,52.0,0.014285714285714285
20.942465753424656,demographic_sir_R0_comparison,0.07760513431064424,1.388262148217535e-20,0.922394865689352,8.0,416.1142857142857,52.0,0.014285714285714285
20.96164383561644,demographic_sir_R0_comparison,0.07785781061797764,9.520258983215184e-21,0.9221421893820185,8.0,416.1142857142857,52.0,0.014285714285714285
20.980821917808218,demographic_sir_R0_comparison,0.0781104177084076,6.541866028198171e-21,0.9218895822915883,8.0,416.1142857142857,52.0,0.014285714285714285
21.0,demographic_sir_R0_comparison,0.07836295560089518,4.504326797780078e-21,0.9216370443991007,8.0,416.1142857142857,52.0,0.014285714285714285
21.019178082191782,demographic_sir_R0_comparison,0.07861542431439607,3.1076583055887103e-21,0.9213845756855997,8.0,416.1142857142857,52.0,0.014285714285714285
21.03835616438356,demographic_sir_R0_comparison,0.0788678238678608,2.148382042355868e-21,0.921132176132135,8.0,416.1142857142857,52.0,0.014285714285714285
21.057534246575344,demographic_sir_R0_comparison,0.0791201542802348,1.4882106559931185e-21,0.9208798457197611,8.0,416.1142857142857,52.0,0.014285714285714285
21.076712328767123,demographic_sir_R0_comparison,0.07937241557045814,1.0329795178597512e-21,0.9206275844295377,8.0,416.1142857142857,52.0,0.014285714285714285
21.095890410958905,demographic_sir_R0_comparison,0.0796246077574659,7.184444188802078e-22,0.92037539224253,8.0,416.1142857142857,52.0,0.014285714285714285
21.115068493150684,demographic_sir_R0_comparison,0.07987673086018776,5.006895942278795e-22,0.9201232691398082,8.0,416.1142857142857,52.0,0.014285714285714285
21.134246575342466,demographic_sir_R0_comparison,0.08012878489754845,3.496372064111846e-22,0.9198712151024476,8.0,416.1142857142857,52.0,0.014285714285714285
21.153424657534245,demographic_sir_R0_comparison,0.08038076988846728,2.4464715177031114e-22,0.9196192301115289,8.0,416.1142857142857,52.0,0.014285714285714285
21.172602739726027,demographic_sir_R0_comparison,0.08063268585185863,1.715283435088483e-22,0.9193673141481374,8.0,416.1142857142857,52.0,0.014285714285714285
21.19178082191781,demographic_sir_R0_comparison,0.0808845328066315,1.2050486792632284e-22,0.9191154671933645,8.0,416.1142857142857,52.0,0.014285714285714285
21.21095890410959,demographic_sir_R0_comparison,0.08113631077168967,8.482932619939572e-23,0.9188636892283064,8.0,416.1142857142857,52.0,0.014285714285714285
21.23013698630137,demographic_sir_R0_comparison,0.08138801976593202,5.983563902300631e-23,0.9186119802340641,8.0,416.1142857142857,52.0,0.014285714285714285
21.24931506849315,demographic_sir_R0_comparison,0.08163965980825193,4.2290819447918197e-23,0.9183603401917443,8.0,416.1142857142857,52.0,0.014285714285714285
21.268493150684932,demographic_sir_R0_comparison,0.08189123091753783,2.9950513929578766e-23,0.9181087690824584,8.0,416.1142857142857,52.0,0.014285714285714285
21.28767123287671,demographic_sir_R0_comparison,0.08214273311267282,2.1253684555464286e-23,0.9178572668873234,8.0,416.1142857142857,52.0,0.014285714285714285
21.306849315068494,demographic_sir_R0_comparison,0.08239416641253498,1.511247920381582e-23,0.9176058335874613,8.0,416.1142857142857,52.0,0.014285714285714285
21.326027397260273,demographic_sir_R0_comparison,0.08264553083599709,1.0767341743844606e-23,0.9173544691639992,8.0,416.1142857142857,52.0,0.014285714285714285
21.345205479452055,demographic_sir_R0_comparison,0.0828968264019269,7.686919536604874e-24,0.9171031735980695,8.0,416.1142857142857,52.0,0.014285714285714285
21.364383561643837,demographic_sir_R0_comparison,0.08314805312918683,5.498788186211763e-24,0.9168519468708094,8.0,416.1142857142857,52.0,0.014285714285714285
21.383561643835616,demographic_sir_R0_comparison,0.08339921103663417,3.9414155561240766e-24,0.9166007889633622,8.0,416.1142857142857,52.0,0.014285714285714285
21.4027397260274,demographic_sir_R0_comparison,0.08365030014312116,2.8307909780361942e-24,0.9163496998568751,8.0,416.1142857142857,52.0,0.014285714285714285
21.421917808219177,demographic_sir_R0_comparison,0.08390132046749472,2.03719912938173e-24,0.9160986795325015,8.0,416.1142857142857,52.0,0.014285714285714285
21.44109589041096,demographic_sir_R0_comparison,0.08415227202859682,1.4690244539854164e-24,0.9158477279713995,8.0,416.1142857142857,52.0,0.014285714285714285
21.46027397260274,demographic_sir_R0_comparison,0.08440315484526395,1.0614369323505048e-24,0.9155968451547324,8.0,416.1142857142857,52.0,0.014285714285714285
21.47945205479452,demographic_sir_R0_comparison,0.08465396893632776,7.6847324513156485e-25,0.9153460310636684,8.0,416.1142857142857,52.0,0.014285714285714285
21.4986301369863,demographic_sir_R0_comparison,0.08490471432061451,5.574840657131308e-25,0.9150952856793819,8.0,416.1142857142857,52.0,0.014285714285714285
21.517808219178082,demographic_sir_R0_comparison,0.08515539101694551,4.0523325406192947e-25,0.9148446089830509,8.0,416.1142857142857,52.0,0.014285714285714285
21.536986301369865,demographic_sir_R0_comparison,0.08540599904413672,2.9515243390479893e-25,0.9145940009558596,8.0,416.1142857142857,52.0,0.014285714285714285
21.556164383561644,demographic_sir_R0_comparison,0.08565653842099896,2.154051568949655e-25,0.9143434615789972,8.0,416.1142857142857,52.0,0.014285714285714285
21.575342465753426,demographic_sir_R0_comparison,0.08590700916633812,1.5751939001667765e-25,0.9140929908336579,8.0,416.1142857142857,52.0,0.014285714285714285
21.594520547945205,demographic_sir_R0_comparison,0.08615741129895468,1.1541969072531015e-25,0.9138425887010412,8.0,416.1142857142857,52.0,0.014285714285714285
21.613698630136987,demographic_sir_R0_comparison,0.0864077448376441,8.474098605957254e-26,0.9135922551623518,8.0,416.1142857142857,52.0,0.014285714285714285
21.632876712328766,demographic_sir_R0_comparison,0.08665800980119659,6.234112059383218e-26,0.9133419901987992,8.0,416.1142857142857,52.0,0.014285714285714285
21.65205479452055,demographic_sir_R0_comparison,0.08690820620839741,4.5953960075449127e-26,0.9130917937915983,8.0,416.1142857142857,52.0,0.014285714285714285
21.671232876712327,demographic_sir_R0_comparison,0.08715833407802645,3.3942067266596824e-26,0.9128416659219694,8.0,416.1142857142857,52.0,0.014285714285714285
21.69041095890411,demographic_sir_R0_comparison,0.08740839342885864,2.512004474706222e-26,0.912591606571137,8.0,416.1142857142857,52.0,0.014285714285714285
21.709589041095892,demographic_sir_R0_comparison,0.08765838427966365,1.8628121494408262e-26,0.9123416157203319,8.0,416.1142857142857,52.0,0.014285714285714285
21.72876712328767,demographic_sir_R0_comparison,0.08790830664920596,1.384152723908244e-26,0.9120916933507895,8.0,416.1142857142857,52.0,0.014285714285714285
21.747945205479454,demographic_sir_R0_comparison,0.0881581605562451,1.0305403981317292e-26,0.9118418394437503,8.0,416.1142857142857,52.0,0.014285714285714285
21.767123287671232,demographic_sir_R0_comparison,0.08840794601953526,7.687973062448139e-27,0.9115920539804601,8.0,416.1142857142857,52.0,0.014285714285714285
21.786301369863015,demographic_sir_R0_comparison,0.0886576630578257,5.746776006173947e-27,0.9113423369421696,8.0,416.1142857142857,52.0,0.014285714285714285
21.805479452054794,demographic_sir_R0_comparison,0.08890731168986032,4.304295060895765e-27,0.9110926883101349,8.0,416.1142857142857,52.0,0.014285714285714285
21.824657534246576,demographic_sir_R0_comparison,0.08915689193437809,3.2303152713342074e-27,0.9108431080656172,8.0,416.1142857142857,52.0,0.014285714285714285
21.843835616438355,demographic_sir_R0_comparison,0.08940640381011263,2.4291406424959573e-27,0.9105935961898828,8.0,416.1142857142857,52.0,0.014285714285714285
21.863013698630137,demographic_sir_R0_comparison,0.08965584733579264,1.8303116632933056e-27,0.9103441526642027,8.0,416.1142857142857,52.0,0.014285714285714285
21.88219178082192,demographic_sir_R0_comparison,0.08990522253014156,1.381852963349694e-27,0.9100947774698537,8.0,416.1142857142857,52.0,0.014285714285714285
21.9013698630137,demographic_sir_R0_comparison,0.09015452941187771,1.0453525540033968e-27,0.9098454705881176,8.0,416.1142857142857,52.0,0.014285714285714285
21.92054794520548,demographic_sir_R0_comparison,0.0904037679997144,7.923693385251037e-28,0.9095962320002808,8.0,416.1142857142857,52.0,0.014285714285714285
21.93972602739726,demographic_sir_R0_comparison,0.09065293831235961,6.018056058431382e-28,0.9093470616876357,8.0,416.1142857142857,52.0,0.014285714285714285
21.958904109589042,demographic_sir_R0_comparison,0.09090204036851643,4.579818314051777e-28,0.9090979596314789,8.0,416.1142857142857,52.0,0.014285714285714285
21.97808219178082,demographic_sir_R0_comparison,0.09115107418688259,3.4922352113047563e-28,0.9088489258131128,8.0,416.1142857142857,52.0,0.014285714285714285
21.997260273972604,demographic_sir_R0_comparison,0.0914000397861509,2.6682204277822977e-28,0.9085999602138445,8.0,416.1142857142857,52.0,0.014285714285714285
22.016438356164382,demographic_sir_R0_comparison,0.09164893718500892,2.0426909589582245e-28,0.9083510628149865,8.0,416.1142857142857,52.0,0.014285714285714285
22.035616438356165,demographic_sir_R0_comparison,0.0918977664021392,1.5669175192277961e-28,0.9081022335978561,8.0,416.1142857142857,52.0,0.014285714285714285
22.054794520547944,demographic_sir_R0_comparison,0.09214652745621901,1.2043476715580213e-28,0.9078534725437762,8.0,416.1142857142857,52.0,0.014285714285714285
22.073972602739726,demographic_sir_R0_comparison,0.0923952203659207,9.275122486097846e-29,0.9076047796340745,8.0,416.1142857142857,52.0,0.014285714285714285
22.09315068493151,demographic_sir_R0_comparison,0.09264384514991132,7.15730012724961e-29,0.9073561548500838,8.0,416.1142857142857,52.0,0.014285714285714285
22.112328767123287,demographic_sir_R0_comparison,0.0928924018268529,5.534015448831895e-29,0.9071075981731422,8.0,416.1142857142857,52.0,0.014285714285714285
22.13150684931507,demographic_sir_R0_comparison,0.09314089041540242,4.287388438500206e-29,0.9068591095845929,8.0,416.1142857142857,52.0,0.014285714285714285
22.15068493150685,demographic_sir_R0_comparison,0.09338931093421157,3.3281767993807745e-29,0.9066106890657838,8.0,416.1142857142857,52.0,0.014285714285714285
22.16986301369863,demographic_sir_R0_comparison,0.09363766340192715,2.5886944958880496e-29,0.9063623365980681,8.0,416.1142857142857,52.0,0.014285714285714285
22.18904109589041,demographic_sir_R0_comparison,0.09388594783719066,2.017510627638256e-29,0.9061140521628046,8.0,416.1142857142857,52.0,0.014285714285714285
22.208219178082192,demographic_sir_R0_comparison,0.09413416425863864,1.575474018571826e-29,0.9058658357413566,8.0,416.1142857142857,52.0,0.014285714285714285
22.22739726027397,demographic_sir_R0_comparison,0.09438231268490238,1.2327267148785846e-29,0.9056176873150927,8.0,416.1142857142857,52.0,0.014285714285714285
22.246575342465754,demographic_sir_R0_comparison,0.09463039313460826,9.664564357033947e-30,0.9053696068653868,8.0,416.1142857142857,52.0,0.014285714285714285
22.265753424657536,demographic_sir_R0_comparison,0.09487840562637735,7.592021576568276e-30,0.9051215943736179,8.0,416.1142857142857,52.0,0.014285714285714285
22.284931506849315,demographic_sir_R0_comparison,0.09512635017882573,5.975744579093306e-30,0.9048736498211697,8.0,416.1142857142857,52.0,0.014285714285714285
22.304109589041097,demographic_sir_R0_comparison,0.09537422681056439,4.712873951417798e-30,0.9046257731894309,8.0,416.1142857142857,52.0,0.014285714285714285
22.323287671232876,demographic_sir_R0_comparison,0.09562203554019913,3.7242479994058826e-30,0.9043779644597962,8.0,416.1142857142857,52.0,0.014285714285714285
22.34246575342466,demographic_sir_R0_comparison,0.09586977638633082,2.948832449424187e-30,0.9041302236136645,8.0,416.1142857142857,52.0,0.014285714285714285
22.361643835616437,demographic_sir_R0_comparison,0.09611744936755501,2.339484114624858e-30,0.9038825506324403,8.0,416.1142857142857,52.0,0.014285714285714285
22.38082191780822,demographic_sir_R0_comparison,0.09636505450246241,1.8597234573250947e-30,0.9036349454975329,8.0,416.1142857142857,52.0,0.014285714285714285
22.4,demographic_sir_R0_comparison,0.0966125918096384,1.4812714999834225e-30,0.9033874081903569,8.0,416.1142857142857,52.0,0.014285714285714285
22.41917808219178,demographic_sir_R0_comparison,0.09686006130766345,1.1821668029036455e-30,0.9031399386923318,8.0,416.1142857142857,52.0,0.014285714285714285
22.438356164383563,demographic_sir_R0_comparison,0.0971074630151128,9.453234071952015e-31,0.9028925369848824,8.0,416.1142857142857,52.0,0.014285714285714285
22.457534246575342,demographic_sir_R0_comparison,0.0973547969505567,7.574245688257992e-31,0.9026452030494386,8.0,416.1142857142857,52.0,0.014285714285714285
22.476712328767125,demographic_sir_R0_comparison,0.0976020631325603,6.080726287765428e-31,0.9023979368674352,8.0,416.1142857142857,52.0,0.014285714285714285
22.495890410958904,demographic_sir_R0_comparison,0.0978492615796836,4.8913459078511885e-31,0.9021507384203118,8.0,416.1142857142857,52.0,0.014285714285714285
22.515068493150686,demographic_sir_R0_comparison,0.09809639231048162,3.9423748748674204e-31,0.9019036076895137,8.0,416.1142857142857,52.0,0.014285714285714285
22.534246575342465,demographic_sir_R0_comparison,0.09834345534350414,3.183785832590382e-31,0.9016565446564913,8.0,416.1142857142857,52.0,0.014285714285714285
22.553424657534247,demographic_sir_R0_comparison,0.09859045069729605,2.5762376591068694e-31,0.9014095493026993,8.0,416.1142857142857,52.0,0.014285714285714285
22.572602739726026,demographic_sir_R0_comparison,0.098837378390397,2.088737767272971e-31,0.9011626216095984,8.0,416.1142857142857,52.0,0.014285714285714285
22.59178082191781,demographic_sir_R0_comparison,0.09908423844134168,1.6968271190782104e-31,0.9009157615586538,8.0,416.1142857142857,52.0,0.014285714285714285
22.61095890410959,demographic_sir_R0_comparison,0.09933103086865962,1.3811686792724866e-31,0.9006689691313358,8.0,416.1142857142857,52.0,0.014285714285714285
22.63013698630137,demographic_sir_R0_comparison,0.09957775569087528,1.1264477693847078e-31,0.9004222443091202,8.0,416.1142857142857,52.0,0.014285714285714285
22.649315068493152,demographic_sir_R0_comparison,0.09982441292650815,9.205139542587809e-32,0.9001755870734872,8.0,416.1142857142857,52.0,0.014285714285714285
22.66849315068493,demographic_sir_R0_comparison,0.10007100259407245,7.537102793519739e-32,0.8999289974059231,8.0,416.1142857142857,52.0,0.014285714285714285
22.687671232876713,demographic_sir_R0_comparison,0.10031752471207755,6.183480719441539e-32,0.899682475287918,8.0,416.1142857142857,52.0,0.014285714285714285
22.706849315068492,demographic_sir_R0_comparison,0.10056397929902755,5.082950263469662e-32,0.8994360207009681,8.0,416.1142857142857,52.0,0.014285714285714285
22.726027397260275,demographic_sir_R0_comparison,0.10081036637342168,4.1865159673981147e-32,0.899189633626574,8.0,416.1142857142857,52.0,0.014285714285714285
22.745205479452054,demographic_sir_R0_comparison,0.1010566859537539,3.454963410442964e-32,0.8989433140462418,8.0,416.1142857142857,52.0,0.014285714285714285
22.764383561643836,demographic_sir_R0_comparison,0.1013029380585133,2.856851903374319e-32,0.8986970619414825,8.0,416.1142857142857,52.0,0.014285714285714285
22.78356164383562,demographic_sir_R0_comparison,0.10154912270618373,2.366929615219171e-32,0.898450877293812,8.0,416.1142857142857,52.0,0.014285714285714285
22.802739726027397,demographic_sir_R0_comparison,0.10179523991524402,1.9648801572747068e-32,0.8982047600847517,8.0,416.1142857142857,52.0,0.014285714285714285
22.82191780821918,demographic_sir_R0_comparison,0.10204128970416806,1.6343296644074344e-32,0.8979587102958276,8.0,416.1142857142857,52.0,0.014285714285714285
22.84109589041096,demographic_sir_R0_comparison,0.10228727209142455,1.3620589369614786e-32,0.897712727908571,8.0,416.1142857142857,52.0,0.014285714285714285
22.86027397260274,demographic_sir_R0_comparison,0.10253318709547718,1.1373772650688085e-32,0.8974668129045186,8.0,416.1142857142857,52.0,0.014285714285714285
22.87945205479452,demographic_sir_R0_comparison,0.1027790347347845,9.51623938803979e-33,0.897220965265211,8.0,416.1142857142857,52.0,0.014285714285714285
22.898630136986302,demographic_sir_R0_comparison,0.10302481502780021,7.977707580681416e-33,0.8969751849721954,8.0,416.1142857142857,52.0,0.014285714285714285
22.91780821917808,demographic_sir_R0_comparison,0.1032705279929727,6.701045614710886e-33,0.8967294720070226,8.0,416.1142857142857,52.0,0.014285714285714285
22.936986301369863,demographic_sir_R0_comparison,0.10351617364874553,5.6397325311347455e-33,0.8964838263512497,8.0,416.1142857142857,52.0,0.014285714285714285
22.956164383561642,demographic_sir_R0_comparison,0.10376175201355703,4.755822974646167e-33,0.896238247986438,8.0,416.1142857142857,52.0,0.014285714285714285
22.975342465753425,demographic_sir_R0_comparison,0.10400726310584062,4.018313899567885e-33,0.8959927368941543,8.0,416.1142857142857,52.0,0.014285714285714285
22.994520547945207,demographic_sir_R0_comparison,0.10425270694402455,3.4018316056394544e-33,0.8957472930559703,8.0,416.1142857142857,52.0,0.014285714285714285
23.013698630136986,demographic_sir_R0_comparison,0.10449808354653206,2.885574582937472e-33,0.8955019164534629,8.0,416.1142857142857,52.0,0.014285714285714285
23.03287671232877,demographic_sir_R0_comparison,0.10474339293178146,2.4524609623429874e-33,0.8952566070682135,8.0,416.1142857142857,52.0,0.014285714285714285
23.052054794520547,demographic_sir_R0_comparison,0.10498863511818578,2.0884398736717382e-33,0.8950113648818091,8.0,416.1142857142857,52.0,0.014285714285714285
23.07123287671233,demographic_sir_R0_comparison,0.10523381012415327,1.781934313983944e-33,0.8947661898758417,8.0,416.1142857142857,52.0,0.014285714285714285
23.09041095890411,demographic_sir_R0_comparison,0.10547891796808691,1.5233896965525085e-33,0.894521082031908,8.0,416.1142857142857,52.0,0.014285714285714285
23.10958904109589,demographic_sir_R0_comparison,0.10572395866838478,1.304907455910632e-33,0.89427604133161,8.0,416.1142857142857,52.0,0.014285714285714285
23.12876712328767,demographic_sir_R0_comparison,0.10596893224343988,1.1199472154008778e-33,0.894031067756555,8.0,416.1142857142857,52.0,0.014285714285714285
23.147945205479452,demographic_sir_R0_comparison,0.10621383871164018,9.63084307195749e-34,0.8937861612883545,8.0,416.1142857142857,52.0,0.014285714285714285
23.167123287671235,demographic_sir_R0_comparison,0.10645867809136854,8.298120486140686e-34,0.8935413219086261,8.0,416.1142857142857,52.0,0.014285714285714285
23.186301369863013,demographic_sir_R0_comparison,0.10670345040100286,7.163802623922881e-34,0.8932965495989917,8.0,416.1142857142857,52.0,0.014285714285714285
23.205479452054796,demographic_sir_R0_comparison,0.10694815565891608,6.196631923293516e-34,0.8930518443410784,8.0,416.1142857142857,52.0,0.014285714285714285
23.224657534246575,demographic_sir_R0_comparison,0.10719279388347591,5.370512960484791e-34,0.8928072061165185,8.0,416.1142857142857,52.0,0.014285714285714285
23.243835616438357,demographic_sir_R0_comparison,0.10743736509304525,4.66362461899812e-34,0.8925626349069493,8.0,416.1142857142857,52.0,0.014285714285714285
23.263013698630136,demographic_sir_R0_comparison,0.10768186930598173,4.057690513225892e-34,0.8923181306940128,8.0,416.1142857142857,52.0,0.014285714285714285
23.28219178082192,demographic_sir_R0_comparison,0.10792630654063816,3.5373785407946668e-34,0.8920736934593564,8.0,416.1142857142857,52.0,0.014285714285714285
23.301369863013697,demographic_sir_R0_comparison,0.1081706768153622,3.089805955909448e-34,0.8918293231846324,8.0,416.1142857142857,52.0,0.014285714285714285
23.32054794520548,demographic_sir_R0_comparison,0.10841498014849657,2.7041308005542557e-34,0.891585019851498,8.0,416.1142857142857,52.0,0.014285714285714285
23.339726027397262,demographic_sir_R0_comparison,0.1086592165583789,2.3712141154673294e-34,0.8913407834416156,8.0,416.1142857142857,52.0,0.014285714285714285
23.35890410958904,demographic_sir_R0_comparison,0.10890338606334175,2.0833402487150467e-34,0.8910966139366526,8.0,416.1142857142857,52.0,0.014285714285714285
23.378082191780823,demographic_sir_R0_comparison,0.10914748868171284,1.8339849222826454e-34,0.8908525113182815,8.0,416.1142857142857,52.0,0.014285714285714285
23.397260273972602,demographic_sir_R0_comparison,0.10939152443181464,1.6176226147963123e-34,0.8906084755681798,8.0,416.1142857142857,52.0,0.014285714285714285
23.416438356164385,demographic_sir_R0_comparison,0.10963549333196482,1.4295663579707486e-34,0.8903645066680296,8.0,416.1142857142857,52.0,0.014285714285714285
23.435616438356163,demographic_sir_R0_comparison,0.10987939540047582,1.265834295029715e-34,0.8901206045995186,8.0,416.1142857142857,52.0,0.014285714285714285
23.454794520547946,demographic_sir_R0_comparison,0.11012323065565525,1.1230383667860661e-34,0.8898767693443389,8.0,416.1142857142857,52.0,0.014285714285714285
23.473972602739725,demographic_sir_R0_comparison,0.11036699911580558,9.982913199512304e-35,0.8896330008841885,8.0,416.1142857142857,52.0,0.014285714285714285
23.493150684931507,demographic_sir_R0_comparison,0.11061070079922436,8.891289084516948e-35,0.8893892992007697,8.0,416.1142857142857,52.0,0.014285714285714285
23.51232876712329,demographic_sir_R0_comparison,0.11085433572420407,7.934447109584991e-35,0.8891456642757899,8.0,416.1142857142857,52.0,0.014285714285714285
23.53150684931507,demographic_sir_R0_comparison,0.11109790390903211,7.09435439762059e-35,0.8889020960909619,8.0,416.1142857142857,52.0,0.014285714285714285
23.55068493150685,demographic_sir_R0_comparison,0.11134140537199105,6.355549863475438e-35,0.8886585946280029,8.0,416.1142857142857,52.0,0.014285714285714285
23.56986301369863,demographic_sir_R0_comparison,0.11158484013135828,5.70475752730366e-35,0.8884151598686356,8.0,416.1142857142857,52.0,0.014285714285714285
23.589041095890412,demographic_sir_R0_comparison,0.11182820820540632,5.1305606708969e-35,0.8881717917945877,8.0,416.1142857142857,52.0,0.014285714285714285
23.60821917808219,demographic_sir_R0_comparison,0.11207150961240255,4.6231268745242587e-35,0.8879284903875915,8.0,416.1142857142857,52.0,0.014285714285714285
23.627397260273973,demographic_sir_R0_comparison,0.11231474437060947,4.17397566210736e-35,0.8876852556293845,8.0,416.1142857142857,52.0,0.014285714285714285
23.646575342465752,demographic_sir_R0_comparison,0.11255791249828445,3.775781876729456e-35,0.8874420875017096,8.0,416.1142857142857,52.0,0.014285714285714285
23.665753424657535,demographic_sir_R0_comparison,0.11280101401368002,3.4222090599107514e-35,0.8871989859863141,8.0,416.1142857142857,52.0,0.014285714285714285
23.684931506849317,demographic_sir_R0_comparison,0.11304404893504358,3.1077680603328147e-35,0.8869559510649506,8.0,416.1142857142857,52.0,0.014285714285714285
23.704109589041096,demographic_sir_R0_comparison,0.11328701728061753,2.827696886247313e-35,0.8867129827193767,8.0,416.1142857142857,52.0,0.014285714285714285
23.723287671232878,demographic_sir_R0_comparison,0.11352991906863938,2.577858469676931e-35,0.8864700809313547,8.0,416.1142857142857,52.0,0.014285714285714285
23.742465753424657,demographic_sir_R0_comparison,0.11377275431734149,2.3546535534165606e-35,0.8862272456826525,8.0,416.1142857142857,52.0,0.014285714285714285
23.76164383561644,demographic_sir_R0_comparison,0.11401552304495144,2.154946363195898e-35,0.8859844769550426,8.0,416.1142857142857,52.0,0.014285714285714285
23.78082191780822,demographic_sir_R0_comparison,0.11425822526969157,1.9760011031013893e-35,0.8857417747303024,8.0,416.1142857142857,52.0,0.014285714285714285
23.8,demographic_sir_R0_comparison,0.11450086100977944,1.8154276255412188e-35,0.8854991389902144,8.0,416.1142857142857,52.0,0.014285714285714285
23.81917808219178,demographic_sir_R0_comparison,0.11474343028342741,1.6711348884306157e-35,0.8852565697165662,8.0,416.1142857142857,52.0,0.014285714285714285
23.838356164383562,demographic_sir_R0_comparison,0.11498593310884316,1.5412910307124902e-35,0.8850140668911505,8.0,416.1142857142857,52.0,0.014285714285714285
23.857534246575344,demographic_sir_R0_comparison,0.11522836950422904,1.4242890801099156e-35,0.8847716304957645,8.0,416.1142857142857,52.0,0.014285714285714285
23.876712328767123,demographic_sir_R0_comparison,0.11547073948778257,1.3187174601400153e-35,0.8845292605122109,8.0,416.1142857142857,52.0,0.014285714285714285
23.895890410958906,demographic_sir_R0_comparison,0.11571304307769635,1.2233345918798373e-35,0.8842869569222971,8.0,416.1142857142857,52.0,0.014285714285714285
23.915068493150685,demographic_sir_R0_comparison,0.11595528029215785,1.1370469938710623e-35,0.8840447197078355,8.0,416.1142857142857,52.0,0.014285714285714285
23.934246575342467,demographic_sir_R0_comparison,0.1161974511493497,1.0588903742876749e-35,0.8838025488506436,8.0,416.1142857142857,52.0,0.014285714285714285
23.953424657534246,demographic_sir_R0_comparison,0.11643955566744943,9.880132858946218e-36,0.8835604443325439,8.0,416.1142857142857,52.0,0.014285714285714285
23.972602739726028,demographic_sir_R0_comparison,0.11668159386462972,9.236629787364836e-36,0.8833184061353635,8.0,416.1142857142857,52.0,0.014285714285714285
23.991780821917807,demographic_sir_R0_comparison,0.11692356575905809,8.651731398661194e-36,0.883076434240935,8.0,416.1142857142857,52.0,0.014285714285714285
24.01095890410959,demographic_sir_R0_comparison,0.1171654713688973,8.119532553719278e-36,0.8828345286310958,8.0,416.1142857142857,52.0,0.014285714285714285
24.03013698630137,demographic_sir_R0_comparison,0.11740731071230492,7.634793688437907e-36,0.8825926892876881,8.0,416.1142857142857,52.0,0.014285714285714285
24.04931506849315,demographic_sir_R0_comparison,0.11764908380743377,7.192860433560538e-36,0.8823509161925593,8.0,416.1142857142857,52.0,0.014285714285714285
24.068493150684933,demographic_sir_R0_comparison,0.11789079067243151,6.789593619856795e-36,0.8821092093275618,8.0,416.1142857142857,52.0,0.014285714285714285
24.087671232876712,demographic_sir_R0_comparison,0.11813243132544084,6.421308256097979e-36,0.8818675686745525,8.0,416.1142857142857,52.0,0.014285714285714285
24.106849315068494,demographic_sir_R0_comparison,0.11837400578459963,6.084720269007205e-36,0.8816259942153937,8.0,416.1142857142857,52.0,0.014285714285714285
24.126027397260273,demographic_sir_R0_comparison,0.11861551406804065,5.776899966093583e-36,0.8813844859319526,8.0,416.1142857142857,52.0,0.014285714285714285
24.145205479452056,demographic_sir_R0_comparison,0.1188569561938918,5.4952313286391224e-36,0.8811430438061016,8.0,416.1142857142857,52.0,0.014285714285714285
24.164383561643834,demographic_sir_R0_comparison,0.1190983321802759,5.237376367000657e-36,0.8809016678197176,8.0,416.1142857142857,52.0,0.014285714285714285
24.183561643835617,demographic_sir_R0_comparison,0.11933964204531096,5.0012438770812504e-36,0.8806603579546823,8.0,416.1142857142857,52.0,0.014285714285714285
24.202739726027396,demographic_sir_R0_comparison,0.11958088580710982,4.7849620280912024e-36,0.8804191141928835,8.0,416.1142857142857,52.0,0.014285714285714285
24.221917808219178,demographic_sir_R0_comparison,0.11982206348378058,4.586854289870887e-36,0.8801779365162127,8.0,416.1142857142857,52.0,0.014285714285714285
24.24109589041096,demographic_sir_R0_comparison,0.12006317509342626,4.405418275063403e-36,0.8799368249065671,8.0,416.1142857142857,52.0,0.014285714285714285
24.26027397260274,demographic_sir_R0_comparison,0.12030422065414483,4.239307128952927e-36,0.8796957793458485,8.0,416.1142857142857,52.0,0.014285714285714285
24.279452054794522,demographic_sir_R0_comparison,0.12054520018402953,4.087313149238709e-36,0.8794547998159636,8.0,416.1142857142857,52.0,0.014285714285714285
24.2986301369863,demographic_sir_R0_comparison,0.12078611370116844,3.9483533605787576e-36,0.8792138862988248,8.0,416.1142857142857,52.0,0.014285714285714285
24.317808219178083,demographic_sir_R0_comparison,0.12102696122364483,3.82145680542179e-36,0.8789730387763484,8.0,416.1142857142857,52.0,0.014285714285714285
24.336986301369862,demographic_sir_R0_comparison,0.12126774276953692,3.705753344311101e-36,0.8787322572304562,8.0,416.1142857142857,52.0,0.014285714285714285
24.356164383561644,demographic_sir_R0_comparison,0.12150845835691805,3.6004637862127e-36,0.878491541643075,8.0,416.1142857142857,52.0,0.014285714285714285
24.375342465753423,demographic_sir_R0_comparison,0.12174910800385647,3.5048911931193326e-36,0.8782508919961367,8.0,416.1142857142857,52.0,0.014285714285714285
24.394520547945206,demographic_sir_R0_comparison,0.12198969172841571,3.418413223734838e-36,0.8780103082715776,8.0,416.1142857142857,52.0,0.014285714285714285
24.413698630136988,demographic_sir_R0_comparison,0.12223020954865413,3.340475398907347e-36,0.877769790451339,8.0,416.1142857142857,52.0,0.014285714285714285
24.432876712328767,demographic_sir_R0_comparison,0.12247066148262524,3.2705851870367304e-36,0.8775293385173679,8.0,416.1142857142857,52.0,0.014285714285714285
24.45205479452055,demographic_sir_R0_comparison,0.12271104754837765,3.208306821267168e-36,0.8772889524516155,8.0,416.1142857142857,52.0,0.014285714285714285
24.471232876712328,demographic_sir_R0_comparison,0.12295136776395492,3.1532567721719284e-36,0.8770486322360382,8.0,416.1142857142857,52.0,0.014285714285714285
24.49041095890411,demographic_sir_R0_comparison,0.12319162214739579,3.1050998100904386e-36,0.8768083778525974,8.0,416.1142857142857,52.0,0.014285714285714285
24.50958904109589,demographic_sir_R0_comparison,0.12343181071673394,3.06354560050078e-36,0.8765681892832592,8.0,416.1142857142857,52.0,0.014285714285714285
24.528767123287672,demographic_sir_R0_comparison,0.12367193348999818,3.028345783985459e-36,0.8763280665099951,8.0,416.1142857142857,52.0,0.014285714285714285
24.54794520547945,demographic_sir_R0_comparison,0.12391199048521233,2.999291499637556e-36,0.8760880095147808,8.0,416.1142857142857,52.0,0.014285714285714285
24.567123287671233,demographic_sir_R0_comparison,0.12415198172039535,2.9762113172960252e-36,0.8758480182795978,8.0,416.1142857142857,52.0,0.014285714285714285
24.586301369863016,demographic_sir_R0_comparison,0.1243919072135612,2.958969549919085e-36,0.875608092786432,8.0,416.1142857142857,52.0,0.014285714285714285
24.605479452054794,demographic_sir_R0_comparison,0.12463176698271888,2.9474649228115725e-36,0.8753682330172742,8.0,416.1142857142857,52.0,0.014285714285714285
24.624657534246577,demographic_sir_R0_comparison,0.12487156104587262,2.9416295814161482e-36,0.8751284389541205,8.0,416.1142857142857,52.0,0.014285714285714285
24.643835616438356,demographic_sir_R0_comparison,0.12511128942102145,2.9414284240484862e-36,0.8748887105789718,8.0,416.1142857142857,52.0,0.014285714285714285
24.663013698630138,demographic_sir_R0_comparison,0.12535095212615974,2.9468587503862362e-36,0.8746490478738334,8.0,416.1142857142857,52.0,0.014285714285714285
24.682191780821917,demographic_sir_R0_comparison,0.12559054917927673,2.9579502207885666e-36,0.8744094508207166,8.0,416.1142857142857,52.0,0.014285714285714285
24.7013698630137,demographic_sir_R0_comparison,0.12583008059835687,2.974765125701367e-36,0.8741699194016366,8.0,416.1142857142857,52.0,0.014285714285714285
24.720547945205478,demographic_sir_R0_comparison,0.12606954640137955,2.9973989685652084e-36,0.8739304535986138,8.0,416.1142857142857,52.0,0.014285714285714285
24.73972602739726,demographic_sir_R0_comparison,0.1263089466063194,3.025981369860865e-36,0.8736910533936739,8.0,416.1142857142857,52.0,0.014285714285714285
24.758904109589043,demographic_sir_R0_comparison,0.126548281231146,3.060677304273144e-36,0.8734517187688473,8.0,416.1142857142857,52.0,0.014285714285714285
24.778082191780822,demographic_sir_R0_comparison,0.126787550293824,3.101688687504245e-36,0.8732124497061694,8.0,416.1142857142857,52.0,0.014285714285714285
24.797260273972604,demographic_sir_R0_comparison,0.12702675381231326,3.1492563341020234e-36,0.8729732461876804,8.0,416.1142857142857,52.0,0.014285714285714285
24.816438356164383,demographic_sir_R0_comparison,0.1272658918045685,3.203662312872563e-36,0.8727341081954251,8.0,416.1142857142857,52.0,0.014285714285714285
24.835616438356166,demographic_sir_R0_comparison,0.12750496428853977,3.2652327321142926e-36,0.8724950357114538,8.0,416.1142857142857,52.0,0.014285714285714285
24.854794520547944,demographic_sir_R0_comparison,0.12774397128217205,3.3343409931450337e-36,0.8722560287178217,8.0,416.1142857142857,52.0,0.014285714285714285
24.873972602739727,demographic_sir_R0_comparison,0.12798291280340549,3.411411557511166e-36,0.8720170871965882,8.0,416.1142857142857,52.0,0.014285714285714285
24.893150684931506,demographic_sir_R0_comparison,0.12822178887017516,3.4969242809979426e-36,0.8717782111298186,8.0,416.1142857142857,52.0,0.014285714285714285
24.912328767123288,demographic_sir_R0_comparison,0.12846059950041144,3.5914193762527614e-36,0.8715394004995825,8.0,416.1142857142857,52.0,0.014285714285714285
24.93150684931507,demographic_sir_R0_comparison,0.12869934471203973,3.695503075655381e-36,0.8713006552879541,8.0,416.1142857142857,52.0,0.014285714285714285
24.95068493150685,demographic_sir_R0_comparison,0.12893802452298028,3.809854077218764e-36,0.8710619754770134,8.0,416.1142857142857,52.0,0.014285714285714285
24.96986301369863,demographic_sir_R0_comparison,0.12917663895114886,3.9352308690031895e-36,0.8708233610488448,8.0,416.1142857142857,52.0,0.014285714285714285
24.98904109589041,demographic_sir_R0_comparison,0.12941518801445595,4.0724800420361475e-36,0.8705848119855377,8.0,416.1142857142857,52.0,0.014285714285714285
25.008219178082193,demographic_sir_R0_comparison,0.1296536717308073,4.222545718353949e-36,0.8703463282691863,8.0,416.1142857142857,52.0,0.014285714285714285
25.027397260273972,demographic_sir_R0_comparison,0.12989209011810374,4.386480239865993e-36,0.8701079098818898,8.0,416.1142857142857,52.0,0.014285714285714285
25.046575342465754,demographic_sir_R0_comparison,0.13013044319424133,4.5654562857038036e-36,0.8698695568057523,8.0,416.1142857142857,52.0,0.014285714285714285
25.065753424657533,demographic_sir_R0_comparison,0.13036873097711085,4.760780611026448e-36,0.8696312690228826,8.0,416.1142857142857,52.0,0.014285714285714285
25.084931506849315,demographic_sir_R0_comparison,0.1306069534845986,4.973909629478279e-36,0.869393046515395,8.0,416.1142857142857,52.0,0.014285714285714285
25.104109589041094,demographic_sir_R0_comparison,0.13084511073458574,5.2064670952821364e-36,0.8691548892654077,8.0,416.1142857142857,52.0,0.014285714285714285
25.123287671232877,demographic_sir_R0_comparison,0.1310832027449486,5.460264180078797e-36,0.8689167972550451,8.0,416.1142857142857,52.0,0.014285714285714285
25.14246575342466,demographic_sir_R0_comparison,0.13132122953355857,5.737322284986316e-36,0.868678770466435,8.0,416.1142857142857,52.0,0.014285714285714285
25.161643835616438,demographic_sir_R0_comparison,0.13155919111828213,6.03989898102323e-36,0.8684408088817114,8.0,416.1142857142857,52.0,0.014285714285714285
25.18082191780822,demographic_sir_R0_comparison,0.131797087516981,6.370517532261149e-36,0.8682029124830125,8.0,416.1142857142857,52.0,0.014285714285714285
25.2,demographic_sir_R0_comparison,0.13203491874751183,6.732000527325618e-36,0.8679650812524816,8.0,416.1142857142857,52.0,0.014285714285714285
25.21917808219178,demographic_sir_R0_comparison,0.13227268482772664,7.127508227893425e-36,0.867727315172267,8.0,416.1142857142857,52.0,0.014285714285714285
25.23835616438356,demographic_sir_R0_comparison,0.13251038577547225,7.560582339690518e-36,0.8674896142245212,8.0,416.1142857142857,52.0,0.014285714285714285
25.257534246575343,demographic_sir_R0_comparison,0.13274802160859078,8.035196024626995e-36,0.8672519783914028,8.0,416.1142857142857,52.0,0.014285714285714285
25.276712328767122,demographic_sir_R0_comparison,0.13298559234491933,8.555811104983595e-36,0.8670144076550744,8.0,416.1142857142857,52.0,0.014285714285714285
25.295890410958904,demographic_sir_R0_comparison,0.13322309800229032,9.127443565427274e-36,0.8667769019977034,8.0,416.1142857142857,52.0,0.014285714285714285
25.315068493150687,demographic_sir_R0_comparison,0.13346053859853105,9.755738640124227e-36,0.8665394614014627,8.0,416.1142857142857,52.0,0.014285714285714285
25.334246575342465,demographic_sir_R0_comparison,0.133697914151464,1.0447056985184596e-35,0.8663020858485295,8.0,416.1142857142857,52.0,0.014285714285714285
25.353424657534248,demographic_sir_R0_comparison,0.13393522467890695,1.1208573686839303e-35,0.8660647753210867,8.0,416.1142857142857,52.0,0.014285714285714285
25.372602739726027,demographic_sir_R0_comparison,0.13417247019867254,1.204839214996687e-35,0.8658275298013208,8.0,416.1142857142857,52.0,0.014285714285714285
25.39178082191781,demographic_sir_R0_comparison,0.13440965072856886,1.2975675258017923e-35,0.8655903492714244,8.0,416.1142857142857,52.0,0.014285714285714285
25.410958904109588,demographic_sir_R0_comparison,0.13464676628639868,1.4000796603747234e-35,0.8653532337135946,8.0,416.1142857142857,52.0,0.014285714285714285
25.43013698630137,demographic_sir_R0_comparison,0.13488381688996026,1.5135515072127122e-35,0.865116183110033,8.0,416.1142857142857,52.0,0.014285714285714285
25.44931506849315,demographic_sir_R0_comparison,0.13512080255704678,1.6393176626271112e-35,0.8648791974429465,8.0,416.1142857142857,52.0,0.014285714285714285
25.46849315068493,demographic_sir_R0_comparison,0.13535772330544668,1.7788947820868857e-35,0.8646422766945466,8.0,416.1142857142857,52.0,0.014285714285714285
25.487671232876714,demographic_sir_R0_comparison,0.13559457915294346,1.9340086365483682e-35,0.8644054208470499,8.0,416.1142857142857,52.0,0.014285714285714285
25.506849315068493,demographic_sir_R0_comparison,0.13583137011731566,2.106625500616591e-35,0.8641686298826776,8.0,416.1142857142857,52.0,0.014285714285714285
25.526027397260275,demographic_sir_R0_comparison,0.13606809621633717,2.2989886117023554e-35,0.8639319037836561,8.0,416.1142857142857,52.0,0.014285714285714285
25.545205479452054,demographic_sir_R0_comparison,0.1363047574677768,2.5136605728446297e-35,0.8636952425322164,8.0,416.1142857142857,52.0,0.014285714285714285
25.564383561643837,demographic_sir_R0_comparison,0.13654135388939861,2.753572730748752e-35,0.8634586461105945,8.0,416.1142857142857,52.0,0.014285714285714285
25.583561643835615,demographic_sir_R0_comparison,0.13677788549896178,3.0220827498943576e-35,0.8632221145010313,8.0,416.1142857142857,52.0,0.014285714285714285
25.602739726027398,demographic_sir_R0_comparison,0.13701435231422057,3.323041829402228e-35,0.8629856476857726,8.0,416.1142857142857,52.0,0.014285714285714285
25.621917808219177,demographic_sir_R0_comparison,0.13725075435292444,3.6608732790848513e-35,0.8627492456470688,8.0,416.1142857142857,52.0,0.014285714285714285
25.64109589041096,demographic_sir_R0_comparison,0.13748709163281797,4.0406644936848213e-35,0.8625129083671753,8.0,416.1142857142857,52.0,0.014285714285714285
25.66027397260274,demographic_sir_R0_comparison,0.13772336417164086,4.468274750543104e-35,0.8622766358283526,8.0,416.1142857142857,52.0,0.014285714285714285
25.67945205479452,demographic_sir_R0_comparison,0.13795957198712788,4.950461718988397e-35,0.8620404280128654,8.0,416.1142857142857,52.0,0.014285714285714285
25.698630136986303,demographic_sir_R0_comparison,0.13819571509700918,5.495030125553149e-35,0.8618042849029841,8.0,416.1142857142857,52.0,0.014285714285714285
25.71780821917808,demographic_sir_R0_comparison,0.1384317935190097,6.11100668713021e-35,0.8615682064809834,8.0,416.1142857142857,52.0,0.014285714285714285
25.736986301369864,demographic_sir_R0_comparison,0.1386678072708499,6.808846228047084e-35,0.8613321927291433,8.0,416.1142857142857,52.0,0.014285714285714285
25.756164383561643,demographic_sir_R0_comparison,0.13890375637024507,7.600674865589895e-35,0.8610962436297482,8.0,416.1142857142857,52.0,0.014285714285714285
25.775342465753425,demographic_sir_R0_comparison,0.1391396408349059,8.500577317006223e-35,0.8608603591650875,8.0,416.1142857142857,52.0,0.014285714285714285
25.794520547945204,demographic_sir_R0_comparison,0.13937546068253798,9.524936792495876e-35,0.8606245393174553,8.0,416.1142857142857,52.0,0.014285714285714285
25.813698630136987,demographic_sir_R0_comparison,0.13961121593084236,1.0692837645911432e-34,0.860388784069151,8.0,416.1142857142857,52.0,0.014285714285714285
25.83287671232877,demographic_sir_R0_comparison,0.13984690659751492,1.202654302241273e-34,0.8601530934024785,8.0,416.1142857142857,52.0,0.014285714285714285
25.852054794520548,demographic_sir_R0_comparison,0.14008253270024687,1.3552062249478032e-34,0.8599174672997465,8.0,416.1142857142857,52.0,0.014285714285714285
25.87123287671233,demographic_sir_R0_comparison,0.14031809425672453,1.5299825761855805e-34,0.8596819057432689,8.0,416.1142857142857,52.0,0.014285714285714285
25.89041095890411,demographic_sir_R0_comparison,0.14055359128462933,1.7305489052115372e-34,0.8594464087153639,8.0,416.1142857142857,52.0,0.014285714285714285
25.90958904109589,demographic_sir_R0_comparison,0.140789023801638,1.961089164406704e-34,0.8592109761983552,8.0,416.1142857142857,52.0,0.014285714285714285
25.92876712328767,demographic_sir_R0_comparison,0.14102439182542229,2.2265202578519763e-34,0.858975608174571,8.0,416.1142857142857,52.0,0.014285714285714285
25.947945205479453,demographic_sir_R0_comparison,0.14125969537364924,2.5326290604570826e-34,0.858740304626344,8.0,416.1142857142857,52.0,0.014285714285714285
25.96712328767123,demographic_sir_R0_comparison,0.14149493446398081,2.886236546285611e-34,0.8585050655360124,8.0,416.1142857142857,52.0,0.014285714285714285
25.986301369863014,demographic_sir_R0_comparison,0.14173010911407444,3.295394667432277e-34,0.8582698908859189,8.0,416.1142857142857,52.0,0.014285714285714285
26.005479452054796,demographic_sir_R0_comparison,0.14196521934158254,3.76962285358294e-34,0.8580347806584109,8.0,416.1142857142857,52.0,0.014285714285714285
26.024657534246575,demographic_sir_R0_comparison,0.14220026516415257,4.320192510220862e-34,0.8577997348358407,8.0,416.1142857142857,52.0,0.014285714285714285
26.043835616438358,demographic_sir_R0_comparison,0.1424352465994275,4.960469746181822e-34,0.857564753400566,8.0,416.1142857142857,52.0,0.014285714285714285
26.063013698630137,demographic_sir_R0_comparison,0.14267016366504512,5.706328840880107e-34,0.8573298363349485,8.0,416.1142857142857,52.0,0.014285714285714285
26.08219178082192,demographic_sir_R0_comparison,0.14290501637863862,6.576651770183762e-34,0.857094983621355,8.0,416.1142857142857,52.0,0.014285714285714285
26.101369863013698,demographic_sir_R0_comparison,0.14313980475783622,7.593932575068881e-34,0.8568601952421574,8.0,416.1142857142857,52.0,0.014285714285714285
26.12054794520548,demographic_sir_R0_comparison,0.14337452882026144,8.785009638137971e-34,0.8566254711797322,8.0,416.1142857142857,52.0,0.014285714285714285
26.13972602739726,demographic_sir_R0_comparison,0.14360918858353275,1.018195422910716e-33,0.8563908114164606,8.0,416.1142857142857,52.0,0.014285714285714285
26.15890410958904,demographic_sir_R0_comparison,0.14384378406526416,1.18231502411774e-33,0.8561562159347292,8.0,416.1142857142857,52.0,0.014285714285714285
26.17808219178082,demographic_sir_R0_comparison,0.14407831528306447,1.3754608178999623e-33,0.855921684716929,8.0,416.1142857142857,52.0,0.014285714285714285
26.197260273972603,demographic_sir_R0_comparison,0.14431278225453797,1.6031566569273537e-33,0.8556872177454558,8.0,416.1142857142857,52.0,0.014285714285714285
26.216438356164385,demographic_sir_R0_comparison,0.14454718499728386,1.8720446541802303e-33,0.8554528150027098,8.0,416.1142857142857,52.0,0.014285714285714285
26.235616438356164,demographic_sir_R0_comparison,0.14478152352889662,2.190124099560672e-33,0.855218476471097,8.0,416.1142857142857,52.0,0.014285714285714285
26.254794520547946,demographic_sir_R0_comparison,0.14501579786696606,2.567043930781673e-33,0.8549842021330276,8.0,416.1142857142857,52.0,0.014285714285714285
26.273972602739725,demographic_sir_R0_comparison,0.1452500080290769,3.0144612955766063e-33,0.8547499919709168,8.0,416.1142857142857,52.0,0.014285714285714285
26.293150684931508,demographic_sir_R0_comparison,0.14548415403280926,3.5464817961222453e-33,0.8545158459671843,8.0,416.1142857142857,52.0,0.014285714285714285
26.312328767123287,demographic_sir_R0_comparison,0.14571823589573837,4.180200832080077e-33,0.8542817641042552,8.0,416.1142857142857,52.0,0.014285714285714285
26.33150684931507,demographic_sir_R0_comparison,0.1459522536354347,4.936370257606662e-33,0.8540477463645588,8.0,416.1142857142857,52.0,0.014285714285714285
26.350684931506848,demographic_sir_R0_comparison,0.1461862072694638,5.840220596266403e-33,0.8538137927305298,8.0,416.1142857142857,52.0,0.014285714285714285
26.36986301369863,demographic_sir_R0_comparison,0.14642009681538645,6.922476641858463e-33,0.853579903184607,8.0,416.1142857142857,52.0,0.014285714285714285
26.389041095890413,demographic_sir_R0_comparison,0.14665392229075858,8.220613827650844e-33,0.8533460777092348,8.0,416.1142857142857,52.0,0.014285714285714285
26.40821917808219,demographic_sir_R0_comparison,0.14688768371313143,9.78041480056189e-33,0.8531123162868619,8.0,416.1142857142857,52.0,0.014285714285714285
26.427397260273974,demographic_sir_R0_comparison,0.14712138110005143,1.1657900866109365e-32,0.8528786188999419,8.0,416.1142857142857,52.0,0.014285714285714285
26.446575342465753,demographic_sir_R0_comparison,0.14735501446906005,1.392173223853015e-32,0.8526449855309337,8.0,416.1142857142857,52.0,0.014285714285714285
26.465753424657535,demographic_sir_R0_comparison,0.14758858383769402,1.6656195444846296e-32,0.8524114161623,8.0,416.1142857142857,52.0,0.014285714285714285
26.484931506849314,demographic_sir_R0_comparison,0.1478220892234854,1.9964927210653282e-32,0.8521779107765087,8.0,416.1142857142857,52.0,0.014285714285714285
26.504109589041096,demographic_sir_R0_comparison,0.14805553064396115,2.3975563521172352e-32,0.851944469356033,8.0,416.1142857142857,52.0,0.014285714285714285
26.523287671232875,demographic_sir_R0_comparison,0.14828890811664372,2.8845552646641117e-32,0.8517110918833505,8.0,416.1142857142857,52.0,0.014285714285714285
26.542465753424658,demographic_sir_R0_comparison,0.1485222216590507,3.4769434763928994e-32,0.8514777783409434,8.0,416.1142857142857,52.0,0.014285714285714285
26.56164383561644,demographic_sir_R0_comparison,0.14875547128869482,4.1987972287436666e-32,0.8512445287112992,8.0,416.1142857142857,52.0,0.014285714285714285
26.58082191780822,demographic_sir_R0_comparison,0.14898865702308392,5.079961916729313e-32,0.8510113429769103,8.0,416.1142857142857,52.0,0.014285714285714285
26.6,demographic_sir_R0_comparison,0.1492217788797213,6.157495072045505e-32,0.850778221120273,8.0,416.1142857142857,52.0,0.014285714285714285
26.61917808219178,demographic_sir_R0_comparison,0.14945483687610514,7.47748464475692e-32,0.8505451631238892,8.0,416.1142857142857,52.0,0.014285714285714285
26.638356164383563,demographic_sir_R0_comparison,0.14968783102972913,9.097343767198217e-32,0.8503121689702648,8.0,416.1142857142857,52.0,0.014285714285714285
26.65753424657534,demographic_sir_R0_comparison,0.149920761358082,1.1088711389545644e-31,0.8500792386419118,8.0,416.1142857142857,52.0,0.014285714285714285
26.676712328767124,demographic_sir_R0_comparison,0.15015362787864775,1.3541124494049585e-31,0.8498463721213461,8.0,416.1142857142857,52.0,0.014285714285714285
26.695890410958903,demographic_sir_R0_comparison,0.15038643060890558,1.656667442631321e-31,0.849613569391088,8.0,416.1142857142857,52.0,0.014285714285714285
26.715068493150685,demographic_sir_R0_comparison,0.15061916956632987,2.0305920360875514e-31,0.8493808304336635,8.0,416.1142857142857,52.0,0.014285714285714285
26.734246575342468,demographic_sir_R0_comparison,0.15085184476839028,2.493541113807678e-31,0.8491481552316029,8.0,416.1142857142857,52.0,0.014285714285714285
26.753424657534246,demographic_sir_R0_comparison,0.1510844562325516,3.067726802502912e-31,0.8489155437674417,8.0,416.1142857142857,52.0,0.014285714285714285
26.77260273972603,demographic_sir_R0_comparison,0.15131700397627387,3.781141238137377e-31,0.8486829960237194,8.0,416.1142857142857,52.0,0.014285714285714285
26.791780821917808,demographic_sir_R0_comparison,0.15154948801701232,4.669119295565549e-31,0.8484505119829809,8.0,416.1142857142857,52.0,0.014285714285714285
26.81095890410959,demographic_sir_R0_comparison,0.15178190837221756,5.776338969590008e-31,0.8482180916277757,8.0,416.1142857142857,52.0,0.014285714285714285
26.83013698630137,demographic_sir_R0_comparison,0.15201426505933513,7.159386044402044e-31,0.847985734940658,8.0,416.1142857142857,52.0,0.014285714285714285
26.84931506849315,demographic_sir_R0_comparison,0.15224655809580606,8.890047467228988e-31,0.847753441904187,8.0,416.1142857142857,52.0,0.014285714285714285
26.86849315068493,demographic_sir_R0_comparison,0.1524787874990665,1.105954721911547e-30,0.8475212125009265,8.0,416.1142857142857,52.0,0.014285714285714285
26.887671232876713,demographic_sir_R0_comparison,0.15271095328654777,1.3784003109612077e-30,0.8472890467134453,8.0,416.1142857142857,52.0,0.014285714285714285
26.906849315068495,demographic_sir_R0_comparison,0.15294305547567655,1.721146765511878e-30,0.8470569445243166,8.0,416.1142857142857,52.0,0.014285714285714285
26.926027397260274,demographic_sir_R0_comparison,0.1531750940838745,2.1531027451895787e-30,0.8468249059161185,8.0,416.1142857142857,52.0,0.014285714285714285
26.945205479452056,demographic_sir_R0_comparison,0.15340706912855884,2.6984581745924265e-30,0.8465929308714343,8.0,416.1142857142857,52.0,0.014285714285714285
26.964383561643835,demographic_sir_R0_comparison,0.15363898062714165,3.388211356265347e-30,0.8463610193728515,8.0,416.1142857142857,52.0,0.014285714285714285
26.983561643835618,demographic_sir_R0_comparison,0.1538708285970306,4.262152087579381e-30,0.8461291714029625,8.0,416.1142857142857,52.0,0.014285714285714285
27.002739726027396,demographic_sir_R0_comparison,0.1541026130556283,5.371441098183949e-30,0.845897386944365,8.0,416.1142857142857,52.0,0.014285714285714285
27.02191780821918,demographic_sir_R0_comparison,0.15433433402033284,6.781970537082908e-30,0.8456656659796604,8.0,416.1142857142857,52.0,0.014285714285714285
27.041095890410958,demographic_sir_R0_comparison,0.1545659915085374,8.578749087425832e-30,0.8454340084914561,8.0,416.1142857142857,52.0,0.014285714285714285
27.06027397260274,demographic_sir_R0_comparison,0.15479758553763043,1.0871633385634422e-29,0.8452024144623629,8.0,416.1142857142857,52.0,0.014285714285714285
27.07945205479452,demographic_sir_R0_comparison,0.1550291161249955,1.3802831225701754e-29,0.844970883874998,8.0,416.1142857142857,52.0,0.014285714285714285
27.0986301369863,demographic_sir_R0_comparison,0.15526058328801165,1.7556740213407864e-29,0.8447394167119819,8.0,416.1142857142857,52.0,0.014285714285714285
27.117808219178084,demographic_sir_R0_comparison,0.155491987044053,2.2372869769626283e-29,0.8445080129559405,8.0,416.1142857142857,52.0,0.014285714285714285
27.136986301369863,demographic_sir_R0_comparison,0.15572332741048883,2.856284039403264e-29,0.8442766725895045,8.0,416.1142857142857,52.0,0.014285714285714285
27.156164383561645,demographic_sir_R0_comparison,0.15595460440468395,3.6532783115245267e-29,0.8440453955953094,8.0,416.1142857142857,52.0,0.014285714285714285
27.175342465753424,demographic_sir_R0_comparison,0.1561858180439981,4.681290275888396e-29,0.8438141819559952,8.0,416.1142857142857,52.0,0.014285714285714285
27.194520547945206,demographic_sir_R0_comparison,0.1564169683457865,6.009655989554917e-29,0.8435830316542068,8.0,416.1142857142857,52.0,0.014285714285714285
27.213698630136985,demographic_sir_R0_comparison,0.15664805532739942,7.729202073464217e-29,0.8433519446725939,8.0,416.1142857142857,52.0,0.014285714285714285
27.232876712328768,demographic_sir_R0_comparison,0.15687907900618264,9.959109329302476e-29,0.8431209209938108,8.0,416.1142857142857,52.0,0.014285714285714285
27.252054794520546,demographic_sir_R0_comparison,0.1571100393994769,1.2856030909894462e-28,0.8428899606005166,8.0,416.1142857142857,52.0,0.014285714285714285
27.27123287671233,demographic_sir_R0_comparison,0.15734093652461836,1.6626225488440406e-28,0.8426590634753752,8.0,416.1142857142857,52.0,0.014285714285714285
27.29041095890411,demographic_sir_R0_comparison,0.15757177039893844,2.154172887564812e-28,0.8424282296010551,8.0,416.1142857142857,52.0,0.014285714285714285
27.30958904109589,demographic_sir_R0_comparison,0.15780254103976354,2.796194369153986e-28,0.84219745896023,8.0,416.1142857142857,52.0,0.014285714285714285
27.328767123287673,demographic_sir_R0_comparison,0.15803324846441577,3.6362509762720653e-28,0.8419667515355778,8.0,416.1142857142857,52.0,0.014285714285714285
27.34794520547945,demographic_sir_R0_comparison,0.15826389269021218,4.737397413652645e-28,0.8417361073097815,8.0,416.1142857142857,52.0,0.014285714285714285
27.367123287671234,demographic_sir_R0_comparison,0.15849447373446518,6.183367245421692e-28,0.8415055262655285,8.0,416.1142857142857,52.0,0.014285714285714285
27.386301369863013,demographic_sir_R0_comparison,0.15872499161448228,8.085545015022418e-28,0.8412750083855114,8.0,416.1142857142857,52.0,0.014285714285714285
27.405479452054795,demographic_sir_R0_comparison,0.1589554463475665,1.0592351264564705e-27,0.8410445536524273,8.0,416.1142857142857,52.0,0.014285714285714285
27.424657534246574,demographic_sir_R0_comparison,0.15918583795101596,1.3901896397056307e-27,0.840814162048978,8.0,416.1142857142857,52.0,0.014285714285714285
27.443835616438356,demographic_sir_R0_comparison,0.15941616644212417,1.82790701739478e-27,0.8405838335578699,8.0,416.1142857142857,52.0,0.014285714285714285
27.46301369863014,demographic_sir_R0_comparison,0.15964643183817973,2.407865993513069e-27,0.8403535681618144,8.0,416.1142857142857,52.0,0.014285714285714285
27.482191780821918,demographic_sir_R0_comparison,0.1598766341564665,3.177667617228934e-27,0.8401233658435276,8.0,416.1142857142857,52.0,0.014285714285714285
27.5013698630137,demographic_sir_R0_comparison,0.16010677341426388,4.2012869647288505e-27,0.8398932265857302,8.0,416.1142857142857,52.0,0.014285714285714285
27.52054794520548,demographic_sir_R0_comparison,0.16033684962884617,5.564853425933858e-27,0.8396631503711479,8.0,416.1142857142857,52.0,0.014285714285714285
27.53972602739726,demographic_sir_R0_comparison,0.16056686281748325,7.384522182772766e-27,0.8394331371825108,8.0,416.1142857142857,52.0,0.014285714285714285
27.55890410958904,demographic_sir_R0_comparison,0.16079681299744011,9.81721126389827e-27,0.8392031870025539,8.0,416.1142857142857,52.0,0.014285714285714285
27.578082191780823,demographic_sir_R0_comparison,0.16102670018597703,1.3075271762116426e-26,0.838973299814017,8.0,416.1142857142857,52.0,0.014285714285714285
27.5972602739726,demographic_sir_R0_comparison,0.16125652440034954,1.744656539822911e-26,0.8387434755996446,8.0,416.1142857142857,52.0,0.014285714285714285
27.616438356164384,demographic_sir_R0_comparison,0.16148628565780854,2.332198836663106e-26,0.8385137143421854,8.0,416.1142857142857,52.0,0.014285714285714285
27.635616438356166,demographic_sir_R0_comparison,0.16171598397560008,3.1233266077086725e-26,0.8382840160243935,8.0,416.1142857142857,52.0,0.014285714285714285
27.654794520547945,demographic_sir_R0_comparison,0.16194561937096552,4.1904938191411584e-26,0.838054380629028,8.0,416.1142857142857,52.0,0.014285714285714285
27.673972602739727,demographic_sir_R0_comparison,0.16217519186114157,5.632598130041374e-26,0.8378248081388519,8.0,416.1142857142857,52.0,0.014285714285714285
27.693150684931506,demographic_sir_R0_comparison,0.16240470146336017,7.584865250565966e-26,0.8375952985366335,8.0,416.1142857142857,52.0,0.014285714285714285
27.71232876712329,demographic_sir_R0_comparison,0.16263414819484848,1.0232512777630223e-25,0.837365851805145,8.0,416.1142857142857,52.0,0.014285714285714285
27.731506849315068,demographic_sir_R0_comparison,0.162863532072829,1.3829670298357486e-25,0.8371364679271643,8.0,416.1142857142857,52.0,0.014285714285714285
27.75068493150685,demographic_sir_R0_comparison,0.16309285311451957,1.8725621671142424e-25,0.8369071468854736,8.0,416.1142857142857,52.0,0.014285714285714285
27.76986301369863,demographic_sir_R0_comparison,0.16332211133713326,2.5401264241864437e-25,0.83667788866286,8.0,416.1142857142857,52.0,0.014285714285714285
27.78904109589041,demographic_sir_R0_comparison,0.1635513067578784,3.451984776220879e-25,0.8364486932421149,8.0,416.1142857142857,52.0,0.014285714285714285
27.808219178082194,demographic_sir_R0_comparison,0.16378043939395864,4.699770439041044e-25,0.8362195606060349,8.0,416.1142857142857,52.0,0.014285714285714285
27.827397260273973,demographic_sir_R0_comparison,0.16400950926257277,6.410301188956007e-25,0.8359904907374207,8.0,416.1142857142857,52.0,0.014285714285714285
27.846575342465755,demographic_sir_R0_comparison,0.16423851638091522,8.759393255715937e-25,0.8357614836190783,8.0,416.1142857142857,52.0,0.014285714285714285
27.865753424657534,demographic_sir_R0_comparison,0.16446746076617524,1.1991215151964036e-24,0.835532539233818,8.0,416.1142857142857,52.0,0.014285714285714285
27.884931506849316,demographic_sir_R0_comparison,0.16469634243553788,1.644544881560687e-24,0.8353036575644553,8.0,416.1142857142857,52.0,0.014285714285714285
27.904109589041095,demographic_sir_R0_comparison,0.16492516140618307,2.259547171417371e-24,0.8350748385938103,8.0,416.1142857142857,52.0,0.014285714285714285
27.923287671232877,demographic_sir_R0_comparison,0.16515391769528623,3.110212223406461e-24,0.8348460823047069,8.0,416.1142857142857,52.0,0.014285714285714285
27.942465753424656,demographic_sir_R0_comparison,0.165382611320018,4.288953599602152e-24,0.8346173886799753,8.0,416.1142857142857,52.0,0.014285714285714285
27.96164383561644,demographic_sir_R0_comparison,0.16561124229754445,5.9252293723177676e-24,0.8343887577024489,8.0,416.1142857142857,52.0,0.014285714285714285
27.98082191780822,demographic_sir_R0_comparison,0.16583981064502673,8.200706414684364e-24,0.8341601893549666,8.0,416.1142857142857,52.0,0.014285714285714285
28.0,demographic_sir_R0_comparison,0.16606831637962138,1.1370758164245838e-23,0.833931683620372,8.0,416.1142857142857,52.0,0.014285714285714285
28.019178082191782,demographic_sir_R0_comparison,0.1662967595184804,1.579499255936208e-23,0.8337032404815129,8.0,416.1142857142857,52.0,0.014285714285714285
28.03835616438356,demographic_sir_R0_comparison,0.16652514007875088,2.1980676551155723e-23,0.8334748599212424,8.0,416.1142857142857,52.0,0.014285714285714285
28.057534246575344,demographic_sir_R0_comparison,0.16675345807757533,3.0644609808272686e-23,0.8332465419224181,8.0,416.1142857142857,52.0,0.014285714285714285
28.076712328767123,demographic_sir_R0_comparison,0.1669817135320914,4.28014350064466e-23,0.8330182864679019,8.0,416.1142857142857,52.0,0.014285714285714285
28.095890410958905,demographic_sir_R0_comparison,0.16720990645943234,5.988989348385611e-23,0.8327900935405609,8.0,416.1142857142857,52.0,0.014285714285714285
28.115068493150684,demographic_sir_R0_comparison,0.16743803687672643,8.395363632026392e-23,0.8325619631232666,8.0,416.1142857142857,52.0,0.014285714285714285
28.134246575342466,demographic_sir_R0_comparison,0.16766610480109742,1.1790060298243604e-22,0.8323338951988956,8.0,416.1142857142857,52.0,0.014285714285714285
28.153424657534245,demographic_sir_R0_comparison,0.16789411024966425,1.6587573788313548e-22,0.8321058897503288,8.0,416.1142857142857,52.0,0.014285714285714285
28.172602739726027,demographic_sir_R0_comparison,0.16812205323954132,2.3379747682295506e-22,0.8318779467604518,8.0,416.1142857142857,52.0,0.014285714285714285
28.19178082191781,demographic_sir_R0_comparison,0.1683499337878382,3.3013127260879207e-22,0.8316500662121548,8.0,416.1142857142857,52.0,0.014285714285714285
28.21095890410959,demographic_sir_R0_comparison,0.16857775191165983,4.670067845133887e-22,0.8314222480883331,8.0,416.1142857142857,52.0,0.014285714285714285
28.23013698630137,demographic_sir_R0_comparison,0.16880550762810656,6.618341538754907e-22,0.8311944923718865,8.0,416.1142857142857,52.0,0.014285714285714285
28.24931506849315,demographic_sir_R0_comparison,0.16903320095427374,9.396462945038383e-22,0.8309667990457191,8.0,416.1142857142857,52.0,0.014285714285714285
28.268493150684932,demographic_sir_R0_comparison,0.1692608319072525,1.3364990817470626e-21,0.8307391680927405,8.0,416.1142857142857,52.0,0.014285714285714285
28.28767123287671,demographic_sir_R0_comparison,0.16948840050412883,1.9044156280096914e-21,0.8305115994958642,8.0,416.1142857142857,52.0,0.014285714285714285
28.306849315068494,demographic_sir_R0_comparison,0.1697159067619844,2.718588061695574e-21,0.8302840932380084,8.0,416.1142857142857,52.0,0.014285714285714285
28.326027397260273,demographic_sir_R0_comparison,0.16994335069789596,3.887885397129845e-21,0.8300566493020971,8.0,416.1142857142857,52.0,0.014285714285714285
28.345205479452055,demographic_sir_R0_comparison,0.17017073232893573,5.5702112852583644e-21,0.8298292676710572,8.0,416.1142857142857,52.0,0.014285714285714285
28.364383561643837,demographic_sir_R0_comparison,0.17039805167217126,7.994988284223443e-21,0.8296019483278219,8.0,416.1142857142857,52.0,0.014285714285714285
28.383561643835616,demographic_sir_R0_comparison,0.17062530874466522,1.149613162076768e-20,0.8293746912553278,8.0,416.1142857142857,52.0,0.014285714285714285
28.4027397260274,demographic_sir_R0_comparison,0.1708525035634759,1.656048838406312e-20,0.8291474964365171,8.0,416.1142857142857,52.0,0.014285714285714285
28.421917808219177,demographic_sir_R0_comparison,0.17107963614565663,2.389911696467406e-20,0.8289203638543363,8.0,416.1142857142857,52.0,0.014285714285714285
28.44109589041096,demographic_sir_R0_comparison,0.17130670650825638,3.4552355137348136e-20,0.8286932934917366,8.0,416.1142857142857,52.0,0.014285714285714285
28.46027397260274,demographic_sir_R0_comparison,0.1715337146683191,5.004495753779958e-20,0.828466285331674,8.0,416.1142857142857,52.0,0.014285714285714285
28.47945205479452,demographic_sir_R0_comparison,0.17176066064288434,7.261555314730382e-20,0.8282393393571087,8.0,416.1142857142857,52.0,0.014285714285714285
28.4986301369863,demographic_sir_R0_comparison,0.1719875444489868,1.0555660506036736e-19,0.8280124555510061,8.0,416.1142857142857,52.0,0.014285714285714285
28.517808219178082,demographic_sir_R0_comparison,0.1722143661036567,1.537189472369174e-19,0.827785633896336,8.0,416.1142857142857,52.0,0.014285714285714285
28.536986301369865,demographic_sir_R0_comparison,0.1724411256239195,2.2426184841423527e-19,0.8275588743760732,8.0,416.1142857142857,52.0,0.014285714285714285
28.556164383561644,demographic_sir_R0_comparison,0.1726678230267959,3.27769988774664e-19,0.827332176973197,8.0,416.1142857142857,52.0,0.014285714285714285
28.575342465753426,demographic_sir_R0_comparison,0.17289445832930211,4.799196728038979e-19,0.827105541670691,8.0,416.1142857142857,52.0,0.014285714285714285
28.594520547945205,demographic_sir_R0_comparison,0.17312103154844954,7.039685898853421e-19,0.8268789684515435,8.0,416.1142857142857,52.0,0.014285714285714285
28.613698630136987,demographic_sir_R0_comparison,0.1733475427012451,1.0344825242819545e-18,0.826652457298748,8.0,416.1142857142857,52.0,0.014285714285714285
28.632876712328766,demographic_sir_R0_comparison,0.1735739918046908,1.5229230756103881e-18,0.8264260081953023,8.0,416.1142857142857,52.0,0.014285714285714285
28.65205479452055,demographic_sir_R0_comparison,0.17380037887578426,2.2460400357521596e-18,0.826199621124209,8.0,416.1142857142857,52.0,0.014285714285714285
28.671232876712327,demographic_sir_R0_comparison,0.17402670393151823,3.318497705580916e-18,0.825973296068475,8.0,416.1142857142857,52.0,0.014285714285714285
28.69041095890411,demographic_sir_R0_comparison,0.17425296698888101,4.911903630239748e-18,0.8257470330111125,8.0,416.1142857142857,52.0,0.014285714285714285
28.709589041095892,demographic_sir_R0_comparison,0.174479168064856,7.283535241385217e-18,0.8255208319351376,8.0,416.1142857142857,52.0,0.014285714285714285
28.72876712328767,demographic_sir_R0_comparison,0.17470530717642208,1.0819781040822315e-17,0.8252946928235713,8.0,416.1142857142857,52.0,0.014285714285714285
28.747945205479454,demographic_sir_R0_comparison,0.17493138434055358,1.6101945831581088e-17,0.82506861565944,8.0,416.1142857142857,52.0,0.014285714285714285
28.767123287671232,demographic_sir_R0_comparison,0.17515739957421994,2.400610376204135e-17,0.8248426004257736,8.0,416.1142857142857,52.0,0.014285714285714285
28.786301369863015,demographic_sir_R0_comparison,0.1753833528943862,3.585487479886218e-17,0.8246166471056072,8.0,416.1142857142857,52.0,0.014285714285714285
28.805479452054794,demographic_sir_R0_comparison,0.17560924431801256,5.3648519428722144e-17,0.8243907556819808,8.0,416.1142857142857,52.0,0.014285714285714285
28.824657534246576,demographic_sir_R0_comparison,0.1758350738620547,8.041740530959434e-17,0.8241649261379389,8.0,416.1142857142857,52.0,0.014285714285714285
28.843835616438355,demographic_sir_R0_comparison,0.17606084154346355,1.2076051099239113e-16,0.8239391584565302,8.0,416.1142857142857,52.0,0.014285714285714285
28.863013698630137,demographic_sir_R0_comparison,0.17628654737918545,1.8166956809092247e-16,0.8237134526208084,8.0,416.1142857142857,52.0,0.014285714285714285
28.88219178082192,demographic_sir_R0_comparison,0.17651219138616203,2.737925123575822e-16,0.8234878086138316,8.0,416.1142857142857,52.0,0.014285714285714285
28.9013698630137,demographic_sir_R0_comparison,0.1767377735813303,4.133737337079961e-16,0.8232622264186632,8.0,416.1142857142857,52.0,0.014285714285714285
28.92054794520548,demographic_sir_R0_comparison,0.17696329398162264,6.252387718379511e-16,0.8230367060183706,8.0,416.1142857142857,52.0,0.014285714285714285
28.93972602739726,demographic_sir_R0_comparison,0.1771887526039666,9.473935510375455e-16,0.8228112473960264,8.0,416.1142857142857,52.0,0.014285714285714285
28.958904109589042,demographic_sir_R0_comparison,0.17741414946528533,1.4381236617867204e-15,0.8225858505347071,8.0,416.1142857142857,52.0,0.014285714285714285
28.97808219178082,demographic_sir_R0_comparison,0.17763948458249695,2.1869714350419846e-15,0.8223605154174949,8.0,416.1142857142857,52.0,0.014285714285714285
28.997260273972604,demographic_sir_R0_comparison,0.17786475797251486,3.331738030900671e-15,0.8221352420274759,8.0,416.1142857142857,52.0,0.014285714285714285
29.016438356164382,demographic_sir_R0_comparison,0.17808996965224752,5.0848626320018425e-15,0.8219100303477417,8.0,416.1142857142857,52.0,0.014285714285714285
29.035616438356165,demographic_sir_R0_comparison,0.17831511963859858,7.77442060626504e-15,0.8216848803613881,8.0,416.1142857142857,52.0,0.014285714285714285
29.054794520547947,demographic_sir_R0_comparison,0.17854020794846634,1.19079514733277e-14,0.8214597920515163,8.0,416.1142857142857,52.0,0.014285714285714285
29.073972602739726,demographic_sir_R0_comparison,0.1787652345987434,1.8271999774067637e-14,0.8212347654012329,8.0,416.1142857142857,52.0,0.014285714285714285
29.09315068493151,demographic_sir_R0_comparison,0.17899019960631668,2.8087616983979503e-14,0.8210098003936496,8.0,416.1142857142857,52.0,0.014285714285714285
29.112328767123287,demographic_sir_R0_comparison,0.17921510298806595,4.3253701792234745e-14,0.8207848970118854,8.0,416.1142857142857,52.0,0.014285714285714285
29.13150684931507,demographic_sir_R0_comparison,0.17943994476086306,6.672844893726985e-14,0.8205600552390646,8.0,416.1142857142857,52.0,0.014285714285714285
29.15068493150685,demographic_sir_R0_comparison,0.17966472494156976,1.0312831590756496e-13,0.8203352750583215,8.0,416.1142857142857,52.0,0.014285714285714285
29.16986301369863,demographic_sir_R0_comparison,0.17988944354703496,1.596701581214489e-13,0.8201105564527996,8.0,416.1142857142857,52.0,0.014285714285714285
29.18904109589041,demographic_sir_R0_comparison,0.18011410059408955,2.4765568715171255e-13,0.8198858994056571,8.0,416.1142857142857,52.0,0.014285714285714285
29.208219178082192,demographic_sir_R0_comparison,0.18033869609953934,3.8481444227179184e-13,0.8196613039000702,8.0,416.1142857142857,52.0,0.014285714285714285
29.22739726027397,demographic_sir_R0_comparison,0.18056323008015293,5.990081265020824e-13,0.8194367699192423,8.0,416.1142857142857,52.0,0.014285714285714285
29.246575342465754,demographic_sir_R0_comparison,0.18078770255264337,9.340973639026723e-13,0.8192122974464167,8.0,416.1142857142857,52.0,0.014285714285714285
29.265753424657536,demographic_sir_R0_comparison,0.1810121135336382,1.4592491406515658e-12,0.8189878864648967,8.0,416.1142857142857,52.0,0.014285714285714285
29.284931506849315,demographic_sir_R0_comparison,0.18123646303963276,2.283728125453512e-12,0.8187635369580778,8.0,416.1142857142857,52.0,0.014285714285714285
29.304109589041097,demographic_sir_R0_comparison,0.18146075108691637,3.5804432644773416e-12,0.8185392489094977,8.0,416.1142857142857,52.0,0.014285714285714285
29.323287671232876,demographic_sir_R0_comparison,0.1816849776914533,5.623496389233451e-12,0.8183150223029177,8.0,416.1142857142857,52.0,0.014285714285714285
29.34246575342466,demographic_sir_R0_comparison,0.18190914286869486,8.848161899319133e-12,0.8180908571224517,8.0,416.1142857142857,52.0,0.014285714285714285
29.361643835616437,demographic_sir_R0_comparison,0.18213324663327862,1.3946861983323372e-11,0.8178667533527693,8.0,416.1142857142857,52.0,0.014285714285714285
29.38082191780822,demographic_sir_R0_comparison,0.18235728899854772,2.2023002888704555e-11,0.8176427109794239,8.0,416.1142857142857,52.0,0.014285714285714285
29.4,demographic_sir_R0_comparison,0.18258126997578047,3.4837978392195967e-11,0.8174187299893761,8.0,416.1142857142857,52.0,0.014285714285714285
29.41917808219178,demographic_sir_R0_comparison,0.18280518957295547,5.520844558086997e-11,0.8171948103718306,8.0,416.1142857142857,52.0,0.014285714285714285
29.438356164383563,demographic_sir_R0_comparison,0.18302904779276574,8.764639249013725e-11,0.8169709521195824,8.0,416.1142857142857,52.0,0.014285714285714285
29.457534246575342,demographic_sir_R0_comparison,0.18325284462942226,1.3939214783941306e-10,0.8167471552311801,8.0,416.1142857142857,52.0,0.014285714285714285
29.476712328767125,demographic_sir_R0_comparison,0.18347658006349915,2.2208442437284447e-10,0.8165234197144111,8.0,416.1142857142857,52.0,0.014285714285714285
29.495890410958904,demographic_sir_R0_comparison,0.18370025405360504,3.5446487415532745e-10,0.8162997455919248,8.0,416.1142857142857,52.0,0.014285714285714285
29.515068493150686,demographic_sir_R0_comparison,0.18392386652290624,5.667655043468416e-10,0.8160761329103228,8.0,416.1142857142857,52.0,0.014285714285714285
29.534246575342465,demographic_sir_R0_comparison,0.18414741733727835,9.078382995267591e-10,0.8158525817548778,8.0,416.1142857142857,52.0,0.014285714285714285
29.553424657534247,demographic_sir_R0_comparison,0.18437090626982733,1.4567608606125359e-09,0.8156290922734062,8.0,416.1142857142857,52.0,0.014285714285714285
29.572602739726026,demographic_sir_R0_comparison,0.18459433294317537,2.3417605539078e-09,0.8154056647150584,8.0,416.1142857142857,52.0,0.014285714285714285
29.59178082191781,demographic_sir_R0_comparison,0.18481769673541565,3.771125179723804e-09,0.8151822994934534,8.0,416.1142857142857,52.0,0.014285714285714285
29.61095890410959,demographic_sir_R0_comparison,0.1850409966265987,6.083779044592659e-09,0.8149589972896164,8.0,416.1142857142857,52.0,0.014285714285714285
29.63013698630137,demographic_sir_R0_comparison,0.18526423094771557,9.832177579164598e-09,0.814735759220101,8.0,416.1142857142857,52.0,0.014285714285714285
29.649315068493152,demographic_sir_R0_comparison,0.18548739696953917,1.5918405387895298e-08,0.8145125871120497,8.0,416.1142857142857,52.0,0.014285714285714285
29.66849315068493,demographic_sir_R0_comparison,0.18571049022799468,2.5818007885219504e-08,0.8142894839539917,8.0,416.1142857142857,52.0,0.014285714285714285
29.687671232876713,demographic_sir_R0_comparison,0.18593350341531917,4.1948743390766965e-08,0.8140664546359319,8.0,416.1142857142857,52.0,0.014285714285714285
29.706849315068492,demographic_sir_R0_comparison,0.18615642455439407,6.827912449544175e-08,0.8138435071664759,8.0,416.1142857142857,52.0,0.014285714285714285
29.726027397260275,demographic_sir_R0_comparison,0.18637923398767603,1.1133439231407499e-07,0.8136206546779261,8.0,416.1142857142857,52.0,0.014285714285714285
29.745205479452054,demographic_sir_R0_comparison,0.18660189940251215,1.818623149088536e-07,0.8133979187351673,8.0,416.1142857142857,52.0,0.014285714285714285
29.764383561643836,demographic_sir_R0_comparison,0.18682436759823667,2.9759626463430985e-07,0.8131753348054931,8.0,416.1142857142857,52.0,0.014285714285714285
29.78356164383562,demographic_sir_R0_comparison,0.18704655083785168,4.878460609009848e-07,0.8129529613160819,8.0,416.1142857142857,52.0,0.014285714285714285
29.802739726027397,demographic_sir_R0_comparison,0.18726830418401133,8.011382691209918e-07,0.8127308946777139,8.0,416.1142857142857,52.0,0.014285714285714285
29.82191780821918,demographic_sir_R0_comparison,0.18748938780132687,1.3179521122683547e-06,0.8125092942465553,8.0,416.1142857142857,52.0,0.014285714285714285
29.84109589041096,demographic_sir_R0_comparison,0.18770940415137702,2.1719824337141947e-06,0.8122884238661836,8.0,416.1142857142857,52.0,0.014285714285714285
29.86027397260274,demographic_sir_R0_comparison,0.18792769319689243,3.5856902108778257e-06,0.812068721112891,8.0,416.1142857142857,52.0,0.014285714285714285
29.87945205479452,demographic_sir_R0_comparison,0.18814315729094586,5.929816768639034e-06,0.8118509128922801,8.0,416.1142857142857,52.0,0.014285714285714285
29.898630136986302,demographic_sir_R0_comparison,0.18835396821160996,9.823113073250576e-06,0.8116362086753113,8.0,416.1142857142857,52.0,0.014285714285714285
29.91780821917808,demographic_sir_R0_comparison,0.1885570765787993,1.6299542383322226e-05,0.8114266238788118,8.0,416.1142857142857,52.0,0.014285714285714285
29.936986301369863,demographic_sir_R0_comparison,0.18874739005315708,2.7088522055026767e-05,0.8112255214247824,8.0,416.1142857142857,52.0,0.014285714285714285
29.956164383561646,demographic_sir_R0_comparison,0.18891639744348898,4.5083850895296716e-05,0.8110385187056102,8.0,416.1142857142857,52.0,0.014285714285714285
29.975342465753425,demographic_sir_R0_comparison,0.1890498698964001,7.512527876877108e-05,0.8108750048248256,8.0,416.1142857142857,52.0,0.014285714285714285
29.994520547945207,demographic_sir_R0_comparison,0.18912403794395738,0.00012529096131607556,0.810750671094721,8.0,416.1142857142857,52.0,0.014285714285714285
30.013698630136986,demographic_sir_R0_comparison,0.18909929144451765,0.00020900349991670626,0.81069170505556,8.0,416.1142857142857,52.0,0.014285714285714285
30.03287671232877,demographic_sir_R0_comparison,0.18890997083612887,0.0003483697405166629,0.8107416594233489,8.0,416.1142857142857,52.0,0.014285714285714285
30.052054794520547,demographic_sir_R0_comparison,0.18844832724635655,0.0005792131146717417,0.8109724596389659,8.0,416.1142857142857,52.0,0.014285714285714285
30.07123287671233,demographic_sir_R0_comparison,0.18754073351903652,0.0009579128239749678,0.8115013536569826,8.0,416.1142857142857,52.0,0.014285714285714285
30.09041095890411,demographic_sir_R0_comparison,0.18591625730824013,0.0015686325103208565,0.812515110181433,8.0,416.1142857142857,52.0,0.014285714285714285
30.10958904109589,demographic_sir_R0_comparison,0.1831753422849682,0.002525151729743145,0.8142995059852827,8.0,416.1142857142857,52.0,0.014285714285714285
30.12876712328767,demographic_sir_R0_comparison,0.17878529142515798,0.003952444220072718,0.8172622643547633,8.0,416.1142857142857,52.0,0.014285714285714285
30.147945205479452,demographic_sir_R0_comparison,0.17216017482901386,0.0059226510913091305,0.8219171740796711,8.0,416.1142857142857,52.0,0.014285714285714285
30.167123287671235,demographic_sir_R0_comparison,0.16289544456317467,0.008330847207386607,0.828773708229433,8.0,416.1142857142857,52.0,0.014285714285714285
30.186301369863013,demographic_sir_R0_comparison,0.1511356283902512,0.010771490129824396,0.8380928814799187,8.0,416.1142857142857,52.0,0.014285714285714285
30.205479452054796,demographic_sir_R0_comparison,0.13781931206111012,0.01259006669193884,0.8495906212469454,8.0,416.1142857142857,52.0,0.014285714285714285
30.224657534246575,demographic_sir_R0_comparison,0.1244486391899774,0.013215241696374952,0.8623361191136418,8.0,416.1142857142857,52.0,0.014285714285714285
30.243835616438357,demographic_sir_R0_comparison,0.1124407573881309,0.012525836843859333,0.8750334057680039,8.0,416.1142857142857,52.0,0.014285714285714285
30.263013698630136,demographic_sir_R0_comparison,0.10260266670000734,0.01087811057655383,0.8865192227234332,8.0,416.1142857142857,52.0,0.014285714285714285
30.28219178082192,demographic_sir_R0_comparison,0.09507667474314228,0.008815455889023362,0.8961078693678287,8.0,416.1142857142857,52.0,0.014285714285714285
30.301369863013697,demographic_sir_R0_comparison,0.08959192100501917,0.006784234699366096,0.903623844295609,8.0,416.1142857142857,52.0,0.014285714285714285
30.32054794520548,demographic_sir_R0_comparison,0.08573002769233906,0.005031354555510488,0.9092386177521447,8.0,416.1142857142857,52.0,0.014285714285714285
30.339726027397262,demographic_sir_R0_comparison,0.08308236639574484,0.0036366188425445943,0.9132810147617049,8.0,416.1142857142857,52.0,0.014285714285714285
30.35890410958904,demographic_sir_R0_comparison,0.08131146667386356,0.0025830884742155343,0.9161054448519151,8.0,416.1142857142857,52.0,0.014285714285714285
30.378082191780823,demographic_sir_R0_comparison,0.08016055699453714,0.0018137643407676294,0.9180256786646895,8.0,416.1142857142857,52.0,0.014285714285714285
30.397260273972602,demographic_sir_R0_comparison,0.0794427201569569,0.0012642397008849852,0.9192930401421525,8.0,416.1142857142857,52.0,0.014285714285714285
30.416438356164385,demographic_sir_R0_comparison,0.0790252521442811,0.0008772886514529438,0.9200974592042603,8.0,416.1142857142857,52.0,0.014285714285714285
30.435616438356163,demographic_sir_R0_comparison,0.07881529370994611,0.0006072821647715006,0.9205774241252769,8.0,416.1142857142857,52.0,0.014285714285714285
30.454794520547946,demographic_sir_R0_comparison,0.07874841153251905,0.00041992734598858853,0.9208316611214868,8.0,416.1142857142857,52.0,0.014285714285714285
30.473972602739725,demographic_sir_R0_comparison,0.07878010920610262,0.0002903403526965375,0.9209295504411955,8.0,416.1142857142857,52.0,0.014285714285714285
30.493150684931507,demographic_sir_R0_comparison,0.07887973506959675,0.0002008516933512301,0.9209194132370467,8.0,416.1142857142857,52.0,0.014285714285714285
30.51232876712329,demographic_sir_R0_comparison,0.07902619658736691,0.0001390833204714982,0.9208347200921564,8.0,416.1142857142857,52.0,0.014285714285714285
30.53150684931507,demographic_sir_R0_comparison,0.07920498057043349,9.64365508027025e-05,0.9206985828787586,8.0,416.1142857142857,52.0,0.014285714285714285
30.55068493150685,demographic_sir_R0_comparison,0.07940609548253605,6.696825576021148e-05,0.9205269362616986,8.0,416.1142857142857,52.0,0.014285714285714285
30.56986301369863,demographic_sir_R0_comparison,0.07962265600722655,4.6582386232800356e-05,0.9203307616065356,8.0,416.1142857142857,52.0,0.014285714285714285
30.589041095890412,demographic_sir_R0_comparison,0.07984991135776723,3.245971435153419e-05,0.9201176289278764,8.0,416.1142857142857,52.0,0.014285714285714285
30.60821917808219,demographic_sir_R0_comparison,0.08008457872842607,2.2660469360018733e-05,0.919892760802209,8.0,416.1142857142857,52.0,0.014285714285714285
30.627397260273973,demographic_sir_R0_comparison,0.08032438603829163,1.5849510901558483e-05,0.9196597644508021,8.0,416.1142857142857,52.0,0.014285714285714285
30.646575342465752,demographic_sir_R0_comparison,0.08056775805840984,1.1107095440295048e-05,0.9194211348461451,8.0,416.1142857142857,52.0,0.014285714285714285
30.665753424657535,demographic_sir_R0_comparison,0.08081360074609613,7.798896581121455e-06,0.9191786003573179,8.0,416.1142857142857,52.0,0.014285714285714285
30.684931506849317,demographic_sir_R0_comparison,0.08106115287131888,5.4868236540285935e-06,0.9189333603050225,8.0,416.1142857142857,52.0,0.014285714285714285
30.704109589041096,demographic_sir_R0_comparison,0.08130988379083501,3.867844238647123e-06,0.9186862483649217,8.0,416.1142857142857,52.0,0.014285714285714285
30.723287671232878,demographic_sir_R0_comparison,0.08155942290593386,2.7319987021332053e-06,0.9184378450953595,8.0,416.1142857142857,52.0,0.014285714285714285
30.742465753424657,demographic_sir_R0_comparison,0.08180951090268078,1.933560940125713e-06,0.9181885555363747,8.0,416.1142857142857,52.0,0.014285714285714285
30.76164383561644,demographic_sir_R0_comparison,0.08205996599018087,1.3712058957570643e-06,0.917938662803919,8.0,416.1142857142857,52.0,0.014285714285714285
30.78082191780822,demographic_sir_R0_comparison,0.08231066048211837,9.743521539221401e-07,0.9176883651657233,8.0,416.1142857142857,52.0,0.014285714285714285
30.8,demographic_sir_R0_comparison,0.08256150452345601,6.93742597649088e-07,0.9174378017339421,8.0,416.1142857142857,52.0,0.014285714285714285
30.81917808219178,demographic_sir_R0_comparison,0.08281243476157754,4.949374448268639e-07,0.9171870703009734,8.0,416.1142857142857,52.0,0.014285714285714285
30.838356164383562,demographic_sir_R0_comparison,0.08306340644503225,3.538115576190029e-07,0.9169362397434059,8.0,416.1142857142857,52.0,0.014285714285714285
30.857534246575344,demographic_sir_R0_comparison,0.08331438790263121,2.5343322990461983e-07,0.9166853586641346,8.0,416.1142857142857,52.0,0.014285714285714285
30.876712328767123,demographic_sir_R0_comparison,0.08356535667861081,1.8189674761347898e-07,0.9164344614246371,8.0,416.1142857142857,52.0,0.014285714285714285
30.895890410958906,demographic_sir_R0_comparison,0.0838162968220608,1.3081455496387182e-07,0.9161835723633798,8.0,416.1142857142857,52.0,0.014285714285714285
30.915068493150685,demographic_sir_R0_comparison,0.08406719698233699,9.42663825332531e-08,0.9159327087512762,8.0,416.1142857142857,52.0,0.014285714285714285
30.934246575342467,demographic_sir_R0_comparison,0.08431804906830076,6.806550959204563e-08,0.9156818828661853,8.0,416.1142857142857,52.0,0.014285714285714285
30.953424657534246,demographic_sir_R0_comparison,0.08456884730270751,4.9245513206219604e-08,0.9154311034517753,8.0,416.1142857142857,52.0,0.014285714285714285
30.972602739726028,demographic_sir_R0_comparison,0.08481958755404032,3.570058638066211e-08,0.9151803767453693,8.0,416.1142857142857,52.0,0.014285714285714285
30.991780821917807,demographic_sir_R0_comparison,0.08507026686350248,2.5933010687150722e-08,0.914929707203483,8.0,416.1142857142857,52.0,0.014285714285714285
31.01095890410959,demographic_sir_R0_comparison,0.0853208831095428,1.887553289078521e-08,0.9146790980149206,8.0,416.1142857142857,52.0,0.014285714285714285
31.030136986301372,demographic_sir_R0_comparison,0.08557143476947891,1.3766196842882068e-08,0.9144285514643207,8.0,416.1142857142857,52.0,0.014285714285714285
31.04931506849315,demographic_sir_R0_comparison,0.08582192074980009,1.0059976696437038e-08,0.9141780691902195,8.0,416.1142857142857,52.0,0.014285714285714285
31.068493150684933,demographic_sir_R0_comparison,0.08607234026513713,7.366276062835082e-09,0.9139276523685831,8.0,416.1142857142857,52.0,0.014285714285714285
31.087671232876712,demographic_sir_R0_comparison,0.08632269275178052,5.4046402578188095e-09,0.9136773018435753,8.0,416.1142857142857,52.0,0.014285714285714285
31.106849315068494,demographic_sir_R0_comparison,0.08657297780577136,3.973316357145897e-09,0.9134270182209083,8.0,416.1142857142857,52.0,0.014285714285714285
31.126027397260273,demographic_sir_R0_comparison,0.08682319513849947,2.9268927999879336e-09,0.9131768019346038,8.0,416.1142857142857,52.0,0.014285714285714285
31.145205479452056,demographic_sir_R0_comparison,0.08707334454479974,2.160367176795649e-09,0.9129266532948291,8.0,416.1142857142857,52.0,0.014285714285714285
31.164383561643834,demographic_sir_R0_comparison,0.08732342587998526,1.5977733436260595e-09,0.9126765725222373,8.0,416.1142857142857,52.0,0.014285714285714285
31.183561643835617,demographic_sir_R0_comparison,0.08757343904328421,1.1840482041438863e-09,0.9124265597726636,8.0,416.1142857142857,52.0,0.014285714285714285
31.202739726027396,demographic_sir_R0_comparison,0.08782338396587197,8.792046374350245e-10,0.9121766151549193,8.0,416.1142857142857,52.0,0.014285714285714285
31.221917808219178,demographic_sir_R0_comparison,0.08807326060220842,6.541490196460354e-10,0.9119267387436385,8.0,416.1142857142857,52.0,0.014285714285714285
31.24109589041096,demographic_sir_R0_comparison,0.08832306892375522,4.876736842254486e-10,0.9116769305885672,8.0,416.1142857142857,52.0,0.014285714285714285
31.26027397260274,demographic_sir_R0_comparison,0.08857280891441142,3.642903033842394e-10,0.9114271907212946,8.0,416.1142857142857,52.0,0.014285714285714285
31.279452054794522,demographic_sir_R0_comparison,0.08882248056719125,2.72666215045631e-10,0.9111775191601388,8.0,416.1142857142857,52.0,0.014285714285714285
31.2986301369863,demographic_sir_R0_comparison,0.08907208388180109,2.044938439705875e-10,0.9109279159137015,8.0,416.1142857142857,52.0,0.014285714285714285
31.317808219178083,demographic_sir_R0_comparison,0.08932161886286981,1.536717728794634e-10,0.9106783809834547,8.0,416.1142857142857,52.0,0.014285714285714285
31.336986301369862,demographic_sir_R0_comparison,0.08957108551865295,1.1571047645261866e-10,0.9104289143656329,8.0,416.1142857142857,52.0,0.014285714285714285
31.356164383561644,demographic_sir_R0_comparison,0.08982048386008323,8.730030126670544e-11,0.9101795160526127,8.0,416.1142857142857,52.0,0.014285714285714285
31.375342465753423,demographic_sir_R0_comparison,0.09006981390007249,6.599682557789291e-11,0.909930186033927,8.0,416.1142857142857,52.0,0.014285714285714285
31.394520547945206,demographic_sir_R0_comparison,0.0903190756529983,4.999129163130135e-11,0.9096809242970066,8.0,416.1142857142857,52.0,0.014285714285714285
31.413698630136988,demographic_sir_R0_comparison,0.09056826913432542,3.7942805476150794e-11,0.9094317308277281,8.0,416.1142857142857,52.0,0.014285714285714285
31.432876712328767,demographic_sir_R0_comparison,0.0908173943603259,2.8855463488018327e-11,0.9091826056108151,8.0,416.1142857142857,52.0,0.014285714285714285
31.45205479452055,demographic_sir_R0_comparison,0.0910664513478726,2.198821459933883e-11,0.9089335486301356,8.0,416.1142857142857,52.0,0.014285714285714285
31.471232876712328,demographic_sir_R0_comparison,0.09131544011428536,1.678861771198711e-11,0.9086845598689224,8.0,416.1142857142857,52.0,0.014285714285714285
31.49041095890411,demographic_sir_R0_comparison,0.09156436067721734,1.2844072179433695e-11,0.908435639309935,8.0,416.1142857142857,52.0,0.014285714285714285
31.50958904109589,demographic_sir_R0_comparison,0.09181321305457006,9.845847910383318e-12,0.9081867869355805,8.0,416.1142857142857,52.0,0.014285714285714285
31.528767123287672,demographic_sir_R0_comparison,0.09206199726443053,7.562508225038338e-12,0.9079380027280036,8.0,416.1142857142857,52.0,0.014285714285714285
31.54794520547945,demographic_sir_R0_comparison,0.0923107133250237,5.820237577363789e-12,0.9076892866691528,8.0,416.1142857142857,52.0,0.014285714285714285
31.567123287671233,demographic_sir_R0_comparison,0.09255936125467755,4.488254184053347e-12,0.9074406387408307,8.0,416.1142857142857,52.0,0.014285714285714285
31.586301369863016,demographic_sir_R0_comparison,0.0928079410717963,3.4679738933542654e-12,0.9071920589247323,8.0,416.1142857142857,52.0,0.014285714285714285
31.605479452054794,demographic_sir_R0_comparison,0.09305645279484069,2.6849462855266145e-12,0.906943547202471,8.0,416.1142857142857,52.0,0.014285714285714285
31.624657534246577,demographic_sir_R0_comparison,0.09330489644231328,2.0828430964826057e-12,0.9066951035556005,8.0,416.1142857142857,52.0,0.014285714285714285
31.643835616438356,demographic_sir_R0_comparison,0.09355327203274676,1.618968668010141e-12,0.9064467279656307,8.0,416.1142857142857,52.0,0.014285714285714285
31.663013698630138,demographic_sir_R0_comparison,0.0938015795846959,1.2609011247394939e-12,0.9061984204140398,8.0,416.1142857142857,52.0,0.014285714285714285
31.682191780821917,demographic_sir_R0_comparison,0.0940498191167307,9.839750444888066e-13,0.905950180882282,8.0,416.1142857142857,52.0,0.014285714285714285
31.7013698630137,demographic_sir_R0_comparison,0.09429799064743201,7.693914643150119e-13,0.9057020093517953,8.0,416.1142857142857,52.0,0.014285714285714285
31.720547945205478,demographic_sir_R0_comparison,0.09454609419538729,6.027963807689747e-13,0.9054539058040068,8.0,416.1142857142857,52.0,0.014285714285714285
31.73972602739726,demographic_sir_R0_comparison,0.09479412977918834,4.732097291259548e-13,0.9052058702203352,8.0,416.1142857142857,52.0,0.014285714285714285
31.758904109589043,demographic_sir_R0_comparison,0.09504209741742878,3.722170092676853e-13,0.9049579025821956,8.0,416.1142857142857,52.0,0.014285714285714285
31.778082191780822,demographic_sir_R0_comparison,0.09528999712870248,2.933580777818503e-13,0.9047100028710007,8.0,416.1142857142857,52.0,0.014285714285714285
31.797260273972604,demographic_sir_R0_comparison,0.09553782893160269,2.31664206366613e-13,0.9044621710681621,8.0,416.1142857142857,52.0,0.014285714285714285
31.816438356164383,demographic_sir_R0_comparison,0.0957855928447204,1.8330682663912342e-13,0.9042144071550926,8.0,416.1142857142857,52.0,0.014285714285714285
31.835616438356166,demographic_sir_R0_comparison,0.09603328888664432,1.4533055107334882e-13,0.9039667111132067,8.0,416.1142857142857,52.0,0.014285714285714285
31.854794520547944,demographic_sir_R0_comparison,0.0962809170759598,1.1544989604807495e-13,0.903719082923921,8.0,416.1142857142857,52.0,0.014285714285714285
31.873972602739727,demographic_sir_R0_comparison,0.09652847743124873,9.189423814504217e-14,0.9034715225686556,8.0,416.1142857142857,52.0,0.014285714285714285
31.893150684931506,demographic_sir_R0_comparison,0.09677596997108895,7.328935360670023e-14,0.9032240300288341,8.0,416.1142857142857,52.0,0.014285714285714285
31.912328767123288,demographic_sir_R0_comparison,0.09702339471405422,5.856675213246338e-14,0.9029766052858835,8.0,416.1142857142857,52.0,0.014285714285714285
31.93150684931507,demographic_sir_R0_comparison,0.09727075167871385,4.68941635980514e-14,0.9027292483212355,8.0,416.1142857142857,52.0,0.014285714285714285
31.95068493150685,demographic_sir_R0_comparison,0.09751804088363263,3.762215059415657e-14,0.9024819591163259,8.0,416.1142857142857,52.0,0.014285714285714285
31.96986301369863,demographic_sir_R0_comparison,0.09776526234737075,3.024303524371927e-14,0.902234737652595,8.0,416.1142857142857,52.0,0.014285714285714285
31.98904109589041,demographic_sir_R0_comparison,0.0980124160884835,2.4359245573413914e-14,0.901987583911488,8.0,416.1142857142857,52.0,0.014285714285714285
32.00821917808219,demographic_sir_R0_comparison,0.09825950212552165,1.9658879343743282e-14,0.9017404978744546,8.0,416.1142857142857,52.0,0.014285714285714285
32.02739726027397,demographic_sir_R0_comparison,0.09850652047703073,1.589680736181745e-14,0.9014934795229493,8.0,416.1142857142857,52.0,0.014285714285714285
32.04657534246575,demographic_sir_R0_comparison,0.09875347116155161,1.2880035556546352e-14,0.9012465288384315,8.0,416.1142857142857,52.0,0.014285714285714285
32.06575342465754,demographic_sir_R0_comparison,0.09900035419762028,1.0456346686899297e-14,0.9009996458023654,8.0,416.1142857142857,52.0,0.014285714285714285
32.084931506849315,demographic_sir_R0_comparison,0.09924716960376738,8.505471890102297e-15,0.9007528303962201,8.0,416.1142857142857,52.0,0.014285714285714285
32.104109589041094,demographic_sir_R0_comparison,0.0994939173985189,6.932216952162012e-15,0.9005060826014701,8.0,416.1142857142857,52.0,0.014285714285714285
32.12328767123288,demographic_sir_R0_comparison,0.09974059760039582,5.6611014414667024e-15,0.9002594023995943,8.0,416.1142857142857,52.0,0.014285714285714285
32.14246575342466,demographic_sir_R0_comparison,0.09998721022791372,4.632170672032349e-15,0.9000127897720773,8.0,416.1142857142857,52.0,0.014285714285714285
32.16164383561644,demographic_sir_R0_comparison,0.1002337552995836,3.797718395927223e-15,0.8997662447004083,8.0,416.1142857142857,52.0,0.014285714285714285
32.18082191780822,demographic_sir_R0_comparison,0.10048023283391123,3.1197178667187154e-15,0.8995197671660815,8.0,416.1142857142857,52.0,0.014285714285714285
32.2,demographic_sir_R0_comparison,0.10072664284939742,2.5678047868138393e-15,0.8992733571505959,8.0,416.1142857142857,52.0,0.014285714285714285
32.21917808219178,demographic_sir_R0_comparison,0.10097298536453765,2.1176909283872284e-15,0.8990270146354563,8.0,416.1142857142857,52.0,0.014285714285714285
32.23835616438356,demographic_sir_R0_comparison,0.10121926039782267,1.7499143902450414e-15,0.8987807396021716,8.0,416.1142857142857,52.0,0.014285714285714285
32.25753424657534,demographic_sir_R0_comparison,0.1014654679677381,1.4488534165564185e-15,0.8985345320322566,8.0,416.1142857142857,52.0,0.014285714285714285
32.276712328767125,demographic_sir_R0_comparison,0.10171160809276453,1.2019469023298525e-15,0.8982883919072305,8.0,416.1142857142857,52.0,0.014285714285714285
32.295890410958904,demographic_sir_R0_comparison,0.10195768079137726,9.990772475573217e-16,0.898042319208618,8.0,416.1142857142857,52.0,0.014285714285714285
32.31506849315068,demographic_sir_R0_comparison,0.10220368608204683,8.320809401870311e-16,0.8977963139179485,8.0,416.1142857142857,52.0,0.014285714285714285
32.33424657534247,demographic_sir_R0_comparison,0.10244962398323867,6.943597931534989e-16,0.8975503760167567,8.0,416.1142857142857,52.0,0.014285714285714285
32.35342465753425,demographic_sir_R0_comparison,0.10269549451341299,5.805716277288567e-16,0.8973045054865824,8.0,416.1142857142857,52.0,0.014285714285714285
32.37260273972603,demographic_sir_R0_comparison,0.1029412976910251,4.863837648006662e-16,0.8970587023089702,8.0,416.1142857142857,52.0,0.014285714285714285
32.391780821917806,demographic_sir_R0_comparison,0.1031870335345252,4.0827624990517383e-16,0.8968129664654704,8.0,416.1142857142857,52.0,0.014285714285714285
32.41095890410959,demographic_sir_R0_comparison,0.10343270206235856,3.4338452236587205e-16,0.8965672979376372,8.0,416.1142857142857,52.0,0.014285714285714285
32.43013698630137,demographic_sir_R0_comparison,0.10367830329296514,2.8937341764811813e-16,0.8963216967070308,8.0,416.1142857142857,52.0,0.014285714285714285
32.44931506849315,demographic_sir_R0_comparison,0.10392383724478003,2.4433609945207936e-16,0.8960761627552158,8.0,416.1142857142857,52.0,0.014285714285714285
32.468493150684935,demographic_sir_R0_comparison,0.10416930393623341,2.0671285816345508e-16,0.8958306960637626,8.0,416.1142857142857,52.0,0.014285714285714285
32.487671232876714,demographic_sir_R0_comparison,0.10441470338575001,1.752257656968142e-16,0.895585296614246,8.0,416.1142857142857,52.0,0.014285714285714285
32.50684931506849,demographic_sir_R0_comparison,0.10466003561174989,1.488260060981783e-16,0.8953399643882463,8.0,416.1142857142857,52.0,0.014285714285714285
32.52602739726027,demographic_sir_R0_comparison,0.10490530063264787,1.266513551846023e-16,0.8950946993673482,8.0,416.1142857142857,52.0,0.014285714285714285
32.54520547945206,demographic_sir_R0_comparison,0.10515049846685387,1.0799179887732909e-16,0.894849501533142,8.0,416.1142857142857,52.0,0.014285714285714285
32.56438356164384,demographic_sir_R0_comparison,0.10539562913277256,9.226168827714388e-17,0.8946043708672232,8.0,416.1142857142857,52.0,0.014285714285714285
32.583561643835615,demographic_sir_R0_comparison,0.10564069264880374,7.897715300520547e-17,0.8943593073511922,8.0,416.1142857142857,52.0,0.014285714285714285
32.602739726027394,demographic_sir_R0_comparison,0.10588568903334213,6.773775093346232e-17,0.8941143109666537,8.0,416.1142857142857,52.0,0.014285714285714285
32.62191780821918,demographic_sir_R0_comparison,0.10613061830477748,5.821153628559887e-17,0.8938693816952182,8.0,416.1142857142857,52.0,0.014285714285714285
32.64109589041096,demographic_sir_R0_comparison,0.10637548048149423,5.012289028665232e-17,0.8936245195185015,8.0,416.1142857142857,52.0,0.014285714285714285
32.66027397260274,demographic_sir_R0_comparison,0.10662027558187209,4.324258778217207e-17,0.8933797244181236,8.0,416.1142857142857,52.0,0.014285714285714285
32.679452054794524,demographic_sir_R0_comparison,0.10686500362428569,3.7379676384925635e-17,0.8931349963757101,8.0,416.1142857142857,52.0,0.014285714285714285
32.6986301369863,demographic_sir_R0_comparison,0.10710966462710439,3.237482713309386e-17,0.8928903353728912,8.0,416.1142857142857,52.0,0.014285714285714285
32.71780821917808,demographic_sir_R0_comparison,0.10735425860869278,2.809488161508799e-17,0.8926457413913029,8.0,416.1142857142857,52.0,0.014285714285714285
32.73698630136986,demographic_sir_R0_comparison,0.1075987855874103,2.4428373394899952e-17,0.8924012144125854,8.0,416.1142857142857,52.0,0.014285714285714285
32.75616438356165,demographic_sir_R0_comparison,0.10784324558161151,2.128184401841936e-17,0.8921567544183842,8.0,416.1142857142857,52.0,0.014285714285714285
32.775342465753425,demographic_sir_R0_comparison,0.10808763860964557,1.8576808003420825e-17,0.89191236139035,8.0,416.1142857142857,52.0,0.014285714285714285
32.794520547945204,demographic_sir_R0_comparison,0.10833196468985704,1.62472486860778e-17,0.8916680353101386,8.0,416.1142857142857,52.0,0.014285714285714285
32.81369863013698,demographic_sir_R0_comparison,0.10857622384058524,1.4237548943847606e-17,0.8914237761594105,8.0,416.1142857142857,52.0,0.014285714285714285
32.83287671232877,demographic_sir_R0_comparison,0.10882041608016459,1.2500778695505524e-17,0.8911795839198312,8.0,416.1142857142857,52.0,0.014285714285714285
32.85205479452055,demographic_sir_R0_comparison,0.10906454142692423,1.0997275536571902e-17,0.8909354585730718,8.0,416.1142857142857,52.0,0.014285714285714285
32.87123287671233,demographic_sir_R0_comparison,0.10930859989918852,9.69346657443827e-18,0.8906914001008075,8.0,416.1142857142857,52.0,0.014285714285714285
32.89041095890411,demographic_sir_R0_comparison,0.10955259151527687,8.5608890193456e-18,0.8904474084847193,8.0,416.1142857142857,52.0,0.014285714285714285
32.90958904109589,demographic_sir_R0_comparison,0.1097965162935033,7.575374794659746e-18,0.8902034837064927,8.0,416.1142857142857,52.0,0.014285714285714285
32.92876712328767,demographic_sir_R0_comparison,0.11004037425217715,6.716370697025755e-18,0.8899596257478187,8.0,416.1142857142857,52.0,0.014285714285714285
32.94794520547945,demographic_sir_R0_comparison,0.11028416540960262,5.966370740217552e-18,0.8897158345903932,8.0,416.1142857142857,52.0,0.014285714285714285
32.967123287671235,demographic_sir_R0_comparison,0.11052788978407904,5.310441477776289e-18,0.8894721102159169,8.0,416.1142857142857,52.0,0.014285714285714285
32.986301369863014,demographic_sir_R0_comparison,0.11077154739390042,4.735824497486164e-18,0.8892284526060955,8.0,416.1142857142857,52.0,0.014285714285714285
33.00547945205479,demographic_sir_R0_comparison,0.111015138257356,4.231603059205124e-18,0.88898486174264,8.0,416.1142857142857,52.0,0.014285714285714285
33.02465753424658,demographic_sir_R0_comparison,0.11125866239273005,3.788422122656921e-18,0.8887413376072658,8.0,416.1142857142857,52.0,0.014285714285714285
33.04383561643836,demographic_sir_R0_comparison,0.11150211981830155,3.3982528772333834e-18,0.8884978801816943,8.0,416.1142857142857,52.0,0.014285714285714285
33.06301369863014,demographic_sir_R0_comparison,0.11174551055234476,3.054194417525765e-18,0.888254489447651,8.0,416.1142857142857,52.0,0.014285714285714285
33.082191780821915,demographic_sir_R0_comparison,0.11198883461312883,2.7503064676309684e-18,0.8880111653868669,8.0,416.1142857142857,52.0,0.014285714285714285
33.1013698630137,demographic_sir_R0_comparison,0.11223209201891797,2.4814680940811247e-18,0.8877679079810779,8.0,416.1142857142857,52.0,0.014285714285714285
33.12054794520548,demographic_sir_R0_comparison,0.11247528278797117,2.24325820201223e-18,0.8875247172120246,8.0,416.1142857142857,52.0,0.014285714285714285
33.13972602739726,demographic_sir_R0_comparison,0.11271840693854264,2.0318543148130176e-18,0.8872815930614532,8.0,416.1142857142857,52.0,0.014285714285714285
33.15890410958904,demographic_sir_R0_comparison,0.11296146448888154,1.843946720792474e-18,0.8870385355111143,8.0,416.1142857142857,52.0,0.014285714285714285
33.178082191780824,demographic_sir_R0_comparison,0.1132044554572321,1.6766655532103816e-18,0.8867955445427639,8.0,416.1142857142857,52.0,0.014285714285714285
33.1972602739726,demographic_sir_R0_comparison,0.11344737986183322,1.527518770183041e-18,0.8865526201381627,8.0,416.1142857142857,52.0,0.014285714285714285
33.21643835616438,demographic_sir_R0_comparison,0.11369023772091919,1.3943393330788482e-18,0.8863097622790769,8.0,416.1142857142857,52.0,0.014285714285714285
33.23561643835617,demographic_sir_R0_comparison,0.11393302905271925,1.2752401580017986e-18,0.8860669709472766,8.0,416.1142857142857,52.0,0.014285714285714285
33.25479452054795,demographic_sir_R0_comparison,0.11417575387545738,1.1685756446006309e-18,0.8858242461245384,8.0,416.1142857142857,52.0,0.014285714285714285
33.273972602739725,demographic_sir_R0_comparison,0.11441841220735281,1.072908777772513e-18,0.8855815877926428,8.0,416.1142857142857,52.0,0.014285714285714285
33.293150684931504,demographic_sir_R0_comparison,0.11466100406661973,9.869829574484952e-19,0.8853389959333758,8.0,416.1142857142857,52.0,0.014285714285714285
33.31232876712329,demographic_sir_R0_comparison,0.11490352947146742,9.09697844977837e-19,0.885096470528528,8.0,416.1142857142857,52.0,0.014285714285714285
33.33150684931507,demographic_sir_R0_comparison,0.11514598844009988,8.400886261461279e-19,0.8848540115598956,8.0,416.1142857142857,52.0,0.014285714285714285
33.35068493150685,demographic_sir_R0_comparison,0.11538838099071644,7.773081842509462e-19,0.884611619009279,8.0,416.1142857142857,52.0,0.014285714285714285
33.369863013698634,demographic_sir_R0_comparison,0.11563070714151139,7.2061175496806e-19,0.884369292858484,8.0,416.1142857142857,52.0,0.014285714285714285
33.38904109589041,demographic_sir_R0_comparison,0.11587296691067378,6.693437004851445e-19,0.8841270330893216,8.0,416.1142857142857,52.0,0.014285714285714285
33.40821917808219,demographic_sir_R0_comparison,0.11611516031638795,6.229260956463628e-19,0.8838848396836072,8.0,416.1142857142857,52.0,0.014285714285714285
33.42739726027397,demographic_sir_R0_comparison,0.11635728737683323,5.808488653671331e-19,0.8836427126231619,8.0,416.1142857142857,52.0,0.014285714285714285
33.446575342465756,demographic_sir_R0_comparison,0.11659934811018396,5.426612517765079e-19,0.883400651889811,8.0,416.1142857142857,52.0,0.014285714285714285
33.465753424657535,demographic_sir_R0_comparison,0.1168413425346093,5.079644226188689e-19,0.8831586574653857,8.0,416.1142857142857,52.0,0.014285714285714285
33.484931506849314,demographic_sir_R0_comparison,0.11708327066827369,4.764050603861679e-19,0.8829167293317214,8.0,416.1142857142857,52.0,0.014285714285714285
33.50410958904109,demographic_sir_R0_comparison,0.11732513252933649,4.476697952843188e-19,0.8826748674706586,8.0,416.1142857142857,52.0,0.014285714285714285
33.52328767123288,demographic_sir_R0_comparison,0.11756692813595215,4.2148036514913636e-19,0.8824330718640432,8.0,416.1142857142857,52.0,0.014285714285714285
33.54246575342466,demographic_sir_R0_comparison,0.11780865750626988,3.9758940239520993e-19,0.8821913424937254,8.0,416.1142857142857,52.0,0.014285714285714285
33.56164383561644,demographic_sir_R0_comparison,0.11805032065843428,3.7577676248428884e-19,0.881949679341561,8.0,416.1142857142857,52.0,0.014285714285714285
33.58082191780822,demographic_sir_R0_comparison,0.11829191761058491,3.558463206416168e-19,0.8817080823894103,8.0,416.1142857142857,52.0,0.014285714285714285
33.6,demographic_sir_R0_comparison,0.1185334483808561,3.3762317396488293e-19,0.8814665516191391,8.0,416.1142857142857,52.0,0.014285714285714285
33.61917808219178,demographic_sir_R0_comparison,0.11877491298737744,3.2095119494469897e-19,0.8812250870126178,8.0,416.1142857142857,52.0,0.014285714285714285
33.63835616438356,demographic_sir_R0_comparison,0.11901631144827353,3.056908899849565e-19,0.8809836885517216,8.0,416.1142857142857,52.0,0.014285714285714285
33.657534246575345,demographic_sir_R0_comparison,0.11925764378166404,2.917175229750968e-19,0.8807423562183312,8.0,416.1142857142857,52.0,0.014285714285714285
33.676712328767124,demographic_sir_R0_comparison,0.11949891000566346,2.7891946949316436e-19,0.8805010899943317,8.0,416.1142857142857,52.0,0.014285714285714285
33.6958904109589,demographic_sir_R0_comparison,0.11974011013838154,2.6719677194933257e-19,0.8802598898616135,8.0,416.1142857142857,52.0,0.014285714285714285
33.71506849315068,demographic_sir_R0_comparison,0.11998124419792301,2.564598700345632e-19,0.8800187558020718,8.0,416.1142857142857,52.0,0.014285714285714285
33.73424657534247,demographic_sir_R0_comparison,0.12022231220238773,2.466284843184342e-19,0.8797776877976071,8.0,416.1142857142857,52.0,0.014285714285714285
33.75342465753425,demographic_sir_R0_comparison,0.12046331416987031,2.376306338299811e-19,0.8795366858301243,8.0,416.1142857142857,52.0,0.014285714285714285
33.772602739726025,demographic_sir_R0_comparison,0.1207042501184607,2.2940177102739256e-19,0.879295749881534,8.0,416.1142857142857,52.0,0.014285714285714285
33.79178082191781,demographic_sir_R0_comparison,0.12094512006624386,2.2188401977833945e-19,0.879054879933751,8.0,416.1142857142857,52.0,0.014285714285714285
33.81095890410959,demographic_sir_R0_comparison,0.12118592403129957,2.1502550388415278e-19,0.8788140759686951,8.0,416.1142857142857,52.0,0.014285714285714285
33.83013698630137,demographic_sir_R0_comparison,0.12142666203170291,2.0877975533258336e-19,0.878573337968292,8.0,416.1142857142857,52.0,0.014285714285714285
33.84931506849315,demographic_sir_R0_comparison,0.12166733408552387,2.031051928930336e-19,0.8783326659144709,8.0,416.1142857142857,52.0,0.014285714285714285
33.868493150684934,demographic_sir_R0_comparison,0.12190794021082764,1.9796466290680267e-19,0.8780920597891673,8.0,416.1142857142857,52.0,0.014285714285714285
33.88767123287671,demographic_sir_R0_comparison,0.12214848042567418,1.9332503520075916e-19,0.8778515195743206,8.0,416.1142857142857,52.0,0.014285714285714285
33.90684931506849,demographic_sir_R0_comparison,0.12238895474811877,1.89156847989053e-19,0.877611045251876,8.0,416.1142857142857,52.0,0.014285714285714285
33.92602739726028,demographic_sir_R0_comparison,0.1226293631962117,1.854339964443305e-19,0.877370636803783,8.0,416.1142857142857,52.0,0.014285714285714285
33.945205479452056,demographic_sir_R0_comparison,0.12286970578799813,1.821334603343795e-19,0.8771302942119967,8.0,416.1142857142857,52.0,0.014285714285714285
33.964383561643835,demographic_sir_R0_comparison,0.12310998254151852,1.7923506674723492e-19,0.8768900174584764,8.0,416.1142857142857,52.0,0.014285714285714285
33.983561643835614,demographic_sir_R0_comparison,0.12335019347480823,1.7672128448025346e-19,0.8766498065251868,8.0,416.1142857142857,52.0,0.014285714285714285
34.0027397260274,demographic_sir_R0_comparison,0.12359033860589787,1.7457704715750632e-19,0.8764096613940972,8.0,416.1142857142857,52.0,0.014285714285714285
34.02191780821918,demographic_sir_R0_comparison,0.12383041795281272,1.727896025748389e-19,0.8761695820471822,8.0,416.1142857142857,52.0,0.014285714285714285
34.04109589041096,demographic_sir_R0_comparison,0.12407043153357353,1.7134838616139381e-19,0.8759295684664216,8.0,416.1142857142857,52.0,0.014285714285714285
34.06027397260274,demographic_sir_R0_comparison,0.12431037936619592,1.7024491679781899e-19,0.8756896206337992,8.0,416.1142857142857,52.0,0.014285714285714285
34.07945205479452,demographic_sir_R0_comparison,0.12455026146869072,1.6947271355125164e-19,0.8754497385313043,8.0,416.1142857142857,52.0,0.014285714285714285
34.0986301369863,demographic_sir_R0_comparison,0.12479007785906354,1.690272321814699e-19,0.8752099221409317,8.0,416.1142857142857,52.0,0.014285714285714285
34.11780821917808,demographic_sir_R0_comparison,0.1250298285553153,1.6890582054658789e-19,0.8749701714446799,8.0,416.1142857142857,52.0,0.014285714285714285
34.136986301369866,demographic_sir_R0_comparison,0.12526951357544205,1.6910769229527942e-19,0.8747304864245532,8.0,416.1142857142857,52.0,0.014285714285714285
34.156164383561645,demographic_sir_R0_comparison,0.12550913293743454,1.6963391848026363e-19,0.8744908670625607,8.0,416.1142857142857,52.0,0.014285714285714285
34.175342465753424,demographic_sir_R0_comparison,0.12574868665927907,1.7048743696902956e-19,0.8742513133407162,8.0,416.1142857142857,52.0,0.014285714285714285
34.1945205479452,demographic_sir_R0_comparison,0.1259881747589566,1.7167307976667262e-19,0.8740118252410386,8.0,416.1142857142857,52.0,0.014285714285714285
34.21369863013699,demographic_sir_R0_comparison,0.12622759725444355,1.7319761860640194e-19,0.8737724027455515,8.0,416.1142857142857,52.0,0.014285714285714285
34.23287671232877,demographic_sir_R0_comparison,0.12646695416371098,1.7506982940990143e-19,0.8735330458362841,8.0,416.1142857142857,52.0,0.014285714285714285
34.25205479452055,demographic_sir_R0_comparison,0.12670624550472534,1.7730057647659725e-19,0.8732937544952696,8.0,416.1142857142857,52.0,0.014285714285714285
34.27123287671233,demographic_sir_R0_comparison,0.12694547129544817,1.7990291753243856e-19,0.8730545287045466,8.0,416.1142857142857,52.0,0.014285714285714285
34.29041095890411,demographic_sir_R0_comparison,0.12718463155383583,1.828922310599069e-19,0.8728153684461588,8.0,416.1142857142857,52.0,0.014285714285714285
34.30958904109589,demographic_sir_R0_comparison,0.12742372629783993,1.8628636764680906e-19,0.8725762737021547,8.0,416.1142857142857,52.0,0.014285714285714285
34.32876712328767,demographic_sir_R0_comparison,0.12766275554540735,1.901058274376789e-19,0.8723372444545873,8.0,416.1142857142857,52.0,0.014285714285714285
34.347945205479455,demographic_sir_R0_comparison,0.1279017193144798,1.9437396615481573e-19,0.8720982806855148,8.0,416.1142857142857,52.0,0.014285714285714285
34.367123287671234,demographic_sir_R0_comparison,0.12814061762299406,1.9911723258317542e-19,0.8718593823770008,8.0,416.1142857142857,52.0,0.014285714285714285
34.38630136986301,demographic_sir_R0_comparison,0.12837945048888208,2.04365440892796e-19,0.8716205495111129,8.0,416.1142857142857,52.0,0.014285714285714285
34.40547945205479,demographic_sir_R0_comparison,0.1286182179300709,2.1015208171330412e-19,0.8713817820699241,8.0,416.1142857142857,52.0,0.014285714285714285
34.42465753424658,demographic_sir_R0_comparison,0.12885691996448273,2.165146764882013e-19,0.8711430800355123,8.0,416.1142857142857,52.0,0.014285714285714285
34.443835616438356,demographic_sir_R0_comparison,0.12909555661003458,2.234951803341267e-19,0.8709044433899604,8.0,416.1142857142857,52.0,0.014285714285714285
34.463013698630135,demographic_sir_R0_comparison,0.12933412788463888,2.3114043942656836e-19,0.870665872115356,8.0,416.1142857142857,52.0,0.014285714285714285
34.48219178082192,demographic_sir_R0_comparison,0.12957263380620315,2.39502709844773e-19,0.8704273661937916,8.0,416.1142857142857,52.0,0.014285714285714285
34.5013698630137,demographic_sir_R0_comparison,0.12981107439262965,2.486402458543192e-19,0.8701889256073648,8.0,416.1142857142857,52.0,0.014285714285714285
34.52054794520548,demographic_sir_R0_comparison,0.13004944966181606,2.5861796680811806e-19,0.8699505503381787,8.0,416.1142857142857,52.0,0.014285714285714285
34.53972602739726,demographic_sir_R0_comparison,0.1302877596316551,2.6950821323146395e-19,0.8697122403683397,8.0,416.1142857142857,52.0,0.014285714285714285
34.558904109589044,demographic_sir_R0_comparison,0.13052600432003453,2.813916042549618e-19,0.8694739956799602,8.0,416.1142857142857,52.0,0.014285714285714285
34.57808219178082,demographic_sir_R0_comparison,0.13076418374483714,2.943580104059779e-19,0.8692358162551576,8.0,416.1142857142857,52.0,0.014285714285714285
34.5972602739726,demographic_sir_R0_comparison,0.131002297923941,3.085076579069427e-19,0.8689977020760538,8.0,416.1142857142857,52.0,0.014285714285714285
34.61643835616439,demographic_sir_R0_comparison,0.1312403468752193,3.239523831060464e-19,0.8687596531247754,8.0,416.1142857142857,52.0,0.014285714285714285
34.635616438356166,demographic_sir_R0_comparison,0.13147833061654005,3.408170585408998e-19,0.8685216693834548,8.0,416.1142857142857,52.0,0.014285714285714285
34.654794520547945,demographic_sir_R0_comparison,0.13171624916576655,3.5924121547624996e-19,0.8682837508342284,8.0,416.1142857142857,52.0,0.014285714285714285
34.673972602739724,demographic_sir_R0_comparison,0.13195410254075735,3.7938089164287366e-19,0.8680458974592377,8.0,416.1142857142857,52.0,0.014285714285714285
34.69315068493151,demographic_sir_R0_comparison,0.13219189075936588,4.0141073743146957e-19,0.867808109240629,8.0,416.1142857142857,52.0,0.014285714285714285
34.71232876712329,demographic_sir_R0_comparison,0.13242961383944069,4.255264190737151e-19,0.8675703861605544,8.0,416.1142857142857,52.0,0.014285714285714285
34.73150684931507,demographic_sir_R0_comparison,0.13266727179882554,4.519473635055359e-19,0.8673327282011694,8.0,416.1142857142857,52.0,0.014285714285714285
34.75068493150685,demographic_sir_R0_comparison,0.1329048646553593,4.809198968106183e-19,0.8670951353446356,8.0,416.1142857142857,52.0,0.014285714285714285
34.76986301369863,demographic_sir_R0_comparison,0.13314239242687606,5.127208365717997e-19,0.8668576075731189,8.0,416.1142857142857,52.0,0.014285714285714285
34.78904109589041,demographic_sir_R0_comparison,0.13337985513120465,5.476616083331195e-19,0.8666201448687901,8.0,416.1142857142857,52.0,0.014285714285714285
34.80821917808219,demographic_sir_R0_comparison,0.13361725278616934,5.860929679585252e-19,0.8663827472138255,8.0,416.1142857142857,52.0,0.014285714285714285
34.827397260273976,demographic_sir_R0_comparison,0.13385458540958955,6.284104252741357e-19,0.8661454145904053,8.0,416.1142857142857,52.0,0.014285714285714285
34.846575342465755,demographic_sir_R0_comparison,0.1340918530192795,6.750604803711773e-19,0.8659081469807152,8.0,416.1142857142857,52.0,0.014285714285714285
34.865753424657534,demographic_sir_R0_comparison,0.13432905563304892,7.265478027665553e-19,0.8656709443669456,8.0,416.1142857142857,52.0,0.014285714285714285
34.88493150684931,demographic_sir_R0_comparison,0.13456619326870237,7.834435057937532e-19,0.8654338067312922,8.0,416.1142857142857,52.0,0.014285714285714285
34.9041095890411,demographic_sir_R0_comparison,0.1348032659440397,8.463946947590413e-19,0.8651967340559551,8.0,416.1142857142857,52.0,0.014285714285714285
34.92328767123288,demographic_sir_R0_comparison,0.13504027367685573,9.16135498297211e-19,0.8649597263231391,8.0,416.1142857142857,52.0,0.014285714285714285
34.942465753424656,demographic_sir_R0_comparison,0.1352772164849404,9.934998289004326e-19,0.8647227835150544,8.0,416.1142857142857,52.0,0.014285714285714285
34.961643835616435,demographic_sir_R0_comparison,0.13551409438607906,1.0794361618509842e-18,0.8644859056139157,8.0,416.1142857142857,52.0,0.014285714285714285
34.98082191780822,demographic_sir_R0_comparison,0.13575090739805207,1.1750246730631383e-18,0.8642490926019426,8.0,416.1142857142857,52.0,0.014285714285714285
35.0,demographic_sir_R0_comparison,0.13598765553863457,1.2814971371859796e-18,0.86401234446136,8.0,416.1142857142857,52.0,0.014285714285714285
35.01917808219178,demographic_sir_R0_comparison,0.13622433882559737,1.4002600596147702e-18,0.8637756611743971,8.0,416.1142857142857,52.0,0.014285714285714285
35.038356164383565,demographic_sir_R0_comparison,0.13646095727670612,1.532921602057137e-18,0.8635390427232885,8.0,416.1142857142857,52.0,0.014285714285714285
35.057534246575344,demographic_sir_R0_comparison,0.13669751090972146,1.6813229637280069e-18,0.8633024890902732,8.0,416.1142857142857,52.0,0.014285714285714285
35.07671232876712,demographic_sir_R0_comparison,0.13693399974239942,1.8475750023874386e-18,0.8630660002575952,8.0,416.1142857142857,52.0,0.014285714285714285
35.0958904109589,demographic_sir_R0_comparison,0.1371704237924911,2.034101025259041e-18,0.8628295762075034,8.0,416.1142857142857,52.0,0.014285714285714285
35.11506849315069,demographic_sir_R0_comparison,0.1374067830777428,2.243686854185539e-18,0.8625932169222519,8.0,416.1142857142857,52.0,0.014285714285714285
35.134246575342466,demographic_sir_R0_comparison,0.13764307761589575,2.479539478009809e-18,0.8623569223840988,8.0,416.1142857142857,52.0,0.014285714285714285
35.153424657534245,demographic_sir_R0_comparison,0.1378793074246865,2.745355855186456e-18,0.862120692575308,8.0,416.1142857142857,52.0,0.014285714285714285
35.17260273972603,demographic_sir_R0_comparison,0.13811547252184672,3.0454037296036185e-18,0.8618845274781476,8.0,416.1142857142857,52.0,0.014285714285714285
35.19178082191781,demographic_sir_R0_comparison,0.13835157292510317,3.384616682971351e-18,0.8616484270748913,8.0,416.1142857142857,52.0,0.014285714285714285
35.21095890410959,demographic_sir_R0_comparison,0.13858760865217776,3.768706080610717e-18,0.8614123913478166,8.0,416.1142857142857,52.0,0.014285714285714285
35.23013698630137,demographic_sir_R0_comparison,0.13882357972078765,4.204293089541051e-18,0.8611764202792068,8.0,416.1142857142857,52.0,0.014285714285714285
35.24931506849315,demographic_sir_R0_comparison,0.13905948614864502,4.699064577325929e-18,0.8609405138513492,8.0,416.1142857142857,52.0,0.014285714285714285
35.26849315068493,demographic_sir_R0_comparison,0.13929532795345712,5.261957460286079e-18,0.860704672046537,8.0,416.1142857142857,52.0,0.014285714285714285
35.28767123287671,demographic_sir_R0_comparison,0.13953110515292663,5.903376988699702e-18,0.8604688948470675,8.0,416.1142857142857,52.0,0.014285714285714285
35.30684931506849,demographic_sir_R0_comparison,0.1397668177647511,6.635455569093326e-18,0.860233182235243,8.0,416.1142857142857,52.0,0.014285714285714285
35.326027397260276,demographic_sir_R0_comparison,0.1400024658066236,7.472360072176748e-18,0.8599975341933708,8.0,416.1142857142857,52.0,0.014285714285714285
35.345205479452055,demographic_sir_R0_comparison,0.14023804929623176,8.430657211530829e-18,0.8597619507037627,8.0,416.1142857142857,52.0,0.014285714285714285
35.364383561643834,demographic_sir_R0_comparison,0.14047356825125895,9.529748566989857e-18,0.8595264317487356,8.0,416.1142857142857,52.0,0.014285714285714285
35.38356164383562,demographic_sir_R0_comparison,0.14070902268938343,1.0792389246719872e-17,0.8592909773106112,8.0,416.1142857142857,52.0,0.014285714285714285
35.4027397260274,demographic_sir_R0_comparison,0.14094441262827845,1.224530713068962e-17,0.8590555873717162,8.0,416.1142857142857,52.0,0.014285714285714285
35.42191780821918,demographic_sir_R0_comparison,0.14117973808561274,1.391994323573839e-17,0.8588202619143819,8.0,416.1142857142857,52.0,0.014285714285714285
35.441095890410956,demographic_sir_R0_comparison,0.14141499907905003,1.5853338137317155e-17,0.8585850009209447,8.0,416.1142857142857,52.0,0.014285714285714285
35.46027397260274,demographic_sir_R0_comparison,0.14165019562624936,1.8089194759130615e-17,0.8583498043737454,8.0,416.1142857142857,52.0,0.014285714285714285
35.47945205479452,demographic_sir_R0_comparison,0.14188532774486468,2.067915442712183e-17,0.85811467225513,8.0,416.1142857142857,52.0,0.014285714285714285
35.4986301369863,demographic_sir_R0_comparison,0.14212039545254532,2.3684331161300773e-17,0.8578796045474495,8.0,416.1142857142857,52.0,0.014285714285714285
35.517808219178086,demographic_sir_R0_comparison,0.14235539876693573,2.7177159098990482e-17,0.8576446012330591,8.0,416.1142857142857,52.0,0.014285714285714285
35.536986301369865,demographic_sir_R0_comparison,0.14259033770567536,3.1243620143220155e-17,0.8574096622943195,8.0,416.1142857142857,52.0,0.014285714285714285
35.556164383561644,demographic_sir_R0_comparison,0.14282521228639894,3.598593395451227e-17,0.8571747877135956,8.0,416.1142857142857,52.0,0.014285714285714285
35.57534246575342,demographic_sir_R0_comparison,0.14306002252673658,4.1525810932106006e-17,0.856939977473258,8.0,416.1142857142857,52.0,0.014285714285714285
35.59452054794521,demographic_sir_R0_comparison,0.1432947684443133,4.800839170986995e-17,0.8567052315556812,8.0,416.1142857142857,52.0,0.014285714285714285
35.61369863013699,demographic_sir_R0_comparison,0.14352945005674916,5.56070249831403e-17,0.8564705499432453,8.0,416.1142857142857,52.0,0.014285714285714285
35.632876712328766,demographic_sir_R0_comparison,0.1437640673816598,6.452907051376614e-17,0.8562359326183346,8.0,416.1142857142857,52.0,0.014285714285714285
35.652054794520545,demographic_sir_R0_comparison,0.14399862043665584,7.502295759688248e-17,0.8560013795633387,8.0,416.1142857142857,52.0,0.014285714285714285
35.67123287671233,demographic_sir_R0_comparison,0.14423310923934302,8.738678320580755e-17,0.8557668907606514,8.0,416.1142857142857,52.0,0.014285714285714285
35.69041095890411,demographic_sir_R0_comparison,0.14446753380732225,1.0197880108985765e-16,0.8555324661926723,8.0,416.1142857142857,52.0,0.014285714285714285
35.70958904109589,demographic_sir_R0_comparison,0.14470189415818963,1.1923023659441482e-16,0.8552981058418049,8.0,416.1142857142857,52.0,0.014285714285714285
35.728767123287675,demographic_sir_R0_comparison,0.14493619030953667,1.396609660761295e-16,0.8550638096904578,8.0,416.1142857142857,52.0,0.014285714285714285
35.74794520547945,demographic_sir_R0_comparison,0.1451704222789496,1.638987297677665e-16,0.854829577721045,8.0,416.1142857142857,52.0,0.014285714285714285
35.76712328767123,demographic_sir_R0_comparison,0.14540459008401022,1.9270270946687176e-16,0.8545954099159843,8.0,416.1142857142857,52.0,0.014285714285714285
35.78630136986301,demographic_sir_R0_comparison,0.1456386937422954,2.269925059109294e-16,0.8543613062576991,8.0,416.1142857142857,52.0,0.014285714285714285
35.8054794520548,demographic_sir_R0_comparison,0.14587273327137731,2.6788380584709894e-16,0.8541272667286172,8.0,416.1142857142857,52.0,0.014285714285714285
35.824657534246576,demographic_sir_R0_comparison,0.14610670868882303,3.167323491718328e-16,0.8538932913111713,8.0,416.1142857142857,52.0,0.014285714285714285
35.843835616438355,demographic_sir_R0_comparison,0.14634062001219494,3.751882093494447e-16,0.8536593799877993,8.0,416.1142857142857,52.0,0.014285714285714285
35.863013698630134,demographic_sir_R0_comparison,0.14657446725905074,4.452629075660163e-16,0.8534255327409435,8.0,416.1142857142857,52.0,0.014285714285714285
35.88219178082192,demographic_sir_R0_comparison,0.14680825044694323,5.294125207138415e-16,0.8531917495530509,8.0,416.1142857142857,52.0,0.014285714285714285
35.9013698630137,demographic_sir_R0_comparison,0.14704196959342025,6.306407510377912e-16,0.8529580304065738,8.0,416.1142857142857,52.0,0.014285714285714285
35.92054794520548,demographic_sir_R0_comparison,0.14727562471602507,7.526269467516561e-16,0.8527243752839689,8.0,416.1142857142857,52.0,0.014285714285714285
35.93972602739726,demographic_sir_R0_comparison,0.14750921583229618,8.998853565641766e-16,0.8524907841676976,8.0,416.1142857142857,52.0,0.014285714285714285
35.95890410958904,demographic_sir_R0_comparison,0.1477427429597669,1.0779635417208814e-15,0.8522572570402269,8.0,416.1142857142857,52.0,0.014285714285714285
35.97808219178082,demographic_sir_R0_comparison,0.14797620611596599,1.2936899529736052e-15,0.8520237938840277,8.0,416.1142857142857,52.0,0.014285714285714285
35.9972602739726,demographic_sir_R0_comparison,0.14820960531841743,1.5554833303624644e-15,0.851790394681576,8.0,416.1142857142857,52.0,0.014285714285714285
36.016438356164386,demographic_sir_R0_comparison,0.14844294058464047,1.8737399598436943e-15,0.8515570594153526,8.0,416.1142857142857,52.0,0.014285714285714285
36.035616438356165,demographic_sir_R0_comparison,0.14867621193214917,2.2613191275647197e-15,0.8513237880678436,8.0,416.1142857142857,52.0,0.014285714285714285
36.054794520547944,demographic_sir_R0_comparison,0.14890941937845315,2.734152614536733e-15,0.8510905806215391,8.0,416.1142857142857,52.0,0.014285714285714285
36.07397260273973,demographic_sir_R0_comparison,0.14914256294105713,3.3120111135456014e-15,0.8508574370589346,8.0,416.1142857142857,52.0,0.014285714285714285
36.09315068493151,demographic_sir_R0_comparison,0.14937564263746075,4.01946946906626e-15,0.8506243573625301,8.0,416.1142857142857,52.0,0.014285714285714285
36.11232876712329,demographic_sir_R0_comparison,0.1496086584851591,4.887124213558182e-15,0.8503913415148308,8.0,416.1142857142857,52.0,0.014285714285714285
36.131506849315066,demographic_sir_R0_comparison,0.14984161050164252,5.95313174479323e-15,0.8501583894983463,8.0,416.1142857142857,52.0,0.014285714285714285
36.15068493150685,demographic_sir_R0_comparison,0.15007449870439632,7.265154627345939e-15,0.8499255012955913,8.0,416.1142857142857,52.0,0.014285714285714285
36.16986301369863,demographic_sir_R0_comparison,0.15030732311090078,8.88282816797349e-15,0.8496926768890851,8.0,416.1142857142857,52.0,0.014285714285714285
36.18904109589041,demographic_sir_R0_comparison,0.1505400837386317,1.0880891253391205e-14,0.8494599162613521,8.0,416.1142857142857,52.0,0.014285714285714285
36.20821917808219,demographic_sir_R0_comparison,0.15077278060505975,1.3353166596453236e-14,0.8492272193949216,8.0,416.1142857142857,52.0,0.014285714285714285
36.227397260273975,demographic_sir_R0_comparison,0.1510054137276508,1.6417628819892966e-14,0.8489945862723274,8.0,416.1142857142857,52.0,0.014285714285714285
36.24657534246575,demographic_sir_R0_comparison,0.15123798312386555,2.022286789101678e-14,0.8487620168761089,8.0,416.1142857142857,52.0,0.014285714285714285
36.26575342465753,demographic_sir_R0_comparison,0.1514704888111601,2.4956345126204028e-14,0.8485295111888094,8.0,416.1142857142857,52.0,0.014285714285714285
36.28493150684932,demographic_sir_R0_comparison,0.15170293080698513,3.08549556408069e-14,0.8482970691929784,8.0,416.1142857142857,52.0,0.014285714285714285
36.3041095890411,demographic_sir_R0_comparison,0.15193530912878636,3.821856305377665e-14,0.8480646908711698,8.0,416.1142857142857,52.0,0.014285714285714285
36.323287671232876,demographic_sir_R0_comparison,0.15216762379400428,4.7427370433041944e-14,0.8478323762059428,8.0,416.1142857142857,52.0,0.014285714285714285
36.342465753424655,demographic_sir_R0_comparison,0.15239987482007425,5.896425035232915e-14,0.8476001251798613,8.0,416.1142857142857,52.0,0.014285714285714285
36.36164383561644,demographic_sir_R0_comparison,0.15263206222442607,7.344349563170817e-14,0.847367937775495,8.0,416.1142857142857,52.0,0.014285714285714285
36.38082191780822,demographic_sir_R0_comparison,0.15286418602448362,9.164789613260774e-14,0.8471358139754191,8.0,416.1142857142857,52.0,0.014285714285714285
36.4,demographic_sir_R0_comparison,0.15309624623766532,1.1457662936815298e-13,0.8469037537622146,8.0,416.1142857142857,52.0,0.014285714285714285
36.419178082191785,demographic_sir_R0_comparison,0.15332824288138325,1.4350721811408496e-13,0.8466717571184676,8.0,416.1142857142857,52.0,0.014285714285714285
36.43835616438356,demographic_sir_R0_comparison,0.15356017597304278,1.800758157232002e-13,0.8464398240267714,8.0,416.1142857142857,52.0,0.014285714285714285
36.45753424657534,demographic_sir_R0_comparison,0.15379204553004247,2.2638140805331464e-13,0.8462079544697256,8.0,416.1142857142857,52.0,0.014285714285714285
36.47671232876712,demographic_sir_R0_comparison,0.15402385156977297,2.8512127456842294e-13,0.8459761484299363,8.0,416.1142857142857,52.0,0.014285714285714285
36.49589041095891,demographic_sir_R0_comparison,0.1542555941096164,3.597673700907241e-13,0.8457444058900182,8.0,416.1142857142857,52.0,0.014285714285714285
36.515068493150686,demographic_sir_R0_comparison,0.15448727316694502,4.547963597815677e-13,0.8455127268325946,8.0,416.1142857142857,52.0,0.014285714285714285
36.534246575342465,demographic_sir_R0_comparison,0.15471888875912007,5.75990113454307e-13,0.8452811112402981,8.0,416.1142857142857,52.0,0.014285714285714285
36.553424657534244,demographic_sir_R0_comparison,0.15495044090348978,7.30828876789517e-13,0.8450495590957736,8.0,416.1142857142857,52.0,0.014285714285714285
36.57260273972603,demographic_sir_R0_comparison,0.15518192961738686,9.290065369766472e-13,0.8448180703816782,8.0,416.1142857142857,52.0,0.014285714285714285
36.59178082191781,demographic_sir_R0_comparison,0.15541335491812525,1.18310699464056e-12,0.8445866450806858,8.0,416.1142857142857,52.0,0.014285714285714285
36.61095890410959,demographic_sir_R0_comparison,0.15564471682299616,1.5094934586891634e-12,0.8443552831754884,8.0,416.1142857142857,52.0,0.014285714285714285
36.63013698630137,demographic_sir_R0_comparison,0.15587601534926238,1.9294795967024475e-12,0.8441239846488022,8.0,416.1142857142857,52.0,0.014285714285714285
36.64931506849315,demographic_sir_R0_comparison,0.15610725051415106,2.4708743877419294e-12,0.8438927494833722,8.0,416.1142857142857,52.0,0.014285714285714285
36.66849315068493,demographic_sir_R0_comparison,0.15633842233484435,3.170023248942397e-12,0.8436615776619797,8.0,416.1142857142857,52.0,0.014285714285714285
36.68767123287671,demographic_sir_R0_comparison,0.15656953082846697,4.074509268194626e-12,0.8434304691674526,8.0,416.1142857142857,52.0,0.014285714285714285
36.706849315068496,demographic_sir_R0_comparison,0.15680057601206954,5.246733872403487e-12,0.8431994239826779,8.0,416.1142857142857,52.0,0.014285714285714285
36.726027397260275,demographic_sir_R0_comparison,0.15703155790260667,6.768671022697082e-12,0.842968442090619,8.0,416.1142857142857,52.0,0.014285714285714285
36.74520547945205,demographic_sir_R0_comparison,0.15726247651690872,8.748189899509925e-12,0.8427375234743374,8.0,416.1142857142857,52.0,0.014285714285714285
36.76438356164383,demographic_sir_R0_comparison,0.15749333187164302,1.1327477353282289e-11,0.8425066681170239,8.0,416.1142857142857,52.0,0.014285714285714285
36.78356164383562,demographic_sir_R0_comparison,0.1577241239832634,1.4694275891950673e-11,0.8422758760020366,8.0,416.1142857142857,52.0,0.014285714285714285
36.8027397260274,demographic_sir_R0_comparison,0.15795485286794247,1.9096903077747833e-11,0.8420451471129548,8.0,416.1142857142857,52.0,0.014285714285714285
36.821917808219176,demographic_sir_R0_comparison,0.15818551854148197,2.486435777567425e-11,0.8418144814336479,8.0,416.1142857142857,52.0,0.014285714285714285
36.84109589041096,demographic_sir_R0_comparison,0.15841612101919228,3.243328046577033e-11,0.8415838789483688,8.0,416.1142857142857,52.0,0.014285714285714285
36.86027397260274,demographic_sir_R0_comparison,0.15864666031573196,4.238416376712807e-11,0.8413533396418784,8.0,416.1142857142857,52.0,0.014285714285714285
36.87945205479452,demographic_sir_R0_comparison,0.15887713644489276,5.5490067291936815e-11,0.8411228634996117,8.0,416.1142857142857,52.0,0.014285714285714285
36.8986301369863,demographic_sir_R0_comparison,0.15910754941931088,7.278226320858861e-11,0.8408924505079013,8.0,416.1142857142857,52.0,0.014285714285714285
36.917808219178085,demographic_sir_R0_comparison,0.1593378992500794,9.563884310994707e-11,0.8406621006542762,8.0,416.1142857142857,52.0,0.014285714285714285
36.93698630136986,demographic_sir_R0_comparison,0.15956818594622585,1.2590451560265412e-10,0.840431813927864,8.0,416.1142857142857,52.0,0.014285714285714285
36.95616438356164,demographic_sir_R0_comparison,0.15979840951400875,1.6605284262758347e-10,0.8402015903199329,8.0,416.1142857142857,52.0,0.014285714285714285
36.97534246575343,demographic_sir_R0_comparison,0.16002856995596698,2.194063131038383e-10,0.8399714298246214,8.0,416.1142857142857,52.0,0.014285714285714285
36.99452054794521,demographic_sir_R0_comparison,0.16025866726963287,2.9043536863705196e-10,0.8397413324399265,8.0,416.1142857142857,52.0,0.014285714285714285
37.013698630136986,demographic_sir_R0_comparison,0.16048870144579014,3.851653807978535e-10,0.8395112981690392,8.0,416.1142857142857,52.0,0.014285714285714285
37.032876712328765,demographic_sir_R0_comparison,0.16071867246610716,5.117314729293665e-10,0.8392813270221563,8.0,416.1142857142857,52.0,0.014285714285714285
37.05205479452055,demographic_sir_R0_comparison,0.1609485802999195,6.811361536596178e-10,0.8390514190189391,8.0,416.1142857142857,52.0,0.014285714285714285
37.07123287671233,demographic_sir_R0_comparison,0.1611784248998474,9.08285622106119e-10,0.8388215741918617,8.0,416.1142857142857,52.0,0.014285714285714285
37.09041095890411,demographic_sir_R0_comparison,0.16140820619581622,1.2134096084172782e-09,0.8385917925907689,8.0,416.1142857142857,52.0,0.014285714285714285
37.10958904109589,demographic_sir_R0_comparison,0.16163792408688432,1.6240099409426738e-09,0.8383620742891003,8.0,416.1142857142857,52.0,0.014285714285714285
37.12876712328767,demographic_sir_R0_comparison,0.1618675784300551,2.177539194030063e-09,0.8381324193924001,8.0,416.1142857142857,52.0,0.014285714285714285
37.14794520547945,demographic_sir_R0_comparison,0.16209716902493396,2.9250891113485975e-09,0.8379028280499714,8.0,416.1142857142857,52.0,0.014285714285714285
37.16712328767123,demographic_sir_R0_comparison,0.16232669559265306,3.936477952002154e-09,0.8376733004708635,8.0,416.1142857142857,52.0,0.014285714285714285
37.18630136986302,demographic_sir_R0_comparison,0.16255615774687082,5.307279071168677e-09,0.8374438369458448,8.0,416.1142857142857,52.0,0.014285714285714285
37.205479452054796,demographic_sir_R0_comparison,0.16278555495379946,7.168547725067876e-09,0.8372144378776476,8.0,416.1142857142857,52.0,0.014285714285714285
37.224657534246575,demographic_sir_R0_comparison,0.1630148864770164,9.700304469856106e-09,0.836985103822674,8.0,416.1142857142857,52.0,0.014285714285714285
37.24383561643835,demographic_sir_R0_comparison,0.1632441513011357,1.3150257301043384e-08,0.8367558355486019,8.0,416.1142857142857,52.0,0.014285714285714285
37.26301369863014,demographic_sir_R0_comparison,0.16347334802606492,1.7859841519047117e-08,0.8365266341140885,8.0,416.1142857142857,52.0,0.014285714285714285
37.28219178082192,demographic_sir_R0_comparison,0.16370247472026053,2.4300498230476837e-08,0.8362975009792363,8.0,416.1142857142857,52.0,0.014285714285714285
37.3013698630137,demographic_sir_R0_comparison,0.16393152871673963,3.312430194664618e-08,0.8360684381589535,8.0,416.1142857142857,52.0,0.014285714285714285
37.32054794520548,demographic_sir_R0_comparison,0.16416050632903292,4.5234731139164236e-08,0.8358394484362309,8.0,416.1142857142857,52.0,0.014285714285714285
37.33972602739726,demographic_sir_R0_comparison,0.16438940245498698,6.188576166969417e-08,0.8356105356592461,8.0,416.1142857142857,52.0,0.014285714285714285
37.35890410958904,demographic_sir_R0_comparison,0.1646182100231978,8.482085037095816e-08,0.8353817051559467,8.0,416.1142857142857,52.0,0.014285714285714285
37.37808219178082,demographic_sir_R0_comparison,0.16484691921825084,1.1646819245931726e-07,0.8351529643135515,8.0,416.1142857142857,52.0,0.014285714285714285
37.397260273972606,demographic_sir_R0_comparison,0.1650755163945479,1.6021549540749787e-07,0.8349243233899514,8.0,416.1142857142857,52.0,0.014285714285714285
37.416438356164385,demographic_sir_R0_comparison,0.16530398255096795,2.207972945045249e-07,0.8346957966517323,8.0,416.1142857142857,52.0,0.014285714285714285
37.43561643835616,demographic_sir_R0_comparison,0.16553229118518153,3.048418085808281e-07,0.8344674039730047,8.0,416.1142857142857,52.0,0.014285714285714285
37.45479452054794,demographic_sir_R0_comparison,0.16576040527025007,4.216443221901144e-07,0.8342391730854225,8.0,416.1142857142857,52.0,0.014285714285714285
37.47397260273973,demographic_sir_R0_comparison,0.16598827298735203,5.842627109283958e-07,0.8340111427499318,8.0,416.1142857142857,52.0,0.014285714285714285
37.49315068493151,demographic_sir_R0_comparison,0.16621582169290278,8.110717885990669e-07,0.8337833672353033,8.0,416.1142857142857,52.0,0.014285714285714285
37.512328767123286,demographic_sir_R0_comparison,0.1664429493755745,1.1279721132050516e-06,0.833555922652307,8.0,416.1142857142857,52.0,0.014285714285714285
37.53150684931507,demographic_sir_R0_comparison,0.16666951253936496,1.5715336223698602e-06,0.8333289159270072,8.0,416.1142857142857,52.0,0.014285714285714285
37.55068493150685,demographic_sir_R0_comparison,0.1668953089905765,2.193476326914432e-06,0.8331024975330912,8.0,416.1142857142857,52.0,0.014285714285714285
37.56986301369863,demographic_sir_R0_comparison,0.16712005334838867,3.067065587495622e-06,0.8328768795860184,8.0,416.1142857142857,52.0,0.014285714285714285
37.58904109589041,demographic_sir_R0_comparison,0.16734334215307858,4.29625159760463e-06,0.8326523615953182,8.0,416.1142857142857,52.0,0.014285714285714285
37.608219178082194,demographic_sir_R0_comparison,0.1675646040874595,6.028744859519648e-06,0.8324293671676756,8.0,416.1142857142857,52.0,0.014285714285714285
37.62739726027397,demographic_sir_R0_comparison,0.16778302887711527,8.474738574393405e-06,0.8322084963843048,8.0,416.1142857142857,52.0,0.014285714285714285
37.64657534246575,demographic_sir_R0_comparison,0.16799746564120033,1.1933730130413639e-05,0.8319906006286638,8.0,416.1142857142857,52.0,0.014285714285714285
37.66575342465754,demographic_sir_R0_comparison,0.16820627747635003,1.6832945601492495e-05,0.831776889578043,8.0,416.1142857142857,52.0,0.014285714285714285
37.68493150684932,demographic_sir_R0_comparison,0.168407133392227,2.3782348351445187e-05,0.8315690842594161,8.0,416.1142857142857,52.0,0.014285714285714285
37.704109589041096,demographic_sir_R0_comparison,0.1685967107477639,3.365325448174954e-05,0.8313696359977488,8.0,416.1142857142857,52.0,0.014285714285714285
37.723287671232875,demographic_sir_R0_comparison,0.168770270283706,4.7690327395960846e-05,0.8311820393888925,8.0,416.1142857142857,52.0,0.014285714285714285
37.74246575342466,demographic_sir_R0_comparison,0.16892105086435827,6.767026862852713e-05,0.8310112788670074,8.0,416.1142857142857,52.0,0.014285714285714285
37.76164383561644,demographic_sir_R0_comparison,0.16903941148918591,9.6124742658685e-05,0.8308644637681495,8.0,416.1142857142857,52.0,0.014285714285714285
37.78082191780822,demographic_sir_R0_comparison,0.1691116242735479,0.0001366493018663934,0.8307517264245796,8.0,416.1142857142857,52.0,0.014285714285714285
37.8,demographic_sir_R0_comparison,0.16911819666711767,0.00019432238132590488,0.8306874809515505,8.0,416.1142857142857,52.0,0.014285714285714285
37.81917808219178,demographic_sir_R0_comparison,0.1690315826919262,0.00027625420770551547,0.8306921631003623,8.0,416.1142857142857,52.0,0.014285714285714285
37.83835616438356,demographic_sir_R0_comparison,0.1688131520688741,0.0003922649067452797,0.8307945830243747,8.0,416.1142857142857,52.0,0.014285714285714285
37.85753424657534,demographic_sir_R0_comparison,0.16840936649195004,0.0005556352477022696,0.8310349982603419,8.0,416.1142857142857,52.0,0.014285714285714285
37.87671232876713,demographic_sir_R0_comparison,0.16774734664691268,0.0007837498152239138,0.8314689035378575,8.0,416.1142857142857,52.0,0.014285714285714285
37.895890410958906,demographic_sir_R0_comparison,0.16673053707833668,0.0010982153425184568,0.8321712475791389,8.0,416.1142857142857,52.0,0.014285714285714285
37.915068493150685,demographic_sir_R0_comparison,0.1652361594694932,0.0015236498127939838,0.8332401907177069,8.0,416.1142857142857,52.0,0.014285714285714285
37.93424657534246,demographic_sir_R0_comparison,0.16311767272976227,0.0020838530010103143,0.8347984742692216,8.0,416.1142857142857,52.0,0.014285714285714285
37.95342465753425,demographic_sir_R0_comparison,0.16021717639047128,0.00279380961517138,0.8369890139943515,8.0,416.1142857142857,52.0,0.014285714285714285
37.97260273972603,demographic_sir_R0_comparison,0.15639318330163784,0.0036467709561138714,0.8399600457422427,8.0,416.1142857142857,52.0,0.014285714285714285
37.99178082191781,demographic_sir_R0_comparison,0.1515655818638762,0.004598722314476199,0.8438356958216421,8.0,416.1142857142857,52.0,0.014285714285714285
38.010958904109586,demographic_sir_R0_comparison,0.14576914993367493,0.005558076293523471,0.848672773772796,8.0,416.1142857142857,52.0,0.014285714285714285
38.03013698630137,demographic_sir_R0_comparison,0.13919220296464827,0.006392820252638071,0.854414976782708,8.0,416.1142857142857,52.0,0.014285714285714285
38.04931506849315,demographic_sir_R0_comparison,0.13217056816814765,0.006962764651990466,0.8608666671798563,8.0,416.1142857142857,52.0,0.014285714285714285
38.06849315068493,demographic_sir_R0_comparison,0.12512419378469292,0.0071675025338897936,0.8677083036814117,8.0,416.1142857142857,52.0,0.014285714285714285
38.087671232876716,demographic_sir_R0_comparison,0.11845941993813132,0.006983730735360627,0.8745568493265024,8.0,416.1142857142857,52.0,0.014285714285714285
38.106849315068494,demographic_sir_R0_comparison,0.11248337426337295,0.006468931241005647,0.8810476944956156,8.0,416.1142857142857,52.0,0.014285714285714285
38.12602739726027,demographic_sir_R0_comparison,0.10736508282816223,0.005732228897734243,0.8869026882740979,8.0,416.1142857142857,52.0,0.014285714285714285
38.14520547945205,demographic_sir_R0_comparison,0.10314507940279202,0.004893685225513999,0.8919612353716881,8.0,416.1142857142857,52.0,0.014285714285714285
38.16438356164384,demographic_sir_R0_comparison,0.09977227128404349,0.004053358998537335,0.8961743697174134,8.0,416.1142857142857,52.0,0.014285714285714285
38.18356164383562,demographic_sir_R0_comparison,0.09714506415261662,0.0032781594186437617,0.8995767764287339,8.0,416.1142857142857,52.0,0.014285714285714285
38.202739726027396,demographic_sir_R0_comparison,0.09514372121323107,0.002602910988066584,0.9022533677986965,8.0,416.1142857142857,52.0,0.014285714285714285
38.22191780821918,demographic_sir_R0_comparison,0.0936507651469678,0.002038288946571736,0.9043109459064548,8.0,416.1142857142857,52.0,0.014285714285714285
38.24109589041096,demographic_sir_R0_comparison,0.09256141410278185,0.001579884255639549,0.9058587016415729,8.0,416.1142857142857,52.0,0.014285714285714285
38.26027397260274,demographic_sir_R0_comparison,0.09178739503947721,0.001215566743364662,0.9069970382171525,8.0,416.1142857142857,52.0,0.014285714285714285
38.27945205479452,demographic_sir_R0_comparison,0.09125701358891065,0.0009304443508769104,0.9078125420602068,8.0,416.1142857142857,52.0,0.014285714285714285
38.298630136986304,demographic_sir_R0_comparison,0.09091343846900009,0.0007097444409005048,0.9083768170900938,8.0,416.1142857142857,52.0,0.014285714285714285
38.31780821917808,demographic_sir_R0_comparison,0.0907123557071659,0.00054023283124636,0.9087474114615822,8.0,416.1142857142857,52.0,0.014285714285714285
38.33698630136986,demographic_sir_R0_comparison,0.09061959765764958,0.0004107327742481566,0.9089696695680967,8.0,416.1142857142857,52.0,0.014285714285714285
38.35616438356164,demographic_sir_R0_comparison,0.09060902039776005,0.00031215136517124355,0.9090788282370629,8.0,416.1142857142857,52.0,0.014285714285714285
38.37534246575343,demographic_sir_R0_comparison,0.09066072156699682,0.00023727247975984466,0.9091020059532375,8.0,416.1142857142857,52.0,0.014285714285714285
38.394520547945206,demographic_sir_R0_comparison,0.09075960031750162,0.0001804655119655827,0.909059934170527,8.0,416.1142857142857,52.0,0.014285714285714285
38.413698630136984,demographic_sir_R0_comparison,0.09089422180349176,0.00013738792287667196,0.9089683902736257,8.0,416.1142857142857,52.0,0.014285714285714285
38.43287671232877,demographic_sir_R0_comparison,0.09105593616356346,0.00010471733441018408,0.9088393465020207,8.0,416.1142857142857,52.0,0.014285714285714285
38.45205479452055,demographic_sir_R0_comparison,0.09123820235633745,7.992567580827576e-05,0.9086818719678484,8.0,416.1142857142857,52.0,0.014285714285714285
38.47123287671233,demographic_sir_R0_comparison,0.09143607301749473,6.109617616957151e-05,0.9085028308063298,8.0,416.1142857142857,52.0,0.014285714285714285
38.49041095890411,demographic_sir_R0_comparison,0.09164580391467994,4.6778792792783765e-05,0.9083074172925212,8.0,416.1142857142857,52.0,0.014285714285714285
38.50958904109589,demographic_sir_R0_comparison,0.09186455880376748,3.587791697945641e-05,0.908099563279247,8.0,416.1142857142857,52.0,0.014285714285714285
38.52876712328767,demographic_sir_R0_comparison,0.09209018681252829,2.7566145158146747e-05,0.9078822470423075,8.0,416.1142857142857,52.0,0.014285714285714285
38.54794520547945,demographic_sir_R0_comparison,0.09232105469991456,2.1218580442410478e-05,0.9076577267196368,8.0,416.1142857142857,52.0,0.014285714285714285
38.56712328767124,demographic_sir_R0_comparison,0.09255592050705931,1.636303997064895e-05,0.9074277164529636,8.0,416.1142857142857,52.0,0.014285714285714285
38.586301369863016,demographic_sir_R0_comparison,0.09279383837054778,1.2642448078488725e-05,0.9071935191813671,8.0,416.1142857142857,52.0,0.014285714285714285
38.605479452054794,demographic_sir_R0_comparison,0.09303408677319147,9.786494562589728e-06,0.9069561267322392,8.0,416.1142857142857,52.0,0.014285714285714285
38.62465753424657,demographic_sir_R0_comparison,0.09327611441640425,7.590301230597554e-06,0.9067162952823584,8.0,416.1142857142857,52.0,0.014285714285714285
38.64383561643836,demographic_sir_R0_comparison,0.09351949934346183,5.898371729658629e-06,0.9064746022848017,8.0,416.1142857142857,52.0,0.014285714285714285
38.66301369863014,demographic_sir_R0_comparison,0.09376391803219272,4.592515816677895e-06,0.906231489451984,8.0,416.1142857142857,52.0,0.014285714285714285
38.68219178082192,demographic_sir_R0_comparison,0.09400912199428223,3.5827599359192275e-06,0.905987295245775,8.0,416.1142857142857,52.0,0.014285714285714285
38.701369863013696,demographic_sir_R0_comparison,0.09425492003251602,2.8005005377945057e-06,0.9057422794669393,8.0,416.1142857142857,52.0,0.014285714285714285
38.72054794520548,demographic_sir_R0_comparison,0.0945011647675939,2.193341758696261e-06,0.9054966418906403,8.0,416.1142857142857,52.0,0.014285714285714285
38.73972602739726,demographic_sir_R0_comparison,0.09474774239102679,1.721198630519035e-06,0.9052505364103355,8.0,416.1142857142857,52.0,0.014285714285714285
38.75890410958904,demographic_sir_R0_comparison,0.0949945648590711,1.353351813194557e-06,0.9050040817891084,8.0,416.1142857142857,52.0,0.014285714285714285
38.778082191780825,demographic_sir_R0_comparison,0.09524156393640755,1.0662184278683334e-06,0.9047573698451574,8.0,416.1142857142857,52.0,0.014285714285714285
38.797260273972604,demographic_sir_R0_comparison,0.09548868664364503,8.416624149642619e-07,0.9045104716939331,8.0,416.1142857142857,52.0,0.014285714285714285
38.81643835616438,demographic_sir_R0_comparison,0.09573589177190323,6.657118870695416e-07,0.9042634425162028,8.0,416.1142857142857,52.0,0.014285714285714285
38.83561643835616,demographic_sir_R0_comparison,0.09598314720980529,5.275839146307262e-07,0.9040163252062733,8.0,416.1142857142857,52.0,0.014285714285714285
38.85479452054795,demographic_sir_R0_comparison,0.0962304278900012,4.189418685385524e-07,0.9037691531681233,8.0,416.1142857142857,52.0,0.014285714285714285
38.87397260273973,demographic_sir_R0_comparison,0.09647771420891224,3.3332894074055503e-07,0.9035219524621402,8.0,416.1142857142857,52.0,0.014285714285714285
38.893150684931506,demographic_sir_R0_comparison,0.09672499080854283,2.6573533598788205e-07,0.9032747434561144,8.0,416.1142857142857,52.0,0.014285714285714285
38.912328767123284,demographic_sir_R0_comparison,0.09697224563577546,2.1226704213475323e-07,0.9030275420971755,8.0,416.1142857142857,52.0,0.014285714285714285
38.93150684931507,demographic_sir_R0_comparison,0.09721946921468429,1.6989191412725117e-07,0.9027803608933948,8.0,416.1142857142857,52.0,0.014285714285714285
38.95068493150685,demographic_sir_R0_comparison,0.09746665408265302,1.3624469790006584e-07,0.9025332096726423,8.0,416.1142857142857,52.0,0.014285714285714285
38.96986301369863,demographic_sir_R0_comparison,0.09771379435266771,1.0947705998652147e-07,0.9022860961702657,8.0,416.1142857142857,52.0,0.014285714285714285
38.989041095890414,demographic_sir_R0_comparison,0.09796088537296087,8.814203910030455e-08,0.9020390264849935,8.0,416.1142857142857,52.0,0.014285714285714285
39.00821917808219,demographic_sir_R0_comparison,0.09820792346189722,7.110486814155554e-08,0.901792005433228,8.0,416.1142857142857,52.0,0.014285714285714285
39.02739726027397,demographic_sir_R0_comparison,0.09845490570111044,5.747403171108861e-08,0.9015450368248513,8.0,416.1142857142857,52.0,0.014285714285714285
39.04657534246575,demographic_sir_R0_comparison,0.09870182977381217,4.6547877127797206e-08,0.9012981236783041,8.0,416.1142857142857,52.0,0.014285714285714285
39.06575342465754,demographic_sir_R0_comparison,0.09894869383819188,3.777320002516837e-08,0.9010512683886015,8.0,416.1142857142857,52.0,0.014285714285714285
39.084931506849315,demographic_sir_R0_comparison,0.09919549642812037,3.071306438708077e-08,0.9008044728588087,8.0,416.1142857142857,52.0,0.014285714285714285
39.104109589041094,demographic_sir_R0_comparison,0.09944223637513562,2.502175569331229e-08,0.9005577386031021,8.0,416.1142857142857,52.0,0.014285714285714285
39.12328767123288,demographic_sir_R0_comparison,0.09968891274704304,2.042525312267207e-08,0.9003110668276972,8.0,416.1142857142857,52.0,0.014285714285714285
39.14246575342466,demographic_sir_R0_comparison,0.09993552479950948,1.67059790378444e-08,0.9000644584945051,8.0,416.1142857142857,52.0,0.014285714285714285
39.16164383561644,demographic_sir_R0_comparison,0.10018207193783654,1.3690868842193869e-08,0.8998179143712883,8.0,416.1142857142857,52.0,0.014285714285714285
39.18082191780822,demographic_sir_R0_comparison,0.10042855368672,1.1242022623779836e-08,0.8995714350712509,8.0,416.1142857142857,52.0,0.014285714285714285
39.2,demographic_sir_R0_comparison,0.10067496966628696,9.24936759382409e-09,0.8993250210843391,8.0,416.1142857142857,52.0,0.014285714285714285
39.21917808219178,demographic_sir_R0_comparison,0.10092131957307479,7.62488917878273e-09,0.8990786728020295,8.0,416.1142857142857,52.0,0.014285714285714285
39.23835616438356,demographic_sir_R0_comparison,0.10116760316490792,6.298087848698299e-09,0.8988323905369977,8.0,416.1142857142857,52.0,0.014285714285714285
39.25753424657534,demographic_sir_R0_comparison,0.10141382024885214,5.21239529332047e-09,0.8985861745387461,8.0,416.1142857142857,52.0,0.014285714285714285
39.276712328767125,demographic_sir_R0_comparison,0.10165997067160519,4.322342675472335e-09,0.8983400250060457,8.0,416.1142857142857,52.0,0.014285714285714285
39.295890410958904,demographic_sir_R0_comparison,0.10190605431181696,3.59131943141884e-09,0.8980939420968571,8.0,416.1142857142857,52.0,0.014285714285714285
39.31506849315068,demographic_sir_R0_comparison,0.10215207107394275,2.989796533380476e-09,0.8978479259362543,8.0,416.1142857142857,52.0,0.014285714285714285
39.33424657534247,demographic_sir_R0_comparison,0.10239802088331403,2.4939156400722753e-09,0.8976019766227638,8.0,416.1142857142857,52.0,0.014285714285714285
39.35342465753425,demographic_sir_R0_comparison,0.10264390368217931,2.0843669468424652e-09,0.8973560942334472,8.0,416.1142857142857,52.0,0.014285714285714285
39.37260273972603,demographic_sir_R0_comparison,0.10288971942651998,1.7454951973162757e-09,0.8971102788279782,8.0,416.1142857142857,52.0,0.014285714285714285
39.391780821917806,demographic_sir_R0_comparison,0.10313546808348355,1.4645863021383726e-09,0.8968645304519235,8.0,416.1142857142857,52.0,0.014285714285714285
39.41095890410959,demographic_sir_R0_comparison,0.10338114962931218,1.2312971506175369e-09,0.896618849139384,8.0,416.1142857142857,52.0,0.014285714285714285
39.43013698630137,demographic_sir_R0_comparison,0.10362676404766766,1.037199132827074e-09,0.8963732349151264,8.0,416.1142857142857,52.0,0.014285714285714285
39.44931506849315,demographic_sir_R0_comparison,0.10387231132827543,8.754121035593103e-10,0.8961276877963057,8.0,416.1142857142857,52.0,0.014285714285714285
39.468493150684935,demographic_sir_R0_comparison,0.10411779146582426,7.403103950548529e-10,0.8958822077938586,8.0,416.1142857142857,52.0,0.014285714285714285
39.487671232876714,demographic_sir_R0_comparison,0.10436320445907198,6.272863167362e-10,0.895636794913635,8.0,416.1142857142857,52.0,0.014285714285714285
39.50684931506849,demographic_sir_R0_comparison,0.10460855031011858,5.325595955309455e-10,0.8953914491573153,8.0,416.1142857142857,52.0,0.014285714285714285
39.52602739726027,demographic_sir_R0_comparison,0.1048538290238129,4.530235871653237e-10,0.8951461705231568,8.0,416.1142857142857,52.0,0.014285714285714285
39.54520547945206,demographic_sir_R0_comparison,0.10509904060726867,3.8612096511879964e-10,0.8949009590066035,8.0,416.1142857142857,52.0,0.014285714285714285
39.56438356164384,demographic_sir_R0_comparison,0.10534418506946816,3.297430773934489e-10,0.8946558146007819,8.0,416.1142857142857,52.0,0.014285714285714285
39.583561643835615,demographic_sir_R0_comparison,0.10558926242093838,2.8214833588783857e-10,0.8944107372969065,8.0,416.1142857142857,52.0,0.014285714285714285
39.602739726027394,demographic_sir_R0_comparison,0.10583427267348486,2.418959346696858e-10,0.8941657270846124,8.0,416.1142857142857,52.0,0.014285714285714285
39.62191780821918,demographic_sir_R0_comparison,0.1060792158399729,2.0779193324521409e-10,0.8939207839522285,8.0,416.1142857142857,52.0,0.014285714285714285
39.64109589041096,demographic_sir_R0_comparison,0.10632409193414753,1.7884532935896784e-10,0.8936759078870001,8.0,416.1142857142857,52.0,0.014285714285714285
39.66027397260274,demographic_sir_R0_comparison,0.10656890097048566,1.542322145923398e-10,0.8934310988752752,8.0,416.1142857142857,52.0,0.014285714285714285
39.679452054794524,demographic_sir_R0_comparison,0.10681364296407315,1.332664799684687e-10,0.8931863569026534,8.0,416.1142857142857,52.0,0.014285714285714285
39.6986301369863,demographic_sir_R0_comparison,0.10705831793050358,1.153758375266743e-10,0.8929416819541136,8.0,416.1142857142857,52.0,0.014285714285714285
39.71780821917808,demographic_sir_R0_comparison,0.10730292588579456,1.0008216287070154e-10,0.8926970740141161,8.0,416.1142857142857,52.0,0.014285714285714285
39.73698630136986,demographic_sir_R0_comparison,0.10754746684631812,8.698535523810235e-11,0.8924525330666894,8.0,416.1142857142857,52.0,0.014285714285714285
39.75616438356165,demographic_sir_R0_comparison,0.10779194082874285,7.575006534530661e-11,0.8922080590954999,8.0,416.1142857142857,52.0,0.014285714285714285
39.775342465753425,demographic_sir_R0_comparison,0.1080363478499855,6.60947647887501e-11,0.8919636520839126,8.0,416.1142857142857,52.0,0.014285714285714285
39.794520547945204,demographic_sir_R0_comparison,0.10828068792717148,5.778273019676383e-11,0.8917193120150386,8.0,416.1142857142857,52.0,0.014285714285714285
39.81369863013698,demographic_sir_R0_comparison,0.1085249610776009,5.0614595452515665e-11,0.8914750388717771,8.0,416.1142857142857,52.0,0.014285714285714285
39.83287671232877,demographic_sir_R0_comparison,0.10876916731872091,4.442218998023189e-11,0.8912308326368497,8.0,416.1142857142857,52.0,0.014285714285714285
39.85205479452055,demographic_sir_R0_comparison,0.10901330666810183,3.906343336113353e-11,0.8909866932928278,8.0,416.1142857142857,52.0,0.014285714285714285
39.87123287671233,demographic_sir_R0_comparison,0.10925737914341811,3.44180988587581e-11,0.8907426208221569,8.0,416.1142857142857,52.0,0.014285714285714285
39.89041095890411,demographic_sir_R0_comparison,0.10950138476243154,3.0384292732757595e-11,0.8904986152071772,8.0,416.1142857142857,52.0,0.014285714285714285
39.90958904109589,demographic_sir_R0_comparison,0.10974532354297704,2.6875524062815756e-11,0.8902546764301407,8.0,416.1142857142857,52.0,0.014285714285714285
39.92876712328767,demographic_sir_R0_comparison,0.10998919550295162,2.3818262437636902e-11,0.8900108044732232,8.0,416.1142857142857,52.0,0.014285714285714285
39.94794520547945,demographic_sir_R0_comparison,0.1102330006603041,2.1149899288500764e-11,0.8897669993185392,8.0,416.1142857142857,52.0,0.014285714285714285
39.967123287671235,demographic_sir_R0_comparison,0.110476739033027,1.8817043666205787e-11,0.889523260948149,8.0,416.1142857142857,52.0,0.014285714285714285
39.986301369863014,demographic_sir_R0_comparison,0.11072041063914904,1.6774095520913265e-11,0.8892795893440701,8.0,416.1142857142857,52.0,0.014285714285714285
40.0,demographic_sir_R0_comparison,0.1108944209188712,1.5470504442343653e-11,0.8891055790656516,8.0,416.1142857142857,52.0,0.014285714285714285
0.0,demographic_sir_R0_comparison,0.9999,0.0001,0.0,15.0,780.2142857142857,52.0,0.014285714285714285
0.019178082191780823,demographic_sir_R0_comparison,0.015056696299652835,0.7040763561801571,0.2808669475201901,15.0,780.2142857142857,52.0,0.014285714285714285
0.038356164383561646,demographic_sir_R0_comparison,7.371535415111605e-05,0.26598956948579844,0.7339367151600504,15.0,780.2142857142857,52.0,0.014285714285714285
0.057534246575342465,demographic_sir_R0_comparison,0.00012613086593744308,0.09822929913725702,0.9016445699968055,15.0,780.2142857142857,52.0,0.014285714285714285
0.07671232876712329,demographic_sir_R0_comparison,0.0002417267289589767,0.03632314902368577,0.9634351242473552,15.0,780.2142857142857,52.0,0.014285714285714285
0.0958904109589041,demographic_sir_R0_comparison,0.00040951755644794813,0.01346013581515278,0.9861303466283993,15.0,780.2142857142857,52.0,0.014285714285714285
0.11506849315068493,demographic_sir_R0_comparison,0.0006201119457846924,0.005002094184210613,0.9943777938700047,15.0,780.2142857142857,52.0,0.014285714285714285
0.13424657534246576,demographic_sir_R0_comparison,0.0008596976845577494,0.0018651958208757645,0.9972751064945666,15.0,780.2142857142857,52.0,0.014285714285714285
0.15342465753424658,demographic_sir_R0_comparison,0.0011162350142371689,0.0006980948888027322,0.9981856700969605,15.0,780.2142857142857,52.0,0.014285714285714285
0.1726027397260274,demographic_sir_R0_comparison,0.0013816935045801466,0.0002623033449896233,0.9983560031504305,15.0,780.2142857142857,52.0,0.014285714285714285
0.1917808219178082,demographic_sir_R0_comparison,0.0016515041017103483,9.895417818453106e-05,0.9982495417201053,15.0,780.2142857142857,52.0,0.014285714285714285
0.21095890410958903,demographic_sir_R0_comparison,0.0019233146717667381,3.748220491947532e-05,0.9980392031233142,15.0,780.2142857142857,52.0,0.014285714285714285
0.23013698630136986,demographic_sir_R0_comparison,0.0021959905804975585,1.4255605290351391e-05,0.9977897538142124,15.0,780.2142857142857,52.0,0.014285714285714285
0.2493150684931507,demographic_sir_R0_comparison,0.0024690077369384843,5.444016452754005e-06,0.9975255482466093,15.0,780.2142857142857,52.0,0.014285714285714285
0.2684931506849315,demographic_sir_R0_comparison,0.0027421311376594976,2.0875062430397324e-06,0.9972557813560982,15.0,780.2142857142857,52.0,0.014285714285714285
0.2876712328767123,demographic_sir_R0_comparison,0.0030152575708300602,8.037315804005875e-07,0.9969839386975902,15.0,780.2142857142857,52.0,0.014285714285714285
0.30684931506849317,demographic_sir_R0_comparison,0.0032883423743000836,3.107198751323334e-07,0.9967113469058253,15.0,780.2142857142857,52.0,0.014285714285714285
0.32602739726027397,demographic_sir_R0_comparison,0.003561366431343578,1.2061503399417958e-07,0.9964385129536232,15.0,780.2142857142857,52.0,0.014285714285714285
0.3452054794520548,demographic_sir_R0_comparison,0.0038343216282883423,4.7011903699150686e-08,0.9961656313598088,15.0,780.2142857142857,52.0,0.014285714285714285
0.3643835616438356,demographic_sir_R0_comparison,0.004107204547079211,1.839872619538483e-08,0.9958927770541957,15.0,780.2142857142857,52.0,0.014285714285714285
0.3835616438356164,demographic_sir_R0_comparison,0.004380013760216932,7.230040403438334e-09,0.9956199790097439,15.0,780.2142857142857,52.0,0.014285714285714285
0.40273972602739727,demographic_sir_R0_comparison,0.004652748680021662,2.852766725495548e-09,0.9953472484672128,15.0,780.2142857142857,52.0,0.014285714285714285
0.42191780821917807,demographic_sir_R0_comparison,0.004925409071957839,1.130222323093997e-09,0.9950745897978209,15.0,780.2142857142857,52.0,0.014285714285714285
0.4410958904109589,demographic_sir_R0_comparison,0.005197994849657878,4.4960703839146304e-10,0.9948020047007362,15.0,780.2142857142857,52.0,0.014285714285714285
0.4602739726027397,demographic_sir_R0_comparison,0.005470505988836321,1.7958639673238748e-10,0.9945294938315784,15.0,780.2142857142857,52.0,0.014285714285714285
0.4794520547945206,demographic_sir_R0_comparison,0.0057429424912019515,7.202518826781974e-11,0.994257057436774,15.0,780.2142857142857,52.0,0.014285714285714285
0.4986301369863014,demographic_sir_R0_comparison,0.006015304369345104,2.900450864278993e-11,0.9939846956016516,15.0,780.2142857142857,52.0,0.014285714285714285
0.5178082191780822,demographic_sir_R0_comparison,0.006287591640411341,1.1727792765377601e-11,0.9937124083478621,15.0,780.2142857142857,52.0,0.014285714285714285
0.536986301369863,demographic_sir_R0_comparison,0.0065598043234528025,4.761417121127892e-12,0.9934401956717872,15.0,780.2142857142857,52.0,0.014285714285714285
0.5561643835616439,demographic_sir_R0_comparison,0.006831942438318655,1.940997008785668e-12,0.9931680575597419,15.0,780.2142857142857,52.0,0.014285714285714285
0.5753424657534246,demographic_sir_R0_comparison,0.007104006005189853,7.944776957908294e-13,0.9928959939940173,15.0,780.2142857142857,52.0,0.014285714285714285
0.5945205479452055,demographic_sir_R0_comparison,0.007375995044383818,3.2651735854799513e-13,0.9926240049552915,15.0,780.2142857142857,52.0,0.014285714285714285
0.6136986301369863,demographic_sir_R0_comparison,0.007647909576272298,1.3474047606224845e-13,0.9923520904235948,15.0,780.2142857142857,52.0,0.014285714285714285
0.6328767123287671,demographic_sir_R0_comparison,0.007919749621246785,5.582858673616866e-14,0.9920802503786992,15.0,780.2142857142857,52.0,0.014285714285714285
0.6520547945205479,demographic_sir_R0_comparison,0.008191515199703915,2.322637643679177e-14,0.9918084848002745,15.0,780.2142857142857,52.0,0.014285714285714285
0.6712328767123288,demographic_sir_R0_comparison,0.008463206332039286,9.702241327701306e-15,0.9915367936679529,15.0,780.2142857142857,52.0,0.014285714285714285
0.6904109589041096,demographic_sir_R0_comparison,0.008734823038644852,4.06937757343878e-15,0.9912651769613531,15.0,780.2142857142857,52.0,0.014285714285714285
0.7095890410958904,demographic_sir_R0_comparison,0.009006365339907813,1.7137549433905196e-15,0.9909936346600924,15.0,780.2142857142857,52.0,0.014285714285714285
0.7287671232876712,demographic_sir_R0_comparison,0.009277833256210134,7.246591645798256e-16,0.9907221667437911,15.0,780.2142857142857,52.0,0.014285714285714285
0.7479452054794521,demographic_sir_R0_comparison,0.009549226807928347,3.0766826990753445e-16,0.9904507731920733,15.0,780.2142857142857,52.0,0.014285714285714285
0.7671232876712328,demographic_sir_R0_comparison,0.00982054601543347,1.3115806432991628e-16,0.9901794539845683,15.0,780.2142857142857,52.0,0.014285714285714285
0.7863013698630137,demographic_sir_R0_comparison,0.010091790899090975,5.613971112328913e-17,0.9899082091009108,15.0,780.2142857142857,52.0,0.014285714285714285
0.8054794520547945,demographic_sir_R0_comparison,0.010362961479260755,2.4127245951807616e-17,0.989637038520741,15.0,780.2142857142857,52.0,0.014285714285714285
0.8246575342465754,demographic_sir_R0_comparison,0.010634057776297142,1.0411354863853007e-17,0.9893659422237046,15.0,780.2142857142857,52.0,0.014285714285714285
0.8438356164383561,demographic_sir_R0_comparison,0.010905079810548883,4.51095178072401e-18,0.9890949201894528,15.0,780.2142857142857,52.0,0.014285714285714285
0.863013698630137,demographic_sir_R0_comparison,0.011176027602359162,1.9624114772073666e-18,0.9888239723976424,15.0,780.2142857142857,52.0,0.014285714285714285
0.8821917808219178,demographic_sir_R0_comparison,0.01144690117206559,8.571808068782392e-19,0.9885530988279362,15.0,780.2142857142857,52.0,0.014285714285714285
0.9013698630136986,demographic_sir_R0_comparison,0.011717700540000202,3.759367577775185e-19,0.9882822994600016,15.0,780.2142857142857,52.0,0.014285714285714285
0.9205479452054794,demographic_sir_R0_comparison,0.011988425726489468,1.6554522301349256e-19,0.9880115742735124,15.0,780.2142857142857,52.0,0.014285714285714285
0.9397260273972603,demographic_sir_R0_comparison,0.012259076751854288,7.319434709721857e-20,0.9877409232481473,15.0,780.2142857142857,52.0,0.014285714285714285
0.9589041095890412,demographic_sir_R0_comparison,0.012529653636409992,3.2493535926755256e-20,0.9874703463635917,15.0,780.2142857142857,52.0,0.014285714285714285
0.9780821917808219,demographic_sir_R0_comparison,0.01280015640046635,1.4483531516979296e-20,0.9871998435995352,15.0,780.2142857142857,52.0,0.014285714285714285
0.9972602739726028,demographic_sir_R0_comparison,0.013070585064327565,6.482007736368297e-21,0.9869294149356739,15.0,780.2142857142857,52.0,0.014285714285714285
1.0164383561643835,demographic_sir_R0_comparison,0.013340939648292277,2.912740007712402e-21,0.9866590603517092,15.0,780.2142857142857,52.0,0.014285714285714285
1.0356164383561643,demographic_sir_R0_comparison,0.013611220172653577,1.3141668731131649e-21,0.986388779827348,15.0,780.2142857142857,52.0,0.014285714285714285
1.0547945205479452,demographic_sir_R0_comparison,0.013881426657698983,5.953268183919764e-22,0.9861185733423028,15.0,780.2142857142857,52.0,0.014285714285714285
1.073972602739726,demographic_sir_R0_comparison,0.014151559123710463,2.707796577666023e-22,0.9858484408762914,15.0,780.2142857142857,52.0,0.014285714285714285
1.093150684931507,demographic_sir_R0_comparison,0.01442161759096442,1.2366072777319165e-22,0.9855783824090373,15.0,780.2142857142857,52.0,0.014285714285714285
1.1123287671232878,demographic_sir_R0_comparison,0.014691602079731714,5.670250631877491e-23,0.9853083979202699,15.0,780.2142857142857,52.0,0.014285714285714285
1.1315068493150684,demographic_sir_R0_comparison,0.014961512610277646,2.6105194120991114e-23,0.9850384873897235,15.0,780.2142857142857,52.0,0.014285714285714285
1.1506849315068493,demographic_sir_R0_comparison,0.015231349202861968,1.2067167238992114e-23,0.9847686507971393,15.0,780.2142857142857,52.0,0.014285714285714285
1.16986301369863,demographic_sir_R0_comparison,0.015501111877738878,5.600631377489234e-24,0.9844988881222623,15.0,780.2142857142857,52.0,0.014285714285714285
1.189041095890411,demographic_sir_R0_comparison,0.015770800655157027,2.609885288639583e-24,0.9842291993448443,15.0,780.2142857142857,52.0,0.014285714285714285
1.2082191780821918,demographic_sir_R0_comparison,0.01604041555535953,1.2211194311128569e-24,0.9839595844446418,15.0,780.2142857142857,52.0,0.014285714285714285
1.2273972602739727,demographic_sir_R0_comparison,0.01630995659858395,5.736495763408443e-25,0.9836900434014175,15.0,780.2142857142857,52.0,0.014285714285714285
1.2465753424657535,demographic_sir_R0_comparison,0.0165794238050623,2.705743008719213e-25,0.9834205761949392,15.0,780.2142857142857,52.0,0.014285714285714285
1.2657534246575342,demographic_sir_R0_comparison,0.016848817195021053,1.2813780068461778e-25,0.9831511828049804,15.0,780.2142857142857,52.0,0.014285714285714285
1.284931506849315,demographic_sir_R0_comparison,0.017118136788681137,6.092820163003457e-26,0.9828818632113202,15.0,780.2142857142857,52.0,0.014285714285714285
1.3041095890410959,demographic_sir_R0_comparison,0.017387382606257957,2.908769765146501e-26,0.9826126173937434,15.0,780.2142857142857,52.0,0.014285714285714285
1.3232876712328767,demographic_sir_R0_comparison,0.017656554667961358,1.3942792032136058e-26,0.98234344533204,15.0,780.2142857142857,52.0,0.014285714285714285
1.3424657534246576,demographic_sir_R0_comparison,0.017925652993995664,6.710255968802755e-27,0.9820743470060056,15.0,780.2142857142857,52.0,0.014285714285714285
1.3616438356164384,demographic_sir_R0_comparison,0.01819467760455967,3.242476824675256e-27,0.9818053223954416,15.0,780.2142857142857,52.0,0.014285714285714285
1.3808219178082193,demographic_sir_R0_comparison,0.01846362851984662,1.5731228942126261e-27,0.9815363714801546,15.0,780.2142857142857,52.0,0.014285714285714285
1.4,demographic_sir_R0_comparison,0.01873250576004424,7.662948746628402e-28,0.9812674942399571,15.0,780.2142857142857,52.0,0.014285714285714285
1.4191780821917808,demographic_sir_R0_comparison,0.019001309345334713,3.7477982991322294e-28,0.9809986906546665,15.0,780.2142857142857,52.0,0.014285714285714285
1.4383561643835616,demographic_sir_R0_comparison,0.019270039295894714,1.840361078583644e-28,0.9807299607041063,15.0,780.2142857142857,52.0,0.014285714285714285
1.4575342465753425,demographic_sir_R0_comparison,0.01953869563189537,9.073522755363598e-29,0.9804613043681056,15.0,780.2142857142857,52.0,0.014285714285714285
1.4767123287671233,demographic_sir_R0_comparison,0.019807278373502296,4.4915310880888843e-29,0.9801927216264987,15.0,780.2142857142857,52.0,0.014285714285714285
1.4958904109589042,demographic_sir_R0_comparison,0.020075787540875575,2.2323279326193853e-29,0.9799242124591254,15.0,780.2142857142857,52.0,0.014285714285714285
1.515068493150685,demographic_sir_R0_comparison,0.020344223154169765,1.1139513015829285e-29,0.9796557768458314,15.0,780.2142857142857,52.0,0.014285714285714285
1.5342465753424657,demographic_sir_R0_comparison,0.02061258523353392,5.581084106543932e-30,0.9793874147664673,15.0,780.2142857142857,52.0,0.014285714285714285
1.5534246575342465,demographic_sir_R0_comparison,0.02088087379911156,2.807466624246194e-30,0.9791191262008897,15.0,780.2142857142857,52.0,0.014285714285714285
1.5726027397260274,demographic_sir_R0_comparison,0.021149088871040677,1.4179268665914473e-30,0.9788509111289606,15.0,780.2142857142857,52.0,0.014285714285714285
1.5917808219178082,demographic_sir_R0_comparison,0.021417230469453766,7.19011403676363e-31,0.9785827695305475,15.0,780.2142857142857,52.0,0.014285714285714285
1.610958904109589,demographic_sir_R0_comparison,0.021685298614477818,3.660664818441014e-31,0.9783147013855232,15.0,780.2142857142857,52.0,0.014285714285714285
1.63013698630137,demographic_sir_R0_comparison,0.021953293326234267,1.8712245862541377e-31,0.9780467066737667,15.0,780.2142857142857,52.0,0.014285714285714285
1.6493150684931508,demographic_sir_R0_comparison,0.022221214624839072,9.603579821669197e-32,0.9777787853751619,15.0,780.2142857142857,52.0,0.014285714285714285
1.6684931506849314,demographic_sir_R0_comparison,0.022489062530402674,4.948586823757782e-32,0.9775109374695984,15.0,780.2142857142857,52.0,0.014285714285714285
1.6876712328767123,demographic_sir_R0_comparison,0.02275683706303,2.560174515617114e-32,0.977243162936971,15.0,780.2142857142857,52.0,0.014285714285714285
1.7068493150684931,demographic_sir_R0_comparison,0.023024538242820462,1.3298351289148336e-32,0.9769754617571809,15.0,780.2142857142857,52.0,0.014285714285714285
1.726027397260274,demographic_sir_R0_comparison,0.02329216608986798,6.935302528496143e-33,0.9767078339101332,15.0,780.2142857142857,52.0,0.014285714285714285
1.7452054794520548,demographic_sir_R0_comparison,0.023559720624260965,3.6313818762266286e-33,0.9764402793757402,15.0,780.2142857142857,52.0,0.014285714285714285
1.7643835616438357,demographic_sir_R0_comparison,0.023827201866082323,1.9090480463275587e-33,0.9761727981339189,15.0,780.2142857142857,52.0,0.014285714285714285
1.7835616438356166,demographic_sir_R0_comparison,0.024094609835409456,1.0076268816305228e-33,0.9759053901645915,15.0,780.2142857142857,52.0,0.014285714285714285
1.8027397260273972,demographic_sir_R0_comparison,0.02436194455231428,5.339739924797812e-34,0.9756380554476868,15.0,780.2142857142857,52.0,0.014285714285714285
1.821917808219178,demographic_sir_R0_comparison,0.024629206036863204,2.8410407448935093e-34,0.9753707939631379,15.0,780.2142857142857,52.0,0.014285714285714285
1.841095890410959,demographic_sir_R0_comparison,0.024896394309117127,1.517649003493033e-34,0.9751036056908838,15.0,780.2142857142857,52.0,0.014285714285714285
1.8602739726027397,demographic_sir_R0_comparison,0.025163509389131474,8.139566315799814e-35,0.9748364906108695,15.0,780.2142857142857,52.0,0.014285714285714285
1.8794520547945206,demographic_sir_R0_comparison,0.025430551296956164,4.3829524695473073e-35,0.9745694487030447,15.0,780.2142857142857,52.0,0.014285714285714285
1.8986301369863015,demographic_sir_R0_comparison,0.025697520052635623,2.3695580418497004e-35,0.9743024799473653,15.0,780.2142857142857,52.0,0.014285714285714285
1.9178082191780823,demographic_sir_R0_comparison,0.025964415676208795,1.2861823953528236e-35,0.9740355843237922,15.0,780.2142857142857,52.0,0.014285714285714285
1.936986301369863,demographic_sir_R0_comparison,0.026231238187709116,7.009255887639048e-36,0.9737687618122919,15.0,780.2142857142857,52.0,0.014285714285714285
1.9561643835616438,demographic_sir_R0_comparison,0.026497987607164562,3.835084512436171e-36,0.9735020123928366,15.0,780.2142857142857,52.0,0.014285714285714285
1.9753424657534246,demographic_sir_R0_comparison,0.026764663954597603,2.1067410471516166e-36,0.9732353360454035,15.0,780.2142857142857,52.0,0.014285714285714285
1.9945205479452055,demographic_sir_R0_comparison,0.027031267250025234,1.1619303479425463e-36,0.9729687327499759,15.0,780.2142857142857,52.0,0.014285714285714285
2.0136986301369864,demographic_sir_R0_comparison,0.027297797513458958,6.434003282071207e-37,0.9727022024865422,15.0,780.2142857142857,52.0,0.014285714285714285
2.032876712328767,demographic_sir_R0_comparison,0.027564254764904796,3.5769612207416903e-37,0.9724357452350963,15.0,780.2142857142857,52.0,0.014285714285714285
2.052054794520548,demographic_sir_R0_comparison,0.027830639024363297,1.9965421431357927e-37,0.9721693609756377,15.0,780.2142857142857,52.0,0.014285714285714285
2.0712328767123287,demographic_sir_R0_comparison,0.028096950311829516,1.11885434722308e-37,0.9719030496881714,15.0,780.2142857142857,52.0,0.014285714285714285
2.0904109589041098,demographic_sir_R0_comparison,0.028363188647293064,6.295046947373518e-38,0.9716368113527076,15.0,780.2142857142857,52.0,0.014285714285714285
2.1095890410958904,demographic_sir_R0_comparison,0.028629354050738035,3.5559387101930073e-38,0.9713706459492628,15.0,780.2142857142857,52.0,0.014285714285714285
2.128767123287671,demographic_sir_R0_comparison,0.028895446542143068,2.0166891438760333e-38,0.9711045534578578,15.0,780.2142857142857,52.0,0.014285714285714285
2.147945205479452,demographic_sir_R0_comparison,0.02916146614148134,1.1482926372857619e-38,0.9708385338585195,15.0,780.2142857142857,52.0,0.014285714285714285
2.1671232876712327,demographic_sir_R0_comparison,0.029427412868720533,6.564394192225883e-39,0.9705725871312801,15.0,780.2142857142857,52.0,0.014285714285714285
2.186301369863014,demographic_sir_R0_comparison,0.02969328674382287,3.767599270176922e-39,0.9703067132561779,15.0,780.2142857142857,52.0,0.014285714285714285
2.2054794520547945,demographic_sir_R0_comparison,0.029959087786745112,2.171012187217792e-39,0.9700409122132556,15.0,780.2142857142857,52.0,0.014285714285714285
2.2246575342465755,demographic_sir_R0_comparison,0.030224816017438556,1.2559919367716004e-39,0.9697751839825622,15.0,780.2142857142857,52.0,0.014285714285714285
2.243835616438356,demographic_sir_R0_comparison,0.030490471455849003,7.2952134048532825e-40,0.9695095285441517,15.0,780.2142857142857,52.0,0.014285714285714285
2.263013698630137,demographic_sir_R0_comparison,0.030756054121916836,4.2541738786919305e-40,0.9692439458780839,15.0,780.2142857142857,52.0,0.014285714285714285
2.282191780821918,demographic_sir_R0_comparison,0.031021564035576953,2.4906808764679784e-40,0.9689784359644239,15.0,780.2142857142857,52.0,0.014285714285714285
2.3013698630136985,demographic_sir_R0_comparison,0.031287001216758765,1.4640168554489792e-40,0.968712998783242,15.0,780.2142857142857,52.0,0.014285714285714285
2.3205479452054796,demographic_sir_R0_comparison,0.03155236568538627,8.639701458889237e-41,0.9684476343146148,15.0,780.2142857142857,52.0,0.014285714285714285
2.33972602739726,demographic_sir_R0_comparison,0.03181765746137797,5.118887569747514e-41,0.9681823425386231,15.0,780.2142857142857,52.0,0.014285714285714285
2.3589041095890413,demographic_sir_R0_comparison,0.03208287656464695,3.044921982715224e-41,0.9679171234353541,15.0,780.2142857142857,52.0,0.014285714285714285
2.378082191780822,demographic_sir_R0_comparison,0.032348023015100785,1.818444286758425e-41,0.9676519769849002,15.0,780.2142857142857,52.0,0.014285714285714285
2.3972602739726026,demographic_sir_R0_comparison,0.032613096832641665,1.0903014993990352e-41,0.9673869031673593,15.0,780.2142857142857,52.0,0.014285714285714285
2.4164383561643836,demographic_sir_R0_comparison,0.03287809803716628,6.563198303537935e-42,0.9671219019628347,15.0,780.2142857142857,52.0,0.014285714285714285
2.4356164383561643,demographic_sir_R0_comparison,0.03314302664856589,3.9664892284331254e-42,0.9668569733514352,15.0,780.2142857142857,52.0,0.014285714285714285
2.4547945205479453,demographic_sir_R0_comparison,0.03340788268672629,2.4066802614066657e-42,0.9665921173132748,15.0,780.2142857142857,52.0,0.014285714285714285
2.473972602739726,demographic_sir_R0_comparison,0.03367266617152782,1.4660588549893543e-42,0.9663273338284732,15.0,780.2142857142857,52.0,0.014285714285714285
2.493150684931507,demographic_sir_R0_comparison,0.033937377122845405,8.966125962742266e-43,0.9660626228771558,15.0,780.2142857142857,52.0,0.014285714285714285
2.5123287671232877,demographic_sir_R0_comparison,0.03420201556054851,5.5052648379294214e-43,0.9657979844394528,15.0,780.2142857142857,52.0,0.014285714285714285
2.5315068493150683,demographic_sir_R0_comparison,0.03446658150450115,3.3936814534967787e-43,0.9655334184955,15.0,780.2142857142857,52.0,0.014285714285714285
2.5506849315068494,demographic_sir_R0_comparison,0.03473107497456193,2.1003077823106835e-43,0.9652689250254392,15.0,780.2142857142857,52.0,0.014285714285714285
2.56986301369863,demographic_sir_R0_comparison,0.034995495990583964,1.3050085134278443e-43,0.9650045040094171,15.0,780.2142857142857,52.0,0.014285714285714285
2.589041095890411,demographic_sir_R0_comparison,0.03525984457241496,8.140701193597513e-44,0.9647401554275858,15.0,780.2142857142857,52.0,0.014285714285714285
2.6082191780821917,demographic_sir_R0_comparison,0.035524120739897205,5.098329250120849e-44,0.9644758792601039,15.0,780.2142857142857,52.0,0.014285714285714285
2.627397260273973,demographic_sir_R0_comparison,0.0357883245128675,3.20561283454984e-44,0.9642116754871336,15.0,780.2142857142857,52.0,0.014285714285714285
2.6465753424657534,demographic_sir_R0_comparison,0.03605245591115725,2.0235358928440777e-44,0.963947544088844,15.0,780.2142857142857,52.0,0.014285714285714285
2.665753424657534,demographic_sir_R0_comparison,0.03631651495459243,1.2824101311367137e-44,0.9636834850454086,15.0,780.2142857142857,52.0,0.014285714285714285
2.684931506849315,demographic_sir_R0_comparison,0.03658050166299357,8.159408612185475e-45,0.9634194983370076,15.0,780.2142857142857,52.0,0.014285714285714285
2.7041095890410958,demographic_sir_R0_comparison,0.03684441605617575,5.212015143644144e-45,0.9631555839438255,15.0,780.2142857142857,52.0,0.014285714285714285
2.723287671232877,demographic_sir_R0_comparison,0.037108258153948664,3.3424693187992256e-45,0.9628917418460524,15.0,780.2142857142857,52.0,0.014285714285714285
2.7424657534246575,demographic_sir_R0_comparison,0.03737202797611657,2.152006082798628e-45,0.9626279720238846,15.0,780.2142857142857,52.0,0.014285714285714285
2.7616438356164386,demographic_sir_R0_comparison,0.03763572554247827,1.3910200648558334e-45,0.9623642744575232,15.0,780.2142857142857,52.0,0.014285714285714285
2.780821917808219,demographic_sir_R0_comparison,0.03789935087282717,9.026859023738577e-46,0.9621006491271742,15.0,780.2142857142857,52.0,0.014285714285714285
2.8,demographic_sir_R0_comparison,0.03816290398695125,5.8810222356351126e-46,0.96183709601305,15.0,780.2142857142857,52.0,0.014285714285714285
2.819178082191781,demographic_sir_R0_comparison,0.03842638490463307,3.846638816578906e-46,0.9615736150953681,15.0,780.2142857142857,52.0,0.014285714285714285
2.8383561643835615,demographic_sir_R0_comparison,0.03868979364564976,2.525933750847898e-46,0.9613102063543513,15.0,780.2142857142857,52.0,0.014285714285714285
2.8575342465753426,demographic_sir_R0_comparison,0.03895313022977306,1.665229096789567e-46,0.9610468697702278,15.0,780.2142857142857,52.0,0.014285714285714285
2.8767123287671232,demographic_sir_R0_comparison,0.039216394676769246,1.10214071336254e-46,0.9607836053232317,15.0,780.2142857142857,52.0,0.014285714285714285
2.8958904109589043,demographic_sir_R0_comparison,0.039479587006399225,7.323364521801788e-47,0.9605204129936017,15.0,780.2142857142857,52.0,0.014285714285714285
2.915068493150685,demographic_sir_R0_comparison,0.039742707238418475,4.885334896521569e-47,0.9602572927615827,15.0,780.2142857142857,52.0,0.014285714285714285
2.9342465753424656,demographic_sir_R0_comparison,0.04000575539257705,3.271806746608302e-47,0.9599942446074241,15.0,780.2142857142857,52.0,0.014285714285714285
2.9534246575342467,demographic_sir_R0_comparison,0.040268731488619605,2.199834924218597e-47,0.9597312685113812,15.0,780.2142857142857,52.0,0.014285714285714285
2.9726027397260273,demographic_sir_R0_comparison,0.0405316355462854,1.4849137174251603e-47,0.9594683644537153,15.0,780.2142857142857,52.0,0.014285714285714285
2.9917808219178084,demographic_sir_R0_comparison,0.04079446758530828,1.0062839724516888e-47,0.9592055324146924,15.0,780.2142857142857,52.0,0.014285714285714285
3.010958904109589,demographic_sir_R0_comparison,0.04105722762541666,6.846169282635965e-48,0.958942772374584,15.0,780.2142857142857,52.0,0.014285714285714285
3.03013698630137,demographic_sir_R0_comparison,0.04131991568633356,4.6760805695331567e-48,0.9586800843136669,15.0,780.2142857142857,52.0,0.014285714285714285
3.0493150684931507,demographic_sir_R0_comparison,0.041582531787776614,3.206440192062052e-48,0.9584174682122237,15.0,780.2142857142857,52.0,0.014285714285714285
3.0684931506849313,demographic_sir_R0_comparison,0.041845075949458035,2.2073471519791344e-48,0.9581549240505423,15.0,780.2142857142857,52.0,0.014285714285714285
3.0876712328767124,demographic_sir_R0_comparison,0.04210754819108465,1.5255414373227277e-48,0.9578924518089156,15.0,780.2142857142857,52.0,0.014285714285714285
3.106849315068493,demographic_sir_R0_comparison,0.042369948532357905,1.0584803027515201e-48,0.9576300514676422,15.0,780.2142857142857,52.0,0.014285714285714285
3.126027397260274,demographic_sir_R0_comparison,0.04263227699297382,7.37303829288001e-49,0.9573677230070265,15.0,780.2142857142857,52.0,0.014285714285714285
3.1452054794520548,demographic_sir_R0_comparison,0.04289453359262303,5.156020887466743e-49,0.9571054664073773,15.0,780.2142857142857,52.0,0.014285714285714285
3.164383561643836,demographic_sir_R0_comparison,0.04315671835099076,3.619818951524053e-49,0.9568432816490093,15.0,780.2142857142857,52.0,0.014285714285714285
3.1835616438356165,demographic_sir_R0_comparison,0.04341883128775686,2.55130609696038e-49,0.9565811687122432,15.0,780.2142857142857,52.0,0.014285714285714285
3.202739726027397,demographic_sir_R0_comparison,0.04368087242259579,1.805266627336957e-49,0.9563191275774042,15.0,780.2142857142857,52.0,0.014285714285714285
3.221917808219178,demographic_sir_R0_comparison,0.043942841775176635,1.28239773839524e-49,0.9560571582248234,15.0,780.2142857142857,52.0,0.014285714285714285
3.241095890410959,demographic_sir_R0_comparison,0.04420473936516306,9.145475056813252e-50,0.9557952606348369,15.0,780.2142857142857,52.0,0.014285714285714285
3.26027397260274,demographic_sir_R0_comparison,0.04446656521221335,6.547740602671328e-50,0.9555334347877866,15.0,780.2142857142857,52.0,0.014285714285714285
3.2794520547945205,demographic_sir_R0_comparison,0.04472831933598041,4.706281131014125e-50,0.9552716806640195,15.0,780.2142857142857,52.0,0.014285714285714285
3.2986301369863016,demographic_sir_R0_comparison,0.044990001756111786,3.395979068198979e-50,0.955009998243888,15.0,780.2142857142857,52.0,0.014285714285714285
3.317808219178082,demographic_sir_R0_comparison,0.045251612492249585,2.4600980415178987e-50,0.9547483875077502,15.0,780.2142857142857,52.0,0.014285714285714285
3.336986301369863,demographic_sir_R0_comparison,0.04551315156403059,1.7891206656054102e-50,0.954486848435969,15.0,780.2142857142857,52.0,0.014285714285714285
3.356164383561644,demographic_sir_R0_comparison,0.045774618991086174,1.3062496580887119e-50,0.9542253810089135,15.0,780.2142857142857,52.0,0.014285714285714285
3.3753424657534246,demographic_sir_R0_comparison,0.04603601479304233,9.574401215136332e-51,0.9539639852069575,15.0,780.2142857142857,52.0,0.014285714285714285
3.3945205479452056,demographic_sir_R0_comparison,0.04629733898951971,7.045234697695883e-51,0.9537026610104802,15.0,780.2142857142857,52.0,0.014285714285714285
3.4136986301369863,demographic_sir_R0_comparison,0.04655859160013355,5.204478905399605e-51,0.9534414083998664,15.0,780.2142857142857,52.0,0.014285714285714285
3.4328767123287673,demographic_sir_R0_comparison,0.04681977264449374,3.859726390481833e-51,0.9531802273555063,15.0,780.2142857142857,52.0,0.014285714285714285
3.452054794520548,demographic_sir_R0_comparison,0.04708088214220475,2.873642913525688e-51,0.9529191178577952,15.0,780.2142857142857,52.0,0.014285714285714285
3.4712328767123286,demographic_sir_R0_comparison,0.04734192011286576,2.1478583246298482e-51,0.9526580798871342,15.0,780.2142857142857,52.0,0.014285714285714285
3.4904109589041097,demographic_sir_R0_comparison,0.04760288657607053,1.611664155556195e-51,0.9523971134239294,15.0,780.2142857142857,52.0,0.014285714285714285
3.5095890410958903,demographic_sir_R0_comparison,0.04786378155140745,1.2140570155707186e-51,0.9521362184485925,15.0,780.2142857142857,52.0,0.014285714285714285
3.5287671232876714,demographic_sir_R0_comparison,0.04812460505845956,9.181185762856206e-52,0.9518753949415403,15.0,780.2142857142857,52.0,0.014285714285714285
3.547945205479452,demographic_sir_R0_comparison,0.04838535711680452,6.970327078270291e-52,0.9516146428831953,15.0,780.2142857142857,52.0,0.014285714285714285
3.567123287671233,demographic_sir_R0_comparison,0.048646037746014656,5.312534552991066e-52,0.951353962253985,15.0,780.2142857142857,52.0,0.014285714285714285
3.5863013698630137,demographic_sir_R0_comparison,0.0489066469656569,4.064846414676504e-52,0.9510933530343427,15.0,780.2142857142857,52.0,0.014285714285714285
3.6054794520547944,demographic_sir_R0_comparison,0.04916718479529284,3.122337271001813e-52,0.9508328152047069,15.0,780.2142857142857,52.0,0.014285714285714285
3.6246575342465754,demographic_sir_R0_comparison,0.0494276512544787,2.407732975123828e-52,0.9505723487455211,15.0,780.2142857142857,52.0,0.014285714285714285
3.643835616438356,demographic_sir_R0_comparison,0.04968804636276535,1.863928288688793e-52,0.9503119536372345,15.0,780.2142857142857,52.0,0.014285714285714285
3.663013698630137,demographic_sir_R0_comparison,0.04994837013969832,1.4485783379369773e-52,0.9500516298603016,15.0,780.2142857142857,52.0,0.014285714285714285
3.682191780821918,demographic_sir_R0_comparison,0.05020862260481774,1.130176356945322e-52,0.949791377395182,15.0,780.2142857142857,52.0,0.014285714285714285
3.701369863013699,demographic_sir_R0_comparison,0.050468803777658444,8.852000504537014e-53,0.9495311962223415,15.0,780.2142857142857,52.0,0.014285714285714285
3.7205479452054795,demographic_sir_R0_comparison,0.050728913677749864,6.960287200425831e-53,0.9492710863222502,15.0,780.2142857142857,52.0,0.014285714285714285
3.73972602739726,demographic_sir_R0_comparison,0.050988952324616116,5.494180776822743e-53,0.9490110476753839,15.0,780.2142857142857,52.0,0.014285714285714285
3.758904109589041,demographic_sir_R0_comparison,0.05124891973777598,4.353798463261852e-53,0.948751080262224,15.0,780.2142857142857,52.0,0.014285714285714285
3.778082191780822,demographic_sir_R0_comparison,0.05150881593674285,3.4635608928719436e-53,0.948491184063257,15.0,780.2142857142857,52.0,0.014285714285714285
3.797260273972603,demographic_sir_R0_comparison,0.05176864094102478,2.7660880424024335e-53,0.948231359058975,15.0,780.2142857142857,52.0,0.014285714285714285
3.8164383561643835,demographic_sir_R0_comparison,0.05202839477012448,2.217672314536127e-53,0.9479716052298754,15.0,780.2142857142857,52.0,0.014285714285714285
3.8356164383561646,demographic_sir_R0_comparison,0.052288077443539374,1.7849106937318048e-53,0.9477119225564605,15.0,780.2142857142857,52.0,0.014285714285714285
3.8547945205479452,demographic_sir_R0_comparison,0.05254768898076146,1.4421913521960373e-53,0.9474523110192385,15.0,780.2142857142857,52.0,0.014285714285714285
3.873972602739726,demographic_sir_R0_comparison,0.05280722940127747,1.1698120734031798e-53,0.9471927705987225,15.0,780.2142857142857,52.0,0.014285714285714285
3.893150684931507,demographic_sir_R0_comparison,0.053066698724568734,9.525672940729515e-54,0.9469333012754313,15.0,780.2142857142857,52.0,0.014285714285714285
3.9123287671232876,demographic_sir_R0_comparison,0.05332609697011129,7.786837749335636e-54,0.9466739030298886,15.0,780.2142857142857,52.0,0.014285714285714285
3.9315068493150687,demographic_sir_R0_comparison,0.05358542415737582,6.390164171195669e-54,0.946414575842624,15.0,780.2142857142857,52.0,0.014285714285714285
3.9506849315068493,demographic_sir_R0_comparison,0.05384468030582768,5.264387814983605e-54,0.9461553196941722,15.0,780.2142857142857,52.0,0.014285714285714285
3.9698630136986304,demographic_sir_R0_comparison,0.05410386543492691,4.3537976652269285e-54,0.9458961345650733,15.0,780.2142857142857,52.0,0.014285714285714285
3.989041095890411,demographic_sir_R0_comparison,0.054362979564128174,3.614703296191666e-54,0.9456370204358719,15.0,780.2142857142857,52.0,0.014285714285714285
4.008219178082192,demographic_sir_R0_comparison,0.05462202271288085,3.0127330579867657e-54,0.9453779772871193,15.0,780.2142857142857,52.0,0.014285714285714285
4.027397260273973,demographic_sir_R0_comparison,0.05488099490062896,2.5207615990333373e-54,0.9451190050993712,15.0,780.2142857142857,52.0,0.014285714285714285
4.046575342465753,demographic_sir_R0_comparison,0.05513989614681124,2.1173154086385917e-54,0.944860103853189,15.0,780.2142857142857,52.0,0.014285714285714285
4.065753424657534,demographic_sir_R0_comparison,0.05539872647086104,1.7853425001382108e-54,0.9446012735291388,15.0,780.2142857142857,52.0,0.014285714285714285
4.0849315068493155,demographic_sir_R0_comparison,0.05565748589220645,1.5112602856186767e-54,0.9443425141077934,15.0,780.2142857142857,52.0,0.014285714285714285
4.104109589041096,demographic_sir_R0_comparison,0.05591617443027019,1.2842165897992451e-54,0.9440838255697296,15.0,780.2142857142857,52.0,0.014285714285714285
4.123287671232877,demographic_sir_R0_comparison,0.05617479210446967,1.0955144281645173e-54,0.9438252078955303,15.0,780.2142857142857,52.0,0.014285714285714285
4.142465753424657,demographic_sir_R0_comparison,0.05643333893421698,9.38162968917046e-55,0.943566661065783,15.0,780.2142857142857,52.0,0.014285714285714285
4.161643835616438,demographic_sir_R0_comparison,0.056691814938918936,8.065259959092727e-55,0.943308185061081,15.0,780.2142857142857,52.0,0.014285714285714285
4.1808219178082195,demographic_sir_R0_comparison,0.056950220137976994,6.96045920267453e-55,0.943049779862023,15.0,780.2142857142857,52.0,0.014285714285714285
4.2,demographic_sir_R0_comparison,0.05720855455078728,6.030264935440691e-55,0.9427914454492128,15.0,780.2142857142857,52.0,0.014285714285714285
4.219178082191781,demographic_sir_R0_comparison,0.05746681819674065,5.244612579136926e-55,0.9425331818032594,15.0,780.2142857142857,52.0,0.014285714285714285
4.238356164383561,demographic_sir_R0_comparison,0.05772501109522262,4.578977297921521e-55,0.9422749889047775,15.0,780.2142857142857,52.0,0.014285714285714285
4.257534246575342,demographic_sir_R0_comparison,0.05798313326561342,4.013295771728924e-55,0.9420168667343868,15.0,780.2142857142857,52.0,0.014285714285714285
4.276712328767124,demographic_sir_R0_comparison,0.058241184727287953,3.531107865673914e-55,0.9417588152727121,15.0,780.2142857142857,52.0,0.014285714285714285
4.295890410958904,demographic_sir_R0_comparison,0.05849916549961578,3.11887149493522e-55,0.9415008345003844,15.0,780.2142857142857,52.0,0.014285714285714285
4.315068493150685,demographic_sir_R0_comparison,0.05875707560196122,2.7654142654702854e-55,0.9412429243980388,15.0,780.2142857142857,52.0,0.014285714285714285
4.3342465753424655,demographic_sir_R0_comparison,0.05901491505368325,2.4614934144113803e-55,0.9409850849463169,15.0,780.2142857142857,52.0,0.014285714285714285
4.353424657534247,demographic_sir_R0_comparison,0.0592726838741356,2.1994417272720676e-55,0.9407273161258645,15.0,780.2142857142857,52.0,0.014285714285714285
4.372602739726028,demographic_sir_R0_comparison,0.05953038208266658,1.972881887777273e-55,0.9404696179173335,15.0,780.2142857142857,52.0,0.014285714285714285
4.391780821917808,demographic_sir_R0_comparison,0.059788009698619304,1.7764954366924063e-55,0.9402119903013807,15.0,780.2142857142857,52.0,0.014285714285714285
4.410958904109589,demographic_sir_R0_comparison,0.06004556674133157,1.6058354200475484e-55,0.9399544332586685,15.0,780.2142857142857,52.0,0.014285714285714285
4.4301369863013695,demographic_sir_R0_comparison,0.06030305323013584,1.4571740794920924e-55,0.9396969467698641,15.0,780.2142857142857,52.0,0.014285714285714285
4.449315068493151,demographic_sir_R0_comparison,0.060560469184359325,1.327378719983287e-55,0.9394395308156408,15.0,780.2142857142857,52.0,0.014285714285714285
4.468493150684932,demographic_sir_R0_comparison,0.0608178146233239,1.2138102916540356e-55,0.9391821853766764,15.0,780.2142857142857,52.0,0.014285714285714285
4.487671232876712,demographic_sir_R0_comparison,0.06107508956634617,1.114240327577211e-55,0.9389249104336543,15.0,780.2142857142857,52.0,0.014285714285714285
4.506849315068493,demographic_sir_R0_comparison,0.06133229403273746,1.0267827521942276e-55,0.938667705967263,15.0,780.2142857142857,52.0,0.014285714285714285
4.526027397260274,demographic_sir_R0_comparison,0.0615894280418038,9.498377667075515e-56,0.9384105719581969,15.0,780.2142857142857,52.0,0.014285714285714285
4.545205479452055,demographic_sir_R0_comparison,0.06184649161284591,8.820455668044694e-56,0.9381535083871548,15.0,780.2142857142857,52.0,0.014285714285714285
4.564383561643836,demographic_sir_R0_comparison,0.06210348476515922,8.222480850729246e-56,0.9378965152348413,15.0,780.2142857142857,52.0,0.014285714285714285
4.583561643835616,demographic_sir_R0_comparison,0.062360407518033886,7.694572990944572e-56,0.9376395924819667,15.0,780.2142857142857,52.0,0.014285714285714285
4.602739726027397,demographic_sir_R0_comparison,0.0626172598907548,7.228289249873605e-56,0.9373827401092458,15.0,780.2142857142857,52.0,0.014285714285714285
4.6219178082191785,demographic_sir_R0_comparison,0.0628740419026016,6.816405396476364e-56,0.937125958097399,15.0,780.2142857142857,52.0,0.014285714285714285
4.641095890410959,demographic_sir_R0_comparison,0.0631307535728485,6.452733545039139e-56,0.9368692464271521,15.0,780.2142857142857,52.0,0.014285714285714285
4.66027397260274,demographic_sir_R0_comparison,0.06338739492076459,6.131970082455178e-56,0.936612605079236,15.0,780.2142857142857,52.0,0.014285714285714285
4.67945205479452,demographic_sir_R0_comparison,0.06364396596561363,5.849568627877463e-56,0.9363560340343869,15.0,780.2142857142857,52.0,0.014285714285714285
4.698630136986301,demographic_sir_R0_comparison,0.06390046672665411,5.601633813109129e-56,0.9360995332733467,15.0,780.2142857142857,52.0,0.014285714285714285
4.717808219178083,demographic_sir_R0_comparison,0.0641568972231392,5.384832439956339e-56,0.9358431027768617,15.0,780.2142857142857,52.0,0.014285714285714285
4.736986301369863,demographic_sir_R0_comparison,0.06441325747431682,5.196319196103475e-56,0.935586742525684,15.0,780.2142857142857,52.0,0.014285714285714285
4.756164383561644,demographic_sir_R0_comparison,0.06466954749942963,5.033674622058152e-56,0.9353304525005712,15.0,780.2142857142857,52.0,0.014285714285714285
4.7753424657534245,demographic_sir_R0_comparison,0.06492576731771502,4.8948534408861545e-56,0.9350742326822858,15.0,780.2142857142857,52.0,0.014285714285714285
4.794520547945205,demographic_sir_R0_comparison,0.0651819169484051,4.778141707892158e-56,0.9348180830515957,15.0,780.2142857142857,52.0,0.014285714285714285
4.813698630136987,demographic_sir_R0_comparison,0.0654379964107267,4.682121523669726e-56,0.934562003589274,15.0,780.2142857142857,52.0,0.014285714285714285
4.832876712328767,demographic_sir_R0_comparison,0.06569400572390141,4.6056422928383575e-56,0.9343059942760993,15.0,780.2142857142857,52.0,0.014285714285714285
4.852054794520548,demographic_sir_R0_comparison,0.06594994490714556,4.547797711919843e-56,0.9340500550928553,15.0,780.2142857142857,52.0,0.014285714285714285
4.8712328767123285,demographic_sir_R0_comparison,0.06620581397967017,4.507907841080531e-56,0.9337941860203307,15.0,780.2142857142857,52.0,0.014285714285714285
4.89041095890411,demographic_sir_R0_comparison,0.06646161296068105,4.48550576244307e-56,0.9335383870393198,15.0,780.2142857142857,52.0,0.014285714285714285
4.909589041095891,demographic_sir_R0_comparison,0.0667173418693787,4.4803284578853135e-56,0.9332826581306221,15.0,780.2142857142857,52.0,0.014285714285714285
4.928767123287671,demographic_sir_R0_comparison,0.06697300072495838,4.492311656451868e-56,0.9330269992750423,15.0,780.2142857142857,52.0,0.014285714285714285
4.947945205479452,demographic_sir_R0_comparison,0.06722858954661011,4.521588509898749e-56,0.9327714104533906,15.0,780.2142857142857,52.0,0.014285714285714285
4.967123287671233,demographic_sir_R0_comparison,0.06748410835351866,4.568492058285861e-56,0.9325158916464823,15.0,780.2142857142857,52.0,0.014285714285714285
4.986301369863014,demographic_sir_R0_comparison,0.06773955716486352,4.633561549522228e-56,0.9322604428351376,15.0,780.2142857142857,52.0,0.014285714285714285
5.005479452054795,demographic_sir_R0_comparison,0.06799493599981891,4.71755278088786e-56,0.9320050640001823,15.0,780.2142857142857,52.0,0.014285714285714285
5.024657534246575,demographic_sir_R0_comparison,0.06825024487755378,4.821452740423956e-56,0.9317497551224472,15.0,780.2142857142857,52.0,0.014285714285714285
5.043835616438356,demographic_sir_R0_comparison,0.06850548381723191,4.946498945559759e-56,0.9314945161827691,15.0,780.2142857142857,52.0,0.014285714285714285
5.063013698630137,demographic_sir_R0_comparison,0.06876065283801178,5.09420400969712e-56,0.9312393471619895,15.0,780.2142857142857,52.0,0.014285714285714285
5.082191780821918,demographic_sir_R0_comparison,0.06901575195904665,5.26638611956175e-56,0.9309842480409547,15.0,780.2142857142857,52.0,0.014285714285714285
5.101369863013699,demographic_sir_R0_comparison,0.0692707811994845,5.465206282621606e-56,0.9307292188005168,15.0,780.2142857142857,52.0,0.014285714285714285
5.120547945205479,demographic_sir_R0_comparison,0.06952574057846808,5.693213411502527e-56,0.9304742594215333,15.0,780.2142857142857,52.0,0.014285714285714285
5.13972602739726,demographic_sir_R0_comparison,0.06978063011513487,5.953398559211606e-56,0.9302193698848665,15.0,780.2142857142857,52.0,0.014285714285714285
5.1589041095890416,demographic_sir_R0_comparison,0.07003544982861715,6.249259914987031e-56,0.9299645501713844,15.0,780.2142857142857,52.0,0.014285714285714285
5.178082191780822,demographic_sir_R0_comparison,0.07029019973804193,6.58488052784618e-56,0.9297098002619597,15.0,780.2142857142857,52.0,0.014285714285714285
5.197260273972603,demographic_sir_R0_comparison,0.070544879862531,6.965021158360321e-56,0.9294551201374707,15.0,780.2142857142857,52.0,0.014285714285714285
5.2164383561643834,demographic_sir_R0_comparison,0.07079949022120087,7.3952311873958245e-56,0.9292005097788006,15.0,780.2142857142857,52.0,0.014285714285714285
5.235616438356164,demographic_sir_R0_comparison,0.07105403083316288,7.88198115662986e-56,0.9289459691668387,15.0,780.2142857142857,52.0,0.014285714285714285
5.254794520547946,demographic_sir_R0_comparison,0.07130850171752309,8.432821308431447e-56,0.9286914982824782,15.0,780.2142857142857,52.0,0.014285714285714285
5.273972602739726,demographic_sir_R0_comparison,0.07156290289338235,9.05657146835633e-56,0.928437097106619,15.0,780.2142857142857,52.0,0.014285714285714285
5.293150684931507,demographic_sir_R0_comparison,0.07181723437983625,9.76354881746479e-56,0.9281827656201652,15.0,780.2142857142857,52.0,0.014285714285714285
5.3123287671232875,demographic_sir_R0_comparison,0.07207149619597518,1.0565841591146869e-55,0.9279285038040265,15.0,780.2142857142857,52.0,0.014285714285714285
5.331506849315068,demographic_sir_R0_comparison,0.07232568836088425,1.1477638588363512e-55,0.9276743116391175,15.0,780.2142857142857,52.0,0.014285714285714285
5.35068493150685,demographic_sir_R0_comparison,0.07257981089364338,1.2515626671583572e-55,0.9274201891063583,15.0,780.2142857142857,52.0,0.014285714285714285
5.36986301369863,demographic_sir_R0_comparison,0.0728338638133273,1.369947129914226e-55,0.9271661361866744,15.0,780.2142857142857,52.0,0.014285714285714285
5.389041095890411,demographic_sir_R0_comparison,0.0730878471390054,1.5052398705630156e-55,0.9269121528609963,15.0,780.2142857142857,52.0,0.014285714285714285
5.4082191780821915,demographic_sir_R0_comparison,0.073341760889742,1.6601902819988556e-55,0.9266582391102595,15.0,780.2142857142857,52.0,0.014285714285714285
5.427397260273973,demographic_sir_R0_comparison,0.07359560508459605,1.8380605624986893e-55,0.9264043949154057,15.0,780.2142857142857,52.0,0.014285714285714285
5.446575342465754,demographic_sir_R0_comparison,0.07384937974262139,2.0427306722518086e-55,0.9261506202573804,15.0,780.2142857142857,52.0,0.014285714285714285
5.465753424657534,demographic_sir_R0_comparison,0.07410308488286657,2.2788266770265386e-55,0.9258969151171355,15.0,780.2142857142857,52.0,0.014285714285714285
5.484931506849315,demographic_sir_R0_comparison,0.07435672052437498,2.551878070279378e-55,0.9256432794756273,15.0,780.2142857142857,52.0,0.014285714285714285
5.504109589041096,demographic_sir_R0_comparison,0.0746102866861847,2.8685110896107647e-55,0.9253897133138176,15.0,780.2142857142857,52.0,0.014285714285714285
5.523287671232877,demographic_sir_R0_comparison,0.07486378338732874,3.2366868521450002e-55,0.9251362166126736,15.0,780.2142857142857,52.0,0.014285714285714285
5.542465753424658,demographic_sir_R0_comparison,0.07511721064683473,3.665995435203191e-55,0.9248827893531678,15.0,780.2142857142857,52.0,0.014285714285714285
5.561643835616438,demographic_sir_R0_comparison,0.0753705684837252,4.168019965050308e-55,0.9246294315162772,15.0,780.2142857142857,52.0,0.014285714285714285
5.580821917808219,demographic_sir_R0_comparison,0.07562385691701748,4.7567885315873546e-55,0.924376143082985,15.0,780.2142857142857,52.0,0.014285714285714285
5.6,demographic_sir_R0_comparison,0.07587707596572361,5.4493365606104516e-55,0.9241229240342788,15.0,780.2142857142857,52.0,0.014285714285714285
5.619178082191781,demographic_sir_R0_comparison,0.0761302256488505,6.266408461313207e-55,0.9238697743511518,15.0,780.2142857142857,52.0,0.014285714285714285
5.638356164383562,demographic_sir_R0_comparison,0.07638330598539975,7.233335335974203e-55,0.9236166940146026,15.0,780.2142857142857,52.0,0.014285714285714285
5.657534246575342,demographic_sir_R0_comparison,0.07663631699436786,8.381135830884212e-55,0.9233636830056347,15.0,780.2142857142857,52.0,0.014285714285714285
5.676712328767123,demographic_sir_R0_comparison,0.0768892586947461,9.747900532945614e-55,0.9231107413052565,15.0,780.2142857142857,52.0,0.014285714285714285
5.695890410958905,demographic_sir_R0_comparison,0.07714213110552051,1.1380537612578935e-54,0.9228578688944821,15.0,780.2142857142857,52.0,0.014285714285714285
5.715068493150685,demographic_sir_R0_comparison,0.07739493424567193,1.3336979920957467e-54,0.9226050657543308,15.0,780.2142857142857,52.0,0.014285714285714285
5.734246575342466,demographic_sir_R0_comparison,0.077647668134176,1.568898311322038e-54,0.9223523318658268,15.0,780.2142857142857,52.0,0.014285714285714285
5.7534246575342465,demographic_sir_R0_comparison,0.0779003327900032,1.8525682776418684e-54,0.9220996672099998,15.0,780.2142857142857,52.0,0.014285714285714285
5.772602739726027,demographic_sir_R0_comparison,0.07815292823211879,2.1958128906972847e-54,0.9218470717678844,15.0,780.2142857142857,52.0,0.014285714285714285
5.791780821917809,demographic_sir_R0_comparison,0.07840545447948286,2.6125082303265055e-54,0.9215945455205204,15.0,780.2142857142857,52.0,0.014285714285714285
5.810958904109589,demographic_sir_R0_comparison,0.0786579115510502,3.1200444734028424e-54,0.9213420884489529,15.0,780.2142857142857,52.0,0.014285714285714285
5.83013698630137,demographic_sir_R0_comparison,0.07891029946577054,3.740281012275729e-54,0.9210897005342326,15.0,780.2142857142857,52.0,0.014285714285714285
5.8493150684931505,demographic_sir_R0_comparison,0.07916261824258838,4.5007776892488283e-54,0.9208373817574147,15.0,780.2142857142857,52.0,0.014285714285714285
5.868493150684931,demographic_sir_R0_comparison,0.07941486790044301,5.43638647888468e-54,0.9205851320995599,15.0,780.2142857142857,52.0,0.014285714285714285
5.887671232876713,demographic_sir_R0_comparison,0.07966704845826851,6.591315019351971e-54,0.9203329515417344,15.0,780.2142857142857,52.0,0.014285714285714285
5.906849315068493,demographic_sir_R0_comparison,0.07991915993499384,8.021809556771362e-54,0.9200808400650091,15.0,780.2142857142857,52.0,0.014285714285714285
5.926027397260274,demographic_sir_R0_comparison,0.0801712023495427,9.799653308309781e-54,0.91982879765046,15.0,780.2142857142857,52.0,0.014285714285714285
5.945205479452055,demographic_sir_R0_comparison,0.08042317572083366,1.2016741316934995e-53,0.9195768242791692,15.0,780.2142857142857,52.0,0.014285714285714285
5.964383561643836,demographic_sir_R0_comparison,0.08067508006778008,1.4791080508738528e-53,0.919324919932223,15.0,780.2142857142857,52.0,0.014285714285714285
5.983561643835617,demographic_sir_R0_comparison,0.08092691540929019,1.8274682027254274e-53,0.9190730845907129,15.0,780.2142857142857,52.0,0.014285714285714285
6.002739726027397,demographic_sir_R0_comparison,0.08117868176426693,2.266397322312238e-53,0.918821318235736,15.0,780.2142857142857,52.0,0.014285714285714285
6.021917808219178,demographic_sir_R0_comparison,0.08143037915160818,2.8213574386783584e-53,0.9185696208483948,15.0,780.2142857142857,52.0,0.014285714285714285
6.041095890410959,demographic_sir_R0_comparison,0.08168200759020659,3.5254581810319137e-53,0.9183179924097964,15.0,780.2142857142857,52.0,0.014285714285714285
6.06027397260274,demographic_sir_R0_comparison,0.08193356709894963,4.421890370000086e-53,0.9180664329010533,15.0,780.2142857142857,52.0,0.014285714285714285
6.079452054794521,demographic_sir_R0_comparison,0.08218505769671959,5.567175005218435e-53,0.9178149423032833,15.0,780.2142857142857,52.0,0.014285714285714285
6.098630136986301,demographic_sir_R0_comparison,0.08243647940239363,7.03551393142199e-53,0.9175635205976093,15.0,780.2142857142857,52.0,0.014285714285714285
6.117808219178082,demographic_sir_R0_comparison,0.08268783223484366,8.924633380767533e-53,0.9173121677651593,15.0,780.2142857142857,52.0,0.014285714285714285
6.136986301369863,demographic_sir_R0_comparison,0.08293911621293654,1.1363656509889007e-52,0.9170608837870665,15.0,780.2142857142857,52.0,0.014285714285714285
6.156164383561644,demographic_sir_R0_comparison,0.08319033135553389,1.4523741805252876e-52,0.9168096686444693,15.0,780.2142857142857,52.0,0.014285714285714285
6.175342465753425,demographic_sir_R0_comparison,0.08344147768149211,1.8632503133073424e-52,0.916558522318511,15.0,780.2142857142857,52.0,0.014285714285714285
6.1945205479452055,demographic_sir_R0_comparison,0.08369255520966251,2.399361580245819e-52,0.9163074447903404,15.0,780.2142857142857,52.0,0.014285714285714285
6.213698630136986,demographic_sir_R0_comparison,0.08394356395889124,3.1013556006054725e-52,0.9160564360411115,15.0,780.2142857142857,52.0,0.014285714285714285
6.232876712328768,demographic_sir_R0_comparison,0.08419450394801928,4.023818196565581e-52,0.9158054960519836,15.0,780.2142857142857,52.0,0.014285714285714285
6.252054794520548,demographic_sir_R0_comparison,0.0844453751958824,5.2402934660316086e-52,0.9155546248041203,15.0,780.2142857142857,52.0,0.014285714285714285
6.271232876712329,demographic_sir_R0_comparison,0.08469617772131124,6.850194370971268e-52,0.9153038222786916,15.0,780.2142857142857,52.0,0.014285714285714285
6.2904109589041095,demographic_sir_R0_comparison,0.08494691154313132,8.98834555846816e-52,0.9150530884568715,15.0,780.2142857142857,52.0,0.014285714285714285
6.30958904109589,demographic_sir_R0_comparison,0.08519757668016294,1.1838202392439523e-51,0.91480242331984,15.0,780.2142857142857,52.0,0.014285714285714285
6.328767123287672,demographic_sir_R0_comparison,0.08544817315122127,1.5650220053415638e-51,0.9145518268487817,15.0,780.2142857142857,52.0,0.014285714285714285
6.347945205479452,demographic_sir_R0_comparison,0.08569870097511637,2.0767459767495582e-51,0.9143012990248864,15.0,780.2142857142857,52.0,0.014285714285714285
6.367123287671233,demographic_sir_R0_comparison,0.08594916017065304,2.766139655040032e-51,0.9140508398293498,15.0,780.2142857142857,52.0,0.014285714285714285
6.3863013698630136,demographic_sir_R0_comparison,0.08619955075663105,3.6982151829729486e-51,0.9138004492433719,15.0,780.2142857142857,52.0,0.014285714285714285
6.405479452054794,demographic_sir_R0_comparison,0.08644987275184494,4.9629186405204256e-51,0.9135501272481579,15.0,780.2142857142857,52.0,0.014285714285714285
6.424657534246576,demographic_sir_R0_comparison,0.08670012617508413,6.685110531096136e-51,0.9132998738249187,15.0,780.2142857142857,52.0,0.014285714285714285
6.443835616438356,demographic_sir_R0_comparison,0.08695031104513284,9.038701443208352e-51,0.9130496889548699,15.0,780.2142857142857,52.0,0.014285714285714285
6.463013698630137,demographic_sir_R0_comparison,0.08720042738077027,1.2266737109025225e-50,0.9127995726192324,15.0,780.2142857142857,52.0,0.014285714285714285
6.482191780821918,demographic_sir_R0_comparison,0.08745047520077039,1.6710028718073819e-50,0.9125495247992322,15.0,780.2142857142857,52.0,0.014285714285714285
6.501369863013699,demographic_sir_R0_comparison,0.08770045452390199,2.28480958166782e-50,0.9122995454761005,15.0,780.2142857142857,52.0,0.014285714285714285
6.52054794520548,demographic_sir_R0_comparison,0.0879503653689288,3.1357906305746453e-50,0.9120496346310737,15.0,780.2142857142857,52.0,0.014285714285714285
6.53972602739726,demographic_sir_R0_comparison,0.08820020775460934,4.319842289124167e-50,0.911799792245393,15.0,780.2142857142857,52.0,0.014285714285714285
6.558904109589041,demographic_sir_R0_comparison,0.08844998169969705,5.973268916602864e-50,0.9115500183003054,15.0,780.2142857142857,52.0,0.014285714285714285
6.578082191780822,demographic_sir_R0_comparison,0.08869968722294023,8.290469765703811e-50,0.9113003127770621,15.0,780.2142857142857,52.0,0.014285714285714285
6.597260273972603,demographic_sir_R0_comparison,0.08894932434308202,1.1549645787531322e-49,0.9110506756569204,15.0,780.2142857142857,52.0,0.014285714285714285
6.616438356164384,demographic_sir_R0_comparison,0.08919889307886039,1.615028530357152e-49,0.9108011069211421,15.0,780.2142857142857,52.0,0.014285714285714285
6.635616438356164,demographic_sir_R0_comparison,0.08944839344900823,2.2668004817812273e-49,0.9105516065509942,15.0,780.2142857142857,52.0,0.014285714285714285
6.654794520547945,demographic_sir_R0_comparison,0.08969782547225331,3.1935043602500695e-49,0.9103021745277493,15.0,780.2142857142857,52.0,0.014285714285714285
6.673972602739726,demographic_sir_R0_comparison,0.08994718916731823,4.515880138394321e-49,0.9100528108326844,15.0,780.2142857142857,52.0,0.014285714285714285
6.693150684931507,demographic_sir_R0_comparison,0.09019648455292048,6.4096974534020974e-49,0.9098035154470822,15.0,780.2142857142857,52.0,0.014285714285714285
6.712328767123288,demographic_sir_R0_comparison,0.0904457116477724,9.131716981155632e-49,0.9095542883522304,15.0,780.2142857142857,52.0,0.014285714285714285
6.7315068493150685,demographic_sir_R0_comparison,0.09069487047058125,1.3058301728692965e-48,0.9093051295294214,15.0,780.2142857142857,52.0,0.014285714285714285
6.750684931506849,demographic_sir_R0_comparison,0.0909439610400491,1.8743032410176856e-48,0.9090560389599536,15.0,780.2142857142857,52.0,0.014285714285714285
6.76986301369863,demographic_sir_R0_comparison,0.09119298337487297,2.7002966027346346e-48,0.9088070166251297,15.0,780.2142857142857,52.0,0.014285714285714285
6.789041095890411,demographic_sir_R0_comparison,0.09144193749374473,3.9048207059486253e-48,0.908558062506258,15.0,780.2142857142857,52.0,0.014285714285714285
6.808219178082192,demographic_sir_R0_comparison,0.09169082341535105,5.667718808658582e-48,0.9083091765846517,15.0,780.2142857142857,52.0,0.014285714285714285
6.8273972602739725,demographic_sir_R0_comparison,0.09193964115837361,8.257196519853497e-48,0.9080603588416293,15.0,780.2142857142857,52.0,0.014285714285714285
6.846575342465753,demographic_sir_R0_comparison,0.09218839074148893,1.2074624407399899e-47,0.9078116092585139,15.0,780.2142857142857,52.0,0.014285714285714285
6.865753424657535,demographic_sir_R0_comparison,0.09243707218336839,1.7722740626677747e-47,0.9075629278166345,15.0,780.2142857142857,52.0,0.014285714285714285
6.884931506849315,demographic_sir_R0_comparison,0.09268568550267822,2.6109823223079907e-47,0.9073143144973246,15.0,780.2142857142857,52.0,0.014285714285714285
6.904109589041096,demographic_sir_R0_comparison,0.0929342307180796,3.8609336412170823e-47,0.9070657692819233,15.0,780.2142857142857,52.0,0.014285714285714285
6.923287671232877,demographic_sir_R0_comparison,0.09318270784822859,5.730541432638158e-47,0.9068172921517743,15.0,780.2142857142857,52.0,0.014285714285714285
6.942465753424657,demographic_sir_R0_comparison,0.09343111691177614,8.537160525874006e-47,0.9065688830882267,15.0,780.2142857142857,52.0,0.014285714285714285
6.961643835616439,demographic_sir_R0_comparison,0.09367945792736809,1.2765718612788783e-46,0.9063205420726348,15.0,780.2142857142857,52.0,0.014285714285714285
6.980821917808219,demographic_sir_R0_comparison,0.09392773091364515,1.91597868714914e-46,0.9060722690863575,15.0,780.2142857142857,52.0,0.014285714285714285
7.0,demographic_sir_R0_comparison,0.0941759358892429,2.8863515444508913e-46,0.9058240641107597,15.0,780.2142857142857,52.0,0.014285714285714285
7.019178082191781,demographic_sir_R0_comparison,0.09442407287279188,4.3643591205068745e-46,0.9055759271272107,15.0,780.2142857142857,52.0,0.014285714285714285
7.038356164383561,demographic_sir_R0_comparison,0.09467214188291749,6.623750945357208e-46,0.9053278581170853,15.0,780.2142857142857,52.0,0.014285714285714285
7.057534246575343,demographic_sir_R0_comparison,0.09492014293824004,1.0090189653428904e-45,0.9050798570617627,15.0,780.2142857142857,52.0,0.014285714285714285
7.076712328767123,demographic_sir_R0_comparison,0.09516807605737472,1.5427872528438848e-45,0.9048319239426282,15.0,780.2142857142857,52.0,0.014285714285714285
7.095890410958904,demographic_sir_R0_comparison,0.09541594125893166,2.3676837366399678e-45,0.9045840587410714,15.0,780.2142857142857,52.0,0.014285714285714285
7.115068493150685,demographic_sir_R0_comparison,0.09566373856151586,3.647134968303831e-45,0.9043362614384872,15.0,780.2142857142857,52.0,0.014285714285714285
7.134246575342466,demographic_sir_R0_comparison,0.09591146798372725,5.638843401577601e-45,0.9040885320162757,15.0,780.2142857142857,52.0,0.014285714285714285
7.153424657534247,demographic_sir_R0_comparison,0.09615912954416055,8.750600261777301e-45,0.9038408704558424,15.0,780.2142857142857,52.0,0.014285714285714285
7.1726027397260275,demographic_sir_R0_comparison,0.0964067232614056,1.3629967761817363e-44,0.9035932767385974,15.0,780.2142857142857,52.0,0.014285714285714285
7.191780821917808,demographic_sir_R0_comparison,0.09665424915404698,2.1308876055867752e-44,0.9033457508459561,15.0,780.2142857142857,52.0,0.014285714285714285
7.210958904109589,demographic_sir_R0_comparison,0.09690170724066423,3.343755768067278e-44,0.9030982927593391,15.0,780.2142857142857,52.0,0.014285714285714285
7.23013698630137,demographic_sir_R0_comparison,0.0971490975398318,5.266431063705749e-44,0.9028509024601714,15.0,780.2142857142857,52.0,0.014285714285714285
7.249315068493151,demographic_sir_R0_comparison,0.09739642007011903,8.325410731695213e-44,0.9026035799298843,15.0,780.2142857142857,52.0,0.014285714285714285
7.2684931506849315,demographic_sir_R0_comparison,0.09764367485009018,1.3209972163369503e-43,0.9023563251499129,15.0,780.2142857142857,52.0,0.014285714285714285
7.287671232876712,demographic_sir_R0_comparison,0.0978908618983045,2.103801039698756e-43,0.9021091381016986,15.0,780.2142857142857,52.0,0.014285714285714285
7.306849315068493,demographic_sir_R0_comparison,0.09813798123331606,3.3628966242249904e-43,0.9018620187666869,15.0,780.2142857142857,52.0,0.014285714285714285
7.326027397260274,demographic_sir_R0_comparison,0.09838503287367387,5.3954542962161934e-43,0.9016149671263289,15.0,780.2142857142857,52.0,0.014285714285714285
7.345205479452055,demographic_sir_R0_comparison,0.09863201683792192,8.688558468192606e-43,0.901367983162081,15.0,780.2142857142857,52.0,0.014285714285714285
7.364383561643836,demographic_sir_R0_comparison,0.09887893314459902,1.4043398097364179e-42,0.9011210668554039,15.0,780.2142857142857,52.0,0.014285714285714285
7.383561643835616,demographic_sir_R0_comparison,0.09912578181223894,2.278248097576607e-42,0.900874218187764,15.0,780.2142857142857,52.0,0.014285714285714285
7.402739726027398,demographic_sir_R0_comparison,0.09937256285937045,3.7096566550235476e-42,0.9006274371406324,15.0,780.2142857142857,52.0,0.014285714285714285
7.421917808219178,demographic_sir_R0_comparison,0.09961927630451711,6.062752869728826e-42,0.9003807236954857,15.0,780.2142857142857,52.0,0.014285714285714285
7.441095890410959,demographic_sir_R0_comparison,0.09986592216619748,9.94509710030864e-42,0.9001340778338053,15.0,780.2142857142857,52.0,0.014285714285714285
7.46027397260274,demographic_sir_R0_comparison,0.1001125004629251,1.6373848292672224e-41,0.8998874995370776,15.0,780.2142857142857,52.0,0.014285714285714285
7.47945205479452,demographic_sir_R0_comparison,0.10035901121320831,2.705793382157676e-41,0.8996409887867943,15.0,780.2142857142857,52.0,0.014285714285714285
7.498630136986302,demographic_sir_R0_comparison,0.10060545443555055,4.4878692216696497e-41,0.8993945455644522,15.0,780.2142857142857,52.0,0.014285714285714285
7.517808219178082,demographic_sir_R0_comparison,0.10085183014845002,7.471142354232419e-41,0.8991481698515529,15.0,780.2142857142857,52.0,0.014285714285714285
7.536986301369863,demographic_sir_R0_comparison,0.10109813837039991,1.2483450608779088e-40,0.8989018616296028,15.0,780.2142857142857,52.0,0.014285714285714285
7.556164383561644,demographic_sir_R0_comparison,0.10134437911988836,2.093546742746279e-40,0.8986556208801143,15.0,780.2142857142857,52.0,0.014285714285714285
7.575342465753424,demographic_sir_R0_comparison,0.1015905524153985,3.5239571323182414e-40,0.8984094475846042,15.0,780.2142857142857,52.0,0.014285714285714285
7.594520547945206,demographic_sir_R0_comparison,0.10183665827540833,5.953578353792594e-40,0.8981633417245943,15.0,780.2142857142857,52.0,0.014285714285714285
7.6136986301369864,demographic_sir_R0_comparison,0.10208269671839074,1.0095424715245391e-39,0.8979173032816117,15.0,780.2142857142857,52.0,0.014285714285714285
7.632876712328767,demographic_sir_R0_comparison,0.10232866776281363,1.7181842793429294e-39,0.8976713322371888,15.0,780.2142857142857,52.0,0.014285714285714285
7.652054794520548,demographic_sir_R0_comparison,0.10257457142713987,2.9350335884382486e-39,0.8974254285728626,15.0,780.2142857142857,52.0,0.014285714285714285
7.671232876712329,demographic_sir_R0_comparison,0.10282040772982722,5.0321567448861016e-39,0.8971795922701753,15.0,780.2142857142857,52.0,0.014285714285714285
7.69041095890411,demographic_sir_R0_comparison,0.10306617668932838,8.659494833281753e-39,0.8969338233106742,15.0,780.2142857142857,52.0,0.014285714285714285
7.7095890410958905,demographic_sir_R0_comparison,0.10331187832409104,1.4956426097669038e-38,0.8966881216759115,15.0,780.2142857142857,52.0,0.014285714285714285
7.728767123287671,demographic_sir_R0_comparison,0.10355751265255775,2.5927434081274387e-38,0.8964424873474448,15.0,780.2142857142857,52.0,0.014285714285714285
7.747945205479452,demographic_sir_R0_comparison,0.1038030796931661,4.511149794409213e-38,0.8961969203068364,15.0,780.2142857142857,52.0,0.014285714285714285
7.767123287671233,demographic_sir_R0_comparison,0.1040485794643486,7.877901032614368e-38,0.8959514205356538,15.0,780.2142857142857,52.0,0.014285714285714285
7.786301369863014,demographic_sir_R0_comparison,0.10429401198453273,1.3807940876321207e-37,0.8957059880154695,15.0,780.2142857142857,52.0,0.014285714285714285
7.8054794520547945,demographic_sir_R0_comparison,0.10453937727214085,2.4290810491875778e-37,0.8954606227278616,15.0,780.2142857142857,52.0,0.014285714285714285
7.824657534246575,demographic_sir_R0_comparison,0.10478467534559034,4.2889338186186235e-37,0.895215324654412,15.0,780.2142857142857,52.0,0.014285714285714285
7.843835616438356,demographic_sir_R0_comparison,0.10502990622329353,7.600645883538242e-37,0.8949700937767087,15.0,780.2142857142857,52.0,0.014285714285714285
7.863013698630137,demographic_sir_R0_comparison,0.10527506992365769,1.351901444324904e-36,0.8947249300763445,15.0,780.2142857142857,52.0,0.014285714285714285
7.882191780821918,demographic_sir_R0_comparison,0.10552016646508504,2.4134177757138445e-36,0.8944798335349172,15.0,780.2142857142857,52.0,0.014285714285714285
7.901369863013699,demographic_sir_R0_comparison,0.10576519586597274,4.324266866975641e-36,0.8942348041340294,15.0,780.2142857142857,52.0,0.014285714285714285
7.920547945205479,demographic_sir_R0_comparison,0.10601015814471298,7.776506486069865e-36,0.8939898418552893,15.0,780.2142857142857,52.0,0.014285714285714285
7.939726027397261,demographic_sir_R0_comparison,0.10625505331969287,1.4036157166589024e-35,0.8937449466803093,15.0,780.2142857142857,52.0,0.014285714285714285
7.958904109589041,demographic_sir_R0_comparison,0.10649988140929446,2.542746726176015e-35,0.893500118590708,15.0,780.2142857142857,52.0,0.014285714285714285
7.978082191780822,demographic_sir_R0_comparison,0.10674464243189481,4.623264566836119e-35,0.8932553575681076,15.0,780.2142857142857,52.0,0.014285714285714285
7.997260273972603,demographic_sir_R0_comparison,0.1069893364058659,8.436935235420579e-35,0.8930106635941367,15.0,780.2142857142857,52.0,0.014285714285714285
8.016438356164384,demographic_sir_R0_comparison,0.10723396334957475,1.5452920634472147e-34,0.8927660366504279,15.0,780.2142857142857,52.0,0.014285714285714285
8.035616438356165,demographic_sir_R0_comparison,0.10747852328138323,2.84070337609078e-34,0.8925214767186191,15.0,780.2142857142857,52.0,0.014285714285714285
8.054794520547945,demographic_sir_R0_comparison,0.10772301621964829,5.241193815784318e-34,0.8922769837803539,15.0,780.2142857142857,52.0,0.014285714285714285
8.073972602739726,demographic_sir_R0_comparison,0.10796744218272179,9.705616708545427e-34,0.8920325578172805,15.0,780.2142857142857,52.0,0.014285714285714285
8.093150684931507,demographic_sir_R0_comparison,0.1082118011889506,1.803865702891168e-33,0.8917881988110518,15.0,780.2142857142857,52.0,0.014285714285714285
8.112328767123287,demographic_sir_R0_comparison,0.10845609325667656,3.36490633723166e-33,0.8915439067433257,15.0,780.2142857142857,52.0,0.014285714285714285
8.131506849315068,demographic_sir_R0_comparison,0.10870031840423647,6.299833006272611e-33,0.8912996815957659,15.0,780.2142857142857,52.0,0.014285714285714285
8.150684931506849,demographic_sir_R0_comparison,0.10894447664996207,1.183782563609879e-32,0.89105552335004,15.0,780.2142857142857,52.0,0.014285714285714285
8.169863013698631,demographic_sir_R0_comparison,0.10918856801218019,2.232550283769232e-32,0.8908114319878219,15.0,780.2142857142857,52.0,0.014285714285714285
8.189041095890412,demographic_sir_R0_comparison,0.1094325925092125,4.225873908139151e-32,0.8905674074907894,15.0,780.2142857142857,52.0,0.014285714285714285
8.208219178082192,demographic_sir_R0_comparison,0.10967655015937576,8.028184777081978e-32,0.8903234498406261,15.0,780.2142857142857,52.0,0.014285714285714285
8.227397260273973,demographic_sir_R0_comparison,0.10992044098098167,1.53074655512927e-31,0.8900795590190201,15.0,780.2142857142857,52.0,0.014285714285714285
8.246575342465754,demographic_sir_R0_comparison,0.11016426499233689,2.929367732476682e-31,0.889835735007665,15.0,780.2142857142857,52.0,0.014285714285714285
8.265753424657534,demographic_sir_R0_comparison,0.11040802221174312,5.626375762852039e-31,0.8895919777882587,15.0,780.2142857142857,52.0,0.014285714285714285
8.284931506849315,demographic_sir_R0_comparison,0.11065171265749701,1.0845944486284866e-30,0.8893482873425049,15.0,780.2142857142857,52.0,0.014285714285714285
8.304109589041095,demographic_sir_R0_comparison,0.1108953363478902,2.0984053773637803e-30,0.8891046636521115,15.0,780.2142857142857,52.0,0.014285714285714285
8.323287671232876,demographic_sir_R0_comparison,0.11113889330120934,4.0746878065221484e-30,0.8888611066987924,15.0,780.2142857142857,52.0,0.014285714285714285
8.342465753424658,demographic_sir_R0_comparison,0.11138238353573603,7.941120590964726e-30,0.8886176164642656,15.0,780.2142857142857,52.0,0.014285714285714285
8.361643835616439,demographic_sir_R0_comparison,0.11162580706974691,1.5532855829226592e-29,0.888374192930255,15.0,780.2142857142857,52.0,0.014285714285714285
8.38082191780822,demographic_sir_R0_comparison,0.11186916392151354,3.0493162406859315e-29,0.8881308360784883,15.0,780.2142857142857,52.0,0.014285714285714285
8.4,demographic_sir_R0_comparison,0.11211245410930257,6.008067792899874e-29,0.8878875458906992,15.0,780.2142857142857,52.0,0.014285714285714285
8.419178082191781,demographic_sir_R0_comparison,0.11235567765137561,1.1880861987944854e-28,0.8876443223486263,15.0,780.2142857142857,52.0,0.014285714285714285
8.438356164383562,demographic_sir_R0_comparison,0.11259883456598922,2.357987038146134e-28,0.8874011654340126,15.0,780.2142857142857,52.0,0.014285714285714285
8.457534246575342,demographic_sir_R0_comparison,0.11284192487139505,4.696937474170369e-28,0.8871580751286069,15.0,780.2142857142857,52.0,0.014285714285714285
8.476712328767123,demographic_sir_R0_comparison,0.11308494858583967,9.390043722969621e-28,0.8869150514141623,15.0,780.2142857142857,52.0,0.014285714285714285
8.495890410958904,demographic_sir_R0_comparison,0.11332790572756471,1.8840806426790452e-27,0.8866720942724371,15.0,780.2142857142857,52.0,0.014285714285714285
8.515068493150684,demographic_sir_R0_comparison,0.11357079631480671,3.794110416690182e-27,0.8864292036851952,15.0,780.2142857142857,52.0,0.014285714285714285
8.534246575342467,demographic_sir_R0_comparison,0.11381362036579737,7.668291544432611e-27,0.8861863796342044,15.0,780.2142857142857,52.0,0.014285714285714285
8.553424657534247,demographic_sir_R0_comparison,0.11405637789876323,1.5554820610612332e-26,0.8859436221012386,15.0,780.2142857142857,52.0,0.014285714285714285
8.572602739726028,demographic_sir_R0_comparison,0.1142990689319259,3.166713004459679e-26,0.885700931068076,15.0,780.2142857142857,52.0,0.014285714285714285
8.591780821917808,demographic_sir_R0_comparison,0.11454169348350206,6.470372445302401e-26,0.8854583065164998,15.0,780.2142857142857,52.0,0.014285714285714285
8.610958904109589,demographic_sir_R0_comparison,0.1147842515717033,1.326863656039934e-25,0.8852157484282985,15.0,780.2142857142857,52.0,0.014285714285714285
8.63013698630137,demographic_sir_R0_comparison,0.11502674321473629,2.7308593261517546e-25,0.8849732567852655,15.0,780.2142857142857,52.0,0.014285714285714285
8.64931506849315,demographic_sir_R0_comparison,0.11526916843080269,5.640894013609999e-25,0.8847308315691989,15.0,780.2142857142857,52.0,0.014285714285714285
8.668493150684931,demographic_sir_R0_comparison,0.11551152723809917,1.1694231836065144e-24,0.8844884727619026,15.0,780.2142857142857,52.0,0.014285714285714285
8.687671232876712,demographic_sir_R0_comparison,0.11575381965481744,2.433157242847829e-24,0.8842461803451842,15.0,780.2142857142857,52.0,0.014285714285714285
8.706849315068494,demographic_sir_R0_comparison,0.11599604569914425,5.0809268062651624e-24,0.8840039543008574,15.0,780.2142857142857,52.0,0.014285714285714285
8.726027397260275,demographic_sir_R0_comparison,0.11623820538926123,1.0648527475681686e-23,0.8837617946107404,15.0,780.2142857142857,52.0,0.014285714285714285
8.745205479452055,demographic_sir_R0_comparison,0.11648029874334521,2.239801836258541e-23,0.8835197012566565,15.0,780.2142857142857,52.0,0.014285714285714285
8.764383561643836,demographic_sir_R0_comparison,0.11672232577956788,4.728273930890993e-23,0.8832776742204337,15.0,780.2142857142857,52.0,0.014285714285714285
8.783561643835617,demographic_sir_R0_comparison,0.11696428651609608,1.0017704659407043e-22,0.8830357134839055,15.0,780.2142857142857,52.0,0.014285714285714285
8.802739726027397,demographic_sir_R0_comparison,0.11720618097109162,2.1301292152172277e-22,0.8827938190289101,15.0,780.2142857142857,52.0,0.014285714285714285
8.821917808219178,demographic_sir_R0_comparison,0.1174480091627113,4.545852856164261e-22,0.8825519908372903,15.0,780.2142857142857,52.0,0.014285714285714285
8.841095890410958,demographic_sir_R0_comparison,0.11768977110910701,9.736347561677941e-22,0.8823102288908946,15.0,780.2142857142857,52.0,0.014285714285714285
8.860273972602739,demographic_sir_R0_comparison,0.11793146682842567,2.092895780124317e-21,0.8820685331715759,15.0,780.2142857142857,52.0,0.014285714285714285
8.879452054794521,demographic_sir_R0_comparison,0.11817309633880917,4.515122573234624e-21,0.8818269036611923,15.0,780.2142857142857,52.0,0.014285714285714285
8.898630136986302,demographic_sir_R0_comparison,0.11841465965839443,9.77600613916366e-21,0.8815853403416071,15.0,780.2142857142857,52.0,0.014285714285714285
8.917808219178083,demographic_sir_R0_comparison,0.11865615680531347,2.1243346599706257e-20,0.8813438431946881,15.0,780.2142857142857,52.0,0.014285714285714285
8.936986301369863,demographic_sir_R0_comparison,0.1188975877976933,4.632906364626579e-20,0.8811024122023081,15.0,780.2142857142857,52.0,0.014285714285714285
8.956164383561644,demographic_sir_R0_comparison,0.11913895265365597,1.0140346592384853e-19,0.8808610473463453,15.0,780.2142857142857,52.0,0.014285714285714285
8.975342465753425,demographic_sir_R0_comparison,0.11938025139131854,2.2275134476072924e-19,0.8806197486086829,15.0,780.2142857142857,52.0,0.014285714285714285
8.994520547945205,demographic_sir_R0_comparison,0.11962148402879315,4.910839034015591e-19,0.880378515971208,15.0,780.2142857142857,52.0,0.014285714285714285
9.013698630136986,demographic_sir_R0_comparison,0.11986265058418699,1.0865718852668944e-18,0.8801373494158142,15.0,780.2142857142857,52.0,0.014285714285714285
9.032876712328767,demographic_sir_R0_comparison,0.12010375107560219,2.412838191281431e-18,0.879896248924399,15.0,780.2142857142857,52.0,0.014285714285714285
9.052054794520547,demographic_sir_R0_comparison,0.120344785521136,5.37730257421147e-18,0.8796552144788654,15.0,780.2142857142857,52.0,0.014285714285714285
9.07123287671233,demographic_sir_R0_comparison,0.12058575393888078,1.2027264511266234e-17,0.8794142460611205,15.0,780.2142857142857,52.0,0.014285714285714285
9.09041095890411,demographic_sir_R0_comparison,0.12082665634692377,2.6998207651681614e-17,0.8791733436530775,15.0,780.2142857142857,52.0,0.014285714285714285
9.10958904109589,demographic_sir_R0_comparison,0.12106749276334734,6.082305897648172e-17,0.878932507236654,15.0,780.2142857142857,52.0,0.014285714285714285
9.128767123287671,demographic_sir_R0_comparison,0.12130826320622885,1.375201725707672e-16,0.8786917367937724,15.0,780.2142857142857,52.0,0.014285714285714285
9.147945205479452,demographic_sir_R0_comparison,0.12154896769364065,3.120534264180272e-16,0.8784510323063603,15.0,780.2142857142857,52.0,0.014285714285714285
9.167123287671233,demographic_sir_R0_comparison,0.12178960624365,7.106495258086645e-16,0.8782103937563507,15.0,780.2142857142857,52.0,0.014285714285714285
9.186301369863013,demographic_sir_R0_comparison,0.1220301788743188,1.6242225104984393e-15,0.877969821125681,15.0,780.2142857142857,52.0,0.014285714285714285
9.205479452054794,demographic_sir_R0_comparison,0.1222706856037032,3.7256211561136915e-15,0.8777293143962946,15.0,780.2142857142857,52.0,0.014285714285714285
9.224657534246575,demographic_sir_R0_comparison,0.12251112644985246,8.576587842833133e-15,0.8774888735501406,15.0,780.2142857142857,52.0,0.014285714285714285
9.243835616438357,demographic_sir_R0_comparison,0.1227515014308064,1.981493463774937e-14,0.8772484985691755,15.0,780.2142857142857,52.0,0.014285714285714285
9.263013698630138,demographic_sir_R0_comparison,0.12299181056458923,4.59443990266898e-14,0.8770081894353665,15.0,780.2142857142857,52.0,0.014285714285714285
9.282191780821918,demographic_sir_R0_comparison,0.12323205386919547,1.0691383435615227e-13,0.8767679461306991,15.0,780.2142857142857,52.0,0.014285714285714285
9.301369863013699,demographic_sir_R0_comparison,0.12347223136255622,2.4968715851282274e-13,0.8765277686371957,15.0,780.2142857142857,52.0,0.014285714285714285
9.32054794520548,demographic_sir_R0_comparison,0.12371234306245947,5.852198554447237e-13,0.8762876569369569,15.0,780.2142857142857,52.0,0.014285714285714285
9.33972602739726,demographic_sir_R0_comparison,0.12395238898636057,1.3765817713510125e-12,0.8760476110122645,15.0,780.2142857142857,52.0,0.014285714285714285
9.35890410958904,demographic_sir_R0_comparison,0.12419236915092977,3.249710436006255e-12,0.8758076308458222,15.0,780.2142857142857,52.0,0.014285714285714285
9.378082191780821,demographic_sir_R0_comparison,0.12443228357096907,7.699217305131415e-12,0.8755677164213336,15.0,780.2142857142857,52.0,0.014285714285714285
9.397260273972602,demographic_sir_R0_comparison,0.1246721322568087,1.8306584487102065e-11,0.8753278677248864,15.0,780.2142857142857,52.0,0.014285714285714285
9.416438356164385,demographic_sir_R0_comparison,0.12491191520802815,4.3684410382965325e-11,0.8750880847482891,15.0,780.2142857142857,52.0,0.014285714285714285
9.435616438356165,demographic_sir_R0_comparison,0.12515163239825977,1.0461732529007801e-10,0.8748483674971248,15.0,780.2142857142857,52.0,0.014285714285714285
9.454794520547946,demographic_sir_R0_comparison,0.12539128373827993,2.5144227583591974e-10,0.8746087160102798,15.0,780.2142857142857,52.0,0.014285714285714285
9.473972602739726,demographic_sir_R0_comparison,0.12563086898604936,6.06499028001894e-10,0.8743691304074537,15.0,780.2142857142857,52.0,0.014285714285714285
9.493150684931507,demographic_sir_R0_comparison,0.1258703875266782,1.4681776620634714e-09,0.8741296110051461,15.0,780.2142857142857,52.0,0.014285714285714285
9.512328767123288,demographic_sir_R0_comparison,0.12610983783233734,3.566837877536248e-09,0.8738901586008269,15.0,780.2142857142857,52.0,0.014285714285714285
9.531506849315068,demographic_sir_R0_comparison,0.1263492161319101,8.69648853543229e-09,0.8736507751716035,15.0,780.2142857142857,52.0,0.014285714285714285
9.550684931506849,demographic_sir_R0_comparison,0.12658851312252864,2.1279420415126235e-08,0.873411465598053,15.0,780.2142857142857,52.0,0.014285714285714285
9.56986301369863,demographic_sir_R0_comparison,0.12682770581225902,5.2255303749059585e-08,0.8731722419324395,15.0,780.2142857142857,52.0,0.014285714285714285
9.58904109589041,demographic_sir_R0_comparison,0.12706673721403017,1.2878190296899355e-07,0.8729331340040689,15.0,780.2142857142857,52.0,0.014285714285714285
9.608219178082193,demographic_sir_R0_comparison,0.12730546562028877,3.185163574857019e-07,0.8726942158633558,15.0,780.2142857142857,52.0,0.014285714285714285
9.627397260273973,demographic_sir_R0_comparison,0.12754353744771288,7.906024186165126e-07,0.8724556719498707,15.0,780.2142857142857,52.0,0.014285714285714285
9.646575342465754,demographic_sir_R0_comparison,0.12778006739970416,1.9693700272844853e-06,0.8722179632302707,15.0,780.2142857142857,52.0,0.014285714285714285
9.665753424657535,demographic_sir_R0_comparison,0.1280128313270415,4.922924168574169e-06,0.8719822457487921,15.0,780.2142857142857,52.0,0.014285714285714285
9.684931506849315,demographic_sir_R0_comparison,0.128236223368723,1.2348257829123194e-05,0.8717514283734502,15.0,780.2142857142857,52.0,0.014285714285714285
9.704109589041096,demographic_sir_R0_comparison,0.12843607494732684,3.1072416982584126e-05,0.871532852635693,15.0,780.2142857142857,52.0,0.014285714285714285
9.723287671232876,demographic_sir_R0_comparison,0.12857651757630426,7.839339299575868e-05,0.8713450890307023,15.0,780.2142857142857,52.0,0.014285714285714285
9.742465753424657,demographic_sir_R0_comparison,0.12856686757905822,0.0001980081520983276,0.8712351242688456,15.0,780.2142857142857,52.0,0.014285714285714285
9.761643835616438,demographic_sir_R0_comparison,0.12817985534318638,0.0004988645941190045,0.8713212800626969,15.0,780.2142857142857,52.0,0.014285714285714285
9.78082191780822,demographic_sir_R0_comparison,0.1268614558003142,0.001242176890085025,0.8718963673096031,15.0,780.2142857142857,52.0,0.014285714285714285
9.8,demographic_sir_R0_comparison,0.12335979019331259,0.002990011531272289,0.8736501982754172,15.0,780.2142857142857,52.0,0.014285714285714285
9.819178082191781,demographic_sir_R0_comparison,0.11536019848908621,0.006626834241014153,0.8780129672699017,15.0,780.2142857142857,52.0,0.014285714285714285
9.838356164383562,demographic_sir_R0_comparison,0.10047172788068312,0.012397039244049545,0.8871312328752694,15.0,780.2142857142857,52.0,0.014285714285714285
9.857534246575343,demographic_sir_R0_comparison,0.08015293464126227,0.017717994490917387,0.9021290708678227,15.0,780.2142857142857,52.0,0.014285714285714285
9.876712328767123,demographic_sir_R0_comparison,0.060872663409363835,0.01866576377505538,0.9204615728155832,15.0,780.2142857142857,52.0,0.014285714285714285
9.895890410958904,demographic_sir_R0_comparison,0.047262181565447293,0.015339308347497208,0.937398510087058,15.0,780.2142857142857,52.0,0.014285714285714285
9.915068493150685,demographic_sir_R0_comparison,0.03912879493305273,0.010735213888666807,0.950135991178283,15.0,780.2142857142857,52.0,0.014285714285714285
9.934246575342465,demographic_sir_R0_comparison,0.03460331302680874,0.006849808643789815,0.9585468783294039,15.0,780.2142857142857,52.0,0.014285714285714285
9.953424657534246,demographic_sir_R0_comparison,0.03216929993025044,0.00415506279123932,0.9636756372785126,15.0,780.2142857142857,52.0,0.014285714285714285
9.972602739726028,demographic_sir_R0_comparison,0.03090872719685878,0.0024538024660169288,0.9666374703371265,15.0,780.2142857142857,52.0,0.014285714285714285
9.991780821917809,demographic_sir_R0_comparison,0.030305782778201593,0.001429718945322634,0.9682644982764779,15.0,780.2142857142857,52.0,0.014285714285714285
10.01095890410959,demographic_sir_R0_comparison,0.030073904807908232,0.0008280619435641626,0.9690980332485297,15.0,780.2142857142857,52.0,0.014285714285714285
10.03013698630137,demographic_sir_R0_comparison,0.030052960916592254,0.0004787593750231473,0.9694682797083869,15.0,780.2142857142857,52.0,0.014285714285714285
10.04931506849315,demographic_sir_R0_comparison,0.0301526931969847,0.00027698985810949996,0.9695703169449079,15.0,780.2142857142857,52.0,0.014285714285714285
10.068493150684931,demographic_sir_R0_comparison,0.03032183386158178,0.00016058487992678806,0.9695175812584936,15.0,780.2142857142857,52.0,0.014285714285714285
10.087671232876712,demographic_sir_R0_comparison,0.030531075949046034,9.336555335209393e-05,0.9693755584976043,15.0,780.2142857142857,52.0,0.014285714285714285
10.106849315068493,demographic_sir_R0_comparison,0.030763576551644193,5.4464159333300255e-05,0.969181959289025,15.0,780.2142857142857,52.0,0.014285714285714285
10.126027397260273,demographic_sir_R0_comparison,0.0310096104966166,3.1885535555577876e-05,0.9689585039678303,15.0,780.2142857142857,52.0,0.014285714285714285
10.145205479452056,demographic_sir_R0_comparison,0.03126353827171924,1.873714340148585e-05,0.9687177245848819,15.0,780.2142857142857,52.0,0.014285714285714285
10.164383561643836,demographic_sir_R0_comparison,0.03152207626126466,1.1052982265581312e-05,0.9684668707564722,15.0,780.2142857142857,52.0,0.014285714285714285
10.183561643835617,demographic_sir_R0_comparison,0.031783305024138314,6.545535197738894e-06,0.9682101494406664,15.0,780.2142857142857,52.0,0.014285714285714285
10.202739726027398,demographic_sir_R0_comparison,0.03204609819805716,3.891472378107108e-06,0.9679500103295674,15.0,780.2142857142857,52.0,0.014285714285714285
10.221917808219178,demographic_sir_R0_comparison,0.03230979227753922,2.3227029079318754e-06,0.9676878850195556,15.0,780.2142857142857,52.0,0.014285714285714285
10.241095890410959,demographic_sir_R0_comparison,0.032573994922075765,1.391838245362804e-06,0.9674246132396815,15.0,780.2142857142857,52.0,0.014285714285714285
10.26027397260274,demographic_sir_R0_comparison,0.03283847325488147,8.373398149916581e-07,0.9671606894053061,15.0,780.2142857142857,52.0,0.014285714285714285
10.27945205479452,demographic_sir_R0_comparison,0.0331030885280447,5.057476741157214e-07,0.9668964057242839,15.0,780.2142857142857,52.0,0.014285714285714285
10.2986301369863,demographic_sir_R0_comparison,0.0333677577650263,3.0668025767412305e-07,0.9666319355547188,15.0,780.2142857142857,52.0,0.014285714285714285
10.317808219178083,demographic_sir_R0_comparison,0.03363243115765472,1.867057500346615e-07,0.9663673821365981,15.0,780.2142857142857,52.0,0.014285714285714285
10.336986301369864,demographic_sir_R0_comparison,0.0338970786974747,1.141167610909134e-07,0.966102807185767,15.0,780.2142857142857,52.0,0.014285714285714285
10.356164383561644,demographic_sir_R0_comparison,0.03416168223957087,7.002624168653436e-08,0.9658382477341902,15.0,780.2142857142857,52.0,0.014285714285714285
10.375342465753425,demographic_sir_R0_comparison,0.034426230773940664,4.31411296772582e-08,0.9655737260849324,15.0,780.2142857142857,52.0,0.014285714285714285
10.394520547945206,demographic_sir_R0_comparison,0.03469071759764065,2.668339838444075e-08,0.9653092557189639,15.0,780.2142857142857,52.0,0.014285714285714285
10.413698630136986,demographic_sir_R0_comparison,0.03495513861742107,1.656949545653965e-08,0.9650448448130864,15.0,780.2142857142857,52.0,0.014285714285714285
10.432876712328767,demographic_sir_R0_comparison,0.03521949132716579,1.0329885525587112e-08,0.9647804983429519,15.0,780.2142857142857,52.0,0.014285714285714285
10.452054794520548,demographic_sir_R0_comparison,0.03548377418959712,6.465459035076916e-09,0.9645162193449472,15.0,780.2142857142857,52.0,0.014285714285714285
10.471232876712328,demographic_sir_R0_comparison,0.03574798626104806,4.062752759557147e-09,0.9642520096762024,15.0,780.2142857142857,52.0,0.014285714285714285
10.490410958904109,demographic_sir_R0_comparison,0.036012126962910486,2.5630562378869417e-09,0.9639878704740364,15.0,780.2142857142857,52.0,0.014285714285714285
10.509589041095891,demographic_sir_R0_comparison,0.03627619594191365,1.6233498448408482e-09,0.9637238024347397,15.0,780.2142857142857,52.0,0.014285714285714285
10.528767123287672,demographic_sir_R0_comparison,0.03654019298439468,1.0322428712060876e-09,0.9634598059833656,15.0,780.2142857142857,52.0,0.014285714285714285
10.547945205479452,demographic_sir_R0_comparison,0.036804117963505016,6.589720169998841e-10,0.9631958813775258,15.0,780.2142857142857,52.0,0.014285714285714285
10.567123287671233,demographic_sir_R0_comparison,0.03706797080658025,4.2234455256271283e-10,0.9629320287710781,15.0,780.2142857142857,52.0,0.014285714285714285
10.586301369863014,demographic_sir_R0_comparison,0.03733175147489891,2.7175728548403275e-10,0.9626682482533466,15.0,780.2142857142857,52.0,0.014285714285714285
10.605479452054794,demographic_sir_R0_comparison,0.03759545995108047,1.7555346276038014e-10,0.9624045398733687,15.0,780.2142857142857,52.0,0.014285714285714285
10.624657534246575,demographic_sir_R0_comparison,0.03785909623121101,1.1385472041488668e-10,0.9621409036549369,15.0,780.2142857142857,52.0,0.014285714285714285
10.643835616438356,demographic_sir_R0_comparison,0.038122660319905,7.41319884466151e-11,0.9618773396059658,15.0,780.2142857142857,52.0,0.014285714285714285
10.663013698630136,demographic_sir_R0_comparison,0.03838615222719709,4.845881120903087e-11,0.9616138477243468,15.0,780.2142857142857,52.0,0.014285714285714285
10.682191780821919,demographic_sir_R0_comparison,0.038649571966578714,3.180181387489285e-11,0.9613504280016223,15.0,780.2142857142857,52.0,0.014285714285714285
10.7013698630137,demographic_sir_R0_comparison,0.038912919553753325,2.095282508084073e-11,0.9610870804252964,15.0,780.2142857142857,52.0,0.014285714285714285
10.72054794520548,demographic_sir_R0_comparison,0.03917619500584441,1.3859398263406694e-11,0.9608238049802988,15.0,780.2142857142857,52.0,0.014285714285714285
10.73972602739726,demographic_sir_R0_comparison,0.03943939834088974,9.203579858834573e-12,0.9605606016499092,15.0,780.2142857142857,52.0,0.014285714285714285
10.758904109589041,demographic_sir_R0_comparison,0.03970252957751719,6.135915206789965e-12,0.9602974704163495,15.0,780.2142857142857,52.0,0.014285714285714285
10.778082191780822,demographic_sir_R0_comparison,0.03996558873473625,4.10687608733986e-12,0.9600344112611596,15.0,780.2142857142857,52.0,0.014285714285714285
10.797260273972602,demographic_sir_R0_comparison,0.040228575831803504,2.7596440399592343e-12,0.9597714241654396,15.0,780.2142857142857,52.0,0.014285714285714285
10.816438356164383,demographic_sir_R0_comparison,0.040491490888135445,1.8616725009746776e-12,0.9595085091100055,15.0,780.2142857142857,52.0,0.014285714285714285
10.835616438356164,demographic_sir_R0_comparison,0.04075433392325174,1.2608452353655037e-12,0.9592456660754901,15.0,780.2142857142857,52.0,0.014285714285714285
10.854794520547946,demographic_sir_R0_comparison,0.041017104956738326,8.572906608192056e-13,0.9589828950424071,15.0,780.2142857142857,52.0,0.014285714285714285
10.873972602739727,demographic_sir_R0_comparison,0.04127980400822303,5.851965390401118e-13,0.9587201959911945,15.0,780.2142857142857,52.0,0.014285714285714285
10.893150684931507,demographic_sir_R0_comparison,0.041542431097359896,4.0103500551740335e-13,0.9584575689022419,15.0,780.2142857142857,52.0,0.014285714285714285
10.912328767123288,demographic_sir_R0_comparison,0.04180498624381849,2.759111345223735e-13,0.9581950137559085,15.0,780.2142857142857,52.0,0.014285714285714285
10.931506849315069,demographic_sir_R0_comparison,0.04206746946727706,1.9057332602203023e-13,0.9579325305325352,15.0,780.2142857142857,52.0,0.014285714285714285
10.95068493150685,demographic_sir_R0_comparison,0.04232988078741786,1.321479637798533e-13,0.9576701192124526,15.0,780.2142857142857,52.0,0.014285714285714285
10.96986301369863,demographic_sir_R0_comparison,0.04259222022392412,9.199491992633701e-14,0.9574077797759866,15.0,780.2142857142857,52.0,0.014285714285714285
10.98904109589041,demographic_sir_R0_comparison,0.042854487796478005,6.429419408297777e-14,0.9571455122034604,15.0,780.2142857142857,52.0,0.014285714285714285
11.008219178082191,demographic_sir_R0_comparison,0.043116683524759135,4.511113375776586e-14,0.9568833164751986,15.0,780.2142857142857,52.0,0.014285714285714285
11.027397260273972,demographic_sir_R0_comparison,0.04337880742844379,3.177600789841734e-14,0.9566211925715271,15.0,780.2142857142857,52.0,0.014285714285714285
11.046575342465754,demographic_sir_R0_comparison,0.043640859527204215,2.2470775871892476e-14,0.9563591404727759,15.0,780.2142857142857,52.0,0.014285714285714285
11.065753424657535,demographic_sir_R0_comparison,0.04390283984070812,1.5952893847803034e-14,0.9560971601592788,15.0,780.2142857142857,52.0,0.014285714285714285
11.084931506849315,demographic_sir_R0_comparison,0.044164748388618565,1.1370068742093815e-14,0.9558352516113731,15.0,780.2142857142857,52.0,0.014285714285714285
11.104109589041096,demographic_sir_R0_comparison,0.04442658519059363,8.135578628621263e-15,0.9555734148094011,15.0,780.2142857142857,52.0,0.014285714285714285
11.123287671232877,demographic_sir_R0_comparison,0.044688350266286314,5.844065548212462e-15,0.9553116497337109,15.0,780.2142857142857,52.0,0.014285714285714285
11.142465753424657,demographic_sir_R0_comparison,0.04495004363534446,4.2144656573759244e-15,0.9550499563646544,15.0,780.2142857142857,52.0,0.014285714285714285
11.161643835616438,demographic_sir_R0_comparison,0.04521166531741067,3.0511973836851456e-15,0.9547883346825892,15.0,780.2142857142857,52.0,0.014285714285714285
11.180821917808219,demographic_sir_R0_comparison,0.04547321533212226,2.217675327818392e-15,0.9545267846678785,15.0,780.2142857142857,52.0,0.014285714285714285
11.2,demographic_sir_R0_comparison,0.045734693699111255,1.618173327080434e-15,0.9542653063008901,15.0,780.2142857142857,52.0,0.014285714285714285
11.219178082191782,demographic_sir_R0_comparison,0.04599610043800436,1.1853621564799476e-15,0.9540038995619976,15.0,780.2142857142857,52.0,0.014285714285714285
11.238356164383562,demographic_sir_R0_comparison,0.046257435568422905,8.717170863214143e-16,0.9537425644315792,15.0,780.2142857142857,52.0,0.014285714285714285
11.257534246575343,demographic_sir_R0_comparison,0.04651869910998289,6.435733839262735e-16,0.9534813008900196,15.0,780.2142857142857,52.0,0.014285714285714285
11.276712328767124,demographic_sir_R0_comparison,0.04677989108229498,4.769997391393298e-16,0.9532201089177078,15.0,780.2142857142857,52.0,0.014285714285714285
11.295890410958904,demographic_sir_R0_comparison,0.047041011504964474,3.549239398064409e-16,0.9529589884950382,15.0,780.2142857142857,52.0,0.014285714285714285
11.315068493150685,demographic_sir_R0_comparison,0.0473020603975913,2.6512401407186928e-16,0.9526979396024116,15.0,780.2142857142857,52.0,0.014285714285714285
11.334246575342465,demographic_sir_R0_comparison,0.04756303777977002,1.9881950815079874e-16,0.952436962220233,15.0,780.2142857142857,52.0,0.014285714285714285
11.353424657534246,demographic_sir_R0_comparison,0.047823943671089844,1.4968028963049641e-16,0.9521760563289132,15.0,780.2142857142857,52.0,0.014285714285714285
11.372602739726027,demographic_sir_R0_comparison,0.048084778091134615,1.1312678926994716e-16,0.9519152219088686,15.0,780.2142857142857,52.0,0.014285714285714285
11.39178082191781,demographic_sir_R0_comparison,0.04834554105948284,8.58343395872455e-17,0.9516544589405203,15.0,780.2142857142857,52.0,0.014285714285714285
11.41095890410959,demographic_sir_R0_comparison,0.048606232595707594,6.538091237667261e-17,0.9513937674042955,15.0,780.2142857142857,52.0,0.014285714285714285
11.43013698630137,demographic_sir_R0_comparison,0.04886685271937665,4.99959376112843e-17,0.9511331472806266,15.0,780.2142857142857,52.0,0.014285714285714285
11.449315068493151,demographic_sir_R0_comparison,0.04912740145005242,3.8380606034732385e-17,0.950872598549951,15.0,780.2142857142857,52.0,0.014285714285714285
11.468493150684932,demographic_sir_R0_comparison,0.04938787880729193,2.957888811555879e-17,0.9506121211927115,15.0,780.2142857142857,52.0,0.014285714285714285
11.487671232876712,demographic_sir_R0_comparison,0.04964828481064688,2.288465152077619e-17,0.9503517151893567,15.0,780.2142857142857,52.0,0.014285714285714285
11.506849315068493,demographic_sir_R0_comparison,0.049908619479663595,1.7774555183075822e-17,0.95009138052034,15.0,780.2142857142857,52.0,0.014285714285714285
11.526027397260274,demographic_sir_R0_comparison,0.050168882833883065,1.3859408444533228e-17,0.9498311171661205,15.0,780.2142857142857,52.0,0.014285714285714285
11.545205479452054,demographic_sir_R0_comparison,0.0504290748928409,1.0848799886685036e-17,0.9495709251071627,15.0,780.2142857142857,52.0,0.014285714285714285
11.564383561643835,demographic_sir_R0_comparison,0.050689195676067396,8.525292561670989e-18,0.9493108043239363,15.0,780.2142857142857,52.0,0.014285714285714285
11.583561643835617,demographic_sir_R0_comparison,0.05094924520308748,6.725537679840112e-18,0.9490507547969164,15.0,780.2142857142857,52.0,0.014285714285714285
11.602739726027398,demographic_sir_R0_comparison,0.05120922349342067,5.326407523571506e-18,0.9487907765065833,15.0,780.2142857142857,52.0,0.014285714285714285
11.621917808219179,demographic_sir_R0_comparison,0.05146913056658123,4.2347811568197856e-18,0.9485308694334227,15.0,780.2142857142857,52.0,0.014285714285714285
11.64109589041096,demographic_sir_R0_comparison,0.05172896644207803,3.3799968035480456e-18,0.9482710335579259,15.0,780.2142857142857,52.0,0.014285714285714285
11.66027397260274,demographic_sir_R0_comparison,0.051988731139414615,2.7082570444096125e-18,0.9480112688605893,15.0,780.2142857142857,52.0,0.014285714285714285
11.67945205479452,demographic_sir_R0_comparison,0.05224842467808918,2.1784685030571233e-18,0.9477515753219146,15.0,780.2142857142857,52.0,0.014285714285714285
11.698630136986301,demographic_sir_R0_comparison,0.05250804707759458,1.7591385193052107e-18,0.9474919529224092,15.0,780.2142857142857,52.0,0.014285714285714285
11.717808219178082,demographic_sir_R0_comparison,0.05276759835741832,1.426053039812508e-18,0.9472324016425855,15.0,780.2142857142857,52.0,0.014285714285714285
11.736986301369862,demographic_sir_R0_comparison,0.05302707853704259,1.1605336681537952e-18,0.9469729214629612,15.0,780.2142857142857,52.0,0.014285714285714285
11.756164383561645,demographic_sir_R0_comparison,0.053286487635944235,9.481253816896538e-19,0.9467135123640597,15.0,780.2142857142857,52.0,0.014285714285714285
11.775342465753425,demographic_sir_R0_comparison,0.05354582567359472,7.776054629472355e-19,0.9464541743264091,15.0,780.2142857142857,52.0,0.014285714285714285
11.794520547945206,demographic_sir_R0_comparison,0.05380509266946023,6.402327303583409e-19,0.9461949073305436,15.0,780.2142857142857,52.0,0.014285714285714285
11.813698630136987,demographic_sir_R0_comparison,0.054064288643001605,5.291770736176357e-19,0.9459357113570022,15.0,780.2142857142857,52.0,0.014285714285714285
11.832876712328767,demographic_sir_R0_comparison,0.054323413613674355,4.390846799929381e-19,0.9456765863863292,15.0,780.2142857142857,52.0,0.014285714285714285
11.852054794520548,demographic_sir_R0_comparison,0.05458246760092865,3.6574567894580496e-19,0.9454175323990748,15.0,780.2142857142857,52.0,0.014285714285714285
11.871232876712329,demographic_sir_R0_comparison,0.05484145062420935,3.0583931853805877e-19,0.945158549375794,15.0,780.2142857142857,52.0,0.014285714285714285
11.89041095890411,demographic_sir_R0_comparison,0.055100362702955964,2.567380058845102e-19,0.9448996372970474,15.0,780.2142857142857,52.0,0.014285714285714285
11.90958904109589,demographic_sir_R0_comparison,0.055359203856602715,2.163561685647975e-19,0.9446407961434008,15.0,780.2142857142857,52.0,0.014285714285714285
11.928767123287672,demographic_sir_R0_comparison,0.055617974104578465,1.830333427608528e-19,0.9443820258954251,15.0,780.2142857142857,52.0,0.014285714285714285
11.947945205479453,demographic_sir_R0_comparison,0.055876673466306724,1.554434730884367e-19,0.9441233265336969,15.0,780.2142857142857,52.0,0.014285714285714285
11.967123287671233,demographic_sir_R0_comparison,0.05613530196120575,1.325243433014784e-19,0.9438646980387981,15.0,780.2142857142857,52.0,0.014285714285714285
11.986301369863014,demographic_sir_R0_comparison,0.05639385960868847,1.1342251157779905e-19,0.9436061403913154,15.0,780.2142857142857,52.0,0.014285714285714285
12.005479452054795,demographic_sir_R0_comparison,0.056652346428162456,9.745022091303828e-20,0.9433476535718415,15.0,780.2142857142857,52.0,0.014285714285714285
12.024657534246575,demographic_sir_R0_comparison,0.056910762439029976,8.405158448969964e-20,0.9430892375609738,15.0,780.2142857142857,52.0,0.014285714285714285
12.043835616438356,demographic_sir_R0_comparison,0.05716910766068802,7.277597468290649e-20,0.9428308923393159,15.0,780.2142857142857,52.0,0.014285714285714285
12.063013698630137,demographic_sir_R0_comparison,0.05742738211252821,6.325702239528317e-20,0.9425726178874758,15.0,780.2142857142857,52.0,0.014285714285714285
12.082191780821917,demographic_sir_R0_comparison,0.057685585813936895,5.519599780305832e-20,0.9423144141860671,15.0,780.2142857142857,52.0,0.014285714285714285
12.101369863013698,demographic_sir_R0_comparison,0.05794371878429509,4.8348622099654685e-20,0.942056281215709,15.0,780.2142857142857,52.0,0.014285714285714285
12.12054794520548,demographic_sir_R0_comparison,0.058201781042978545,4.2514573247892526e-20,0.9417982189570255,15.0,780.2142857142857,52.0,0.014285714285714285
12.139726027397261,demographic_sir_R0_comparison,0.05845977260935763,3.752911273469004e-20,0.9415402273906465,15.0,780.2142857142857,52.0,0.014285714285714285
12.158904109589042,demographic_sir_R0_comparison,0.05871769350279742,3.3256386645386305e-20,0.9412823064972066,15.0,780.2142857142857,52.0,0.014285714285714285
12.178082191780822,demographic_sir_R0_comparison,0.05897554374265777,2.9584051939467086e-20,0.9410244562573463,15.0,780.2142857142857,52.0,0.014285714285714285
12.197260273972603,demographic_sir_R0_comparison,0.059233323348293135,2.641895435651711e-20,0.9407666766517109,15.0,780.2142857142857,52.0,0.014285714285714285
12.216438356164383,demographic_sir_R0_comparison,0.05949103233905275,2.3683643028897336e-20,0.9405089676609513,15.0,780.2142857142857,52.0,0.014285714285714285
12.235616438356164,demographic_sir_R0_comparison,0.05974867073428047,2.1313552521651356e-20,0.9402513292657234,15.0,780.2142857142857,52.0,0.014285714285714285
12.254794520547945,demographic_sir_R0_comparison,0.06000623855331488,1.9254718633159833e-20,0.9399937614466889,15.0,780.2142857142857,52.0,0.014285714285714285
12.273972602739725,demographic_sir_R0_comparison,0.06026373581548931,1.746192214598747e-20,0.9397362641845144,15.0,780.2142857142857,52.0,0.014285714285714285
12.293150684931508,demographic_sir_R0_comparison,0.06052116254013175,1.5897176559867162e-20,0.9394788374598719,15.0,780.2142857142857,52.0,0.014285714285714285
12.312328767123288,demographic_sir_R0_comparison,0.06077851874656488,1.4528493008175317e-20,0.9392214812534387,15.0,780.2142857142857,52.0,0.014285714285714285
12.331506849315069,demographic_sir_R0_comparison,0.061035804454106134,1.3328869088347801e-20,0.9389641955458974,15.0,780.2142857142857,52.0,0.014285714285714285
12.35068493150685,demographic_sir_R0_comparison,0.061293019682067615,1.2275459023200812e-20,0.9387069803179358,15.0,780.2142857142857,52.0,0.014285714285714285
12.36986301369863,demographic_sir_R0_comparison,0.06155016444975615,1.13488910316606e-20,0.9384498355502472,15.0,780.2142857142857,52.0,0.014285714285714285
12.389041095890411,demographic_sir_R0_comparison,0.061807238776473296,1.0532704503313585e-20,0.9381927612235301,15.0,780.2142857142857,52.0,0.014285714285714285
12.408219178082192,demographic_sir_R0_comparison,0.0620642426815153,9.81288491431755e-21,0.9379357573184881,15.0,780.2142857142857,52.0,0.014285714285714285
12.427397260273972,demographic_sir_R0_comparison,0.062321176184173134,9.17747868330436e-21,0.9376788238158303,15.0,780.2142857142857,52.0,0.014285714285714285
12.446575342465753,demographic_sir_R0_comparison,0.06257803930373246,8.616273572174119e-21,0.9374219606962709,15.0,780.2142857142857,52.0,0.014285714285714285
12.465753424657535,demographic_sir_R0_comparison,0.06283483205947372,8.12053296612482e-21,0.9371651679405298,15.0,780.2142857142857,52.0,0.014285714285714285
12.484931506849316,demographic_sir_R0_comparison,0.06309155447067197,7.682774559638696e-21,0.9369084455293316,15.0,780.2142857142857,52.0,0.014285714285714285
12.504109589041096,demographic_sir_R0_comparison,0.06334820655659709,7.296585740445513e-21,0.9366517934434067,15.0,780.2142857142857,52.0,0.014285714285714285
12.523287671232877,demographic_sir_R0_comparison,0.06360478833651365,6.956469388474058e-21,0.9363952116634903,15.0,780.2142857142857,52.0,0.014285714285714285
12.542465753424658,demographic_sir_R0_comparison,0.0638612998296809,6.657714960090134e-21,0.9361387001703227,15.0,780.2142857142857,52.0,0.014285714285714285
12.561643835616438,demographic_sir_R0_comparison,0.06411774105535287,6.396290663893539e-21,0.9358822589446507,15.0,780.2142857142857,52.0,0.014285714285714285
12.580821917808219,demographic_sir_R0_comparison,0.0643741120327783,6.168753296224567e-21,0.9356258879672253,15.0,780.2142857142857,52.0,0.014285714285714285
12.6,demographic_sir_R0_comparison,0.0646304127812006,5.972172926755189e-21,0.935369587218803,15.0,780.2142857142857,52.0,0.014285714285714285
12.61917808219178,demographic_sir_R0_comparison,0.064886643319858,5.8040701346393394e-21,0.9351133566801456,15.0,780.2142857142857,52.0,0.014285714285714285
12.638356164383561,demographic_sir_R0_comparison,0.06514280366798339,5.662363915746523e-21,0.9348571963320204,15.0,780.2142857142857,52.0,0.014285714285714285
12.657534246575343,demographic_sir_R0_comparison,0.06539889384480445,5.545328729279109e-21,0.9346011061551991,15.0,780.2142857142857,52.0,0.014285714285714285
12.676712328767124,demographic_sir_R0_comparison,0.06565491386954349,5.451559441957711e-21,0.93434508613046,15.0,780.2142857142857,52.0,0.014285714285714285
12.695890410958905,demographic_sir_R0_comparison,0.06591086376141769,5.379943171658433e-21,0.9340891362385855,15.0,780.2142857142857,52.0,0.014285714285714285
12.715068493150685,demographic_sir_R0_comparison,0.06616674353963893,5.329637239508294e-21,0.9338332564603642,15.0,780.2142857142857,52.0,0.014285714285714285
12.734246575342466,demographic_sir_R0_comparison,0.06642255322341373,5.300052617956548e-21,0.9335774467765893,15.0,780.2142857142857,52.0,0.014285714285714285
12.753424657534246,demographic_sir_R0_comparison,0.06667829283194346,5.290842418941655e-21,0.9333217071680596,15.0,780.2142857142857,52.0,0.014285714285714285
12.772602739726027,demographic_sir_R0_comparison,0.06693396238442417,5.301895106706194e-21,0.9330660376155789,15.0,780.2142857142857,52.0,0.014285714285714285
12.791780821917808,demographic_sir_R0_comparison,0.06718956190004666,5.333332249114509e-21,0.9328104380999565,15.0,780.2142857142857,52.0,0.014285714285714285
12.810958904109588,demographic_sir_R0_comparison,0.0674450913979965,5.385510744058346e-21,0.9325549086020066,15.0,780.2142857142857,52.0,0.014285714285714285
12.83013698630137,demographic_sir_R0_comparison,0.06770055089745401,5.459029577968493e-21,0.9322994491025492,15.0,780.2142857142857,52.0,0.014285714285714285
12.849315068493151,demographic_sir_R0_comparison,0.06795594041759419,5.554741295757815e-21,0.9320440595824091,15.0,780.2142857142857,52.0,0.014285714285714285
12.868493150684932,demographic_sir_R0_comparison,0.06821125997758684,5.673768489951309e-21,0.9317887400224165,15.0,780.2142857142857,52.0,0.014285714285714285
12.887671232876713,demographic_sir_R0_comparison,0.06846650959659652,5.817525755814563e-21,0.9315334904034068,15.0,780.2142857142857,52.0,0.014285714285714285
12.906849315068493,demographic_sir_R0_comparison,0.06872168929378247,5.987747713926498e-21,0.9312783107062209,15.0,780.2142857142857,52.0,0.014285714285714285
12.926027397260274,demographic_sir_R0_comparison,0.06897679908829876,6.186523877471214e-21,0.9310232009117047,15.0,780.2142857142857,52.0,0.014285714285714285
12.945205479452055,demographic_sir_R0_comparison,0.06923183899929418,6.416341345077702e-21,0.9307681610007092,15.0,780.2142857142857,52.0,0.014285714285714285
12.964383561643835,demographic_sir_R0_comparison,0.06948680904591228,6.680136539053869e-21,0.930513190954091,15.0,780.2142857142857,52.0,0.014285714285714285
12.983561643835616,demographic_sir_R0_comparison,0.06974170924729141,6.981357492648467e-21,0.9302582907527119,15.0,780.2142857142857,52.0,0.014285714285714285
13.002739726027398,demographic_sir_R0_comparison,0.06999653962256458,7.32403852984377e-21,0.9300034603774388,15.0,780.2142857142857,52.0,0.014285714285714285
13.021917808219179,demographic_sir_R0_comparison,0.07025130019085961,7.712889590997603e-21,0.9297486998091439,15.0,780.2142857142857,52.0,0.014285714285714285
13.04109589041096,demographic_sir_R0_comparison,0.07050599097129909,8.153402954517399e-21,0.9294940090287044,15.0,780.2142857142857,52.0,0.014285714285714285
13.06027397260274,demographic_sir_R0_comparison,0.07076061198300032,8.651980709853806e-21,0.929239388017003,15.0,780.2142857142857,52.0,0.014285714285714285
13.07945205479452,demographic_sir_R0_comparison,0.07101516324507545,9.216087076828608e-21,0.9289848367549276,15.0,780.2142857142857,52.0,0.014285714285714285
13.098630136986301,demographic_sir_R0_comparison,0.07126964477663134,9.854430573593615e-21,0.9287303552233716,15.0,780.2142857142857,52.0,0.014285714285714285
13.117808219178082,demographic_sir_R0_comparison,0.07152405659676964,1.0577182151608253e-20,0.9284759434032333,15.0,780.2142857142857,52.0,0.014285714285714285
13.136986301369863,demographic_sir_R0_comparison,0.07177839872458674,1.1396236792725365e-20,0.9282216012754163,15.0,780.2142857142857,52.0,0.014285714285714285
13.156164383561643,demographic_sir_R0_comparison,0.07203267117917383,1.2325527766008306e-20,0.9279673288208292,15.0,780.2142857142857,52.0,0.014285714285714285
13.175342465753424,demographic_sir_R0_comparison,0.0722868739796168,1.3381404852575388e-20,0.927713126020386,15.0,780.2142857142857,52.0,0.014285714285714285
13.194520547945206,demographic_sir_R0_comparison,0.07254100714499644,1.4583090469698196e-20,0.9274589928550063,15.0,780.2142857142857,52.0,0.014285714285714285
13.213698630136987,demographic_sir_R0_comparison,0.07279507069438816,1.5953230892573535e-20,0.9272049293056146,15.0,780.2142857142857,52.0,0.014285714285714285
13.232876712328768,demographic_sir_R0_comparison,0.07304906464686227,1.7518563851397067e-20,0.9269509353531407,15.0,780.2142857142857,52.0,0.014285714285714285
13.252054794520548,demographic_sir_R0_comparison,0.07330298902148377,1.9310728886226064e-20,0.9266970109785191,15.0,780.2142857142857,52.0,0.014285714285714285
13.271232876712329,demographic_sir_R0_comparison,0.0735568438373125,2.136725324536441e-20,0.9264431561626906,15.0,780.2142857142857,52.0,0.014285714285714285
13.29041095890411,demographic_sir_R0_comparison,0.07381062911340303,2.3732754163535805e-20,0.9261893708866,15.0,780.2142857142857,52.0,0.014285714285714285
13.30958904109589,demographic_sir_R0_comparison,0.07406434486880474,2.6460408501356866e-20,0.9259356551311984,15.0,780.2142857142857,52.0,0.014285714285714285
13.32876712328767,demographic_sir_R0_comparison,0.07431799112256181,2.9613753542611096e-20,0.9256820088774415,15.0,780.2142857142857,52.0,0.014285714285714285
13.347945205479451,demographic_sir_R0_comparison,0.07457156789371318,3.3268898971311986e-20,0.92542843210629,15.0,780.2142857142857,52.0,0.014285714285714285
13.367123287671234,demographic_sir_R0_comparison,0.07482507520129257,3.751725064296891e-20,0.9251749247987104,15.0,780.2142857142857,52.0,0.014285714285714285
13.386301369863014,demographic_sir_R0_comparison,0.07507851306432844,4.2468872961631726e-20,0.9249214869356744,15.0,780.2142857142857,52.0,0.014285714285714285
13.405479452054795,demographic_sir_R0_comparison,0.07533188150184411,4.825665008189328e-20,0.9246681184981587,15.0,780.2142857142857,52.0,0.014285714285714285
13.424657534246576,demographic_sir_R0_comparison,0.07558518053285766,5.504144886087392e-20,0.9244148194671451,15.0,780.2142857142857,52.0,0.014285714285714285
13.443835616438356,demographic_sir_R0_comparison,0.07583841017638203,6.301854121054447e-20,0.9241615898236207,15.0,780.2142857142857,52.0,0.014285714285714285
13.463013698630137,demographic_sir_R0_comparison,0.07609157045142483,7.24256138006961e-20,0.9239084295485779,15.0,780.2142857142857,52.0,0.014285714285714285
13.482191780821918,demographic_sir_R0_comparison,0.07634466137698853,8.355278359340195e-20,0.9236553386230143,15.0,780.2142857142857,52.0,0.014285714285714285
13.501369863013698,demographic_sir_R0_comparison,0.07659768297207041,9.67551545632002e-20,0.9234023170279324,15.0,780.2142857142857,52.0,0.014285714285714285
13.520547945205479,demographic_sir_R0_comparison,0.07685063525566245,1.124686022171751e-19,0.9231493647443404,15.0,780.2142857142857,52.0,0.014285714285714285
13.53972602739726,demographic_sir_R0_comparison,0.07710351824675155,1.312296687870559e-19,0.9228964817532515,15.0,780.2142857142857,52.0,0.014285714285714285
13.558904109589042,demographic_sir_R0_comparison,0.07735633196431935,1.5370070725478787e-19,0.9226436680356838,15.0,780.2142857142857,52.0,0.014285714285714285
13.578082191780823,demographic_sir_R0_comparison,0.07760907642734227,1.8070174529868347e-19,0.9223909235726608,15.0,780.2142857142857,52.0,0.014285714285714285
13.597260273972603,demographic_sir_R0_comparison,0.07786175165479162,2.132509755367111e-19,0.9221382483452116,15.0,780.2142857142857,52.0,0.014285714285714285
13.616438356164384,demographic_sir_R0_comparison,0.07811435766563339,2.52616349043749e-19,0.9218856423343699,15.0,780.2142857142857,52.0,0.014285714285714285
13.635616438356164,demographic_sir_R0_comparison,0.07836689447882844,3.0038149904143937e-19,0.9216331055211747,15.0,780.2142857142857,52.0,0.014285714285714285
13.654794520547945,demographic_sir_R0_comparison,0.07861936211333248,3.5853020984046226e-19,0.9213806378866707,15.0,780.2142857142857,52.0,0.014285714285714285
13.673972602739726,demographic_sir_R0_comparison,0.07887176058809597,4.2955495168666676e-19,0.9211282394119071,15.0,780.2142857142857,52.0,0.014285714285714285
13.693150684931506,demographic_sir_R0_comparison,0.07912408992206417,5.165967316397012e-19,0.920875910077939,15.0,780.2142857142857,52.0,0.014285714285714285
13.712328767123287,demographic_sir_R0_comparison,0.07937635013417721,6.236258077427525e-19,0.9206236498658261,15.0,780.2142857142857,52.0,0.014285714285714285
13.73150684931507,demographic_sir_R0_comparison,0.07962854124336996,7.556758730226263e-19,0.9203714587566333,15.0,780.2142857142857,52.0,0.014285714285714285
13.75068493150685,demographic_sir_R0_comparison,0.07988066326857209,9.191484011451111e-19,0.920119336731431,15.0,780.2142857142857,52.0,0.014285714285714285
13.76986301369863,demographic_sir_R0_comparison,0.08013271622870817,1.1222093157260182e-18,0.9198672837712947,15.0,780.2142857142857,52.0,0.014285714285714285
13.789041095890411,demographic_sir_R0_comparison,0.08038470014269757,1.3753074897918187e-18,0.9196152998573052,15.0,780.2142857142857,52.0,0.014285714285714285
13.808219178082192,demographic_sir_R0_comparison,0.08063661502945439,1.6918544699302504e-18,0.9193633849705485,15.0,780.2142857142857,52.0,0.014285714285714285
13.827397260273973,demographic_sir_R0_comparison,0.08088846090788766,2.0891181688041265e-18,0.9191115390921152,15.0,780.2142857142857,52.0,0.014285714285714285
13.846575342465753,demographic_sir_R0_comparison,0.08114023779690115,2.5894013412583728e-18,0.9188597622031016,15.0,780.2142857142857,52.0,0.014285714285714285
13.865753424657534,demographic_sir_R0_comparison,0.08139194571539349,3.2216001918649354e-18,0.9186080542846095,15.0,780.2142857142857,52.0,0.014285714285714285
13.884931506849314,demographic_sir_R0_comparison,0.08164358468225816,4.023271858457191e-18,0.9183564153177448,15.0,780.2142857142857,52.0,0.014285714285714285
13.904109589041097,demographic_sir_R0_comparison,0.08189515471638341,5.043385107368759e-18,0.9181048452836195,15.0,780.2142857142857,52.0,0.014285714285714285
13.923287671232877,demographic_sir_R0_comparison,0.0821466558366523,6.345990989875193e-18,0.9178533441633506,15.0,780.2142857142857,52.0,0.014285714285714285
13.942465753424658,demographic_sir_R0_comparison,0.08239808806194276,8.01513589510551e-18,0.9176019119380603,15.0,780.2142857142857,52.0,0.014285714285714285
13.961643835616439,demographic_sir_R0_comparison,0.08264945141112756,1.016145740442418e-17,0.9173505485888754,15.0,780.2142857142857,52.0,0.014285714285714285
13.98082191780822,demographic_sir_R0_comparison,0.08290074590307427,1.2931066233741235e-17,0.9170992540969287,15.0,780.2142857142857,52.0,0.014285714285714285
14.0,demographic_sir_R0_comparison,0.08315197155664532,1.6517543086802967e-17,0.9168480284433577,15.0,780.2142857142857,52.0,0.014285714285714285
14.01917808219178,demographic_sir_R0_comparison,0.08340312839069793,2.1178192435444127e-17,0.9165968716093051,15.0,780.2142857142857,52.0,0.014285714285714285
14.038356164383561,demographic_sir_R0_comparison,0.0836542164240842,2.7256131418519158e-17,0.9163457835759189,15.0,780.2142857142857,52.0,0.014285714285714285
14.057534246575342,demographic_sir_R0_comparison,0.08390523567565103,3.521040126639553e-17,0.9160947643243521,15.0,780.2142857142857,52.0,0.014285714285714285
14.076712328767123,demographic_sir_R0_comparison,0.0841561861642402,4.5657142041871835e-17,0.9158438138357627,15.0,780.2142857142857,52.0,0.014285714285714285
14.095890410958905,demographic_sir_R0_comparison,0.08440706790868827,5.942607040145126e-17,0.9155929320913145,15.0,780.2142857142857,52.0,0.014285714285714285
14.115068493150686,demographic_sir_R0_comparison,0.08465788092782664,7.763818937434561e-17,0.9153421190721761,15.0,780.2142857142857,52.0,0.014285714285714285
14.134246575342466,demographic_sir_R0_comparison,0.0849086252404816,1.0181304642581145e-16,0.915091374759521,15.0,780.2142857142857,52.0,0.014285714285714285
14.153424657534247,demographic_sir_R0_comparison,0.08515930086547428,1.3401723968831712e-16,0.9148406991345283,15.0,780.2142857142857,52.0,0.014285714285714285
14.172602739726027,demographic_sir_R0_comparison,0.08540990782162061,1.7707068228778792e-16,0.9145900921783819,15.0,780.2142857142857,52.0,0.014285714285714285
14.191780821917808,demographic_sir_R0_comparison,0.08566044612773137,2.348339928795186e-16,0.9143395538722712,15.0,780.2142857142857,52.0,0.014285714285714285
14.210958904109589,demographic_sir_R0_comparison,0.08591091580261218,3.1261018819408837e-16,0.9140890841973903,15.0,780.2142857142857,52.0,0.014285714285714285
14.23013698630137,demographic_sir_R0_comparison,0.08616131686506352,4.1770792115240816e-16,0.9138386831349388,15.0,780.2142857142857,52.0,0.014285714285714285
14.24931506849315,demographic_sir_R0_comparison,0.08641164933388076,5.602337470922979e-16,0.9135883506661214,15.0,780.2142857142857,52.0,0.014285714285714285
14.268493150684932,demographic_sir_R0_comparison,0.086661913227854,7.542101059731472e-16,0.9133380867721478,15.0,780.2142857142857,52.0,0.014285714285714285
14.287671232876713,demographic_sir_R0_comparison,0.08691210856576817,1.0191579800569368e-15,0.9130878914342333,15.0,780.2142857142857,52.0,0.014285714285714285
14.306849315068494,demographic_sir_R0_comparison,0.08716223536640313,1.3823445562148691e-15,0.9128377646335978,15.0,780.2142857142857,52.0,0.014285714285714285
14.326027397260274,demographic_sir_R0_comparison,0.08741229364853349,1.881985589563918e-15,0.9125877063514668,15.0,780.2142857142857,52.0,0.014285714285714285
14.345205479452055,demographic_sir_R0_comparison,0.08766228343092859,2.571822701519524e-15,0.912337716569071,15.0,780.2142857142857,52.0,0.014285714285714285
14.364383561643836,demographic_sir_R0_comparison,0.08791220473235266,3.527687100226853e-15,0.9120877952676459,15.0,780.2142857142857,52.0,0.014285714285714285
14.383561643835616,demographic_sir_R0_comparison,0.08816205757156458,4.856942289074103e-15,0.9118379424284325,15.0,780.2142857142857,52.0,0.014285714285714285
14.402739726027397,demographic_sir_R0_comparison,0.08841184196731802,6.71211268824482e-15,0.9115881580326771,15.0,780.2142857142857,52.0,0.014285714285714285
14.421917808219177,demographic_sir_R0_comparison,0.08866155793836117,9.310617822475732e-15,0.9113384420616312,15.0,780.2142857142857,52.0,0.014285714285714285
14.44109589041096,demographic_sir_R0_comparison,0.0889112055034368,1.296344059968425e-14,0.9110887944965519,15.0,780.2142857142857,52.0,0.014285714285714285
14.46027397260274,demographic_sir_R0_comparison,0.08916078468128188,1.811691054026322e-14,0.9108392153187016,15.0,780.2142857142857,52.0,0.014285714285714285
14.479452054794521,demographic_sir_R0_comparison,0.08941029549062772,2.54138012613819e-14,0.9105897045093486,15.0,780.2142857142857,52.0,0.014285714285714285
14.498630136986302,demographic_sir_R0_comparison,0.08965973795019934,3.578296358202554e-14,0.9103402620497666,15.0,780.2142857142857,52.0,0.014285714285714285
14.517808219178082,demographic_sir_R0_comparison,0.08990911207871509,5.0571254476756066e-14,0.9100908879212362,15.0,780.2142857142857,52.0,0.014285714285714285
14.536986301369863,demographic_sir_R0_comparison,0.09015841789488596,7.173836045395658e-14,0.9098415821050442,15.0,780.2142857142857,52.0,0.014285714285714285
14.556164383561644,demographic_sir_R0_comparison,0.09040765541741454,1.0214544913675195e-13,0.9095923445824853,15.0,780.2142857142857,52.0,0.014285714285714285
14.575342465753424,demographic_sir_R0_comparison,0.09065682466499345,1.4598425226581423e-13,0.9093431753348625,15.0,780.2142857142857,52.0,0.014285714285714285
14.594520547945205,demographic_sir_R0_comparison,0.09090592565630322,2.0941701519402638e-13,0.9090940743434894,15.0,780.2142857142857,52.0,0.014285714285714285
14.613698630136986,demographic_sir_R0_comparison,0.09115495841000874,3.0153410885481126e-13,0.9088450415896918,15.0,780.2142857142857,52.0,0.014285714285714285
14.632876712328768,demographic_sir_R0_comparison,0.09140392294475438,4.3579175303611197e-13,0.9085960770548119,15.0,780.2142857142857,52.0,0.014285714285714285
14.652054794520549,demographic_sir_R0_comparison,0.09165281927915632,6.321777510718961e-13,0.9083471807202136,15.0,780.2142857142857,52.0,0.014285714285714285
14.67123287671233,demographic_sir_R0_comparison,0.09190164743179145,9.20484758844128e-13,0.9080983525672903,15.0,780.2142857142857,52.0,0.014285714285714285
14.69041095890411,demographic_sir_R0_comparison,0.09215040742118014,1.345274000070001e-12,0.907849592577477,15.0,780.2142857142857,52.0,0.014285714285714285
14.70958904109589,demographic_sir_R0_comparison,0.09239909926576065,1.9734276304340413e-12,0.9076009007322684,15.0,780.2142857142857,52.0,0.014285714285714285
14.728767123287671,demographic_sir_R0_comparison,0.09264772298384984,2.9056782778666764e-12,0.9073522770132472,15.0,780.2142857142857,52.0,0.014285714285714285
14.747945205479452,demographic_sir_R0_comparison,0.09289627859358368,4.294269263766952e-12,0.9071037214021246,15.0,780.2142857142857,52.0,0.014285714285714285
14.767123287671232,demographic_sir_R0_comparison,0.09314476611282635,6.370096324086954e-12,0.9068552338808058,15.0,780.2142857142857,52.0,0.014285714285714285
14.786301369863013,demographic_sir_R0_comparison,0.0933931855590304,9.484561678609075e-12,0.9066068144314874,15.0,780.2142857142857,52.0,0.014285714285714285
14.805479452054795,demographic_sir_R0_comparison,0.09364153694902218,1.417433285807801e-11,0.9063584630368058,15.0,780.2142857142857,52.0,0.014285714285714285
14.824657534246576,demographic_sir_R0_comparison,0.09388982029867007,2.1261879053553917e-11,0.9061101796800705,15.0,780.2142857142857,52.0,0.014285714285714285
14.843835616438357,demographic_sir_R0_comparison,0.09413803562237097,3.201207838806329e-11,0.9058619643456195,15.0,780.2142857142857,52.0,0.014285714285714285
14.863013698630137,demographic_sir_R0_comparison,0.09438618293225153,4.837699299062565e-11,0.9056138170193739,15.0,780.2142857142857,52.0,0.014285714285714285
14.882191780821918,demographic_sir_R0_comparison,0.09463426223692253,7.337974471892329e-11,0.9053657376897004,15.0,780.2142857142857,52.0,0.014285714285714285
14.901369863013699,demographic_sir_R0_comparison,0.09488227353952917,1.117185805913006e-10,0.9051177263487549,15.0,780.2142857142857,52.0,0.014285714285714285
14.92054794520548,demographic_sir_R0_comparison,0.09513021683468856,1.7072065418498016e-10,0.9048697829945934,15.0,780.2142857142857,52.0,0.014285714285714285
14.93972602739726,demographic_sir_R0_comparison,0.09537809210366327,2.618531035038107e-10,0.9046219076344864,15.0,780.2142857142857,52.0,0.014285714285714285
14.95890410958904,demographic_sir_R0_comparison,0.09562589930672862,4.0312519772490895e-10,0.9043741002901492,15.0,780.2142857142857,52.0,0.014285714285714285
14.978082191780823,demographic_sir_R0_comparison,0.09587363837105975,6.22920010173823e-10,0.9041263610060233,15.0,780.2142857142857,52.0,0.014285714285714285
14.997260273972604,demographic_sir_R0_comparison,0.0961213091714431,9.661271649098383e-10,0.9038786898624328,15.0,780.2142857142857,52.0,0.014285714285714285
15.016438356164384,demographic_sir_R0_comparison,0.09636891149945491,1.503992031075097e-09,0.9036310869965561,15.0,780.2142857142857,52.0,0.014285714285714285
15.035616438356165,demographic_sir_R0_comparison,0.09661644501404063,2.3499875478938217e-09,0.9033835526359749,15.0,780.2142857142857,52.0,0.014285714285714285
15.054794520547945,demographic_sir_R0_comparison,0.0968639091619973,3.6854788422857393e-09,0.9031360871525268,15.0,780.2142857142857,52.0,0.014285714285714285
15.073972602739726,demographic_sir_R0_comparison,0.09711130304958669,5.801364667099317e-09,0.9028886911490515,15.0,780.2142857142857,52.0,0.014285714285714285
15.093150684931507,demographic_sir_R0_comparison,0.09735862523452662,9.165872881921913e-09,0.9026413655996033,15.0,780.2142857142857,52.0,0.014285714285714285
15.112328767123287,demographic_sir_R0_comparison,0.09760587338781275,1.4535314811675382e-08,0.9023941120768753,15.0,780.2142857142857,52.0,0.014285714285714285
15.131506849315068,demographic_sir_R0_comparison,0.09785304374200314,2.3135639611738335e-08,0.90214693312236,15.0,780.2142857142857,52.0,0.014285714285714285
15.150684931506849,demographic_sir_R0_comparison,0.09810013018800752,3.696106791634362e-08,0.9018998328509276,15.0,780.2142857142857,52.0,0.014285714285714285
15.169863013698631,demographic_sir_R0_comparison,0.09834712279131072,5.926698956830859e-08,0.9016528179417029,15.0,780.2142857142857,52.0,0.014285714285714285
15.189041095890412,demographic_sir_R0_comparison,0.09859400534599569,9.538628269205389e-08,0.901405899267725,15.0,780.2142857142857,52.0,0.014285714285714285
15.208219178082192,demographic_sir_R0_comparison,0.09884075132861767,1.5408589486624062e-07,0.9011590945854909,15.0,780.2142857142857,52.0,0.014285714285714285
15.227397260273973,demographic_sir_R0_comparison,0.09908731718195855,2.498289328679157e-07,0.9009124329891122,15.0,780.2142857142857,52.0,0.014285714285714285
15.246575342465754,demographic_sir_R0_comparison,0.09933363112815852,4.065594721169629e-07,0.9006659623123728,15.0,780.2142857142857,52.0,0.014285714285714285
15.265753424657534,demographic_sir_R0_comparison,0.09957957447154583,6.640563703494956e-07,0.9004197614720875,15.0,780.2142857142857,52.0,0.014285714285714285
15.284931506849315,demographic_sir_R0_comparison,0.09982495024321594,1.0886350903659888e-06,0.9001739611216975,15.0,780.2142857142857,52.0,0.014285714285714285
15.304109589041095,demographic_sir_R0_comparison,0.1000694304425894,1.7912308705007086e-06,0.8999287783265437,15.0,780.2142857142857,52.0,0.014285714285714285
15.323287671232876,demographic_sir_R0_comparison,0.10031246698023345,2.958047939312735e-06,0.8996845749718307,15.0,780.2142857142857,52.0,0.014285714285714285
15.342465753424658,demographic_sir_R0_comparison,0.1005531408892851,4.9026528955721415e-06,0.8994419564578228,15.0,780.2142857142857,52.0,0.014285714285714285
15.361643835616439,demographic_sir_R0_comparison,0.10078990631081192,8.154727246065742e-06,0.8992019389619453,15.0,780.2142857142857,52.0,0.014285714285714285
15.38082191780822,demographic_sir_R0_comparison,0.10102015483451711,1.36115301917876e-05,0.8989662336352944,15.0,780.2142857142857,52.0,0.014285714285714285
15.4,demographic_sir_R0_comparison,0.10123947306240252,2.2796503734003366e-05,0.8987377304338667,15.0,780.2142857142857,52.0,0.014285714285714285
15.419178082191781,demographic_sir_R0_comparison,0.1014403772954497,3.830011789978707e-05,0.8985213225866536,15.0,780.2142857142857,52.0,0.014285714285714285
15.438356164383562,demographic_sir_R0_comparison,0.10161016208145005,6.452755826513536e-05,0.898325310360288,15.0,780.2142857142857,52.0,0.014285714285714285
15.457534246575342,demographic_sir_R0_comparison,0.10172726546593137,0.00010895256540080302,0.8981637819686709,15.0,780.2142857142857,52.0,0.014285714285714285
15.476712328767123,demographic_sir_R0_comparison,0.10175521169343803,0.00018417311101290982,0.8980606151955524,15.0,780.2142857142857,52.0,0.014285714285714285
15.495890410958904,demographic_sir_R0_comparison,0.10163278408409107,0.00031113591360405974,0.8980560800023082,15.0,780.2142857142857,52.0,0.014285714285714285
15.515068493150686,demographic_sir_R0_comparison,0.10125889148898232,0.0005237575723862263,0.8982173509386348,15.0,780.2142857142857,52.0,0.014285714285714285
15.534246575342467,demographic_sir_R0_comparison,0.10047161066839602,0.0008742705991091771,0.8986541187324979,15.0,780.2142857142857,52.0,0.014285714285714285
15.553424657534247,demographic_sir_R0_comparison,0.09902569414217836,0.0014356995820364205,0.8995386062757883,15.0,780.2142857142857,52.0,0.014285714285714285
15.572602739726028,demographic_sir_R0_comparison,0.09658609587327685,0.002291174285043669,0.9011227298416825,15.0,780.2142857142857,52.0,0.014285714285714285
15.591780821917808,demographic_sir_R0_comparison,0.09277870570009948,0.003490978386886046,0.9037303159130177,15.0,780.2142857142857,52.0,0.014285714285714285
15.610958904109589,demographic_sir_R0_comparison,0.08735153374401447,0.004964689632423458,0.9076837766235654,15.0,780.2142857142857,52.0,0.014285714285714285
15.63013698630137,demographic_sir_R0_comparison,0.08042992364289782,0.00643433128813019,0.9131357450689752,15.0,780.2142857142857,52.0,0.014285714285714285
15.64931506849315,demographic_sir_R0_comparison,0.07266768388429805,0.007463146746599853,0.9198691693691052,15.0,780.2142857142857,52.0,0.014285714285714285
15.668493150684931,demographic_sir_R0_comparison,0.06504285693360909,0.007705597683619712,0.9272515453827743,15.0,780.2142857142857,52.0,0.014285714285714285
15.687671232876712,demographic_sir_R0_comparison,0.05839610170048098,0.0071444978663270575,0.9344594004331948,15.0,780.2142857142857,52.0,0.014285714285714285
15.706849315068494,demographic_sir_R0_comparison,0.05312783422994745,0.006058049031963668,0.9408141167380916,15.0,780.2142857142857,52.0,0.014285714285714285
15.726027397260275,demographic_sir_R0_comparison,0.04923241058556833,0.004797334824843498,0.9459702545895907,15.0,780.2142857142857,52.0,0.014285714285714285
15.745205479452055,demographic_sir_R0_comparison,0.0464915385208653,0.003616168395197625,0.9498922930839395,15.0,780.2142857142857,52.0,0.014285714285714285
15.764383561643836,demographic_sir_R0_comparison,0.04463567851455523,0.0026345367794566184,0.9527297847059908,15.0,780.2142857142857,52.0,0.014285714285714285
15.783561643835617,demographic_sir_R0_comparison,0.04342391959289472,0.0018763313981876998,0.9546997490089203,15.0,780.2142857142857,52.0,0.014285714285714285
15.802739726027397,demographic_sir_R0_comparison,0.04266754500932038,0.00131706677331843,0.956015388217364,15.0,780.2142857142857,52.0,0.014285714285714285
15.821917808219178,demographic_sir_R0_comparison,0.04222803799206462,0.0009163965024220404,0.9568555655055162,15.0,780.2142857142857,52.0,0.014285714285714285
15.841095890410958,demographic_sir_R0_comparison,0.04200716160135492,0.0006345378061594243,0.9573583005924885,15.0,780.2142857142857,52.0,0.014285714285714285
15.860273972602739,demographic_sir_R0_comparison,0.041936528029180936,0.0004384448286768489,0.9576250271421451,15.0,780.2142857142857,52.0,0.014285714285714285
15.879452054794521,demographic_sir_R0_comparison,0.041969000108843586,0.0003028791550355563,0.9577281207361237,15.0,780.2142857142857,52.0,0.014285714285714285
15.898630136986302,demographic_sir_R0_comparison,0.042072249332592876,0.00020944942185173525,0.9577183012455581,15.0,780.2142857142857,52.0,0.014285714285714285
15.917808219178083,demographic_sir_R0_comparison,0.04222414776973148,0.00014512017588291638,0.9576307320543885,15.0,780.2142857142857,52.0,0.014285714285714285
15.936986301369863,demographic_sir_R0_comparison,0.04240955151775792,0.0001008043121554909,0.9574896441700896,15.0,780.2142857142857,52.0,0.014285714285714285
15.956164383561644,demographic_sir_R0_comparison,0.042618085331488025,7.022876199512546e-05,0.9573116859065199,15.0,780.2142857142857,52.0,0.014285714285714285
15.975342465753425,demographic_sir_R0_comparison,0.04284262777086004,4.908640514912271e-05,0.9571082858239938,15.0,780.2142857142857,52.0,0.014285714285714285
15.994520547945205,demographic_sir_R0_comparison,0.04307827902486231,3.4427451775408154e-05,0.9568872935233651,15.0,780.2142857142857,52.0,0.014285714285714285
16.013698630136986,demographic_sir_R0_comparison,0.04332165850267994,2.4232961669687182e-05,0.9566541085356531,15.0,780.2142857142857,52.0,0.014285714285714285
16.03287671232877,demographic_sir_R0_comparison,0.04357042673061539,1.7120176352870148e-05,0.9564124530930346,15.0,780.2142857142857,52.0,0.014285714285714285
16.052054794520547,demographic_sir_R0_comparison,0.043822959533227165,1.214058227516236e-05,0.9561648998845005,15.0,780.2142857142857,52.0,0.014285714285714285
16.07123287671233,demographic_sir_R0_comparison,0.04407812557710788,8.64213229887701e-06,0.9559132322905959,15.0,780.2142857142857,52.0,0.014285714285714285
16.09041095890411,demographic_sir_R0_comparison,0.04433513413157883,6.175424354245867e-06,0.9556586904440698,15.0,780.2142857142857,52.0,0.014285714285714285
16.10958904109589,demographic_sir_R0_comparison,0.044593430605730074,4.429832134444712e-06,0.9554021395621384,15.0,780.2142857142857,52.0,0.014285714285714285
16.12876712328767,demographic_sir_R0_comparison,0.04485262466167393,3.189990038936249e-06,0.95514418534829,15.0,780.2142857142857,52.0,0.014285714285714285
16.147945205479452,demographic_sir_R0_comparison,0.04511244059475664,2.306098560820054e-06,0.9548852533066855,15.0,780.2142857142857,52.0,0.014285714285714285
16.167123287671235,demographic_sir_R0_comparison,0.045372682975485405,1.6736176710404825e-06,0.9546256434068466,15.0,780.2142857142857,52.0,0.014285714285714285
16.186301369863013,demographic_sir_R0_comparison,0.04563321278217846,1.219345514349952e-06,0.9543655678723102,15.0,780.2142857142857,52.0,0.014285714285714285
16.205479452054796,demographic_sir_R0_comparison,0.045893930766664814,8.918482998032291e-07,0.9541051773850383,15.0,780.2142857142857,52.0,0.014285714285714285
16.224657534246575,demographic_sir_R0_comparison,0.046154765822515625,6.548620798790459e-07,0.953844579315407,15.0,780.2142857142857,52.0,0.014285714285714285
16.243835616438357,demographic_sir_R0_comparison,0.04641566682413806,4.827296044735282e-07,0.9535838504462599,15.0,780.2142857142857,52.0,0.014285714285714285
16.263013698630136,demographic_sir_R0_comparison,0.04667659688178623,3.572346385286404e-07,0.9533230458835776,15.0,780.2142857142857,52.0,0.014285714285714285
16.28219178082192,demographic_sir_R0_comparison,0.04693752928365688,2.653987222040123e-07,0.9530622053176233,15.0,780.2142857142857,52.0,0.014285714285714285
16.301369863013697,demographic_sir_R0_comparison,0.04719844461996017,1.9794278530440064e-07,0.9528013574372569,15.0,780.2142857142857,52.0,0.014285714285714285
16.32054794520548,demographic_sir_R0_comparison,0.04745932873780313,1.4820946919623078e-07,0.9525405230527298,15.0,780.2142857142857,52.0,0.014285714285714285
16.339726027397262,demographic_sir_R0_comparison,0.04772017128196953,1.1140570051779607e-07,0.9522797173123324,15.0,780.2142857142857,52.0,0.014285714285714285
16.35890410958904,demographic_sir_R0_comparison,0.047980964650238,8.406859063096459e-08,0.952018951281174,15.0,780.2142857142857,52.0,0.014285714285714285
16.378082191780823,demographic_sir_R0_comparison,0.048241703242960336,6.368756901473796e-08,0.9517582330694732,15.0,780.2142857142857,52.0,0.014285714285714285
16.397260273972602,demographic_sir_R0_comparison,0.04850238292220501,4.8436166056158964e-08,0.9514975686416314,15.0,780.2142857142857,52.0,0.014285714285714285
16.416438356164385,demographic_sir_R0_comparison,0.0487630006206383,3.698099873481213e-08,0.9512369623983654,15.0,780.2142857142857,52.0,0.014285714285714285
16.435616438356163,demographic_sir_R0_comparison,0.049023554057742245,2.834528908834058e-08,0.950976417596971,15.0,780.2142857142857,52.0,0.014285714285714285
16.454794520547946,demographic_sir_R0_comparison,0.04928404153322853,2.1811026250172565e-08,0.9507159366557477,15.0,780.2142857142857,52.0,0.014285714285714285
16.473972602739725,demographic_sir_R0_comparison,0.0495444617761487,1.684860048032646e-08,0.9504555213752535,15.0,780.2142857142857,52.0,0.014285714285714285
16.493150684931507,demographic_sir_R0_comparison,0.04980481383432147,1.3066029849425743e-08,0.9501951730996512,15.0,780.2142857142857,52.0,0.014285714285714285
16.51232876712329,demographic_sir_R0_comparison,0.05006509699303653,1.017220481717206e-08,0.9499348928347612,15.0,780.2142857142857,52.0,0.014285714285714285
16.53150684931507,demographic_sir_R0_comparison,0.050325310715087654,7.950194121003202e-09,0.9496746813347208,15.0,780.2142857142857,52.0,0.014285714285714285
16.55068493150685,demographic_sir_R0_comparison,0.050585454596394165,6.2377950892489915e-09,0.9494145391658133,15.0,780.2142857142857,52.0,0.014285714285714285
16.56986301369863,demographic_sir_R0_comparison,0.05084552833305103,4.913316655049503e-09,0.9491544667536347,15.0,780.2142857142857,52.0,0.014285714285714285
16.589041095890412,demographic_sir_R0_comparison,0.05110553169678582,3.885153907828491e-09,0.9488944644180626,15.0,780.2142857142857,52.0,0.014285714285714285
16.60821917808219,demographic_sir_R0_comparison,0.05136546451661754,3.08411856633465e-09,0.9486345323992661,15.0,780.2142857142857,52.0,0.014285714285714285
16.627397260273973,demographic_sir_R0_comparison,0.05162532666510707,2.457778890326327e-09,0.9483746708771164,15.0,780.2142857142857,52.0,0.014285714285714285
16.646575342465752,demographic_sir_R0_comparison,0.05188511804801546,1.9662693077296143e-09,0.9481148799857174,15.0,780.2142857142857,52.0,0.014285714285714285
16.665753424657535,demographic_sir_R0_comparison,0.0521448385965019,1.5791783339673184e-09,0.9478551598243219,15.0,780.2142857142857,52.0,0.014285714285714285
16.684931506849317,demographic_sir_R0_comparison,0.05240448826121775,1.2732300484678495e-09,0.9475955104655545,15.0,780.2142857142857,52.0,0.014285714285714285
16.704109589041096,demographic_sir_R0_comparison,0.052664067007822606,1.0305513752087772e-09,0.9473359319616282,15.0,780.2142857142857,52.0,0.014285714285714285
16.723287671232878,demographic_sir_R0_comparison,0.05292357481356909,8.373731262653644e-10,0.9470764243490599,15.0,780.2142857142857,52.0,0.014285714285714285
16.742465753424657,demographic_sir_R0_comparison,0.05318301166469287,6.830532057932928e-10,0.9468169876522562,15.0,780.2142857142857,52.0,0.014285714285714285
16.76164383561644,demographic_sir_R0_comparison,0.05344237755441294,5.593398104773738e-10,0.9465576218862496,15.0,780.2142857142857,52.0,0.014285714285714285
16.78082191780822,demographic_sir_R0_comparison,0.053701672481393466,4.59813956178855e-10,0.946298327058795,15.0,780.2142857142857,52.0,0.014285714285714285
16.8,demographic_sir_R0_comparison,0.05396089644855836,3.7946639925701627e-10,0.9460391031719776,15.0,780.2142857142857,52.0,0.014285714285714285
16.81917808219178,demographic_sir_R0_comparison,0.054220049462173465,3.143755791722823e-10,0.9457799502234532,15.0,780.2142857142857,52.0,0.014285714285714285
16.838356164383562,demographic_sir_R0_comparison,0.05447913153113518,2.61461721473864e-10,0.9455208682074053,15.0,780.2142857142857,52.0,0.014285714285714285
16.85753424657534,demographic_sir_R0_comparison,0.05473814266641609,2.182985276844041e-10,0.9452618571152877,15.0,780.2142857142857,52.0,0.014285714285714285
16.876712328767123,demographic_sir_R0_comparison,0.05499708288063294,1.8296853579295896e-10,0.9450029169364009,15.0,780.2142857142857,52.0,0.014285714285714285
16.895890410958906,demographic_sir_R0_comparison,0.05525595218770764,1.5395169453956467e-10,0.944744047658343,15.0,780.2142857142857,52.0,0.014285714285714285
16.915068493150685,demographic_sir_R0_comparison,0.05551475060260162,1.300392717029436e-10,0.9444852492673613,15.0,780.2142857142857,52.0,0.014285714285714285
16.934246575342467,demographic_sir_R0_comparison,0.05577347814110649,1.1026714167325416e-10,0.9442265217486288,15.0,780.2142857142857,52.0,0.014285714285714285
16.953424657534246,demographic_sir_R0_comparison,0.056032134819678274,9.386393965502303e-11,0.9439678650864601,15.0,780.2142857142857,52.0,0.014285714285714285
16.972602739726028,demographic_sir_R0_comparison,0.05629072065530683,8.021065308733641e-11,0.9437092792644847,15.0,780.2142857142857,52.0,0.014285714285714285
16.991780821917807,demographic_sir_R0_comparison,0.05654923566541126,6.880903681711639e-11,0.9434507642657818,15.0,780.2142857142857,52.0,0.014285714285714285
17.01095890410959,demographic_sir_R0_comparison,0.056807679867757296,5.925685485625059e-11,0.9431923200729878,15.0,780.2142857142857,52.0,0.014285714285714285
17.03013698630137,demographic_sir_R0_comparison,0.057066053280390716,5.122841831609959e-11,0.9429339466683829,15.0,780.2142857142857,52.0,0.014285714285714285
17.04931506849315,demographic_sir_R0_comparison,0.05732435592158451,4.4459243580777573e-11,0.9426756440339582,15.0,780.2142857142857,52.0,0.014285714285714285
17.068493150684933,demographic_sir_R0_comparison,0.05758258780979585,3.873392469402282e-11,0.9424174121514722,15.0,780.2142857142857,52.0,0.014285714285714285
17.087671232876712,demographic_sir_R0_comparison,0.05784074896363189,3.387652001160414e-11,0.9421592510024936,15.0,780.2142857142857,52.0,0.014285714285714285
17.106849315068494,demographic_sir_R0_comparison,0.05809883940182203,2.9742910927494045e-11,0.9419011605684373,15.0,780.2142857142857,52.0,0.014285714285714285
17.126027397260273,demographic_sir_R0_comparison,0.0583568591431951,2.621471156580361e-11,0.9416431408305925,15.0,780.2142857142857,52.0,0.014285714285714285
17.145205479452056,demographic_sir_R0_comparison,0.058614808206661394,2.3194401509985156e-11,0.9413851917701468,15.0,780.2142857142857,52.0,0.014285714285714285
17.164383561643834,demographic_sir_R0_comparison,0.0588726866111974,2.0601425533137225e-11,0.9411273133682037,15.0,780.2142857142857,52.0,0.014285714285714285
17.183561643835617,demographic_sir_R0_comparison,0.05913049437583396,1.8369059904525192e-11,0.9408695056057994,15.0,780.2142857142857,52.0,0.014285714285714285
17.202739726027396,demographic_sir_R0_comparison,0.05938823151964598,1.644188797507803e-11,0.9406117684639145,15.0,780.2142857142857,52.0,0.014285714285714285
17.221917808219178,demographic_sir_R0_comparison,0.05964589806174451,1.477376127590692e-11,0.9403541019234841,15.0,780.2142857142857,52.0,0.014285714285714285
17.24109589041096,demographic_sir_R0_comparison,0.05990349402126973,1.3326148500033742e-11,0.9400965059654066,15.0,780.2142857142857,52.0,0.014285714285714285
17.26027397260274,demographic_sir_R0_comparison,0.06016101941738552,1.2066795160442184e-11,0.9398389805705502,15.0,780.2142857142857,52.0,0.014285714285714285
17.279452054794522,demographic_sir_R0_comparison,0.060418474269274935,1.0968632715920278e-11,0.9395815257197588,15.0,780.2142857142857,52.0,0.014285714285714285
17.2986301369863,demographic_sir_R0_comparison,0.06067585859613612,1.0008888519430369e-11,0.9393241413938572,15.0,780.2142857142857,52.0,0.014285714285714285
17.317808219178083,demographic_sir_R0_comparison,0.060933172417179424,9.168357833685544e-12,0.9390668275736542,15.0,780.2142857142857,52.0,0.014285714285714285
17.336986301369862,demographic_sir_R0_comparison,0.06119041575162441,8.430806963061533e-12,0.9388095842399469,15.0,780.2142857142857,52.0,0.014285714285714285
17.356164383561644,demographic_sir_R0_comparison,0.061447588618698035,7.782482724563031e-12,0.9385524113735216,15.0,780.2142857142857,52.0,0.014285714285714285
17.375342465753423,demographic_sir_R0_comparison,0.061704691037632334,7.211708375868229e-12,0.938295308955158,15.0,780.2142857142857,52.0,0.014285714285714285
17.394520547945206,demographic_sir_R0_comparison,0.0619617230276633,6.7085500094284455e-12,0.9380382769656302,15.0,780.2142857142857,52.0,0.014285714285714285
17.413698630136988,demographic_sir_R0_comparison,0.06221868460802917,6.26454052166576e-12,0.9377813153857085,15.0,780.2142857142857,52.0,0.014285714285714285
17.432876712328767,demographic_sir_R0_comparison,0.06247557579796955,5.872450742105614e-12,0.9375244241961606,15.0,780.2142857142857,52.0,0.014285714285714285
17.45205479452055,demographic_sir_R0_comparison,0.06273239661672443,5.5260992892531544e-12,0.9372676033777521,15.0,780.2142857142857,52.0,0.014285714285714285
17.471232876712328,demographic_sir_R0_comparison,0.06298914708353329,5.220194310466934e-12,0.9370108529112493,15.0,780.2142857142857,52.0,0.014285714285714285
17.49041095890411,demographic_sir_R0_comparison,0.06324582721763461,4.950201542450368e-12,0.9367541727774179,15.0,780.2142857142857,52.0,0.014285714285714285
17.50958904109589,demographic_sir_R0_comparison,0.06350243703826491,4.712234160676646e-12,0.9364975629570255,15.0,780.2142857142857,52.0,0.014285714285714285
17.528767123287672,demographic_sir_R0_comparison,0.06375897656465873,4.502960720158431e-12,0.9362410234308409,15.0,780.2142857142857,52.0,0.014285714285714285
17.54794520547945,demographic_sir_R0_comparison,0.06401544581604768,4.319528166145973e-12,0.9359845541796353,15.0,780.2142857142857,52.0,0.014285714285714285
17.567123287671233,demographic_sir_R0_comparison,0.0642718448116606,4.159497443059537e-12,0.9357281551841824,15.0,780.2142857142857,52.0,0.014285714285714285
17.586301369863016,demographic_sir_R0_comparison,0.06452817357072278,4.020789678309976e-12,0.935471826425259,15.0,780.2142857142857,52.0,0.014285714285714285
17.605479452054794,demographic_sir_R0_comparison,0.0647844321124558,3.9016412846315495e-12,0.9352155678836449,15.0,780.2142857142857,52.0,0.014285714285714285
17.624657534246577,demographic_sir_R0_comparison,0.06504062045607747,3.800566626175563e-12,0.9349593795401244,15.0,780.2142857142857,52.0,0.014285714285714285
17.643835616438356,demographic_sir_R0_comparison,0.06529673862080128,3.7163271427658295e-12,0.9347032613754849,15.0,780.2142857142857,52.0,0.014285714285714285
17.663013698630138,demographic_sir_R0_comparison,0.06555278662583656,3.647906033798401e-12,0.9344472133705181,15.0,780.2142857142857,52.0,0.014285714285714285
17.682191780821917,demographic_sir_R0_comparison,0.06580876449038783,3.5944877767236314e-12,0.9341912355060202,15.0,780.2142857142857,52.0,0.014285714285714285
17.7013698630137,demographic_sir_R0_comparison,0.06606467223365517,3.5554419017791047e-12,0.933935327762792,15.0,780.2142857142857,52.0,0.014285714285714285
17.720547945205478,demographic_sir_R0_comparison,0.06632050987483351,3.530310570351444e-12,0.9336794901216388,15.0,780.2142857142857,52.0,0.014285714285714285
17.73972602739726,demographic_sir_R0_comparison,0.06657627743311291,3.5187996137941048e-12,0.9334237225633708,15.0,780.2142857142857,52.0,0.014285714285714285
17.758904109589043,demographic_sir_R0_comparison,0.06683197492767817,3.5207727867696485e-12,0.9331680250688038,15.0,780.2142857142857,52.0,0.014285714285714285
17.778082191780822,demographic_sir_R0_comparison,0.06708760237770865,3.5362490777342555e-12,0.9329123976187581,15.0,780.2142857142857,52.0,0.014285714285714285
17.797260273972604,demographic_sir_R0_comparison,0.0673431598023784,3.5654030021828717e-12,0.9326568401940591,15.0,780.2142857142857,52.0,0.014285714285714285
17.816438356164383,demographic_sir_R0_comparison,0.06759864722085561,3.6085678846267217e-12,0.9324013527755387,15.0,780.2142857142857,52.0,0.014285714285714285
17.835616438356166,demographic_sir_R0_comparison,0.0678540646523028,3.666242215768971e-12,0.9321459353440339,15.0,780.2142857142857,52.0,0.014285714285714285
17.854794520547944,demographic_sir_R0_comparison,0.06810941211587632,3.739099254768541e-12,0.9318905878803874,15.0,780.2142857142857,52.0,0.014285714285714285
17.873972602739727,demographic_sir_R0_comparison,0.06836468963072649,3.828000135749568e-12,0.9316353103654483,15.0,780.2142857142857,52.0,0.014285714285714285
17.893150684931506,demographic_sir_R0_comparison,0.06861989721599707,3.934010835980392e-12,0.9313801027800718,15.0,780.2142857142857,52.0,0.014285714285714285
17.912328767123288,demographic_sir_R0_comparison,0.0688750348908253,4.058423473953911e-12,0.9311249651051191,15.0,780.2142857142857,52.0,0.014285714285714285
17.931506849315067,demographic_sir_R0_comparison,0.0691301026743414,4.2027825330251006e-12,0.9308698973214585,15.0,780.2142857142857,52.0,0.014285714285714285
17.95068493150685,demographic_sir_R0_comparison,0.06938510058566852,4.368916755104885e-12,0.9306148994099652,15.0,780.2142857142857,52.0,0.014285714285714285
17.96986301369863,demographic_sir_R0_comparison,0.06964002864392212,4.5589776249076355e-12,0.9303599713515217,15.0,780.2142857142857,52.0,0.014285714285714285
17.98904109589041,demographic_sir_R0_comparison,0.06989488686820979,4.77548557535821e-12,0.9301051131270176,15.0,780.2142857142857,52.0,0.014285714285714285
18.008219178082193,demographic_sir_R0_comparison,0.0701496752776308,5.021385297471622e-12,0.9298503247173505,15.0,780.2142857142857,52.0,0.014285714285714285
18.027397260273972,demographic_sir_R0_comparison,0.07040439389127541,5.3001118437779656e-12,0.9295956061034273,15.0,780.2142857142857,52.0,0.014285714285714285
18.046575342465754,demographic_sir_R0_comparison,0.07065904272822451,5.615669586107754e-12,0.9293409572661627,15.0,780.2142857142857,52.0,0.014285714285714285
18.065753424657533,demographic_sir_R0_comparison,0.07091362180754866,5.972726542338918e-12,0.9290863781864817,15.0,780.2142857142857,52.0,0.014285714285714285
18.084931506849315,demographic_sir_R0_comparison,0.0711681311483075,6.376727142581634e-12,0.9288318688453188,15.0,780.2142857142857,52.0,0.014285714285714285
18.104109589041094,demographic_sir_R0_comparison,0.07142257076954853,6.834027188293265e-12,0.9285774292236205,15.0,780.2142857142857,52.0,0.014285714285714285
18.123287671232877,demographic_sir_R0_comparison,0.07167694069030625,7.352055599430525e-12,0.9283230593023447,15.0,780.2142857142857,52.0,0.014285714285714285
18.14246575342466,demographic_sir_R0_comparison,0.07193124092960056,7.93950858449077e-12,0.928068759062463,15.0,780.2142857142857,52.0,0.014285714285714285
18.161643835616438,demographic_sir_R0_comparison,0.07218547150643516,8.606583156048542e-12,0.9278145284849612,15.0,780.2142857142857,52.0,0.014285714285714285
18.18082191780822,demographic_sir_R0_comparison,0.07243963243979598,9.365258513156896e-12,0.9275603675508417,15.0,780.2142857142857,52.0,0.014285714285714285
18.2,demographic_sir_R0_comparison,0.07269372374864842,1.0229635801586824e-11,0.9273062762411248,15.0,780.2142857142857,52.0,0.014285714285714285
18.21917808219178,demographic_sir_R0_comparison,0.07294774545193504,1.1216349244669033e-11,0.9270522545368516,15.0,780.2142857142857,52.0,0.014285714285714285
18.23835616438356,demographic_sir_R0_comparison,0.07320169756857194,1.2345064740417842e-11,0.9267983024190859,15.0,780.2142857142857,52.0,0.014285714285714285
18.257534246575343,demographic_sir_R0_comparison,0.07345558011744516,1.3639085909151353e-11,0.9265444198689186,15.0,780.2142857142857,52.0,0.014285714285714285
18.276712328767122,demographic_sir_R0_comparison,0.07370939311740575,1.512609246016079e-11,0.926290606867471,15.0,780.2142857142857,52.0,0.014285714285714285
18.295890410958904,demographic_sir_R0_comparison,0.07396313658726429,1.6839041895495946e-11,0.9260368633958995,15.0,780.2142857142857,52.0,0.014285714285714285
18.315068493150687,demographic_sir_R0_comparison,0.07421681054578373,1.881727332940388e-11,0.925783189435402,15.0,780.2142857142857,52.0,0.014285714285714285
18.334246575342465,demographic_sir_R0_comparison,0.07447041501167119,2.1107862018527326e-11,0.925529584967224,15.0,780.2142857142857,52.0,0.014285714285714285
18.353424657534248,demographic_sir_R0_comparison,0.07472395000356795,2.3767285644742218e-11,0.9252760499726679,15.0,780.2142857142857,52.0,0.014285714285714285
18.372602739726027,demographic_sir_R0_comparison,0.0749774155400366,2.6863479211882146e-11,0.9250225844331033,15.0,780.2142857142857,52.0,0.014285714285714285
18.39178082191781,demographic_sir_R0_comparison,0.07523081163954642,3.04783755716837e-11,0.9247691883299783,15.0,780.2142857142857,52.0,0.014285714285714285
18.410958904109588,demographic_sir_R0_comparison,0.07548413832045425,3.47110543328425e-11,0.9245158616448379,15.0,780.2142857142857,52.0,0.014285714285714285
18.43013698630137,demographic_sir_R0_comparison,0.07573739560098207,3.968165485762224e-11,0.9242626043593396,15.0,780.2142857142857,52.0,0.014285714285714285
18.44931506849315,demographic_sir_R0_comparison,0.07599058349918852,4.5536251337025324e-11,0.9240094164552788,15.0,780.2142857142857,52.0,0.014285714285714285
18.46849315068493,demographic_sir_R0_comparison,0.07624370203293429,5.245294233744056e-11,0.9237562979146164,15.0,780.2142857142857,52.0,0.014285714285714285
18.487671232876714,demographic_sir_R0_comparison,0.07649675121983865,6.06494773736771e-11,0.9235032487195155,15.0,780.2142857142857,52.0,0.014285714285714285
18.506849315068493,demographic_sir_R0_comparison,0.07674973107722609,7.039283377762704e-11,0.9232502688523849,15.0,780.2142857142857,52.0,0.014285714285714285
18.526027397260275,demographic_sir_R0_comparison,0.07700264162205941,8.201127471385272e-11,0.9229973582959332,15.0,780.2142857142857,52.0,0.014285714285714285
18.545205479452054,demographic_sir_R0_comparison,0.07725548287085601,9.590957198723826e-11,0.9227445170332382,15.0,780.2142857142857,52.0,0.014285714285714285
18.564383561643837,demographic_sir_R0_comparison,0.07750825483958339,1.1258827634471948e-10,0.922491745047832,15.0,780.2142857142857,52.0,0.014285714285714285
18.583561643835615,demographic_sir_R0_comparison,0.0777609575435274,1.3266817796590027e-10,0.922239042323808,15.0,780.2142857142857,52.0,0.014285714285714285
18.602739726027398,demographic_sir_R0_comparison,0.07801359099712676,1.569214402977083e-10,0.9219864088459555,15.0,780.2142857142857,52.0,0.014285714285714285
18.621917808219177,demographic_sir_R0_comparison,0.07826615521376322,1.863113373786378e-10,0.921733844599929,15.0,780.2142857142857,52.0,0.014285714285714285
18.64109589041096,demographic_sir_R0_comparison,0.07851865020549649,2.2204311318717024e-10,0.9214813495724642,15.0,780.2142857142857,52.0,0.014285714285714285
18.66027397260274,demographic_sir_R0_comparison,0.07877107598272637,2.656292581018136e-10,0.9212289237516481,15.0,780.2142857142857,52.0,0.014285714285714285
18.67945205479452,demographic_sir_R0_comparison,0.07902343255376279,3.1897352516322225e-10,0.9209765671272675,15.0,780.2142857142857,52.0,0.014285714285714285
18.698630136986303,demographic_sir_R0_comparison,0.07927571992427615,3.844793722600048e-10,0.9207242796912481,15.0,780.2142857142857,52.0,0.014285714285714285
18.71780821917808,demographic_sir_R0_comparison,0.07952793809659194,4.651903302106178e-10,0.9204720614382214,15.0,780.2142857142857,52.0,0.014285714285714285
18.736986301369864,demographic_sir_R0_comparison,0.07978008706878448,5.649722162755158e-10,0.9202199123662469,15.0,780.2142857142857,52.0,0.014285714285714285
18.756164383561643,demographic_sir_R0_comparison,0.08003216683350732,6.887503489025277e-10,0.9199678324777457,15.0,780.2142857142857,52.0,0.014285714285714285
18.775342465753425,demographic_sir_R0_comparison,0.08028417737648125,8.42819259930714e-10,0.9197158217807028,15.0,780.2142857142857,52.0,0.014285714285714285
18.794520547945204,demographic_sir_R0_comparison,0.08053611867453132,1.035248237674192e-09,0.9194638802902236,15.0,780.2142857142857,52.0,0.014285714285714285
18.813698630136987,demographic_sir_R0_comparison,0.08078799069303366,1.276413906001149e-09,0.9192120080305559,15.0,780.2142857142857,52.0,0.014285714285714285
18.83287671232877,demographic_sir_R0_comparison,0.0810397933825819,1.5797016891129172e-09,0.9189602050377199,15.0,780.2142857142857,52.0,0.014285714285714285
18.852054794520548,demographic_sir_R0_comparison,0.0812915266746231,1.962432445932093e-09,0.9187084713629479,15.0,780.2142857142857,52.0,0.014285714285714285
18.87123287671233,demographic_sir_R0_comparison,0.08154319047572707,2.4470901855167616e-09,0.9184568070771861,15.0,780.2142857142857,52.0,0.014285714285714285
18.89041095890411,demographic_sir_R0_comparison,0.0817947846600369,3.0629535389591778e-09,0.9182052122770128,15.0,780.2142857142857,52.0,0.014285714285714285
18.90958904109589,demographic_sir_R0_comparison,0.08204630905929466,3.848270261265723e-09,0.9179536870924382,15.0,780.2142857142857,52.0,0.014285714285714285
18.92876712328767,demographic_sir_R0_comparison,0.08229776344962099,4.853164223410595e-09,0.917702231697218,15.0,780.2142857142857,52.0,0.014285714285714285
18.947945205479453,demographic_sir_R0_comparison,0.08254914753393922,6.143533370705062e-09,0.9174508463225307,15.0,780.2142857142857,52.0,0.014285714285714285
18.96712328767123,demographic_sir_R0_comparison,0.08280046091853531,7.806292303464586e-09,0.9171995312751757,15.0,780.2142857142857,52.0,0.014285714285714285
18.986301369863014,demographic_sir_R0_comparison,0.08305170308170044,9.956444773609932e-09,0.916948286961858,15.0,780.2142857142857,52.0,0.014285714285714285
19.005479452054793,demographic_sir_R0_comparison,0.08330287333164917,1.2746653973299557e-08,0.9166971139217001,15.0,780.2142857142857,52.0,0.014285714285714285
19.024657534246575,demographic_sir_R0_comparison,0.08355397074986924,1.6380232463855048e-08,0.9164460128699013,15.0,780.2142857142857,52.0,0.014285714285714285
19.043835616438358,demographic_sir_R0_comparison,0.08380499411461723,2.1128827888017313e-08,0.916194984756558,15.0,780.2142857142857,52.0,0.014285714285714285
19.063013698630137,demographic_sir_R0_comparison,0.08405594179727624,2.7356576285102653e-08,0.9159440308461507,15.0,780.2142857142857,52.0,0.014285714285714285
19.08219178082192,demographic_sir_R0_comparison,0.08430681162150234,3.555319031607395e-08,0.9156931528253106,15.0,780.2142857142857,52.0,0.014285714285714285
19.101369863013698,demographic_sir_R0_comparison,0.08455760067118964,4.637942838248988e-08,0.9154423529493854,15.0,780.2142857142857,52.0,0.014285714285714285
19.12054794520548,demographic_sir_R0_comparison,0.08480830502782227,6.072977179969326e-08,0.9151916342424095,15.0,780.2142857142857,52.0,0.014285714285714285
19.13972602739726,demographic_sir_R0_comparison,0.08505891941009631,7.981909205393596e-08,0.9149410007708152,15.0,780.2142857142857,52.0,0.014285714285714285
19.15890410958904,demographic_sir_R0_comparison,0.0853094366778634,1.053028650421502e-07,0.9146904580192751,15.0,780.2142857142857,52.0,0.014285714285714285
19.17808219178082,demographic_sir_R0_comparison,0.08555984714711985,1.394444393825017e-07,0.9144400134084442,15.0,780.2142857142857,52.0,0.014285714285714285
19.197260273972603,demographic_sir_R0_comparison,0.08581013764102621,1.853485053160992e-07,0.9141896770104717,15.0,780.2142857142857,52.0,0.014285714285714285
19.216438356164385,demographic_sir_R0_comparison,0.08606029017100522,2.472879845805697e-07,0.9139394625410133,15.0,780.2142857142857,52.0,0.014285714285714285
19.235616438356164,demographic_sir_R0_comparison,0.08631028009782626,3.311631530306916e-07,0.9136893887390237,15.0,780.2142857142857,52.0,0.014285714285714285
19.254794520547946,demographic_sir_R0_comparison,0.08656007355941256,4.451484944623089e-07,0.913439481292096,15.0,780.2142857142857,52.0,0.014285714285714285
19.273972602739725,demographic_sir_R0_comparison,0.08680962386145387,6.006068689119528e-07,0.9131897755316802,15.0,780.2142857142857,52.0,0.014285714285714285
19.293150684931508,demographic_sir_R0_comparison,0.08705886639646153,8.133854283420942e-07,0.9129403202181131,15.0,780.2142857142857,52.0,0.014285714285714285
19.312328767123287,demographic_sir_R0_comparison,0.08730771146870488,1.105658254782244e-06,0.9126911828730435,15.0,780.2142857142857,52.0,0.014285714285714285
19.33150684931507,demographic_sir_R0_comparison,0.08755603413030474,1.5085541467629003e-06,0.9124424573155517,15.0,780.2142857142857,52.0,0.014285714285714285
19.350684931506848,demographic_sir_R0_comparison,0.08780365973929917,2.065914901551876e-06,0.9121942743458024,15.0,780.2142857142857,52.0,0.014285714285714285
19.36986301369863,demographic_sir_R0_comparison,0.08805034337775776,2.839685265261597e-06,0.9119468169369799,15.0,780.2142857142857,52.0,0.014285714285714285
19.389041095890413,demographic_sir_R0_comparison,0.0882957404352997,3.9176629107146605e-06,0.9117003419017925,15.0,780.2142857142857,52.0,0.014285714285714285
19.40821917808219,demographic_sir_R0_comparison,0.0885393644518969,5.424667820996542e-06,0.9114552108802849,15.0,780.2142857142857,52.0,0.014285714285714285
19.427397260273974,demographic_sir_R0_comparison,0.08878052655196923,7.5386717008847934e-06,0.9112119347763327,15.0,780.2142857142857,52.0,0.014285714285714285
19.446575342465753,demographic_sir_R0_comparison,0.08901824824408991,1.0514124564887837e-05,0.910971237631348,15.0,780.2142857142857,52.0,0.014285714285714285
19.465753424657535,demographic_sir_R0_comparison,0.08925113566228098,1.4715715822923e-05,0.9107341486218989,15.0,780.2142857142857,52.0,0.014285714285714285
19.484931506849314,demographic_sir_R0_comparison,0.08947719801531745,2.0667224445010605e-05,0.9105021347602404,15.0,780.2142857142857,52.0,0.014285714285714285
19.504109589041096,demographic_sir_R0_comparison,0.08969358547954458,2.9122077330785723e-05,0.9102772924431276,15.0,780.2142857142857,52.0,0.014285714285714285
19.523287671232875,demographic_sir_R0_comparison,0.08989621130178957,4.116485833481441e-05,0.9100626238398785,15.0,780.2142857142857,52.0,0.014285714285714285
19.542465753424658,demographic_sir_R0_comparison,0.09007920881014404,5.8356284922748814e-05,0.909862434904936,15.0,780.2142857142857,52.0,0.014285714285714285
19.56164383561644,demographic_sir_R0_comparison,0.09023415622326056,8.293772363428392e-05,0.9096829060531078,15.0,780.2142857142857,52.0,0.014285714285714285
19.58082191780822,demographic_sir_R0_comparison,0.09034898213601637,0.00011811386717692541,0.9095329039968094,15.0,780.2142857142857,52.0,0.014285714285714285
19.6,demographic_sir_R0_comparison,0.0904064480857534,0.00016843041916198847,0.9094251214950875,15.0,780.2142857142857,52.0,0.014285714285714285
19.61917808219178,demographic_sir_R0_comparison,0.09038210678092659,0.00024025000708882677,0.9093776432119873,15.0,780.2142857142857,52.0,0.014285714285714285
19.638356164383563,demographic_sir_R0_comparison,0.09024168927364123,0.00034228879849184805,0.9094160219278696,15.0,780.2142857142857,52.0,0.014285714285714285
19.65753424657534,demographic_sir_R0_comparison,0.08993804847570457,0.00048608106077552255,0.9095758704635226,15.0,780.2142857142857,52.0,0.014285714285714285
19.676712328767124,demographic_sir_R0_comparison,0.08940819328147591,0.0006860493142517017,0.9099057574042754,15.0,780.2142857142857,52.0,0.014285714285714285
19.695890410958903,demographic_sir_R0_comparison,0.08857173283667628,0.0009585410118024408,0.9104697261515243,15.0,780.2142857142857,52.0,0.014285714285714285
19.715068493150685,demographic_sir_R0_comparison,0.08733327750123784,0.0013187995098554017,0.9113479229889098,15.0,780.2142857142857,52.0,0.014285714285714285
19.734246575342468,demographic_sir_R0_comparison,0.08559265317881123,0.0017746787007248328,0.912632668120467,15.0,780.2142857142857,52.0,0.014285714285714285
19.753424657534246,demographic_sir_R0_comparison,0.08326681347695886,0.0023167705964288444,0.9144164159266152,15.0,780.2142857142857,52.0,0.014285714285714285
19.77260273972603,demographic_sir_R0_comparison,0.08032350392419002,0.0029075224492866496,0.916768973626526,15.0,780.2142857142857,52.0,0.014285714285714285
19.791780821917808,demographic_sir_R0_comparison,0.07681725241845146,0.0034765593363517843,0.9197061882451993,15.0,780.2142857142857,52.0,0.014285714285714285
19.81095890410959,demographic_sir_R0_comparison,0.0729073497370856,0.0039315738842799495,0.9231610763786368,15.0,780.2142857142857,52.0,0.014285714285714285
19.83013698630137,demographic_sir_R0_comparison,0.06883780831032384,0.004187069131028408,0.9269751225586502,15.0,780.2142857142857,52.0,0.014285714285714285
19.84931506849315,demographic_sir_R0_comparison,0.06487981752873695,0.0041978693474839165,0.9309223131237816,15.0,780.2142857142857,52.0,0.014285714285714285
19.86849315068493,demographic_sir_R0_comparison,0.06126425029334164,0.003975897053132491,0.9347598526535282,15.0,780.2142857142857,52.0,0.014285714285714285
19.887671232876713,demographic_sir_R0_comparison,0.05813789153937991,0.003579989565687696,0.9382821188949348,15.0,780.2142857142857,52.0,0.014285714285714285
19.90684931506849,demographic_sir_R0_comparison,0.05555679184416713,0.00308869751731438,0.9413545106385209,15.0,780.2142857142857,52.0,0.014285714285714285
19.926027397260274,demographic_sir_R0_comparison,0.053506441936003256,0.0025742018395174637,0.9439193562244819,15.0,780.2142857142857,52.0,0.014285714285714285
19.945205479452056,demographic_sir_R0_comparison,0.05193047727398224,0.0020881635858090376,0.9459813591402113,15.0,780.2142857142857,52.0,0.014285714285714285
19.964383561643835,demographic_sir_R0_comparison,0.05075522956430298,0.001659543565076917,0.9475852268706226,15.0,780.2142857142857,52.0,0.014285714285714285
19.983561643835618,demographic_sir_R0_comparison,0.04990582160775089,0.001299192327943939,0.9487949860643077,15.0,780.2142857142857,52.0,0.014285714285714285
20.002739726027396,demographic_sir_R0_comparison,0.04931462428374506,0.0010062626910326698,0.9496791130252248,15.0,780.2142857142857,52.0,0.014285714285714285
20.02191780821918,demographic_sir_R0_comparison,0.04892452065624153,0.0007737288823040592,0.950301750461457,15.0,780.2142857142857,52.0,0.014285714285714285
20.041095890410958,demographic_sir_R0_comparison,0.04868922960719261,0.0005921837742110069,0.9507185866185992,15.0,780.2142857142857,52.0,0.014285714285714285
20.06027397260274,demographic_sir_R0_comparison,0.04857223476690243,0.00045206090523604314,0.9509757043278642,15.0,780.2142857142857,52.0,0.014285714285714285
20.07945205479452,demographic_sir_R0_comparison,0.048545220687347956,0.00034473301634885235,0.9511100462963059,15.0,780.2142857142857,52.0,0.014285714285714285
20.0986301369863,demographic_sir_R0_comparison,0.0485864787616904,0.0002629210219777434,0.9511506002163347,15.0,780.2142857142857,52.0,0.014285714285714285
20.117808219178084,demographic_sir_R0_comparison,0.048679486026493544,0.00020072975503654194,0.9511197842184729,15.0,780.2142857142857,52.0,0.014285714285714285
20.136986301369863,demographic_sir_R0_comparison,0.04881172186499147,0.000153509735080075,0.9510347683999315,15.0,780.2142857142857,52.0,0.014285714285714285
20.156164383561645,demographic_sir_R0_comparison,0.04897372125116701,0.00011765775200478199,0.9509086209968312,15.0,780.2142857142857,52.0,0.014285714285714285
20.175342465753424,demographic_sir_R0_comparison,0.04915833578114828,9.041380137852812e-05,0.9507512504174761,15.0,780.2142857142857,52.0,0.014285714285714285
20.194520547945206,demographic_sir_R0_comparison,0.04936016599138377,6.967982794931347e-05,0.9505701541806698,15.0,780.2142857142857,52.0,0.014285714285714285
20.213698630136985,demographic_sir_R0_comparison,0.04957512973258756,5.386858425180473e-05,0.9503710016831635,15.0,780.2142857142857,52.0,0.014285714285714285
20.232876712328768,demographic_sir_R0_comparison,0.04980013614494434,4.178256001819337e-05,0.9501580812950403,15.0,780.2142857142857,52.0,0.014285714285714285
20.252054794520546,demographic_sir_R0_comparison,0.05003284038620237,3.2519421751352366e-05,0.9499346401920492,15.0,780.2142857142857,52.0,0.014285714285714285
20.27123287671233,demographic_sir_R0_comparison,0.05027145951735404,2.5399363615163538e-05,0.9497031411190335,15.0,780.2142857142857,52.0,0.014285714285714285
20.29041095890411,demographic_sir_R0_comparison,0.05051463441988676,1.990989322550028e-05,0.9494654556868903,15.0,780.2142857142857,52.0,0.014285714285714285
20.30958904109589,demographic_sir_R0_comparison,0.05076132622881145,1.566416252197723e-05,0.9492230096086692,15.0,780.2142857142857,52.0,0.014285714285714285
20.328767123287673,demographic_sir_R0_comparison,0.05101073859284716,1.2369659264882689e-05,0.9489768917478906,15.0,780.2142857142857,52.0,0.014285714285714285
20.34794520547945,demographic_sir_R0_comparison,0.051262259244031445,9.804742737842548e-06,0.9487279360132334,15.0,780.2142857142857,52.0,0.014285714285714285
20.367123287671234,demographic_sir_R0_comparison,0.05151541600480643,7.801079060556591e-06,0.9484767829161358,15.0,780.2142857142857,52.0,0.014285714285714285
20.386301369863013,demographic_sir_R0_comparison,0.05176984359791452,6.230495127222655e-06,0.948223925906961,15.0,780.2142857142857,52.0,0.014285714285714285
20.405479452054795,demographic_sir_R0_comparison,0.05202525854962963,4.995134029385295e-06,0.9479697463163439,15.0,780.2142857142857,52.0,0.014285714285714285
20.424657534246574,demographic_sir_R0_comparison,0.05228144016638024,4.02007452091138e-06,0.9477145397591018,15.0,780.2142857142857,52.0,0.014285714285714285
20.443835616438356,demographic_sir_R0_comparison,0.05253821607779585,3.247789205096656e-06,0.947458536133002,15.0,780.2142857142857,52.0,0.014285714285714285
20.46301369863014,demographic_sir_R0_comparison,0.052795451220552,2.633975564997524e-06,0.947201914803886,15.0,780.2142857142857,52.0,0.014285714285714285
20.482191780821918,demographic_sir_R0_comparison,0.053053039420912926,2.144413104988894e-06,0.946944816165985,15.0,780.2142857142857,52.0,0.014285714285714285
20.5013698630137,demographic_sir_R0_comparison,0.053310896944807576,1.752588582735885e-06,0.9466873504666127,15.0,780.2142857142857,52.0,0.014285714285714285
20.52054794520548,demographic_sir_R0_comparison,0.053568957541394145,1.4378972226984497e-06,0.946429604561386,15.0,780.2142857142857,52.0,0.014285714285714285
20.53972602739726,demographic_sir_R0_comparison,0.05382716862327901,1.1842767277944585e-06,0.946171647099996,15.0,780.2142857142857,52.0,0.014285714285714285
20.55890410958904,demographic_sir_R0_comparison,0.054085488314146425,9.791672186878627e-07,0.9459135325186375,15.0,780.2142857142857,52.0,0.014285714285714285
20.578082191780823,demographic_sir_R0_comparison,0.05434388316014879,8.127171960720055e-07,0.9456553041226576,15.0,780.2142857142857,52.0,0.014285714285714285
20.5972602739726,demographic_sir_R0_comparison,0.05460232635062531,6.771756664856433e-07,0.9453969964737107,15.0,780.2142857142857,52.0,0.014285714285714285
20.616438356164384,demographic_sir_R0_comparison,0.05486079633074059,5.664254934046394e-07,0.9451386372437683,15.0,780.2142857142857,52.0,0.014285714285714285
20.635616438356166,demographic_sir_R0_comparison,0.05511927571654273,4.756241608927077e-07,0.9448802486592988,15.0,780.2142857142857,52.0,0.014285714285714285
20.654794520547945,demographic_sir_R0_comparison,0.05537775044403668,4.009264481313303e-07,0.9446218486295178,15.0,780.2142857142857,52.0,0.014285714285714285
20.673972602739727,demographic_sir_R0_comparison,0.055636209099849655,3.392697344291406e-07,0.9443634516304187,15.0,780.2142857142857,52.0,0.014285714285714285
20.693150684931506,demographic_sir_R0_comparison,0.055894642393204505,2.882073214456945e-07,0.9441050693994768,15.0,780.2142857142857,52.0,0.014285714285714285
20.71232876712329,demographic_sir_R0_comparison,0.05615304273816335,2.4577866858300267e-07,0.9438467114831707,15.0,780.2142857142857,52.0,0.014285714285714285
20.731506849315068,demographic_sir_R0_comparison,0.056411403922159875,2.1040808229921817e-07,0.9435883856697604,15.0,780.2142857142857,52.0,0.014285714285714285
20.75068493150685,demographic_sir_R0_comparison,0.05666972084224442,1.8082539822306226e-07,0.9433300983323599,15.0,780.2142857142857,52.0,0.014285714285714285
20.76986301369863,demographic_sir_R0_comparison,0.056927989294610216,1.5600370822432937e-07,0.943071854701684,15.0,780.2142857142857,52.0,0.014285714285714285
20.78904109589041,demographic_sir_R0_comparison,0.05718620580616276,1.3511033352418797e-07,0.9428136590835062,15.0,780.2142857142857,52.0,0.014285714285714285
20.808219178082194,demographic_sir_R0_comparison,0.0574443674993536,1.1746811942356012e-07,0.9425555150325293,15.0,780.2142857142857,52.0,0.014285714285714285
20.827397260273973,demographic_sir_R0_comparison,0.05770247198340656,1.0252479451935981e-07,0.9422974254918013,15.0,780.2142857142857,52.0,0.014285714285714285
20.846575342465755,demographic_sir_R0_comparison,0.05796051726653978,8.982864775226836e-08,0.9420393929048149,15.0,780.2142857142857,52.0,0.014285714285714285
20.865753424657534,demographic_sir_R0_comparison,0.058218501684934885,7.900916812916074e-08,0.9417814193058993,15.0,780.2142857142857,52.0,0.014285714285714285
20.884931506849316,demographic_sir_R0_comparison,0.05847642384510222,6.976159297884354e-08,0.9415235063933072,15.0,780.2142857142857,52.0,0.014285714285714285
20.904109589041095,demographic_sir_R0_comparison,0.058734282576986874,6.183454263051898e-08,0.9412656555884727,15.0,780.2142857142857,52.0,0.014285714285714285
20.923287671232877,demographic_sir_R0_comparison,0.05899207689571265,5.5020098711246006e-08,0.941007868084191,15.0,780.2142857142857,52.0,0.014285714285714285
20.942465753424656,demographic_sir_R0_comparison,0.059249805970287714,4.9145822171238475e-08,0.9407501448838926,15.0,780.2142857142857,52.0,0.014285714285714285
20.96164383561644,demographic_sir_R0_comparison,0.05950746909793822,4.406831503361105e-08,0.9404924868337493,15.0,780.2142857142857,52.0,0.014285714285714285
20.980821917808218,demographic_sir_R0_comparison,0.059765065683001016,3.966801386668913e-08,0.9402348946489875,15.0,780.2142857142857,52.0,0.014285714285714285
21.0,demographic_sir_R0_comparison,0.06002259521952108,3.5844968542747e-08,0.9399773689355128,15.0,780.2142857142857,52.0,0.014285714285714285
21.019178082191782,demographic_sir_R0_comparison,0.060280057276864876,3.2515411149718446e-08,0.9397199102077263,15.0,780.2142857142857,52.0,0.014285714285714285
21.03835616438356,demographic_sir_R0_comparison,0.060537451487796705,2.960896016314757e-08,0.9394625189032453,15.0,780.2142857142857,52.0,0.014285714285714285
21.057534246575344,demographic_sir_R0_comparison,0.06079477753857056,2.7066336626797052e-08,0.939205195395095,15.0,780.2142857142857,52.0,0.014285714285714285
21.076712328767123,demographic_sir_R0_comparison,0.06105203516067493,2.4837494029929805e-08,0.9389479400018331,15.0,780.2142857142857,52.0,0.014285714285714285
21.095890410958905,demographic_sir_R0_comparison,0.061309224123937675,2.2880083274135874e-08,0.9386907529959811,15.0,780.2142857142857,52.0,0.014285714285714285
21.115068493150684,demographic_sir_R0_comparison,0.06156634423075076,2.1158189728840922e-08,0.9384336346110617,15.0,780.2142857142857,52.0,0.014285714285714285
21.134246575342466,demographic_sir_R0_comparison,0.0618233953112213,1.964129176423681e-08,0.9381765850474891,15.0,780.2142857142857,52.0,0.014285714285714285
21.153424657534245,demographic_sir_R0_comparison,0.06208037721908806,1.8303400009798676e-08,0.9379196044775142,15.0,780.2142857142857,52.0,0.014285714285714285
21.172602739726027,demographic_sir_R0_comparison,0.06233728982827432,1.71223444510486e-08,0.9376626930493834,15.0,780.2142857142857,52.0,0.014285714285714285
21.19178082191781,demographic_sir_R0_comparison,0.06259413302996841,1.6079182765410533e-08,0.937405850890851,15.0,780.2142857142857,52.0,0.014285714285714285
21.21095890410959,demographic_sir_R0_comparison,0.06285090673014454,1.5157708337748315e-08,0.9371490781121494,15.0,780.2142857142857,52.0,0.014285714285714285
21.23013698630137,demographic_sir_R0_comparison,0.06310761084745067,1.4344040445118028e-08,0.9368923748085112,15.0,780.2142857142857,52.0,0.014285714285714285
21.24931506849315,demographic_sir_R0_comparison,0.06336424531140243,1.362628236112034e-08,0.9366357410623176,15.0,780.2142857142857,52.0,0.014285714285714285
21.268493150684932,demographic_sir_R0_comparison,0.06362081006083373,1.299423576300541e-08,0.9363791769449328,15.0,780.2142857142857,52.0,0.014285714285714285
21.28767123287671,demographic_sir_R0_comparison,0.06387730504256144,1.2439161955917565e-08,0.9361226825182788,15.0,780.2142857142857,52.0,0.014285714285714285
21.306849315068494,demographic_sir_R0_comparison,0.06413373021022989,1.195358215866718e-08,0.9358662578361902,15.0,780.2142857142857,52.0,0.014285714285714285
21.326027397260273,demographic_sir_R0_comparison,0.06439008552330475,1.1531110503967805e-08,0.9356099029455869,15.0,780.2142857142857,52.0,0.014285714285714285
21.345205479452055,demographic_sir_R0_comparison,0.06464637094619285,1.1166314556712732e-08,0.9353536178874945,15.0,780.2142857142857,52.0,0.014285714285714285
21.364383561643837,demographic_sir_R0_comparison,0.06490258644746554,1.085459909743505e-08,0.9350974026979374,15.0,780.2142857142857,52.0,0.014285714285714285
21.383561643835616,demographic_sir_R0_comparison,0.06515873199916859,1.0592109695342014e-08,0.9348412574087239,15.0,780.2142857142857,52.0,0.014285714285714285
21.4027397260274,demographic_sir_R0_comparison,0.06541480757620298,1.0375653239092907e-08,0.9345851820481461,15.0,780.2142857142857,52.0,0.014285714285714285
21.421917808219177,demographic_sir_R0_comparison,0.06567081315576243,1.020263313036432e-08,0.9343291766416069,15.0,780.2142857142857,52.0,0.014285714285714285
21.44109589041096,demographic_sir_R0_comparison,0.06592674871681706,1.007099729686679e-08,0.9340732412121879,15.0,780.2142857142857,52.0,0.014285714285714285
21.46027397260274,demographic_sir_R0_comparison,0.06618261423963127,9.979197565618865e-09,0.9338173757811735,15.0,780.2142857142857,52.0,0.014285714285714285
21.47945205479452,demographic_sir_R0_comparison,0.06643840970530747,9.926159268691227e-09,0.9335615803685356,15.0,780.2142857142857,52.0,0.014285714285714285
21.4986301369863,demographic_sir_R0_comparison,0.06669413509534543,9.911260244731243e-09,0.9333058549933967,15.0,780.2142857142857,52.0,0.014285714285714285
21.517808219178082,demographic_sir_R0_comparison,0.06694979039121021,9.934318661014581e-09,0.9330501996744736,15.0,780.2142857142857,52.0,0.014285714285714285
21.536986301369865,demographic_sir_R0_comparison,0.06720537557389886,9.99558932191828e-09,0.9327946144305143,15.0,780.2142857142857,52.0,0.014285714285714285
21.556164383561644,demographic_sir_R0_comparison,0.06746089062349887,1.0095768359056812e-08,0.9325390992807352,15.0,780.2142857142857,52.0,0.014285714285714285
21.575342465753426,demographic_sir_R0_comparison,0.06771633551872928,1.0236006423853647e-08,0.9322836542452667,15.0,780.2142857142857,52.0,0.014285714285714285
21.594520547945205,demographic_sir_R0_comparison,0.06797171023645525,1.0417930732845091e-08,0.9320282793456164,15.0,780.2142857142857,52.0,0.014285714285714285
21.613698630136987,demographic_sir_R0_comparison,0.06822701475116708,1.0643676557506951e-08,0.9317729746051587,15.0,780.2142857142857,52.0,0.014285714285714285
21.632876712328766,demographic_sir_R0_comparison,0.06848224903441211,1.0915929012327003e-08,0.9315177400496611,15.0,780.2142857142857,52.0,0.014285714285714285
21.65205479452055,demographic_sir_R0_comparison,0.0687374130541687,1.1237976286559745e-08,0.9312625757078574,15.0,780.2142857142857,52.0,0.014285714285714285
21.671232876712327,demographic_sir_R0_comparison,0.06899250677414737,1.1613775797194252e-08,0.9310074816120792,15.0,780.2142857142857,52.0,0.014285714285714285
21.69041095890411,demographic_sir_R0_comparison,0.06924753015300486,1.2048035125498647e-08,0.9307524577989628,15.0,780.2142857142857,52.0,0.014285714285714285
21.709589041095892,demographic_sir_R0_comparison,0.06950248314345159,1.2546310051712326e-08,0.9304975043102411,15.0,780.2142857142857,52.0,0.014285714285714285
21.72876712328767,demographic_sir_R0_comparison,0.0697573656912324,1.3115122539680223e-08,0.9302426211936478,15.0,780.2142857142857,52.0,0.014285714285714285
21.747945205479454,demographic_sir_R0_comparison,0.07001217773395518,1.3762102166888232e-08,0.929987808503945,15.0,780.2142857142857,52.0,0.014285714285714285
21.767123287671232,demographic_sir_R0_comparison,0.07026691919973696,1.4496155271758303e-08,0.9297330663041101,15.0,780.2142857142857,52.0,0.014285714285714285
21.786301369863015,demographic_sir_R0_comparison,0.0705215900056336,1.5327667031629447e-08,0.9294783946667019,15.0,780.2142857142857,52.0,0.014285714285714285
21.805479452054794,demographic_sir_R0_comparison,0.07077619005580943,1.6268742831773816e-08,0.9292237936754503,15.0,780.2142857142857,52.0,0.014285714285714285
21.824657534246576,demographic_sir_R0_comparison,0.07103071923939737,1.7333496688140402e-08,0.9289692634271086,15.0,780.2142857142857,52.0,0.014285714285714285
21.843835616438355,demographic_sir_R0_comparison,0.07128517742798744,1.8538396206741212e-08,0.9287148040336188,15.0,780.2142857142857,52.0,0.014285714285714285
21.863013698630137,demographic_sir_R0_comparison,0.07153956447267168,1.990267567900441e-08,0.9284604156246552,15.0,780.2142857142857,52.0,0.014285714285714285
21.88219178082192,demographic_sir_R0_comparison,0.07179388020055502,2.1448831523273577e-08,0.9282060983506158,15.0,780.2142857142857,52.0,0.014285714285714285
21.9013698630137,demographic_sir_R0_comparison,0.07204812441062546,2.320321751173942e-08,0.9279518523861594,15.0,780.2142857142857,52.0,0.014285714285714285
21.92054794520548,demographic_sir_R0_comparison,0.07230229686885191,2.5196761225601786e-08,0.9276976779343892,15.0,780.2142857142857,52.0,0.014285714285714285
21.93972602739726,demographic_sir_R0_comparison,0.07255639730234975,2.746582815677571e-08,0.9274435752318245,15.0,780.2142857142857,52.0,0.014285714285714285
21.958904109589042,demographic_sir_R0_comparison,0.07281042539241948,3.0053266072485086e-08,0.9271895445543167,15.0,780.2142857142857,52.0,0.014285714285714285
21.97808219178082,demographic_sir_R0_comparison,0.07306438076621803,3.3009669997887966e-08,0.9269355862241143,15.0,780.2142857142857,52.0,0.014285714285714285
21.997260273972604,demographic_sir_R0_comparison,0.07331826298677042,3.639491785690343e-08,0.9266817006183141,15.0,780.2142857142857,52.0,0.014285714285714285
22.016438356164382,demographic_sir_R0_comparison,0.0735720715409588,4.028003895997361e-08,0.9264278881790048,15.0,780.2142857142857,52.0,0.014285714285714285
22.035616438356165,demographic_sir_R0_comparison,0.07382580582504417,4.474949280160762e-08,0.9261741494254656,15.0,780.2142857142857,52.0,0.014285714285714285
22.054794520547944,demographic_sir_R0_comparison,0.07407946512716743,4.990395487869525e-08,0.9259204849688804,15.0,780.2142857142857,52.0,0.014285714285714285
22.073972602739726,demographic_sir_R0_comparison,0.0743330486061477,5.586373055335e-08,0.9256668955301244,15.0,780.2142857142857,52.0,0.014285714285714285
22.09315068493151,demographic_sir_R0_comparison,0.07458655526572601,6.277294876562568e-08,0.9254133819613279,15.0,780.2142857142857,52.0,0.014285714285714285
22.112328767123287,demographic_sir_R0_comparison,0.0748399839231968,7.080472646474321e-08,0.9251599452720796,15.0,780.2142857142857,52.0,0.014285714285714285
22.13150684931507,demographic_sir_R0_comparison,0.0750933331711042,8.016754431738807e-08,0.9249065866613542,15.0,780.2142857142857,52.0,0.014285714285714285
22.15068493150685,demographic_sir_R0_comparison,0.07534660133034696,9.111313760898138e-08,0.9246533075565181,15.0,780.2142857142857,52.0,0.014285714285714285
22.16986301369863,demographic_sir_R0_comparison,0.07559978639261497,1.0394628723024275e-07,0.9244001096611004,15.0,780.2142857142857,52.0,0.014285714285714285
22.18904109589041,demographic_sir_R0_comparison,0.07585288594954115,1.1903699938358151e-07,0.9241469950134621,15.0,780.2142857142857,52.0,0.014285714285714285
22.208219178082192,demographic_sir_R0_comparison,0.0761058971052722,1.3683569587137294e-07,0.9238939660590344,15.0,780.2142857142857,52.0,0.014285714285714285
22.22739726027397,demographic_sir_R0_comparison,0.07635881636828519,1.5789220833172114e-07,0.9236410257395088,15.0,780.2142857142857,52.0,0.014285714285714285
22.246575342465754,demographic_sir_R0_comparison,0.07661163951716413,1.8287959109551266e-07,0.9233881776032469,15.0,780.2142857142857,52.0,0.014285714285714285
22.265753424657536,demographic_sir_R0_comparison,0.0768643614336128,2.1262405360114253e-07,0.9231354259423356,15.0,780.2142857142857,52.0,0.014285714285714285
22.284931506849315,demographic_sir_R0_comparison,0.07711697589413989,2.481426844754694e-07,0.9228827759631776,15.0,780.2142857142857,52.0,0.014285714285714285
22.304109589041097,demographic_sir_R0_comparison,0.07736947530947275,2.906911218090099e-07,0.9226302339994075,15.0,780.2142857142857,52.0,0.014285714285714285
22.323287671232876,demographic_sir_R0_comparison,0.07762185039768198,3.4182395265783635e-07,0.9223778077783674,15.0,780.2142857142857,52.0,0.014285714285714285
22.34246575342466,demographic_sir_R0_comparison,0.07787408977301723,4.034714455669063e-07,0.9221255067555392,15.0,780.2142857142857,52.0,0.014285714285714285
22.361643835616437,demographic_sir_R0_comparison,0.07812617942727657,4.780372942430945e-07,0.9218733425354313,15.0,780.2142857142857,52.0,0.014285714285714285
22.38082191780822,demographic_sir_R0_comparison,0.0783781020737946,5.685234599841713e-07,0.9216213294027475,15.0,780.2142857142857,52.0,0.014285714285714285
22.4,demographic_sir_R0_comparison,0.0786298363153331,6.786900537941202e-07,0.9213694849946155,15.0,780.2142857142857,52.0,0.014285714285714285
22.41917808219178,demographic_sir_R0_comparison,0.07888135558564745,8.13260641368072e-07,0.9211178311537137,15.0,780.2142857142857,52.0,0.014285714285714285
22.438356164383563,demographic_sir_R0_comparison,0.07913262679939832,9.781865791830169e-07,0.9208663950140251,15.0,780.2142857142857,52.0,0.014285714285714285
22.457534246575342,demographic_sir_R0_comparison,0.07938360862523067,1.1809882571199634e-06,0.9206152103865148,15.0,780.2142857142857,52.0,0.014285714285714285
22.476712328767125,demographic_sir_R0_comparison,0.07963424927069064,1.4311967794616023e-06,0.9203643195325324,15.0,780.2142857142857,52.0,0.014285714285714285
22.495890410958904,demographic_sir_R0_comparison,0.07988448363313379,1.740927126356709e-06,0.9201137754397423,15.0,780.2142857142857,52.0,0.014285714285714285
22.515068493150686,demographic_sir_R0_comparison,0.0801342296251299,2.125623823445118e-06,0.9198636447510491,15.0,780.2142857142857,52.0,0.014285714285714285
22.534246575342465,demographic_sir_R0_comparison,0.08038338342239704,2.6050334385487677e-06,0.9196140115441668,15.0,780.2142857142857,52.0,0.014285714285714285
22.553424657534247,demographic_sir_R0_comparison,0.08063181330208356,3.204475927382875e-06,0.9193649822219913,15.0,780.2142857142857,52.0,0.014285714285714285
22.572602739726026,demographic_sir_R0_comparison,0.08087935163269018,3.956510432860144e-06,0.919116691856879,15.0,780.2142857142857,52.0,0.014285714285714285
22.59178082191781,demographic_sir_R0_comparison,0.08112578443538526,4.903122539816508e-06,0.9188693124420771,15.0,780.2142857142857,52.0,0.014285714285714285
22.61095890410959,demographic_sir_R0_comparison,0.08137083774838343,6.0986017258293695e-06,0.9186230636498931,15.0,780.2142857142857,52.0,0.014285714285714285
22.63013698630137,demographic_sir_R0_comparison,0.08161415977633439,7.613333082814962e-06,0.9183782268905853,15.0,780.2142857142857,52.0,0.014285714285714285
22.649315068493152,demographic_sir_R0_comparison,0.08185529747567581,9.538800413701485e-06,0.918135163723913,15.0,780.2142857142857,52.0,0.014285714285714285
22.66849315068493,demographic_sir_R0_comparison,0.0820936657896113,1.199419353157717e-05,0.9178943400168598,15.0,780.2142857142857,52.0,0.014285714285714285
22.687671232876713,demographic_sir_R0_comparison,0.0823285071715838,1.5135136767190384e-05,0.9176563576916517,15.0,780.2142857142857,52.0,0.014285714285714285
22.706849315068492,demographic_sir_R0_comparison,0.08255883828649153,1.9165214309377546e-05,0.9174219964992018,15.0,780.2142857142857,52.0,0.014285714285714285
22.726027397260275,demographic_sir_R0_comparison,0.08278337981270528,2.43511659010229e-05,0.9171922690213962,15.0,780.2142857142857,52.0,0.014285714285714285
22.745205479452054,demographic_sir_R0_comparison,0.08300046404444136,3.1042864319780256e-05,0.9169684930912413,15.0,780.2142857142857,52.0,0.014285714285714285
22.764383561643836,demographic_sir_R0_comparison,0.0832079134861412,3.969945469137575e-05,0.9167523870591698,15.0,780.2142857142857,52.0,0.014285714285714285
22.78356164383562,demographic_sir_R0_comparison,0.0834028818509401,5.092330449693623e-05,0.9165461948445655,15.0,780.2142857142857,52.0,0.014285714285714285
22.802739726027397,demographic_sir_R0_comparison,0.08358164692726242,6.550361012685404e-05,0.9163528494626133,15.0,780.2142857142857,52.0,0.014285714285714285
22.82191780821918,demographic_sir_R0_comparison,0.08373934294725667,8.44714822610043e-05,0.9161761855704847,15.0,780.2142857142857,52.0,0.014285714285714285
22.84109589041096,demographic_sir_R0_comparison,0.08386961900884687,0.00010916780454586391,0.9160212131866096,15.0,780.2142857142857,52.0,0.014285714285714285
22.86027397260274,demographic_sir_R0_comparison,0.0839642110109221,0.00014132361956099406,0.9158944653695192,15.0,780.2142857142857,52.0,0.014285714285714285
22.87945205479452,demographic_sir_R0_comparison,0.08401241971779064,0.00018314938577605972,0.9158044308964356,15.0,780.2142857142857,52.0,0.014285714285714285
22.898630136986302,demographic_sir_R0_comparison,0.08400050080324131,0.00023742282790505548,0.9157620763688559,15.0,780.2142857142857,52.0,0.014285714285714285
22.91780821917808,demographic_sir_R0_comparison,0.08391100001163798,0.0003075533916601711,0.9157814465967041,15.0,780.2142857142857,52.0,0.014285714285714285
22.936986301369863,demographic_sir_R0_comparison,0.0837221161981222,0.00039758237407196704,0.915880301427808,15.0,780.2142857142857,52.0,0.014285714285714285
22.956164383561642,demographic_sir_R0_comparison,0.08340725620102725,0.0005120503882125431,0.9160806934107623,15.0,780.2142857142857,52.0,0.014285714285714285
22.975342465753425,demographic_sir_R0_comparison,0.08293506331112618,0.0006556305375341765,0.9164093061513415,15.0,780.2142857142857,52.0,0.014285714285714285
22.994520547945207,demographic_sir_R0_comparison,0.08227034422821138,0.0008323987097704063,0.9168972570620202,15.0,780.2142857142857,52.0,0.014285714285714285
23.013698630136986,demographic_sir_R0_comparison,0.08137643862921222,0.0010446215733949684,0.9175789397973948,15.0,780.2142857142857,52.0,0.014285714285714285
23.03287671232877,demographic_sir_R0_comparison,0.0802195586726936,0.0012910400707652622,0.9184894012565432,15.0,780.2142857142857,52.0,0.014285714285714285
23.052054794520547,demographic_sir_R0_comparison,0.07877529658515471,0.0015648698169582762,0.919659833597889,15.0,780.2142857142857,52.0,0.014285714285714285
23.07123287671233,demographic_sir_R0_comparison,0.07703669494123028,0.0018521349666469845,0.9211111700921246,15.0,780.2142857142857,52.0,0.014285714285714285
23.09041095890411,demographic_sir_R0_comparison,0.0750220545132969,0.002131347699471863,0.922846597787233,15.0,780.2142857142857,52.0,0.014285714285714285
23.10958904109589,demographic_sir_R0_comparison,0.07277954646538586,0.002375578963886208,0.9248448745707297,15.0,780.2142857142857,52.0,0.014285714285714285
23.12876712328767,demographic_sir_R0_comparison,0.0703856632178685,0.002557244611723158,0.9270570921704101,15.0,780.2142857142857,52.0,0.014285714285714285
23.147945205479452,demographic_sir_R0_comparison,0.06793632027134358,0.0026545057901622886,0.9294091739384958,15.0,780.2142857142857,52.0,0.014285714285714285
23.167123287671235,demographic_sir_R0_comparison,0.06553252330345782,0.002656886605825258,0.9318105900907184,15.0,780.2142857142857,52.0,0.014285714285714285
23.186301369863013,demographic_sir_R0_comparison,0.06326509398809015,0.002567677983441837,0.9341672280284696,15.0,780.2142857142857,52.0,0.014285714285714285
23.205479452054796,demographic_sir_R0_comparison,0.06120320575449877,0.0024022100484133425,0.9363945841970894,15.0,780.2142857142857,52.0,0.014285714285714285
23.224657534246575,demographic_sir_R0_comparison,0.059389345067739976,0.0021830952565962945,0.938427559675665,15.0,780.2142857142857,52.0,0.014285714285714285
23.243835616438357,demographic_sir_R0_comparison,0.05784042366782796,0.001934662135385758,0.9402249141967877,15.0,780.2142857142857,52.0,0.014285714285714285
23.263013698630136,demographic_sir_R0_comparison,0.05655286241138325,0.0016785246320457298,0.9417686129565722,15.0,780.2142857142857,52.0,0.014285714285714285
23.28219178082192,demographic_sir_R0_comparison,0.05550910983887037,0.0014311581897874061,0.9430597319713434,15.0,780.2142857142857,52.0,0.014285714285714285
23.301369863013697,demographic_sir_R0_comparison,0.054683737241286466,0.0012033430471784347,0.9441129197115364,15.0,780.2142857142857,52.0,0.014285714285714285
23.32054794520548,demographic_sir_R0_comparison,0.054048195191355584,0.0010008296765802703,0.9449509751320656,15.0,780.2142857142857,52.0,0.014285714285714285
23.339726027397262,demographic_sir_R0_comparison,0.053574045731696704,0.0008255441369516293,0.9456004101313531,15.0,780.2142857142857,52.0,0.014285714285714285
23.35890410958904,demographic_sir_R0_comparison,0.05323487903071431,0.0006768483345009398,0.946088272634786,15.0,780.2142857142857,52.0,0.014285714285714285
23.378082191780823,demographic_sir_R0_comparison,0.05300725664797068,0.0005526022473746196,0.9464401411046559,15.0,780.2142857142857,52.0,0.014285714285714285
23.397260273972602,demographic_sir_R0_comparison,0.05287101124573174,0.00044994734656035433,0.9466790414077091,15.0,780.2142857142857,52.0,0.014285714285714285
23.416438356164385,demographic_sir_R0_comparison,0.052809162933777416,0.00036582676495107745,0.9468250103012728,15.0,780.2142857142857,52.0,0.014285714285714285
23.435616438356163,demographic_sir_R0_comparison,0.05280763464793866,0.0002972968001677313,0.9468950685518948,15.0,780.2142857142857,52.0,0.014285714285714285
23.454794520547946,demographic_sir_R0_comparison,0.0528548836984701,0.0002416902766608429,0.9469034260248702,15.0,780.2142857142857,52.0,0.014285714285714285
23.473972602739725,demographic_sir_R0_comparison,0.05294151886956645,0.00019668339808516887,0.9468617977323498,15.0,780.2142857142857,52.0,0.014285714285714285
23.493150684931507,demographic_sir_R0_comparison,0.053059940421367476,0.00016030467213012557,0.9467797549065039,15.0,780.2142857142857,52.0,0.014285714285714285
23.51232876712329,demographic_sir_R0_comparison,0.05320402026269708,0.00013091232630398411,0.9466650674110005,15.0,780.2142857142857,52.0,0.014285714285714285
23.53150684931507,demographic_sir_R0_comparison,0.05336882774564351,0.00010715709152938813,0.9465240151628288,15.0,780.2142857142857,52.0,0.014285714285714285
23.55068493150685,demographic_sir_R0_comparison,0.0535504000798437,8.794044564456674e-05,0.9463616594745136,15.0,780.2142857142857,52.0,0.014285714285714285
23.56986301369863,demographic_sir_R0_comparison,0.0537455532148729,7.237390332582745e-05,0.9461820728818031,15.0,780.2142857142857,52.0,0.014285714285714285
23.589041095890412,demographic_sir_R0_comparison,0.05395172782377081,5.974210959395909e-05,0.9459885300666371,15.0,780.2142857142857,52.0,0.014285714285714285
23.60821917808219,demographic_sir_R0_comparison,0.05416686487151282,4.947081058989164e-05,0.9457836643178991,15.0,780.2142857142857,52.0,0.014285714285714285
23.627397260273973,demographic_sir_R0_comparison,0.054389305641318726,4.109983429877618e-05,0.9455695945243844,15.0,780.2142857142857,52.0,0.014285714285714285
23.646575342465752,demographic_sir_R0_comparison,0.054617711711077335,3.4260732690692935e-05,0.9453480275562338,15.0,780.2142857142857,52.0,0.014285714285714285
23.665753424657535,demographic_sir_R0_comparison,0.054851001050862346,2.8658527876842504e-05,0.9451203404212625,15.0,780.2142857142857,52.0,0.014285714285714285
23.684931506849317,demographic_sir_R0_comparison,0.05508829706209206,2.405694919694983e-05,0.9448876459887127,15.0,780.2142857142857,52.0,0.014285714285714285
23.704109589041096,demographic_sir_R0_comparison,0.0553288879590346,2.026657266362407e-05,0.9446508454683034,15.0,780.2142857142857,52.0,0.014285714285714285
23.723287671232878,demographic_sir_R0_comparison,0.0555721943906203,1.71353358114264e-05,0.94441067027357,15.0,780.2142857142857,52.0,0.014285714285714285
23.742465753424657,demographic_sir_R0_comparison,0.05581774361559403,1.4540975386737861e-05,0.9441677154090211,15.0,780.2142857142857,52.0,0.014285714285714285
23.76164383561644,demographic_sir_R0_comparison,0.056065148884354356,1.2385009506877562e-05,0.9439224661061406,15.0,780.2142857142857,52.0,0.014285714285714285
23.78082191780822,demographic_sir_R0_comparison,0.05631409295639154,1.0587953652789867e-05,0.9436753190899574,15.0,780.2142857142857,52.0,0.014285714285714285
23.8,demographic_sir_R0_comparison,0.05656431490343259,9.085518680335356e-06,0.9434265995778884,15.0,780.2142857142857,52.0,0.014285714285714285
23.81917808219178,demographic_sir_R0_comparison,0.056815599524854876,7.825588533346906e-06,0.9431765748866131,15.0,780.2142857142857,52.0,0.014285714285714285
23.838356164383562,demographic_sir_R0_comparison,0.057067768842097556,6.765816131083162e-06,0.9429254653417728,15.0,780.2142857142857,52.0,0.014285714285714285
23.857534246575344,demographic_sir_R0_comparison,0.05732067524981307,5.871709033255614e-06,0.942673453041155,15.0,780.2142857142857,52.0,0.014285714285714285
23.876712328767123,demographic_sir_R0_comparison,0.057574195989272284,5.115103123038443e-06,0.942420688907606,15.0,780.2142857142857,52.0,0.014285714285714285
23.895890410958906,demographic_sir_R0_comparison,0.05782822867885445,4.472943811256685e-06,0.9421672983773355,15.0,780.2142857142857,52.0,0.014285714285714285
23.915068493150685,demographic_sir_R0_comparison,0.05808268769118125,3.926311151640182e-06,0.9419133859976683,15.0,780.2142857142857,52.0,0.014285714285714285
23.934246575342467,demographic_sir_R0_comparison,0.058337501209669275,3.459638621295118e-06,0.9416590391517107,15.0,780.2142857142857,52.0,0.014285714285714285
23.953424657534246,demographic_sir_R0_comparison,0.05859260883141282,3.06008587256646e-06,0.941404331082716,15.0,780.2142857142857,52.0,0.014285714285714285
23.972602739726028,demographic_sir_R0_comparison,0.058847959610306665,2.717034082186377e-06,0.9411493233556126,15.0,780.2142857142857,52.0,0.014285714285714285
23.991780821917807,demographic_sir_R0_comparison,0.05910351045568387,2.42167907861009e-06,0.9408940678652388,15.0,780.2142857142857,52.0,0.014285714285714285
24.01095890410959,demographic_sir_R0_comparison,0.05935922481868343,2.1667025922030495e-06,0.9406386084787255,15.0,780.2142857142857,52.0,0.014285714285714285
24.03013698630137,demographic_sir_R0_comparison,0.059615071612005,1.9460060418951977e-06,0.9403829823819543,15.0,780.2142857142857,52.0,0.014285714285714285
24.04931506849315,demographic_sir_R0_comparison,0.05987102431940008,1.7544944801879096e-06,0.940127221186121,15.0,780.2142857142857,52.0,0.014285714285714285
24.068493150684933,demographic_sir_R0_comparison,0.0601270602597599,1.5879008503659985e-06,0.9398713518393912,15.0,780.2142857142857,52.0,0.014285714285714285
24.087671232876712,demographic_sir_R0_comparison,0.06038315997745647,1.4426427102678402e-06,0.9396153973798347,15.0,780.2142857142857,52.0,0.014285714285714285
24.106849315068494,demographic_sir_R0_comparison,0.06063930673602177,1.3157051596639867e-06,0.9393593775588202,15.0,780.2142857142857,52.0,0.014285714285714285
24.126027397260273,demographic_sir_R0_comparison,0.06089548609659976,1.2045449622938155e-06,0.9391033093584393,15.0,780.2142857142857,52.0,0.014285714285714285
24.145205479452056,demographic_sir_R0_comparison,0.061151685566098075,1.1070118487688113e-06,0.9388472074220547,15.0,780.2142857142857,52.0,0.014285714285714285
24.164383561643834,demographic_sir_R0_comparison,0.06140789430277078,1.0212837776461553e-06,0.9385910844134531,15.0,780.2142857142857,52.0,0.014285714285714285
24.183561643835617,demographic_sir_R0_comparison,0.06166410286922803,9.458135619731581e-07,0.9383349513172116,15.0,780.2142857142857,52.0,0.014285714285714285
24.202739726027396,demographic_sir_R0_comparison,0.06192030302469153,8.792847712455303e-07,0.9380788176905388,15.0,780.2142857142857,52.0,0.014285714285714285
24.221917808219178,demographic_sir_R0_comparison,0.06217648754979515,8.205752205223667e-07,0.937822691874986,15.0,780.2142857142857,52.0,0.014285714285714285
24.24109589041096,demographic_sir_R0_comparison,0.06243265009842442,7.68726680268607e-07,0.937566581174897,15.0,780.2142857142857,52.0,0.014285714285714285
24.26027397260274,demographic_sir_R0_comparison,0.06268878507206406,7.229196987899039e-07,0.9373104920082386,15.0,780.2142857142857,52.0,0.014285714285714285
24.279452054794522,demographic_sir_R0_comparison,0.06294488751291229,6.824526368633898e-07,0.9370544300344522,15.0,780.2142857142857,52.0,0.014285714285714285
24.2986301369863,demographic_sir_R0_comparison,0.06320095301266587,6.467241816046382e-07,0.9367984002631539,15.0,780.2142857142857,52.0,0.014285714285714285
24.317808219178083,demographic_sir_R0_comparison,0.06345697763440887,6.152187418667576e-07,0.9365424071468506,15.0,780.2142857142857,52.0,0.014285714285714285
24.336986301369862,demographic_sir_R0_comparison,0.06371295784546484,5.874942369837045e-07,0.9362864546602996,15.0,780.2142857142857,52.0,0.014285714285714285
24.356164383561644,demographic_sir_R0_comparison,0.0639688904594299,5.631718795639604e-07,0.9360305463686921,15.0,780.2142857142857,52.0,0.014285714285714285
24.375342465753423,demographic_sir_R0_comparison,0.0642247725858886,5.419276253910035e-07,0.9357746854864876,15.0,780.2142857142857,52.0,0.014285714285714285
24.394520547945206,demographic_sir_R0_comparison,0.06448060158655518,5.234850225459239e-07,0.9355188749284239,15.0,780.2142857142857,52.0,0.014285714285714285
24.413698630136988,demographic_sir_R0_comparison,0.06473637503677396,5.076092402403331e-07,0.9352631173539874,15.0,780.2142857142857,52.0,0.014285714285714285
24.432876712328767,demographic_sir_R0_comparison,0.06499209069147445,4.941020976227394e-07,0.9350074152064295,15.0,780.2142857142857,52.0,0.014285714285714285
24.45205479452055,demographic_sir_R0_comparison,0.06524774645480465,4.827979456822881e-07,0.9347517707472514,15.0,780.2142857142857,52.0,0.014285714285714285
24.471232876712328,demographic_sir_R0_comparison,0.06550334035277137,4.7356028267982714e-07,0.9344961860869474,15.0,780.2142857142857,52.0,0.014285714285714285
24.49041095890411,demographic_sir_R0_comparison,0.06575887050830284,4.662790063932798e-07,0.9342406632126923,15.0,780.2142857142857,52.0,0.014285714285714285
24.50958904109589,demographic_sir_R0_comparison,0.0660143351182142,4.608682257767427e-07,0.9339852040135616,15.0,780.2142857142857,52.0,0.014285714285714285
24.528767123287672,demographic_sir_R0_comparison,0.06626973243161109,4.572645711464303e-07,0.9337298103038194,15.0,780.2142857142857,52.0,0.014285714285714285
24.54794520547945,demographic_sir_R0_comparison,0.06652506072930307,4.554259563450604e-07,0.9334744838447421,15.0,780.2142857142857,52.0,0.014285714285714285
24.567123287671233,demographic_sir_R0_comparison,0.06678031830382941,4.553307590275013e-07,0.9332192263654132,15.0,780.2142857142857,52.0,0.014285714285714285
24.586301369863016,demographic_sir_R0_comparison,0.06703550343971237,4.569773967121239e-07,0.9329640395828924,15.0,780.2142857142857,52.0,0.014285714285714285
24.605479452054794,demographic_sir_R0_comparison,0.0672906143935633,4.603842869604745e-07,0.9327089252221513,15.0,780.2142857142857,52.0,0.014285714285714285
24.624657534246577,demographic_sir_R0_comparison,0.06754564937366049,4.655901903556494e-07,0.9324538850361508,15.0,780.2142857142857,52.0,0.014285714285714285
24.643835616438356,demographic_sir_R0_comparison,0.06780060651860408,4.7265494520221406e-07,0.9321989208264524,15.0,780.2142857142857,52.0,0.014285714285714285
24.663013698630138,demographic_sir_R0_comparison,0.06805548387463084,4.816606134202787e-07,0.9319440344647574,15.0,780.2142857142857,52.0,0.014285714285714285
24.682191780821917,demographic_sir_R0_comparison,0.06831027937113207,4.927130683177283e-07,0.9316892279158012,15.0,780.2142857142857,52.0,0.014285714285714285
24.7013698630137,demographic_sir_R0_comparison,0.06856499079387317,5.059440671896559e-07,0.9314345032620613,15.0,780.2142857142857,52.0,0.014285714285714285
24.720547945205478,demographic_sir_R0_comparison,0.06881961575534604,5.215138654482375e-07,0.9311798627307902,15.0,780.2142857142857,52.0,0.014285714285714285
24.73972602739726,demographic_sir_R0_comparison,0.06907415166161004,5.396144447285349e-07,0.9309253087239471,15.0,780.2142857142857,52.0,0.014285714285714285
24.758904109589043,demographic_sir_R0_comparison,0.06932859567487372,5.604734457287167e-07,0.9306708438516824,15.0,780.2142857142857,52.0,0.014285714285714285
24.778082191780822,demographic_sir_R0_comparison,0.06958294467095034,5.843589181213391e-07,0.9304164709701336,15.0,780.2142857142857,52.0,0.014285714285714285
24.797260273972604,demographic_sir_R0_comparison,0.0698371951905694,6.11585025551368e-07,0.9301621932244073,15.0,780.2142857142857,52.0,0.014285714285714285
24.816438356164383,demographic_sir_R0_comparison,0.07009134338334153,6.425188745342111e-07,0.9299080140977861,15.0,780.2142857142857,52.0,0.014285714285714285
24.835616438356166,demographic_sir_R0_comparison,0.0703453849429546,6.775886732301348e-07,0.9296539374683743,15.0,780.2142857142857,52.0,0.014285714285714285
24.854794520547944,demographic_sir_R0_comparison,0.07059931503190305,7.172934711355535e-07,0.929399967674628,15.0,780.2142857142857,52.0,0.014285714285714285
24.873972602739727,demographic_sir_R0_comparison,0.07085312819372441,7.622147855987565e-07,0.9291461095914919,15.0,780.2142857142857,52.0,0.014285714285714285
24.893150684931506,demographic_sir_R0_comparison,0.0711068182503111,8.130304880963655e-07,0.9288923687192026,15.0,780.2142857142857,52.0,0.014285714285714285
24.912328767123288,demographic_sir_R0_comparison,0.07136037818137365,8.705314053374288e-07,0.9286387512872227,15.0,780.2142857142857,52.0,0.014285714285714285
24.93150684931507,demographic_sir_R0_comparison,0.0716137999825282,9.35641191160498e-07,0.9283852643762823,15.0,780.2142857142857,52.0,0.014285714285714285
24.95068493150685,demographic_sir_R0_comparison,0.07186707449774442,1.0094401494447064e-06,0.9281319160621077,15.0,780.2142857142857,52.0,0.014285714285714285
24.96986301369863,demographic_sir_R0_comparison,0.07212019122098479,1.0931938416156534e-06,0.9278787155851752,15.0,780.2142857142857,52.0,0.014285714285714285
24.98904109589041,demographic_sir_R0_comparison,0.07237313806075528,1.1883875020075105e-06,0.9276256735517444,15.0,780.2142857142857,52.0,0.014285714285714285
25.008219178082193,demographic_sir_R0_comparison,0.07262590105992185,1.2967675194158507e-06,0.9273728021725605,15.0,780.2142857142857,52.0,0.014285714285714285
25.027397260273972,demographic_sir_R0_comparison,0.07287846406145959,1.4203915350583776e-06,0.9271201155470071,15.0,780.2142857142857,52.0,0.014285714285714285
25.046575342465754,demographic_sir_R0_comparison,0.07313080830872305,1.5616890702483445e-06,0.9268676300022086,15.0,780.2142857142857,52.0,0.014285714285714285
25.065753424657533,demographic_sir_R0_comparison,0.07338291196624883,1.723535049530896e-06,0.9266153644987034,15.0,780.2142857142857,52.0,0.014285714285714285
25.084931506849315,demographic_sir_R0_comparison,0.0736347495439122,1.9093391497660427e-06,0.92636334111694,15.0,780.2142857142857,52.0,0.014285714285714285
25.104109589041094,demographic_sir_R0_comparison,0.07388629120329404,2.12315461161923e-06,0.9261115856420966,15.0,780.2142857142857,52.0,0.014285714285714285
25.123287671232877,demographic_sir_R0_comparison,0.07413750192018771,2.369811033743111e-06,0.9258601282687808,15.0,780.2142857142857,52.0,0.014285714285714285
25.14246575342466,demographic_sir_R0_comparison,0.07438834047103253,2.6550767778299823e-06,0.9256090044521919,15.0,780.2142857142857,52.0,0.014285714285714285
25.161643835616438,demographic_sir_R0_comparison,0.07463875820340027,2.985858003070332e-06,0.9253582559385989,15.0,780.2142857142857,52.0,0.014285714285714285
25.18082191780822,demographic_sir_R0_comparison,0.07488869754108651,3.370443094988474e-06,0.9251079320158208,15.0,780.2142857142857,52.0,0.014285714285714285
25.2,demographic_sir_R0_comparison,0.07513809016238211,3.818803448823761e-06,0.9248580910341713,15.0,780.2142857142857,52.0,0.014285714285714285
25.21917808219178,demographic_sir_R0_comparison,0.07538685477510251,4.342964327918042e-06,0.924608802260572,15.0,780.2142857142857,52.0,0.014285714285714285
25.23835616438356,demographic_sir_R0_comparison,0.07563489439315149,4.9574629883711245e-06,0.9243601481438624,15.0,780.2142857142857,52.0,0.014285714285714285
25.257534246575343,demographic_sir_R0_comparison,0.0758820929958231,5.679915623313252e-06,0.9241122270885557,15.0,780.2142857142857,52.0,0.014285714285714285
25.276712328767122,demographic_sir_R0_comparison,0.07612831142147566,6.5317201564153455e-06,0.92386515685837,15.0,780.2142857142857,52.0,0.014285714285714285
25.295890410958904,demographic_sir_R0_comparison,0.07637338231013842,7.538928776638429e-06,0.9236190787610872,15.0,780.2142857142857,52.0,0.014285714285714285
25.315068493150687,demographic_sir_R0_comparison,0.07661710386316405,8.733332681234317e-06,0.9233741628041567,15.0,780.2142857142857,52.0,0.014285714285714285
25.334246575342465,demographic_sir_R0_comparison,0.07685923212994879,1.0153812165185459e-05,0.9231306140578881,15.0,780.2142857142857,52.0,0.014285714285714285
25.353424657534248,demographic_sir_R0_comparison,0.07709947145926413,1.1848018398075776e-05,0.9228886805223399,15.0,780.2142857142857,52.0,0.014285714285714285
25.372602739726027,demographic_sir_R0_comparison,0.07733746266266275,1.3874469432297443e-05,0.9226486628679069,15.0,780.2142857142857,52.0,0.014285714285714285
25.39178082191781,demographic_sir_R0_comparison,0.07757276832605979,1.630516264658304e-05,0.9224109265112957,15.0,780.2142857142857,52.0,0.014285714285714285
25.410958904109588,demographic_sir_R0_comparison,0.07780485456895263,1.922882930324424e-05,0.9221759166017465,15.0,780.2142857142857,52.0,0.014285714285714285
25.43013698630137,demographic_sir_R0_comparison,0.07803306838486705,2.2754984280945156e-05,0.9219441766308543,15.0,780.2142857142857,52.0,0.014285714285714285
25.44931506849315,demographic_sir_R0_comparison,0.07825660949821804,2.7018954884932512e-05,0.9217163715468993,15.0,780.2142857142857,52.0,0.014285714285714285
25.46849315068493,demographic_sir_R0_comparison,0.0784744954405278,3.218810545388373e-05,0.9214933164540206,15.0,780.2142857142857,52.0,0.014285714285714285
25.487671232876714,demographic_sir_R0_comparison,0.07868551828562223,3.846950598205162e-05,0.9212760122083979,15.0,780.2142857142857,52.0,0.014285714285714285
25.506849315068493,demographic_sir_R0_comparison,0.07888819119957975,4.611931678885408e-05,0.9210656894836334,15.0,780.2142857142857,52.0,0.014285714285714285
25.526027397260275,demographic_sir_R0_comparison,0.07908068268105915,5.545416599647792e-05,0.9208638631529464,15.0,780.2142857142857,52.0,0.014285714285714285
25.545205479452054,demographic_sir_R0_comparison,0.07926073613844328,6.686476284281125e-05,0.9206723990987161,15.0,780.2142857142857,52.0,0.014285714285714285
25.564383561643837,demographic_sir_R0_comparison,0.0794255723564979,8.083188604369955e-05,0.9204935957574606,15.0,780.2142857142857,52.0,0.014285714285714285
25.583561643835615,demographic_sir_R0_comparison,0.07957177258949093,9.794466284049288e-05,0.9203302827476707,15.0,780.2142857142857,52.0,0.014285714285714285
25.602739726027398,demographic_sir_R0_comparison,0.07969514070929781,0.00011892063602247352,0.9201859386546819,15.0,780.2142857142857,52.0,0.014285714285714285
25.621917808219177,demographic_sir_R0_comparison,0.0797905443886917,0.0001446263952337981,0.9200648292160767,15.0,780.2142857142857,52.0,0.014285714285714285
25.64109589041096,demographic_sir_R0_comparison,0.07985173822784897,0.0001760963801034191,0.9199721653920497,15.0,780.2142857142857,52.0,0.014285714285714285
25.66027397260274,demographic_sir_R0_comparison,0.0798711767442671,0.00021454567021204912,0.9199142775855229,15.0,780.2142857142857,52.0,0.014285714285714285
25.67945205479452,demographic_sir_R0_comparison,0.07983983312758967,0.0002613699867670028,0.9198987968856456,15.0,780.2142857142857,52.0,0.014285714285714285
25.698630136986303,demographic_sir_R0_comparison,0.07974705154735715,0.0003181226574293765,0.9199348257952158,15.0,780.2142857142857,52.0,0.014285714285714285
25.71780821917808,demographic_sir_R0_comparison,0.0795804772350694,0.00038645411994745084,0.9200330686449855,15.0,780.2142857142857,52.0,0.014285714285714285
25.736986301369864,demographic_sir_R0_comparison,0.07932612916859341,0.0004679954213652066,0.9202058754100436,15.0,780.2142857142857,52.0,0.014285714285714285
25.756164383561643,demographic_sir_R0_comparison,0.07896870233648688,0.0005641648952616909,0.9204671327682533,15.0,780.2142857142857,52.0,0.014285714285714285
25.775342465753425,demographic_sir_R0_comparison,0.07849220363036619,0.0006758800529056719,0.92083191631673,15.0,780.2142857142857,52.0,0.014285714285714285
25.794520547945204,demographic_sir_R0_comparison,0.07788102511157645,0.0008031695716171549,0.9213158053168082,15.0,780.2142857142857,52.0,0.014285714285714285
25.813698630136987,demographic_sir_R0_comparison,0.07712152268417959,0.000944708456604332,0.921933768859218,15.0,780.2142857142857,52.0,0.014285714285714285
25.83287671232877,demographic_sir_R0_comparison,0.07620407760236339,0.001097345479944957,0.9226985769176934,15.0,780.2142857142857,52.0,0.014285714285714285
25.852054794520548,demographic_sir_R0_comparison,0.07512546349405819,0.0012557494875581948,0.9236187870183854,15.0,780.2142857142857,52.0,0.014285714285714285
25.87123287671233,demographic_sir_R0_comparison,0.0738911423004257,0.0014123484499110437,0.9246965092496652,15.0,780.2142857142857,52.0,0.014285714285714285
25.89041095890411,demographic_sir_R0_comparison,0.07251693356886174,0.001557735103874265,0.925925331327266,15.0,780.2142857142857,52.0,0.014285714285714285
25.90958904109589,demographic_sir_R0_comparison,0.0710294472961372,0.0016816282493289805,0.9272889244545357,15.0,780.2142857142857,52.0,0.014285714285714285
25.92876712328767,demographic_sir_R0_comparison,0.0694648385582415,0.0017743032675939946,0.9287608581741665,15.0,780.2142857142857,52.0,0.014285714285714285
25.947945205479453,demographic_sir_R0_comparison,0.06786584585607972,0.0018281943565170067,0.9303059597874054,15.0,780.2142857142857,52.0,0.014285714285714285
25.96712328767123,demographic_sir_R0_comparison,0.0662775901742469,0.001839232597069723,0.9318831772286855,15.0,780.2142857142857,52.0,0.014285714285714285
25.986301369863014,demographic_sir_R0_comparison,0.06474301338976468,0.0018075169546769249,0.9334494696555605,15.0,780.2142857142857,52.0,0.014285714285714285
26.005479452054796,demographic_sir_R0_comparison,0.06329892780532735,0.0017371293379360255,0.9349639428567388,15.0,780.2142857142857,52.0,0.014285714285714285
26.024657534246575,demographic_sir_R0_comparison,0.06197339753977113,0.0016351981303494116,0.9363914043298817,15.0,780.2142857142857,52.0,0.014285714285714285
26.043835616438358,demographic_sir_R0_comparison,0.06078471945394143,0.0015105399864698314,0.9377047405595911,15.0,780.2142857142857,52.0,0.014285714285714285
26.063013698630137,demographic_sir_R0_comparison,0.059741831473339994,0.0013722739080402457,0.9388858946186222,15.0,780.2142857142857,52.0,0.014285714285714285
26.08219178082192,demographic_sir_R0_comparison,0.05884570582146203,0.0012287131500040203,0.9399255810285364,15.0,780.2142857142857,52.0,0.014285714285714285
26.101369863013698,demographic_sir_R0_comparison,0.058091220305118,0.0010866787265601614,0.9408221009683244,15.0,780.2142857142857,52.0,0.014285714285714285
26.12054794520548,demographic_sir_R0_comparison,0.057469085877368764,0.0009512283632807677,0.941579685759353,15.0,780.2142857142857,52.0,0.014285714285714285
26.13972602739726,demographic_sir_R0_comparison,0.056967557054539854,0.0008257036602098421,0.942206739285253,15.0,780.2142857142857,52.0,0.014285714285714285
26.15890410958904,demographic_sir_R0_comparison,0.05657379561780776,0.0007119700611369824,0.942714234321058,15.0,780.2142857142857,52.0,0.014285714285714285
26.17808219178082,demographic_sir_R0_comparison,0.056274863858073794,0.0006107387496143715,0.9431143973923147,15.0,780.2142857142857,52.0,0.014285714285714285
26.197260273972603,demographic_sir_R0_comparison,0.0560583856043174,0.0005218924719775839,0.9434197219237078,15.0,780.2142857142857,52.0,0.014285714285714285
26.216438356164385,demographic_sir_R0_comparison,0.055912940050257466,0.00044477105800921587,0.9436422888917363,15.0,780.2142857142857,52.0,0.014285714285714285
26.235616438356164,demographic_sir_R0_comparison,0.05582825746912636,0.00037839859336381165,0.9437933439375129,15.0,780.2142857142857,52.0,0.014285714285714285
26.254794520547946,demographic_sir_R0_comparison,0.055795278088321215,0.0003216509090582109,0.9438830710026237,15.0,780.2142857142857,52.0,0.014285714285714285
26.273972602739725,demographic_sir_R0_comparison,0.05580612306895762,0.00027337078090613695,0.9439205061501392,15.0,780.2142857142857,52.0,0.014285714285714285
26.293150684931508,demographic_sir_R0_comparison,0.05585401392508633,0.00023244148272907143,0.9439135445921877,15.0,780.2142857142857,52.0,0.014285714285714285
26.312328767123287,demographic_sir_R0_comparison,0.0559331658021263,0.0001978294067422283,0.9438690047911343,15.0,780.2142857142857,52.0,0.014285714285714285
26.33150684931507,demographic_sir_R0_comparison,0.0560386714407221,0.00016860501372234645,0.9437927235455584,15.0,780.2142857142857,52.0,0.014285714285714285
26.350684931506848,demographic_sir_R0_comparison,0.056166386310777174,0.00014394943104272778,0.9436896642581829,15.0,780.2142857142857,52.0,0.014285714285714285
26.36986301369863,demographic_sir_R0_comparison,0.05631282095098763,0.00012315212508770627,0.9435640269239275,15.0,780.2142857142857,52.0,0.014285714285714285
26.389041095890413,demographic_sir_R0_comparison,0.05647504356344651,0.00010560347322252903,0.9434193529633339,15.0,780.2142857142857,52.0,0.014285714285714285
26.40821917808219,demographic_sir_R0_comparison,0.056650593997662056,9.078481149560955e-05,0.9432586211908451,15.0,780.2142857142857,52.0,0.014285714285714285
26.427397260273974,demographic_sir_R0_comparison,0.05683740909312554,7.825761377119476e-05,0.9430843332931061,15.0,780.2142857142857,52.0,0.014285714285714285
26.446575342465753,demographic_sir_R0_comparison,0.057033758690805084,6.765280889383297e-05,0.9428985885003042,15.0,780.2142857142857,52.0,0.014285714285714285
26.465753424657535,demographic_sir_R0_comparison,0.05723819129521872,5.866080192105731e-05,0.9427031479028634,15.0,780.2142857142857,52.0,0.014285714285714285
26.484931506849314,demographic_sir_R0_comparison,0.05744948824686977,5.102247731954212e-05,0.942499489275814,15.0,780.2142857142857,52.0,0.014285714285714285
26.504109589041096,demographic_sir_R0_comparison,0.057666625266431626,4.452128109428741e-05,0.9422888534524774,15.0,780.2142857142857,52.0,0.014285714285714285
26.523287671232875,demographic_sir_R0_comparison,0.05788874030229704,3.897637090057179e-05,0.9420722833268055,15.0,780.2142857142857,52.0,0.014285714285714285
26.542465753424658,demographic_sir_R0_comparison,0.05811510671697281,3.423676349096916e-05,0.9418506565195393,15.0,780.2142857142857,52.0,0.014285714285714285
26.56164383561644,demographic_sir_R0_comparison,0.058345110963746526,3.0176380010152408e-05,0.9416247126562466,15.0,780.2142857142857,52.0,0.014285714285714285
26.58082191780822,demographic_sir_R0_comparison,0.05857823402042782,2.6689879834874558e-05,0.9413950760997406,15.0,780.2142857142857,52.0,0.014285714285714285
26.6,demographic_sir_R0_comparison,0.05881403595484594,2.3689175004275414e-05,0.9411622748701531,15.0,780.2142857142857,52.0,0.014285714285714285
26.61917808219178,demographic_sir_R0_comparison,0.05905214309385974,2.110052470559877e-05,0.9409267563814381,15.0,780.2142857142857,52.0,0.014285714285714285
26.638356164383563,demographic_sir_R0_comparison,0.059292237352779525,1.8862119568828993e-05,0.9406889005276549,15.0,780.2142857142857,52.0,0.014285714285714285
26.65753424657534,demographic_sir_R0_comparison,0.0595340473554501,1.69220767348291e-05,0.9404490305678181,15.0,780.2142857142857,52.0,0.014285714285714285
26.676712328767124,demographic_sir_R0_comparison,0.059777341037632825,1.5236777670211902e-05,0.9402074221847,15.0,780.2142857142857,52.0,0.014285714285714285
26.695890410958903,demographic_sir_R0_comparison,0.0600219194788803,1.376949090732812e-05,0.9399643110302153,15.0,780.2142857142857,52.0,0.014285714285714285
26.715068493150685,demographic_sir_R0_comparison,0.0602676117520703,1.2489231013376428e-05,0.9397198990169191,15.0,780.2142857142857,52.0,0.014285714285714285
26.734246575342468,demographic_sir_R0_comparison,0.06051427061635655,1.1369813057973235e-05,0.939474359570588,15.0,780.2142857142857,52.0,0.014285714285714285
26.753424657534246,demographic_sir_R0_comparison,0.06076176890963505,1.0389068683798175e-05,0.9392278420216836,15.0,780.2142857142857,52.0,0.014285714285714285
26.77260273972603,demographic_sir_R0_comparison,0.061009996521704676,9.528195678821226e-06,0.9389804752826189,15.0,780.2142857142857,52.0,0.014285714285714285
26.791780821917808,demographic_sir_R0_comparison,0.06125885784999696,8.771217815463153e-06,0.9387323709321899,15.0,780.2142857142857,52.0,0.014285714285714285
26.81095890410959,demographic_sir_R0_comparison,0.06150826965680429,8.104535782766224e-06,0.9384836258074154,15.0,780.2142857142857,52.0,0.014285714285714285
26.83013698630137,demographic_sir_R0_comparison,0.06175815926097558,7.516553408893546e-06,0.9382343241856179,15.0,780.2142857142857,52.0,0.014285714285714285
26.84931506849315,demographic_sir_R0_comparison,0.062008463008607746,6.997366159775466e-06,0.9379845396252349,15.0,780.2142857142857,52.0,0.014285714285714285
26.86849315068493,demographic_sir_R0_comparison,0.06225912497676954,6.538501200106135e-06,0.9377343365220329,15.0,780.2142857142857,52.0,0.014285714285714285
26.887671232876713,demographic_sir_R0_comparison,0.0625100958721267,6.1327001970671286e-06,0.9374837714276788,15.0,780.2142857142857,52.0,0.014285714285714285
26.906849315068495,demographic_sir_R0_comparison,0.06276133209278155,5.77373760501481e-06,0.9372328941696161,15.0,780.2142857142857,52.0,0.014285714285714285
26.926027397260274,demographic_sir_R0_comparison,0.06301279492695466,5.456268449778802e-06,0.9369817488045981,15.0,780.2142857142857,52.0,0.014285714285714285
26.945205479452056,demographic_sir_R0_comparison,0.06326444986651353,5.175700683422358e-06,0.9367303744328056,15.0,780.2142857142857,52.0,0.014285714285714285
26.964383561643835,demographic_sir_R0_comparison,0.06351626601696578,4.928088045178904e-06,0.9364788058949914,15.0,780.2142857142857,52.0,0.014285714285714285
26.983561643835618,demographic_sir_R0_comparison,0.0637682155885167,4.710040075601416e-06,0.9362270743714101,15.0,780.2142857142857,52.0,0.014285714285714285
27.002739726027396,demographic_sir_R0_comparison,0.06402027345525019,4.518646516593836e-06,0.9359752078982355,15.0,780.2142857142857,52.0,0.014285714285714285
27.02191780821918,demographic_sir_R0_comparison,0.06427241677152748,4.351413812816303e-06,0.9357232318146619,15.0,780.2142857142857,52.0,0.014285714285714285
27.041095890410958,demographic_sir_R0_comparison,0.06452462463637242,4.206211828771687e-06,0.935471169151801,15.0,780.2142857142857,52.0,0.014285714285714285
27.06027397260274,demographic_sir_R0_comparison,0.06477687779799846,4.081229226096486e-06,0.9352190409727775,15.0,780.2142857142857,52.0,0.014285714285714285
27.07945205479452,demographic_sir_R0_comparison,0.0650291583917681,3.974936219858026e-06,0.934966866672014,15.0,780.2142857142857,52.0,0.014285714285714285
27.0986301369863,demographic_sir_R0_comparison,0.06528144970581178,3.88605366139102e-06,0.9347146642405287,15.0,780.2142857142857,52.0,0.014285714285714285
27.117808219178084,demographic_sir_R0_comparison,0.06553373596929182,3.8135275869604154e-06,0.934462450503123,15.0,780.2142857142857,52.0,0.014285714285714285
27.136986301369863,demographic_sir_R0_comparison,0.06578600215891374,3.75650853338533e-06,0.9342102413325546,15.0,780.2142857142857,52.0,0.014285714285714285
27.156164383561645,demographic_sir_R0_comparison,0.06603823381977716,3.714335059586898e-06,0.933958051845165,15.0,780.2142857142857,52.0,0.014285714285714285
27.175342465753424,demographic_sir_R0_comparison,0.06629041689703839,3.6865210317517734e-06,0.9337058965819314,15.0,780.2142857142857,52.0,0.014285714285714285
27.194520547945206,demographic_sir_R0_comparison,0.0665425375751447,3.672746333600392e-06,0.9334537896785233,15.0,780.2142857142857,52.0,0.014285714285714285
27.213698630136985,demographic_sir_R0_comparison,0.06679458212159643,3.6728507556920494e-06,0.9332017450276495,15.0,780.2142857142857,52.0,0.014285714285714285
27.232876712328768,demographic_sir_R0_comparison,0.06704653673231603,3.6868309019145857e-06,0.9329497764367837,15.0,780.2142857142857,52.0,0.014285714285714285
27.252054794520546,demographic_sir_R0_comparison,0.067298387375743,3.714840030100974e-06,0.9326978977842283,15.0,780.2142857142857,52.0,0.014285714285714285
27.27123287671233,demographic_sir_R0_comparison,0.06755011963274801,3.757190819676567e-06,0.9324461231764336,15.0,780.2142857142857,52.0,0.014285714285714285
27.29041095890411,demographic_sir_R0_comparison,0.06780171852934885,3.8143611348432926e-06,0.9321944671095175,15.0,780.2142857142857,52.0,0.014285714285714285
27.30958904109589,demographic_sir_R0_comparison,0.0680531683590324,3.887002929503404e-06,0.9319429446380392,15.0,780.2142857142857,52.0,0.014285714285714285
27.328767123287673,demographic_sir_R0_comparison,0.06830445249121504,3.975954522439556e-06,0.9316915715542636,15.0,780.2142857142857,52.0,0.014285714285714285
27.34794520547945,demographic_sir_R0_comparison,0.06855555316201511,4.082256560891309e-06,0.9314403645814251,15.0,780.2142857142857,52.0,0.014285714285714285
27.367123287671234,demographic_sir_R0_comparison,0.06880645124304666,4.207172090561691e-06,0.9311893415848638,15.0,780.2142857142857,52.0,0.014285714285714285
27.386301369863013,demographic_sir_R0_comparison,0.06905712598335693,4.352211263588163e-06,0.9309385218053804,15.0,780.2142857142857,52.0,0.014285714285714285
27.405479452054795,demographic_sir_R0_comparison,0.0693075547189095,4.519161346969425e-06,0.9306879261197445,15.0,780.2142857142857,52.0,0.014285714285714285
27.424657534246574,demographic_sir_R0_comparison,0.06955771254312548,4.71012284684299e-06,0.9304375773340285,15.0,780.2142857142857,52.0,0.014285714285714285
27.443835616438356,demographic_sir_R0_comparison,0.06980757193091959,4.927552744177775e-06,0.9301875005163369,15.0,780.2142857142857,52.0,0.014285714285714285
27.46301369863014,demographic_sir_R0_comparison,0.07005710230735626,5.174316051203116e-06,0.9299377233765933,15.0,780.2142857142857,52.0,0.014285714285714285
27.482191780821918,demographic_sir_R0_comparison,0.07030626955047208,5.453747152825014e-06,0.929688276702376,15.0,780.2142857142857,52.0,0.014285714285714285
27.5013698630137,demographic_sir_R0_comparison,0.07055503541589847,5.769722702473132e-06,0.9294391948613998,15.0,780.2142857142857,52.0,0.014285714285714285
27.52054794520548,demographic_sir_R0_comparison,0.07080335686861404,6.1267482082204044e-06,0.9291905163831786,15.0,780.2142857142857,52.0,0.014285714285714285
27.53972602739726,demographic_sir_R0_comparison,0.07105118530437712,6.5300608857728e-06,0.9289422846347379,15.0,780.2142857142857,52.0,0.014285714285714285
27.55890410958904,demographic_sir_R0_comparison,0.07129846564003452,6.9857518858178086e-06,0.9286945486080803,15.0,780.2142857142857,52.0,0.014285714285714285
27.578082191780823,demographic_sir_R0_comparison,0.07154513524786205,7.500911643156511e-06,0.9284473638404956,15.0,780.2142857142857,52.0,0.014285714285714285
27.5972602739726,demographic_sir_R0_comparison,0.07179112270421516,8.083802866536544e-06,0.9282007934929193,15.0,780.2142857142857,52.0,0.014285714285714285
27.616438356164384,demographic_sir_R0_comparison,0.07203634631689206,8.744066617861851e-06,0.9279549096164912,15.0,780.2142857142857,52.0,0.014285714285714285
27.635616438356166,demographic_sir_R0_comparison,0.07228071238852489,9.492968048828947e-06,0.9277097946434273,15.0,780.2142857142857,52.0,0.014285714285714285
27.654794520547945,demographic_sir_R0_comparison,0.07252411316478068,1.0343689708504692e-05,0.9274655431455119,15.0,780.2142857142857,52.0,0.014285714285714285
27.673972602739727,demographic_sir_R0_comparison,0.07276642440588103,1.1311681948616035e-05,0.9272222639121713,15.0,780.2142857142857,52.0,0.014285714285714285
27.693150684931506,demographic_sir_R0_comparison,0.07300750250760302,1.241508188109362e-05,0.9269800824105167,15.0,780.2142857142857,52.0,0.014285714285714285
27.71232876712329,demographic_sir_R0_comparison,0.0732471810831171,1.367521463538103e-05,0.9267391437022484,15.0,780.2142857142857,52.0,0.014285714285714285
27.731506849315068,demographic_sir_R0_comparison,0.07348526689930317,1.5117193373482236e-05,0.9264996159073241,15.0,780.2142857142857,52.0,0.014285714285714285
27.75068493150685,demographic_sir_R0_comparison,0.07372153504008112,1.6770637698277163e-05,0.926261694322221,15.0,780.2142857142857,52.0,0.014285714285714285
27.76986301369863,demographic_sir_R0_comparison,0.07395572314426345,1.8670533774429302e-05,0.9260256063219624,15.0,780.2142857142857,52.0,0.014285714285714285
27.78904109589041,demographic_sir_R0_comparison,0.0741875245359619,2.08582636874866e-05,0.9257916172003509,15.0,780.2142857142857,52.0,0.014285714285714285
27.808219178082194,demographic_sir_R0_comparison,0.07441658003116683,2.3382836268490787e-05,0.9255600371325651,15.0,780.2142857142857,52.0,0.014285714285714285
27.827397260273973,demographic_sir_R0_comparison,0.07464246816442503,2.6302356707043704e-05,0.9253312294788683,15.0,780.2142857142857,52.0,0.014285714285714285
27.846575342465755,demographic_sir_R0_comparison,0.07486469353449497,2.9685777541108255e-05,0.925105620687964,15.0,780.2142857142857,52.0,0.014285714285714285
27.865753424657534,demographic_sir_R0_comparison,0.07508267291790015,3.3614978628283066e-05,0.9248837121034719,15.0,780.2142857142857,52.0,0.014285714285714285
27.884931506849316,demographic_sir_R0_comparison,0.0752957187457304,3.818722775211694e-05,0.9246660940265177,15.0,780.2142857142857,52.0,0.014285714285714285
27.904109589041095,demographic_sir_R0_comparison,0.07550301948452698,4.351807542638568e-05,0.9244534624400467,15.0,780.2142857142857,52.0,0.014285714285714285
27.923287671232877,demographic_sir_R0_comparison,0.07570361641146434,4.9744735389460654e-05,0.9242466388531463,15.0,780.2142857142857,52.0,0.014285714285714285
27.942465753424656,demographic_sir_R0_comparison,0.07589637623538525,5.7029993421888336e-05,0.9240465937711928,15.0,780.2142857142857,52.0,0.014285714285714285
27.96164383561644,demographic_sir_R0_comparison,0.07607995900144668,6.556666730064661e-05,0.9238544743312526,15.0,780.2142857142857,52.0,0.014285714285714285
27.98082191780822,demographic_sir_R0_comparison,0.07625278074799374,7.558260387885695e-05,0.9236716366481273,15.0,780.2142857142857,52.0,0.014285714285714285
28.0,demographic_sir_R0_comparison,0.07641297048928111,8.734613693271374e-05,0.923499683373786,15.0,780.2142857142857,52.0,0.014285714285714285
28.019178082191782,demographic_sir_R0_comparison,0.07655832131937088,0.00010117182992597953,0.9233405068507031,15.0,780.2142857142857,52.0,0.014285714285714285
28.03835616438356,demographic_sir_R0_comparison,0.0766862358304683,0.00011742617598888737,0.9231963379935427,15.0,780.2142857142857,52.0,0.014285714285714285
28.057534246575344,demographic_sir_R0_comparison,0.07679366669320846,0.00013653270437748603,0.923069800602414,15.0,780.2142857142857,52.0,0.014285714285714285
28.076712328767123,demographic_sir_R0_comparison,0.07687705425966436,0.00015897562720041945,0.9229639701131354,15.0,780.2142857142857,52.0,0.014285714285714285
28.095890410958905,demographic_sir_R0_comparison,0.07693226454499938,0.00018530073194347998,0.9228824347230572,15.0,780.2142857142857,52.0,0.014285714285714285
28.115068493150684,demographic_sir_R0_comparison,0.07695453305224169,0.00021611167226331555,0.922829355275495,15.0,780.2142857142857,52.0,0.014285714285714285
28.134246575342466,demographic_sir_R0_comparison,0.07693842273860851,0.0002520591416251321,0.9228095181197663,15.0,780.2142857142857,52.0,0.014285714285714285
28.153424657534245,demographic_sir_R0_comparison,0.0768778080186431,0.00029381968618973455,0.922828372295167,15.0,780.2142857142857,52.0,0.014285714285714285
28.172602739726027,demographic_sir_R0_comparison,0.07676590092882377,0.00034206025726579936,0.92289203881391,15.0,780.2142857142857,52.0,0.014285714285714285
28.19178082191781,demographic_sir_R0_comparison,0.07659534000271906,0.000397384271331588,0.9230072757259489,15.0,780.2142857142857,52.0,0.014285714285714285
28.21095890410959,demographic_sir_R0_comparison,0.07635836610234785,0.0004602553468939406,0.9231813785507578,15.0,780.2142857142857,52.0,0.014285714285714285
28.23013698630137,demographic_sir_R0_comparison,0.07604711083744886,0.0005308965987163709,0.9234219925638344,15.0,780.2142857142857,52.0,0.014285714285714285
28.24931506849315,demographic_sir_R0_comparison,0.07565401996896161,0.0006091670628829539,0.9237368129681549,15.0,780.2142857142857,52.0,0.014285714285714285
28.268493150684932,demographic_sir_R0_comparison,0.07517242351562009,0.0006944230484395247,0.9241331534359396,15.0,780.2142857142857,52.0,0.014285714285714285
28.28767123287671,demographic_sir_R0_comparison,0.07459724357283173,0.0007853809637049977,0.9246173754634625,15.0,780.2142857142857,52.0,0.014285714285714285
28.306849315068494,demographic_sir_R0_comparison,0.07392579918245361,0.0008800083041811483,0.9251941925133643,15.0,780.2142857142857,52.0,0.014285714285714285
28.326027397260273,demographic_sir_R0_comparison,0.07315862767931638,0.0009754781763464279,0.9258658941443362,15.0,780.2142857142857,52.0,0.014285714285714285
28.345205479452055,demographic_sir_R0_comparison,0.07230020193848072,0.0010682254163355204,0.9266315726451827,15.0,780.2142857142857,52.0,0.014285714285714285
28.364383561643837,demographic_sir_R0_comparison,0.07135939657161268,0.0011541339128997847,0.9274864695154864,15.0,780.2142857142857,52.0,0.014285714285714285
28.383561643835616,demographic_sir_R0_comparison,0.07034955948102174,0.0012288620204133562,0.9284215784985637,15.0,780.2142857142857,52.0,0.014285714285714285
28.4027397260274,demographic_sir_R0_comparison,0.06928808987736958,0.0012882780754461223,0.9294236320471831,15.0,780.2142857142857,52.0,0.014285714285714285
28.421917808219177,demographic_sir_R0_comparison,0.06819550866410543,0.0013289403067259014,0.9304755510291675,15.0,780.2142857142857,52.0,0.014285714285714285
28.44109589041096,demographic_sir_R0_comparison,0.06709411323641755,0.001348529410383838,0.9315573573531973,15.0,780.2142857142857,52.0,0.014285714285714285
28.46027397260274,demographic_sir_R0_comparison,0.06600640395492624,0.0013461412060425183,0.93264745483903,15.0,780.2142857142857,52.0,0.014285714285714285
28.47945205479452,demographic_sir_R0_comparison,0.0649535210268919,0.0013223755655304705,0.9337241034075763,15.0,780.2142857142857,52.0,0.014285714285714285
28.4986301369863,demographic_sir_R0_comparison,0.06395392050472468,0.0012792076393607211,0.9347668718559131,15.0,780.2142857142857,52.0,0.014285714285714285
28.517808219178082,demographic_sir_R0_comparison,0.06302245246256152,0.0012196800620308669,0.9357578674754062,15.0,780.2142857142857,52.0,0.014285714285714285
28.536986301369865,demographic_sir_R0_comparison,0.06216990876089851,0.0011474915880328182,0.9366825996510674,15.0,780.2142857142857,52.0,0.014285714285714285
28.556164383561644,demographic_sir_R0_comparison,0.06140301424989345,0.0010665682952459806,0.9375304174548592,15.0,780.2142857142857,52.0,0.014285714285714285
28.575342465753426,demographic_sir_R0_comparison,0.06072476835292388,0.0009806896825024652,0.9382945419645724,15.0,780.2142857142857,52.0,0.014285714285714285
28.594520547945205,demographic_sir_R0_comparison,0.06013501346949043,0.0008932137714193244,0.938971772759089,15.0,780.2142857142857,52.0,0.014285714285714285
28.613698630136987,demographic_sir_R0_comparison,0.05963110860929641,0.0008069148427345237,0.9395619765479678,15.0,780.2142857142857,52.0,0.014285714285714285
28.632876712328766,demographic_sir_R0_comparison,0.05920860962090364,0.0007239235951323884,0.9400674667839628,15.0,780.2142857142857,52.0,0.014285714285714285
28.65205479452055,demographic_sir_R0_comparison,0.058861888772440196,0.0006457459654898466,0.9404923652620689,15.0,780.2142857142857,52.0,0.014285714285714285
28.671232876712327,demographic_sir_R0_comparison,0.05858465680222462,0.000573332876997884,0.9408420103207764,15.0,780.2142857142857,52.0,0.014285714285714285
28.69041095890411,demographic_sir_R0_comparison,0.05837037470192782,0.0005071758043976979,0.9411224494936735,15.0,780.2142857142857,52.0,0.014285714285714285
28.709589041095892,demographic_sir_R0_comparison,0.058212558870004164,0.0004474089323477484,0.9413400321976472,15.0,780.2142857142857,52.0,0.014285714285714285
28.72876712328767,demographic_sir_R0_comparison,0.058104992583047195,0.0003939052493389198,0.9415011021676128,15.0,780.2142857142857,52.0,0.014285714285714285
28.747945205479454,demographic_sir_R0_comparison,0.05804186067022198,0.0003463596425719394,0.9416117796872052,15.0,780.2142857142857,52.0,0.014285714285714285
28.767123287671232,demographic_sir_R0_comparison,0.058017824670054396,0.0003043563224777959,0.9416778190074672,15.0,780.2142857142857,52.0,0.014285714285714285
28.786301369863015,demographic_sir_R0_comparison,0.058028054134268314,0.00026742068080474107,0.9417045251849264,15.0,780.2142857142857,52.0,0.014285714285714285
28.805479452054794,demographic_sir_R0_comparison,0.05806822722578058,0.00023505723567848416,0.9416967155385403,15.0,780.2142857142857,52.0,0.014285714285714285
28.824657534246576,demographic_sir_R0_comparison,0.058134511041080486,0.0002067759879284188,0.9416587129709902,15.0,780.2142857142857,52.0,0.014285714285714285
28.843835616438355,demographic_sir_R0_comparison,0.058223529563233165,0.000182109625059202,0.9415943608117069,15.0,780.2142857142857,52.0,0.014285714285714285
28.863013698630137,demographic_sir_R0_comparison,0.05833232499997386,0.00016062381033968523,0.9415070511896855,15.0,780.2142857142857,52.0,0.014285714285714285
28.88219178082192,demographic_sir_R0_comparison,0.05845831653044206,0.00014192245499582387,0.9413997610145611,15.0,780.2142857142857,52.0,0.014285714285714285
28.9013698630137,demographic_sir_R0_comparison,0.05859925915139568,0.00012564949690178643,0.9412750913517014,15.0,780.2142857142857,52.0,0.014285714285714285
28.92054794520548,demographic_sir_R0_comparison,0.058753204324043816,0.00011148835743809456,0.9411353073185169,15.0,780.2142857142857,52.0,0.014285714285714285
28.93972602739726,demographic_sir_R0_comparison,0.05891846341118233,9.915994590464194e-05,0.9409823766429118,15.0,780.2142857142857,52.0,0.014285714285714285
28.958904109589042,demographic_sir_R0_comparison,0.059093574399065735,8.841983571153565e-05,0.9408180057652217,15.0,780.2142857142857,52.0,0.014285714285714285
28.97808219178082,demographic_sir_R0_comparison,0.059277272065622354,7.90550459678025e-05,0.940643672888409,15.0,780.2142857142857,52.0,0.014285714285714285
28.997260273972604,demographic_sir_R0_comparison,0.05946846154238656,7.08807188022784e-05,0.9404606577388103,15.0,780.2142857142857,52.0,0.014285714285714285
29.016438356164382,demographic_sir_R0_comparison,0.05966619508763621,6.373687809819972e-05,0.9402700680342646,15.0,780.2142857142857,52.0,0.014285714285714285
29.035616438356165,demographic_sir_R0_comparison,0.059869651816787196,5.7485380904618694e-05,0.9400728628023073,15.0,780.2142857142857,52.0,0.014285714285714285
29.054794520547947,demographic_sir_R0_comparison,0.060078120104014136,5.200712127996553e-05,0.9398698727747051,15.0,780.2142857142857,52.0,0.014285714285714285
29.073972602739726,demographic_sir_R0_comparison,0.0602909823625887,4.719951172225145e-05,0.9396618181256883,15.0,780.2142857142857,52.0,0.014285714285714285
29.09315068493151,demographic_sir_R0_comparison,0.06050770192084923,4.297424493029391e-05,0.9394493238342198,15.0,780.2142857142857,52.0,0.014285714285714285
29.112328767123287,demographic_sir_R0_comparison,0.060727811729342926,3.92553248293928e-05,0.9392329329458271,15.0,780.2142857142857,52.0,0.014285714285714285
29.13150684931507,demographic_sir_R0_comparison,0.060950904658004124,3.597734791569804e-05,0.9390131179940797,15.0,780.2142857142857,52.0,0.014285714285714285
29.15068493150685,demographic_sir_R0_comparison,0.06117662516728507,3.308401208605027e-05,0.9387902908206284,15.0,780.2142857142857,52.0,0.014285714285714285
29.16986301369863,demographic_sir_R0_comparison,0.061404662162080875,3.0526828839433114e-05,0.9385648110090792,15.0,780.2142857142857,52.0,0.014285714285714285
29.18904109589041,demographic_sir_R0_comparison,0.06163474286096258,2.82640150919333e-05,0.9383369931239449,15.0,780.2142857142857,52.0,0.014285714285714285
29.208219178082192,demographic_sir_R0_comparison,0.0618666275350516,2.6259542171433268e-05,0.9381071129227764,15.0,780.2142857142857,52.0,0.014285714285714285
29.22739726027397,demographic_sir_R0_comparison,0.06210010499054786,2.448232140153001e-05,0.9378754126880499,15.0,780.2142857142857,52.0,0.014285714285714285
29.246575342465754,demographic_sir_R0_comparison,0.06233498868641048,2.29055077507879e-05,0.9376421058058378,15.0,780.2142857142857,52.0,0.014285714285714285
29.265753424657536,demographic_sir_R0_comparison,0.06257111339403955,2.1505905125686442e-05,0.9374073807008341,15.0,780.2142857142857,52.0,0.014285714285714285
29.284931506849315,demographic_sir_R0_comparison,0.06280833231917163,2.0263458909503015e-05,0.937171404221918,15.0,780.2142857142857,52.0,0.014285714285714285
29.304109589041097,demographic_sir_R0_comparison,0.06304651461774916,1.916082323089133e-05,0.936934324559019,15.0,780.2142857142857,52.0,0.014285714285714285
29.323287671232876,demographic_sir_R0_comparison,0.0632855432474517,1.8182992153878124e-05,0.9366962737603934,15.0,780.2142857142857,52.0,0.014285714285714285
29.34246575342466,demographic_sir_R0_comparison,0.0635253131050744,1.7316985505401974e-05,0.9364573699094193,15.0,780.2142857142857,52.0,0.014285714285714285
29.361643835616437,demographic_sir_R0_comparison,0.06376572940718231,1.655158140044357e-05,0.9362177190114165,15.0,780.2142857142857,52.0,0.014285714285714285
29.38082191780822,demographic_sir_R0_comparison,0.06400670627762914,1.5877088698886998e-05,0.9359774166336711,15.0,780.2142857142857,52.0,0.014285714285714285
29.4,demographic_sir_R0_comparison,0.06424816551074504,1.5285153647256444e-05,0.9357365493356067,15.0,780.2142857142857,52.0,0.014285714285714285
29.41917808219178,demographic_sir_R0_comparison,0.06449003548341224,1.4768595838735598e-05,0.935495195920748,15.0,780.2142857142857,52.0,0.014285714285714285
29.438356164383563,demographic_sir_R0_comparison,0.0647322501929589,1.4321269383052834e-05,0.935253428537657,15.0,780.2142857142857,52.0,0.014285714285714285
29.457534246575342,demographic_sir_R0_comparison,0.064974748400924,1.3937945829848714e-05,0.9350113136532452,15.0,780.2142857142857,52.0,0.014285714285714285
29.476712328767125,demographic_sir_R0_comparison,0.06521747286534896,1.361421594992835e-05,0.9347689129187002,15.0,780.2142857142857,52.0,0.014285714285714285
29.495890410958904,demographic_sir_R0_comparison,0.06546036964641538,1.3346407961867512e-05,0.9345262839456218,15.0,780.2142857142857,52.0,0.014285714285714285
29.515068493150686,demographic_sir_R0_comparison,0.06570338747202925,1.3131520208962121e-05,0.9342834810077608,15.0,780.2142857142857,52.0,0.014285714285714285
29.534246575342465,demographic_sir_R0_comparison,0.06594647715139512,1.2967166654337577e-05,0.9340405556819494,15.0,780.2142857142857,52.0,0.014285714285714285
29.553424657534247,demographic_sir_R0_comparison,0.06618959102577843,1.2851533879785222e-05,0.9337975574403407,15.0,780.2142857142857,52.0,0.014285714285714285
29.572602739726026,demographic_sir_R0_comparison,0.06643268244654076,1.2783348555137253e-05,0.933554534204903,15.0,780.2142857142857,52.0,0.014285714285714285
29.59178082191781,demographic_sir_R0_comparison,0.0666757052711889,1.2761854597353699e-05,0.9333115328742125,15.0,780.2142857142857,52.0,0.014285714285714285
29.61095890410959,demographic_sir_R0_comparison,0.06691861336861038,1.2786799468860407e-05,0.9330685998319196,15.0,780.2142857142857,52.0,0.014285714285714285
29.63013698630137,demographic_sir_R0_comparison,0.06716136012489864,1.2858429279310168e-05,0.932825781445821,15.0,780.2142857142857,52.0,0.014285714285714285
29.649315068493152,demographic_sir_R0_comparison,0.06740389794120065,1.297749255966275e-05,0.9325831245662389,15.0,780.2142857142857,52.0,0.014285714285714285
29.66849315068493,demographic_sir_R0_comparison,0.06764617771485139,1.3145252777798647e-05,0.93234067703237,15.0,780.2142857142857,52.0,0.014285714285714285
29.687671232876713,demographic_sir_R0_comparison,0.06788814829469385,1.3363509866134345e-05,0.9320984881954393,15.0,780.2142857142857,52.0,0.014285714285714285
29.706849315068492,demographic_sir_R0_comparison,0.06812975590090284,1.3634631239183444e-05,0.9318566094678573,15.0,780.2142857142857,52.0,0.014285714285714285
29.726027397260275,demographic_sir_R0_comparison,0.06837094349883342,1.3961592998084902e-05,0.9316150949081677,15.0,780.2142857142857,52.0,0.014285714285714285
29.745205479452054,demographic_sir_R0_comparison,0.06861165011536575,1.4348032255354589e-05,0.9313740018523782,15.0,780.2142857142857,52.0,0.014285714285714285
29.764383561643836,demographic_sir_R0_comparison,0.0688518100849084,1.4798311772378239e-05,0.9311333916033185,15.0,780.2142857142857,52.0,0.014285714285714285
29.78356164383562,demographic_sir_R0_comparison,0.06909135221060309,1.5317598390681135e-05,0.9308933301910056,15.0,780.2142857142857,52.0,0.014285714285714285
29.802739726027397,demographic_sir_R0_comparison,0.0693301988243202,1.5911957062478175e-05,0.9306538892186165,15.0,780.2142857142857,52.0,0.014285714285714285
29.82191780821918,demographic_sir_R0_comparison,0.06956826472668987,1.6588462653563773e-05,0.9304151468106558,15.0,780.2142857142857,52.0,0.014285714285714285
29.84109589041096,demographic_sir_R0_comparison,0.0698054559856282,1.7355332109833794e-05,0.9301771886822613,15.0,780.2142857142857,52.0,0.014285714285714285
29.86027397260274,demographic_sir_R0_comparison,0.07004166856853314,1.8222080055541477e-05,0.9299401093514106,15.0,780.2142857142857,52.0,0.014285714285714285
29.87945205479452,demographic_sir_R0_comparison,0.07027678677945881,1.919970143472123e-05,0.9297040135191057,15.0,780.2142857142857,52.0,0.014285714285714285
29.898630136986302,demographic_sir_R0_comparison,0.07051068146806794,2.030088542467997e-05,0.9294690176465066,15.0,780.2142857142857,52.0,0.014285714285714285
29.91780821917808,demographic_sir_R0_comparison,0.07074320797191078,2.1540265548510424e-05,0.9292352517625397,15.0,780.2142857142857,52.0,0.014285714285714285
29.936986301369863,demographic_sir_R0_comparison,0.07097420374751179,2.2934711696535263e-05,0.9290028615407906,15.0,780.2142857142857,52.0,0.014285714285714285
29.956164383561646,demographic_sir_R0_comparison,0.0712034856387663,2.450367063475357e-05,0.928772010690598,15.0,780.2142857142857,52.0,0.014285714285714285
29.975342465753425,demographic_sir_R0_comparison,0.0714308467231904,2.626956252570749e-05,0.9285428837142828,15.0,780.2142857142857,52.0,0.014285714285714285
29.994520547945207,demographic_sir_R0_comparison,0.07165605266756772,2.825824199753053e-05,0.9283156890904338,15.0,780.2142857142857,52.0,0.014285714285714285
30.013698630136986,demographic_sir_R0_comparison,0.07187883751447975,3.0499533338870786e-05,0.9280906629521805,15.0,780.2142857142857,52.0,0.014285714285714285
30.03287671232877,demographic_sir_R0_comparison,0.07209889881014526,3.302785041682776e-05,0.927868073339437,15.0,780.2142857142857,52.0,0.014285714285714285
30.052054794520547,demographic_sir_R0_comparison,0.07231589197206914,3.58829128249466e-05,0.9276482251151051,15.0,780.2142857142857,52.0,0.014285714285714285
30.07123287671233,demographic_sir_R0_comparison,0.0725294237825279,3.9110570434699994e-05,0.9274314656470367,15.0,780.2142857142857,52.0,0.014285714285714285
30.09041095890411,demographic_sir_R0_comparison,0.07273904488142575,4.2763748746383935e-05,0.9272181913698272,15.0,780.2142857142857,52.0,0.014285714285714285
30.10958904109589,demographic_sir_R0_comparison,0.07294424112042162,4.6903526921987896e-05,0.9270088553526556,15.0,780.2142857142857,52.0,0.014285714285714285
30.12876712328767,demographic_sir_R0_comparison,0.07314442363079122,5.160035871582776e-05,0.9268039760104921,15.0,780.2142857142857,52.0,0.014285714285714285
30.147945205479452,demographic_sir_R0_comparison,0.07333891745227189,5.6935443113102156e-05,0.9266041471046141,15.0,780.2142857142857,52.0,0.014285714285714285
30.167123287671235,demographic_sir_R0_comparison,0.07352694857205161,6.300224553506199e-05,0.9264100491824122,15.0,780.2142857142857,52.0,0.014285714285714285
30.186301369863013,demographic_sir_R0_comparison,0.07370762923626269,6.990816088155413e-05,0.9262224626028546,15.0,780.2142857142857,52.0,0.014285714285714285
30.205479452054796,demographic_sir_R0_comparison,0.07387994142657213,7.777629501323943e-05,0.9260422822784135,15.0,780.2142857142857,52.0,0.014285714285714285
30.224657534246575,demographic_sir_R0_comparison,0.07404271844955064,8.674731966270579e-05,0.9258705342307856,15.0,780.2142857142857,52.0,0.014285714285714285
30.243835616438357,demographic_sir_R0_comparison,0.07419462467682081,9.698132487373626e-05,0.9257083939983044,15.0,780.2142857142857,52.0,0.014285714285714285
30.263013698630136,demographic_sir_R0_comparison,0.07433413361293253,0.00010865955010334426,0.925557206836963,15.0,780.2142857142857,52.0,0.014285714285714285
30.28219178082192,demographic_sir_R0_comparison,0.0744595046722316,0.00012198581692596906,0.9254185095108414,15.0,780.2142857142857,52.0,0.014285714285714285
30.301369863013697,demographic_sir_R0_comparison,0.07456875933568313,0.000137187409633011,0.9252940532546827,15.0,780.2142857142857,52.0,0.014285714285714285
30.32054794520548,demographic_sir_R0_comparison,0.07465965775616154,0.0001545150522478062,0.9251858271915896,15.0,780.2142857142857,52.0,0.014285714285714285
30.339726027397262,demographic_sir_R0_comparison,0.07472967740892095,0.00017424151053440986,0.9250960810805436,15.0,780.2142857142857,52.0,0.014285714285714285
30.35890410958904,demographic_sir_R0_comparison,0.07477599606170593,0.00019665820784815416,0.9250273457304448,15.0,780.2142857142857,52.0,0.014285714285714285
30.378082191780823,demographic_sir_R0_comparison,0.07479548217386647,0.00022206909264979772,0.9249824487334827,15.0,780.2142857142857,52.0,0.014285714285714285
30.397260273972602,demographic_sir_R0_comparison,0.07478469681065121,0.00025078085151711103,0.9249645223378306,15.0,780.2142857142857,52.0,0.014285714285714285
30.416438356164385,demographic_sir_R0_comparison,0.07473991222278173,0.00028308845732563675,0.9249769993198914,15.0,780.2142857142857,52.0,0.014285714285714285
30.435616438356163,demographic_sir_R0_comparison,0.07465715327653065,0.0003192550299537549,0.9250235916935144,15.0,780.2142857142857,52.0,0.014285714285714285
30.454794520547946,demographic_sir_R0_comparison,0.07453226872454902,0.0003594851408620254,0.9251082461345875,15.0,780.2142857142857,52.0,0.014285714285714285
30.473972602739725,demographic_sir_R0_comparison,0.07436103957538004,0.0004038911085467826,0.9252350693160717,15.0,780.2142857142857,52.0,0.014285714285714285
30.493150684931507,demographic_sir_R0_comparison,0.0741393311317747,0.000452452614151051,0.9254082162540729,15.0,780.2142857142857,52.0,0.014285714285714285
30.51232876712329,demographic_sir_R0_comparison,0.07386329312471515,0.000504971203103607,0.9256317356721797,15.0,780.2142857142857,52.0,0.014285714285714285
30.53150684931507,demographic_sir_R0_comparison,0.07352960827644672,0.0005610229524824297,0.9259093687710692,15.0,780.2142857142857,52.0,0.014285714285714285
30.55068493150685,demographic_sir_R0_comparison,0.07313578325513397,0.0006199146662193164,0.9262443020786452,15.0,780.2142857142857,52.0,0.014285714285714285
30.56986301369863,demographic_sir_R0_comparison,0.07268046741760274,0.0006806510988667255,0.9266388814835289,15.0,780.2142857142857,52.0,0.014285714285714285
30.589041095890412,demographic_sir_R0_comparison,0.07216377473860645,0.0007419223430269104,0.927094302918365,15.0,780.2142857142857,52.0,0.014285714285714285
30.60821917808219,demographic_sir_R0_comparison,0.07158757454359636,0.0008021208728892569,0.9276103045835128,15.0,780.2142857142857,52.0,0.014285714285714285
30.627397260273973,demographic_sir_R0_comparison,0.07095570960192336,0.0008593960000550294,0.9281848943980199,15.0,780.2142857142857,52.0,0.014285714285714285
30.646575342465752,demographic_sir_R0_comparison,0.07027409873834585,0.0009117491253984897,0.9288141521362538,15.0,780.2142857142857,52.0,0.014285714285714285
30.665753424657535,demographic_sir_R0_comparison,0.06955068788812106,0.0009571662914815229,0.9294921458203954,15.0,780.2142857142857,52.0,0.014285714285714285
30.684931506849317,demographic_sir_R0_comparison,0.06879522938746087,0.0009937762562029502,0.9302109943563341,15.0,780.2142857142857,52.0,0.014285714285714285
30.704109589041096,demographic_sir_R0_comparison,0.06801889265635407,0.0010200146640515265,0.9309610926795923,15.0,780.2142857142857,52.0,0.014285714285714285
30.723287671232878,demographic_sir_R0_comparison,0.06723373595685124,0.0010347703549497302,0.931731493688197,15.0,780.2142857142857,52.0,0.014285714285714285
30.742465753424657,demographic_sir_R0_comparison,0.0664520924521666,0.001037490397748298,0.932510417150083,15.0,780.2142857142857,52.0,0.014285714285714285
30.76164383561644,demographic_sir_R0_comparison,0.06568593831361527,0.0010282266125349203,0.9332858350738477,15.0,780.2142857142857,52.0,0.014285714285714285
30.78082191780822,demographic_sir_R0_comparison,0.06494631234481513,0.0010076168267625352,0.9340460708284203,15.0,780.2142857142857,52.0,0.014285714285714285
30.8,demographic_sir_R0_comparison,0.0642428453793183,0.0009768060648314607,0.934780348555848,15.0,780.2142857142857,52.0,0.014285714285714285
30.81917808219178,demographic_sir_R0_comparison,0.06358343701187283,0.0009373230278034633,0.9354792399603215,15.0,780.2142857142857,52.0,0.014285714285714285
30.838356164383562,demographic_sir_R0_comparison,0.06297409266727497,0.0008909330985599966,0.9361349742341628,15.0,780.2142857142857,52.0,0.014285714285714285
30.857534246575344,demographic_sir_R0_comparison,0.06241891134403658,0.0008394898168562389,0.9367415988391052,15.0,780.2142857142857,52.0,0.014285714285714285
30.876712328767123,demographic_sir_R0_comparison,0.06192019774392323,0.000784803058168367,0.9372949991979064,15.0,780.2142857142857,52.0,0.014285714285714285
30.895890410958906,demographic_sir_R0_comparison,0.06147866366574895,0.0007285358266151433,0.9377928005076337,15.0,780.2142857142857,52.0,0.014285714285714285
30.915068493150685,demographic_sir_R0_comparison,0.06109368203982959,0.0006721346731986613,0.9382341832869694,15.0,780.2142857142857,52.0,0.014285714285714285
30.934246575342467,demographic_sir_R0_comparison,0.060763560928892076,0.0006167928749599508,0.9386196461961456,15.0,780.2142857142857,52.0,0.014285714285714285
30.953424657534246,demographic_sir_R0_comparison,0.060485811860101796,0.0005634415089237716,0.9389507466309719,15.0,780.2142857142857,52.0,0.014285714285714285
30.972602739726028,demographic_sir_R0_comparison,0.0602573948555686,0.0005127615632628049,0.9392298435811661,15.0,780.2142857142857,52.0,0.014285714285714285
30.991780821917807,demographic_sir_R0_comparison,0.060074929978790395,0.000465209901882858,0.9394598601193244,15.0,780.2142857142857,52.0,0.014285714285714285
31.01095890410959,demographic_sir_R0_comparison,0.05993487127274671,0.00042105268471510286,0.9396440760425357,15.0,780.2142857142857,52.0,0.014285714285714285
31.030136986301372,demographic_sir_R0_comparison,0.05983364335125921,0.0003804011960005,0.9397859554527378,15.0,780.2142857142857,52.0,0.014285714285714285
31.04931506849315,demographic_sir_R0_comparison,0.0597677437090482,0.00034324651990020726,0.9398890097710492,15.0,780.2142857142857,52.0,0.014285714285714285
31.068493150684933,demographic_sir_R0_comparison,0.05973381532026267,0.00030949085586827105,0.9399566938238667,15.0,780.2142857142857,52.0,0.014285714285714285
31.087671232876712,demographic_sir_R0_comparison,0.05972869464254574,0.0002789743529802707,0.9399923310044719,15.0,780.2142857142857,52.0,0.014285714285714285
31.106849315068494,demographic_sir_R0_comparison,0.0597494400554485,0.0002514971300577724,0.9399990628144916,15.0,780.2142857142857,52.0,0.014285714285714285
31.126027397260273,demographic_sir_R0_comparison,0.059793345300640864,0.00022683666332704456,0.93997981803603,15.0,780.2142857142857,52.0,0.014285714285714285
31.145205479452056,demographic_sir_R0_comparison,0.05985794185027866,0.00020476101884428507,0.939937297130875,15.0,780.2142857142857,52.0,0.014285714285714285
31.164383561643834,demographic_sir_R0_comparison,0.05994099343927453,0.00018503854209955679,0.939873968018624,15.0,780.2142857142857,52.0,0.014285714285714285
31.183561643835617,demographic_sir_R0_comparison,0.06004048533655764,0.00016744464523314043,0.9397920700182073,15.0,780.2142857142857,52.0,0.014285714285714285
31.202739726027396,demographic_sir_R0_comparison,0.06015461034209254,0.00015176629553716493,0.9396936233623685,15.0,780.2142857142857,52.0,0.014285714285714285
31.221917808219178,demographic_sir_R0_comparison,0.06028175299784488,0.00013780473826463595,0.9395804422638888,15.0,780.2142857142857,52.0,0.014285714285714285
31.24109589041096,demographic_sir_R0_comparison,0.060420473093860734,0.0001253769030424221,0.9394541500030952,15.0,780.2142857142857,52.0,0.014285714285714285
31.26027397260274,demographic_sir_R0_comparison,0.06056948922828698,0.00011431585928741383,0.9393161949124239,15.0,780.2142857142857,52.0,0.014285714285714285
31.279452054794522,demographic_sir_R0_comparison,0.060727662931489006,0.00010447060914009238,0.9391678664593692,15.0,780.2142857142857,52.0,0.014285714285714285
31.2986301369863,demographic_sir_R0_comparison,0.0608939836771676,9.570543988458544e-05,0.9390103108829462,15.0,780.2142857142857,52.0,0.014285714285714285
31.317808219178083,demographic_sir_R0_comparison,0.06106755496569455,8.789900252704873e-05,0.9388445460317767,15.0,780.2142857142857,52.0,0.014285714285714285
31.336986301369862,demographic_sir_R0_comparison,0.06124758156618648,8.094323866994739e-05,0.9386714751951417,15.0,780.2142857142857,52.0,0.014285714285714285
31.356164383561644,demographic_sir_R0_comparison,0.06143335793512275,7.474224285926754e-05,0.9384918998220162,15.0,780.2142857142857,52.0,0.014285714285714285
31.375342465753423,demographic_sir_R0_comparison,0.06162425778319605,6.921112073779354e-05,0.9383065310960643,15.0,780.2142857142857,52.0,0.014285714285714285
31.394520547945206,demographic_sir_R0_comparison,0.06181972473268107,6.427488313929344e-05,0.9381160003841778,15.0,780.2142857142857,52.0,0.014285714285714285
31.413698630136988,demographic_sir_R0_comparison,0.062019263990307945,5.986740135781849e-05,0.9379208686083325,15.0,780.2142857142857,52.0,0.014285714285714285
31.432876712328767,demographic_sir_R0_comparison,0.06222243495192069,5.593043805681624e-05,0.9377216346100207,15.0,780.2142857142857,52.0,0.014285714285714285
31.45205479452055,demographic_sir_R0_comparison,0.06242884465242326,5.241276067514188e-05,0.9375187425868998,15.0,780.2142857142857,52.0,0.014285714285714285
31.471232876712328,demographic_sir_R0_comparison,0.06263814197570576,4.9269338958457594e-05,0.9373125886853338,15.0,780.2142857142857,52.0,0.014285714285714285
31.49041095890411,demographic_sir_R0_comparison,0.06285001254296407,4.64606247772742e-05,0.9371035268322567,15.0,780.2142857142857,52.0,0.014285714285714285
31.50958904109589,demographic_sir_R0_comparison,0.06306417420304365,4.3951910208657347e-05,0.9368918738867459,15.0,780.2142857142857,52.0,0.014285714285714285
31.528767123287672,demographic_sir_R0_comparison,0.06328037305443508,4.1712758592591294e-05,0.9366779141869706,15.0,780.2142857142857,52.0,0.014285714285714285
31.54794520547945,demographic_sir_R0_comparison,0.06349837993481638,3.9716502652356414e-05,0.9364619035625297,15.0,780.2142857142857,52.0,0.014285714285714285
31.567123287671233,demographic_sir_R0_comparison,0.06371798732025319,3.793980358787527e-05,0.9362440728761574,15.0,780.2142857142857,52.0,0.014285714285714285
31.586301369863016,demographic_sir_R0_comparison,0.06393900658210637,3.63622651635448e-05,0.9360246311527286,15.0,780.2142857142857,52.0,0.014285714285714285
31.605479452054794,demographic_sir_R0_comparison,0.06416126555524135,3.4966097110580845e-05,0.9358037683476466,15.0,780.2142857142857,52.0,0.014285714285714285
31.624657534246577,demographic_sir_R0_comparison,0.0643846063762033,3.373582257266958e-05,0.9355816578012227,15.0,780.2142857142857,52.0,0.014285714285714285
31.643835616438356,demographic_sir_R0_comparison,0.06460888355459621,3.2658024790028094e-05,0.9353584584206124,15.0,780.2142857142857,52.0,0.014285714285714285
31.663013698630138,demographic_sir_R0_comparison,0.06483396224497577,3.172112870512815e-05,0.9351343166263179,15.0,780.2142857142857,52.0,0.014285714285714285
31.682191780821917,demographic_sir_R0_comparison,0.06505971669014987,3.09152136599715e-05,0.9349093680961889,15.0,780.2142857142857,52.0,0.014285714285714285
31.7013698630137,demographic_sir_R0_comparison,0.0652860288099019,3.0231853825322774e-05,0.9346837393362716,15.0,780.2142857142857,52.0,0.014285714285714285
31.720547945205478,demographic_sir_R0_comparison,0.065512786911839,2.9663983448467285e-05,0.9344575491047111,15.0,780.2142857142857,52.0,0.014285714285714285
31.73972602739726,demographic_sir_R0_comparison,0.06573988450335194,2.920578442390163e-05,0.9342309097122227,15.0,780.2142857142857,52.0,0.014285714285714285
31.758904109589043,demographic_sir_R0_comparison,0.06596721918558154,2.885259407999906e-05,0.934003928220337,15.0,780.2142857142857,52.0,0.014285714285714285
31.778082191780822,demographic_sir_R0_comparison,0.06619469161185287,2.8600831435171654e-05,0.9337767075567104,15.0,780.2142857142857,52.0,0.014285714285714285
31.797260273972604,demographic_sir_R0_comparison,0.06642220449428027,2.8447940511789994e-05,0.9335493475652064,15.0,780.2142857142857,52.0,0.014285714285714285
31.816438356164383,demographic_sir_R0_comparison,0.0666496616431888,2.839234960829879e-05,0.9333219460072013,15.0,780.2142857142857,52.0,0.014285714285714285
31.835616438356166,demographic_sir_R0_comparison,0.06687696702466002,2.8433445723247906e-05,0.9330945995296148,15.0,780.2142857142857,52.0,0.014285714285714285
31.854794520547944,demographic_sir_R0_comparison,0.06710402382189658,2.8571563603222253e-05,0.9328674046144982,15.0,780.2142857142857,52.0,0.014285714285714285
31.873972602739727,demographic_sir_R0_comparison,0.06733073348623332,2.880798915382312e-05,0.932640458524611,15.0,780.2142857142857,52.0,0.014285714285714285
31.893150684931506,demographic_sir_R0_comparison,0.06755699476349328,2.9144977212774375e-05,0.9324138602592923,15.0,780.2142857142857,52.0,0.014285714285714285
31.912328767123288,demographic_sir_R0_comparison,0.06778270268101028,2.9585783940552985e-05,0.9321877115350474,15.0,780.2142857142857,52.0,0.014285714285714285
31.93150684931507,demographic_sir_R0_comparison,0.06800774748000349,3.0134714340017734e-05,0.9319621178056547,15.0,780.2142857142857,52.0,0.014285714285714285
31.95068493150685,demographic_sir_R0_comparison,0.06823201347709716,3.0797185675252744e-05,0.9317371893372258,15.0,780.2142857142857,52.0,0.014285714285714285
31.96986301369863,demographic_sir_R0_comparison,0.06845537783761986,3.157980782354864e-05,0.9315130423545549,15.0,780.2142857142857,52.0,0.014285714285714285
31.98904109589041,demographic_sir_R0_comparison,0.06867770924188621,3.249048186457209e-05,0.9312898002762476,15.0,780.2142857142857,52.0,0.014285714285714285
32.00821917808219,demographic_sir_R0_comparison,0.0688988664239559,3.3538518487605683e-05,0.931067595057555,15.0,780.2142857142857,52.0,0.014285714285714285
32.02739726027397,demographic_sir_R0_comparison,0.06911869656036904,3.473477807989043e-05,0.9308465686615496,15.0,780.2142857142857,52.0,0.014285714285714285
32.04657534246575,demographic_sir_R0_comparison,0.0693370334840814,3.6091834642962875e-05,0.9306268746812741,15.0,780.2142857142857,52.0,0.014285714285714285
32.06575342465754,demographic_sir_R0_comparison,0.06955369569626846,3.76241659626395e-05,0.9304086801377676,15.0,780.2142857142857,52.0,0.014285714285714285
32.084931506849315,demographic_sir_R0_comparison,0.06976848414586027,3.934837272092332e-05,0.9301921674814176,15.0,780.2142857142857,52.0,0.014285714285714285
32.104109589041094,demographic_sir_R0_comparison,0.06998117974365,4.1283429467676236e-05,0.929977536826881,15.0,780.2142857142857,52.0,0.014285714285714285
32.12328767123288,demographic_sir_R0_comparison,0.07019154057465132,4.345097054160143e-05,0.9297650084548057,15.0,780.2142857142857,52.0,0.014285714285714285
32.14246575342466,demographic_sir_R0_comparison,0.07039929876918359,4.5875614108659904e-05,0.9295548256167064,15.0,780.2142857142857,52.0,0.014285714285714285
32.16164383561644,demographic_sir_R0_comparison,0.07060415699009566,4.858532742221836e-05,0.9293472576824808,15.0,780.2142857142857,52.0,0.014285714285714285
32.18082191780822,demographic_sir_R0_comparison,0.07080578449084256,5.1611836135462094e-05,0.9291426036730207,15.0,780.2142857142857,52.0,0.014285714285714285
32.2,demographic_sir_R0_comparison,0.07100381269715207,5.499107992182913e-05,0.9289411962229248,15.0,780.2142857142857,52.0,0.014285714285714285
32.21917808219178,demographic_sir_R0_comparison,0.07119783026423335,5.876371566194078e-05,0.9287434060201034,15.0,780.2142857142857,52.0,0.014285714285714285
32.23835616438356,demographic_sir_R0_comparison,0.07138737756254965,6.297566787643313e-05,0.9285496467695727,15.0,780.2142857142857,52.0,0.014285714285714285
32.25753424657534,demographic_sir_R0_comparison,0.07157194054897952,6.767872371680084e-05,0.9283603807273026,15.0,780.2142857142857,52.0,0.014285714285714285
32.276712328767125,demographic_sir_R0_comparison,0.07175094398790827,7.293116640828571e-05,0.9281761248456822,15.0,780.2142857142857,52.0,0.014285714285714285
32.295890410958904,demographic_sir_R0_comparison,0.07192374399994896,7.879843624135458e-05,0.9279974575638085,15.0,780.2142857142857,52.0,0.014285714285714285
32.31506849315068,demographic_sir_R0_comparison,0.07208961993656648,8.53538016301562e-05,0.9278250262618022,15.0,780.2142857142857,52.0,0.014285714285714285
32.33424657534247,demographic_sir_R0_comparison,0.07224776560934396,9.26790139205275e-05,0.9276595553767342,15.0,780.2142857142857,52.0,0.014285714285714285
32.35342465753425,demographic_sir_R0_comparison,0.07239727994605805,0.0001008649079920035,0.9275018551459485,15.0,780.2142857142857,52.0,0.014285714285714285
32.37260273972603,demographic_sir_R0_comparison,0.07253715720578283,0.00011001189566884141,0.9273528308985467,15.0,780.2142857142857,52.0,0.014285714285714285
32.391780821917806,demographic_sir_R0_comparison,0.072666276966175,0.00012023027995258053,0.9272134927538709,15.0,780.2142857142857,52.0,0.014285714285714285
32.41095890410959,demographic_sir_R0_comparison,0.0727833942026041,0.0001316402946318665,0.9270849655027628,15.0,780.2142857142857,52.0,0.014285714285714285
32.43013698630137,demographic_sir_R0_comparison,0.07288712991568054,0.00014437174568550986,0.9269684983386327,15.0,780.2142857142857,52.0,0.014285714285714285
32.44931506849315,demographic_sir_R0_comparison,0.07297596293533062,0.00015856309833313376,0.9268654739663351,15.0,780.2142857142857,52.0,0.014285714285714285
32.468493150684935,demographic_sir_R0_comparison,0.07304822373872062,0.00017435981769527086,0.9267774164435831,15.0,780.2142857142857,52.0,0.014285714285714285
32.487671232876714,demographic_sir_R0_comparison,0.07310209136590773,0.00019191173418953202,0.9267059968999019,15.0,780.2142857142857,52.0,0.014285714285714285
32.50684931506849,demographic_sir_R0_comparison,0.07313559479580313,0.00021136917128484505,0.9266530360329109,15.0,780.2142857142857,52.0,0.014285714285714285
32.52602739726027,demographic_sir_R0_comparison,0.07314662044253471,0.00023287754989862017,0.9266205020075655,15.0,780.2142857142857,52.0,0.014285714285714285
32.54520547945206,demographic_sir_R0_comparison,0.07313292772366681,0.0002565701806138868,0.9266105020957184,15.0,780.2142857142857,52.0,0.014285714285714285
32.56438356164384,demographic_sir_R0_comparison,0.073092174896539,0.0002825589857352232,0.9266252661177247,15.0,780.2142857142857,52.0,0.014285714285714285
32.583561643835615,demographic_sir_R0_comparison,0.07302195749781108,0.00031092297523337565,0.9266671195269545,15.0,780.2142857142857,52.0,0.014285714285714285
32.602739726027394,demographic_sir_R0_comparison,0.07291986167395766,0.0003416944533697321,0.9267384438726715,15.0,780.2142857142857,52.0,0.014285714285714285
32.62191780821918,demographic_sir_R0_comparison,0.07278353435800995,0.000374843175077781,0.9268416224669112,15.0,780.2142857142857,52.0,0.014285714285714285
32.64109589041096,demographic_sir_R0_comparison,0.07261077152107197,0.00041025901581526544,0.9269789694631116,15.0,780.2142857142857,52.0,0.014285714285714285
32.66027397260274,demographic_sir_R0_comparison,0.07239962450434488,0.0004477341643594227,0.9271526413312946,15.0,780.2142857142857,52.0,0.014285714285714285
32.679452054794524,demographic_sir_R0_comparison,0.07214852265350943,0.00048694636946475825,0.9273645309770248,15.0,780.2142857142857,52.0,0.014285714285714285
32.6986301369863,demographic_sir_R0_comparison,0.0718564081436488,0.0005274453084526897,0.9276161465478976,15.0,780.2142857142857,52.0,0.014285714285714285
32.71780821917808,demographic_sir_R0_comparison,0.07152287613203953,0.0005686445974947539,0.9279084792704647,15.0,780.2142857142857,52.0,0.014285714285714285
32.73698630136986,demographic_sir_R0_comparison,0.07114831049973815,0.0006098221901316411,0.9282418673101293,15.0,780.2142857142857,52.0,0.014285714285714285
32.75616438356165,demographic_sir_R0_comparison,0.07073400290339758,0.000650131753322503,0.9286158653432789,15.0,780.2142857142857,52.0,0.014285714285714285
32.775342465753425,demographic_sir_R0_comparison,0.07028224125348494,0.0006886269284080054,0.9290291318181058,15.0,780.2142857142857,52.0,0.014285714285714285
32.794520547945204,demographic_sir_R0_comparison,0.06979635369670519,0.0007242991103698993,0.9294793471929237,15.0,780.2142857142857,52.0,0.014285714285714285
32.81369863013698,demographic_sir_R0_comparison,0.06928069621651285,0.0007561275764628215,0.9299631762070231,15.0,780.2142857142857,52.0,0.014285714285714285
32.83287671232877,demographic_sir_R0_comparison,0.06874057626815637,0.0007831386974713824,0.930476285034371,15.0,780.2142857142857,52.0,0.014285714285714285
32.85205479452055,demographic_sir_R0_comparison,0.0681821111510744,0.0008044689639061499,0.9310134198850183,15.0,780.2142857142857,52.0,0.014285714285714285
32.87123287671233,demographic_sir_R0_comparison,0.06761202727992041,0.0008194251338044102,0.9315685475862739,15.0,780.2142857142857,52.0,0.014285714285714285
32.89041095890411,demographic_sir_R0_comparison,0.0670374139113467,0.0008275343925882621,0.932135051696064,15.0,780.2142857142857,52.0,0.014285714285714285
32.90958904109589,demographic_sir_R0_comparison,0.06646545082687595,0.0008285782499764351,0.9327059709231466,15.0,780.2142857142857,52.0,0.014285714285714285
32.92876712328767,demographic_sir_R0_comparison,0.06590313277767514,0.000822605924612595,0.9332742612977113,15.0,780.2142857142857,52.0,0.014285714285714285
32.94794520547945,demographic_sir_R0_comparison,0.06535701351648711,0.0008099258082781228,0.9338330606752336,15.0,780.2142857142857,52.0,0.014285714285714285
32.967123287671235,demographic_sir_R0_comparison,0.06483298904412267,0.000791076662337968,0.9343759342935384,15.0,780.2142857142857,52.0,0.014285714285714285
32.986301369863014,demographic_sir_R0_comparison,0.06433613403063201,0.0007667828377440009,0.934897083131623,15.0,780.2142857142857,52.0,0.014285714285714285
33.00547945205479,demographic_sir_R0_comparison,0.06387059842562899,0.0007378995252763084,0.9353915020490937,15.0,780.2142857142857,52.0,0.014285714285714285
33.02465753424658,demographic_sir_R0_comparison,0.06343956434466808,0.0007053546010937365,0.9358550810542372,15.0,780.2142857142857,52.0,0.014285714285714285
33.04383561643836,demographic_sir_R0_comparison,0.06304525749332966,0.0006700930959322591,0.9362846494107372,15.0,780.2142857142857,52.0,0.014285714285714285
33.06301369863014,demographic_sir_R0_comparison,0.06268900333792855,0.0006330289755799515,0.9366779676864905,15.0,780.2142857142857,52.0,0.014285714285714285
33.082191780821915,demographic_sir_R0_comparison,0.06237131615623857,0.0005950071762009311,0.9370336766675594,15.0,780.2142857142857,52.0,0.014285714285714285
33.1013698630137,demographic_sir_R0_comparison,0.062092008818368814,0.0005567770785908492,0.9373512141030395,15.0,780.2142857142857,52.0,0.014285714285714285
33.12054794520548,demographic_sir_R0_comparison,0.06185031222799279,0.0005189771197507339,0.9376307106522556,15.0,780.2142857142857,52.0,0.014285714285714285
33.13972602739726,demographic_sir_R0_comparison,0.061644995279665285,0.0004821291838157588,0.9378728755365181,15.0,780.2142857142857,52.0,0.014285714285714285
33.15890410958904,demographic_sir_R0_comparison,0.061474478474692,0.00044664081854781936,0.9380788807067593,15.0,780.2142857142857,52.0,0.014285714285714285
33.178082191780824,demographic_sir_R0_comparison,0.061336936607445956,0.00041281313054572423,0.9382502502620074,15.0,780.2142857142857,52.0,0.014285714285714285
33.1972602739726,demographic_sir_R0_comparison,0.061230387938233655,0.00038085231797204913,0.9383887597437933,15.0,780.2142857142857,52.0,0.014285714285714285
33.21643835616438,demographic_sir_R0_comparison,0.061152768881258784,0.0003508830898671235,0.9384963480288732,15.0,780.2142857142857,52.0,0.014285714285714285
33.23561643835617,demographic_sir_R0_comparison,0.06110199442468234,0.0003229625959323421,0.9385750429793842,15.0,780.2142857142857,52.0,0.014285714285714285
33.25479452054795,demographic_sir_R0_comparison,0.06107600529425168,0.00029709387532894524,0.9386269008304181,15.0,780.2142857142857,52.0,0.014285714285714285
33.273972602739725,demographic_sir_R0_comparison,0.06107280333601307,0.000273238180112866,0.9386539584838728,15.0,780.2142857142857,52.0,0.014285714285714285
33.293150684931504,demographic_sir_R0_comparison,0.061090476802550975,0.0002513258143636709,0.9386581973830841,15.0,780.2142857142857,52.0,0.014285714285714285
33.31232876712329,demographic_sir_R0_comparison,0.061127217253973645,0.0002312653470208825,0.9386415173990043,15.0,780.2142857142857,52.0,0.014285714285714285
33.33150684931507,demographic_sir_R0_comparison,0.06118132969240668,0.00021295120899030357,0.938605719098602,15.0,780.2142857142857,52.0,0.014285714285714285
33.35068493150685,demographic_sir_R0_comparison,0.061251237386947065,0.00019626978302534587,0.9385524928300264,15.0,780.2142857142857,52.0,0.014285714285714285
33.369863013698634,demographic_sir_R0_comparison,0.061335482651707414,0.00018110415003301937,0.9384834131982585,15.0,780.2142857142857,52.0,0.014285714285714285
33.38904109589041,demographic_sir_R0_comparison,0.06143272463812723,0.0001673376792931265,0.9383999376825785,15.0,780.2142857142857,52.0,0.014285714285714285
33.40821917808219,demographic_sir_R0_comparison,0.061541735010297215,0.00015485665256661919,0.938303408337135,15.0,780.2142857142857,52.0,0.014285714285714285
33.42739726027397,demographic_sir_R0_comparison,0.06166139219783961,0.00014355210115547782,0.9381950557010037,15.0,780.2142857142857,52.0,0.014285714285714285
33.446575342465756,demographic_sir_R0_comparison,0.06179067476920491,0.00013332101661028695,0.9380760042141835,15.0,780.2142857142857,52.0,0.014285714285714285
33.465753424657535,demographic_sir_R0_comparison,0.06192865434009102,0.00012406707415414355,0.9379472785857534,15.0,780.2142857142857,52.0,0.014285714285714285
33.484931506849314,demographic_sir_R0_comparison,0.06207448832606335,0.00011570098577182632,0.9378098106881634,15.0,780.2142857142857,52.0,0.014285714285714285
33.50410958904109,demographic_sir_R0_comparison,0.06222741276322022,0.0001081405789941648,0.9376644466577843,15.0,780.2142857142857,52.0,0.014285714285714285
33.52328767123288,demographic_sir_R0_comparison,0.06238673535328038,0.00010131067860765252,0.9375119539681105,15.0,780.2142857142857,52.0,0.014285714285714285
33.54246575342466,demographic_sir_R0_comparison,0.062551828837019,9.514285223167933e-05,0.9373530283107478,15.0,780.2142857142857,52.0,0.014285714285714285
33.56164383561644,demographic_sir_R0_comparison,0.06272212475993962,8.957506698507913e-05,0.9371883001730738,15.0,780.2142857142857,52.0,0.014285714285714285
33.58082191780822,demographic_sir_R0_comparison,0.06289710766407443,8.455129316522212e-05,0.9370183410427589,15.0,780.2142857142857,52.0,0.014285714285714285
33.6,demographic_sir_R0_comparison,0.06307630971781425,8.002108173581221e-05,0.9368436692004485,15.0,780.2142857142857,52.0,0.014285714285714285
33.61917808219178,demographic_sir_R0_comparison,0.06325930577994555,7.593913517097141e-05,0.936664755084882,15.0,780.2142857142857,52.0,0.014285714285714285
33.63835616438356,demographic_sir_R0_comparison,0.06344570888318758,7.226488553618252e-05,0.9364820262312749,15.0,780.2142857142857,52.0,0.014285714285714285
33.657534246575345,demographic_sir_R0_comparison,0.06363516611532018,6.896208932300717e-05,0.9362958717953553,15.0,780.2142857142857,52.0,0.014285714285714285
33.676712328767124,demographic_sir_R0_comparison,0.06382735487154072,6.599844524648457e-05,0.9361066466832112,15.0,780.2142857142857,52.0,0.014285714285714285
33.6958904109589,demographic_sir_R0_comparison,0.0640219794492634,6.33452387479858e-05,0.9359146753119871,15.0,780.2142857142857,52.0,0.014285714285714285
33.71506849315068,demographic_sir_R0_comparison,0.0642187679555966,6.097701514293748e-05,0.9357202550292592,15.0,780.2142857142857,52.0,0.014285714285714285
33.73424657534247,demographic_sir_R0_comparison,0.06441746949777849,5.88712820645813e-05,0.9355236592201556,15.0,780.2142857142857,52.0,0.014285714285714285
33.75342465753425,demographic_sir_R0_comparison,0.0646178516275743,5.700824096262933e-05,0.935325140131462,15.0,780.2142857142857,52.0,0.014285714285714285
33.772602739726025,demographic_sir_R0_comparison,0.06481969801179613,5.5370546823962365e-05,0.9351249314413788,15.0,780.2142857142857,52.0,0.014285714285714285
33.79178082191781,demographic_sir_R0_comparison,0.06502280630250802,5.394309491647958e-05,0.9349232506025743,15.0,780.2142857142857,52.0,0.014285714285714285
33.81095890410959,demographic_sir_R0_comparison,0.06522698618199274,5.2712833158273166e-05,0.9347203009848479,15.0,780.2142857142857,52.0,0.014285714285714285
33.83013698630137,demographic_sir_R0_comparison,0.06543205755908248,5.166859863748403e-05,0.9345162738422789,15.0,780.2142857142857,52.0,0.014285714285714285
33.84931506849315,demographic_sir_R0_comparison,0.0656378488949199,5.080097681908425e-05,0.9343113501282597,15.0,780.2142857142857,52.0,0.014285714285714285
33.868493150684934,demographic_sir_R0_comparison,0.06584419563758002,5.0102182047431684e-05,0.9341057021803715,15.0,780.2142857142857,52.0,0.014285714285714285
33.88767123287671,demographic_sir_R0_comparison,0.0660509387462058,4.956595806841383e-05,0.9338994952957248,15.0,780.2142857142857,52.0,0.014285714285714285
33.90684931506849,demographic_sir_R0_comparison,0.0662579232863769,4.918749743794684e-05,0.9336928892161841,15.0,780.2142857142857,52.0,0.014285714285714285
33.92602739726028,demographic_sir_R0_comparison,0.06646499707932566,4.8963378844050455e-05,0.9334860395418295,15.0,780.2142857142857,52.0,0.014285714285714285
33.945205479452056,demographic_sir_R0_comparison,0.06667200938833598,4.889152153998443e-05,0.9332790990901232,15.0,780.2142857142857,52.0,0.014285714285714285
33.964383561643835,demographic_sir_R0_comparison,0.06687880962620499,4.897115626043609e-05,0.9330722192175337,15.0,780.2142857142857,52.0,0.014285714285714285
33.983561643835614,demographic_sir_R0_comparison,0.06708524606801372,4.9202812167273024e-05,0.9328655511198181,15.0,780.2142857142857,52.0,0.014285714285714285
34.0027397260274,demographic_sir_R0_comparison,0.06729116455365632,4.958831954258116e-05,0.9326592471268,15.0,780.2142857142857,52.0,0.014285714285714285
34.02191780821918,demographic_sir_R0_comparison,0.06749640716461207,5.0130828111640075e-05,0.9324534620072754,15.0,780.2142857142857,52.0,0.014285714285714285
34.04109589041096,demographic_sir_R0_comparison,0.0677008108593347,5.083484103412937e-05,0.9322483542996305,15.0,780.2142857142857,52.0,0.014285714285714285
34.06027397260274,demographic_sir_R0_comparison,0.06790420605138081,5.170626474470644e-05,0.9320440876838739,15.0,780.2142857142857,52.0,0.014285714285714285
34.07945205479452,demographic_sir_R0_comparison,0.06810641511403617,5.275247494974885e-05,0.9318408324110135,15.0,780.2142857142857,52.0,0.014285714285714285
34.0986301369863,demographic_sir_R0_comparison,0.06830725079473907,5.39823991896747e-05,0.9316387668060706,15.0,780.2142857142857,52.0,0.014285714285714285
34.11780821917808,demographic_sir_R0_comparison,0.06850651452208664,5.540661644809706e-05,0.9314380788614645,15.0,780.2142857142857,52.0,0.014285714285714285
34.136986301369866,demographic_sir_R0_comparison,0.06870399458768425,5.70374743197348e-05,0.9312389679379952,15.0,780.2142857142857,52.0,0.014285714285714285
34.156164383561645,demographic_sir_R0_comparison,0.06889946418462292,5.888922422482305e-05,0.9310416465911515,15.0,780.2142857142857,52.0,0.014285714285714285
34.175342465753424,demographic_sir_R0_comparison,0.06909267928402878,6.097817506074981e-05,0.9308463425409097,15.0,780.2142857142857,52.0,0.014285714285714285
34.1945205479452,demographic_sir_R0_comparison,0.06928337633102134,6.332286548849591e-05,0.9306533008034894,15.0,780.2142857142857,52.0,0.014285714285714285
34.21369863013699,demographic_sir_R0_comparison,0.06947126974169411,6.594425473241632e-05,0.9304627860035728,15.0,780.2142857142857,52.0,0.014285714285714285
34.23287671232877,demographic_sir_R0_comparison,0.06965604918356318,6.886593128913636e-05,0.930275084885147,15.0,780.2142857142857,52.0,0.014285714285714285
34.25205479452055,demographic_sir_R0_comparison,0.06983737662355943,7.211433824770687e-05,0.9300905090381921,15.0,780.2142857142857,52.0,0.014285714285714285
34.27123287671233,demographic_sir_R0_comparison,0.07001488313035333,7.571901296029265e-05,0.9299093978566857,15.0,780.2142857142857,52.0,0.014285714285714285
34.29041095890411,demographic_sir_R0_comparison,0.07018816542198243,7.971283749984374e-05,0.929732121740517,15.0,780.2142857142857,52.0,0.014285714285714285
34.30958904109589,demographic_sir_R0_comparison,0.07035678215585904,8.413229461378075e-05,0.9295590855495264,15.0,780.2142857142857,52.0,0.014285714285714285
34.32876712328767,demographic_sir_R0_comparison,0.07052024996683572,8.901772163190063e-05,0.9293907323115315,15.0,780.2142857142857,52.0,0.014285714285714285
34.347945205479455,demographic_sir_R0_comparison,0.07067803927079683,9.441355190041818e-05,0.9292275471773019,15.0,780.2142857142857,52.0,0.014285714285714285
34.367123287671234,demographic_sir_R0_comparison,0.07082956986703277,0.00010036852966943413,0.9290700616032971,15.0,780.2142857142857,52.0,0.014285714285714285
34.38630136986301,demographic_sir_R0_comparison,0.07097420639339158,0.00010693587983138774,0.9289188577267763,15.0,780.2142857142857,52.0,0.014285714285714285
34.40547945205479,demographic_sir_R0_comparison,0.07111125371494556,0.00011417340837290787,0.9287745728766807,15.0,780.2142857142857,52.0,0.014285714285714285
34.42465753424658,demographic_sir_R0_comparison,0.07123995236081612,0.00012214350276712016,0.9286379041364162,15.0,780.2142857142857,52.0,0.014285714285714285
34.443835616438356,demographic_sir_R0_comparison,0.0713594741660206,0.00013091299375530616,0.9285096128402236,15.0,780.2142857142857,52.0,0.014285714285714285
34.463013698630135,demographic_sir_R0_comparison,0.07146891832682174,0.0001405528310968407,0.9283905288420807,15.0,780.2142857142857,52.0,0.014285714285714285
34.48219178082192,demographic_sir_R0_comparison,0.07156730813986768,0.00015113751610390763,0.9282815543440277,15.0,780.2142857142857,52.0,0.014285714285714285
34.5013698630137,demographic_sir_R0_comparison,0.07165358876769341,0.00016274422354559375,0.9281836670087602,15.0,780.2142857142857,52.0,0.014285714285714285
34.52054794520548,demographic_sir_R0_comparison,0.07172662645529242,0.00017545153554291207,0.928097922009164,15.0,780.2142857142857,52.0,0.014285714285714285
34.53972602739726,demographic_sir_R0_comparison,0.07178520971249325,0.00018933770154568082,0.9280254525859603,15.0,780.2142857142857,52.0,0.014285714285714285
34.558904109589044,demographic_sir_R0_comparison,0.07182805307084925,0.00020447833308983755,0.92796746859606,15.0,780.2142857142857,52.0,0.014285714285714285
34.57808219178082,demographic_sir_R0_comparison,0.07185380411507218,0.00022094344213188595,0.9279252524427951,15.0,780.2142857142857,52.0,0.014285714285714285
34.5972602739726,demographic_sir_R0_comparison,0.07186105456770654,0.00023879374040834973,0.9279001516918843,15.0,780.2142857142857,52.0,0.014285714285714285
34.61643835616439,demographic_sir_R0_comparison,0.0718483562576717,0.0002580761382117546,0.927893567604116,15.0,780.2142857142857,52.0,0.014285714285714285
34.635616438356166,demographic_sir_R0_comparison,0.07181424280993512,0.00027881841843538916,0.9279069387716289,15.0,780.2142857142857,52.0,0.014285714285714285
34.654794520547945,demographic_sir_R0_comparison,0.07175725783204566,0.00030102311998253225,0.9279417190479712,15.0,780.2142857142857,52.0,0.014285714285714285
34.673972602739724,demographic_sir_R0_comparison,0.07167599021744486,0.00032466074719270555,0.9279993490353617,15.0,780.2142857142857,52.0,0.014285714285714285
34.69315068493151,demographic_sir_R0_comparison,0.07156911690851732,0.0003496625304284631,0.9280812205610535,15.0,780.2142857142857,52.0,0.014285714285714285
34.71232876712329,demographic_sir_R0_comparison,0.07143545304082595,0.0003759130955323448,0.9281886338636409,15.0,780.2142857142857,52.0,0.014285714285714285
34.73150684931507,demographic_sir_R0_comparison,0.07127400881013532,0.000403243549351716,0.9283227476405121,15.0,780.2142857142857,52.0,0.014285714285714285
34.75068493150685,demographic_sir_R0_comparison,0.07108405166943164,0.00043142564075694597,0.9284845226898109,15.0,780.2142857142857,52.0,0.014285714285714285
34.76986301369863,demographic_sir_R0_comparison,0.07086517160419979,0.00046016778927508636,0.9286746606065248,15.0,780.2142857142857,52.0,0.014285714285714285
34.78904109589041,demographic_sir_R0_comparison,0.07061734631456686,0.0004891138566635788,0.928893539828769,15.0,780.2142857142857,52.0,0.014285714285714285
34.80821917808219,demographic_sir_R0_comparison,0.07034100225405873,0.0005178455355344147,0.9291411522104062,15.0,780.2142857142857,52.0,0.014285714285714285
34.827397260273976,demographic_sir_R0_comparison,0.07003706677246274,0.0005458891093065317,0.9294170441182302,15.0,780.2142857142857,52.0,0.014285714285714285
34.846575342465755,demographic_sir_R0_comparison,0.06970700624139282,0.0005727270744216552,0.9297202666841848,15.0,780.2142857142857,52.0,0.014285714285714285
34.865753424657534,demographic_sir_R0_comparison,0.06935284515864126,0.0005978147036243043,0.9300493401377338,15.0,780.2142857142857,52.0,0.014285714285714285
34.88493150684931,demographic_sir_R0_comparison,0.0689771619465801,0.0006206010919959452,0.9304022369614232,15.0,780.2142857142857,52.0,0.014285714285714285
34.9041095890411,demographic_sir_R0_comparison,0.06858305852118869,0.0006405536233341107,0.9307763878554765,15.0,780.2142857142857,52.0,0.014285714285714285
34.92328767123288,demographic_sir_R0_comparison,0.06817410264694163,0.0006571842125578334,0.9311687131404998,15.0,780.2142857142857,52.0,0.014285714285714285
34.942465753424656,demographic_sir_R0_comparison,0.0677542444264919,0.0006700752273284035,0.9315756803461787,15.0,780.2142857142857,52.0,0.014285714285714285
34.961643835616435,demographic_sir_R0_comparison,0.06732771071789163,0.0006789027719737847,0.9319933865101334,15.0,780.2142857142857,52.0,0.014285714285714285
34.98082191780822,demographic_sir_R0_comparison,0.06689888348239774,0.0006834551012546753,0.9324176614163464,15.0,780.2142857142857,52.0,0.014285714285714285
35.0,demographic_sir_R0_comparison,0.0664721697063408,0.0006836443388825861,0.9328441859547756,15.0,780.2142857142857,52.0,0.014285714285714285
35.01917808219178,demographic_sir_R0_comparison,0.0660518713534348,0.000679510359479478,0.9332686182870846,15.0,780.2142857142857,52.0,0.014285714285714285
35.038356164383565,demographic_sir_R0_comparison,0.06564206366763352,0.0006712165474371337,0.9336867197849283,15.0,780.2142857142857,52.0,0.014285714285714285
35.057534246575344,demographic_sir_R0_comparison,0.06524648910143788,0.0006590380302427676,0.9340944728683185,15.0,780.2142857142857,52.0,0.014285714285714285
35.07671232876712,demographic_sir_R0_comparison,0.06486847237985544,0.0006433437523145404,0.9344881838678291,15.0,780.2142857142857,52.0,0.014285714285714285
35.0958904109589,demographic_sir_R0_comparison,0.06451086001791875,0.0006245742929698519,0.9348645656891105,15.0,780.2142857142857,52.0,0.014285714285714285
35.11506849315069,demographic_sir_R0_comparison,0.06417598531852342,0.0006032175765280741,0.9352207971049474,15.0,780.2142857142857,52.0,0.014285714285714285
35.134246575342466,demographic_sir_R0_comparison,0.06386565778733981,0.0005797845719943201,0.9355545576406649,15.0,780.2142857142857,52.0,0.014285714285714285
35.153424657534245,demographic_sir_R0_comparison,0.0635811742345955,0.0005547867848954879,0.9358640389805081,15.0,780.2142857142857,52.0,0.014285714285714285
35.17260273972603,demographic_sir_R0_comparison,0.0633233477095196,0.000528716888376854,0.9361479354021026,15.0,780.2142857142857,52.0,0.014285714285714285
35.19178082191781,demographic_sir_R0_comparison,0.06309254985147769,0.0005020333184592696,0.9364054168300621,15.0,780.2142857142857,52.0,0.014285714285714285
35.21095890410959,demographic_sir_R0_comparison,0.06288876218151543,0.0004751491533070893,0.9366360886651764,15.0,780.2142857142857,52.0,0.014285714285714285
35.23013698630137,demographic_sir_R0_comparison,0.06271163218818956,0.00044842516953039706,0.936839942642279,15.0,780.2142857142857,52.0,0.014285714285714285
35.24931506849315,demographic_sir_R0_comparison,0.06256053065148766,0.00042216665350426695,0.9370173026950069,15.0,780.2142857142857,52.0,0.014285714285714285
35.26849315068493,demographic_sir_R0_comparison,0.06243460737255359,0.0003966233506607637,0.9371687692767844,15.0,780.2142857142857,52.0,0.014285714285714285
35.28767123287671,demographic_sir_R0_comparison,0.062332843229996174,0.00037199184991215325,0.9372951649200904,15.0,780.2142857142857,52.0,0.014285714285714285
35.30684931506849,demographic_sir_R0_comparison,0.06225409718924717,0.0003484197017418744,0.9373974831090096,15.0,780.2142857142857,52.0,0.014285714285714285
35.326027397260276,demographic_sir_R0_comparison,0.062197147502064,0.0003260106307926291,0.9374768418671421,15.0,780.2142857142857,52.0,0.014285714285714285
35.345205479452055,demographic_sir_R0_comparison,0.0621607268261324,0.0003048303017896984,0.9375344428720765,15.0,780.2142857142857,52.0,0.014285714285714285
35.364383561643834,demographic_sir_R0_comparison,0.062143551366098615,0.00028491221037477474,0.9375715364235253,15.0,780.2142857142857,52.0,0.014285714285714285
35.38356164383562,demographic_sir_R0_comparison,0.06214434439625182,0.0002662633824224557,0.9375893922213245,15.0,780.2142857142857,52.0,0.014285714285714285
35.4027397260274,demographic_sir_R0_comparison,0.06216185468764402,0.00024886966668244393,0.9375892756456723,15.0,780.2142857142857,52.0,0.014285714285714285
35.42191780821918,demographic_sir_R0_comparison,0.062194870447709195,0.00023270049082328947,0.9375724290614661,15.0,780.2142857142857,52.0,0.014285714285714285
35.441095890410956,demographic_sir_R0_comparison,0.06224222940735409,0.00021771301836718917,0.9375400575742774,15.0,780.2142857142857,52.0,0.014285714285714285
35.46027397260274,demographic_sir_R0_comparison,0.0623028256760852,0.0002038556941985372,0.937493318629715,15.0,780.2142857142857,52.0,0.014285714285714285
35.47945205479452,demographic_sir_R0_comparison,0.06237561394429307,0.00019107120129331095,0.9374333148544124,15.0,780.2142857142857,52.0,0.014285714285714285
35.4986301369863,demographic_sir_R0_comparison,0.062459611554624275,0.00017929887367938932,0.9373610895716953,15.0,780.2142857142857,52.0,0.014285714285714285
35.517808219178086,demographic_sir_R0_comparison,0.06255389889988014,0.00016847662314740692,0.9372776244769714,15.0,780.2142857142857,52.0,0.014285714285714285
35.536986301369865,demographic_sir_R0_comparison,0.06265761853907649,0.0001585424424364801,0.9371838390184859,15.0,780.2142857142857,52.0,0.014285714285714285
35.556164383561644,demographic_sir_R0_comparison,0.0627699733601526,0.0001494355477081219,0.9370805910921383,15.0,780.2142857142857,52.0,0.014285714285714285
35.57534246575342,demographic_sir_R0_comparison,0.06289022405974083,0.00014109721986553357,0.9369686787203925,15.0,780.2142857142857,52.0,0.014285714285714285
35.59452054794521,demographic_sir_R0_comparison,0.06301768615866625,0.0001334713990363962,0.9368488424422959,15.0,780.2142857142857,52.0,0.014285714285714285
35.61369863013699,demographic_sir_R0_comparison,0.06315172672688268,0.00012650508031572402,0.9367217681928003,15.0,780.2142857142857,52.0,0.014285714285714285
35.632876712328766,demographic_sir_R0_comparison,0.0632917609532826,0.00012014855235934293,0.9365880904943571,15.0,780.2142857142857,52.0,0.014285714285714285
35.652054794520545,demographic_sir_R0_comparison,0.06343724866381165,0.00011435551408884627,0.9364483958220985,15.0,780.2142857142857,52.0,0.014285714285714285
35.67123287671233,demographic_sir_R0_comparison,0.06358769086496978,0.00010908309889535702,0.9363032260361337,15.0,780.2142857142857,52.0,0.014285714285714285
35.69041095890411,demographic_sir_R0_comparison,0.06374262636839592,0.00010429183046226004,0.9361530818011409,15.0,780.2142857142857,52.0,0.014285714285714285
35.70958904109589,demographic_sir_R0_comparison,0.06390162853511325,9.994552972512275e-05,0.9359984259351607,15.0,780.2142857142857,52.0,0.014285714285714285
35.728767123287675,demographic_sir_R0_comparison,0.06406430216448729,9.601118854998209e-05,0.9358396866469617,15.0,780.2142857142857,52.0,0.014285714285714285
35.74794520547945,demographic_sir_R0_comparison,0.06423028054241268,9.245882240132376e-05,0.935677260635185,15.0,780.2142857142857,52.0,0.014285714285714285
35.76712328767123,demographic_sir_R0_comparison,0.06439922265515206,8.926131153069336e-05,0.9355115160333162,15.0,780.2142857142857,52.0,0.014285714285714285
35.78630136986301,demographic_sir_R0_comparison,0.06457081056913475,8.639423797880366e-05,0.9353427951928855,15.0,780.2142857142857,52.0,0.014285714285714285
35.8054794520548,demographic_sir_R0_comparison,0.06474474697248765,8.383572387927061e-05,0.9351714173036322,15.0,780.2142857142857,52.0,0.014285714285714285
35.824657534246576,demographic_sir_R0_comparison,0.06492075287077886,8.156627511489239e-05,0.9349976808541053,15.0,780.2142857142857,52.0,0.014285714285714285
35.843835616438355,demographic_sir_R0_comparison,0.06509856542713507,7.956863324698367e-05,0.9348218659396169,15.0,780.2142857142857,52.0,0.014285714285714285
35.863013698630134,demographic_sir_R0_comparison,0.06527793593531432,7.782763776098215e-05,0.9346442364269236,15.0,780.2142857142857,52.0,0.014285714285714285
35.88219178082192,demographic_sir_R0_comparison,0.06545862791330526,7.633010000042691e-05,0.9344650419866931,15.0,780.2142857142857,52.0,0.014285714285714285
35.9013698630137,demographic_sir_R0_comparison,0.06564041530442516,7.506468965662739e-05,0.9342845200059168,15.0,780.2142857142857,52.0,0.014285714285714285
35.92054794520548,demographic_sir_R0_comparison,0.06582308077259727,7.402183430910812e-05,0.934102897393092,15.0,780.2142857142857,52.0,0.014285714285714285
35.93972602739726,demographic_sir_R0_comparison,0.0660064140784043,7.319363224420186e-05,0.9339203922893501,15.0,780.2142857142857,52.0,0.014285714285714285
35.95890410958904,demographic_sir_R0_comparison,0.06619021052257897,7.257377859258817e-05,0.9337372156988271,15.0,780.2142857142857,52.0,0.014285714285714285
35.97808219178082,demographic_sir_R0_comparison,0.06637426944374732,7.215750470192925e-05,0.9335535730515493,15.0,780.2142857142857,52.0,0.014285714285714285
35.9972602739726,demographic_sir_R0_comparison,0.06655839275744614,7.19415305820526e-05,0.9333696657119702,15.0,780.2142857142857,52.0,0.014285714285714285
36.016438356164386,demographic_sir_R0_comparison,0.06674238352367592,7.192403021401063e-05,0.9331856924461085,15.0,780.2142857142857,52.0,0.014285714285714285
36.035616438356165,demographic_sir_R0_comparison,0.0669260445304986,7.21046094895128e-05,0.9330018508600102,15.0,780.2142857142857,52.0,0.014285714285714285
36.054794520547944,demographic_sir_R0_comparison,0.0671091768814487,7.248429653375871e-05,0.9328183388220159,15.0,780.2142857142857,52.0,0.014285714285714285
36.07397260273973,demographic_sir_R0_comparison,0.06729157857478997,7.306554415364552e-05,0.9326353558810547,15.0,780.2142857142857,52.0,0.014285714285714285
36.09315068493151,demographic_sir_R0_comparison,0.06747304306293693,7.38522441361559e-05,0.9324531046929253,15.0,780.2142857142857,52.0,0.014285714285714285
36.11232876712329,demographic_sir_R0_comparison,0.0676533577806845,7.484975308994445e-05,0.9322717924662239,15.0,780.2142857142857,52.0,0.014285714285714285
36.131506849315066,demographic_sir_R0_comparison,0.06783230263127735,7.606492946775155e-05,0.9320916324392533,15.0,780.2142857142857,52.0,0.014285714285714285
36.15068493150685,demographic_sir_R0_comparison,0.06800964841984662,7.750618131850235e-05,0.9319128453988333,15.0,780.2142857142857,52.0,0.014285714285714285
36.16986301369863,demographic_sir_R0_comparison,0.06818515522438864,7.91835241846744e-05,0.9317356612514254,15.0,780.2142857142857,52.0,0.014285714285714285
36.18904109589041,demographic_sir_R0_comparison,0.06835857069532719,8.110864837001025e-05,0.9315603206563012,15.0,780.2142857142857,52.0,0.014285714285714285
36.20821917808219,demographic_sir_R0_comparison,0.06852962827586197,8.329499454000651e-05,0.9313870767295964,15.0,780.2142857142857,52.0,0.014285714285714285
36.227397260273975,demographic_sir_R0_comparison,0.06869804533686308,8.575783626561478e-05,0.9312161968268696,15.0,780.2142857142857,52.0,0.014285714285714285
36.24657534246575,demographic_sir_R0_comparison,0.06886352122214005,8.851436765912332e-05,0.9310479644101991,15.0,780.2142857142857,52.0,0.014285714285714285
36.26575342465753,demographic_sir_R0_comparison,0.06902573520264002,9.158379365736707e-05,0.9308826810037008,15.0,780.2142857142857,52.0,0.014285714285714285
36.28493150684932,demographic_sir_R0_comparison,0.06918434434167967,9.498741975523027e-05,0.9307206682385633,15.0,780.2142857142857,52.0,0.014285714285714285
36.3041095890411,demographic_sir_R0_comparison,0.0693389812778958,9.874873705342031e-05,0.9305622699850488,15.0,780.2142857142857,52.0,0.014285714285714285
36.323287671232876,demographic_sir_R0_comparison,0.06948925193843622,0.00010289349732817821,0.9304078545642334,15.0,780.2142857142857,52.0,0.014285714285714285
36.342465753424655,demographic_sir_R0_comparison,0.0696347332022692,0.00010744977142592929,0.9302578170263026,15.0,780.2142857142857,52.0,0.014285714285714285
36.36164383561644,demographic_sir_R0_comparison,0.06977497054266249,0.00011244798260378382,0.9301125814747314,15.0,780.2142857142857,52.0,0.014285714285714285
36.38082191780822,demographic_sir_R0_comparison,0.0699094756891774,0.00011792090445317602,0.9299726034063671,15.0,780.2142857142857,52.0,0.014285714285714285
36.4,demographic_sir_R0_comparison,0.07003772436326813,0.0001239036107454869,0.9298383720259843,15.0,780.2142857142857,52.0,0.014285714285714285
36.419178082191785,demographic_sir_R0_comparison,0.07015915415807267,0.00013043336192929304,0.929710412479996,15.0,780.2142857142857,52.0,0.014285714285714285
36.43835616438356,demographic_sir_R0_comparison,0.07027316265250123,0.00013754941012093723,0.9295892879373757,15.0,780.2142857142857,52.0,0.014285714285714285
36.45753424657534,demographic_sir_R0_comparison,0.07037910587244009,0.0001452927013354983,0.9294756014262223,15.0,780.2142857142857,52.0,0.014285714285714285
36.47671232876712,demographic_sir_R0_comparison,0.07047629723780792,0.00015370545053263105,0.9293699973116574,15.0,780.2142857142857,52.0,0.014285714285714285
36.49589041095891,demographic_sir_R0_comparison,0.07056400716311423,0.0001628305620061019,0.9292731622748776,15.0,780.2142857142857,52.0,0.014285714285714285
36.515068493150686,demographic_sir_R0_comparison,0.0706414635104929,0.0001727108650294879,0.9291858256244757,15.0,780.2142857142857,52.0,0.014285714285714285
36.534246575342465,demographic_sir_R0_comparison,0.07070785312687485,0.00018338813290741737,0.9291087587402157,15.0,780.2142857142857,52.0,0.014285714285714285
36.553424657534244,demographic_sir_R0_comparison,0.07076232472932838,0.0001949018532371718,0.9290427734174326,15.0,780.2142857142857,52.0,0.014285714285714285
36.57260273972603,demographic_sir_R0_comparison,0.0708039934321555,0.0002072877189815848,0.9289887188488609,15.0,780.2142857142857,52.0,0.014285714285714285
36.59178082191781,demographic_sir_R0_comparison,0.07083194723265045,0.00022057581476791542,0.9289474769525794,15.0,780.2142857142857,52.0,0.014285714285714285
36.61095890410959,demographic_sir_R0_comparison,0.07084525578498799,0.00023478848166752085,0.9289199557333422,15.0,780.2142857142857,52.0,0.014285714285714285
36.63013698630137,demographic_sir_R0_comparison,0.07084298178789518,0.00024993785765454476,0.928907080354448,15.0,780.2142857142857,52.0,0.014285714285714285
36.64931506849315,demographic_sir_R0_comparison,0.0708241952849218,0.0002660231110221342,0.9289097816040541,15.0,780.2142857142857,52.0,0.014285714285714285
36.66849315068493,demographic_sir_R0_comparison,0.07078799111890578,0.00028302741106277425,0.9289289814700292,15.0,780.2142857142857,52.0,0.014285714285714285
36.68767123287671,demographic_sir_R0_comparison,0.07073350968715131,0.0003009147146344295,0.928965575598212,15.0,780.2142857142857,52.0,0.014285714285714285
36.706849315068496,demographic_sir_R0_comparison,0.07065996100423058,0.00031962648838562734,0.9290204125073814,15.0,780.2142857142857,52.0,0.014285714285714285
36.726027397260275,demographic_sir_R0_comparison,0.07056665189068351,0.00033907853279415074,0.92909426957652,15.0,780.2142857142857,52.0,0.014285714285714285
36.74520547945205,demographic_sir_R0_comparison,0.07045301586754106,0.00035915812266952606,0.929187826009787,15.0,780.2142857142857,52.0,0.014285714285714285
36.76438356164383,demographic_sir_R0_comparison,0.07031864505362871,0.00037972172448639765,0.9293016332218824,15.0,780.2142857142857,52.0,0.014285714285714285
36.78356164383562,demographic_sir_R0_comparison,0.07016332304771616,0.00040059358713753036,0.9294360833651439,15.0,780.2142857142857,52.0,0.014285714285714285
36.8027397260274,demographic_sir_R0_comparison,0.06998705745249566,0.00042156552117952347,0.9295913770263226,15.0,780.2142857142857,52.0,0.014285714285714285
36.821917808219176,demographic_sir_R0_comparison,0.06979011039323424,0.00044239817341175803,0.9297674914333518,15.0,780.2142857142857,52.0,0.014285714285714285
36.84109589041096,demographic_sir_R0_comparison,0.06957302514007872,0.00046282406029422293,0.9299641507996249,15.0,780.2142857142857,52.0,0.014285714285714285
36.86027397260274,demographic_sir_R0_comparison,0.06933664680360023,0.000482552539319281,0.9301808006570785,15.0,780.2142857142857,52.0,0.014285714285714285
36.87945205479452,demographic_sir_R0_comparison,0.06908213508176139,0.0005012767705862778,0.9304165881476503,15.0,780.2142857142857,52.0,0.014285714285714285
36.8986301369863,demographic_sir_R0_comparison,0.06881096722841429,0.0005186825565515816,0.9306703502150323,15.0,780.2142857142857,52.0,0.014285714285714285
36.917808219178085,demographic_sir_R0_comparison,0.06852492980748151,0.0005344587590022242,0.9309406114335145,15.0,780.2142857142857,52.0,0.014285714285714285
36.93698630136986,demographic_sir_R0_comparison,0.06822609838780064,0.0005483087990459445,0.9312255928131515,15.0,780.2142857142857,52.0,0.014285714285714285
36.95616438356164,demographic_sir_R0_comparison,0.06791680508694453,0.0005599625742667389,0.9315232323387869,15.0,780.2142857142857,52.0,0.014285714285714285
36.97534246575343,demographic_sir_R0_comparison,0.06759959472488607,0.0005691880049497894,0.9318312172701624,15.0,780.2142857142857,52.0,0.014285714285714285
36.99452054794521,demographic_sir_R0_comparison,0.06727717121361626,0.0005758013729427506,0.9321470274134391,15.0,780.2142857142857,52.0,0.014285714285714285
37.013698630136986,demographic_sir_R0_comparison,0.06695233658841848,0.0005796756580992284,0.9324679877534804,15.0,780.2142857142857,52.0,0.014285714285714285
37.032876712328765,demographic_sir_R0_comparison,0.06662792568563422,0.0005807462111116562,0.9327913281032522,15.0,780.2142857142857,52.0,0.014285714285714285
37.05205479452055,demographic_sir_R0_comparison,0.06630673981529049,0.0005790133156676217,0.9331142468690399,15.0,780.2142857142857,52.0,0.014285714285714285
37.07123287671233,demographic_sir_R0_comparison,0.06599148282280948,0.0005745414613039646,0.9334339757158846,15.0,780.2142857142857,52.0,0.014285714285714285
37.09041095890411,demographic_sir_R0_comparison,0.06568470268046997,0.0005674554357793946,0.9337478418837486,15.0,780.2142857142857,52.0,0.014285714285714285
37.10958904109589,demographic_sir_R0_comparison,0.0653887412346766,0.0005579336141112932,0.9340533251512101,15.0,780.2142857142857,52.0,0.014285714285714285
37.12876712328767,demographic_sir_R0_comparison,0.0651056940299252,0.0005461990367599024,0.9343481069333128,15.0,780.2142857142857,52.0,0.014285714285714285
37.14794520547945,demographic_sir_R0_comparison,0.0648373813241195,0.0005325090080769245,0.9346301096678014,15.0,780.2142857142857,52.0,0.014285714285714285
37.16712328767123,demographic_sir_R0_comparison,0.06458533059558319,0.0005171439978618593,0.9348975254065526,15.0,780.2142857142857,52.0,0.014285714285714285
37.18630136986302,demographic_sir_R0_comparison,0.0643507701021027,0.0005003965972935041,0.9351488333006014,15.0,780.2142857142857,52.0,0.014285714285714285
37.205479452054796,demographic_sir_R0_comparison,0.06413463244804622,0.0004825611805826155,0.9353828063713687,15.0,780.2142857142857,52.0,0.014285714285714285
37.224657534246575,demographic_sir_R0_comparison,0.06393756668250306,0.00046392477749127145,0.935598508540003,15.0,780.2142857142857,52.0,0.014285714285714285
37.24383561643835,demographic_sir_R0_comparison,0.06375995719904476,0.00044475949376356565,0.9357952833071888,15.0,780.2142857142857,52.0,0.014285714285714285
37.26301369863014,demographic_sir_R0_comparison,0.06360194762396518,0.0004253166489645989,0.9359727357270672,15.0,780.2142857142857,52.0,0.014285714285714285
37.28219178082192,demographic_sir_R0_comparison,0.0634634679372773,0.0004058226518149977,0.9361307094109045,15.0,780.2142857142857,52.0,0.014285714285714285
37.3013698630137,demographic_sir_R0_comparison,0.06334426323370626,0.0003864765131492519,0.9362692602531413,15.0,780.2142857142857,52.0,0.014285714285714285
37.32054794520548,demographic_sir_R0_comparison,0.06324392276197151,0.0003674488111602331,0.936388628426865,15.0,780.2142857142857,52.0,0.014285714285714285
37.33972602739726,demographic_sir_R0_comparison,0.06316190814534249,0.0003488818723841081,0.93648920998227,15.0,780.2142857142857,52.0,0.014285714285714285
37.35890410958904,demographic_sir_R0_comparison,0.06309757995634897,0.0003308909109371215,0.9365715291327107,15.0,780.2142857142857,52.0,0.014285714285714285
37.37808219178082,demographic_sir_R0_comparison,0.06305022207252362,0.00031356587169908257,0.9366362120557742,15.0,780.2142857142857,52.0,0.014285714285714285
37.397260273972606,demographic_sir_R0_comparison,0.06301906346438312,0.00029697374357084505,0.936683962792043,15.0,780.2142857142857,52.0,0.014285714285714285
37.416438356164385,demographic_sir_R0_comparison,0.06300329725421855,0.00028116114005152895,0.9367155416057269,15.0,780.2142857142857,52.0,0.014285714285714285
37.43561643835616,demographic_sir_R0_comparison,0.06300209703250102,0.0002661569805870967,0.9367317459869087,15.0,780.2142857142857,52.0,0.014285714285714285
37.45479452054794,demographic_sir_R0_comparison,0.06301463052934982,0.00025197514310728854,0.9367333943275398,15.0,780.2142857142857,52.0,0.014285714285714285
37.47397260273973,demographic_sir_R0_comparison,0.0630400708154442,0.00023861699287008374,0.9367213121916826,15.0,780.2142857142857,52.0,0.014285714285714285
37.49315068493151,demographic_sir_R0_comparison,0.06307760525511105,0.0002260737233240277,0.936696321021562,15.0,780.2142857142857,52.0,0.014285714285714285
37.512328767123286,demographic_sir_R0_comparison,0.06312644245961091,0.00021432847028153774,0.9366592290701046,15.0,780.2142857142857,52.0,0.014285714285714285
37.53150684931507,demographic_sir_R0_comparison,0.06318581749621084,0.00020335818107969402,0.9366108243227065,15.0,780.2142857142857,52.0,0.014285714285714285
37.55068493150685,demographic_sir_R0_comparison,0.06325499560327455,0.00019313523587061475,0.9365518691608519,15.0,780.2142857142857,52.0,0.014285714285714285
37.56986301369863,demographic_sir_R0_comparison,0.06333327464739663,0.00018362882929370011,0.9364830965233066,15.0,780.2142857142857,52.0,0.014285714285714285
37.58904109589041,demographic_sir_R0_comparison,0.06341998653887924,0.00017480612822941987,0.9364052073328881,15.0,780.2142857142857,52.0,0.014285714285714285
37.608219178082194,demographic_sir_R0_comparison,0.06351449779916742,0.00016663322583689038,0.9363188689749925,15.0,780.2142857142857,52.0,0.014285714285714285
37.62739726027397,demographic_sir_R0_comparison,0.06361620945014503,0.0001590759143122473,0.9362247146355396,15.0,780.2142857142857,52.0,0.014285714285714285
37.64657534246575,demographic_sir_R0_comparison,0.0637245563718091,0.00015210029936821165,0.9361233433288194,15.0,780.2142857142857,52.0,0.014285714285714285
37.66575342465754,demographic_sir_R0_comparison,0.06383900625268704,0.00014567327882860753,0.9360153204684811,15.0,780.2142857142857,52.0,0.014285714285714285
37.68493150684932,demographic_sir_R0_comparison,0.06395905823700324,0.00013976290635762581,0.9359011788566359,15.0,780.2142857142857,52.0,0.014285714285714285
37.704109589041096,demographic_sir_R0_comparison,0.06408424135432123,0.00013433865951479752,0.9357814199861606,15.0,780.2142857142857,52.0,0.014285714285714285
37.723287671232875,demographic_sir_R0_comparison,0.06421411280128539,0.0001293716292755788,0.9356565155694359,15.0,780.2142857142857,52.0,0.014285714285714285
37.74246575342466,demographic_sir_R0_comparison,0.06434825613113081,0.00012483464605044862,0.9355269092228156,15.0,780.2142857142857,52.0,0.014285714285714285
37.76164383561644,demographic_sir_R0_comparison,0.06448627939469977,0.00012070235518612874,0.9353930182501108,15.0,780.2142857142857,52.0,0.014285714285714285
37.78082191780822,demographic_sir_R0_comparison,0.0646278132666321,0.0001169512530129441,0.9352552354803517,15.0,780.2142857142857,52.0,0.014285714285714285
37.8,demographic_sir_R0_comparison,0.06477250918198563,0.00011355969275409034,0.9351139311252572,15.0,780.2142857142857,52.0,0.014285714285714285
37.81917808219178,demographic_sir_R0_comparison,0.06492003750159746,0.00011050786805454683,0.934969454630345,15.0,780.2142857142857,52.0,0.014285714285714285
37.83835616438356,demographic_sir_R0_comparison,0.06507008571881251,0.00010777778052336535,0.934822136500661,15.0,780.2142857142857,52.0,0.014285714285714285
37.85753424657534,demographic_sir_R0_comparison,0.06522235671560588,0.00010535319650616783,0.934672290087885,15.0,780.2142857142857,52.0,0.014285714285714285
37.87671232876713,demographic_sir_R0_comparison,0.06537656707243447,0.00010321959730192662,0.9345202133302606,15.0,780.2142857142857,52.0,0.014285714285714285
37.895890410958906,demographic_sir_R0_comparison,0.0655324454332301,0.00010136412619264788,0.9343661904405745,15.0,780.2142857142857,52.0,0.014285714285714285
37.915068493150685,demographic_sir_R0_comparison,0.06568973092465487,9.977553494830252e-05,0.9342104935403941,15.0,780.2142857142857,52.0,0.014285714285714285
37.93424657534246,demographic_sir_R0_comparison,0.06584817162697032,9.844413188373881e-05,0.9340533842411431,15.0,780.2142857142857,52.0,0.014285714285714285
37.95342465753425,demographic_sir_R0_comparison,0.0660075230925341,9.73617330614475e-05,0.9338951151744018,15.0,780.2142857142857,52.0,0.014285714285714285
37.97260273972603,demographic_sir_R0_comparison,0.06616754690694897,9.652161783725983e-05,0.9337359314752111,15.0,780.2142857142857,52.0,0.014285714285714285
37.99178082191781,demographic_sir_R0_comparison,0.06632800928719235,9.591848961982618e-05,0.9335760722231851,15.0,780.2142857142857,52.0,0.014285714285714285
38.010958904109586,demographic_sir_R0_comparison,0.06648867971059355,9.554844244504816e-05,0.9334157718469585,15.0,780.2142857142857,52.0,0.014285714285714285
38.03013698630137,demographic_sir_R0_comparison,0.0666493295682716,9.540893374071324e-05,0.9332552614979849,15.0,780.2142857142857,52.0,0.014285714285714285
38.04931506849315,demographic_sir_R0_comparison,0.0668097308365652,9.549876346286953e-05,0.9330947703999694,15.0,780.2142857142857,52.0,0.014285714285714285
38.06849315068493,demographic_sir_R0_comparison,0.06696965476006787,9.581805961332884e-05,0.932934527180316,15.0,780.2142857142857,52.0,0.014285714285714285
38.087671232876716,demographic_sir_R0_comparison,0.06712887054011275,9.63682699872596e-05,0.9327747611898973,15.0,780.2142857142857,52.0,0.014285714285714285
38.106849315068494,demographic_sir_R0_comparison,0.06728714402294213,9.715215984179415e-05,0.9326157038172135,15.0,780.2142857142857,52.0,0.014285714285714285
38.12602739726027,demographic_sir_R0_comparison,0.06744423638235235,9.817381501195205e-05,0.9324575898026333,15.0,780.2142857142857,52.0,0.014285714285714285
38.14520547945205,demographic_sir_R0_comparison,0.06759990279234532,9.943864982007888e-05,0.9323006585578321,15.0,780.2142857142857,52.0,0.014285714285714285
38.16438356164384,demographic_sir_R0_comparison,0.06775389108627719,0.00010095341892054133,0.9321451554947997,15.0,780.2142857142857,52.0,0.014285714285714285
38.18356164383562,demographic_sir_R0_comparison,0.06790594040020355,0.00010272623198348981,0.9319913333678105,15.0,780.2142857142857,52.0,0.014285714285714285
38.202739726027396,demographic_sir_R0_comparison,0.06805577979963258,0.00010476656984081807,0.9318394536305242,15.0,780.2142857142857,52.0,0.014285714285714285
38.22191780821918,demographic_sir_R0_comparison,0.06820312689076383,0.00010708530038439274,0.9316897878088496,15.0,780.2142857142857,52.0,0.014285714285714285
38.24109589041096,demographic_sir_R0_comparison,0.06834768641958307,0.0001096946921115726,0.9315426188883033,15.0,780.2142857142857,52.0,0.014285714285714285
38.26027397260274,demographic_sir_R0_comparison,0.06848914886497554,0.00011260842274637648,0.9313982427122762,15.0,780.2142857142857,52.0,0.014285714285714285
38.27945205479452,demographic_sir_R0_comparison,0.06862718903539489,0.00011584157981735466,0.9312569693847861,15.0,780.2142857142857,52.0,0.014285714285714285
38.298630136986304,demographic_sir_R0_comparison,0.06876146468267952,0.00011941064943759246,0.9311191246678813,15.0,780.2142857142857,52.0,0.014285714285714285
38.31780821917808,demographic_sir_R0_comparison,0.06889161515143372,0.0001233334888026838,0.9309850513597621,15.0,780.2142857142857,52.0,0.014285714285714285
38.33698630136986,demographic_sir_R0_comparison,0.06901726008808876,0.0001276292770971618,0.9308551106348126,15.0,780.2142857142857,52.0,0.014285714285714285
38.35616438356164,demographic_sir_R0_comparison,0.06913799824041356,0.00013231843858220167,0.9307296833210028,15.0,780.2142857142857,52.0,0.014285714285714285
38.37534246575343,demographic_sir_R0_comparison,0.06925340638593999,0.00013742253063906725,0.9306091710834195,15.0,780.2142857142857,52.0,0.014285714285714285
38.394520547945206,demographic_sir_R0_comparison,0.069363038436542,0.00014296408848603004,0.9304939974749706,15.0,780.2142857142857,52.0,0.014285714285714285
38.413698630136984,demographic_sir_R0_comparison,0.06946642477627249,0.00014896641720866556,0.9303846088065174,15.0,780.2142857142857,52.0,0.014285714285714285
38.43287671232877,demographic_sir_R0_comparison,0.06956307190044964,0.0001554533207005659,0.9302814747788484,15.0,780.2142857142857,52.0,0.014285714285714285
38.45205479452055,demographic_sir_R0_comparison,0.06965246243574531,0.00016244875618408086,0.9301850888080692,15.0,780.2142857142857,52.0,0.014285714285714285
38.47123287671233,demographic_sir_R0_comparison,0.06973405563338511,0.00016997640227802625,0.9300959679643355,15.0,780.2142857142857,52.0,0.014285714285714285
38.49041095890411,demographic_sir_R0_comparison,0.06980728844008333,0.00017805912824494363,0.9300146524316704,15.0,780.2142857142857,52.0,0.014285714285714285
38.50958904109589,demographic_sir_R0_comparison,0.0698715772633749,0.0001867183522663834,0.9299417043843573,15.0,780.2142857142857,52.0,0.014285714285714285
38.52876712328767,demographic_sir_R0_comparison,0.06992632055868797,0.00019597327758194316,0.9298777061637286,15.0,780.2142857142857,52.0,0.014285714285714285
38.54794520547945,demographic_sir_R0_comparison,0.06997090237367562,0.00020583999734585635,0.929823257628977,15.0,780.2142857142857,52.0,0.014285714285714285
38.56712328767124,demographic_sir_R0_comparison,0.07000469698952924,0.00021633046239219187,0.929778972548077,15.0,780.2142857142857,52.0,0.014285714285714285
38.586301369863016,demographic_sir_R0_comparison,0.07002707479746992,0.0002274513110587119,0.9297454738914698,15.0,780.2142857142857,52.0,0.014285714285714285
38.605479452054794,demographic_sir_R0_comparison,0.07003740953929853,0.0002392025670880333,0.929723387893612,15.0,780.2142857142857,52.0,0.014285714285714285
38.62465753424657,demographic_sir_R0_comparison,0.07003508702152837,0.0002515762206365371,0.9297133367578336,15.0,780.2142857142857,52.0,0.014285714285714285
38.64383561643836,demographic_sir_R0_comparison,0.07001951538088942,0.00026455471870046905,0.929715929900409,15.0,780.2142857142857,52.0,0.014285714285714285
38.66301369863014,demographic_sir_R0_comparison,0.06999013693269107,0.0002781094047580921,0.9297317536625497,15.0,780.2142857142857,52.0,0.014285714285714285
38.68219178082192,demographic_sir_R0_comparison,0.06994644157090915,0.00029219896280988745,0.9297613594662798,15.0,780.2142857142857,52.0,0.014285714285714285
38.701369863013696,demographic_sir_R0_comparison,0.06988798160899984,0.00030676793761278586,0.9298052504533859,15.0,780.2142857142857,52.0,0.014285714285714285
38.72054794520548,demographic_sir_R0_comparison,0.0698143878536979,0.0003217454196682018,0.9298638667266326,15.0,780.2142857142857,52.0,0.014285714285714285
38.73972602739726,demographic_sir_R0_comparison,0.06972538659256268,0.0003370439988906104,0.9299375694085453,15.0,780.2142857142857,52.0,0.014285714285714285
38.75890410958904,demographic_sir_R0_comparison,0.06962081705415413,0.00035255910285240195,0.930026623842992,15.0,780.2142857142857,52.0,0.014285714285714285
38.778082191780825,demographic_sir_R0_comparison,0.06950064877436968,0.0003681688417021187,0.9301311823839267,15.0,780.2142857142857,52.0,0.014285714285714285
38.797260273972604,demographic_sir_R0_comparison,0.06936499818321579,0.00038373447974271875,0.9302512673370398,15.0,780.2142857142857,52.0,0.014285714285714285
38.81643835616438,demographic_sir_R0_comparison,0.06921414362505846,0.0003991016408191924,0.9303867547341207,15.0,780.2142857142857,52.0,0.014285714285714285
38.83561643835616,demographic_sir_R0_comparison,0.06904853795575859,0.0004141023292286832,0.9305373597150111,15.0,780.2142857142857,52.0,0.014285714285714285
38.85479452054795,demographic_sir_R0_comparison,0.06886881783598647,0.00042855780898249507,0.9307026243550293,15.0,780.2142857142857,52.0,0.014285714285714285
38.87397260273973,demographic_sir_R0_comparison,0.06867580887399427,0.00044228233256672725,0.9308819087934372,15.0,780.2142857142857,52.0,0.014285714285714285
38.893150684931506,demographic_sir_R0_comparison,0.06847052587234727,0.00045508764838564115,0.9310743864792653,15.0,780.2142857142857,52.0,0.014285714285714285
38.912328767123284,demographic_sir_R0_comparison,0.0682541676051825,0.0004667881483618425,0.9312790442464538,15.0,780.2142857142857,52.0,0.014285714285714285
38.93150684931507,demographic_sir_R0_comparison,0.06802810579178327,0.0004772064500752858,0.9314946877581396,15.0,780.2142857142857,52.0,0.014285714285714285
38.95068493150685,demographic_sir_R0_comparison,0.06779386822664918,0.00048617914896863934,0.9317199526243803,15.0,780.2142857142857,52.0,0.014285714285714285
38.96986301369863,demographic_sir_R0_comparison,0.06755311635566967,0.0004935624334556379,0.9319533212108727,15.0,780.2142857142857,52.0,0.014285714285714285
38.989041095890414,demographic_sir_R0_comparison,0.0673076179257029,0.000499237236259171,0.932193144838036,15.0,780.2142857142857,52.0,0.014285714285714285
39.00821917808219,demographic_sir_R0_comparison,0.06705921565020201,0.0005031136038205299,0.9324376707459755,15.0,780.2142857142857,52.0,0.014285714285714285
39.02739726027397,demographic_sir_R0_comparison,0.06680979309586683,0.0005051340037683145,0.9326850729003628,15.0,780.2142857142857,52.0,0.014285714285714285
39.04657534246575,demographic_sir_R0_comparison,0.066561239178091,0.0005052753559946326,0.9329334854659126,15.0,780.2142857142857,52.0,0.014285714285714285
39.06575342465754,demographic_sir_R0_comparison,0.06631541273758759,0.0005035496598612367,0.9331810376025494,15.0,780.2142857142857,52.0,0.014285714285714285
39.084931506849315,demographic_sir_R0_comparison,0.06607410864901563,0.0005000031894211081,0.9334258881615616,15.0,780.2142857142857,52.0,0.014285714285714285
39.104109589041094,demographic_sir_R0_comparison,0.06583902678837361,0.0004947143295513369,0.9336662588820733,15.0,780.2142857142857,52.0,0.014285714285714285
39.12328767123288,demographic_sir_R0_comparison,0.06561174497404595,0.000487790217734525,0.9339004648082179,15.0,780.2142857142857,52.0,0.014285714285714285
39.14246575342466,demographic_sir_R0_comparison,0.06539369671992284,0.00047936242962785765,0.9341269408504478,15.0,780.2142857142857,52.0,0.014285714285714285
39.16164383561644,demographic_sir_R0_comparison,0.06518615432630405,0.000469581995082432,0.9343442636786119,15.0,780.2142857142857,52.0,0.014285714285714285
39.18082191780822,demographic_sir_R0_comparison,0.06499021751480508,0.0004586140520312848,0.934551168433162,15.0,780.2142857142857,52.0,0.014285714285714285
39.2,demographic_sir_R0_comparison,0.06480680751409947,0.00044663243937661964,0.9347465600465223,15.0,780.2142857142857,52.0,0.014285714285714285
39.21917808219178,demographic_sir_R0_comparison,0.06463666624554713,0.00043381450048328104,0.934929519253968,15.0,780.2142857142857,52.0,0.014285714285714285
39.23835616438356,demographic_sir_R0_comparison,0.06448036005595136,0.0004203363220732754,0.9350993036219738,15.0,780.2142857142857,52.0,0.014285714285714285
39.25753424657534,demographic_sir_R0_comparison,0.0643382873056956,0.00040636857617638833,0.9352553441181263,15.0,780.2142857142857,52.0,0.014285714285714285
39.276712328767125,demographic_sir_R0_comparison,0.06421068904423337,0.00039207307222137656,0.9353972378835436,15.0,780.2142857142857,52.0,0.014285714285714285
39.295890410958904,demographic_sir_R0_comparison,0.06409766198568617,0.0003776000683290008,0.9355247379459833,15.0,780.2142857142857,52.0,0.014285714285714285
39.31506849315068,demographic_sir_R0_comparison,0.06399917302568577,0.00036308633990800624,0.9356377406344046,15.0,780.2142857142857,52.0,0.014285714285714285
39.33424657534247,demographic_sir_R0_comparison,0.06391507460512146,0.00034865396259949673,0.9357362714322774,15.0,780.2142857142857,52.0,0.014285714285714285
39.35342465753425,demographic_sir_R0_comparison,0.06384512031526361,0.00033440973669354143,0.9358204699480411,15.0,780.2142857142857,52.0,0.014285714285714285
39.37260273972603,demographic_sir_R0_comparison,0.06378898024080343,0.00032044516123410586,0.9358905745979607,15.0,780.2142857142857,52.0,0.014285714285714285
39.391780821917806,demographic_sir_R0_comparison,0.06374625564328251,0.00030683685702518747,0.9359469074996905,15.0,780.2142857142857,52.0,0.014285714285714285
39.41095890410959,demographic_sir_R0_comparison,0.06371649268983902,0.0002936473369369153,0.9359898599732223,15.0,780.2142857142857,52.0,0.014285714285714285
39.43013698630137,demographic_sir_R0_comparison,0.06369919502595582,0.00028092602731010695,0.9360198789467323,15.0,780.2142857142857,52.0,0.014285714285714285
39.44931506849315,demographic_sir_R0_comparison,0.06369383507272033,0.00026871045390563234,0.9360374544733725,15.0,780.2142857142857,52.0,0.014285714285714285
39.468493150684935,demographic_sir_R0_comparison,0.06369986399742937,0.00025702751797421984,0.9360431084845952,15.0,780.2142857142857,52.0,0.014285714285714285
39.487671232876714,demographic_sir_R0_comparison,0.06371672036094879,0.00024589480116941746,0.9360373848378806,15.0,780.2142857142857,52.0,0.014285714285714285
39.50684931506849,demographic_sir_R0_comparison,0.06374383748675672,0.00023532185107301263,0.9360208406621691,15.0,780.2142857142857,52.0,0.014285714285714285
39.52602739726027,demographic_sir_R0_comparison,0.06378064962636708,0.00022531141126531684,0.9359940389623664,15.0,780.2142857142857,52.0,0.014285714285714285
39.54520547945206,demographic_sir_R0_comparison,0.06382659701548239,0.0002158605706657757,0.9359575424138507,15.0,780.2142857142857,52.0,0.014285714285714285
39.56438356164384,demographic_sir_R0_comparison,0.0638811299265113,0.00020696181604891158,0.9359119082574388,15.0,780.2142857142857,52.0,0.014285714285714285
39.583561643835615,demographic_sir_R0_comparison,0.06394371182772662,0.00019860397914579336,0.9358576841931266,15.0,780.2142857142857,52.0,0.014285714285714285
39.602739726027394,demographic_sir_R0_comparison,0.06401382175890721,0.00019077307564069812,0.9357954051654512,15.0,780.2142857142857,52.0,0.014285714285714285
39.62191780821918,demographic_sir_R0_comparison,0.06409095602918928,0.00018345303781534963,0.9357255909329948,15.0,780.2142857142857,52.0,0.014285714285714285
39.64109589041096,demographic_sir_R0_comparison,0.06417462933621484,0.0001766263457726042,0.9356487443180118,15.0,780.2142857142857,52.0,0.014285714285714285
39.66027397260274,demographic_sir_R0_comparison,0.06426437539745632,0.00017027456429583498,0.9355653500382471,15.0,780.2142857142857,52.0,0.014285714285714285
39.679452054794524,demographic_sir_R0_comparison,0.06435974717556114,0.00016437879367448834,0.9354758740307637,15.0,780.2142857142857,52.0,0.014285714285714285
39.6986301369863,demographic_sir_R0_comparison,0.06446031677026422,0.00015892004343834938,0.9353807631862967,15.0,780.2142857142857,52.0,0.014285714285714285
39.71780821917808,demographic_sir_R0_comparison,0.06456567504026953,0.00015387953805865923,0.9352804454216711,15.0,780.2142857142857,52.0,0.014285714285714285
39.73698630136986,demographic_sir_R0_comparison,0.06467543100978487,0.0001492389634331012,0.9351753300267815,15.0,780.2142857142857,52.0,0.014285714285714285
39.75616438356165,demographic_sir_R0_comparison,0.06478921110629629,0.00014498066248789455,0.9350658082312153,15.0,780.2142857142857,52.0,0.014285714285714285
39.775342465753425,demographic_sir_R0_comparison,0.06490665826878517,0.00014108778759454338,0.9349522539436199,15.0,780.2142857142857,52.0,0.014285714285714285
39.794520547945204,demographic_sir_R0_comparison,0.06502743095897709,0.00013754441678040587,0.9348350246242421,15.0,780.2142857142857,52.0,0.014285714285714285
39.81369863013698,demographic_sir_R0_comparison,0.06515120210236157,0.0001343356399629331,0.9347144622576748,15.0,780.2142857142857,52.0,0.014285714285714285
39.83287671232877,demographic_sir_R0_comparison,0.06527765798061823,0.00013144762069373423,0.9345908943986873,15.0,780.2142857142857,52.0,0.014285714285714285
39.85205479452055,demographic_sir_R0_comparison,0.06540649709267866,0.0001288676381856936,0.9344646352691348,15.0,780.2142857142857,52.0,0.014285714285714285
39.87123287671233,demographic_sir_R0_comparison,0.06553742899789132,0.00012658411372969632,0.9343359868883782,15.0,780.2142857142857,52.0,0.014285714285714285
39.89041095890411,demographic_sir_R0_comparison,0.06567017315157761,0.0001245866249958894,0.9342052402234257,15.0,780.2142857142857,52.0,0.014285714285714285
39.90958904109589,demographic_sir_R0_comparison,0.06580445774061343,0.00012286591116107278,0.9340726763482244,15.0,780.2142857142857,52.0,0.014285714285714285
39.92876712328767,demographic_sir_R0_comparison,0.06594001852448236,0.00012141387130856599,0.9339385676042081,15.0,780.2142857142857,52.0,0.014285714285714285
39.94794520547945,demographic_sir_R0_comparison,0.0660765976854666,0.00012022355810673698,0.9338031787564256,15.0,780.2142857142857,52.0,0.014285714285714285
39.967123287671235,demographic_sir_R0_comparison,0.06621394269023088,0.00011928916838259849,0.9336667681413854,15.0,780.2142857142857,52.0,0.014285714285714285
39.986301369863014,demographic_sir_R0_comparison,0.06635180516395965,0.00011860603186179872,0.9335295888041774,15.0,780.2142857142857,52.0,0.014285714285714285
40.0,demographic_sir_R0_comparison,0.06645045919245882,0.00011826989551541417,0.9334312709120245,15.0,780.2142857142857,52.0,0.014285714285714285
