t,model,s,i,r,R0,beta,gamma
0.0,basic_sir,0.9999,0.0001,0.0,2.0,104.0,52.0
0.0027397260273972603,basic_sir,0.9998693813107599,0.00011530757910311067,1.5311110137021417e-05,2.0,104.0,52.0
0.005479452054794521,basic_sir,0.9998340769708114,0.00013295713138271702,3.296589780584565e-05,2.0,104.0,52.0
0.008219178082191782,basic_sir,0.9997933705401696,0.00015330655467098086,5.332290515944019e-05,2.0,104.0,52.0
0.010958904109589041,basic_sir,0.9997464362376359,0.00017676830497487855,7.679545738930776e-05,2.0,104.0,52.0
0.0136986301369863,basic_sir,0.9996923223203392,0.0002038176687368485,0.00010386001092405074,2.0,104.0,52.0
0.016438356164383564,basic_sir,0.9996299319589342,0.00023500227463862542,0.000135065766427295,2.0,104.0,52.0
0.019178082191780823,basic_sir,0.9995580012383904,0.0002709530258163991,0.00017104573579334052,2.0,104.0,52.0
0.021917808219178082,basic_sir,0.9994750738620384,0.000312396658123794,0.00021252947983799061,2.0,104.0,52.0
0.024657534246575342,basic_sir,0.9993794720777026,0.0003601701576873632,0.0002603577646101743,2.0,104.0,52.0
0.0273972602739726,basic_sir,0.9992692632788037,0.0004152373015748339,0.0003154994196216107,2.0,104.0,52.0
0.030136986301369864,basic_sir,0.9991422216597773,0.0004787076189885643,0.00037907072123427506,2.0,104.0,52.0
0.03287671232876713,basic_sir,0.9989957842236804,0.0005518581069344948,0.00045235766938525916,2.0,104.0,52.0
0.03561643835616438,basic_sir,0.9988270003502788,0.000636158073551102,0.0005368415761702007,2.0,104.0,52.0
0.038356164383561646,basic_sir,0.9986324740353903,0.0007332975237082354,0.0006342284409015332,2.0,104.0,52.0
0.0410958904109589,basic_sir,0.9984082978074016,0.0008452195442366309,0.0007464826483618974,2.0,104.0,52.0
0.043835616438356165,basic_sir,0.9981499772159541,0.0009741571888612974,0.0008758655951847443,2.0,104.0,52.0
0.04657534246575343,basic_sir,0.9978523446729867,0.001122675403541819,0.0010249799234716649,2.0,104.0,52.0
0.049315068493150684,basic_sir,0.9975094613110855,0.0012937185685102871,0.0011968201204043524,2.0,104.0,52.0
0.052054794520547946,basic_sir,0.9971145054136071,0.0014906642596642,0.0013948303267288448,2.0,104.0,52.0
0.0547945205479452,basic_sir,0.9966596458727897,0.0017173838433336697,0.001622970283876875,2.0,104.0,52.0
0.057534246575342465,basic_sir,0.9961358990565992,0.001978310506927596,0.0018857904364734742,2.0,104.0,52.0
0.06027397260273973,basic_sir,0.9955329674268993,0.002278515283014817,0.0021885172900860733,2.0,104.0,52.0
0.06301369863013699,basic_sir,0.9948390582703639,0.0026237915320506426,0.002537150197585727,2.0,104.0,52.0
0.06575342465753425,basic_sir,0.9940406810055792,0.003020748190999538,0.0029385708034215204,2.0,104.0,52.0
0.0684931506849315,basic_sir,0.9931224217493949,0.003476911848099416,0.00340066640250591,2.0,104.0,52.0
0.07123287671232877,basic_sir,0.9920666942071649,0.004000837338283419,0.003932468454551969,2.0,104.0,52.0
0.07397260273972603,basic_sir,0.9908534665514777,0.004602226032383071,0.004544307416139586,2.0,104.0,52.0
0.07671232876712329,basic_sir,0.9894599648426146,0.005292050271153331,0.005247984886232374,2.0,104.0,52.0
0.07945205479452055,basic_sir,0.9878603548070954,0.006082681418887256,0.006056963774017597,2.0,104.0,52.0
0.0821917808219178,basic_sir,0.9860254055302438,0.00698801771946311,0.006986576750293423,2.0,104.0,52.0
0.08493150684931507,basic_sir,0.9839221409518523,0.008023606462687518,0.008054252585460548,2.0,104.0,52.0
0.08767123287671233,basic_sir,0.9815134881091232,0.009206752841888188,0.009279759048988935,2.0,104.0,52.0
0.09041095890410959,basic_sir,0.9787579349792686,0.010556605242667428,0.010685459778064281,2.0,104.0,52.0
0.09315068493150686,basic_sir,0.9756092156541587,0.012094203505457741,0.012296580840383908,2.0,104.0,52.0
0.0958904109589041,basic_sir,0.9720160465125758,0.013842472949636208,0.01414148053778839,2.0,104.0,52.0
0.09863013698630137,basic_sir,0.9679219440484828,0.015826142703509054,0.016251913248008662,2.0,104.0,52.0
0.10136986301369863,basic_sir,0.9632651629447198,0.018071562332388293,0.018663274722892496,2.0,104.0,52.0
0.10410958904109589,basic_sir,0.9579788015304228,0.020606386238395297,0.021414812231182384,2.0,104.0,52.0
0.10684931506849316,basic_sir,0.9519911303210543,0.023459091384743537,0.02454977829420259,2.0,104.0,52.0
0.1095890410958904,basic_sir,0.9452262069232025,0.026658291421309783,0.028115501655488283,2.0,104.0,52.0
0.11232876712328767,basic_sir,0.9376048457289792,0.030231810434919976,0.03216334383610144,2.0,104.0,52.0
0.11506849315068493,basic_sir,0.9290460115322096,0.03420548383383164,0.036748504633959324,2.0,104.0,52.0
0.1178082191780822,basic_sir,0.9194686999657434,0.03860166409150762,0.04192963594274947,2.0,104.0,52.0
0.12054794520547946,basic_sir,0.9087943516306551,0.04343742709633072,0.04776822127301467,2.0,104.0,52.0
0.12328767123287672,basic_sir,0.8969498181237772,0.04872250228883405,0.0543276795873894,2.0,104.0,52.0
0.12602739726027398,basic_sir,0.8838708546745414,0.05445698740092231,0.0616721579245369,2.0,104.0,52.0
0.12876712328767123,basic_sir,0.8695060551288102,0.06062895566804779,0.06986498920314266,2.0,104.0,52.0
0.1315068493150685,basic_sir,0.8538210725662476,0.06721211671443257,0.07896681071932045,2.0,104.0,52.0
0.13424657534246576,basic_sir,0.8368028886260674,0.0741637457055561,0.08903336566837709,2.0,104.0,52.0
0.136986301369863,basic_sir,0.8184638167376231,0.08142313935537146,0.10011304390700601,2.0,104.0,52.0
0.13972602739726028,basic_sir,0.7988448631231261,0.0889108799271207,0.11224425694975389,2.0,104.0,52.0
0.14246575342465753,basic_sir,0.7780180413490776,0.09652917675586643,0.12545278189505657,2.0,104.0,52.0
0.1452054794520548,basic_sir,0.7560872572623245,0.10416349878593172,0.13974924395174432,2.0,104.0,52.0
0.14794520547945206,basic_sir,0.7331874619776453,0.11168560724215562,0.1551269307801995,2.0,104.0,52.0
0.1506849315068493,basic_sir,0.7094819118083041,0.11895795081272663,0.17156013737896977,2.0,104.0,52.0
0.15342465753424658,basic_sir,0.6851575630214423,0.12583921416308444,0.18900322281547383,2.0,104.0,52.0
0.15616438356164383,basic_sir,0.6604188401184622,0.13219064182833667,0.2073905180532016,2.0,104.0,52.0
0.1589041095890411,basic_sir,0.6354802138542787,0.13788262598462303,0.2266371601610987,2.0,104.0,52.0
0.16164383561643836,basic_sir,0.6105581728994991,0.1428009776009468,0.2466408494995545,2.0,104.0,52.0
0.1643835616438356,basic_sir,0.5858632423767594,0.14685231391301393,0.2672844437102271,2.0,104.0,52.0
0.16712328767123288,basic_sir,0.5615926807046866,0.14996809178329518,0.28843922751201856,2.0,104.0,52.0
0.16986301369863013,basic_sir,0.5379243796821243,0.15210697907511833,0.3099686412427578,2.0,104.0,52.0
0.1726027397260274,basic_sir,0.5150123249342635,0.15325545395769247,0.3317322211080444,2.0,104.0,52.0
0.17534246575342466,basic_sir,0.49298377818896666,0.1534267191405523,0.35358950267048145,2.0,104.0,52.0
0.1780821917808219,basic_sir,0.47193815393630456,0.1526581823105121,0.3754036637531838,2.0,104.0,52.0
0.18082191780821918,basic_sir,0.4519474085764641,0.1510078641334258,0.3970447272901106,2.0,104.0,52.0
0.18356164383561643,basic_sir,0.43305765631967047,0.14855014338001524,0.41839220030031476,2.0,104.0,52.0
0.1863013698630137,basic_sir,0.415291676594795,0.14537123991240408,0.43933708349280143,2.0,104.0,52.0
0.18904109589041096,basic_sir,0.39865197622507376,0.14156478398341446,0.4597832397915123,2.0,104.0,52.0
0.1917808219178082,basic_sir,0.3831241037718289,0.1372277418953553,0.47964815433281627,2.0,104.0,52.0
0.19452054794520549,basic_sir,0.36867996894028554,0.13245688032717412,0.4988631507325409,2.0,104.0,52.0
0.19726027397260273,basic_sir,0.35528098374595024,0.12734586793423214,0.5173731483198182,2.0,104.0,52.0
0.2,basic_sir,0.34288090427750195,0.12198304187882292,0.5351360538436756,2.0,104.0,52.0
0.20273972602739726,basic_sir,0.3314283059977534,0.11644981296070378,0.5521218810415432,2.0,104.0,52.0
0.2054794520547945,basic_sir,0.3208686685153341,0.1108196465743492,0.5683116849103171,2.0,104.0,52.0
0.20821917808219179,basic_sir,0.3111460770528504,0.10515753601472558,0.5836963869324243,2.0,104.0,52.0
0.21095890410958903,basic_sir,0.3022045684588071,0.0995198766266335,0.5982755549145597,2.0,104.0,52.0
0.2136986301369863,basic_sir,0.29398916141642517,0.09395465052536944,0.6120561880582057,2.0,104.0,52.0
0.21643835616438356,basic_sir,0.28644661559967927,0.08850183891498163,0.6250515454853394,2.0,104.0,52.0
0.2191780821917808,basic_sir,0.27952596490681253,0.08319398973585246,0.6372800453573353,2.0,104.0,52.0
0.2219178082191781,basic_sir,0.27317886724944934,0.07805688046669723,0.6487642522838537,2.0,104.0,52.0
0.22465753424657534,basic_sir,0.2673598090046115,0.0731102279830326,0.6595299630123562,2.0,104.0,52.0
0.2273972602739726,basic_sir,0.2620261971008408,0.0683684085520922,0.6696053943470673,2.0,104.0,52.0
0.23013698630136986,basic_sir,0.25713836645273375,0.06384116084480244,0.6790204727024641,2.0,104.0,52.0
0.23287671232876714,basic_sir,0.2526595254812068,0.05953425308050287,0.6878062214382906,2.0,104.0,52.0
0.2356164383561644,basic_sir,0.24855565798055096,0.05545010209336077,0.6959942399260886,2.0,104.0,52.0
0.23835616438356164,basic_sir,0.24479539571374465,0.05158833733993759,0.7036162669463181,2.0,104.0,52.0
0.2410958904109589,basic_sir,0.24134987284939738,0.04794630683358895,0.710703820317014,2.0,104.0,52.0
0.24383561643835616,basic_sir,0.23819257066324903,0.04451952489312135,0.7172879044436299,2.0,104.0,52.0
0.24657534246575344,basic_sir,0.2352991587547342,0.041302063627486785,0.7233987776177794,2.0,104.0,52.0
0.2493150684931507,basic_sir,0.23264733730459122,0.03828689142588496,0.7290657712695241,2.0,104.0,52.0
0.25205479452054796,basic_sir,0.23021668355168554,0.035466162540940545,0.7343171539073742,2.0,104.0,52.0
0.2547945205479452,basic_sir,0.22798850462949088,0.0328314622739659,0.7391800330965436,2.0,104.0,52.0
0.25753424657534246,basic_sir,0.2259456981156514,0.03037401240365354,0.7436802894806954,2.0,104.0,52.0
0.2602739726027397,basic_sir,0.22407262106067694,0.02808484142874865,0.7478425375105747,2.0,104.0,52.0
0.263013698630137,basic_sir,0.22235496783130484,0.025954923988092553,0.751690108180603,2.0,104.0,52.0
0.26575342465753427,basic_sir,0.22077965679525258,0.02397529352868962,0.7552450496760582,2.0,104.0,52.0
0.2684931506849315,basic_sir,0.21933472565859424,0.0221371319518859,0.7585281423895203,2.0,104.0,52.0
0.27123287671232876,basic_sir,0.2180092351221953,0.020431839606740415,0.7615589252710647,2.0,104.0,52.0
0.273972602739726,basic_sir,0.21679318043171947,0.018851088637484872,0.7643557309307961,2.0,104.0,52.0
0.2767123287671233,basic_sir,0.21567741034280266,0.017386862341660432,0.7669357273155374,2.0,104.0,52.0
0.27945205479452057,basic_sir,0.21465355299836755,0.016031482865455953,0.769314964136177,2.0,104.0,52.0
0.2821917808219178,basic_sir,0.21371394821055265,0.014777629257857729,0.7715084225315901,2.0,104.0,52.0
0.28493150684931506,basic_sir,0.21285158564917006,0.013618347627863318,0.7735300667229671,2.0,104.0,52.0
0.2876712328767123,basic_sir,0.21206004845735388,0.012547054899848606,0.775392896642798,2.0,104.0,52.0
0.2904109589041096,basic_sir,0.21133346183969107,0.01155753744064981,0.7771090007196596,2.0,104.0,52.0
0.29315068493150687,basic_sir,0.21066644619613714,0.010643945636683565,0.7786896081671798,2.0,104.0,52.0
0.2958904109589041,basic_sir,0.2100540744046046,0.009800785328659392,0.7801451402667365,2.0,104.0,52.0
0.29863013698630136,basic_sir,0.2094918328850094,0.009022906863070078,0.7814852602519211,2.0,104.0,52.0
0.3013698630136986,basic_sir,0.2089755861068923,0.008305492391508915,0.7827189215015994,2.0,104.0,52.0
0.3041095890410959,basic_sir,0.20850154423092637,0.007644041938808902,0.7838544138302652,2.0,104.0,52.0
0.30684931506849317,basic_sir,0.20806623360131335,0.007034358666959086,0.7848994077317281,2.0,104.0,52.0
0.3095890410958904,basic_sir,0.207666469831062,0.006472533681789197,0.7858609964871494,2.0,104.0,52.0
0.31232876712328766,basic_sir,0.20729933324533628,0.0059549306617415676,0.7867457360929226,2.0,104.0,52.0
0.3150684931506849,basic_sir,0.20696214646944766,0.005478170531047056,0.7875596829995057,2.0,104.0,52.0
0.3178082191780822,basic_sir,0.20665245396768345,0.00503911635183646,0.7883084296804805,2.0,104.0,52.0
0.32054794520547947,basic_sir,0.20636800335708877,0.004634858569856115,0.7889971380730555,2.0,104.0,52.0
0.3232876712328767,basic_sir,0.20610672833664534,0.004262700715374812,0.7896305709479803,2.0,104.0,52.0
0.32602739726027397,basic_sir,0.20586673308712633,0.0039201456335687425,0.7902131212793053,2.0,104.0,52.0
0.3287671232876712,basic_sir,0.20564627801036445,0.0036048822962788172,0.7907488396933572,2.0,104.0,52.0
0.3315068493150685,basic_sir,0.20544376668886072,0.0033147732287950693,0.7912414600823446,2.0,104.0,52.0
0.33424657534246577,basic_sir,0.205257733957696,0.003047842570582399,0.791694423471722,2.0,104.0,52.0
0.336986301369863,basic_sir,0.2050868349906872,0.002802264777059246,0.792110900232254,2.0,104.0,52.0
0.33972602739726027,basic_sir,0.2049298353117552,0.0025763539601954205,0.7924938107280497,2.0,104.0,52.0
0.3424657534246575,basic_sir,0.20478560165063123,0.0023685538583959036,0.7928458444909733,2.0,104.0,52.0
0.3452054794520548,basic_sir,0.2046530935694051,0.0021774284205353907,0.7931694780100599,2.0,104.0,52.0
0.34794520547945207,basic_sir,0.204531355793092,0.0020016529848068594,0.7934669912221015,2.0,104.0,52.0
0.3506849315068493,basic_sir,0.20441951118342985,0.0018400060299960032,0.7937404827865745,2.0,104.0,52.0
0.35342465753424657,basic_sir,0.20431675430058113,0.0016913614746810204,0.7939918842247382,2.0,104.0,52.0
0.3561643835616438,basic_sir,0.2042223455023607,0.0015546814985058902,0.7942229729991337,2.0,104.0,52.0
0.3589041095890411,basic_sir,0.2041356055350901,0.0014290098589367166,0.7944353846059734,2.0,104.0,52.0
0.36164383561643837,basic_sir,0.2040559105742419,0.0013134656766603425,0.794630623749098,2.0,104.0,52.0
0.3643835616438356,basic_sir,0.2039826876767202,0.0012072376629189774,0.794810074660361,2.0,104.0,52.0
0.36712328767123287,basic_sir,0.2039154106099675,0.0011095787625084268,0.7949750106275243,2.0,104.0,52.0
0.3698630136986301,basic_sir,0.20385359602612352,0.0010198011868295977,0.7951266027870472,2.0,104.0,52.0
0.3726027397260274,basic_sir,0.2037967999522203,0.000937271812215376,0.7952659282355645,2.0,104.0,52.0
0.37534246575342467,basic_sir,0.20374461456990633,0.0008614079197099336,0.7953939775103839,2.0,104.0,52.0
0.3780821917808219,basic_sir,0.20369666526047409,0.0007916732535163353,0.7955116614860097,2.0,104.0,52.0
0.38082191780821917,basic_sir,0.20365260789304276,0.0007275743764198115,0.7956198177305375,2.0,104.0,52.0
0.3835616438356164,basic_sir,0.2036121263356401,0.0006686573016129588,0.795719216362747,2.0,104.0,52.0
0.3863013698630137,basic_sir,0.20357493017065093,0.0006145043814757314,0.7958105654478734,2.0,104.0,52.0
0.38904109589041097,basic_sir,0.20354075259767296,0.0005647314349816112,0.7958945159673455,2.0,104.0,52.0
0.3917808219178082,basic_sir,0.20350934850825395,0.0005189850964997479,0.7959716663952464,2.0,104.0,52.0
0.39452054794520547,basic_sir,0.2034804927182937,0.00047694036983201237,0.7960425669118744,2.0,104.0,52.0
0.3972602739726027,basic_sir,0.20345397834508971,0.0004382983723569068,0.7961077232825534,2.0,104.0,52.0
0.4,basic_sir,0.20342961531709725,0.00040278425514438636,0.7961676004277584,2.0,104.0,52.0
0.40273972602739727,basic_sir,0.20340722900547198,0.0003701452858535481,0.7962226257086744,2.0,104.0,52.0
0.4054794520547945,basic_sir,0.203386658967377,0.0003401490821268268,0.7962731919504962,2.0,104.0,52.0
0.40821917808219177,basic_sir,0.2033677577918689,0.0003125819840488914,0.7963196602240823,2.0,104.0,52.0
0.410958904109589,basic_sir,0.20335039003994188,0.00028724755504558824,0.7963623624050126,2.0,104.0,52.0
0.4136986301369863,basic_sir,0.2033344312710079,0.0002639652013585749,0.7964016035276336,2.0,104.0,52.0
0.41643835616438357,basic_sir,0.20331976714872893,0.00024256890094560867,0.7964376639503254,2.0,104.0,52.0
0.4191780821917808,basic_sir,0.20330629261970506,0.0002229060333261103,0.7964708013469688,2.0,104.0,52.0
0.42191780821917807,basic_sir,0.20329391115905696,0.00020483630251821682,0.7965012525384247,2.0,104.0,52.0
0.4246575342465753,basic_sir,0.20328253407743369,0.00018823074579876813,0.7965292351767674,2.0,104.0,52.0
0.4273972602739726,basic_sir,0.20327207988442678,0.0001729708215634848,0.7965549492940096,2.0,104.0,52.0
0.4301369863013699,basic_sir,0.20326247370378453,0.00015894757007290592,0.7965785787261425,2.0,104.0,52.0
0.4328767123287671,basic_sir,0.20325364673619872,0.00014606084134246786,0.7966002924224587,2.0,104.0,52.0
0.43561643835616437,basic_sir,0.203245535765783,0.0001342185848744248,0.7966202456493424,2.0,104.0,52.0
0.4383561643835616,basic_sir,0.20323808270668076,0.00012333619633707327,0.796638581096982,2.0,104.0,52.0
0.4410958904109589,basic_sir,0.2032312341865313,0.0001133359166749052,0.7966554298967936,2.0,104.0,52.0
0.4438356164383562,basic_sir,0.20322494116379208,0.00010414627948371979,0.7966709125567241,2.0,104.0,52.0
0.4465753424657534,basic_sir,0.2032191585761591,9.570160280917596e-05,0.7966851398210316,2.0,104.0,52.0
0.44931506849315067,basic_sir,0.20321384501755424,8.794152182749829e-05,0.7966982134606181,2.0,104.0,52.0
0.452054794520548,basic_sir,0.203208962441354,8.08105591446794e-05,0.7967102269995011,2.0,104.0,52.0
0.4547945205479452,basic_sir,0.203204475887725,7.425772970713329e-05,0.7967212663825677,2.0,104.0,52.0
0.4575342465753425,basic_sir,0.20320035323310465,6.823617755380138e-05,0.7967314105893414,2.0,104.0,52.0
0.4602739726027397,basic_sir,0.20319656496002667,6.270284185860572e-05,0.7967407321981145,2.0,104.0,52.0
0.46301369863013697,basic_sir,0.20319308394563693,5.761814991417028e-05,0.7967492979044487,2.0,104.0,52.0
0.4657534246575343,basic_sir,0.2031898852673802,5.294573489413698e-05,0.7967571689977255,2.0,104.0,52.0
0.4684931506849315,basic_sir,0.2031869460244624,4.865217640332816e-05,0.7967644017991341,2.0,104.0,52.0
0.4712328767123288,basic_sir,0.20318424517380662,4.4706761983526544e-05,0.7967710480642097,2.0,104.0,52.0
0.473972602739726,basic_sir,0.2031817633793246,4.108126788876824e-05,0.7967771553527865,2.0,104.0,52.0
0.4767123287671233,basic_sir,0.2031794828734227,3.774975757869649e-05,0.7967827673689984,2.0,104.0,52.0
0.4794520547945206,basic_sir,0.20317738732974838,3.4688396502585855e-05,0.7967879242737488,2.0,104.0,52.0
0.4821917808219178,basic_sir,0.2031754617462639,3.1875281860919494e-05,0.7967926629718749,2.0,104.0,52.0
0.4849315068493151,basic_sir,0.20317369233780927,2.929028613663829e-05,0.7967970173760538,2.0,104.0,52.0
0.4876712328767123,basic_sir,0.2031720664373832,2.6914913285081127e-05,0.7968010186493314,2.0,104.0,52.0
0.4904109589041096,basic_sir,0.203170572405435,2.4732166560838523e-05,0.7968046954280039,2.0,104.0,52.0
0.4931506849315069,basic_sir,0.20316919954651633,2.2726427041853243e-05,0.7968080740264416,2.0,104.0,52.0
0.4958904109589041,basic_sir,0.20316793803269587,2.0883341986670085e-05,0.7968111786253173,2.0,104.0,52.0
0.4986301369863014,basic_sir,0.20316677883318776,1.9189722230275902e-05,0.7968140314445817,2.0,104.0,52.0
0.5013698630136987,basic_sir,0.20316571364968944,1.7633447887956258e-05,0.7968166529024224,2.0,104.0,52.0
0.5041095890410959,basic_sir,0.20316473485696554,1.6203381695459657e-05,0.7968190617613388,2.0,104.0,52.0
0.5068493150684932,basic_sir,0.20316383544825223,1.4889289367912047e-05,0.7968212752623796,2.0,104.0,52.0
0.5095890410958904,basic_sir,0.20316300898509052,1.3681766409735619e-05,0.7968233092484995,2.0,104.0,52.0
0.5123287671232877,basic_sir,0.2031622495512293,1.2572170853638292e-05,0.7968251782779169,2.0,104.0,52.0
0.5150684931506849,basic_sir,0.20316155171026815,1.155256144887501e-05,0.7968268957282828,2.0,104.0,52.0
0.5178082191780822,basic_sir,0.20316091046673576,1.0615640857729057e-05,0.7968284738924064,2.0,104.0,52.0
0.5205479452054794,basic_sir,0.203160321230326,9.754703454792321e-06,0.7968299240662191,2.0,104.0,52.0
0.5232876712328767,basic_sir,0.20315977978303504,8.96358735638603e-06,0.7968312566296085,2.0,104.0,52.0
0.526027397260274,basic_sir,0.20315928224896393,8.236630337587353e-06,0.7968324811206985,2.0,104.0,52.0
0.5287671232876713,basic_sir,0.203158825066571,7.56862932202371e-06,0.7968336063041069,2.0,104.0,52.0
0.5315068493150685,basic_sir,0.2031584049631749,6.95480315505919e-06,0.79683464023367,2.0,104.0,52.0
0.5342465753424658,basic_sir,0.20315801893152555,6.390758394407531e-06,0.79683559031008,2.0,104.0,52.0
0.536986301369863,basic_sir,0.2031576642082759,5.872457873724964e-06,0.7968364633338504,2.0,104.0,52.0
0.5397260273972603,basic_sir,0.20315733825419954,5.3961918145192975e-06,0.7968372655539859,2.0,104.0,52.0
0.5424657534246575,basic_sir,0.203157038736013,4.95855127989608e-06,0.796838002712707,2.0,104.0,52.0
0.5452054794520548,basic_sir,0.20315676350967254,4.556403780378208e-06,0.796838680086547,2.0,104.0,52.0
0.547945205479452,basic_sir,0.20315651060502557,4.186870857399916e-06,0.7968393025241169,2.0,104.0,52.0
0.5506849315068493,basic_sir,0.2031562782117071,3.847307484198552e-06,0.7968398744808086,2.0,104.0,52.0
0.5534246575342466,basic_sir,0.20315606466618008,3.535283136808002e-06,0.7968404000506831,2.0,104.0,52.0
0.5561643835616439,basic_sir,0.2031558684398269,3.248564399788338e-06,0.7968408829957733,2.0,104.0,52.0
0.5589041095890411,basic_sir,0.20315568812800666,2.9850989822913708e-06,0.796841326773011,2.0,104.0,52.0
0.5616438356164384,basic_sir,0.20315552244000015,2.7430010301403758e-06,0.7968417345589697,2.0,104.0,52.0
0.5643835616438356,basic_sir,0.20315537018977015,2.52053762886428e-06,0.7968421092726009,2.0,104.0,52.0
0.5671232876712329,basic_sir,0.20315523028747132,2.3161164011395917e-06,0.7968424535961274,2.0,104.0,52.0
0.5698630136986301,basic_sir,0.20315510173164858,2.128274109916807e-06,0.7968427699942413,2.0,104.0,52.0
0.5726027397260274,basic_sir,0.20315498360206832,1.955666185698113e-06,0.7968430607317458,2.0,104.0,52.0
0.5753424657534246,basic_sir,0.20315487505313098,1.797057103041012e-06,0.7968433278897659,2.0,104.0,52.0
0.5780821917808219,basic_sir,0.2031547753078179,1.651311537435131e-06,0.7968435733806446,2.0,104.0,52.0
0.5808219178082192,basic_sir,0.20315468365212913,1.517386239280239e-06,0.7968437989616315,2.0,104.0,52.0
0.5835616438356165,basic_sir,0.20315459942997252,1.3943225668221842e-06,0.7968440062474605,2.0,104.0,52.0
0.5863013698630137,basic_sir,0.203154522038467,1.2812396246165316e-06,0.7968441967219083,2.0,104.0,52.0
0.589041095890411,basic_sir,0.20315445092362705,1.1773279584211455e-06,0.7968443717484144,2.0,104.0,52.0
0.5917808219178082,basic_sir,0.20315438557639706,1.0818437613991092e-06,0.7968445325798413,2.0,104.0,52.0
0.5945205479452055,basic_sir,0.20315432552900745,9.941035501712615e-07,0.7968446803674423,2.0,104.0,52.0
0.5972602739726027,basic_sir,0.2031542703516261,9.134792726189489e-07,0.7968448161691012,2.0,104.0,52.0
0.6,basic_sir,0.2031542196492816,8.393938124265161e-07,0.796844940956906,2.0,104.0,52.0
0.6027397260273972,basic_sir,0.2031541730590359,7.713168581916346e-07,0.7968450556241059,2.0,104.0,52.0
0.6054794520547945,basic_sir,0.2031541302473863,7.087611075400514e-07,0.7968451609915062,2.0,104.0,52.0
0.6082191780821918,basic_sir,0.20315409090787806,6.512787790783869e-07,0.7968452578133428,2.0,104.0,52.0
0.6109589041095891,basic_sir,0.2031540547589109,5.984584072213685e-07,0.7968453467826818,2.0,104.0,52.0
0.6136986301369863,basic_sir,0.2031540215417231,5.499218969540065e-07,0.7968454285363799,2.0,104.0,52.0
0.6164383561643836,basic_sir,0.20315399101853926,5.053218174493771e-07,0.7968455036596431,2.0,104.0,52.0
0.6191780821917808,basic_sir,0.20315396297086827,4.6433891517187455e-07,0.7968455726902164,2.0,104.0,52.0
0.6219178082191781,basic_sir,0.20315393719793923,4.2667982866653845e-07,0.7968456361222319,2.0,104.0,52.0
0.6246575342465753,basic_sir,0.20315391351526432,3.920749886784056e-07,0.7968456944097468,2.0,104.0,52.0
0.6273972602739726,basic_sir,0.20315389175331824,3.6027668857216017e-07,0.796845747969993,2.0,104.0,52.0
0.6301369863013698,basic_sir,0.20315387175632466,3.3105731124114937e-07,0.796845797186364,2.0,104.0,52.0
0.6328767123287671,basic_sir,0.20315385338114106,3.0420769981479875e-07,0.796845842411159,2.0,104.0,52.0
0.6356164383561644,basic_sir,0.2031538364962343,2.7953566050261485e-07,0.7968458839681051,2.0,104.0,52.0
0.6383561643835617,basic_sir,0.2031538209807389,2.5686458685867907e-07,0.7968459221546742,2.0,104.0,52.0
0.6410958904109589,basic_sir,0.20315380672359182,2.3603219561953657e-07,0.7968459572442126,2.0,104.0,52.0
0.6438356164383562,basic_sir,0.20315379362273764,2.1688936506697524e-07,0.7968459894878973,2.0,104.0,52.0
0.6465753424657534,basic_sir,0.2031537815843979,1.992990676009554e-07,0.7968460191165345,2.0,104.0,52.0
0.6493150684931507,basic_sir,0.20315377052239977,1.8313538888226887e-07,0.7968460463422113,2.0,104.0,52.0
0.6520547945205479,basic_sir,0.2031537603575594,1.6828262652411727e-07,0.7968460713598141,2.0,104.0,52.0
0.6547945205479452,basic_sir,0.20315375101711478,1.5463446188117019e-07,0.7968460943484234,2.0,104.0,52.0
0.6575342465753424,basic_sir,0.20315374243420523,1.4209319900786426e-07,0.7968461154725958,2.0,104.0,52.0
0.6602739726027397,basic_sir,0.20315373454739263,1.3056906533847474e-07,0.7968461348835421,2.0,104.0,52.0
0.663013698630137,basic_sir,0.20315372730022163,1.1997956908327342e-07,0.7968461527202093,2.0,104.0,52.0
0.6657534246575343,basic_sir,0.20315372064081558,1.1024890874104695e-07,0.7968461691102756,2.0,104.0,52.0
0.6684931506849315,basic_sir,0.20315371452150519,1.0130743050127524e-07,0.7968461841710642,2.0,104.0,52.0
0.6712328767123288,basic_sir,0.20315370889848722,9.309112965206836e-08,0.796846198010383,2.0,104.0,52.0
0.673972602739726,basic_sir,0.20315370373151104,8.55411924249298e-08,0.7968462107272964,2.0,104.0,52.0
0.6767123287671233,basic_sir,0.20315369898359042,7.860357499686354e-08,0.7968462224128345,2.0,104.0,52.0
0.6794520547945205,basic_sir,0.20315369462073884,7.222861663630645e-08,0.7968462331506445,2.0,104.0,52.0
0.6821917808219178,basic_sir,0.2031536906117262,6.637068422376587e-08,0.7968462430175896,2.0,104.0,52.0
0.684931506849315,basic_sir,0.20315368692785518,6.098784560261999e-08,0.7968462520842992,2.0,104.0,52.0
0.6876712328767123,basic_sir,0.20315368354275595,5.604156942190292e-08,0.7968462604156745,2.0,104.0,52.0
0.6904109589041096,basic_sir,0.20315368043219728,5.14964493225249e-08,0.7968462680713532,2.0,104.0,52.0
0.6931506849315069,basic_sir,0.20315367757391323,4.731995049262911e-08,0.796846275106136,2.0,104.0,52.0
0.6958904109589041,basic_sir,0.20315367494744366,4.348217677790089e-08,0.7968462815703793,2.0,104.0,52.0
0.6986301369863014,basic_sir,0.20315367253398778,3.9955656679784293e-08,0.7968462875103552,2.0,104.0,52.0
0.7013698630136986,basic_sir,0.2031536703162696,3.671514670975434e-08,0.7968462929685834,2.0,104.0,52.0
0.7041095890410959,basic_sir,0.20315366827841427,3.3737450692032804e-08,0.7968462979841348,2.0,104.0,52.0
0.7068493150684931,basic_sir,0.20315366640583446,3.100125372129379e-08,0.7968463025929116,2.0,104.0,52.0
0.7095890410958904,basic_sir,0.20315366468512588,2.8486969586806726e-08,0.7968463068279042,2.0,104.0,52.0
0.7123287671232876,basic_sir,0.20315366310397134,2.617660057085836e-08,0.7968463107194278,2.0,104.0,52.0
0.715068493150685,basic_sir,0.20315366165105267,2.405360861787128e-08,0.7968463142953385,2.0,104.0,52.0
0.7178082191780822,basic_sir,0.20315366031596957,2.2102796952029544e-08,0.7968463175812333,2.0,104.0,52.0
0.7205479452054795,basic_sir,0.20315365908916527,2.0310201296011687e-08,0.7968463206006332,2.0,104.0,52.0
0.7232876712328767,basic_sir,0.20315365796185808,1.866298991216015e-08,0.7968463233751518,2.0,104.0,52.0
0.726027397260274,basic_sir,0.2031536569259785,1.7149371750565132e-08,0.7968463259246497,2.0,104.0,52.0
0.7287671232876712,basic_sir,0.2031536559741115,1.575851204657298e-08,0.7968463282673763,2.0,104.0,52.0
0.7315068493150685,basic_sir,0.20315365509944347,1.4480454763552525e-08,0.7968463304201017,2.0,104.0,52.0
0.7342465753424657,basic_sir,0.20315365429571333,1.3306051325752085e-08,0.7968463323982352,2.0,104.0,52.0
0.736986301369863,basic_sir,0.20315365355716786,1.2226895131105242e-08,0.7968463342159369,2.0,104.0,52.0
0.7397260273972602,basic_sir,0.20315365287852039,1.1235261375217156e-08,0.796846335886218,2.0,104.0,52.0
0.7424657534246576,basic_sir,0.20315365225491305,1.0324051755781287e-08,0.796846337421035,2.0,104.0,52.0
0.7452054794520548,basic_sir,0.20315365168188193,9.48674366161161e-09,0.7968463388313741,2.0,104.0,52.0
0.7479452054794521,basic_sir,0.20315365115532516,8.717343482576057e-09,0.796846340127331,2.0,104.0,52.0
0.7506849315068493,basic_sir,0.20315365067147356,8.010343706216394e-09,0.7968463413181823,2.0,104.0,52.0
0.7534246575342466,basic_sir,0.2031536502268636,7.360683493944037e-09,0.7968463424124524,2.0,104.0,52.0
0.7561643835616438,basic_sir,0.20315364981831271,6.763712454609517e-09,0.7968463434179743,2.0,104.0,52.0
0.7589041095890411,basic_sir,0.20315364944289638,6.215157356130339e-09,0.7968463443419458,2.0,104.0,52.0
0.7616438356164383,basic_sir,0.2031536490979273,5.71109153689312e-09,0.7968463451909806,2.0,104.0,52.0
0.7643835616438356,basic_sir,0.20315364878093614,5.247906797971357e-09,0.7968463459711566,2.0,104.0,52.0
0.7671232876712328,basic_sir,0.2031536484896538,4.822287574958229e-09,0.7968463466880582,2.0,104.0,52.0
0.7698630136986302,basic_sir,0.20315364822199525,4.4311872045317365e-09,0.796846347346817,2.0,104.0,52.0
0.7726027397260274,basic_sir,0.20315364797604452,4.071806115864012e-09,0.7968463479521488,2.0,104.0,52.0
0.7753424657534247,basic_sir,0.20315364775004102,3.741571790764707e-09,0.7968463485083866,2.0,104.0,52.0
0.7780821917808219,basic_sir,0.20315364754236703,3.4381203491097996e-09,0.796846349019512,2.0,104.0,52.0
0.7808219178082192,basic_sir,0.20315364735153596,3.1592796277406907e-09,0.7968463494891839,2.0,104.0,52.0
0.7835616438356164,basic_sir,0.20315364717618178,2.903053631709334e-09,0.796846349920764,2.0,104.0,52.0
0.7863013698630137,basic_sir,0.2031536470150493,2.667608246568519e-09,0.7968463503173419,2.0,104.0,52.0
0.7890410958904109,basic_sir,0.20315364686698506,2.451258109433228e-09,0.7968463506817561,2.0,104.0,52.0
0.7917808219178082,basic_sir,0.20315364673092925,2.252454544833691e-09,0.7968463510166155,2.0,104.0,52.0
0.7945205479452054,basic_sir,0.20315364660590793,2.069774479002721e-09,0.7968463513243169,2.0,104.0,52.0
0.7972602739726028,basic_sir,0.20315364649102616,1.901910253243732e-09,0.7968463516070629,2.0,104.0,52.0
0.8,basic_sir,0.20315364638546163,1.7476602634616587e-09,0.7968463518668774,2.0,104.0,52.0
0.8027397260273973,basic_sir,0.20315364628845867,1.605920358852689e-09,0.7968463521056202,2.0,104.0,52.0
0.8054794520547945,basic_sir,0.20315364619932288,1.4756759381831531e-09,0.7968463523250003,2.0,104.0,52.0
0.8082191780821918,basic_sir,0.20315364611741626,1.355994687081148e-09,0.7968463525265882,2.0,104.0,52.0
0.810958904109589,basic_sir,0.20315364604215247,1.2460199043531068e-09,0.7968463527118268,2.0,104.0,52.0
0.8136986301369863,basic_sir,0.2031536459729928,1.1449643695538229e-09,0.796846352882042,2.0,104.0,52.0
0.8164383561643835,basic_sir,0.20315364590944213,1.0521047079128416e-09,0.7968463530384523,2.0,104.0,52.0
0.8191780821917808,basic_sir,0.20315364585104562,9.667762122802997e-10,0.7968463531821773,2.0,104.0,52.0
0.821917808219178,basic_sir,0.2031536457973852,8.883680850267231e-10,0.7968463533142459,2.0,104.0,52.0
0.8246575342465754,basic_sir,0.2031536457480768,8.163190658374e-10,0.7968463534356033,2.0,104.0,52.0
0.8273972602739726,basic_sir,0.20315364570276742,7.501134141042731e-10,0.7968463535471183,2.0,104.0,52.0
0.8301369863013699,basic_sir,0.20315364566113278,6.89277217156508e-10,0.7968463536495891,2.0,104.0,52.0
0.8328767123287671,basic_sir,0.20315364562287483,6.333749979034124e-10,0.7968463537437492,2.0,104.0,52.0
0.8356164383561644,basic_sir,0.20315364558771967,5.820065976065269e-10,0.7968463538302728,2.0,104.0,52.0
0.8383561643835616,basic_sir,0.2031536455554157,5.348043114671978e-10,0.7968463539097791,2.0,104.0,52.0
0.8410958904109589,basic_sir,0.20315364552573165,4.914302565256205e-10,0.7968463539828372,2.0,104.0,52.0
0.8438356164383561,basic_sir,0.20315364549845505,4.515739530302781e-10,0.7968463540499702,2.0,104.0,52.0
0.8465753424657534,basic_sir,0.20315364547339065,4.1495010196475535e-10,0.7968463541116584,2.0,104.0,52.0
0.8493150684931506,basic_sir,0.20315364545035908,3.8129654282304636e-10,0.7968463541683436,2.0,104.0,52.0
0.852054794520548,basic_sir,0.20315364542919542,3.5037237701472027e-10,0.7968463542204314,2.0,104.0,52.0
0.8547945205479452,basic_sir,0.20315364540974817,3.219562434669312e-10,0.7968463542682948,2.0,104.0,52.0
0.8575342465753425,basic_sir,0.20315364539187813,2.958447340796852e-10,0.7968463543122762,2.0,104.0,52.0
0.8602739726027397,basic_sir,0.20315364537545744,2.7185093769191685e-10,0.7968463543526908,2.0,104.0,52.0
0.863013698630137,basic_sir,0.2031536453603685,2.498031021357889e-10,0.7968463543898275,2.0,104.0,52.0
0.8657534246575342,basic_sir,0.20315364534650332,2.295434048019528e-10,0.7968463544239525,2.0,104.0,52.0
0.8684931506849315,basic_sir,0.20315364533376265,2.1092682291524167e-10,0.7968463544553097,2.0,104.0,52.0
0.8712328767123287,basic_sir,0.20315364532205527,1.9382009543401334e-10,0.7968463544841239,2.0,104.0,52.0
0.873972602739726,basic_sir,0.20315364531129737,1.781007691422224e-10,0.7968463545106012,2.0,104.0,52.0
0.8767123287671232,basic_sir,0.203153645301412,1.6365632210596604e-10,0.7968463545349309,2.0,104.0,52.0
0.8794520547945206,basic_sir,0.20315364529232835,1.503833582200389e-10,0.7968463545572876,2.0,104.0,52.0
0.8821917808219178,basic_sir,0.20315364528398142,1.381868670789105e-10,0.7968463545778309,2.0,104.0,52.0
0.8849315068493151,basic_sir,0.20315364527631144,1.2697954387413328e-10,0.7968463545967082,2.0,104.0,52.0
0.8876712328767123,basic_sir,0.2031536452692635,1.1668116444988785e-10,0.7968463546140544,2.0,104.0,52.0
0.8904109589041096,basic_sir,0.20315364526278715,1.072180110431861e-10,0.7968463546299939,2.0,104.0,52.0
0.8931506849315068,basic_sir,0.20315364525683605,9.852234459807439e-11,0.7968463546446406,2.0,104.0,52.0
0.8958904109589041,basic_sir,0.20315364525136761,9.05319198765608e-11,0.7968463546580995,2.0,104.0,52.0
0.8986301369863013,basic_sir,0.2031536452463427,8.318953989533832e-11,0.7968463546704668,2.0,104.0,52.0
0.9013698630136986,basic_sir,0.2031536452417253,7.644264649887689e-11,0.7968463546818311,2.0,104.0,52.0
0.904109589041096,basic_sir,0.20315364523748242,7.024294413812854e-11,0.7968463546922737,2.0,104.0,52.0
0.9068493150684932,basic_sir,0.20315364523358362,6.454605416178306e-11,0.7968463547018694,2.0,104.0,52.0
0.9095890410958904,basic_sir,0.203153645230001,5.931119714542183e-11,0.7968463547106869,2.0,104.0,52.0
0.9123287671232877,basic_sir,0.20315364522670898,5.4500900984626075e-11,0.7968463547187892,2.0,104.0,52.0
0.915068493150685,basic_sir,0.20315364522368395,5.0080732662510794e-11,0.7968463547262343,2.0,104.0,52.0
0.9178082191780822,basic_sir,0.20315364522090426,4.601905177162661e-11,0.7968463547330756,2.0,104.0,52.0
0.9205479452054794,basic_sir,0.20315364521835,4.228678402589225e-11,0.7968463547393622,2.0,104.0,52.0
0.9232876712328767,basic_sir,0.20315364521600288,3.8857213141312895e-11,0.7968463547451389,2.0,104.0,52.0
0.9260273972602739,basic_sir,0.20315364521384613,3.570578959572684e-11,0.796846354750447,2.0,104.0,52.0
0.9287671232876712,basic_sir,0.2031536452118643,3.2809954898646336e-11,0.7968463547553246,2.0,104.0,52.0
0.9315068493150686,basic_sir,0.2031536452100432,3.0148980113282566e-11,0.7968463547598067,2.0,104.0,52.0
0.9342465753424658,basic_sir,0.2031536452083698,2.7703817474865234e-11,0.7968463547639253,2.0,104.0,52.0
0.936986301369863,basic_sir,0.2031536452068321,2.545696404311082e-11,0.7968463547677098,2.0,104.0,52.0
0.9397260273972603,basic_sir,0.20315364520541912,2.3392336412840064e-11,0.7968463547711875,2.0,104.0,52.0
0.9424657534246575,basic_sir,0.20315364520412074,2.1495155585897758e-11,0.796846354774383,2.0,104.0,52.0
0.9452054794520548,basic_sir,0.20315364520292767,1.9751841180266746e-11,0.7968463547773195,2.0,104.0,52.0
0.947945205479452,basic_sir,0.20315364520183135,1.8149914219104727e-11,0.7968463547800178,2.0,104.0,52.0
0.9506849315068493,basic_sir,0.20315364520082396,1.6677907803849225e-11,0.7968463547824971,2.0,104.0,52.0
0.9534246575342465,basic_sir,0.2031536451998983,1.532528503197183e-11,0.7968463547847755,2.0,104.0,52.0
0.9561643835616438,basic_sir,0.2031536451990477,1.4082363571821292e-11,0.796846354786869,2.0,104.0,52.0
0.9589041095890412,basic_sir,0.20315364519826606,1.294024635464784e-11,0.7968463547887928,2.0,104.0,52.0
0.9616438356164384,basic_sir,0.20315364519754783,1.1890757887689233e-11,0.7968463547905605,2.0,104.0,52.0
0.9643835616438357,basic_sir,0.20315364519688783,1.0926385732434828e-11,0.7968463547921849,2.0,104.0,52.0
0.9671232876712329,basic_sir,0.20315364519628137,1.0040226729158848e-11,0.7968463547936775,2.0,104.0,52.0
0.9698630136986301,basic_sir,0.2031536451957241,9.225937582787086e-12,0.7968463547950491,2.0,104.0,52.0
0.9726027397260274,basic_sir,0.203153645195212,8.477689456381558e-12,0.7968463547963094,2.0,104.0,52.0
0.9753424657534246,basic_sir,0.20315364519474147,7.790126247214565e-12,0.7968463547974675,2.0,104.0,52.0
0.9780821917808219,basic_sir,0.20315364519430906,7.158326246764347e-12,0.7968463547985316,2.0,104.0,52.0
0.9808219178082191,basic_sir,0.20315364519391174,6.577766910187268e-12,0.7968463547995095,2.0,104.0,52.0
0.9835616438356164,basic_sir,0.20315364519354664,6.0442924830797e-12,0.796846354800408,2.0,104.0,52.0
0.9863013698630138,basic_sir,0.20315364519321116,5.554084253795777e-12,0.7968463548012337,2.0,104.0,52.0
0.989041095890411,basic_sir,0.20315364519290288,5.10363321838155e-12,0.7968463548019924,2.0,104.0,52.0
0.9917808219178083,basic_sir,0.2031536451926196,4.689714962455659e-12,0.7968463548026895,2.0,104.0,52.0
0.9945205479452055,basic_sir,0.20315364519235932,4.309366580236594e-12,0.7968463548033301,2.0,104.0,52.0
0.9972602739726028,basic_sir,0.20315364519212012,3.959865465498278e-12,0.7968463548039187,2.0,104.0,52.0
1.0,basic_sir,0.20315364519190032,3.63870982263569e-12,0.7968463548044598,2.0,104.0,52.0
0.0,basic_sir,0.9999,0.0001,0.0,8.0,416.0,52.0
0.0027397260273972603,basic_sir,0.9997046386922999,0.00027093631113821984,2.4424996561870808e-05,8.0,416.0,52.0
0.005479452054794521,basic_sir,0.9991756261865224,0.0007337851750400598,9.058863843735894e-05,8.0,416.0,52.0
0.008219178082191782,basic_sir,0.9977450254592231,0.001985284773650472,0.0002696897671263616,8.0,416.0,52.0
0.010958904109589041,basic_sir,0.9938900807431351,0.005356335132958369,0.0007535841239063735,8.0,416.0,52.0
0.0136986301369863,basic_sir,0.9836016994832751,0.014344006158509188,0.002054294358215546,8.0,416.0,52.0
0.016438356164383564,basic_sir,0.9568323335890216,0.037664179931017006,0.00550348647996126,8.0,416.0,52.0
0.019178082191780823,basic_sir,0.891547412268673,0.09411494038769463,0.01433764734363235,8.0,416.0,52.0
0.021917808219178082,basic_sir,0.7545826730998122,0.21022882586505348,0.03518850103513424,8.0,416.0,52.0
0.024657534246575342,basic_sir,0.5396876036455176,0.38322525384914097,0.07708714250534139,8.0,416.0,52.0
0.0273972602739726,basic_sir,0.3170697616833127,0.539358713386176,0.1435715249305112,8.0,416.0,52.0
0.030136986301369864,basic_sir,0.16325320562910145,0.6101895608982881,0.2265572334726104,8.0,416.0,52.0
0.03287671232876713,basic_sir,0.08125189416423001,0.6049582792888549,0.313789826546915,8.0,416.0,52.0
0.03561643835616438,basic_sir,0.04171857820918039,0.5611540894130106,0.39712733237780895,8.0,416.0,52.0
0.038356164383561646,basic_sir,0.02272320069272825,0.5041974153589771,0.47307938394829463,8.0,416.0,52.0
0.0410958904109589,basic_sir,0.013224969127840137,0.44603191030093353,0.5407431205712263,8.0,416.0,52.0
0.043835616438356165,basic_sir,0.008209758303602335,0.39144734491190675,0.6003428967844909,8.0,416.0,52.0
0.04657534246575343,basic_sir,0.005407847384276328,0.34206430593322695,0.6525278466824967,8.0,416.0,52.0
0.049315068493150684,basic_sir,0.003756627793177792,0.2981739278706054,0.6980694443362168,8.0,416.0,52.0
0.052054794520547946,basic_sir,0.0027351543213589716,0.25952848652208954,0.7377363591565516,8.0,416.0,52.0
0.0547945205479452,basic_sir,0.0020753260488260454,0.22567954051077666,0.7722451334403974,8.0,416.0,52.0
0.057534246575342465,basic_sir,0.0016325318542346205,0.19612403614030535,0.8022434320054601,8.0,416.0,52.0
0.06027397260273973,basic_sir,0.0013252757068540366,0.1703673406047949,0.8283073836883512,8.0,416.0,52.0
0.06301369863013699,basic_sir,0.001105745933857339,0.14794932940239966,0.8509449246637432,8.0,416.0,52.0
0.06575342465753425,basic_sir,0.0009448467466883243,0.12845364769599044,0.8706015055573214,8.0,416.0,52.0
0.0684931506849315,basic_sir,0.0008242738111223531,0.11150923062945292,0.8876664955594249,8.0,416.0,52.0
0.07123287671232877,basic_sir,0.000732159604768077,0.09678832047951105,0.902479519915721,8.0,416.0,52.0
0.07397260273972603,basic_sir,0.0006605966901625524,0.0840030096896654,0.9153363936201722,8.0,416.0,52.0
0.07671232876712329,basic_sir,0.0006041838038519569,0.0729012962715838,0.9264945199245643,8.0,416.0,52.0
0.07945205479452055,basic_sir,0.0005591472301116395,0.0632631303384619,0.9361777224314265,8.0,416.0,52.0
0.0821917808219178,basic_sir,0.0005227954928688466,0.05489667687554603,0.9445805276315852,8.0,416.0,52.0
0.08493150684931507,basic_sir,0.0004931725315621671,0.047634890860124436,0.9518719366083135,8.0,416.0,52.0
0.08767123287671233,basic_sir,0.0004688320928754615,0.04133243481109244,0.9581987330960322,8.0,416.0,52.0
0.09041095890410959,basic_sir,0.0004486878959864026,0.03586293539397652,0.9636883767100372,8.0,416.0,52.0
0.09315068493150686,basic_sir,0.00043191219608800256,0.03111655942611952,0.9684515283777926,8.0,416.0,52.0
0.0958904109589041,basic_sir,0.0004178658832411023,0.026997882500053312,0.9725842516167057,8.0,416.0,52.0
0.09863013698630137,basic_sir,0.0004060495120108979,0.023424021201194523,0.9761699292867947,8.0,416.0,52.0
0.10136986301369863,basic_sir,0.0003960684636303755,0.02032300022268421,0.9792809313136854,8.0,416.0,52.0
0.10410958904109589,basic_sir,0.00038760780392494066,0.017632327301856945,0.9819800648942181,8.0,416.0,52.0
0.10684931506849316,basic_sir,0.0003804138928162011,0.015297751114244317,0.9843218349929393,8.0,416.0,52.0
0.1095890410958904,basic_sir,0.00037428076112349534,0.013272179672460709,0.9863535395664156,8.0,416.0,52.0
0.11232876712328767,basic_sir,0.000369039897800565,0.011514739176754631,0.9881162209254446,8.0,416.0,52.0
0.11506849315068493,basic_sir,0.00036455250711322037,0.009989955540508877,0.9896454919523777,8.0,416.0,52.0
0.1178082191780822,basic_sir,0.000360703575527246,0.008667042914400605,0.9909722535100719,8.0,416.0,52.0
0.12054794520547946,basic_sir,0.00035739727925205076,0.0075192854370833145,0.9921233172836643,8.0,416.0,52.0
0.12328767123287672,basic_sir,0.00035455339543032576,0.006523500146414576,0.9931219464581548,8.0,416.0,52.0
0.12602739726027398,basic_sir,0.00035210447224185196,0.005659570501759537,0.9939883250259982,8.0,416.0,52.0
0.12876712328767123,basic_sir,0.000349993578391659,0.004910041308163046,0.9947399651134449,8.0,416.0,52.0
0.1315068493150685,basic_sir,0.0003481724990047796,0.004259767012789271,0.9953920604882056,8.0,416.0,52.0
0.13424657534246576,basic_sir,0.000346600278514677,0.0036956063790558745,0.9959577933424292,8.0,416.0,52.0
0.136986301369863,basic_sir,0.0003452420355600497,0.00320615744996515,0.9964486005144745,8.0,416.0,52.0
0.13972602739726028,basic_sir,0.0003440679928412821,0.002781527503924866,0.9968744045032335,8.0,416.0,52.0
0.14246575342465753,basic_sir,0.0003430526781707678,0.0024131333973258324,0.9972438139245031,8.0,416.0,52.0
0.1452054794520548,basic_sir,0.0003421742628690054,0.0020935282904929473,0.9975642974466378,8.0,416.0,52.0
0.14794520547945206,basic_sir,0.00034141401112229314,0.0018162512782731934,0.9978423347106042,8.0,416.0,52.0
0.1506849315068493,basic_sir,0.00034075581957857345,0.0015756969031810206,0.9980835472772401,8.0,416.0,52.0
0.15342465753424658,basic_sir,0.0003401858307835448,0.001367001926282774,0.9982928122429334,8.0,416.0,52.0
0.15616438356164383,basic_sir,0.00033969210738891287,0.0011859470764382814,0.9984743608161725,8.0,416.0,52.0
0.1589041095890411,basic_sir,0.0003392643566464434,0.001028871798781091,0.998631863844572,8.0,416.0,52.0
0.16164383561643836,basic_sir,0.00033889369671757447,0.0008926002842380181,0.998768506019044,8.0,416.0,52.0
0.1643835616438356,basic_sir,0.0003385724579137091,0.000774377288562273,0.9988870502535236,8.0,416.0,52.0
0.16712328767123288,basic_sir,0.0003382940132374993,0.0006718124462366915,0.9989898935405254,8.0,416.0,52.0
0.16986301369863013,basic_sir,0.0003380526335958693,0.0005828319555798467,0.9990791154108238,8.0,416.0,52.0
0.1726027397260274,basic_sir,0.0003378433638580985,0.0005056366598453159,0.9991565199762962,8.0,416.0,52.0
0.17534246575342466,basic_sir,0.00033766191658019326,0.0004386656779930505,0.9992236724054264,8.0,416.0,52.0
0.1780821917808219,basic_sir,0.0003375045807429872,0.00038056485069929964,0.9992819305685574,8.0,416.0,52.0
0.18082191780821918,basic_sir,0.00033736814328127394,0.0003301593642919721,0.9993324724924265,8.0,416.0,52.0
0.18356164383561643,basic_sir,0.00033724982153435944,0.0002864299995941299,0.9993763201788712,8.0,416.0,52.0
0.1863013698630137,basic_sir,0.0003371472050399536,0.00024849252581834644,0.9994143602691414,8.0,416.0,52.0
0.18904109589041096,basic_sir,0.0003370582053352028,0.00021557982314647953,0.9994473619715181,8.0,416.0,52.0
0.1917808219178082,basic_sir,0.00033698101263026796,0.0001870263727280241,0.9994759926146414,8.0,416.0,52.0
0.19452054794520549,basic_sir,0.0003369140583885851,0.00016225480064328745,0.9995008311409678,8.0,416.0,52.0
0.19726027397260273,basic_sir,0.00033685598298971724,0.00014076420386699158,0.999522379813143,8.0,416.0,52.0
0.2,basic_sir,0.0003368056077702445,0.00012212002226889338,0.9995410743699605,8.0,416.0,52.0
0.20273972602739726,basic_sir,0.0003367619108392538,0.00010594525192582482,0.9995572928372346,8.0,416.0,52.0
0.2054794520547945,basic_sir,0.0003367240061507702,9.191282212377087e-05,0.9995713631717251,8.0,416.0,52.0
0.20821917808219179,basic_sir,0.000336691125388433,7.973898194579093e-05,0.9995835698926654,8.0,416.0,52.0
0.21095890410958903,basic_sir,0.0003366626022799245,6.917756274608846e-05,0.9995941598349736,8.0,416.0,52.0
0.2136986301369863,basic_sir,0.0003366378590118035,6.0015000514104066e-05,0.9996033471404737,8.0,416.0,52.0
0.21643835616438356,basic_sir,0.00033661639446088424,5.2066017492472354e-05,0.9996113175880463,8.0,416.0,52.0
0.2191780821917808,basic_sir,0.00033659777399730115,4.5169875739136584e-05,0.9996182323502631,8.0,416.0,52.0
0.2219178082191781,basic_sir,0.0003365816206478882,3.918712688598597e-05,0.9996242312524657,8.0,416.0,52.0
0.22465753424657534,basic_sir,0.0003365676074372889,3.39967923775693e-05,0.9996294356001848,8.0,416.0,52.0
0.2273972602739726,basic_sir,0.0003365554507489955,2.9493917176392784e-05,0.9996339506320743,8.0,416.0,52.0
0.23013698630136986,basic_sir,0.00033654490456986273,2.558744747185468e-05,0.9996378676479579,8.0,416.0,52.0
0.23287671232876714,basic_sir,0.00033653575550005537,2.2198389480561612e-05,0.9996412658550191,8.0,416.0,52.0
0.2356164383561644,basic_sir,0.0003365278184262753,1.9258212108997383e-05,0.9996442139694645,8.0,416.0,52.0
0.23835616438356164,basic_sir,0.00033652093276983596,1.6707461180117625e-05,0.9996467716060498,8.0,416.0,52.0
0.2410958904109589,basic_sir,0.00033651495923300856,1.4494557203087187e-05,0.9996489904835636,8.0,416.0,52.0
0.24383561643835616,basic_sir,0.00033650977697731536,1.2574752376513933e-05,0.9996509154706458,8.0,416.0,52.0
0.24657534246575344,basic_sir,0.0003365052811763106,1.0909225735184734e-05,0.9996525854930881,8.0,416.0,52.0
0.2493150684931507,basic_sir,0.00033650138089306254,9.464298143558682e-06,0.999654034320963,8.0,416.0,52.0
0.25205479452054796,basic_sir,0.00033649799723918923,8.2107512625847e-06,0.9996552912514979,8.0,416.0,52.0
0.2547945205479452,basic_sir,0.000336495061778051,7.1232367187796975e-06,0.9996563817015028,8.0,416.0,52.0
0.25753424657534246,basic_sir,0.00033649251513968197,6.179763528428854e-06,0.9996573277213315,8.0,416.0,52.0
0.2602739726027397,basic_sir,0.00033649030581935524,5.361253412130446e-06,0.9996581484407682,8.0,416.0,52.0
0.263013698630137,basic_sir,0.0003364883891354153,4.651155007693184e-06,0.9996588604558566,8.0,416.0,52.0
0.26575342465753427,basic_sir,0.0003364867263252487,4.035109180362185e-06,0.9996594781644942,8.0,416.0,52.0
0.2684931506849315,basic_sir,0.00033648528376107044,3.5006586625788555e-06,0.9996600140575761,8.0,416.0,52.0
0.27123287671232876,basic_sir,0.00033648403226963825,3.036996151862796e-06,0.9996604789715783,8.0,416.0,52.0
0.273972602739726,basic_sir,0.0003364829465421145,2.6347457730628667e-06,0.9996608823076846,8.0,416.0,52.0
0.2767123287671233,basic_sir,0.00033648200462212515,2.2857734858857013e-06,0.9996612322218917,8.0,416.0,52.0
0.27945205479452057,basic_sir,0.00033648118746164974,1.9830226039135723e-06,0.9996615357899342,8.0,416.0,52.0
0.2821917808219178,basic_sir,0.0003364804785357529,1.7203710991049243e-06,0.9996617991503649,8.0,416.0,52.0
0.28493150684931506,basic_sir,0.0003364798635083589,1.4925078062979244e-06,0.9996620276286851,8.0,416.0,52.0
0.2876712328767123,basic_sir,0.0003364793299423043,1.2948250244168931e-06,0.999662225845033,8.0,416.0,52.0
0.2904109589041096,basic_sir,0.0003364788670478032,1.123325342642196e-06,0.9996623978076092,8.0,416.0,52.0
0.29315068493150687,basic_sir,0.0003364784654642331,9.745408074499342e-07,0.999662546993728,8.0,416.0,52.0
0.2958904109589041,basic_sir,0.00033647811707082864,8.454627959750948e-07,0.9996626764201328,8.0,416.0,52.0
0.29863013698630136,basic_sir,0.00033647781482245203,7.334811776470002e-07,0.9996627887039995,8.0,416.0,52.0
0.3013698630136986,basic_sir,0.0003364775526071183,6.363315338662328e-07,0.9996628861158586,8.0,416.0,52.0
0.3041095890410959,basic_sir,0.00033647732512239316,5.520493684360331e-07,0.9996629706255088,8.0,416.0,52.0
0.30684931506849317,basic_sir,0.0003364771277681637,4.789303828231007e-07,0.9996630439418487,8.0,416.0,52.0
0.3095890410958904,basic_sir,0.0003364769565536124,4.1549601296131984e-07,0.9996631075474331,8.0,416.0,52.0
0.31232876712328766,basic_sir,0.0003364768080165136,3.6046353070716513e-07,0.9996631627284526,8.0,416.0,52.0
0.3150684931506849,basic_sir,0.0003364766791532193,3.1272010535866675e-07,0.9996632106007413,8.0,416.0,52.0
0.3178082191780822,basic_sir,0.00033647656735791927,2.713003007274885e-07,0.9996632521323412,8.0,416.0,52.0
0.32054794520547947,basic_sir,0.0003364764703699464,2.3536655272504867e-07,0.9996632881630771,8.0,416.0,52.0
0.3232876712328767,basic_sir,0.00033647638622806146,2.041922326935029e-07,0.9996633194215391,8.0,416.0,52.0
0.32602739726027397,basic_sir,0.0003364763132307934,1.7714695399960693e-07,0.999663346539815,8.0,416.0,52.0
0.3287671232876712,basic_sir,0.0003364762499020326,1.536838247711836e-07,0.999663370066273,8.0,416.0,52.0
0.3315068493150685,basic_sir,0.0003364761949611812,1.3332838900951713e-07,0.9996633904766496,8.0,416.0,52.0
0.33424657534246577,basic_sir,0.00033647614729725756,1.1566903245219526e-07,0.9996634081836702,8.0,416.0,52.0
0.336986301369863,basic_sir,0.00033647610594643017,1.0034865918011225e-07,0.9996634235453943,8.0,416.0,52.0
0.33972602739726027,basic_sir,0.00033647607007252753,8.70574706584987e-08,0.9996634368724566,8.0,416.0,52.0
0.3424657534246575,basic_sir,0.00033647603895012947,7.552670119451427e-08,0.9996634484343485,8.0,416.0,52.0
0.3452054794520548,basic_sir,0.00033647601194989804,6.552318313396746e-08,0.9996634584648668,8.0,416.0,52.0
0.34794520547945207,basic_sir,0.0003364759885258514,5.684463189815741e-08,0.9996634671668422,8.0,416.0,52.0
0.3506849315068493,basic_sir,0.000336475968204323,4.931555551795946e-08,0.9996634747162401,8.0,416.0,52.0
0.35342465753424657,basic_sir,0.00033647595057438383,4.2783705950451676e-08,0.9996634812657196,8.0,416.0,52.0
0.3561643835616438,basic_sir,0.00033647593527953235,3.711700041894138e-08,0.9996634869477199,8.0,416.0,52.0
0.3589041095890411,basic_sir,0.0003364759220104858,3.220085052175708e-08,0.9996634918771389,8.0,416.0,52.0
0.36164383561643837,basic_sir,0.00033647591049892607,2.7935845100801427e-08,0.9996634961536559,8.0,416.0,52.0
0.3643835616438356,basic_sir,0.0003364759005120737,2.4235740014355438e-08,0.9996634998637478,8.0,416.0,52.0
0.36712328767123287,basic_sir,0.000336475891847981,2.102571416464313e-08,0.9996635030824377,8.0,416.0,52.0
0.3698630136986301,basic_sir,0.0003364758843314483,1.8240856514690695e-08,0.9996635058748119,8.0,416.0,52.0
0.3726027397260274,basic_sir,0.0003364758778104812,1.582485349992977e-08,0.9996635082973359,8.0,416.0,52.0
0.37534246575342467,basic_sir,0.0003364758721532168,1.3728850292244712e-08,0.9996635103989963,8.0,416.0,52.0
0.3780821917808219,basic_sir,0.00033647586724525763,1.1910462889692551e-08,0.9996635122222917,8.0,416.0,52.0
0.38082191780821917,basic_sir,0.00033647586298735815,1.0332921055023706e-08,0.9996635138040914,8.0,416.0,52.0
0.3835616438356164,basic_sir,0.00033647585929341787,8.964324772068138e-09,0.9996635151763815,8.0,416.0,52.0
0.3863013698630137,basic_sir,0.00033647585608874035,7.77699918453645e-09,0.9996635163669118,8.0,416.0,52.0
0.38904109589041097,basic_sir,0.00033647585330852267,6.746934973231815e-09,0.9996635173997562,8.0,416.0,52.0
0.3917808219178082,basic_sir,0.0003364758508965451,5.8533028553477244e-09,0.9996635182958004,8.0,416.0,52.0
0.39452054794520547,basic_sir,0.00033647584880403415,5.078032388375424e-09,0.9996635190731633,8.0,416.0,52.0
0.3972602739726027,basic_sir,0.00033647584698867644,4.4054465614697125e-09,0.9996635197475645,8.0,416.0,52.0
0.4,basic_sir,0.00033647584541376306,3.821944785219628e-09,0.9996635203326413,8.0,416.0,52.0
0.40273972602739727,basic_sir,0.0003364758440474471,3.3157278694512053e-09,0.9996635208402246,8.0,416.0,52.0
0.4054794520547945,basic_sir,0.00033647584286209976,2.87655942774372e-09,0.9996635212805783,8.0,416.0,52.0
0.40821917808219177,basic_sir,0.0003364758418337518,2.4955588839383272e-09,0.9996635216626073,8.0,416.0,52.0
0.410958904109589,basic_sir,0.0003364758409416086,2.1650218949523324e-09,0.9996635219940365,8.0,416.0,52.0
0.4136986301369863,basic_sir,0.00033647584016762984,1.878264558607133e-09,0.9996635222815679,8.0,416.0,52.0
0.41643835616438357,basic_sir,0.0003364758394961646,1.6294882561427543e-09,0.9996635225310155,8.0,416.0,52.0
0.4191780821917808,basic_sir,0.00033647583891363504,1.4136623963528885e-09,0.9996635227474239,8.0,416.0,52.0
0.42191780821917807,basic_sir,0.0003364758384082616,1.2264226902693782e-09,0.999663522935169,8.0,416.0,52.0
0.4246575342465753,basic_sir,0.00033647583796982486,1.063982899373454e-09,0.9996635230980473,8.0,416.0,52.0
0.4273972602739726,basic_sir,0.00033647583758945914,9.230582727639846e-10,0.9996635232393523,8.0,416.0,52.0
0.4301369863013699,basic_sir,0.0003364758372594729,8.007991250793842e-10,0.9996635233619414,8.0,416.0,52.0
0.4328767123287671,basic_sir,0.00033647583697319337,6.947332120294535e-10,0.9996635234682937,8.0,416.0,52.0
0.43561643835616437,basic_sir,0.0003364758367248316,6.027157382930065e-10,0.9996635235605595,8.0,416.0,52.0
0.4383561643835616,basic_sir,0.00033647583650936534,5.228859868737458e-10,0.9996635236406047,8.0,416.0,52.0
0.4410958904109589,basic_sir,0.0003364758363224376,4.5362969290168303e-10,0.999663523710048,8.0,416.0,52.0
0.4438356164383562,basic_sir,0.00033647583616026845,3.9354640102780545e-10,0.9996635237702934,8.0,416.0,52.0
0.4465753424657534,basic_sir,0.00033647583601957863,3.414211463346141e-10,0.9996635238225593,8.0,416.0,52.0
0.44931506849315067,basic_sir,0.00033647583589752316,2.9619988611251106e-10,0.9996635238679027,8.0,416.0,52.0
0.452054794520548,basic_sir,0.00033647583579163396,2.5696818569951053e-10,0.9996635239072403,8.0,416.0,52.0
0.4547945205479452,basic_sir,0.00033647583569976984,2.2293272738332013e-10,0.9996635239413677,8.0,416.0,52.0
0.4575342465753425,basic_sir,0.0003364758356200731,1.934052684509246e-10,0.9996635239709748,8.0,416.0,52.0
0.4602739726027397,basic_sir,0.0003364758355509322,1.6778872399589068e-10,0.9996635239966605,8.0,416.0,52.0
0.46301369863013697,basic_sir,0.000336475835490949,1.4556509305903826e-10,0.9996635240189441,8.0,416.0,52.0
0.4657534246575343,basic_sir,0.0003364758354389106,1.2628498395281915e-10,0.9996635240382763,8.0,416.0,52.0
0.4684931506849315,basic_sir,0.00033647583539376467,1.0955852695738539e-10,0.9996635240550479,8.0,416.0,52.0
0.4712328767123288,basic_sir,0.00033647583535459835,9.504749063084163e-11,0.9996635240695981,8.0,416.0,52.0
0.473972602739726,basic_sir,0.0003364758353206196,8.245844231488695e-11,0.9996635240822213,8.0,416.0,52.0
0.4767123287671233,basic_sir,0.00033647583529114136,7.153681453207121e-11,0.9996635240931724,8.0,416.0,52.0
0.4794520547945206,basic_sir,0.0003364758352655675,6.206175728924569e-11,0.999663524102673,8.0,416.0,52.0
0.4821917808219178,basic_sir,0.0003364758352433809,5.384167219386571e-11,0.9996635241109153,8.0,416.0,52.0
0.4849315068493151,basic_sir,0.0003364758352241329,4.671033807697161e-11,0.9996635241180659,8.0,416.0,52.0
0.4876712328767123,basic_sir,0.0003364758352074343,4.0523549777741164e-11,0.9996635241242694,8.0,416.0,52.0
0.4904109589041096,basic_sir,0.0003364758351929474,3.515620212131643e-11,0.9996635241296512,8.0,416.0,52.0
0.4931506849315069,basic_sir,0.0003364758351803793,3.049976012401856e-11,0.9996635241343202,8.0,416.0,52.0
0.4958904109589041,basic_sir,0.0003364758351694759,2.646006427010012e-11,0.9996635241383709,8.0,416.0,52.0
0.4986301369863014,basic_sir,0.0003364758351600166,2.2955426479779577e-11,0.999663524141885,8.0,416.0,52.0
0.5013698630136987,basic_sir,0.0003364758351518102,1.9914978266474357e-11,0.9996635241449335,8.0,416.0,52.0
0.5041095890410959,basic_sir,0.00033647583514469074,1.727723768075042e-11,0.9996635241475783,8.0,416.0,52.0
0.5068493150684932,basic_sir,0.00033647583513851426,1.4988866062668582e-11,0.9996635241498729,8.0,416.0,52.0
0.5095890410958904,basic_sir,0.00033647583513315586,1.3003589462390168e-11,0.9996635241518635,8.0,416.0,52.0
0.5123287671232877,basic_sir,0.0003364758351285072,1.1281262918715993e-11,0.9996635241535905,8.0,416.0,52.0
0.5150684931506849,basic_sir,0.0003364758351244742,9.78705867401347e-12,0.9996635241550887,8.0,416.0,52.0
0.5178082191780822,basic_sir,0.0003364758351209754,8.4907619101465e-12,0.9996635241563886,8.0,416.0,52.0
0.5205479452054794,basic_sir,0.00033647583511794006,7.36615976424207e-12,0.9996635241575162,8.0,416.0,52.0
0.5232876712328767,basic_sir,0.0003364758351153067,6.390511269371162e-12,0.9996635241584945,8.0,416.0,52.0
0.526027397260274,basic_sir,0.00033647583511302217,5.544087501632066e-12,0.9996635241593432,8.0,416.0,52.0
0.5287671232876713,basic_sir,0.00033647583511104025,4.809772634792264e-12,0.9996635241600795,8.0,416.0,52.0
0.5315068493150685,basic_sir,0.0003364758351093208,4.172717835277007e-12,0.9996635241607184,8.0,416.0,52.0
0.5342465753424658,basic_sir,0.0003364758351078291,3.6200409987967787e-12,0.9996635241612725,8.0,416.0,52.0
0.536986301369863,basic_sir,0.000336475835106535,3.14056625688413e-12,0.9996635241617532,8.0,416.0,52.0
0.5397260273972603,basic_sir,0.00033647583510541226,2.7245979858121702e-12,0.9996635241621703,8.0,416.0,52.0
0.5424657534246575,basic_sir,0.0003364758351044382,2.3637247480512593e-12,0.9996635241625321,8.0,416.0,52.0
0.5452054794520548,basic_sir,0.0003364758351035932,2.0506492016966338e-12,0.9996635241628461,8.0,416.0,52.0
0.547945205479452,basic_sir,0.00033647583510286005,1.7790405384069896e-12,0.9996635241631184,8.0,416.0,52.0
0.5506849315068493,basic_sir,0.00033647583510222406,1.543406465950799e-12,0.9996635241633547,8.0,416.0,52.0
0.5534246575342466,basic_sir,0.0003364758351016723,1.3389821466753826e-12,0.9996635241635596,8.0,416.0,52.0
0.5561643835616439,basic_sir,0.00033647583510119363,1.1616338460853506e-12,0.9996635241637374,8.0,416.0,52.0
0.5589041095890411,basic_sir,0.0003364758351007784,1.0077753431750458e-12,0.9996635241638916,8.0,416.0,52.0
0.5616438356164384,basic_sir,0.0003364758351004181,8.742954122197291e-13,0.9996635241640254,8.0,416.0,52.0
0.5643835616438356,basic_sir,0.0003364758351001056,7.584949096097247e-13,0.9996635241641414,8.0,416.0,52.0
0.5671232876712329,basic_sir,0.0003364758350998344,6.580321935388074e-13,0.9996635241642422,8.0,416.0,52.0
0.5698630136986301,basic_sir,0.00033647583509959915,5.70875772859561e-13,0.9996635241643297,8.0,416.0,52.0
0.5726027397260274,basic_sir,0.00033647583509939505,4.952632276019199e-13,0.9996635241644055,8.0,416.0,52.0
0.5753424657534246,basic_sir,0.000336475835099218,4.2966557047256737e-13,0.9996635241644714,8.0,416.0,52.0
0.5780821917808219,basic_sir,0.0003364758350990644,3.7275632867680537e-13,0.9996635241645284,8.0,416.0,52.0
0.5808219178082192,basic_sir,0.0003364758350989312,3.233847208557778e-13,0.9996635241645779,8.0,416.0,52.0
0.5835616438356165,basic_sir,0.0003364758350988156,2.805523867406768e-13,0.9996635241646209,8.0,416.0,52.0
0.5863013698630137,basic_sir,0.0003364758350987153,2.4339319896623367e-13,0.9996635241646582,8.0,416.0,52.0
0.589041095890411,basic_sir,0.0003364758350986283,2.1115574881126992e-13,0.9996635241646905,8.0,416.0,52.0
0.5917808219178082,basic_sir,0.0003364758350985528,1.8318815170441024e-13,0.9996635241647186,8.0,416.0,52.0
0.5945205479452055,basic_sir,0.0003364758350984873,1.5892486524187376e-13,0.9996635241647429,8.0,416.0,52.0
0.5972602739726027,basic_sir,0.0003364758350984305,1.3787525315994369e-13,0.999663524164764,8.0,416.0,52.0
0.6,basic_sir,0.0003364758350983812,1.196136640102677e-13,0.9996635241647823,8.0,416.0,52.0
0.6027397260273972,basic_sir,0.0003364758350983385,1.0377082391546888e-13,0.9996635241647982,8.0,416.0,52.0
0.6054794520547945,basic_sir,0.0003364758350983014,9.002636935501687e-14,0.999663524164812,8.0,416.0,52.0
0.6082191780821918,basic_sir,0.00033647583509826927,7.810236898425278e-14,0.999663524164824,8.0,416.0,52.0
0.6109589041095891,basic_sir,0.00033647583509824135,6.775770348904417e-14,0.9996635241648343,8.0,416.0,52.0
0.6136986301369863,basic_sir,0.0003364758350982172,5.878318982917022e-14,0.9996635241648433,8.0,416.0,52.0
0.6164383561643836,basic_sir,0.00033647583509819614,5.099735127609483e-14,0.999663524164851,8.0,416.0,52.0
0.6191780821917808,basic_sir,0.0003364758350981779,4.4242747709598434e-14,0.9996635241648578,8.0,416.0,52.0
0.6219178082191781,basic_sir,0.0003364758350981621,3.83827919669374e-14,0.9996635241648637,8.0,416.0,52.0
0.6246575342465753,basic_sir,0.0003364758350981484,3.329898786683125e-14,0.9996635241648688,8.0,416.0,52.0
0.6273972602739726,basic_sir,0.00033647583509813646,2.8888534057410535e-14,0.9996635241648733,8.0,416.0,52.0
0.6301369863013698,basic_sir,0.0003364758350981261,2.5062245234710327e-14,0.9996635241648771,8.0,416.0,52.0
0.6328767123287671,basic_sir,0.0003364758350981171,2.174274869595313e-14,0.9996635241648805,8.0,416.0,52.0
0.6356164383561644,basic_sir,0.00033647583509810935,1.8862919759504655e-14,0.9996635241648834,8.0,416.0,52.0
0.6383561643835617,basic_sir,0.00033647583509810263,1.6364524413591656e-14,0.9996635241648859,8.0,416.0,52.0
0.6410958904109589,basic_sir,0.0003364758350980968,1.4197041746312862e-14,0.999663524164888,8.0,416.0,52.0
0.6438356164383562,basic_sir,0.00033647583509809173,1.2316642344897392e-14,0.9996635241648899,8.0,416.0,52.0
0.6465753424657534,basic_sir,0.00033647583509808734,1.0685302006068814e-14,0.9996635241648916,8.0,416.0,52.0
0.6493150684931507,basic_sir,0.00033647583509808355,9.270032835547876e-15,0.999663524164893,8.0,416.0,52.0
0.6520547945205479,basic_sir,0.00033647583509808024,8.042216188492294e-15,0.9996635241648942,8.0,416.0,52.0
0.6547945205479452,basic_sir,0.00033647583509807737,6.977023962032706e-15,0.9996635241648953,8.0,416.0,52.0
0.6575342465753424,basic_sir,0.00033647583509807487,6.052916537662061e-15,0.9996635241648962,8.0,416.0,52.0
0.6602739726027397,basic_sir,0.0003364758350980727,5.251207221198752e-15,0.999663524164897,8.0,416.0,52.0
0.663013698630137,basic_sir,0.0003364758350980708,4.555684372714096e-15,0.9996635241648977,8.0,416.0,52.0
0.6657534246575343,basic_sir,0.0003364758350980692,3.9522835853835794e-15,0.9996635241648983,8.0,416.0,52.0
0.6684931506849315,basic_sir,0.00033647583509806777,3.4288032842772163e-15,0.9996635241648988,8.0,416.0,52.0
0.6712328767123288,basic_sir,0.0003364758350980665,2.9746579941148646e-15,0.9996635241648992,8.0,416.0,52.0
0.673972602739726,basic_sir,0.0003364758350980655,2.5806642867284617e-15,0.9996635241648997,8.0,416.0,52.0
0.6767123287671233,basic_sir,0.00033647583509806457,2.2388550798013368e-15,0.9996635241649,8.0,416.0,52.0
0.6794520547945205,basic_sir,0.00033647583509806376,1.9423185317554887e-15,0.9996635241649002,8.0,416.0,52.0
0.6821917808219178,basic_sir,0.00033647583509806305,1.6850582750249096e-15,0.9996635241649005,8.0,416.0,52.0
0.684931506849315,basic_sir,0.00033647583509806246,1.4618721614438924e-15,0.9996635241649007,8.0,416.0,52.0
0.6876712328767123,basic_sir,0.0003364758350980619,1.2682470678190915e-15,0.9996635241649009,8.0,416.0,52.0
0.6904109589041096,basic_sir,0.0003364758350980615,1.1002676345126144e-15,0.9996635241649011,8.0,416.0,52.0
0.6931506849315069,basic_sir,0.0003364758350980611,9.545370916076698e-16,0.9996635241649013,8.0,416.0,52.0
0.6958904109589041,basic_sir,0.0003364758350980608,8.281085716553294e-16,0.9996635241649016,8.0,416.0,52.0
0.6986301369863014,basic_sir,0.00033647583509806045,7.184255200539549e-16,0.9996635241649017,8.0,416.0,52.0
0.7013698630136986,basic_sir,0.00033647583509806024,6.232699980789697e-16,0.9996635241649017,8.0,416.0,52.0
0.7041095890410959,basic_sir,0.00033647583509806,5.407178331807931e-16,0.9996635241649017,8.0,416.0,52.0
0.7068493150684931,basic_sir,0.0003364758350980598,4.690997096296737e-16,0.9996635241649017,8.0,416.0,52.0
0.7095890410958904,basic_sir,0.00033647583509805964,4.0696741270796465e-16,0.9996635241649017,8.0,416.0,52.0
0.7123287671232876,basic_sir,0.00033647583509805953,3.5306454386203716e-16,0.9996635241649017,8.0,416.0,52.0
0.715068493150685,basic_sir,0.0003364758350980594,3.063011146348428e-16,0.9996635241649017,8.0,416.0,52.0
0.7178082191780822,basic_sir,0.0003364758350980593,2.657315056343033e-16,0.9996635241649017,8.0,416.0,52.0
0.7205479452054795,basic_sir,0.0003364758350980592,2.3053534483821715e-16,0.9996635241649017,8.0,416.0,52.0
0.7232876712328767,basic_sir,0.0003364758350980591,2.0000091856934482e-16,0.9996635241649017,8.0,416.0,52.0
0.726027397260274,basic_sir,0.000336475835098059,1.7351077968826326e-16,0.9996635241649017,8.0,416.0,52.0
0.7287671232876712,basic_sir,0.0003364758350980589,1.505292619823174e-16,0.9996635241649017,8.0,416.0,52.0
0.7315068493150685,basic_sir,0.0003364758350980588,1.305916482748297e-16,0.9996635241649017,8.0,416.0,52.0
0.7342465753424657,basic_sir,0.0003364758350980588,1.1329477321917768e-16,0.9996635241649017,8.0,416.0,52.0
0.736986301369863,basic_sir,0.0003364758350980588,9.828887075360438e-17,0.9996635241649017,8.0,416.0,52.0
0.7397260273972602,basic_sir,0.0003364758350980588,8.527050136134133e-17,0.9996635241649017,8.0,416.0,52.0
0.7424657534246576,basic_sir,0.0003364758350980588,7.397641611573639e-17,0.9996635241649017,8.0,416.0,52.0
0.7452054794520548,basic_sir,0.0003364758350980588,6.417823343313495e-17,0.9996635241649017,8.0,416.0,52.0
0.7479452054794521,basic_sir,0.0003364758350980588,5.567782089029577e-17,0.9996635241649017,8.0,416.0,52.0
0.7506849315068493,basic_sir,0.0003364758350980588,4.8303288720492094e-17,0.9996635241649017,8.0,416.0,52.0
0.7534246575342466,basic_sir,0.0003364758350980588,4.1905513971396814e-17,0.9996635241649017,8.0,416.0,52.0
0.7561643835616438,basic_sir,0.0003364758350980588,3.635512503855542e-17,0.9996635241649017,8.0,416.0,52.0
0.7589041095890411,basic_sir,0.0003364758350980588,3.153988559766002e-17,0.9996635241649017,8.0,416.0,52.0
0.7616438356164383,basic_sir,0.0003364758350980588,2.7362425035218893e-17,0.9996635241649017,8.0,416.0,52.0
0.7643835616438356,basic_sir,0.0003364758350980588,2.3738269483879188e-17,0.9996635241649017,8.0,416.0,52.0
0.7671232876712328,basic_sir,0.0003364758350980588,2.0594133647290665e-17,0.9996635241649017,8.0,416.0,52.0
0.7698630136986302,basic_sir,0.0003364758350980588,1.786643887291315e-17,0.9996635241649017,8.0,416.0,52.0
0.7726027397260274,basic_sir,0.0003364758350980588,1.5500027506208727e-17,0.9996635241649017,8.0,416.0,52.0
0.7753424657534247,basic_sir,0.0003364758350980588,1.3447047528730826e-17,0.9996635241649017,8.0,416.0,52.0
0.7780821917808219,basic_sir,0.0003364758350980588,1.1665984925995446e-17,0.9996635241649017,8.0,416.0,52.0
0.7808219178082192,basic_sir,0.0003364758350980588,1.0120824218310624e-17,0.9996635241649017,8.0,416.0,52.0
0.7835616438356164,basic_sir,0.0003364758350980588,8.780320179369899e-18,0.9996635241649017,8.0,416.0,52.0
0.7863013698630137,basic_sir,0.0003364758350980588,7.617366015780762e-18,0.9996635241649017,8.0,416.0,52.0
0.7890410958904109,basic_sir,0.0003364758350980588,6.608445231268966e-18,0.9996635241649017,8.0,416.0,52.0
0.7917808219178082,basic_sir,0.0003364758350980588,5.7331560915161445e-18,0.9996635241649017,8.0,416.0,52.0
0.7945205479452054,basic_sir,0.0003364758350980588,4.97379907367063e-18,0.9996635241649017,8.0,416.0,52.0
0.7972602739726028,basic_sir,0.0003364758350980588,4.315018958206052e-18,0.9996635241649017,8.0,416.0,52.0
0.8,basic_sir,0.0003364758350980588,3.743494325744197e-18,0.9996635241649017,8.0,416.0,52.0
0.8027397260273973,basic_sir,0.0003364758350980588,3.2476681800501633e-18,0.9996635241649017,8.0,416.0,52.0
0.8054794520547945,basic_sir,0.0003364758350980588,2.817514250035241e-18,0.9996635241649017,8.0,416.0,52.0
0.8082191780821918,basic_sir,0.0003364758350980588,2.4443342450795048e-18,0.9996635241649017,8.0,416.0,52.0
0.810958904109589,basic_sir,0.0003364758350980588,2.12058196390441e-18,0.9996635241649017,8.0,416.0,52.0
0.8136986301369863,basic_sir,0.0003364758350980588,1.839710700240351e-18,0.9996635241649017,8.0,416.0,52.0
0.8164383561643835,basic_sir,0.0003364758350980588,1.5960408596266867e-18,0.9996635241649017,8.0,416.0,52.0
0.8191780821917808,basic_sir,0.0003364758350980588,1.3846451103780025e-18,0.9996635241649017,8.0,416.0,52.0
0.821917808219178,basic_sir,0.0003364758350980588,1.2012487463147734e-18,0.9996635241649017,8.0,416.0,52.0
0.8246575342465754,basic_sir,0.0003364758350980588,1.0421432464589239e-18,0.9996635241649017,8.0,416.0,52.0
0.8273972602739726,basic_sir,0.0003364758350980588,9.041112837551811e-19,0.9996635241649017,8.0,416.0,52.0
0.8301369863013699,basic_sir,0.0003364758350980588,7.8436166639368055e-19,0.9996635241649017,8.0,416.0,52.0
0.8328767123287671,basic_sir,0.0003364758350980588,6.804728961600529e-19,0.9996635241649017,8.0,416.0,52.0
0.8356164383561644,basic_sir,0.0003364758350980588,5.903442024868704e-19,0.9996635241649017,8.0,416.0,52.0
0.8383561643835616,basic_sir,0.0003364758350980588,5.12153062049201e-19,0.9996635241649017,8.0,416.0,52.0
0.8410958904109589,basic_sir,0.0003364758350980588,4.443183448933869e-19,0.9996635241649017,8.0,416.0,52.0
0.8438356164383561,basic_sir,0.0003364758350980588,3.8546834186424003e-19,0.9996635241649017,8.0,416.0,52.0
0.8465753424657534,basic_sir,0.0003364758350980588,3.344130268022569e-19,0.9996635241649017,8.0,416.0,52.0
0.8493150684931506,basic_sir,0.0003364758350980588,2.901199926152007e-19,0.9996635241649017,8.0,416.0,52.0
0.852054794520548,basic_sir,0.0003364758350980588,2.516935746190722e-19,0.9996635241649017,8.0,416.0,52.0
0.8547945205479452,basic_sir,0.0003364758350980588,2.183567389943731e-19,0.9996635241649017,8.0,416.0,52.0
0.8575342465753425,basic_sir,0.0003364758350980588,1.894353701178823e-19,0.9996635241649017,8.0,416.0,52.0
0.8602739726027397,basic_sir,0.0003364758350980588,1.6434463903870543e-19,0.9996635241649017,8.0,416.0,52.0
0.863013698630137,basic_sir,0.0003364758350980588,1.4257717745083746e-19,0.9996635241649017,8.0,416.0,52.0
0.8657534246575342,basic_sir,0.0003364758350980588,1.2369281802407934e-19,0.9996635241649017,8.0,416.0,52.0
0.8684931506849315,basic_sir,0.0003364758350980588,1.0730969362900751e-19,0.9996635241649017,8.0,416.0,52.0
0.8712328767123287,basic_sir,0.0003364758350980588,9.309651547036266e-20,0.9996635241649017,8.0,416.0,52.0
0.873972602739726,basic_sir,0.0003364758350980588,8.07658739823357e-20,0.9996635241649017,8.0,416.0,52.0
0.8767123287671232,basic_sir,0.0003364758350980588,7.006842702084991e-20,0.9996635241649017,8.0,416.0,52.0
0.8794520547945206,basic_sir,0.0003364758350980588,6.078785783027516e-20,0.9996635241649017,8.0,416.0,52.0
0.8821917808219178,basic_sir,0.0003364758350980588,5.2736500827886644e-20,0.9996635241649017,8.0,416.0,52.0
0.8849315068493151,basic_sir,0.0003364758350980588,4.575154675354514e-20,0.9996635241649017,8.0,416.0,52.0
0.8876712328767123,basic_sir,0.0003364758350980588,3.969175044763222e-20,0.9996635241649017,8.0,416.0,52.0
0.8904109589041096,basic_sir,0.0003364758350980588,3.4434574684079665e-20,0.9996635241649017,8.0,416.0,52.0
0.8931506849315068,basic_sir,0.0003364758350980588,2.987371230296028e-20,0.9996635241649017,8.0,416.0,52.0
0.8958904109589041,basic_sir,0.0003364758350980588,2.5916936536830434e-20,0.9996635241649017,8.0,416.0,52.0
0.8986301369863013,basic_sir,0.0003364758350980588,2.2484236061533494e-20,0.9996635241649017,8.0,416.0,52.0
0.9013698630136986,basic_sir,0.0003364758350980588,1.9506197059684946e-20,0.9996635241649017,8.0,416.0,52.0
0.904109589041096,basic_sir,0.0003364758350980588,1.6922599579988075e-20,0.9996635241649017,8.0,416.0,52.0
0.9068493150684932,basic_sir,0.0003364758350980588,1.468119980887959e-20,0.9996635241649017,8.0,416.0,52.0
0.9095890410958904,basic_sir,0.0003364758350980588,1.2736673630399639e-20,0.9996635241649017,8.0,416.0,52.0
0.9123287671232877,basic_sir,0.0003364758350980588,1.104970011164896e-20,0.9996635241649017,8.0,416.0,52.0
0.915068493150685,basic_sir,0.0003364758350980588,9.586166380675645e-21,0.9996635241649017,8.0,416.0,52.0
0.9178082191780822,basic_sir,0.0003364758350980588,8.316477818354336e-21,0.9996635241649017,8.0,416.0,52.0
0.9205479452054794,basic_sir,0.0003364758350980588,7.214959615410403e-21,0.9996635241649017,8.0,416.0,52.0
0.9232876712328767,basic_sir,0.0003364758350980588,6.259337593267796e-21,0.9996635241649017,8.0,416.0,52.0
0.9260273972602739,basic_sir,0.0003364758350980588,5.4302877902202744e-21,0.9996635241649017,8.0,416.0,52.0
0.9287671232876712,basic_sir,0.0003364758350980588,4.711045704953047e-21,0.9996635241649017,8.0,416.0,52.0
0.9315068493150686,basic_sir,0.0003364758350980588,4.087067295793571e-21,0.9996635241649017,8.0,416.0,52.0
0.9342465753424658,basic_sir,0.0003364758350980588,3.54573488064089e-21,0.9996635241649017,8.0,416.0,52.0
0.936986301369863,basic_sir,0.0003364758350980588,3.0761019904744093e-21,0.9996635241649017,8.0,416.0,52.0
0.9397260273972603,basic_sir,0.0003364758350980588,2.6686720170376354e-21,0.9996635241649017,8.0,416.0,52.0
0.9424657534246575,basic_sir,0.0003364758350980588,2.3152061786551384e-21,0.9996635241649017,8.0,416.0,52.0
0.9452054794520548,basic_sir,0.0003364758350980588,2.0085569209936135e-21,0.9996635241649017,8.0,416.0,52.0
0.947945205479452,basic_sir,0.0003364758350980588,1.742523383906481e-21,0.9996635241649017,8.0,416.0,52.0
0.9506849315068493,basic_sir,0.0003364758350980588,1.5117260117073618e-21,0.9996635241649017,8.0,416.0,52.0
0.9534246575342465,basic_sir,0.0003364758350980588,1.311497771323622e-21,0.9996635241649017,8.0,416.0,52.0
0.9561643835616438,basic_sir,0.0003364758350980588,1.137789778614849e-21,0.9996635241649017,8.0,416.0,52.0
0.9589041095890412,basic_sir,0.0003364758350980588,9.87089424493559e-22,0.9996635241649017,8.0,416.0,52.0
0.9616438356164384,basic_sir,0.0003364758350980588,8.563493452482975e-22,0.9996635241649017,8.0,416.0,52.0
0.9643835616438357,basic_sir,0.0003364758350980588,7.42925800753499e-22,0.9996635241649017,8.0,416.0,52.0
0.9671232876712329,basic_sir,0.0003364758350980588,6.445252144908148e-22,0.9996635241649017,8.0,416.0,52.0
0.9698630136986301,basic_sir,0.0003364758350980588,5.591577943491879e-22,0.9996635241649017,8.0,416.0,52.0
0.9726027397260274,basic_sir,0.0003364758350980588,4.850972963539575e-22,0.9996635241649017,8.0,416.0,52.0
0.9753424657534246,basic_sir,0.0003364758350980588,4.2084611769350535e-22,0.9996635241649017,8.0,416.0,52.0
0.9780821917808219,basic_sir,0.0003364758350980588,3.651050131775299e-22,0.9996635241649017,8.0,416.0,52.0
0.9808219178082191,basic_sir,0.0003364758350980588,3.16746822753027e-22,0.9996635241649017,8.0,416.0,52.0
0.9835616438356164,basic_sir,0.0003364758350980588,2.747936788130417e-22,0.9996635241649017,8.0,416.0,52.0
0.9863013698630138,basic_sir,0.0003364758350980588,2.3839723239933604e-22,0.9996635241649017,8.0,416.0,52.0
0.989041095890411,basic_sir,0.0003364758350980588,2.0682149844622286e-22,0.9996635241649017,8.0,416.0,52.0
0.9917808219178083,basic_sir,0.0003364758350980588,1.794279731733165e-22,0.9996635241649017,8.0,416.0,52.0
0.9945205479452055,basic_sir,0.0003364758350980588,1.5566272268090875e-22,0.9996635241649017,8.0,416.0,52.0
0.9972602739726028,basic_sir,0.0003364758350980588,1.350451816619917e-22,0.9996635241649017,8.0,416.0,52.0
1.0,basic_sir,0.0003364758350980588,1.1715843572583894e-22,0.9996635241649017,8.0,416.0,52.0
0.0,basic_sir,0.9999,0.0001,0.0,15.0,780.0,52.0
0.0027397260273972603,basic_sir,0.9992259952389123,0.000729051274134934,4.495348695269175e-05,15.0,780.0,52.0
0.005479452054794521,basic_sir,0.9943365793846994,0.005291442849966072,0.00037197776533443575,15.0,780.0,52.0
0.008219178082191782,basic_sir,0.9600917096724817,0.037199354522268,0.0027089358052502822,15.0,780.0,52.0
0.010958904109589041,basic_sir,0.7683919054689812,0.21403536830625597,0.017572726224762754,15.0,780.0,52.0
0.0136986301369863,basic_sir,0.32212534497756107,0.6023067187330361,0.07556793628940281,15.0,780.0,52.0
0.016438356164383564,basic_sir,0.07185454366706352,0.7521238304451243,0.17602162588781212,15.0,780.0,52.0
0.019178082191780823,basic_sir,0.015078393686750357,0.7041643908281217,0.2807572154851279,15.0,780.0,52.0
0.021917808219178082,basic_sir,0.003675498991673697,0.6210997643059608,0.3752247367023654,15.0,780.0,52.0
0.024657534246575342,basic_sir,0.0010660435946995394,0.5410212529630545,0.457912703442246,15.0,780.0,52.0
0.0273972602739726,basic_sir,0.0003630253553440016,0.4698288297235624,0.5298081449210936,15.0,780.0,52.0
0.030136986301369864,basic_sir,0.00014244883715074918,0.4076466568936971,0.5922108942691521,15.0,780.0,52.0
0.03287671232876713,basic_sir,6.32578097859064e-05,0.3535912040000757,0.6463455381901383,15.0,780.0,52.0
0.03561643835616438,basic_sir,3.1281851674498714e-05,0.30666990745873474,0.6932988106895906,15.0,780.0,52.0
0.038356164383561646,basic_sir,1.698396970298988e-05,0.26596265088159404,0.7340203651487028,15.0,780.0,52.0
0.0410958904109589,basic_sir,9.999738816471903e-06,0.23065386478700212,0.7693361354741812,15.0,780.0,52.0
0.043835616438356165,basic_sir,6.316491651926467e-06,0.2000304259699559,0.7999632575383919,15.0,780.0,52.0
0.04657534246575343,basic_sir,4.240826725459568e-06,0.17347176435737435,0.8265239948159,15.0,780.0,52.0
0.049315068493150684,basic_sir,3.0019090848393943e-06,0.1504388598797195,0.8495581382111954,15.0,780.0,52.0
0.052054794520547946,basic_sir,2.2246806487997416e-06,0.1304638996509836,0.8695338756683674,15.0,780.0,52.0
0.0547945205479452,basic_sir,1.7156000861971459e-06,0.11314102055972922,0.8868572638401844,15.0,780.0,52.0
0.057534246575342465,basic_sir,1.3694580318955161e-06,0.09811816944419291,0.901880461097775,15.0,780.0,52.0
0.06027397260273973,basic_sir,1.1263573400730305e-06,0.08508999780573964,0.91490887583692,15.0,780.0,52.0
0.06301369863013699,basic_sir,9.507647459959821e-07,0.0737916796017532,0.9262073696335006,15.0,780.0,52.0
0.06575342465753425,basic_sir,8.208107443769735e-07,0.06399354046038529,0.9360056387288701,15.0,780.0,52.0
0.0684931506849315,basic_sir,7.225841361070884e-07,0.05549639542568094,0.9445028819901827,15.0,780.0,52.0
0.07123287671232877,basic_sir,6.469696001921934e-07,0.04812750341765667,0.951871849612743,15.0,780.0,52.0
0.07397260273972603,basic_sir,5.878322979104622e-07,0.041737057623812364,0.9582623545438895,15.0,780.0,52.0
0.07671232876712329,basic_sir,5.409420862475655e-07,0.03619514122139345,0.9638043178365201,15.0,780.0,52.0
0.07945205479452055,basic_sir,5.033173193075113e-07,0.031389086938601624,0.968610409744079,15.0,780.0,52.0
0.0821917808219178,basic_sir,4.728138940809738e-07,0.027221186993281493,0.9727783401928244,15.0,780.0,52.0
0.08493150684931507,basic_sir,4.47861604512008e-07,0.02360670697568381,0.9763928451627116,15.0,780.0,52.0
0.08767123287671233,basic_sir,4.2729121994731094e-07,0.02047216336918959,0.9795274093395905,15.0,780.0,52.0
0.09041095890410959,basic_sir,4.1021873909015714e-07,0.01775382973350988,0.9822457600477511,15.0,780.0,52.0
0.09315068493150686,basic_sir,3.959664481277867e-07,0.01539644120681364,0.9846031628267383,15.0,780.0,52.0
0.0958904109589041,basic_sir,3.840081378001878e-07,0.01335207100517801,0.9866475449866843,15.0,780.0,52.0
0.09863013698630137,basic_sir,3.7393046841725845e-07,0.011579156088515917,0.9884204699810157,15.0,780.0,52.0
0.10136986301369863,basic_sir,3.6540531090814205e-07,0.010041652191046734,0.9899579824036424,15.0,780.0,52.0
0.10410958904109589,basic_sir,3.58169665810525e-07,0.008708301042085724,0.9912913407882485,15.0,780.0,52.0
0.10684931506849316,basic_sir,3.5201089083812887e-07,0.007551994882322128,0.9924476531067871,15.0,780.0,52.0
0.1095890410958904,basic_sir,3.467556982622513e-07,0.006549225357853992,0.9934504278864478,15.0,780.0,52.0
0.11232876712328767,basic_sir,3.422618638293672e-07,0.005679605589053849,0.9943200521490824,15.0,780.0,52.0
0.11506849315068493,basic_sir,3.384119096699927e-07,0.004925455698596859,0.9950742058894936,15.0,780.0,52.0
0.1178082191780822,basic_sir,3.3510824074857543e-07,0.004271443372854286,0.995728221518905,15.0,780.0,52.0
0.12054794520547946,basic_sir,3.322693632754027e-07,0.0037042721495174832,0.9962953955811193,15.0,780.0,52.0
0.12328767123287672,basic_sir,3.2982691684320157e-07,0.0032124110944827555,0.9967872590786006,15.0,780.0,52.0
0.12602739726027398,basic_sir,3.2772332461486425e-07,0.002785860372400226,0.9972138119042753,15.0,780.0,52.0
0.12876712328767123,basic_sir,3.2590991739378493e-07,0.002415947944962298,0.9975837261451205,15.0,780.0,52.0
0.1315068493150685,basic_sir,3.243454243401757e-07,0.00209515326380541,0.9979045223907703,15.0,780.0,52.0
0.13424657534246576,basic_sir,3.2299474983538834e-07,0.001816954373681746,0.9981827226315685,15.0,780.0,52.0
0.136986301369863,basic_sir,3.218279755332706e-07,0.0015756953174781818,0.9984239828545464,15.0,780.0,52.0
0.13972602739726028,basic_sir,3.2081954103808807e-07,0.0013664711473913133,0.9986332080330678,15.0,780.0,52.0
0.14246575342465753,basic_sir,3.1994756735254334e-07,0.0011850282044985829,0.9988146518479342,15.0,780.0,52.0
0.1452054794520548,basic_sir,3.191932952605567e-07,0.0010276776393722052,0.9989720031673326,15.0,780.0,52.0
0.14794520547945206,basic_sir,3.1854061686760135e-07,0.0008912204155745178,0.9991084610438087,15.0,780.0,52.0
0.1506849315068493,basic_sir,3.179756831320883e-07,0.0007728822713224406,0.9992267997529944,15.0,780.0,52.0
0.15342465753424658,basic_sir,3.1748657375675594e-07,0.0006702573170609881,0.9993294251963654,15.0,780.0,52.0
0.15616438356164383,basic_sir,3.170630185399592e-07,0.0005812591222564644,0.9994184238147251,15.0,780.0,52.0
0.1589041095890411,basic_sir,3.166961614114903e-07,0.0005040782969785398,0.9994956050068602,15.0,780.0,52.0
0.16164383561643836,basic_sir,3.1637836004239867e-07,0.0004371457058821182,0.999562537915758,15.0,780.0,52.0
0.1643835616438356,basic_sir,3.1610301523182504e-07,0.00037910056670900074,0.9996205833302759,15.0,780.0,52.0
0.16712328767123288,basic_sir,3.158644253173076e-07,0.00032876278473396647,0.9996709213508409,15.0,780.0,52.0
0.16986301369863013,basic_sir,3.1565766168938725e-07,0.00028510896069869026,0.9997145753816398,15.0,780.0,52.0
0.1726027397260274,basic_sir,3.154784621628207e-07,0.00024725158446081127,0.9997524329370772,15.0,780.0,52.0
0.17534246575342466,basic_sir,3.1532313950045295e-07,0.00021442099135275883,0.9997852636855078,15.0,780.0,52.0
0.1780821917808219,basic_sir,3.1518850282872504e-07,0.00018594971441231322,0.9998137350970849,15.0,780.0,52.0
0.18082191780821918,basic_sir,3.150717900466328e-07,0.0001612589143563134,0.9998384260138538,15.0,780.0,52.0
0.18356164383561643,basic_sir,3.1497060962878586e-07,0.0001398466114106111,0.9998598384179799,15.0,780.0,52.0
0.1863013698630137,basic_sir,3.1488289047056584e-07,0.00012127747974215552,0.9998784076373675,15.0,780.0,52.0
0.18904109589041096,basic_sir,3.1480683862909043e-07,0.00010517399700772125,0.9998945111961537,15.0,780.0,52.0
0.1917808219178082,basic_sir,3.147408999855014e-07,9.120876908410751e-05,0.9999084764900159,15.0,780.0,52.0
0.19452054794520549,basic_sir,3.146837279981818e-07,7.909787393679491e-05,0.9999205874423351,15.0,780.0,52.0
0.19726027397260273,basic_sir,3.146341558377812e-07,6.859508930374196e-05,0.9999310902765404,15.0,780.0,52.0
0.2,basic_sir,3.145911722973453e-07,5.9486886839507984e-05,0.9999401985219881,15.0,780.0,52.0
0.20273972602739726,basic_sir,3.145539009576026e-07,5.1588090947502535e-05,0.9999480973551514,15.0,780.0,52.0
0.2054794520547945,basic_sir,3.145215821611503e-07,4.4738114041676965e-05,0.9999549473643761,15.0,780.0,52.0
0.20821917808219179,basic_sir,3.144935574120275e-07,3.87976916981487e-05,0.9999608878147443,15.0,780.0,52.0
0.21095890410958903,basic_sir,3.144692558707085e-07,3.364605132031976e-05,0.9999660394794236,15.0,780.0,52.0
0.2136986301369863,basic_sir,3.1444818266033125e-07,2.917845675465315e-05,0.9999705070950625,15.0,780.0,52.0
0.21643835616438356,basic_sir,3.1442990873918953e-07,2.5304078937585733e-05,0.9999743814911536,15.0,780.0,52.0
0.2191780821917808,basic_sir,3.1441406212815575e-07,2.194414928247212e-05,0.9999777414366553,15.0,780.0,52.0
0.2219178082191781,basic_sir,3.1440032031059767e-07,1.9030358263740346e-05,0.9999806552414159,15.0,780.0,52.0
0.22465753424657534,basic_sir,3.14388403647204e-07,1.6503466640452984e-05,0.9999831821449559,15.0,780.0,52.0
0.2273972602739726,basic_sir,3.143780696695287e-07,1.4312101084561902e-05,0.9999853735208458,15.0,780.0,52.0
0.23013698630136986,basic_sir,3.1436910813450404e-07,1.2411709728210166e-05,0.9999872739211637,15.0,780.0,52.0
0.23287671232876714,basic_sir,3.1436133673807083e-07,1.0763656395689339e-05,0.9999889219822676,15.0,780.0,52.0
0.2356164383561644,basic_sir,3.143545973998015e-07,9.33443510520915e-06,0.9999903512102974,15.0,780.0,52.0
0.23835616438356164,basic_sir,3.1434875304224146e-07,8.094988870797302e-06,0.9999915906623762,15.0,780.0,52.0
0.2410958904109589,basic_sir,3.143436847989362e-07,7.020118955136391e-06,0.9999926655373601,15.0,780.0,52.0
0.24383561643835616,basic_sir,3.143392895939646e-07,6.087972563069614e-06,0.9999935976881473,15.0,780.0,52.0
0.24657534246575344,basic_sir,3.143354780434549e-07,5.279598560255993e-06,0.9999944060659617,15.0,780.0,52.0
0.2493150684931507,basic_sir,3.1433217263618413e-07,4.57856218445097e-06,0.9999951071056429,15.0,780.0,52.0
0.25205479452054796,basic_sir,3.1432930615609394e-07,3.970610916245487e-06,0.9999957150597776,15.0,780.0,52.0
0.2547945205479452,basic_sir,3.143268203145181e-07,3.4433847162017645e-06,0.9999962422884634,15.0,780.0,52.0
0.25753424657534246,basic_sir,3.143246645642141e-07,2.9861647373207737e-06,0.999996699510598,15.0,780.0,52.0
0.2602739726027397,basic_sir,3.143227950710114e-07,2.589655404004894e-06,0.9999970960218008,15.0,780.0,52.0
0.263013698630137,basic_sir,3.143211738221125e-07,2.2457954270412274e-06,0.999997439883399,15.0,780.0,52.0
0.26575342465753427,basic_sir,3.143197678528764e-07,1.947593912419046e-06,0.9999977380863195,15.0,780.0,52.0
0.2684931506849315,basic_sir,3.143185485763309e-07,1.6889882319684105e-06,0.9999979966932192,15.0,780.0,52.0
0.27123287671232876,basic_sir,3.143174912017593e-07,1.4647207662390065e-06,0.9999982209617423,15.0,780.0,52.0
0.273972602739726,basic_sir,3.1431657423052217e-07,1.2702320137227517e-06,0.9999984154514118,15.0,780.0,52.0
0.2767123287671233,basic_sir,3.143157790188508e-07,1.101567893262137e-06,0.9999985841163275,15.0,780.0,52.0
0.27945205479452057,basic_sir,3.1431508939871286e-07,9.552993550428021e-07,0.9999987303855553,15.0,780.0,52.0
0.2821917808219178,basic_sir,3.143144913490352e-07,8.284526658101973e-07,0.9999988572328425,15.0,780.0,52.0
0.28493150684931506,basic_sir,3.1431397271059274e-07,7.184489509641234e-07,0.999998967237076,15.0,780.0,52.0
0.2876712328767123,basic_sir,3.143135229387635e-07,6.23051764383088e-07,0.9999990626347124,15.0,780.0,52.0
0.2904109589041096,basic_sir,3.1431313288911973e-07,5.403216200393826e-07,0.9999991453652468,15.0,780.0,52.0
0.29315068493150687,basic_sir,3.1431279463149285e-07,4.6857656100344647e-07,0.9999992171106441,15.0,780.0,52.0
0.2958904109589041,basic_sir,3.14312501288731e-07,4.0635796418004746e-07,0.9999992793295343,15.0,780.0,52.0
0.29863013698630136,basic_sir,3.1431224689686946e-07,3.5240088556465745e-07,0.9999993332868673,15.0,780.0,52.0
0.3013698630136986,basic_sir,3.143120262838695e-07,3.056083431200277e-07,0.9999993800796303,15.0,780.0,52.0
0.3041095890410959,basic_sir,3.143118349644603e-07,2.6502901442735216e-07,0.9999994206591504,15.0,780.0,52.0
0.30684931506849317,basic_sir,3.143116690489453e-07,2.2983789569095687e-07,0.999999455850435,15.0,780.0,52.0
0.3095890410958904,basic_sir,3.1431152516411776e-07,1.99319528881657e-07,0.9999994863689458,15.0,780.0,52.0
0.31232876712328766,basic_sir,3.1431140038467833e-07,1.7285345601585863e-07,0.9999995128351433,15.0,780.0,52.0
0.3150684931506849,basic_sir,3.143112921737596e-07,1.4990160484655144e-07,0.9999995357871028,15.0,780.0,52.0
0.3178082191780822,basic_sir,3.14311198331348e-07,1.2999734950920025e-07,0.9999995556914519,15.0,780.0,52.0
0.32054794520547947,basic_sir,3.143111169495549e-07,1.1273602371844676e-07,0.999999572952859,15.0,780.0,52.0
0.3232876712328767,basic_sir,3.1431104637382724e-07,9.776669364281655e-08,0.9999995879222596,15.0,780.0,52.0
0.32602739726027397,basic_sir,3.143109851693083e-07,8.478502319470217e-08,0.9999996009039913,15.0,780.0,52.0
0.3287671232876712,basic_sir,3.143109320916658e-07,7.352708668238253e-08,0.999999612161981,15.0,780.0,52.0
0.3315068493150685,basic_sir,3.1431088606179333e-07,6.376400303132567e-08,0.9999996219251107,15.0,780.0,52.0
0.33424657534246577,basic_sir,3.143108461438711e-07,5.529728248505115e-08,0.9999996303918711,15.0,780.0,52.0
0.336986301369863,basic_sir,3.1431081152633996e-07,4.795479118099103e-08,0.999999637734397,15.0,780.0,52.0
0.33972602739726027,basic_sir,3.143107815054017e-07,4.158725155859111e-08,0.9999996441019667,15.0,780.0,52.0
0.3424657534246575,basic_sir,3.1431075547071e-07,3.6065207450699894e-08,0.9999996496240369,15.0,780.0,52.0
0.3452054794520548,basic_sir,3.143107328929621e-07,3.127639215660668e-08,0.9999996544128747,15.0,780.0,52.0
0.34794520547945207,basic_sir,3.143107133131371e-07,2.7123445987964867e-08,0.9999996585658405,15.0,780.0,52.0
0.3506849315068493,basic_sir,3.1431069633316405e-07,2.3521936883842815e-08,0.9999996621673666,15.0,780.0,52.0
0.35342465753424657,basic_sir,3.1431068160782883e-07,2.0398643852737838e-08,0.9999996652906743,15.0,780.0,52.0
0.3561643835616438,basic_sir,3.1431066883775566e-07,1.769006834282634e-08,0.9999996679992625,15.0,780.0,52.0
0.3589041095890411,basic_sir,3.1431065776332054e-07,1.5341143275652424e-08,0.9999996703481987,15.0,780.0,52.0
0.36164383561643837,basic_sir,3.143106481593729e-07,1.3304113497081557e-08,0.9999996723852381,15.0,780.0,52.0
0.3643835616438356,basic_sir,3.143106398306581e-07,1.1537564884367908e-08,0.9999996741517951,15.0,780.0,52.0
0.36712328767123287,basic_sir,3.143106326078481e-07,1.0005582370459932e-08,0.9999996756837849,15.0,780.0,52.0
0.3698630136986301,basic_sir,3.143106263440983e-07,8.6770197676372e-09,0.9999996770123537,15.0,780.0,52.0
0.3726027397260274,basic_sir,3.143106209120627e-07,7.52486654552469e-09,0.9999996781645124,15.0,780.0,52.0
0.37534246575342467,basic_sir,3.1431061620130455e-07,6.5256986896752415e-09,0.9999996791636849,15.0,780.0,52.0
0.3780821917808219,basic_sir,3.1431061211605094e-07,5.6592024763223806e-09,0.9999996800301852,15.0,780.0,52.0
0.38082191780821917,basic_sir,3.1431060857324606e-07,4.907761481339087e-09,0.9999996807816298,15.0,780.0,52.0
0.3835616438356164,basic_sir,3.143106055008624e-07,4.256098427029204e-09,0.9999996814332959,15.0,780.0,52.0
0.3863013698630137,basic_sir,3.1431060283643643e-07,3.690964585267044e-09,0.9999996819984324,15.0,780.0,52.0
0.38904109589041097,basic_sir,3.1431060052579863e-07,3.200870422351728e-09,0.9999996824885288,15.0,780.0,52.0
0.3917808219178082,basic_sir,3.143105985219723e-07,2.7758520094130915e-09,0.9999996829135492,15.0,780.0,52.0
0.39452054794520547,basic_sir,3.143105967842183e-07,2.4072684493430466e-09,0.9999996832821345,15.0,780.0,52.0
0.3972602739726027,basic_sir,3.14310595277207e-07,2.08762620181171e-09,0.9999996836017783,15.0,780.0,52.0
0.4,basic_sir,3.143105939702999e-07,1.8104267347832052e-09,0.9999996838789791,15.0,780.0,52.0
0.40273972602739727,basic_sir,3.143105928369267e-07,1.5700344051886932e-09,0.9999996841193726,15.0,780.0,52.0
0.4054794520547945,basic_sir,3.1431059185404525e-07,1.3615618826858452e-09,0.9999996843278461,15.0,780.0,52.0
0.40821917808219177,basic_sir,3.1431059100167293e-07,1.1807707870963606e-09,0.9999996845086382,15.0,780.0,52.0
0.410958904109589,basic_sir,3.143105902624804e-07,1.0239855194167818e-09,0.9999996846654241,15.0,780.0,52.0
0.4136986301369863,basic_sir,3.143105896214394e-07,8.880185345317845e-10,0.9999996848013918,15.0,780.0,52.0
0.41643835616438357,basic_sir,3.1431058906551724e-07,7.701055363762556e-10,0.9999996849193054,15.0,780.0,52.0
0.4191780821917808,basic_sir,3.143105885834116e-07,6.678492780221722e-10,0.9999996850215621,15.0,780.0,52.0
0.42191780821917807,basic_sir,3.1431058816532095e-07,5.791708241100345e-10,0.999999685110241,15.0,780.0,52.0
0.4246575342465753,basic_sir,3.143105878027453e-07,5.022672847587625e-10,0.9999996851871449,15.0,780.0,52.0
0.4273972602739726,basic_sir,3.1431058748831325e-07,4.355751616573328e-10,0.9999996852538373,15.0,780.0,52.0
0.4301369863013699,basic_sir,3.143105872156321e-07,3.777385611406817e-10,0.9999996853116742,15.0,780.0,52.0
0.4328767123287671,basic_sir,3.143105869791582e-07,3.275816280012861e-10,0.9999996853618314,15.0,780.0,52.0
0.43561643835616437,basic_sir,3.143105867740838e-07,2.840846395981464e-10,0.9999996854053286,15.0,780.0,52.0
0.4383561643835616,basic_sir,3.143105865962396e-07,2.463632742410446e-10,0.9999996854430502,15.0,780.0,52.0
0.4410958904109589,basic_sir,3.143105864420099e-07,2.1365063236303174e-10,0.9999996854757629,15.0,780.0,52.0
0.4438356164383562,basic_sir,3.143105863082592e-07,1.8528164496004515e-10,0.9999996855041321,15.0,780.0,52.0
0.4465753424657534,basic_sir,3.143105861922682e-07,1.6067955231121637e-10,0.9999996855287343,15.0,780.0,52.0
0.44931506849315067,basic_sir,3.1431058609167874e-07,1.393441780835894e-10,0.9999996855500698,15.0,780.0,52.0
0.452054794520548,basic_sir,3.1431058600444573e-07,1.2084176042626184e-10,0.9999996855685722,15.0,780.0,52.0
0.4547945205479452,basic_sir,3.1431058592879573e-07,1.0479613331357305e-10,0.9999996855846179,15.0,780.0,52.0
0.4575342465753425,basic_sir,3.143105858631907e-07,9.088107884838023e-11,0.999999685598533,15.0,780.0,52.0
0.4602739726027397,basic_sir,3.143105858062968e-07,7.881369504284716e-11,0.9999996856106005,15.0,780.0,52.0
0.46301369863013697,basic_sir,3.1431058575695747e-07,6.834864423946723e-11,0.9999996856210657,15.0,780.0,52.0
0.4657534246575343,basic_sir,3.143105857141695e-07,5.927316523903055e-11,0.9999996856301412,15.0,780.0,52.0
0.4684931506849315,basic_sir,3.14310585677063e-07,5.140274772889651e-11,0.9999996856380116,15.0,780.0,52.0
0.4712328767123288,basic_sir,3.143105856448836e-07,4.457738106991957e-11,0.999999685644837,15.0,780.0,52.0
0.473972602739726,basic_sir,3.1431058561697696e-07,3.8658301177462806e-11,0.999999685650756,15.0,780.0,52.0
0.4767123287671233,basic_sir,3.143105855927759e-07,3.352516935849947e-11,0.9999996856558893,15.0,780.0,52.0
0.4794520547945206,basic_sir,3.1431058557178834e-07,2.9073625748751384e-11,0.9999996856603408,15.0,780.0,52.0
0.4821917808219178,basic_sir,3.143105855535875e-07,2.5213167609671246e-11,0.9999996856642013,15.0,780.0,52.0
0.4849315068493151,basic_sir,3.143105855378034e-07,2.1865309349683593e-11,0.9999996856675492,15.0,780.0,52.0
0.4876712328767123,basic_sir,3.143105855241152e-07,1.8961986861737066e-11,0.9999996856704525,15.0,780.0,52.0
0.4904109589041096,basic_sir,3.143105855122445e-07,1.644417373632503e-11,0.9999996856729704,15.0,780.0,52.0
0.4931506849315069,basic_sir,3.1431058550195005e-07,1.4260681216697639e-11,0.999999685675154,15.0,780.0,52.0
0.4958904109589041,basic_sir,3.1431058549302253e-07,1.2367117498584772e-11,0.9999996856770474,15.0,780.0,52.0
0.4986301369863014,basic_sir,3.143105854852804e-07,1.072498521632471e-11,0.9999996856786896,15.0,780.0,52.0
0.5013698630136987,basic_sir,3.143105854785663e-07,9.300898766713113e-12,0.9999996856801137,15.0,780.0,52.0
0.5041095890410959,basic_sir,3.1431058547274366e-07,8.065905558263351e-12,0.9999996856813487,15.0,780.0,52.0
0.5068493150684932,basic_sir,3.143105854676942e-07,6.994897386439898e-12,0.9999996856824197,15.0,780.0,52.0
0.5095890410958904,basic_sir,3.143105854633152e-07,6.066099967746014e-12,0.9999996856833485,15.0,780.0,52.0
0.5123287671232877,basic_sir,3.143105854595176e-07,5.26063025456569e-12,0.999999685684154,15.0,780.0,52.0
0.5150684931506849,basic_sir,3.143105854562243e-07,4.562112530686633e-12,0.9999996856848525,15.0,780.0,52.0
0.5178082191780822,basic_sir,3.143105854533683e-07,3.956345482479889e-12,0.9999996856854583,15.0,780.0,52.0
0.5205479452054794,basic_sir,3.1431058545089154e-07,3.4310134770794835e-12,0.9999996856859836,15.0,780.0,52.0
0.5232876712328767,basic_sir,3.143105854487436e-07,2.9754361776621935e-12,0.9999996856864393,15.0,780.0,52.0
0.526027397260274,basic_sir,3.1431058544688094e-07,2.5803514053453708e-12,0.9999996856868344,15.0,780.0,52.0
0.5287671232876713,basic_sir,3.1431058544526554e-07,2.2377268331459355e-12,0.999999685687177,15.0,780.0,52.0
0.5315068493150685,basic_sir,3.1431058544386466e-07,1.940596683617638e-12,0.9999996856874742,15.0,780.0,52.0
0.5342465753424658,basic_sir,3.1431058544264975e-07,1.6829201101250668e-12,0.9999996856877319,15.0,780.0,52.0
0.536986301369863,basic_sir,3.143105854415962e-07,1.4594583825545735e-12,0.9999996856879554,15.0,780.0,52.0
0.5397260273972603,basic_sir,3.1431058544068257e-07,1.2656683805688901e-12,0.9999996856881492,15.0,780.0,52.0
0.5424657534246575,basic_sir,3.143105854398902e-07,1.0976102290549395e-12,0.9999996856883173,15.0,780.0,52.0
0.5452054794520548,basic_sir,3.1431058543920307e-07,9.518671979342084e-13,0.9999996856884631,15.0,780.0,52.0
0.547945205479452,basic_sir,3.143105854386072e-07,8.254762378474246e-13,0.9999996856885894,15.0,780.0,52.0
0.5506849315068493,basic_sir,3.143105854380904e-07,7.158677394594241e-13,0.999999685688699,15.0,780.0,52.0
0.5534246575342466,basic_sir,3.1431058543764225e-07,6.208132916522108e-13,0.999999685688794,15.0,780.0,52.0
0.5561643835616439,basic_sir,3.143105854372536e-07,5.383803764967684e-13,0.9999996856888764,15.0,780.0,52.0
0.5589041095890411,basic_sir,3.1431058543691655e-07,4.668930799232668e-13,0.9999996856889478,15.0,780.0,52.0
0.5616438356164384,basic_sir,3.1431058543662427e-07,4.048980193124526e-13,0.9999996856890098,15.0,780.0,52.0
0.5643835616438356,basic_sir,3.143105854363708e-07,3.5113479529422653e-13,0.9999996856890636,15.0,780.0,52.0
0.5671232876712329,basic_sir,3.14310585436151e-07,3.0451036701953664e-13,0.9999996856891102,15.0,780.0,52.0
0.5698630136986301,basic_sir,3.1431058543596036e-07,2.6407682993841296e-13,0.9999996856891508,15.0,780.0,52.0
0.5726027397260274,basic_sir,3.1431058543579503e-07,2.2901214429210994e-13,0.9999996856891858,15.0,780.0,52.0
0.5753424657534246,basic_sir,3.1431058543565167e-07,1.9860342251723323e-13,0.9999996856892163,15.0,780.0,52.0
0.5780821917808219,basic_sir,3.1431058543552737e-07,1.722324357840511e-13,0.9999996856892427,15.0,780.0,52.0
0.5808219178082192,basic_sir,3.1431058543541953e-07,1.4936304500761111e-13,0.9999996856892656,15.0,780.0,52.0
0.5835616438356165,basic_sir,3.14310585435326e-07,1.2953030079605746e-13,0.9999996856892853,15.0,780.0,52.0
0.5863013698630137,basic_sir,3.143105854352449e-07,1.1233099073108854e-13,0.9999996856893025,15.0,780.0,52.0
0.589041095890411,basic_sir,3.143105854351745e-07,9.741544180071853e-14,0.9999996856893175,15.0,780.0,52.0
0.5917808219178082,basic_sir,3.143105854351136e-07,8.448041132252567e-14,0.9999996856893304,15.0,780.0,52.0
0.5945205479452055,basic_sir,3.143105854350607e-07,7.326292182530021e-14,0.9999996856893416,15.0,780.0,52.0
0.5972602739726027,basic_sir,3.143105854350148e-07,6.353491454827805e-14,0.9999996856893513,15.0,780.0,52.0
0.6,basic_sir,3.1431058543497505e-07,5.509861286016834e-14,0.9999996856893597,15.0,780.0,52.0
0.6027397260273972,basic_sir,3.143105854349406e-07,4.7782501333308024e-14,0.999999685689367,15.0,780.0,52.0
0.6054794520547945,basic_sir,3.1431058543491067e-07,4.143783872494041e-14,0.9999996856893735,15.0,780.0,52.0
0.6082191780821918,basic_sir,3.1431058543488473e-07,3.5935633972288856e-14,0.999999685689379,15.0,780.0,52.0
0.6109589041095891,basic_sir,3.1431058543486223e-07,3.116402372146607e-14,0.9999996856893838,15.0,780.0,52.0
0.6136986301369863,basic_sir,3.143105854348427e-07,2.7025998073695355e-14,0.9999996856893879,15.0,780.0,52.0
0.6164383561643836,basic_sir,3.143105854348258e-07,2.3437428311809287e-14,0.9999996856893916,15.0,780.0,52.0
0.6191780821917808,basic_sir,3.143105854348111e-07,2.0325356509436398e-14,0.9999996856893948,15.0,780.0,52.0
0.6219178082191781,basic_sir,3.143105854347984e-07,1.7626512249534308e-14,0.9999996856893976,15.0,780.0,52.0
0.6246575342465753,basic_sir,3.143105854347873e-07,1.528602629620484e-14,0.9999996856893999,15.0,780.0,52.0
0.6273972602739726,basic_sir,3.1431058543477774e-07,1.3256315067913631e-14,0.9999996856894019,15.0,780.0,52.0
0.6301369863013698,basic_sir,3.1431058543476943e-07,1.1496113232738817e-14,0.9999996856894037,15.0,780.0,52.0
0.6328767123287671,basic_sir,3.1431058543476223e-07,9.96963475768933e-15,0.9999996856894052,15.0,780.0,52.0
0.6356164383561644,basic_sir,3.14310585434756e-07,8.645845355686988e-15,0.9999996856894066,15.0,780.0,52.0
0.6383561643835617,basic_sir,3.143105854347506e-07,7.497831538592863e-15,0.9999996856894077,15.0,780.0,52.0
0.6410958904109589,basic_sir,3.1431058543474587e-07,6.502253448720268e-15,0.9999996856894087,15.0,780.0,52.0
0.6438356164383562,basic_sir,3.143105854347418e-07,5.638870344548883e-15,0.9999996856894096,15.0,780.0,52.0
0.6465753424657534,basic_sir,3.1431058543473825e-07,4.890129093459267e-15,0.9999996856894102,15.0,780.0,52.0
0.6493150684931507,basic_sir,3.143105854347352e-07,4.240807305281259e-15,0.9999996856894109,15.0,780.0,52.0
0.6520547945205479,basic_sir,3.1431058543473253e-07,3.677703851332222e-15,0.9999996856894114,15.0,780.0,52.0
0.6547945205479452,basic_sir,3.143105854347302e-07,3.189370476998558e-15,0.9999996856894119,15.0,780.0,52.0
0.6575342465753424,basic_sir,3.143105854347282e-07,2.7658790513720252e-15,0.9999996856894123,15.0,780.0,52.0
0.6602739726027397,basic_sir,3.1431058543472644e-07,2.3986197219765864e-15,0.9999996856894128,15.0,780.0,52.0
0.663013698630137,basic_sir,3.143105854347249e-07,2.080125870941832e-15,0.999999685689413,15.0,780.0,52.0
0.6657534246575343,basic_sir,3.143105854347236e-07,1.8039223138697172e-15,0.9999996856894132,15.0,780.0,52.0
0.6684931506849315,basic_sir,3.1431058543472247e-07,1.5643936551799523e-15,0.9999996856894134,15.0,780.0,52.0
0.6712328767123288,basic_sir,3.1431058543472147e-07,1.3566701235140008e-15,0.9999996856894137,15.0,780.0,52.0
0.673972602739726,basic_sir,3.143105854347206e-07,1.1765285661579696e-15,0.9999996856894139,15.0,780.0,52.0
0.6767123287671233,basic_sir,3.143105854347199e-07,1.0203065896375528e-15,0.9999996856894141,15.0,780.0,52.0
0.6794520547945205,basic_sir,3.1431058543471924e-07,8.848281009082082e-16,0.9999996856894143,15.0,780.0,52.0
0.6821917808219178,basic_sir,3.143105854347187e-07,7.673387353451732e-16,0.9999996856894146,15.0,780.0,52.0
0.684931506849315,basic_sir,3.1431058543471824e-07,6.6544985874291605e-16,0.9999996856894146,15.0,780.0,52.0
0.6876712328767123,basic_sir,3.143105854347178e-07,5.770900048487333e-16,0.9999996856894146,15.0,780.0,52.0
0.6904109589041096,basic_sir,3.1431058543471744e-07,5.004627611243811e-16,0.9999996856894146,15.0,780.0,52.0
0.6931506849315069,basic_sir,3.143105854347171e-07,4.340102465262625e-16,0.9999996856894146,15.0,780.0,52.0
0.6958904109589041,basic_sir,3.1431058543471686e-07,3.7638143878395864e-16,0.9999996856894146,15.0,780.0,52.0
0.6986301369863014,basic_sir,3.1431058543471665e-07,3.2640470725040957e-16,0.9999996856894146,15.0,780.0,52.0
0.7013698630136986,basic_sir,3.1431058543471644e-07,2.830639928989142e-16,0.9999996856894146,15.0,780.0,52.0
0.7041095890410959,basic_sir,3.143105854347162e-07,2.454781511910196e-16,0.9999996856894146,15.0,780.0,52.0
0.7068493150684931,basic_sir,3.1431058543471607e-07,2.1288303784254373e-16,0.9999996856894146,15.0,780.0,52.0
0.7095890410958904,basic_sir,3.1431058543471596e-07,1.8461597327985676e-16,0.9999996856894146,15.0,780.0,52.0
0.7123287671232876,basic_sir,3.1431058543471586e-07,1.6010226993884732e-16,0.9999996856894146,15.0,780.0,52.0
0.715068493150685,basic_sir,3.1431058543471575e-07,1.3884354849791398e-16,0.9999996856894146,15.0,780.0,52.0
0.7178082191780822,basic_sir,3.1431058543471564e-07,1.20407605506505e-16,0.9999996856894146,15.0,780.0,52.0
0.7205479452054795,basic_sir,3.1431058543471554e-07,1.0441962641157906e-16,0.9999996856894146,15.0,780.0,52.0
0.7232876712328767,basic_sir,3.1431058543471543e-07,9.055456533719276e-17,0.9999996856894146,15.0,780.0,52.0
0.726027397260274,basic_sir,3.143105854347153e-07,7.853053669323033e-17,0.9999996856894146,15.0,780.0,52.0
0.7287671232876712,basic_sir,3.143105854347153e-07,6.810308426044482e-17,0.9999996856894146,15.0,780.0,52.0
0.7315068493150685,basic_sir,3.143105854347153e-07,5.906021123863103e-17,0.9999996856894146,15.0,780.0,52.0
0.7342465753424657,basic_sir,3.143105854347153e-07,5.121807021561956e-17,0.9999996856894146,15.0,780.0,52.0
0.736986301369863,basic_sir,3.143105854347153e-07,4.441722543139589e-17,0.9999996856894146,15.0,780.0,52.0
0.7397260273972602,basic_sir,3.143105854347153e-07,3.8519411346774747e-17,0.9999996856894146,15.0,780.0,52.0
0.7424657534246576,basic_sir,3.143105854347153e-07,3.34047216162507e-17,0.9999996856894146,15.0,780.0,52.0
0.7452054794520548,basic_sir,3.143105854347153e-07,2.896917131504e-17,0.9999996856894146,15.0,780.0,52.0
0.7479452054794521,basic_sir,3.143105854347153e-07,2.512258285882187e-17,0.9999996856894146,15.0,780.0,52.0
0.7506849315068493,basic_sir,3.143105854347153e-07,2.178675263557497e-17,0.9999996856894146,15.0,780.0,52.0
0.7534246575342466,basic_sir,3.143105854347153e-07,1.889386107595437e-17,0.9999996856894146,15.0,780.0,52.0
0.7561643835616438,basic_sir,3.143105854347153e-07,1.6385093837920768e-17,0.9999996856894146,15.0,780.0,52.0
0.7589041095890411,basic_sir,3.143105854347153e-07,1.4209446073420335e-17,0.9999996856894146,15.0,780.0,52.0
0.7616438356164383,basic_sir,3.143105854347153e-07,1.2322685467089296e-17,0.9999996856894146,15.0,780.0,52.0
0.7643835616438356,basic_sir,3.143105854347153e-07,1.0686452964894675e-17,0.9999996856894146,15.0,780.0,52.0
0.7671232876712328,basic_sir,3.143105854347153e-07,9.267482909947314e-18,0.9999996856894146,15.0,780.0,52.0
0.7698630136986302,basic_sir,3.143105854347153e-07,8.036926730347663e-18,0.9999996856894146,15.0,780.0,52.0
0.7726027397260274,basic_sir,3.143105854347153e-07,6.969766429204491e-18,0.9999996856894146,15.0,780.0,52.0
0.7753424657534247,basic_sir,3.143105854347153e-07,6.044305952701468e-18,0.9999996856894146,15.0,780.0,52.0
0.7780821917808219,basic_sir,3.143105854347153e-07,5.2417300953989426e-18,0.9999996856894146,15.0,780.0,52.0
0.7808219178082192,basic_sir,3.143105854347153e-07,4.54572197503187e-18,0.9999996856894146,15.0,780.0,52.0
0.7835616438356164,basic_sir,3.143105854347153e-07,3.942131299821335e-18,0.9999996856894146,15.0,780.0,52.0
0.7863013698630137,basic_sir,3.143105854347153e-07,3.4186866839611538e-18,0.9999996856894146,15.0,780.0,52.0
0.7890410958904109,basic_sir,3.143105854347153e-07,2.9647461624687653e-18,0.9999996856894146,15.0,780.0,52.0
0.7917808219178082,basic_sir,3.143105854347153e-07,2.5710808332072197e-18,0.9999996856894146,15.0,780.0,52.0
0.7945205479452054,basic_sir,3.143105854347153e-07,2.229687227381705e-18,0.9999996856894146,15.0,780.0,52.0
0.7972602739726028,basic_sir,3.143105854347153e-07,1.9336245938823816e-18,0.9999996856894146,15.0,780.0,52.0
0.8,basic_sir,3.143105854347153e-07,1.6768737893598547e-18,0.9999996856894146,15.0,780.0,52.0
0.8027397260273973,basic_sir,3.143105854347153e-07,1.4542149051777736e-18,0.9999996856894146,15.0,780.0,52.0
0.8054794520547945,basic_sir,3.143105854347153e-07,1.2611211433202147e-18,0.9999996856894146,15.0,780.0,52.0
0.8082191780821918,basic_sir,3.143105854347153e-07,1.0936667836827462e-18,0.9999996856894146,15.0,780.0,52.0
0.810958904109589,basic_sir,3.143105854347153e-07,9.484473716632122e-19,0.9999996856894146,15.0,780.0,52.0
0.8136986301369863,basic_sir,3.143105854347153e-07,8.225105034147219e-19,0.9999996856894146,15.0,780.0,52.0
0.8164383561643835,basic_sir,3.143105854347153e-07,7.132958015806159e-19,0.9999996856894146,15.0,780.0,52.0
0.8191780821917808,basic_sir,3.143105854347153e-07,6.185828611795776e-19,0.9999996856894146,15.0,780.0,52.0
0.821917808219178,basic_sir,3.143105854347153e-07,5.364461073473267e-19,0.9999996856894146,15.0,780.0,52.0
0.8246575342465754,basic_sir,3.143105854347153e-07,4.652156471638091e-19,0.9999996856894146,15.0,780.0,52.0
0.8273972602739726,basic_sir,3.143105854347153e-07,4.034433196584208e-19,0.9999996856894146,15.0,780.0,52.0
0.8301369863013699,basic_sir,3.143105854347153e-07,3.4987325376804074e-19,0.9999996856894146,15.0,780.0,52.0
0.8328767123287671,basic_sir,3.143105854347153e-07,3.034163356723233e-19,0.9999996856894146,15.0,780.0,52.0
0.8356164383561644,basic_sir,3.143105854347153e-07,2.631280664107436e-19,0.9999996856894146,15.0,780.0,52.0
0.8383561643835616,basic_sir,3.143105854347153e-07,2.2818935961255897e-19,0.9999996856894146,15.0,780.0,52.0
0.8410958904109589,basic_sir,3.143105854347153e-07,1.978898889452095e-19,0.9999996856894146,15.0,780.0,52.0
0.8438356164383561,basic_sir,3.143105854347153e-07,1.716136467240958e-19,0.9999996856894146,15.0,780.0,52.0
0.8465753424657534,basic_sir,3.143105854347153e-07,1.4882642008100289e-19,0.9999996856894146,15.0,780.0,52.0
0.8493150684931506,basic_sir,3.143105854347153e-07,1.2906493007363624e-19,0.9999996856894146,15.0,780.0,52.0
0.852054794520548,basic_sir,3.143105854347153e-07,1.1192741292739603e-19,0.9999996856894146,15.0,780.0,52.0
0.8547945205479452,basic_sir,3.143105854347153e-07,9.706545191999374e-20,0.9999996856894146,15.0,780.0,52.0
0.8575342465753425,basic_sir,3.143105854347153e-07,8.417689384587308e-20,0.9999996856894146,15.0,780.0,52.0
0.8602739726027397,basic_sir,3.143105854347153e-07,7.299970604762463e-20,0.9999996856894146,15.0,780.0,52.0
0.863013698630137,basic_sir,3.143105854347153e-07,6.330664912388979e-20,0.9999996856894146,15.0,780.0,52.0
0.8657534246575342,basic_sir,3.143105854347153e-07,5.490065700649085e-20,0.9999996856894146,15.0,780.0,52.0
0.8684931506849315,basic_sir,3.143105854347153e-07,4.761083048078973e-20,0.9999996856894146,15.0,780.0,52.0
0.8712328767123287,basic_sir,3.143105854347153e-07,4.128896269497277e-20,0.9999996856894146,15.0,780.0,52.0
0.873972602739726,basic_sir,3.143105854347153e-07,3.5806526019635523e-20,0.9999996856894146,15.0,780.0,52.0
0.8767123287671232,basic_sir,3.143105854347153e-07,3.105205899858902e-20,0.9999996856894146,15.0,780.0,52.0
0.8794520547945206,basic_sir,3.143105854347153e-07,2.6928900265920375e-20,0.9999996856894146,15.0,780.0,52.0
0.8821917808219178,basic_sir,3.143105854347153e-07,2.3353223358387973e-20,0.9999996856894146,15.0,780.0,52.0
0.8849315068493151,basic_sir,3.143105854347153e-07,2.0252332469623707e-20,0.9999996856894146,15.0,780.0,52.0
0.8876712328767123,basic_sir,3.143105854347153e-07,1.7563184497734664e-20,0.9999996856894146,15.0,780.0,52.0
0.8904109589041096,basic_sir,3.143105854347153e-07,1.5231107338580965e-20,0.9999996856894146,15.0,780.0,52.0
0.8931506849315068,basic_sir,3.143105854347153e-07,1.3208688366810531e-20,0.9999996856894146,15.0,780.0,52.0
0.8958904109589041,basic_sir,3.143105854347153e-07,1.145481050675667e-20,0.9999996856894146,15.0,780.0,52.0
0.8986301369863013,basic_sir,3.143105854347153e-07,9.933816295901196e-21,0.9999996856894146,15.0,780.0,52.0
0.9013698630136986,basic_sir,3.143105854347153e-07,8.61478294577679e-21,0.9999996856894146,15.0,780.0,52.0
0.904109589041096,basic_sir,3.143105854347153e-07,7.470893661831449e-21,0.9999996856894146,15.0,780.0,52.0
0.9068493150684932,basic_sir,3.143105854347153e-07,6.478892440784636e-21,0.9999996856894146,15.0,780.0,52.0
0.9095890410958904,basic_sir,3.143105854347153e-07,5.618611261154812e-21,0.9999996856894146,15.0,780.0,52.0
0.9123287671232877,basic_sir,3.143105854347153e-07,4.872560054439255e-21,0.9999996856894146,15.0,780.0,52.0
0.915068493150685,basic_sir,3.143105854347153e-07,4.225571120796376e-21,0.9999996856894146,15.0,780.0,52.0
0.9178082191780822,basic_sir,3.143105854347153e-07,3.664490759973442e-21,0.9999996856894146,15.0,780.0,52.0
0.9205479452054794,basic_sir,3.143105854347153e-07,3.177911848138512e-21,0.9999996856894146,15.0,780.0,52.0
0.9232876712328767,basic_sir,3.143105854347153e-07,2.7559419237319414e-21,0.9999996856894146,15.0,780.0,52.0
0.9260273972602739,basic_sir,3.143105854347153e-07,2.3900020673739816e-21,0.9999996856894146,15.0,780.0,52.0
0.9287671232876712,basic_sir,3.143105854347153e-07,2.0726524869279135e-21,0.9999996856894146,15.0,780.0,52.0
0.9315068493150686,basic_sir,3.143105854347153e-07,1.7974412617511053e-21,0.9999996856894146,15.0,780.0,52.0
0.9342465753424658,basic_sir,3.143105854347153e-07,1.558773171007606e-21,0.9999996856894146,15.0,780.0,52.0
0.936986301369863,basic_sir,3.143105854347153e-07,1.3517959392375192e-21,0.9999996856894146,15.0,780.0,52.0
0.9397260273972603,basic_sir,3.143105854347153e-07,1.1723015864828034e-21,0.9999996856894146,15.0,780.0,52.0
0.9424657534246575,basic_sir,3.143105854347153e-07,1.016640877354068e-21,0.9999996856894146,15.0,780.0,52.0
0.9452054794520548,basic_sir,3.143105854347153e-07,8.816491297330599e-22,0.9999996856894146,15.0,780.0,52.0
0.947945205479452,basic_sir,3.143105854347153e-07,7.64581874754135e-22,0.9999996856894146,15.0,780.0,52.0
0.9506849315068493,basic_sir,3.143105854347153e-07,6.630590599908433e-22,0.9999996856894146,15.0,780.0,52.0
0.9534246575342465,basic_sir,3.143105854347153e-07,5.75016661462603e-22,0.9999996856894146,15.0,780.0,52.0
0.9561643835616438,basic_sir,3.143105854347153e-07,4.986647207025026e-22,0.9999996856894146,15.0,780.0,52.0
0.9589041095890412,basic_sir,3.143105854347153e-07,4.3245095375288675e-22,0.9999996856894146,15.0,780.0,52.0
0.9616438356164384,basic_sir,3.143105854347153e-07,3.750291922362655e-22,0.9999996856894146,15.0,780.0,52.0
0.9643835616438357,basic_sir,3.143105854347153e-07,3.2523201488822454e-22,0.9999996856894146,15.0,780.0,52.0
0.9671232876712329,basic_sir,3.143105854347153e-07,2.8204701313389046e-22,0.9999996856894146,15.0,780.0,52.0
0.9698630136986301,basic_sir,3.143105854347153e-07,2.445962081718457e-22,0.9999996856894146,15.0,780.0,52.0
0.9726027397260274,basic_sir,3.143105854347153e-07,2.121182011016166e-22,0.9999996856894146,15.0,780.0,52.0
0.9753424657534246,basic_sir,3.143105854347153e-07,1.8395269319536785e-22,0.9999996856894146,15.0,780.0,52.0
0.9780821917808219,basic_sir,3.143105854347153e-07,1.595270616009917e-22,0.9999996856894146,15.0,780.0,52.0
0.9808219178082191,basic_sir,3.143105854347153e-07,1.383447175520202e-22,0.9999996856894146,15.0,780.0,52.0
0.9835616438356164,basic_sir,3.143105854347153e-07,1.1997501039929687e-22,0.9999996856894146,15.0,780.0,52.0
0.9863013698630138,basic_sir,3.143105854347153e-07,1.0404447220689068e-22,0.9999996856894146,15.0,780.0,52.0
0.989041095890411,basic_sir,3.143105854347153e-07,9.022922490927288e-23,0.9999996856894146,15.0,780.0,52.0
0.9917808219178083,basic_sir,3.143105854347153e-07,7.824839566237874e-23,0.9999996856894146,15.0,780.0,52.0
0.9945205479452055,basic_sir,3.143105854347153e-07,6.78584065184287e-23,0.9999996856894146,15.0,780.0,52.0
0.9972602739726028,basic_sir,3.143105854347153e-07,5.884802232992316e-23,0.9999996856894146,15.0,780.0,52.0
1.0,basic_sir,3.143105854347153e-07,5.103405620352496e-23,0.9999996856894146,15.0,780.0,52.0
