t,s,i,r,N,I0,alpha,phase,R0_basic
0.0,0.998,0.002,0.0,10000,20,0.0,0.0,8.0
0.0013698630136986301,0.996527691419043,0.0032878103152326633,0.00018449826572436914,10000,20,0.0,0.0,8.0
0.0027397260273972603,0.9941133774169226,0.005398993078443717,0.0004876295046335993,10000,20,0.0,0.0,8.0
0.004109589041095891,0.9901649387902369,0.00885009380446319,0.0009849674052998798,10000,20,0.0,0.0,8.0
0.005479452054794521,0.9837357484642887,0.014465215556203937,0.00179903597950737,10000,20,0.0,0.0,8.0
0.00684931506849315,0.9733414012182219,0.023532095427822506,0.0031265033539555767,10000,20,0.0,0.0,8.0
0.008219178082191782,0.9567281053307474,0.037993957453595587,0.0052779372156569705,10000,20,0.0,0.0,8.0
0.009589041095890411,0.9306554809835467,0.06061361353875621,0.00873090547769702,10000,20,0.0,0.0,8.0
0.010958904109589041,0.8908859647090867,0.09492519634593702,0.014188838944976261,10000,20,0.0,0.0,8.0
0.012328767123287671,0.8327773751607761,0.14460417027174902,0.022618454567474806,10000,20,0.0,0.0,8.0
0.0136986301369863,0.7529752664178453,0.2118169025249604,0.03520783105719425,10000,20,0.0,0.0,8.0
0.015068493150684932,0.6521706662356277,0.2946593545188771,0.053169979245495214,10000,20,0.0,0.0,8.0
0.016438356164383564,0.5373391781321436,0.3852867979330023,0.07737402393485407,10000,20,0.0,0.0,8.0
0.01780821917808219,0.4207251553566282,0.4713270058307061,0.10794783881266568,10000,20,0.0,0.0,8.0
0.019178082191780823,0.3149876848106654,0.5408910961606226,0.14412121902871194,10000,20,0.0,0.0,8.0
0.02054794520547945,0.22812196657677025,0.5874298287913301,0.18444820463189956,10000,20,0.0,0.0,8.0
0.021917808219178082,0.16197977315696882,0.6107708751848645,0.22724935165816657,10000,20,0.0,0.0,8.0
0.023287671232876714,0.11415281340510025,0.6148504286344418,0.2709967579604578,10000,20,0.0,0.0,8.0
0.024657534246575342,0.08060731532863102,0.6048897074027099,0.31450297726865906,10000,20,0.0,0.0,8.0
0.026027397260273973,0.05741158093356547,0.5856456855636686,0.3569427335027659,10000,20,0.0,0.0,8.0
0.0273972602739726,0.04141842036972175,0.5607892263034276,0.39779235332685053,10000,20,0.0,0.0,8.0
0.028767123287671233,0.03034038278799791,0.5329094267674543,0.4367501904445477,10000,20,0.0,0.0,8.0
0.030136986301369864,0.02259544699170576,0.503737579474625,0.47366697353366916,10000,20,0.0,0.0,8.0
0.031506849315068496,0.017115422771483105,0.47439103332600385,0.508493543902513,10000,20,0.0,0.0,8.0
0.03287671232876713,0.013185522597439485,0.44557000944632225,0.5412444679562383,10000,20,0.0,0.0,8.0
0.03424657534246575,0.010327433635730326,0.4176989007406264,0.5719736656236433,10000,20,0.0,0.0,8.0
0.03561643835616438,0.008219330212629052,0.391022256421031,0.60075841336634,10000,20,0.0,0.0,8.0
0.036986301369863014,0.006642778978256524,0.3656682659396977,0.6276889550820458,10000,20,0.0,0.0,8.0
0.038356164383561646,0.005447940332552709,0.3416902613609835,0.6528617983064637,10000,20,0.0,0.0,8.0
0.03972602739726028,0.004530825956043698,0.31909375940356405,0.6763754146403922,10000,20,0.0,0.0,8.0
0.0410958904109589,0.0038183907673378847,0.2978541020830658,0.6983275071495962,10000,20,0.0,0.0,8.0
0.04246575342465753,0.0032586964182215535,0.27792800215314994,0.7188133014286284,10000,20,0.0,0.0,8.0
0.043835616438356165,0.00281436468963765,0.25926112749624,0.7379245078141222,10000,20,0.0,0.0,8.0
0.045205479452054796,0.0024581772136442375,0.24179309765327064,0.755748725133085,10000,20,0.0,0.0,8.0
0.04657534246575343,0.0021700865128938883,0.2254607779843045,0.7723691355028015,10000,20,0.0,0.0,8.0
0.04794520547945205,0.0019351635959266877,0.21020044555950662,0.7878643908445666,10000,20,0.0,0.0,8.0
0.049315068493150684,0.0017421732353778234,0.195949201721864,0.8023086250427581,10000,20,0.0,0.0,8.0
0.050684931506849315,0.0015825742586040034,0.18264587824877768,0.8157715474926183,10000,20,0.0,0.0,8.0
0.052054794520547946,0.0014498106207044676,0.1702316011751449,0.8283185882041506,10000,20,0.0,0.0,8.0
0.05342465753424658,0.0013388034884077424,0.15865012225829644,0.8400110742532958,10000,20,0.0,0.0,8.0
0.0547945205479452,0.0012455836986427693,0.14784799245196048,0.8509064238493967,10000,20,0.0,0.0,8.0
0.056164383561643834,0.0011670232268973812,0.1377746280878292,0.8610583486852734,10000,20,0.0,0.0,8.0
0.057534246575342465,0.001100637168750434,0.12838230458647323,0.8705170582447763,10000,20,0.0,0.0,8.0
0.0589041095890411,0.0010444364130164686,0.11962610177135435,0.8793294618156292,10000,20,0.0,0.0,8.0
0.06027397260273973,0.0009968170888272022,0.11146381751889681,0.8875393653922761,10000,20,0.0,0.0,8.0
0.06164383561643836,0.0009564769245949215,0.10385586142120896,0.8951876616541962,10000,20,0.0,0.0,8.0
0.06301369863013699,0.0009223514683622262,0.09676513662731524,0.9023125119043226,10000,20,0.0,0.0,8.0
0.06438356164383562,0.0008935650856146414,0.09015691557314282,0.9089495193412426,10000,20,0.0,0.0,8.0
0.06575342465753425,0.000869393038149087,0.08399871358139825,0.9151318933804526,10000,20,0.0,0.0,8.0
0.06712328767123288,0.0008492319348244844,0.07826016308776707,0.9208906049774085,10000,20,0.0,0.0,8.0
0.0684931506849315,0.0008325765531947971,0.07291289037814941,0.9262545330686558,10000,20,0.0,0.0,8.0
0.06986301369863014,0.0008190015430407589,0.06793039609880804,0.9312506023581512,10000,20,0.0,0.0,8.0
0.07123287671232877,0.0008081468958398187,0.0632879403551725,0.9359039127489877,10000,20,0.0,0.0,8.0
0.0726027397260274,0.0007997063379833042,0.05896243289519923,0.9402378607668175,10000,20,0.0,0.0,8.0
0.07397260273972603,0.0007934180079081481,0.05493232864412871,0.9442742533479631,10000,20,0.0,0.0,8.0
0.07534246575342465,0.000789056927914939,0.051177528694026767,0.9480334143780582,10000,20,0.0,0.0,8.0
0.07671232876712329,0.0007864288942759995,0.04767928673567643,0.9515342843700475,10000,20,0.0,0.0,8.0
0.07808219178082192,0.0007853654943127611,0.04442012083926814,0.954794513666419,10000,20,0.0,0.0,8.0
0.07945205479452055,0.0007857200236664462,0.04138373043457746,0.957830549541756,10000,20,0.0,0.0,8.0
0.08082191780821918,0.000787364126247694,0.038554918304121,0.9606577175696311,10000,20,0.0,0.0,8.0
0.0821917808219178,0.0007901850171654755,0.03591951737916745,0.9632902976036669,10000,20,0.0,0.0,8.0
0.08356164383561644,0.0007940831781256068,0.03346432211480399,0.9657415947070702,10000,20,0.0,0.0,8.0
0.08493150684931507,0.0007989704374432538,0.031177024213817496,0.9680240053487391,10000,20,0.0,0.0,8.0
0.0863013698630137,0.0008047683644873818,0.029046152467952325,0.9701490791675601,10000,20,0.0,0.0,8.0
0.08767123287671233,0.0008114069222328237,0.027061016487668718,0.9721275765900983,10000,20,0.0,0.0,8.0
0.08904109589041095,0.0008188233325146019,0.025211654096741924,0.9739695225707433,10000,20,0.0,0.0,8.0
0.09041095890410959,0.0008269611172233225,0.023488782175094015,0.9756842567076826,10000,20,0.0,0.0,8.0
0.09178082191780822,0.0008357692855552147,0.02188375074152047,0.9772804799729242,10000,20,0.0,0.0,8.0
0.09315068493150686,0.0008452016429222166,0.020388500077008494,0.9787662982800692,10000,20,0.0,0.0,8.0
0.09452054794520548,0.0008552162015335167,0.018995520698804603,0.9801492630996618,10000,20,0.0,0.0,8.0
0.0958904109589041,0.0008657746762095911,0.017697816005022734,0.9814364093187675,10000,20,0.0,0.0,8.0
0.09726027397260274,0.0008768420518610458,0.01648886741921093,0.9826342905289279,10000,20,0.0,0.0,8.0
0.09863013698630137,0.0008883862113962162,0.015362601873778074,0.9837490119148256,10000,20,0.0,0.0,8.0
0.1,0.0009003776147220962,0.01431336148042935,0.9847862609048484,10000,20,0.0,0.0,8.0
0.10136986301369863,0.0009127890210581095,0.013335875244703931,0.9857513357342379,10000,20,0.0,0.0,8.0
0.10273972602739725,0.0009255952480588946,0.012425232690305224,0.9866491720616358,10000,20,0.0,0.0,8.0
0.10410958904109589,0.0009387729622940173,0.01157685926713763,0.9874843677705682,10000,20,0.0,0.0,8.0
0.10547945205479452,0.0009523004965018504,0.010786493424796739,0.9882612060787013,10000,20,0.0,0.0,8.0
0.10684931506849316,0.0009661576897556787,0.010050165240697613,0.9889836770695466,10000,20,0.0,0.0,8.0
0.10821917808219178,0.0009803257472795859,0.009364176499069322,0.989655497753651,10000,20,0.0,0.0,8.0
0.1095890410958904,0.0009947871171517493,0.008725082123698049,0.9902801307591501,10000,20,0.0,0.0,8.0
0.11095890410958904,0.0010095253815510534,0.008129672873577368,0.9908608017448715,10000,20,0.0,0.0,8.0
0.11232876712328767,0.0010245251605537457,0.007574959216533261,0.9914005156229129,10000,20,0.0,0.0,8.0
0.1136986301369863,0.0010397720267818474,0.007058156301448139,0.9919020716717699,10000,20,0.0,0.0,8.0
0.11506849315068493,0.0010552524294536471,0.00657666995492756,0.9923680776156187,10000,20,0.0,0.0,8.0
0.11643835616438357,0.0010709536265966625,0.006128083633150484,0.9928009627402528,10000,20,0.0,0.0,8.0
0.1178082191780822,0.0010868636243612701,0.005710146264235959,0.9932029901114027,10000,20,0.0,0.0,8.0
0.11917808219178082,0.0011029711225240785,0.005320760920760727,0.993576267956715,10000,20,0.0,0.0,8.0
0.12054794520547946,0.0011192654653983437,0.004957974266090402,0.9939227602685111,10000,20,0.0,0.0,8.0
0.12191780821917808,0.0011357365974779274,0.004619966721955921,0.994244296680566,10000,20,0.0,0.0,8.0
0.12328767123287672,0.0011523750232344302,0.004305043308232487,0.9945425816685329,10000,20,0.0,0.0,8.0
0.12465753424657534,0.0011691717705667015,0.004011625109174442,0.9948192031202587,10000,20,0.0,0.0,8.0
0.12602739726027398,0.0011861183574700049,0.003738241323439824,0.99507564031909,10000,20,0.0,0.0,8.0
0.1273972602739726,0.0012032067615504302,0.0034835218581166375,0.9953132713803328,10000,20,0.0,0.0,8.0
0.12876712328767123,0.0012204293920601778,0.0032461904296507632,0.9955333801782889,10000,20,0.0,0.0,8.0
0.13013698630136986,0.0012377790641722962,0.0030250581370856997,0.9957371627987418,10000,20,0.0,0.0,8.0
0.1315068493150685,0.0012552489752503929,0.0028190174753674117,0.995925733549382,10000,20,0.0,0.0,8.0
0.13287671232876713,0.0012728326829006206,0.0026270367586547373,0.9961001305584444,10000,20,0.0,0.0,8.0
0.13424657534246576,0.0012905240846206297,0.0024481549256165766,0.9962613209897625,10000,20,0.0,0.0,8.0
0.13561643835616438,0.0013083173988837672,0.0022814767006014195,0.9964102059005145,10000,20,0.0,0.0,8.0
0.136986301369863,0.001326207147517188,0.0021261680863409595,0.9965476247661416,10000,20,0.0,0.0,8.0
0.13835616438356166,0.001344188139250119,0.0019814521655064834,0.9966743596952431,10000,20,0.0,0.0,8.0
0.13972602739726028,0.0013622554543237207,0.0018466051899819326,0.9967911393556941,10000,20,0.0,0.0,8.0
0.1410958904109589,0.0013804044300671351,0.001720952938158397,0.9968986426317742,10000,20,0.0,0.0,8.0
0.14246575342465753,0.0013986306473556802,0.0016038673218984427,0.9969975020307456,10000,20,0.0,0.0,8.0
0.14383561643835616,0.001416929917877004,0.0014947632260711697,0.9970883068560515,10000,20,0.0,0.0,8.0
0.1452054794520548,0.0014352982721395494,0.0013930955647266888,0.9971716061631335,10000,20,0.0,0.0,8.0
0.14657534246575343,0.001453731948165084,0.001298356539067201,0.9972479115127675,10000,20,0.0,0.0,8.0
0.14794520547945206,0.0014722273808134812,0.0012100730833864177,0.9973176995357999,10000,20,0.0,0.0,8.0
0.14931506849315068,0.0014907811916935194,0.0011278044860947572,0.9973814143222115,10000,20,0.0,0.0,8.0
0.1506849315068493,0.0015093901796183258,0.0010511401738289717,0.9974394696465525,10000,20,0.0,0.0,8.0
0.15205479452054796,0.0015280513115683257,0.000979697647466198,0.9974922510409653,10000,20,0.0,0.0,8.0
0.15342465753424658,0.0015467617141282338,0.0009131205596277434,0.9975401177262438,10000,20,0.0,0.0,8.0
0.1547945205479452,0.0015655186653678586,0.000851076923971046,0.997583404410661,10000,20,0.0,0.0,8.0
0.15616438356164383,0.0015843195871392886,0.0007932574472327859,0.9976224229656278,10000,20,0.0,0.0,8.0
0.15753424657534246,0.0016031620377655036,0.0007393739756052068,0.9976574639866291,10000,20,0.0,0.0,8.0
0.1589041095890411,0.0016220437050976145,0.0006891580476045812,0.9976887982472976,10000,20,0.0,0.0,8.0
0.16027397260273973,0.0016409623999198333,0.000642359546128166,0.9977166780539518,10000,20,0.0,0.0,8.0
0.16164383561643836,0.0016599160496829567,0.0005987454428966625,0.9977413385074202,10000,20,0.0,0.0,8.0
0.16301369863013698,0.0016789026925486182,0.0005580986289456599,0.9977629986785055,10000,20,0.0,0.0,8.0
0.1643835616438356,0.0016979204717278847,0.0005202168252640271,0.9977818627030078,10000,20,0.0,0.0,8.0
0.16575342465753426,0.001716967630098936,0.0004849115680820134,0.9977981208018188,10000,20,0.0,0.0,8.0
0.16712328767123288,0.0017360425050896018,0.0004520072636888776,0.9978119502312213,10000,20,0.0,0.0,8.0
0.1684931506849315,0.0017551435238114745,0.00042134030801108493,0.9978235161681772,10000,20,0.0,0.0,8.0
0.16986301369863013,0.0017742691984331317,0.00039275826650930437,0.9978329725350573,10000,20,0.0,0.0,8.0
0.17123287671232876,0.0017934181217807775,0.0003661191102571645,0.9978404627679618,10000,20,0.0,0.0,8.0
0.1726027397260274,0.001812588963155282,0.0003412905043485974,0.9978461205324959,10000,20,0.0,0.0,8.0
0.17397260273972603,0.0018317804643552195,0.0003181491450449955,0.9978500703905996,10000,20,0.0,0.0,8.0
0.17534246575342466,0.0018509914358960816,0.0002965801423196619,0.997852428421784,10000,20,0.0,0.0,8.0
0.17671232876712328,0.00187022075341635,0.000276476444686426,0.997853302801897,10000,20,0.0,0.0,8.0
0.1780821917808219,0.0018894673542616,0.0002577383034129169,0.9978527943423252,10000,20,0.0,0.0,8.0
0.17945205479452056,0.0019087302342382449,0.00024027277341798057,0.9978509969923435,10000,20,0.0,0.0,8.0
0.18082191780821918,0.0019280084445289425,0.00022399324833804974,0.9978479983071327,10000,20,0.0,0.0,8.0
0.1821917808219178,0.0019473010887620724,0.00020881902741988042,0.9978438798838177,10000,20,0.0,0.0,8.0
0.18356164383561643,0.00196660732022804,0.00019467491205784072,0.9978387177677138,10000,20,0.0,0.0,8.0
0.18493150684931506,0.001985926339235508,0.0001814908299436536,0.9978325828308205,10000,20,0.0,0.0,8.0
0.1863013698630137,0.002005257390600974,0.0001692014849359503,0.9978255411244628,10000,20,0.0,0.0,8.0
0.18767123287671234,0.0020245997612653973,0.00015774603088686664,0.9978176542078474,10000,20,0.0,0.0,8.0
0.18904109589041096,0.0020439527780318784,0.00014706776778386794,0.9978089794541839,10000,20,0.0,0.0,8.0
0.19041095890410958,0.0020633158054186524,0.00013711385867765146,0.9977995703359034,10000,20,0.0,0.0,8.0
0.1917808219178082,0.0020826882436219057,0.00012783506597188605,0.9977894766904059,10000,20,0.0,0.0,8.0
0.19315068493150686,0.002102069526583189,0.00011918550574826887,0.9977787449676682,10000,20,0.0,0.0,8.0
0.19452054794520549,0.0021214591201564065,0.00011112241889138474,0.9977674184609518,10000,20,0.0,0.0,8.0
0.1958904109589041,0.002140856520369598,0.00010360595786260737,0.9977555375217675,10000,20,0.0,0.0,8.0
0.19726027397260273,0.0021602612517769414,9.65989880512254e-05,0.9977431397601715,10000,20,0.0,0.0,8.0
0.19863013698630136,0.0021796728658965915,9.006690270448741e-05,0.9977302602313985,10000,20,0.0,0.0,8.0
0.2,0.002199090939730185,8.397745050673315e-05,0.9977169316097627,10000,20,0.0,0.0,8.0
0.20136986301369864,0.002218515074360009,7.830057494154654e-05,0.997703184350698,10000,20,0.0,0.0,8.0
0.20273972602739726,0.0022379448936200247,7.300826463025349e-05,0.9976890468417493,10000,20,0.0,0.0,8.0
0.20410958904109588,0.002257380042837092,6.807441389540489e-05,0.9976745455432671,10000,20,0.0,0.0,8.0
0.2054794520547945,0.00227682018763892,6.347469284939597e-05,0.9976597051195113,10000,20,0.0,0.0,8.0
0.20684931506849316,0.002296265012825418,5.918642635635467e-05,0.9976445485608179,10000,20,0.0,0.0,8.0
0.20821917808219179,0.002315714221300269,5.5188481260116625e-05,0.9976290972974392,10000,20,0.0,0.0,8.0
0.2095890410958904,0.0023351675330597114,5.146116131272071e-05,0.9976133713056271,10000,20,0.0,0.0,8.0
0.21095890410958903,0.0023546246842356226,4.7986109276623446e-05,0.9975973892064873,10000,20,0.0,0.0,8.0
0.21232876712328766,0.002374085426190163,4.4746215709928653e-05,0.9975811683580995,10000,20,0.0,0.0,8.0
0.2136986301369863,0.0023935495246593494,4.1725533977554025e-05,0.9975647249413627,10000,20,0.0,0.0,8.0
0.21506849315068494,0.0024130167589430495,3.890920106257229e-05,0.997548074039994,10000,20,0.0,0.0,8.0
0.21643835616438356,0.0024324869211390238,3.628336378113073e-05,0.9975312297150795,10000,20,0.0,0.0,8.0
0.21780821917808219,0.002451959815418728,3.3835110031521137e-05,0.9975142050745494,10000,20,0.0,0.0,8.0
0.2191780821917808,0.0024714352573427193,3.155240473327226e-05,0.9974970123379236,10000,20,0.0,0.0,8.0
0.22054794520547946,0.002490913073213607,2.9424030135705002e-05,0.9974796628966504,10000,20,0.0,0.0,8.0
0.2219178082191781,0.0025103930994645795,2.743953019734021e-05,0.9974621673703378,10000,20,0.0,0.0,8.0
0.2232876712328767,0.0025298751820816497,2.5589158757992885e-05,0.99744453565916,10000,20,0.0,0.0,8.0
0.22465753424657534,0.002549359176057838,2.3863831244430583e-05,0.9974267769926974,10000,20,0.0,0.0,8.0
0.226027397260274,0.0025688449448776074,2.2255079668208895e-05,0.9974088999754539,10000,20,0.0,0.0,8.0
0.2273972602739726,0.0025883323600299417,2.0755010690818677e-05,0.9973909126292789,10000,20,0.0,0.0,8.0
0.22876712328767124,0.0026078213005485537,1.9356266546666567e-05,0.9973728224329045,10000,20,0.0,0.0,8.0
0.23013698630136986,0.0026273116525777586,1.8051988628744676e-05,0.9973546363587932,10000,20,0.0,0.0,8.0
0.23150684931506849,0.0026468033089626472,1.683578355519477e-05,0.9973363609074818,10000,20,0.0,0.0,8.0
0.23287671232876714,0.0026662961688622504,1.5701691547408616e-05,0.99731800213959,10000,20,0.0,0.0,8.0
0.23424657534246576,0.0026857901373844484,1.4644156961889525e-05,0.9972995657056533,10000,20,0.0,0.0,8.0
0.2356164383561644,0.0027052851252414565,1.3658000828889483e-05,0.9972810568739292,10000,20,0.0,0.0,8.0
0.236986301369863,0.0027247810484247632,1.273839526088757e-05,0.997262480556314,10000,20,0.0,0.0,8.0
0.23835616438356164,0.002744277827898462,1.1880839603336611e-05,0.9972438413324978,10000,20,0.0,0.0,8.0
0.2397260273972603,0.0027637753893099736,1.108113820882631e-05,0.9972251434724808,10000,20,0.0,0.0,8.0
0.2410958904109589,0.0027832736627172046,1.0335379723934556e-05,0.9972063909575585,10000,20,0.0,0.0,8.0
0.24246575342465754,0.00280277258233124,9.639917785605571e-06,0.9971875874998828,10000,20,0.0,0.0,8.0
0.24383561643835616,0.0028222720862737115,8.991353030943262e-06,0.9971687365606949,10000,20,0.0,0.0,8.0
0.2452054794520548,0.0028417721163480334,8.3865163308741e-06,0.9971498413673207,10000,20,0.0,0.0,8.0
0.24657534246575344,0.002861272617823735,7.822453164251291e-06,0.9971309049290116,10000,20,0.0,0.0,8.0
0.24794520547945206,0.0028807735392331617,7.29640905467029e-06,0.9971119300517117,10000,20,0.0,0.0,8.0
0.2493150684931507,0.002900274832179862,6.805815997573995e-06,0.9970929193518221,10000,20,0.0,0.0,8.0
0.25068493150684934,0.002919776451157999,6.348279810171488e-06,0.9970738752690314,10000,20,0.0,0.0,8.0
0.25205479452054796,0.002939278353382175,5.9215683413007725e-06,0.9970548000782761,10000,20,0.0,0.0,8.0
0.2534246575342466,0.002958780498627084,5.5236004826577226e-06,0.9970356959008898,10000,20,0.0,0.0,8.0
0.2547945205479452,0.002978282849076438,5.152435926811904e-06,0.9970165647149963,10000,20,0.0,0.0,8.0
0.25616438356164384,0.0029977853691806494,4.806265621154388e-06,0.9969974083651978,10000,20,0.0,0.0,8.0
0.25753424657534246,0.003017288025522765,4.483402870392934e-06,0.9969782285716065,10000,20,0.0,0.0,8.0
0.2589041095890411,0.0030367907866921963,4.18227504344271e-06,0.996959026938264,10000,20,0.0,0.0,8.0
0.2602739726027397,0.0030562936231657957,3.901415843572533e-06,0.9969398049609902,10000,20,0.0,0.0,8.0
0.26164383561643834,0.003075796507195864,3.639458103472611e-06,0.9969205640347002,10000,20,0.0,0.0,8.0
0.263013698630137,0.0030952994127046948,3.3951270695239794e-06,0.9969013054602253,10000,20,0.0,0.0,8.0
0.26438356164383564,0.00311480231518528,3.167234141985442e-06,0.9968820304506723,10000,20,0.0,0.0,8.0
0.26575342465753427,0.003134305191607832,2.954671040082851e-06,0.9968627401373517,10000,20,0.0,0.0,8.0
0.2671232876712329,0.003153808020331777,2.756404363100037e-06,0.9968434355753047,10000,20,0.0,0.0,8.0
0.2684931506849315,0.0031733107810229164,2.571470520540142e-06,0.9968241177484561,10000,20,0.0,0.0,8.0
0.26986301369863014,0.0031928134545754537,2.3989710062615637e-06,0.9968047875744179,10000,20,0.0,0.0,8.0
0.27123287671232876,0.003212316023038609,2.2380679932025735e-06,0.9967854459089678,10000,20,0.0,0.0,8.0
0.2726027397260274,0.0032318184695475545,2.0879802269018874e-06,0.9967660935502252,10000,20,0.0,0.0,8.0
0.273972602739726,0.003251320778258424,1.9479791975068896e-06,0.9967467312425436,10000,20,0.0,0.0,8.0
0.27534246575342464,0.0032708229342871577,1.8173855713443403e-06,0.996727359680141,10000,20,0.0,0.0,8.0
0.2767123287671233,0.003290324923651963,1.6955658644171124e-06,0.9967079795104832,10000,20,0.0,0.0,8.0
0.27808219178082194,0.0033098267332191764,1.5819293413913399e-06,0.996688591337439,10000,20,0.0,0.0,8.0
0.27945205479452057,0.0033293283506523382,1.4759251247571268e-06,0.9966691957242225,10000,20,0.0,0.0,8.0
0.2808219178082192,0.0033488297643642817,1.3770394998886878e-06,0.9966497931961354,10000,20,0.0,0.0,8.0
0.2821917808219178,0.0033683309634720674,1.2847934027010656e-06,0.9966303842431249,10000,20,0.0,0.0,8.0
0.28356164383561644,0.003387831937754598,1.1987400775058683e-06,0.9966109693221675,10000,20,0.0,0.0,8.0
0.28493150684931506,0.0034073326776127497,1.1184628935119176e-06,0.9965915488594934,10000,20,0.0,0.0,8.0
0.2863013698630137,0.003426833174031882,1.0435733092026765e-06,0.9965721232526585,10000,20,0.0,0.0,8.0
0.2876712328767123,0.003446333418546579,9.737089745547217e-07,0.9965526928724785,10000,20,0.0,0.0,8.0
0.28904109589041094,0.003465833403207495,9.085319617440162e-07,0.9965332580648304,10000,20,0.0,0.0,8.0
0.2904109589041096,0.0034853331205501794,8.477271156227057e-07,0.9965138191523338,10000,20,0.0,0.0,8.0
0.29178082191780824,0.0035048325635657625,7.910005158418267e-07,0.996494376435918,10000,20,0.0,0.0,8.0
0.29315068493150687,0.003524331725673402,7.380780430475346e-07,0.9964749301962832,10000,20,0.0,0.0,8.0
0.2945205479452055,0.0035438306006943705,6.887040420932007e-07,0.9964554806952631,10000,20,0.0,0.0,8.0
0.2958904109589041,0.0035633291828277014,6.426400756892424e-07,0.9964360281770962,10000,20,0.0,0.0,8.0
0.29726027397260274,0.003582827466627292,5.996637623595513e-07,0.9964165728696099,10000,20,0.0,0.0,8.0
0.29863013698630136,0.003602325446980384,5.595676929898837e-07,0.9963971149853262,10000,20,0.0,0.0,8.0
0.3,0.003621823119087334,5.221584206417393e-07,0.9963776547224916,10000,20,0.0,0.0,8.0
0.3013698630136986,0.0036413204784426006,4.872555186670001e-07,0.9963581922660383,10000,20,0.0,0.0,8.0
0.30273972602739724,0.003660817520816878,4.546907024957257e-07,0.9963387277884802,10000,20,0.0,0.0,8.0
0.3041095890410959,0.0036803142422403034,4.2430701078368433e-07,0.9963192614507485,10000,20,0.0,0.0,8.0
0.30547945205479454,0.0036998106389866717,3.959580418990191e-07,0.9962997934029709,10000,20,0.0,0.0,8.0
0.30684931506849317,0.0037193067075586136,3.6950724200031666e-07,0.9962803237851989,10000,20,0.0,0.0,8.0
0.3082191780821918,0.0037388024446736562,3.448272412127194e-07,0.9962608527280846,10000,20,0.0,0.0,8.0
0.3095890410958904,0.0037582978472511324,3.2179923464571694e-07,0.9962413803535137,10000,20,0.0,0.0,8.0
0.31095890410958904,0.0037777929123998777,3.0031240521719853e-07,0.9962219067751944,10000,20,0.0,0.0,8.0
0.31232876712328766,0.0037972876374066746,2.802633854542415e-07,0.9962024320992073,10000,20,0.0,0.0,8.0
0.3136986301369863,0.003816782019725392,2.615557556330163e-07,0.9961829564245185,10000,20,0.0,0.0,8.0
0.3150684931506849,0.0038362760569667855,2.4409957579905384e-07,0.9961634798434569,10000,20,0.0,0.0,8.0
0.31643835616438354,0.0038557697468889146,2.2781094937582802e-07,0.9961440024421612,10000,20,0.0,0.0,8.0
0.3178082191780822,0.003875263087388141,2.1261161622499006e-07,0.9961245243009951,10000,20,0.0,0.0,8.0
0.31917808219178084,0.0038947560764906702,1.984285731664213e-07,0.9961050454949356,10000,20,0.0,0.0,8.0
0.32054794520547947,0.003914248712344614,1.8519372010124887e-07,0.9960855660939347,10000,20,0.0,0.0,8.0
0.3219178082191781,0.003933740993212526,1.728435300068129e-07,0.9960660861632569,10000,20,0.0,0.0,8.0
0.3232876712328767,0.003953232917464397,1.6131874118983107e-07,0.9960466057637938,10000,20,0.0,0.0,8.0
0.32465753424657534,0.003972724483571074,1.5056407029333655e-07,0.996027124952358,10000,20,0.0,0.0,8.0
0.32602739726027397,0.00399221569009808,1.4052794465485706e-07,0.9960076437819566,10000,20,0.0,0.0,8.0
0.3273972602739726,0.004011706535699809,1.3116225270828385e-07,0.9959881623020468,10000,20,0.0,0.0,8.0
0.3287671232876712,0.004031197019114077,1.2242211121041428e-07,0.995968680558774,10000,20,0.0,0.0,8.0
0.33013698630136984,0.0040506871391570035,1.1426564815567991e-07,0.995949198595194,10000,20,0.0,0.0,8.0
0.3315068493150685,0.004070176894718205,1.0665380031949991e-07,0.9959297164514807,10000,20,0.0,0.0,8.0
0.33287671232876714,0.004089666284756279,9.955012444241345e-08,0.9959102341651185,10000,20,0.0,0.0,8.0
0.33424657534246577,0.004109155308294573,9.292062113398513e-08,0.9958907517710835,10000,20,0.0,0.0,8.0
0.3356164383561644,0.004128643964417199,8.673357063780321e-08,0.9958712693020114,10000,20,0.0,0.0,8.0
0.336986301369863,0.004148132252265305,8.09593796569687e-08,0.9958517867883543,10000,20,0.0,0.0,8.0
0.33835616438356164,0.0041676201710335575,7.557043849363186e-08,0.9958323042585272,10000,20,0.0,0.0,8.0
0.33972602739726027,0.00418710771996686,7.054098780661177e-08,0.9958128217390446,10000,20,0.0,0.0,8.0
0.3410958904109589,0.004206594898357253,6.584699433819478e-08,0.9957933392546477,10000,20,0.0,0.0,8.0
0.3424657534246575,0.0042260817055410176,6.146603500507956e-08,0.9957738568284233,10000,20,0.0,0.0,8.0
0.34383561643835614,0.004245568140895946,5.737718878933525e-08,0.9957543744819146,10000,20,0.0,0.0,8.0
0.3452054794520548,0.0042650542038387895,5.356093590336788e-08,0.9957348922352247,10000,20,0.0,0.0,8.0
0.34657534246575344,0.004284539893822852,4.9999063738437586e-08,0.9957154101071128,10000,20,0.0,0.0,8.0
0.34794520547945207,0.004304025210335741,4.6674579139405094e-08,0.9956959281150846,10000,20,0.0,0.0,8.0
0.3493150684931507,0.004323510152897251,4.357162657928651e-08,0.9956764462754756,10000,20,0.0,0.0,8.0
0.3506849315068493,0.004342994721057377,4.0675411835994004e-08,0.9956569646035301,10000,20,0.0,0.0,8.0
0.35205479452054794,0.004362478914394452,3.797213080049717e-08,0.9956374831134741,10000,20,0.0,0.0,8.0
0.35342465753424657,0.004381962732513397,3.5448903070675484e-08,0.9956180018185828,10000,20,0.0,0.0,8.0
0.3547945205479452,0.00440144617504408,3.309371000847495e-08,0.9955985207312452,10000,20,0.0,0.0,8.0
0.3561643835616438,0.0044209292416397756,3.089533695974509e-08,0.9955790398630225,10000,20,0.0,0.0,8.0
0.3575342465753425,0.004440411931975719,2.8843319356423538e-08,0.9955595592247042,10000,20,0.0,0.0,8.0
0.3589041095890411,0.004459894245747747,2.692789243965435e-08,0.9955400788263591,10000,20,0.0,0.0,8.0
0.36027397260273974,0.004479376182671026,2.513994436006371e-08,0.9955205986773839,10000,20,0.0,0.0,8.0
0.36164383561643837,0.004498857742478859,2.347097242786607e-08,0.9955011187865479,10000,20,0.0,0.0,8.0
0.363013698630137,0.004518338924921559,2.1913042300805215e-08,0.9954816391620354,10000,20,0.0,0.0,8.0
0.3643835616438356,0.004537819729765401,2.0458749912234676e-08,0.9954621598114839,10000,20,0.0,0.0,8.0
0.36575342465753424,0.004557300156791632,1.910118595497284e-08,0.9954426807420216,10000,20,0.0,0.0,8.0
0.36712328767123287,0.0045767802057955454,1.7833902748998947e-08,0.9954232019603009,10000,20,0.0,0.0,8.0
0.3684931506849315,0.004596259876585611,1.6650883332647044e-08,0.9954037234725303,10000,20,0.0,0.0,8.0
0.3698630136986301,0.004615739168982657,1.55465126277627e-08,0.9953842452845039,10000,20,0.0,0.0,8.0
0.3712328767123288,0.00463521808281911,1.4515550539365123e-08,0.9953647674016295,10000,20,0.0,0.0,8.0
0.3726027397260274,0.004654696617938269,1.3553106859754709e-08,0.995345289828954,10000,20,0.0,0.0,8.0
0.37397260273972605,0.004674174774193638,1.2654617855767874e-08,0.9953258125711876,10000,20,0.0,0.0,8.0
0.37534246575342467,0.00469365255144829,1.1815824426053494e-08,0.9953063356327263,10000,20,0.0,0.0,8.0
0.3767123287671233,0.004713129949574275,1.103275172286323e-08,0.995286859017673,10000,20,0.0,0.0,8.0
0.3780821917808219,0.004732606968452063,1.0301690139954085e-08,0.9952673827298568,10000,20,0.0,0.0,8.0
0.37945205479452054,0.0047520836079700205,9.61917757482696e-09,0.9952479067728515,10000,20,0.0,0.0,8.0
0.38082191780821917,0.004771559868023923,8.981982879703559e-09,0.9952284311499923,10000,20,0.0,0.0,8.0
0.3821917808219178,0.004791035748516493,8.387090421405861e-09,0.9952089558643922,10000,20,0.0,0.0,8.0
0.3835616438356164,0.004810511249356971,7.831685675675451e-09,0.9951894809189564,10000,20,0.0,0.0,8.0
0.3849315068493151,0.0048299863704607095,7.313141786480751e-09,0.9951700063163966,10000,20,0.0,0.0,8.0
0.3863013698630137,0.004849461111748792,6.82900702553317e-09,0.9951505320592433,10000,20,0.0,0.0,8.0
0.38767123287671235,0.0048689354731476795,6.376993091590592e-09,0.9951310581498584,10000,20,0.0,0.0,8.0
0.38904109589041097,0.004888409454588877,5.954964193191312e-09,0.995111584590446,10000,20,0.0,0.0,8.0
0.3904109589041096,0.004907883056008617,5.560926862250941e-09,0.9950921113830636,10000,20,0.0,0.0,8.0
0.3917808219178082,0.004927356277347569,5.1930204494898865e-09,0.9950726385296311,10000,20,0.0,0.0,8.0
0.39315068493150684,0.004946829118550563,4.849508255955367e-09,0.9950531660319403,10000,20,0.0,0.0,8.0
0.39452054794520547,0.0049663015795663274,4.528769257976347e-09,0.9950336938916635,10000,20,0.0,0.0,8.0
0.3958904109589041,0.0049857736603472515,4.229290385757069e-09,0.9950142221103615,10000,20,0.0,0.0,8.0
0.3972602739726027,0.005005245360849155,3.949659318489058e-09,0.9949947506894906,10000,20,0.0,0.0,8.0
0.3986301369863014,0.005024716681031078,3.688557761355542e-09,0.9949752796304102,10000,20,0.0,0.0,8.0
0.4,0.0050441876208550725,3.444755172128509e-09,0.9949558089343888,10000,20,0.0,0.0,8.0
0.40136986301369865,0.005063658180286025,3.217102907227915e-09,0.9949363386026101,10000,20,0.0,0.0,8.0
0.40273972602739727,0.005083128359291475,3.0045287591365145e-09,0.9949168686361788,10000,20,0.0,0.0,8.0
0.4041095890410959,0.00510259815784145,2.806031858950706e-09,0.9948973990361257,10000,20,0.0,0.0,8.0
0.4054794520547945,0.005122067575908311,2.6206779196083924e-09,0.9948779298034128,10000,20,0.0,0.0,8.0
0.40684931506849314,0.005141536613466609,2.4475947969766595e-09,0.9948584609389377,10000,20,0.0,0.0,8.0
0.40821917808219177,0.005161005270492945,2.2859683475135625e-09,0.9948389924435378,10000,20,0.0,0.0,8.0
0.4095890410958904,0.0051804735469658456,2.135038562646736e-09,0.9948195243179947,10000,20,0.0,0.0,8.0
0.410958904109589,0.005199941442865642,1.9940959613439486e-09,0.9948000565630375,10000,20,0.0,0.0,8.0
0.4123287671232877,0.0052194089581743585,1.8624782235935008e-09,0.9947805891793465,10000,20,0.0,0.0,8.0
0.4136986301369863,0.005238876092875603,1.7395670486716434e-09,0.9947611221675564,10000,20,0.0,0.0,8.0
0.41506849315068495,0.005258342846954474,1.6247852231554121e-09,0.9947416555282593,10000,20,0.0,0.0,8.0
0.41643835616438357,0.005277809220397463,1.517593884648088e-09,0.9947221892620077,10000,20,0.0,0.0,8.0
0.4178082191780822,0.005297275213192372,1.4174899681251843e-09,0.9947027233693168,10000,20,0.0,0.0,8.0
0.4191780821917808,0.00531674082532823,1.3240038226866107e-09,0.994683257850667,10000,20,0.0,0.0,8.0
0.42054794520547945,0.005336206056795212,1.2366969873193222e-09,0.9946637927065068,10000,20,0.0,0.0,8.0
0.42191780821917807,0.005355670907584576,1.1551601150384603e-09,0.9946443279372543,10000,20,0.0,0.0,8.0
0.4232876712328767,0.005375135377688588,1.0790110354874074e-09,0.9946248635432994,10000,20,0.0,0.0,8.0
0.4246575342465753,0.005394599467100465,1.0078929467417416e-09,0.9946053995250056,10000,20,0.0,0.0,8.0
0.426027397260274,0.005414063175814311,9.414727276820369e-10,0.9945859358827119,10000,20,0.0,0.0,8.0
0.4273972602739726,0.005433526503825063,8.794393628788055e-10,0.9945664726167346,10000,20,0.0,0.0,8.0
0.42876712328767125,0.005452989451128442,8.215024724723472e-10,0.9945470097273681,10000,20,0.0,0.0,8.0
0.4301369863013699,0.0054724520177208994,7.673909400336772e-10,0.9945275472148871,10000,20,0.0,0.0,8.0
0.4315068493150685,0.005491914203599574,7.168516318621562e-10,0.9945080850795478,10000,20,0.0,0.0,8.0
0.4328767123287671,0.005511376008762251,6.696482016135439e-10,0.9944886233215886,10000,20,0.0,0.0,8.0
0.43424657534246575,0.005530837433207316,6.255599745608422e-10,0.9944691619412318,10000,20,0.0,0.0,8.0
0.43561643835616437,0.005550298476933723,5.843809061715482e-10,0.9944497009386845,10000,20,0.0,0.0,8.0
0.436986301369863,0.005569759139940957,5.459186100406258e-10,0.9944302403141395,10000,20,0.0,0.0,8.0
0.4383561643835616,0.005589219422229,5.09993450550345e-10,0.9944107800677766,10000,20,0.0,0.0,8.0
0.4397260273972603,0.0056086793237983025,4.764376959377306e-10,0.9943913201997631,10000,20,0.0,0.0,8.0
0.4410958904109589,0.005628138844649749,4.4509472773921735e-10,0.9943718607102546,10000,20,0.0,0.0,8.0
0.44246575342465755,0.005647597984784637,4.15818302851563e-10,0.9943524015993962,10000,20,0.0,0.0,8.0
0.4438356164383562,0.005667056744204648,3.88471864699554e-10,0.9943329428673227,10000,20,0.0,0.0,8.0
0.4452054794520548,0.005686515122911824,3.6292790023556916e-10,0.9943134845141595,10000,20,0.0,0.0,8.0
0.4465753424657534,0.005705973120908543,3.390673397149711e-10,0.9942940265400233,10000,20,0.0,0.0,8.0
0.44794520547945205,0.005725430738197504,3.167789963954959e-10,0.9942745689450226,10000,20,0.0,0.0,8.0
0.44931506849315067,0.0057448879747817,2.9595904349935133e-10,0.9942551117292584,10000,20,0.0,0.0,8.0
0.4506849315068493,0.005764344830664405,2.765105259545113e-10,0.9942356548928242,10000,20,0.0,0.0,8.0
0.452054794520548,0.0057838013058491506,2.583429045975751e-10,0.994216198435807,10000,20,0.0,0.0,8.0
0.4534246575342466,0.005803257400339715,2.4137163067533795e-10,0.9941967423582877,10000,20,0.0,0.0,8.0
0.4547945205479452,0.005822713114140107,2.2551774862662233e-10,0.9941772866603412,10000,20,0.0,0.0,8.0
0.45616438356164385,0.005842168447254549,2.107075252606986e-10,0.994157831342037,10000,20,0.0,0.0,8.0
0.4575342465753425,0.005861623399687466,1.9687210357433602e-10,0.9941383764034395,10000,20,0.0,0.0,8.0
0.4589041095890411,0.005881077971443471,1.8394717956686695e-10,0.9941189218446084,10000,20,0.0,0.0,8.0
0.4602739726027397,0.005900532162527356,1.7187270052212284e-10,0.994099467665599,10000,20,0.0,0.0,8.0
0.46164383561643835,0.005919985972944078,1.6059258332825873e-10,0.9940800138664624,10000,20,0.0,0.0,8.0
0.46301369863013697,0.005939439402698749,1.5005445150181114e-10,0.9940605604472459,10000,20,0.0,0.0,8.0
0.4643835616438356,0.005958892451796628,1.402093896712897e-10,0.9940411074079931,10000,20,0.0,0.0,8.0
0.4657534246575343,0.005978345120243113,1.3101171435861006e-10,0.9940216547487443,10000,20,0.0,0.0,8.0
0.4671232876712329,0.005997797408043725,1.22418759974141e-10,0.9940022024695366,10000,20,0.0,0.0,8.0
0.4684931506849315,0.00601724931520411,1.1439067901341453e-10,0.9939827505704043,10000,20,0.0,0.0,8.0
0.46986301369863015,0.006036700841730025,1.0689025551101706e-10,0.9939632990513788,10000,20,0.0,0.0,8.0
0.4712328767123288,0.006056151987627333,9.988273087011579e-11,0.993943847912489,10000,20,0.0,0.0,8.0
0.4726027397260274,0.006075602752901997,9.333564124482708e-11,0.9939243971537615,10000,20,0.0,0.0,8.0
0.473972602739726,0.0060950531375600706,8.721866570745279e-11,0.9939049467752203,10000,20,0.0,0.0,8.0
0.47534246575342465,0.0061145031416076955,8.150348448377213e-11,0.9938854967768879,10000,20,0.0,0.0,8.0
0.4767123287671233,0.006133952765051096,7.61636465873221e-11,0.9938660471587843,10000,20,0.0,0.0,8.0
0.4780821917808219,0.006153402007896572,7.117444622815834e-11,0.9938465979209281,10000,20,0.0,0.0,8.0
0.4794520547945206,0.006172850870150496,6.651280741317242e-11,0.9938271490633358,10000,20,0.0,0.0,8.0
0.4808219178082192,0.006192299351819304,6.215717619385282e-11,0.9938077005860226,10000,20,0.0,0.0,8.0
0.4821917808219178,0.0062117474529095,5.8087420053593026e-11,0.9937882524890022,10000,20,0.0,0.0,8.0
0.48356164383561645,0.006231195173427645,5.428473396046091e-11,0.9937688047722867,10000,20,0.0,0.0,8.0
0.4849315068493151,0.0062506425133803546,5.073155264288598e-11,0.9937493574358871,10000,20,0.0,0.0,8.0
0.4863013698630137,0.0062700894727742975,4.741146867517059e-11,0.9937299104798133,10000,20,0.0,0.0,8.0
0.4876712328767123,0.006289536051616191,4.430915598721144e-11,0.9937104639040737,10000,20,0.0,0.0,8.0
0.48904109589041095,0.0063089822499127965,4.141029843846777e-11,0.993691017708676,10000,20,0.0,0.0,8.0
0.4904109589041096,0.00632842806767092,3.8701523120152184e-11,0.9936715718936266,10000,20,0.0,0.0,8.0
0.4917808219178082,0.0063478735048974055,3.6170338071964614e-11,0.9936521264589313,10000,20,0.0,0.0,8.0
0.4931506849315069,0.006367318561599137,3.3805074120544815e-11,0.9936326814045948,10000,20,0.0,0.0,8.0
0.4945205479452055,0.006386763237783031,3.1594830566285353e-11,0.9936132367306212,10000,20,0.0,0.0,8.0
0.4958904109589041,0.0064062075334560395,2.9529424463313765e-11,0.9935937924370136,10000,20,0.0,0.0,8.0
0.49726027397260275,0.006425651448625142,2.7599343254414787e-11,0.9935743485237746,10000,20,0.0,0.0,8.0
0.4986301369863014,0.006445094983297352,2.5795700538489322e-11,0.993554904990906,10000,20,0.0,0.0,8.0
0.5,0.006464538137479704,2.4110194762924156e-11,0.9935354618384092,10000,20,0.0,0.0,8.0
0.5013698630136987,0.006483980911179264,2.253507064703717e-11,0.9935160190662848,10000,20,0.0,0.0,8.0
0.5027397260273972,0.006503423304403116,2.1063083155636852e-11,0.993496576674533,10000,20,0.0,0.0,8.0
0.5041095890410959,0.006522865317158373,1.9687463853749765e-11,0.9934771346631533,10000,20,0.0,0.0,8.0
0.5054794520547945,0.0065423069494521605,1.8401889484790408e-11,0.9934576930321452,10000,20,0.0,0.0,8.0
0.5068493150684932,0.006561748201291632,1.7200452624912692e-11,0.9934382517815071,10000,20,0.0,0.0,8.0
0.5082191780821917,0.006581189072683953,1.6077634276063046e-11,0.9934188109112376,10000,20,0.0,0.0,8.0
0.5095890410958904,0.0066006295636363115,1.502827826937225e-11,0.9933993704213346,10000,20,0.0,0.0,8.0
0.510958904109589,0.006620069674155906,1.4047567359046595e-11,0.9933799303117957,10000,20,0.0,0.0,8.0
0.5123287671232877,0.006639509404249955,1.3131000894863685e-11,0.9933604905826182,10000,20,0.0,0.0,8.0
0.5136986301369864,0.006658948753925688,1.2274373968805798e-11,0.9933410512337991,10000,20,0.0,0.0,8.0
0.5150684931506849,0.006678387723190348,1.1473757938287806e-11,0.9933216122653351,10000,20,0.0,0.0,8.0
0.5164383561643836,0.006697826312051194,1.0725482234907729e-11,0.9933021736772225,10000,20,0.0,0.0,8.0
0.5178082191780822,0.0067172645205154915,1.0026117373685991e-11,0.9932827354694576,10000,20,0.0,0.0,8.0
0.5191780821917809,0.006736702348590522,9.372459083394477e-12,0.9932632976420361,10000,20,0.0,0.0,8.0
0.5205479452054794,0.00675613979628357,8.7615134838425e-12,0.993243860194954,10000,20,0.0,0.0,8.0
0.5219178082191781,0.006775576863601938,8.190483240896151e-12,0.9932244231282067,10000,20,0.0,0.0,8.0
0.5232876712328767,0.006795013550552932,7.656754634597724e-12,0.9932049864417895,10000,20,0.0,0.0,8.0
0.5246575342465754,0.006814449857143869,7.157885480030808e-12,0.9931855501356974,10000,20,0.0,0.0,8.0
0.526027397260274,0.0068338857833820715,6.691593844577478e-12,0.9931661142099255,10000,20,0.0,0.0,8.0
0.5273972602739726,0.006853321329274869,6.255747508943901e-12,0.9931466786644686,10000,20,0.0,0.0,8.0
0.5287671232876713,0.006872756494829603,5.848354122816999e-12,0.9931272434993212,10000,20,0.0,0.0,8.0
0.5301369863013699,0.0068921912800536155,5.467552009268028e-12,0.993107808714478,10000,20,0.0,0.0,8.0
0.5315068493150685,0.0069116256849542585,5.1116015750553915e-12,0.9930883743099334,10000,20,0.0,0.0,8.0
0.5328767123287671,0.006931059709538885,4.778877286816878e-12,0.9930689402856815,10000,20,0.0,0.0,8.0
0.5342465753424658,0.00695049335381486,4.467860175787422e-12,0.9930495066417165,10000,20,0.0,0.0,8.0
0.5356164383561643,0.0069699266177895465,4.177130836152719e-12,0.9930300733780326,10000,20,0.0,0.0,8.0
0.536986301369863,0.006989359501470318,3.905362884455534e-12,0.9930106404946236,10000,20,0.0,0.0,8.0
0.5383561643835616,0.007008792004864547,3.651316849628563e-12,0.9929912079914834,10000,20,0.0,0.0,8.0
0.5397260273972603,0.007028224127979616,3.4138344652385106e-12,0.9929717758686059,10000,20,0.0,0.0,8.0
0.541095890410959,0.007047655870822906,3.191833337406554e-12,0.9929523441259845,10000,20,0.0,0.0,8.0
0.5424657534246575,0.007067087233401802,2.9843019636235985e-12,0.9929329127636132,10000,20,0.0,0.0,8.0
0.5438356164383562,0.007086518215723698,2.7902950793177664e-12,0.9929134817814853,10000,20,0.0,0.0,8.0
0.5452054794520548,0.007105948817795982,2.608929310561156e-12,0.9928940511795944,10000,20,0.0,0.0,8.0
0.5465753424657535,0.007125379039626054,2.439379112730732e-12,0.9928746209579339,10000,20,0.0,0.0,8.0
0.547945205479452,0.0071448088812213085,2.280872976272869e-12,0.9928551911164971,10000,20,0.0,0.0,8.0
0.5493150684931507,0.0071642383425891505,2.132689881965549e-12,0.9928357616552774,10000,20,0.0,0.0,8.0
0.5506849315068493,0.00718366742373698,1.9941559892361085e-12,0.9928163325742682,10000,20,0.0,0.0,8.0
0.552054794520548,0.007203096124672206,1.8646415421775538e-12,0.9927969038734624,10000,20,0.0,0.0,8.0
0.5534246575342466,0.0072225244454022335,1.7435579789213765e-12,0.9927774755528535,10000,20,0.0,0.0,8.0
0.5547945205479452,0.007241952385934471,1.6303552309710937e-12,0.9927580476124345,10000,20,0.0,0.0,8.0
0.5561643835616439,0.007261379946276334,1.5245191999855082e-12,0.9927386200521985,10000,20,0.0,0.0,8.0
0.5575342465753425,0.0072808071264352315,1.4255694003264346e-12,0.9927191928721385,10000,20,0.0,0.0,8.0
0.5589041095890411,0.0073002339264185805,1.3330567564565394e-12,0.9926997660722476,10000,20,0.0,0.0,8.0
0.5602739726027397,0.007319660346233795,1.2465615449936052e-12,0.9926803396525189,10000,20,0.0,0.0,8.0
0.5616438356164384,0.007339086385888293,1.1656914718995646e-12,0.9926609136129453,10000,20,0.0,0.0,8.0
0.563013698630137,0.007358512045389493,1.0900798759112344e-12,0.9926414879535197,10000,20,0.0,0.0,8.0
0.5643835616438356,0.0073779373247448155,1.0193840499057797e-12,0.992622062674235,10000,20,0.0,0.0,8.0
0.5657534246575342,0.007397362223961679,9.532836724421607e-13,0.9926026377750843,10000,20,0.0,0.0,8.0
0.5671232876712329,0.00741678674304751,8.914793422310028e-13,0.9925832132560602,10000,20,0.0,0.0,8.0
0.5684931506849316,0.007436210882009727,8.336912087634843e-13,0.9925637891171558,10000,20,0.0,0.0,8.0
0.5698630136986301,0.007455634640855754,7.796576927757342e-13,0.9925443653583638,10000,20,0.0,0.0,8.0
0.5712328767123288,0.007475058019593017,7.291342906421756e-13,0.992524941979677,10000,20,0.0,0.0,8.0
0.5726027397260274,0.007494481018228939,6.81892457180434e-13,0.9925055189810883,10000,20,0.0,0.0,8.0
0.5739726027397261,0.007513903636770949,6.377185617138064e-13,0.9924860963625904,10000,20,0.0,0.0,8.0
0.5753424657534246,0.00753332587522647,5.964129125770204e-13,0.9924666741241762,10000,20,0.0,0.0,8.0
0.5767123287671233,0.007552747733602932,5.577888455678625e-13,0.9924472522658384,10000,20,0.0,0.0,8.0
0.5780821917808219,0.00757216921190776,5.216718721436533e-13,0.9924278307875697,10000,20,0.0,0.0,8.0
0.5794520547945206,0.007591590310148384,4.878988834379453e-13,0.9924084096893628,10000,20,0.0,0.0,8.0
0.5808219178082192,0.007611011028332232,4.563174064313859e-13,0.9923889889712105,10000,20,0.0,0.0,8.0
0.5821917808219178,0.007630431366466732,4.2678490885183313e-13,0.9923695686331055,10000,20,0.0,0.0,8.0
0.5835616438356165,0.007649851324559315,3.9916814960431847e-13,0.9923501486750406,10000,20,0.0,0.0,8.0
0.584931506849315,0.0076692709026174085,3.733425717419724e-13,0.9923307290970083,10000,20,0.0,0.0,8.0
0.5863013698630137,0.007688690100648445,3.4919173518559463e-13,0.9923113098990014,10000,20,0.0,0.0,8.0
0.5876712328767123,0.007708108918659852,3.2660678658336304e-13,0.9922918910810126,10000,20,0.0,0.0,8.0
0.589041095890411,0.007727527356659063,3.0548596387360695e-13,0.9922724726430345,10000,20,0.0,0.0,8.0
0.5904109589041096,0.007746945414653506,2.85734133273966e-13,0.9922530545850599,10000,20,0.0,0.0,8.0
0.5917808219178082,0.007766363092650615,2.672623565698316e-13,0.9922336369070812,10000,20,0.0,0.0,8.0
0.5931506849315068,0.007785780390657818,2.499874867149185e-13,0.9922142196090913,10000,20,0.0,0.0,8.0
0.5945205479452055,0.00780519730868255,2.3383178988732943e-13,0.9921948026910827,10000,20,0.0,0.0,8.0
0.5958904109589042,0.007824613846732241,2.187225922665899e-13,0.9921753861530481,10000,20,0.0,0.0,8.0
0.5972602739726027,0.00784403000481432,2.045919499110287e-13,0.9921559699949801,10000,20,0.0,0.0,8.0
0.5986301369863014,0.007863445782936221,1.9137634022140555e-13,0.9921365542168714,10000,20,0.0,0.0,8.0
0.6,0.007882861181105377,1.7901637357614348e-13,0.9921171388187147,10000,20,0.0,0.0,8.0
0.6013698630136987,0.00790227619932922,1.6745652381640286e-13,0.9920977238005024,10000,20,0.0,0.0,8.0
0.6027397260273972,0.007921690837615179,1.5664487634609184e-13,0.9920783091622273,10000,20,0.0,0.0,8.0
0.6041095890410959,0.007941105095970688,1.4653289269292993e-13,0.9920588949038819,10000,20,0.0,0.0,8.0
0.6054794520547945,0.00796051897440318,1.370751904524933e-13,0.9920394810254588,10000,20,0.0,0.0,8.0
0.6068493150684932,0.007979932472920085,1.2822933760787866e-13,0.9920200675269507,10000,20,0.0,0.0,8.0
0.6082191780821918,0.007999345591528838,1.1995566028378727e-13,0.9920006544083503,10000,20,0.0,0.0,8.0
0.6095890410958904,0.008018758330236868,1.1221706305554719e-13,0.99198124166965,10000,20,0.0,0.0,8.0
0.6109589041095891,0.008038170689051612,1.0497886099132194e-13,0.9919618293108424,10000,20,0.0,0.0,8.0
0.6123287671232877,0.008057582667980496,9.820862265965626e-14,0.9919424173319203,10000,20,0.0,0.0,8.0
0.6136986301369863,0.008076994267030957,9.187602338485218e-14,0.9919230057328762,10000,20,0.0,0.0,8.0
0.6150684931506849,0.008096405486210424,8.595270807975437e-14,0.9919035945137026,10000,20,0.0,0.0,8.0
0.6164383561643836,0.008115816325526331,8.041216302944672e-14,0.9918841836743922,10000,20,0.0,0.0,8.0
0.6178082191780822,0.008135226784986108,7.52295960404678e-14,0.9918647732149376,10000,20,0.0,0.0,8.0
0.6191780821917808,0.00815463686459719,7.038182440849323e-14,0.9918453631353313,10000,20,0.0,0.0,8.0
0.6205479452054795,0.008174046564367009,6.584717019331369e-14,0.991825953435566,10000,20,0.0,0.0,8.0
0.6219178082191781,0.008193455884302992,6.160536232340952e-14,0.9918065441156343,10000,20,0.0,0.0,8.0
0.6232876712328768,0.008212864824412577,5.763744508373522e-14,0.9917871351755286,10000,20,0.0,0.0,8.0
0.6246575342465753,0.008232273384703191,5.392569256956712e-14,0.9917677266152417,10000,20,0.0,0.0,8.0
0.626027397260274,0.00825168156518227,5.045352871657871e-14,0.9917483184347661,10000,20,0.0,0.0,8.0
0.6273972602739726,0.008271089365857241,4.720545254285455e-14,0.9917289106340943,10000,20,0.0,0.0,8.0
0.6287671232876713,0.00829049678673554,4.416696826238744e-14,0.991709503213219,10000,20,0.0,0.0,8.0
0.6301369863013698,0.008309903827824594,4.132451995190984e-14,0.9916900961721329,10000,20,0.0,0.0,8.0
0.6315068493150685,0.008329310489131839,3.866543047371858e-14,0.9916706895108283,10000,20,0.0,0.0,8.0
0.6328767123287671,0.008348716770664703,3.6177844376627585e-14,0.9916512832292979,10000,20,0.0,0.0,8.0
0.6342465753424658,0.008368122672430619,3.3850674515350745e-14,0.9916318773275342,10000,20,0.0,0.0,8.0
0.6356164383561644,0.008387528194437017,3.1673552145621884e-14,0.99161247180553,10000,20,0.0,0.0,8.0
0.636986301369863,0.008406933336691328,2.9636780268222906e-14,0.9915930666632777,10000,20,0.0,0.0,8.0
0.6383561643835617,0.008426338099200983,2.7731290009934447e-14,0.99157366190077,10000,20,0.0,0.0,8.0
0.6397260273972603,0.008445742481973412,2.5948599843285267e-14,0.9915542575179994,10000,20,0.0,0.0,8.0
0.6410958904109589,0.008465146485016048,2.4280777459925813e-14,0.9915348535149584,10000,20,0.0,0.0,8.0
0.6424657534246575,0.00848455010833632,2.2720404124565576e-14,0.9915154498916396,10000,20,0.0,0.0,8.0
0.6438356164383562,0.008503953351941658,2.126054134771679e-14,0.9914960466480358,10000,20,0.0,0.0,8.0
0.6452054794520548,0.008523356215839491,1.9894699726067278e-14,0.9914766437841394,10000,20,0.0,0.0,8.0
0.6465753424657534,0.008542758700037255,1.861680980917569e-14,0.9914572412999428,10000,20,0.0,0.0,8.0
0.6479452054794521,0.008562160804542375,1.7421194860422068e-14,0.9914378391954389,10000,20,0.0,0.0,8.0
0.6493150684931507,0.00858156252936228,1.630254538876739e-14,0.9914184374706202,10000,20,0.0,0.0,8.0
0.6506849315068494,0.008600963874504404,1.5255895335942504e-14,0.9913990361254791,10000,20,0.0,0.0,8.0
0.6520547945205479,0.008620364839976172,1.427659981122112e-14,0.9913796351600083,10000,20,0.0,0.0,8.0
0.6534246575342466,0.008639765425785019,1.3360314272970242e-14,0.9913602345742003,10000,20,0.0,0.0,8.0
0.6547945205479452,0.00865916563193837,1.250297506275702e-14,0.9913408343680478,10000,20,0.0,0.0,8.0
0.6561643835616439,0.008678565458443657,1.1700781203936136e-14,0.9913214345415433,10000,20,0.0,0.0,8.0
0.6575342465753424,0.008697964905308306,1.0950177382394661e-14,0.9913020350946794,10000,20,0.0,0.0,8.0
0.6589041095890411,0.00871736397253975,1.0247838032498633e-14,0.9912826360274487,10000,20,0.0,0.0,8.0
0.6602739726027397,0.008736762660145414,9.590652456310625e-15,0.9912632373398437,10000,20,0.0,0.0,8.0
0.6616438356164384,0.008756160968132731,8.975710908835795e-15,0.991243839031857,10000,20,0.0,0.0,8.0
0.663013698630137,0.008775558896509127,8.400291586443288e-15,0.9912244411034812,10000,20,0.0,0.0,8.0
0.6643835616438356,0.00879495644528203,7.861848459705503e-15,0.9912050435547088,10000,20,0.0,0.0,8.0
0.6657534246575343,0.008814353614458871,7.3579998957308e-15,0.9911856463855325,10000,20,0.0,0.0,8.0
0.6671232876712329,0.008833750404047075,6.886518018645581e-15,0.9911662495959448,10000,20,0.0,0.0,8.0
0.6684931506849315,0.008853146814054073,6.445318760226989e-15,0.9911468531859382,10000,20,0.0,0.0,8.0
0.6698630136986301,0.008872542844487291,6.032452555817837e-15,0.9911274571555054,10000,20,0.0,0.0,8.0
0.6712328767123288,0.00889193849535416,5.646095643576644e-15,0.9911080615046389,10000,20,0.0,0.0,8.0
0.6726027397260274,0.008911333766662104,5.28454192785083e-15,0.9910886662333314,10000,20,0.0,0.0,8.0
0.673972602739726,0.008930728658418553,4.946195370013284e-15,0.9910692713415753,10000,20,0.0,0.0,8.0
0.6753424657534247,0.008950123170630934,4.629562872492149e-15,0.9910498768293632,10000,20,0.0,0.0,8.0
0.6767123287671233,0.008969517303306671,4.33324762395368e-15,0.9910304826966877,10000,20,0.0,0.0,8.0
0.678082191780822,0.008988911056453197,4.0559428756852185e-15,0.9910110889435414,10000,20,0.0,0.0,8.0
0.6794520547945205,0.009008304430077933,3.796426121175145e-15,0.990991695569917,10000,20,0.0,0.0,8.0
0.6808219178082192,0.00902769742418831,3.5535536527086214e-15,0.9909723025758068,10000,20,0.0,0.0,8.0
0.6821917808219178,0.009047090038791753,3.326255470503038e-15,0.9909529099612036,10000,20,0.0,0.0,8.0
0.6835616438356165,0.009066482273895692,3.113530521498379e-15,0.9909335177260998,10000,20,0.0,0.0,8.0
0.684931506849315,0.009085874129507548,2.9144422464078766e-15,0.9909141258704882,10000,20,0.0,0.0,8.0
0.6863013698630137,0.009105265605634752,2.7281144150248125e-15,0.9908947343943612,10000,20,0.0,0.0,8.0
0.6876712328767123,0.009124656702284725,2.553727231083495e-15,0.9908753432977113,10000,20,0.0,0.0,8.0
0.689041095890411,0.0091440474194649,2.3905136891875612e-15,0.9908559525805313,10000,20,0.0,0.0,8.0
0.6904109589041096,0.009163437757182697,2.237756167456686e-15,0.9908365622428136,10000,20,0.0,0.0,8.0
0.6917808219178082,0.009182827715445542,2.094783240604765e-15,0.9908171722845509,10000,20,0.0,0.0,8.0
0.6931506849315069,0.009202217294260866,1.9609666991567982e-15,0.9907977827057357,10000,20,0.0,0.0,8.0
0.6945205479452055,0.009221606493636089,1.8357187614404628e-15,0.9907783935063607,10000,20,0.0,0.0,8.0
0.6958904109589041,0.009240995313578639,1.7184894658564021e-15,0.9907590046864182,10000,20,0.0,0.0,8.0
0.6972602739726027,0.009260383754095939,1.6087642317436492e-15,0.990739616245901,10000,20,0.0,0.0,8.0
0.6986301369863014,0.009279771815195417,1.5060615779149215e-15,0.9907202281848017,10000,20,0.0,0.0,8.0
0.7,0.009299159496884495,1.4099309886466882e-15,0.9907008405031127,10000,20,0.0,0.0,8.0
0.7013698630136986,0.009318546799170602,1.3199509175716813e-15,0.9906814532008267,10000,20,0.0,0.0,8.0
0.7027397260273973,0.009337933722061159,1.2357269205422508e-15,0.9906620662779362,10000,20,0.0,0.0,8.0
0.7041095890410959,0.009357320265563589,1.1568899091123283e-15,0.9906426797344339,10000,20,0.0,0.0,8.0
0.7054794520547946,0.00937670642968532,1.0830945168281561e-15,0.9906232935703122,10000,20,0.0,0.0,8.0
0.7068493150684931,0.009396092214433775,1.014017571024737e-15,0.9906039077855638,10000,20,0.0,0.0,8.0
0.7082191780821918,0.009415477619816377,9.49356663298625e-16,0.9905845223801814,10000,20,0.0,0.0,8.0
0.7095890410958904,0.00943486264584055,8.8882881227107e-16,0.9905651373541572,10000,20,0.0,0.0,8.0
0.7109589041095891,0.00945424729251372,8.32169212669401e-16,0.9905457527074841,10000,20,0.0,0.0,8.0
0.7123287671232876,0.009473631559843309,7.791300651422045e-16,0.9905263684401546,10000,20,0.0,0.0,8.0
0.7136986301369863,0.00949301544783674,7.29479481585655e-16,0.9905069845521612,10000,20,0.0,0.0,8.0
0.715068493150685,0.009512398956501439,6.830004610972645e-16,0.9904876010434965,10000,20,0.0,0.0,8.0
0.7164383561643836,0.009531782085844823,6.394899319896552e-16,0.9904682179141532,10000,20,0.0,0.0,8.0
0.7178082191780822,0.009551164835874322,5.9875785559315e-16,0.9904488351641237,10000,20,0.0,0.0,8.0
0.7191780821917808,0.009570547206597354,5.606263878527538e-16,0.9904294527934008,10000,20,0.0,0.0,8.0
0.7205479452054795,0.009589929198021346,5.249290949838018e-16,0.9904100708019768,10000,20,0.0,0.0,8.0
0.7219178082191781,0.009609310810153716,4.915102196927507e-16,0.9903906891898445,10000,20,0.0,0.0,8.0
0.7232876712328767,0.009628692043001891,4.602239946956821e-16,0.9903713079569963,10000,20,0.0,0.0,8.0
0.7246575342465753,0.00964807289657329,4.3093400047888566e-16,0.990351927103425,10000,20,0.0,0.0,8.0
0.726027397260274,0.009667453370875337,4.0351256444358037e-16,0.990332546629123,10000,20,0.0,0.0,8.0
0.7273972602739726,0.009686833465915451,3.778401987620272e-16,0.9903131665340829,10000,20,0.0,0.0,8.0
0.7287671232876712,0.009706213181701059,3.538050744451508e-16,0.9902937868182973,10000,20,0.0,0.0,8.0
0.7301369863013699,0.009725592518239578,3.313025292837301e-16,0.9902744074817588,10000,20,0.0,0.0,8.0
0.7315068493150685,0.009744971475538431,3.102346074763915e-16,0.9902550285244599,10000,20,0.0,0.0,8.0
0.7328767123287672,0.009764350053605042,2.9050962889920567e-16,0.9902356499463933,10000,20,0.0,0.0,8.0
0.7342465753424657,0.009783728252446828,2.7204178610398885e-16,0.9902162717475516,10000,20,0.0,0.0,8.0
0.7356164383561644,0.009803106072071213,2.547507672560865e-16,0.9901968939279272,10000,20,0.0,0.0,8.0
0.736986301369863,0.009822483512485616,2.385614033382194e-16,0.9901775164875128,10000,20,0.0,0.0,8.0
0.7383561643835617,0.009841860573697462,2.23403338055084e-16,0.990158139426301,10000,20,0.0,0.0,8.0
0.7397260273972602,0.009861237255714167,2.0921071897468878e-16,0.9901387627442844,10000,20,0.0,0.0,8.0
0.7410958904109589,0.009880613558543154,1.9592190853696292e-16,0.9901193864414554,10000,20,0.0,0.0,8.0
0.7424657534246576,0.009899989482191843,1.8347921364875966e-16,0.9901000105178067,10000,20,0.0,0.0,8.0
0.7438356164383562,0.009919365026667654,1.718286326670851e-16,0.9900806349733309,10000,20,0.0,0.0,8.0
0.7452054794520548,0.009938740191978008,1.6091961864983875e-16,0.9900612598080205,10000,20,0.0,0.0,8.0
0.7465753424657534,0.009958114978130322,1.5070485782574712e-16,0.9900418850218682,10000,20,0.0,0.0,8.0
0.7479452054794521,0.009977489385132021,1.411400623028539e-16,0.9900225106148665,10000,20,0.0,0.0,8.0
0.7493150684931507,0.009996863412990518,1.3218377609830907e-16,0.990003136587008,10000,20,0.0,0.0,8.0
0.7506849315068493,0.01001623706171324,1.237971936313749e-16,0.9899837629382853,10000,20,0.0,0.0,8.0
0.7520547945205479,0.0100356103313076,1.159439898770146e-16,0.9899643896686909,10000,20,0.0,0.0,8.0
0.7534246575342466,0.010054983221781022,1.0859016142919358e-16,0.9899450167782176,10000,20,0.0,0.0,8.0
0.7547945205479452,0.010074355733140921,1.0170387777152756e-16,0.9899256442668577,10000,20,0.0,0.0,8.0
0.7561643835616438,0.010093727865394721,9.525534209819507e-17,0.9899062721346039,10000,20,0.0,0.0,8.0
0.7575342465753425,0.010113099618549838,8.921666107046398e-17,0.9898869003814488,10000,20,0.0,0.0,8.0
0.7589041095890411,0.010132470992613688,8.356172293380095e-17,0.989867529007385,10000,20,0.0,0.0,8.0
0.7602739726027398,0.010151841987593694,7.826608345764158e-17,0.989848158012405,10000,20,0.0,0.0,8.0
0.7616438356164383,0.010171212603497272,7.330685919458724e-17,0.9898287873965014,10000,20,0.0,0.0,8.0
0.763013698630137,0.010190582840331842,6.866262758822808e-17,0.9898094171596669,10000,20,0.0,0.0,8.0
0.7643835616438356,0.01020995269810482,6.431333348916716e-17,0.9897900473018939,10000,20,0.0,0.0,8.0
0.7657534246575343,0.010229322176823626,6.024020166718471e-17,0.9897706778231751,10000,20,0.0,0.0,8.0
0.7671232876712328,0.010248691276495674,5.642565493406223e-17,0.989751308723503,10000,20,0.0,0.0,8.0
0.7684931506849315,0.010268059997128386,5.285323751640343e-17,0.9897319400028703,10000,20,0.0,0.0,8.0
0.7698630136986302,0.01028742833872918,4.950754334104679e-17,0.9897125716612696,10000,20,0.0,0.0,8.0
0.7712328767123288,0.010306796301305468,4.637414891738157e-17,0.9896932036986933,10000,20,0.0,0.0,8.0
0.7726027397260274,0.010326163884864672,4.3439550521223293e-17,0.989673836115134,10000,20,0.0,0.0,8.0
0.773972602739726,0.010345531089414207,4.0691105403922754e-17,0.9896544689105845,10000,20,0.0,0.0,8.0
0.7753424657534247,0.010364897914961492,3.811697676816659e-17,0.9896351020850372,10000,20,0.0,0.0,8.0
0.7767123287671233,0.010384264361513941,3.5706082268584777e-17,0.9896157356384848,10000,20,0.0,0.0,8.0
0.7780821917808219,0.010403630429078973,3.3448045810835767e-17,0.9895963695709198,10000,20,0.0,0.0,8.0
0.7794520547945205,0.010422996117664002,3.1333152437419216e-17,0.9895770038823347,10000,20,0.0,0.0,8.0
0.7808219178082192,0.010442361427276448,2.93523061020793e-17,0.9895576385727223,10000,20,0.0,0.0,8.0
0.7821917808219178,0.010461726357923723,2.7496990147420634e-17,0.989538273642075,10000,20,0.0,0.0,8.0
0.7835616438356164,0.010481090909613248,2.5759230312272736e-17,0.9895189090903855,10000,20,0.0,0.0,8.0
0.7849315068493151,0.010500455082352434,2.4131560106505565e-17,0.9894995449176464,10000,20,0.0,0.0,8.0
0.7863013698630137,0.010519818876148699,2.260698840142684e-17,0.9894801811238501,10000,20,0.0,0.0,8.0
0.7876712328767124,0.010539182291009459,2.1178969093661818e-17,0.9894608177089893,10000,20,0.0,0.0,8.0
0.7890410958904109,0.010558545326942129,1.984137270955056e-17,0.9894414546730567,10000,20,0.0,0.0,8.0
0.7904109589041096,0.010577907983954124,1.8588459825640272e-17,0.9894220920160447,10000,20,0.0,0.0,8.0
0.7917808219178082,0.01059727026205286,1.7414856188852664e-17,0.989402729737946,10000,20,0.0,0.0,8.0
0.7931506849315069,0.010616632161245752,1.631552942738005e-17,0.989383367838753,10000,20,0.0,0.0,8.0
0.7945205479452054,0.010635993681540213,1.5285767250369754e-17,0.9893640063184586,10000,20,0.0,0.0,8.0
0.7958904109589041,0.010655354822943662,1.4321157040998348e-17,0.9893446451770551,10000,20,0.0,0.0,8.0
0.7972602739726028,0.01067471558546351,1.3417566753669906e-17,0.9893252844145353,10000,20,0.0,0.0,8.0
0.7986301369863014,0.010694075969107172,1.2571127031799801e-17,0.9893059240308916,10000,20,0.0,0.0,8.0
0.8,0.010713435973882064,1.1778214468012121e-17,0.9892865640261167,10000,20,0.0,0.0,8.0
0.8013698630136986,0.010732795599795597,1.1035435933596664e-17,0.9892672044002032,10000,20,0.0,0.0,8.0
0.8027397260273973,0.010752154846855188,1.0339613908764592e-17,0.9892478451531437,10000,20,0.0,0.0,8.0
0.8041095890410959,0.01077151371506825,9.687772749638786e-18,0.9892284862849307,10000,20,0.0,0.0,8.0
0.8054794520547945,0.010790872204442198,9.077125832021719e-18,0.9892091277955567,10000,20,0.0,0.0,8.0
0.8068493150684931,0.010810230314984442,8.505063515833765e-18,0.9891897696850145,10000,20,0.0,0.0,8.0
0.8082191780821918,0.0108295880467024,7.969141877710363e-18,0.9891704119532966,10000,20,0.0,0.0,8.0
0.8095890410958905,0.010848945399603483,7.467072162617345e-18,0.9891510546003955,10000,20,0.0,0.0,8.0
0.810958904109589,0.010868302373695102,6.996710908492116e-18,0.9891316976263039,10000,20,0.0,0.0,8.0
0.8123287671232877,0.010887658968984675,6.556050700868756e-18,0.9891123410310143,10000,20,0.0,0.0,8.0
0.8136986301369863,0.01090701518547961,6.1432115172040205e-18,0.9890929848145193,10000,20,0.0,0.0,8.0
0.815068493150685,0.010926371023187323,5.7564326232018795e-18,0.9890736289768116,10000,20,0.0,0.0,8.0
0.8164383561643835,0.010945726482115224,5.3940649858522224e-18,0.9890542735178837,10000,20,0.0,0.0,8.0
0.8178082191780822,0.010965081562270728,5.054564170158021e-18,0.9890349184377282,10000,20,0.0,0.0,8.0
0.8191780821917808,0.010984436263661246,4.73648368864294e-18,0.9890155637363377,10000,20,0.0,0.0,8.0
0.8205479452054795,0.011003790586294191,4.438468774709217e-18,0.9889962094137048,10000,20,0.0,0.0,8.0
0.821917808219178,0.011023144530176974,4.1592505527701594e-18,0.9889768554698221,10000,20,0.0,0.0,8.0
0.8232876712328767,0.011042498095317007,3.897640579813611e-18,0.988957501904682,10000,20,0.0,0.0,8.0
0.8246575342465754,0.011061851281721703,3.652525734676843e-18,0.9889381487182773,10000,20,0.0,0.0,8.0
0.826027397260274,0.01108120408939847,3.4228634328303372e-18,0.9889187959106006,10000,20,0.0,0.0,8.0
0.8273972602739726,0.011100556518354725,3.2076771458897075e-18,0.9888994434816444,10000,20,0.0,0.0,8.0
0.8287671232876712,0.011119908568597873,3.006052206404722e-18,0.9888800914314012,10000,20,0.0,0.0,8.0
0.8301369863013699,0.011139260240135332,2.81713187971828e-18,0.9888607397598638,10000,20,0.0,0.0,8.0
0.8315068493150685,0.011158611532974507,2.6401136858538758e-18,0.9888413884670246,10000,20,0.0,0.0,8.0
0.8328767123287671,0.011177962447122812,2.474245955479032e-18,0.9888220375528763,10000,20,0.0,0.0,8.0
0.8342465753424657,0.011197312982587656,2.318824605013341e-18,0.9888026870174115,10000,20,0.0,0.0,8.0
0.8356164383561644,0.011216663139376453,2.1731901169035374e-18,0.9887833368606227,10000,20,0.0,0.0,8.0
0.8369863013698631,0.01123601291749661,2.0367247119824703e-18,0.9887639870825026,10000,20,0.0,0.0,8.0
0.8383561643835616,0.011255362316955538,1.9088497016643825e-18,0.9887446376830437,10000,20,0.0,0.0,8.0
0.8397260273972603,0.011274711337760647,1.789023008512106e-18,0.9887252886622385,10000,20,0.0,0.0,8.0
0.8410958904109589,0.011294059979919347,1.6767368444442923e-18,0.9887059400200798,10000,20,0.0,0.0,8.0
0.8424657534246576,0.01131340824343905,1.571515536536129e-18,0.9886865917565602,10000,20,0.0,0.0,8.0
0.8438356164383561,0.011332756128327163,1.4729134910092803e-18,0.988667243871672,10000,20,0.0,0.0,8.0
0.8452054794520548,0.011352103634591097,1.3805132866068678e-18,0.9886478963654081,10000,20,0.0,0.0,8.0
0.8465753424657534,0.01137145076223826,1.2939238891120722e-18,0.9886285492377609,10000,20,0.0,0.0,8.0
0.8479452054794521,0.011390797511276063,1.2127789792946273e-18,0.9886092024887231,10000,20,0.0,0.0,8.0
0.8493150684931506,0.011410143881711913,1.1367353870625254e-18,0.9885898561182872,10000,20,0.0,0.0,8.0
0.8506849315068493,0.01142948987355322,1.0654716250568044e-18,0.9885705101264459,10000,20,0.0,0.0,8.0
0.852054794520548,0.011448835486807394,9.986865153592576e-19,0.9885511645131917,10000,20,0.0,0.0,8.0
0.8534246575342466,0.011468180721481841,9.360979033864656e-19,0.9885318192785173,10000,20,0.0,0.0,8.0
0.8547945205479452,0.011487525577583974,8.774414534218748e-19,0.9885124744224152,10000,20,0.0,0.0,8.0
0.8561643835616438,0.011506870055121196,8.224695205915339e-19,0.9884931299448779,10000,20,0.0,0.0,8.0
0.8575342465753425,0.01152621415410092,7.709500944202263e-19,0.9884737858458982,10000,20,0.0,0.0,8.0
0.8589041095890411,0.01154555787453055,7.226658094151127e-19,0.9884544421254685,10000,20,0.0,0.0,8.0
0.8602739726027397,0.011564901216417497,6.774130184139939e-19,0.9884350987835816,10000,20,0.0,0.0,8.0
0.8616438356164383,0.011584244179769167,6.350009247073253e-19,0.9884157558202299,10000,20,0.0,0.0,8.0
0.863013698630137,0.01160358676459297,5.952507691972199e-19,0.9883964132354061,10000,20,0.0,0.0,8.0
0.8643835616438357,0.01162292897089631,5.57995069095048e-19,0.9883770710291027,10000,20,0.0,0.0,8.0
0.8657534246575342,0.011642270798686597,5.230769048819459e-19,0.9883577292013124,10000,20,0.0,0.0,8.0
0.8671232876712329,0.011661612247971239,4.90349252465351e-19,0.9883383877520278,10000,20,0.0,0.0,8.0
0.8684931506849315,0.01168095331875764,4.596743576600196e-19,0.9883190466812414,10000,20,0.0,0.0,8.0
0.8698630136986302,0.011700294011053209,4.3092315030476694e-19,0.9882997059889458,10000,20,0.0,0.0,8.0
0.8712328767123287,0.011719634324865351,4.039746954975263e-19,0.9882803656751337,10000,20,0.0,0.0,8.0
0.8726027397260274,0.011738974260201476,3.787156795914386e-19,0.9882610257397976,10000,20,0.0,0.0,8.0
0.873972602739726,0.011758313817068987,3.5503992874488805e-19,0.9882416861829301,10000,20,0.0,0.0,8.0
0.8753424657534247,0.011777652995475292,3.3284795795873016e-19,0.9882223470045237,10000,20,0.0,0.0,8.0
0.8767123287671232,0.011796991795427796,3.120465486656079e-19,0.9882030082045712,10000,20,0.0,0.0,8.0
0.8780821917808219,0.011816330216933908,2.9254835305924954e-19,0.988183669783065,10000,20,0.0,0.0,8.0
0.8794520547945206,0.011835668260001032,2.7427152346703344e-19,0.988164331739998,10000,20,0.0,0.0,8.0
0.8808219178082192,0.011855005924636572,2.5713936517692634e-19,0.9881449940753624,10000,20,0.0,0.0,8.0
0.8821917808219178,0.011874343210847937,2.4108001123100804e-19,0.988125656789151,10000,20,0.0,0.0,8.0
0.8835616438356164,0.01189368011864253,2.2602611779238827e-19,0.9881063198813564,10000,20,0.0,0.0,8.0
0.8849315068493151,0.011913016648027758,2.1191457878084929e-19,0.9880869833519712,10000,20,0.0,0.0,8.0
0.8863013698630137,0.011932352799011024,1.986862585555488e-19,0.9880676472009879,10000,20,0.0,0.0,8.0
0.8876712328767123,0.011951688571599737,1.8628574150068222e-19,0.9880483114283992,10000,20,0.0,0.0,8.0
0.8890410958904109,0.011971023965801297,1.746610974427781e-19,0.9880289760341977,10000,20,0.0,0.0,8.0
0.8904109589041096,0.011990358981623114,1.637636618962958e-19,0.9880096410183759,10000,20,0.0,0.0,8.0
0.8917808219178083,0.012009693619072588,1.5354783019799429e-19,0.9879903063809263,10000,20,0.0,0.0,8.0
0.8931506849315068,0.012029027878157125,1.4397086465015865e-19,0.9879709721218418,10000,20,0.0,0.0,8.0
0.8945205479452055,0.01204836175888413,1.3499271384868294e-19,0.9879516382411148,10000,20,0.0,0.0,8.0
0.8958904109589041,0.012067695261261006,1.2657584342432155e-19,0.9879323047387378,10000,20,0.0,0.0,8.0
0.8972602739726028,0.012087028385295158,1.1868507747438654e-19,0.9879129716147037,10000,20,0.0,0.0,8.0
0.8986301369863013,0.01210636113099399,1.1128745000808078e-19,0.9878936388690048,10000,20,0.0,0.0,8.0
0.9,0.012125693498364907,1.0435206577156602e-19,0.9878743065016339,10000,20,0.0,0.0,8.0
0.9013698630136986,0.012145025487415308,9.78499698591287e-20,0.9878549745125835,10000,20,0.0,0.0,8.0
0.9027397260273973,0.012164357098152601,9.175402555442906e-20,0.9878356429018462,10000,20,0.0,0.0,8.0
0.904109589041096,0.01218368833058419,8.603879988112434e-20,0.9878163116694146,10000,20,0.0,0.0,8.0
0.9054794520547945,0.012203019184717473,8.068045637515051e-20,0.9877969808152813,10000,20,0.0,0.0,8.0
0.9068493150684932,0.012222349660559857,7.565665462189309e-20,0.987777650339439,10000,20,0.0,0.0,8.0
0.9082191780821918,0.012241679758118743,7.09464561304354e-20,0.9877583202418802,10000,20,0.0,0.0,8.0
0.9095890410958904,0.012261009477401537,6.653023614417808e-20,0.9877389905225974,10000,20,0.0,0.0,8.0
0.910958904109589,0.012280338818415637,6.238960101254372e-20,0.9877196611815833,10000,20,0.0,0.0,8.0
0.9123287671232877,0.01229966778116845,5.850731077223847e-20,0.9877003322188305,10000,20,0.0,0.0,8.0
0.9136986301369863,0.012318996365667374,5.486720660883847e-20,0.9876810036343315,10000,20,0.0,0.0,8.0
0.915068493150685,0.012338324571919815,5.1454142890304824e-20,0.9876616754280791,10000,20,0.0,0.0,8.0
0.9164383561643835,0.012357652399933172,4.825392348358476e-20,0.9876423476000658,10000,20,0.0,0.0,8.0
0.9178082191780822,0.012376979849714849,4.5253242083730357e-20,0.987623020150284,10000,20,0.0,0.0,8.0
0.9191780821917809,0.012396306921272247,4.2439626302116196e-20,0.9876036930787266,10000,20,0.0,0.0,8.0
0.9205479452054794,0.012415633614612766,3.9801385276366284e-20,0.9875843663853862,10000,20,0.0,0.0,8.0
0.9219178082191781,0.01243495992974381,3.732756057963681e-20,0.9875650400702551,10000,20,0.0,0.0,8.0
0.9232876712328767,0.012454285866672778,3.500788022097289e-20,0.9875457141333261,10000,20,0.0,0.0,8.0
0.9246575342465754,0.012473611425407073,3.28327155416307e-20,0.9875263885745919,10000,20,0.0,0.0,8.0
0.9260273972602739,0.012492936605954094,3.0793040824611863e-20,0.9875070633940448,10000,20,0.0,0.0,8.0
0.9273972602739726,0.012512261408321243,2.8880395446205876e-20,0.9874877385916777,10000,20,0.0,0.0,8.0
0.9287671232876712,0.01253158583251592,2.7086848409176238e-20,0.987468414167483,10000,20,0.0,0.0,8.0
0.9301369863013699,0.012550909878545529,2.540496510735663e-20,0.9874490901214534,10000,20,0.0,0.0,8.0
0.9315068493150686,0.012570233546417467,2.3827776180932437e-20,0.9874297664535815,10000,20,0.0,0.0,8.0
0.9328767123287671,0.012589556836139134,2.234874833057094e-20,0.9874104431638598,10000,20,0.0,0.0,8.0
0.9342465753424658,0.012608879747717933,2.0961756966901974e-20,0.987391120252281,10000,20,0.0,0.0,8.0
0.9356164383561644,0.012628202281161259,1.966106057965517e-20,0.9873717977188378,10000,20,0.0,0.0,8.0
0.936986301369863,0.012647524436476517,1.844127671806658e-20,0.9873524755635225,10000,20,0.0,0.0,8.0
0.9383561643835616,0.012666846213671102,1.7297359481021358e-20,0.9873331537863279,10000,20,0.0,0.0,8.0
0.9397260273972603,0.01268616761275242,1.6224578421806148e-20,0.9873138323872466,10000,20,0.0,0.0,8.0
0.9410958904109589,0.012705488633727864,1.521849877835919e-20,0.9872945113662711,10000,20,0.0,0.0,8.0
0.9424657534246575,0.012724809276604838,1.4274962945527384e-20,0.9872751907233941,10000,20,0.0,0.0,8.0
0.9438356164383561,0.012744129541390738,1.3390073111116543e-20,0.9872558704586082,10000,20,0.0,0.0,8.0
0.9452054794520548,0.012763449428092965,1.2560174982453232e-20,0.987236550571906,10000,20,0.0,0.0,8.0
0.9465753424657535,0.012782768936718918,1.1781842534806815e-20,0.98721723106328,10000,20,0.0,0.0,8.0
0.947945205479452,0.012802088067275992,1.105186371734855e-20,0.9871979119327229,10000,20,0.0,0.0,8.0
0.9493150684931507,0.012821406819771588,1.0367227056385753e-20,0.9871785931802273,10000,20,0.0,0.0,8.0
0.9506849315068493,0.012840725194213103,9.72510909941051e-21,0.9871592748057858,10000,20,0.0,0.0,8.0
0.952054794520548,0.012860043190607939,9.122862647061878e-21,0.9871399568093909,10000,20,0.0,0.0,8.0
0.9534246575342465,0.01287936080896349,8.558005723439821e-21,0.9871206391910354,10000,20,0.0,0.0,8.0
0.9547945205479452,0.012898678049287156,8.028211238331028e-21,0.9871013219507118,10000,20,0.0,0.0,8.0
0.9561643835616438,0.012917994911586335,7.531297297837772e-21,0.9870820050884126,10000,20,0.0,0.0,8.0
0.9575342465753425,0.012937311395868425,7.065218122640607e-21,0.9870626886041305,10000,20,0.0,0.0,8.0
0.9589041095890412,0.012956627502140822,6.628055535697975e-21,0.9870433724978581,10000,20,0.0,0.0,8.0
0.9602739726027397,0.012975943230410923,6.218010983590461e-21,0.987024056769588,10000,20,0.0,0.0,8.0
0.9616438356164384,0.012995258580686129,5.833398057973992e-21,0.9870047414193128,10000,20,0.0,0.0,8.0
0.963013698630137,0.013014573552973831,5.472635485718726e-21,0.9869854264470251,10000,20,0.0,0.0,8.0
0.9643835616438357,0.013033888147281432,5.134240558288506e-21,0.9869661118527175,10000,20,0.0,0.0,8.0
0.9657534246575342,0.013053202363616324,4.816822972771781e-21,0.9869467976363826,10000,20,0.0,0.0,8.0
0.9671232876712329,0.013072516201985908,4.519079058710197e-21,0.986927483798013,10000,20,0.0,0.0,8.0
0.9684931506849315,0.013091829662397577,4.239786366500424e-21,0.9869081703376014,10000,20,0.0,0.0,8.0
0.9698630136986301,0.01311114274485873,3.977798594667965e-21,0.9868888572551402,10000,20,0.0,0.0,8.0
0.9712328767123288,0.01313045544937676,3.732040834741873e-21,0.9868695445506221,10000,20,0.0,0.0,8.0
0.9726027397260274,0.013149767775959066,3.5015051137964974e-21,0.9868502322240399,10000,20,0.0,0.0,8.0
0.9739726027397261,0.013169079724613043,3.2852462159813043e-21,0.9868309202753859,10000,20,0.0,0.0,8.0
0.9753424657534246,0.013188391295346087,3.082377765534712e-21,0.9868116087046528,10000,20,0.0,0.0,8.0
0.9767123287671233,0.013207702488165593,2.8920685548781832e-21,0.9867922975118333,10000,20,0.0,0.0,8.0
0.9780821917808219,0.013227013303078955,2.7135391024193115e-21,0.9867729866969199,10000,20,0.0,0.0,8.0
0.9794520547945206,0.013246323740093572,2.5460584256580406e-21,0.9867536762599053,10000,20,0.0,0.0,8.0
0.9808219178082191,0.013265633799216837,2.3889410160967523e-21,0.986734366200782,10000,20,0.0,0.0,8.0
0.9821917808219178,0.013284943480456148,2.241544003302501e-21,0.9867150565195427,10000,20,0.0,0.0,8.0
0.9835616438356164,0.013304252783818894,2.103264496265614e-21,0.98669574721618,10000,20,0.0,0.0,8.0
0.9849315068493151,0.013323561709312474,1.9735370909429973e-21,0.9866764382906864,10000,20,0.0,0.0,8.0
0.9863013698630138,0.013342870256944283,1.8518315335733017e-21,0.9866571297430546,10000,20,0.0,0.0,8.0
0.9876712328767123,0.013362178426721712,1.7376505300045325e-21,0.9866378215732772,10000,20,0.0,0.0,8.0
0.989041095890411,0.01338148621865216,1.6305276918879815e-21,0.9866185137813467,10000,20,0.0,0.0,8.0
0.9904109589041096,0.013400793632743017,1.5300256111666497e-21,0.9865992063672558,10000,20,0.0,0.0,8.0
0.9917808219178083,0.01342010066900168,1.4357340548241696e-21,0.9865798993309972,10000,20,0.0,0.0,8.0
0.9931506849315068,0.01343940732743554,1.3472682723650388e-21,0.9865605926725634,10000,20,0.0,0.0,8.0
0.9945205479452055,0.013458713608051993,1.2642674089689985e-21,0.9865412863919469,10000,20,0.0,0.0,8.0
0.9958904109589041,0.013478019510858431,1.1863930177057366e-21,0.9865219804891405,10000,20,0.0,0.0,8.0
0.9972602739726028,0.013497325035862252,1.1133276646105941e-21,0.9865026749641367,10000,20,0.0,0.0,8.0
0.9986301369863014,0.013516630183070845,1.0447736208112703e-21,0.9864833698169281,10000,20,0.0,0.0,8.0
1.0,0.013535934952491602,9.80451636259576e-22,0.9864640650475073,10000,20,0.0,0.0,8.0
1.0013698630136987,0.013555239344131921,9.200997899640261e-22,0.986444760655867,10000,20,0.0,0.0,8.0
1.0027397260273974,0.01357454335799919,8.634724119390775e-22,0.9864254566419997,10000,20,0.0,0.0,8.0
1.0041095890410958,0.013593846994100801,8.103390723866143e-22,0.9864061530058981,10000,20,0.0,0.0,8.0
1.0054794520547945,0.013613150252444153,7.6048363390648425e-22,0.9863868497475548,10000,20,0.0,0.0,8.0
1.0068493150684932,0.013632453133036635,7.137033627963686e-22,0.9863675468669623,10000,20,0.0,0.0,8.0
1.0082191780821919,0.013651755635885639,6.698080957478837e-22,0.9863482443641133,10000,20,0.0,0.0,8.0
1.0095890410958903,0.013671057760998554,6.286194584774724e-22,0.9863289422390004,10000,20,0.0,0.0,8.0
1.010958904109589,0.01369035950838278,5.899701330472523e-22,0.9863096404916162,10000,20,0.0,0.0,8.0
1.0123287671232877,0.013709660878045702,5.537031708344051e-22,0.9862903391219533,10000,20,0.0,0.0,8.0
1.0136986301369864,0.013728961869994715,5.196713482979061e-22,0.9862710381300043,10000,20,0.0,0.0,8.0
1.015068493150685,0.013748262484237208,4.877365628701382e-22,0.9862517375157618,10000,20,0.0,0.0,8.0
1.0164383561643835,0.013767562720780573,4.577692664680911e-22,0.9862324372792184,10000,20,0.0,0.0,8.0
1.0178082191780822,0.013786862579632204,4.296479342756693e-22,0.9862131374203668,10000,20,0.0,0.0,8.0
1.0191780821917809,0.01380616206079949,4.0325856659568616e-22,0.9861938379391995,10000,20,0.0,0.0,8.0
1.0205479452054795,0.013825461164289824,3.784942217077025e-22,0.9861745388357092,10000,20,0.0,0.0,8.0
1.021917808219178,0.013844759890110591,3.5525457779714273e-22,0.9861552401098884,10000,20,0.0,0.0,8.0
1.0232876712328767,0.01386405823826919,3.3344552214200634e-22,0.9861359417617298,10000,20,0.0,0.0,8.0
1.0246575342465754,0.013883356208773007,3.1297876585702487e-22,0.986116643791226,10000,20,0.0,0.0,8.0
1.026027397260274,0.013902653801629432,2.937714826012907e-22,0.9860973461983695,10000,20,0.0,0.0,8.0
1.0273972602739727,0.013921951016845858,2.7574596975516434e-22,0.9860780489831531,10000,20,0.0,0.0,8.0
1.0287671232876712,0.01394124785442967,2.588293306655915e-22,0.9860587521455693,10000,20,0.0,0.0,8.0
1.0301369863013699,0.013960544314388264,2.429531766465208e-22,0.9860394556856107,10000,20,0.0,0.0,8.0
1.0315068493150685,0.013979840396729027,2.280533475032304e-22,0.9860201596032699,10000,20,0.0,0.0,8.0
1.0328767123287672,0.013999136101459348,2.1406964942619994e-22,0.9860008638985396,10000,20,0.0,0.0,8.0
1.0342465753424657,0.014018431428586615,2.009456091723725e-22,0.9859815685714123,10000,20,0.0,0.0,8.0
1.0356164383561643,0.014037726378118225,1.8862824351916597e-22,0.9859622736218807,10000,20,0.0,0.0,8.0
1.036986301369863,0.01405702095006156,1.770678430400195e-22,0.9859429790499373,10000,20,0.0,0.0,8.0
1.0383561643835617,0.014076315144424013,1.662177693095759e-22,0.9859236848555749,10000,20,0.0,0.0,8.0
1.0397260273972604,0.014095608961212971,1.5603426470235152e-22,0.9859043910387859,10000,20,0.0,0.0,8.0
1.0410958904109588,0.01411490240043582,1.4647627400089364e-22,0.9858850975995631,10000,20,0.0,0.0,8.0
1.0424657534246575,0.014134195462099956,1.3750527707835572e-22,0.985865804537899,10000,20,0.0,0.0,8.0
1.0438356164383562,0.014153488146212763,1.2908513196631638e-22,0.9858465118537861,10000,20,0.0,0.0,8.0
1.0452054794520549,0.01417278045278163,1.2118192766161057e-22,0.9858272195472173,10000,20,0.0,0.0,8.0
1.0465753424657533,0.014192072381813942,1.1376384606630467e-22,0.985807927618185,10000,20,0.0,0.0,8.0
1.047945205479452,0.014211363933317093,1.0680103249269293e-22,0.9857886360666819,10000,20,0.0,0.0,8.0
1.0493150684931507,0.014230655107298469,1.0026547420065403e-22,0.9857693448927005,10000,20,0.0,0.0,8.0
1.0506849315068494,0.014249945903765457,9.413088646787297e-23,0.9857500540962335,10000,20,0.0,0.0,8.0
1.052054794520548,0.014269236322725443,8.837260572461099e-23,0.9857307636772735,10000,20,0.0,0.0,8.0
1.0534246575342465,0.014288526364185814,8.296748931387055e-23,0.9857114736358131,10000,20,0.0,0.0,8.0
1.0547945205479452,0.014307816028153963,7.789382146517079e-23,0.985692183971845,10000,20,0.0,0.0,8.0
1.0561643835616439,0.014327105314637274,7.313122509582177e-23,0.9856728946853617,10000,20,0.0,0.0,8.0
1.0575342465753426,0.014346394223643134,6.866057907760903e-23,0.9856536057763559,10000,20,0.0,0.0,8.0
1.058904109589041,0.014365682755178926,6.446394062938305e-23,0.9856343172448201,10000,20,0.0,0.0,8.0
1.0602739726027397,0.014384970909252044,6.052447251716843e-23,0.9856150290907469,10000,20,0.0,0.0,8.0
1.0616438356164384,0.014404258685869873,5.682637476325155e-23,0.9855957413141291,10000,20,0.0,0.0,8.0
1.063013698630137,0.014423546085039797,5.335482058426707e-23,0.9855764539149592,10000,20,0.0,0.0,8.0
1.0643835616438355,0.0144428331067692,5.009589629575446e-23,0.9855571668932298,10000,20,0.0,0.0,8.0
1.0657534246575342,0.014462119751065474,4.7036544936976536e-23,0.9855378802489335,10000,20,0.0,0.0,8.0
1.0671232876712329,0.014481406017936004,4.4164513385127523e-23,0.985518593982063,10000,20,0.0,0.0,8.0
1.0684931506849316,0.014500691907388175,4.146830274240305e-23,0.9854993080926108,10000,20,0.0,0.0,8.0
1.0698630136986302,0.014519977419429371,3.8937121792891216e-23,0.9854800225805695,10000,20,0.0,0.0,8.0
1.0712328767123287,0.014539262554066977,3.6560843338861424e-23,0.985460737445932,10000,20,0.0,0.0,8.0
1.0726027397260274,0.014558547311308383,3.4329963237869853e-23,0.9854414526886905,10000,20,0.0,0.0,8.0
1.073972602739726,0.014577831691160973,3.2235561973210675e-23,0.985422168308838,10000,20,0.0,0.0,8.0
1.0753424657534247,0.014597115693632132,3.026926860063976e-23,0.9854028843063668,10000,20,0.0,0.0,8.0
1.0767123287671232,0.01461639931872924,2.8423226924073436e-23,0.9853836006812697,10000,20,0.0,0.0,8.0
1.0780821917808219,0.014635682566459689,2.6690063762108577e-23,0.9853643174335392,10000,20,0.0,0.0,8.0
1.0794520547945206,0.014654965436830862,2.506285917580286e-23,0.9853450345631681,10000,20,0.0,0.0,8.0
1.0808219178082192,0.014674247929850143,2.353511853619223e-23,0.9853257520701488,10000,20,0.0,0.0,8.0
1.082191780821918,0.014693530045524915,2.210074631758084e-23,0.985306469954474,10000,20,0.0,0.0,8.0
1.0835616438356164,0.014712811783862561,2.075402150971036e-23,0.9852871882161364,10000,20,0.0,0.0,8.0
1.084931506849315,0.014732093144870471,1.9489574548553372e-23,0.9852679068551284,10000,20,0.0,0.0,8.0
1.0863013698630137,0.014751374128556026,1.83023656717037e-23,0.9852486258714429,10000,20,0.0,0.0,8.0
1.0876712328767124,0.01477065473492661,1.7187664610165713e-23,0.9852293452650723,10000,20,0.0,0.0,8.0
1.0890410958904109,0.014789934963989605,1.6141031533825785e-23,0.9852100650360094,10000,20,0.0,0.0,8.0
1.0904109589041096,0.014809214815752397,1.5158299173016374e-23,0.9851907851842466,10000,20,0.0,0.0,8.0
1.0917808219178082,0.01482849429022237,1.42355560434018e-23,0.9851715057097766,10000,20,0.0,0.0,8.0
1.093150684931507,0.014847773387406905,1.3369130705922952e-23,0.985152226612592,10000,20,0.0,0.0,8.0
1.0945205479452056,0.014867052107313388,1.2555576997777698e-23,0.9851329478926856,10000,20,0.0,0.0,8.0
1.095890410958904,0.014886330449949196,1.1791660174380513e-23,0.9851136695500498,10000,20,0.0,0.0,8.0
1.0972602739726027,0.014905608415321719,1.1074343905968823e-23,0.9850943915846773,10000,20,0.0,0.0,8.0
1.0986301369863014,0.014924886003438338,1.0400778076017922e-23,0.9850751139965607,10000,20,0.0,0.0,8.0
1.1,0.014944163214306435,9.768287331897151e-24,0.9850558367856925,10000,20,0.0,0.0,8.0
1.1013698630136985,0.014963440047933388,9.174360341275988e-24,0.9850365599520656,10000,20,0.0,0.0,8.0
1.1027397260273972,0.014982716504326588,8.616639710666174e-24,0.9850172834956724,10000,20,0.0,0.0,8.0
1.104109589041096,0.015001992583493412,8.092912525190706e-24,0.9849980074165056,10000,20,0.0,0.0,8.0
1.1054794520547946,0.015021268285441243,7.601101471201046e-24,0.9849787317145577,10000,20,0.0,0.0,8.0
1.1068493150684933,0.015040543610177462,7.139256505743961e-24,0.9849594563898215,10000,20,0.0,0.0,8.0
1.1082191780821917,0.015059818557709449,6.70554703910656e-24,0.9849401814422896,10000,20,0.0,0.0,8.0
1.1095890410958904,0.01507909312804459,6.2982545987590526e-24,0.9849209068719544,10000,20,0.0,0.0,8.0
1.110958904109589,0.015098367321190265,5.915765944977083e-24,0.9849016326788088,10000,20,0.0,0.0,8.0
1.1123287671232878,0.015117641137153855,5.556566610262377e-24,0.9848823588628453,10000,20,0.0,0.0,8.0
1.1136986301369862,0.015136914575942738,5.219234836408147e-24,0.9848630854240563,10000,20,0.0,0.0,8.0
1.115068493150685,0.0151561876375643,4.902435884671988e-24,0.9848438123624348,10000,20,0.0,0.0,8.0
1.1164383561643836,0.01517546032202592,4.604916696038461e-24,0.9848245396779731,10000,20,0.0,0.0,8.0
1.1178082191780823,0.015194732629334979,4.3255008799752486e-24,0.9848052673706641,10000,20,0.0,0.0,8.0
1.1191780821917807,0.015214004559498855,4.063084011424162e-24,0.9847859954405003,10000,20,0.0,0.0,8.0
1.1205479452054794,0.015233276112524933,3.8166292170194256e-24,0.9847667238874742,10000,20,0.0,0.0,8.0
1.121917808219178,0.015252547288420591,3.585163032701946e-24,0.9847474527115786,10000,20,0.0,0.0,8.0
1.1232876712328768,0.01527181808719321,3.36777151599889e-24,0.984728181912806,10000,20,0.0,0.0,8.0
1.1246575342465754,0.01529108850885017,3.1635965972732693e-24,0.984708911491149,10000,20,0.0,0.0,8.0
1.126027397260274,0.015310358553398845,2.971832655217173e-24,0.9846896414466003,10000,20,0.0,0.0,8.0
1.1273972602739726,0.015329628220846624,2.791723302772151e-24,0.9846703717791525,10000,20,0.0,0.0,8.0
1.1287671232876713,0.015348897511200882,2.622558370514234e-24,0.9846511024887983,10000,20,0.0,0.0,8.0
1.13013698630137,0.015368166424468999,2.4636710753405796e-24,0.9846318335755302,10000,20,0.0,0.0,8.0
1.1315068493150684,0.015387434960658352,2.3144353630468367e-24,0.9846125650393408,10000,20,0.0,0.0,8.0
1.132876712328767,0.015406703119776325,2.174263414088011e-24,0.9845932968802228,10000,20,0.0,0.0,8.0
1.1342465753424658,0.015425970901830293,2.04260330247724e-24,0.9845740290981688,10000,20,0.0,0.0,8.0
1.1356164383561644,0.015445238306827638,1.918936798396036e-24,0.9845547616931715,10000,20,0.0,0.0,8.0
1.1369863013698631,0.015464505334775737,1.802777305672031e-24,0.9845354946652234,10000,20,0.0,0.0,8.0
1.1383561643835616,0.015483771985681963,1.6936679258254542e-24,0.9845162280143172,10000,20,0.0,0.0,8.0
1.1397260273972603,0.015503038259553705,1.5911796408975253e-24,0.9844969617404454,10000,20,0.0,0.0,8.0
1.141095890410959,0.015522304156398336,1.4949096077545525e-24,0.9844776958436008,10000,20,0.0,0.0,8.0
1.1424657534246576,0.015541569676223234,1.4044795570114764e-24,0.9844584303237759,10000,20,0.0,0.0,8.0
1.143835616438356,0.015560834819035774,1.319534290141946e-24,0.9844391651809633,10000,20,0.0,0.0,8.0
1.1452054794520548,0.01558009958484334,1.2397402687381208e-24,0.9844199004151557,10000,20,0.0,0.0,8.0
1.1465753424657534,0.015599363973653309,1.1647842902558853e-24,0.9844006360263458,10000,20,0.0,0.0,8.0
1.1479452054794521,0.015618627985473055,1.094372244929745e-24,0.984381372014526,10000,20,0.0,0.0,8.0
1.1493150684931508,0.015637891620309957,1.0282279488696693e-24,0.9843621083796891,10000,20,0.0,0.0,8.0
1.1506849315068493,0.01565715487817139,9.66092048659159e-25,0.9843428451218277,10000,20,0.0,0.0,8.0
1.152054794520548,0.015676417759064736,9.07720993062144e-25,0.9843235822409343,10000,20,0.0,0.0,8.0
1.1534246575342466,0.01569568026299737,8.52886067717023e-25,0.9843043197370017,10000,20,0.0,0.0,8.0
1.1547945205479453,0.015714942389976668,8.013724889496047e-25,0.9842850576100224,10000,20,0.0,0.0,8.0
1.1561643835616437,0.015734204140010005,7.529785530752153e-25,0.9842657958599891,10000,20,0.0,0.0,8.0
1.1575342465753424,0.01575346551310476,7.075148377833997e-25,0.9842465344868944,10000,20,0.0,0.0,8.0
1.158904109589041,0.015772726509268312,6.648034524085356e-25,0.9842272734907308,10000,20,0.0,0.0,8.0
1.1602739726027398,0.015791987128508034,6.2467733408610945e-25,0.9842080128714911,10000,20,0.0,0.0,8.0
1.1616438356164385,0.0158112473708313,5.869795869792565e-25,0.9841887526291678,10000,20,0.0,0.0,8.0
1.163013698630137,0.015830507236245486,5.515628619332052e-25,0.9841694927637537,10000,20,0.0,0.0,8.0
1.1643835616438356,0.015849766724757974,5.182887740777943e-25,0.9841502332752412,10000,20,0.0,0.0,8.0
1.1657534246575343,0.015869025836376137,4.87027356050838e-25,0.984130974163623,10000,20,0.0,0.0,8.0
1.167123287671233,0.015888284571107348,4.576565446580055e-25,0.9841117154288919,10000,20,0.0,0.0,8.0
1.1684931506849314,0.01590754292895898,4.3006169891936235e-25,0.9840924570710402,10000,20,0.0,0.0,8.0
1.16986301369863,0.015926800909938414,4.041351475785637e-25,0.9840731990900607,10000,20,0.0,0.0,8.0
1.1712328767123288,0.015946058514053025,3.7977576426905886e-25,0.9840539414859462,10000,20,0.0,0.0,8.0
1.1726027397260275,0.015965315741310188,3.5688856864245473e-25,0.984034684258689,10000,20,0.0,0.0,8.0
1.1739726027397261,0.015984572591717275,3.3538435186845628e-25,0.984015427408282,10000,20,0.0,0.0,8.0
1.1753424657534246,0.01600382906528166,3.1517932501341576e-25,0.9839961709347176,10000,20,0.0,0.0,8.0
1.1767123287671233,0.01602308516201072,2.961947888962169e-25,0.9839769148379885,10000,20,0.0,0.0,8.0
1.178082191780822,0.01604234088191183,2.783568241063263e-25,0.9839576591180874,10000,20,0.0,0.0,8.0
1.1794520547945206,0.016061596224992362,2.6159599994947485e-25,0.9839384037750069,10000,20,0.0,0.0,8.0
1.180821917808219,0.01608085119125969,2.458471011623248e-25,0.9839191488087395,10000,20,0.0,0.0,8.0
1.1821917808219178,0.01610010578072119,2.3104887130850463e-25,0.983899894219278,10000,20,0.0,0.0,8.0
1.1835616438356165,0.016119359993384232,2.1714377183520526e-25,0.983880640006615,10000,20,0.0,0.0,8.0
1.1849315068493151,0.016138613829256195,2.0407775583207213e-25,0.983861386170743,10000,20,0.0,0.0,8.0
1.1863013698630136,0.016157867288344445,1.9180005559299776e-25,0.9838421327116548,10000,20,0.0,0.0,8.0
1.1876712328767123,0.016177120370656366,1.8026298313651573e-25,0.9838228796293429,10000,20,0.0,0.0,8.0
1.189041095890411,0.016196373076199325,1.6942174289232963e-25,0.9838036269238,10000,20,0.0,0.0,8.0
1.1904109589041096,0.016215625404980696,1.5923425581002783e-25,0.9837843745950186,10000,20,0.0,0.0,8.0
1.1917808219178083,0.016234877357007852,1.4966099419170817e-25,0.9837651226429914,10000,20,0.0,0.0,8.0
1.1931506849315068,0.016254128932288163,1.4066482659299593e-25,0.9837458710677112,10000,20,0.0,0.0,8.0
1.1945205479452055,0.016273380130829004,1.3221087217711347e-25,0.9837266198691703,10000,20,0.0,0.0,8.0
1.1958904109589041,0.01629263095263775,1.2426636394439023e-25,0.9837073690473616,10000,20,0.0,0.0,8.0
1.1972602739726028,0.01631188139772177,1.1680052029493783e-25,0.9836881186022776,10000,20,0.0,0.0,8.0
1.1986301369863013,0.016331131466088434,1.0978442441548073e-25,0.9836688685339109,10000,20,0.0,0.0,8.0
1.2,0.01635038115774512,1.0319091101246733e-25,0.9836496188422542,10000,20,0.0,0.0,8.0
1.2013698630136986,0.0163696304726992,9.699445994288081e-26,0.9836303695273001,10000,20,0.0,0.0,8.0
1.2027397260273973,0.01638887941095804,9.11710963215912e-26,0.9836111205890412,10000,20,0.0,0.0,8.0
1.204109589041096,0.016408127972529017,8.569829670990799e-26,0.9835918720274702,10000,20,0.0,0.0,8.0
1.2054794520547945,0.016427376157419498,8.055490101416596e-26,0.9835726238425797,10000,20,0.0,0.0,8.0
1.2068493150684931,0.01644662396563686,7.572102974589014e-26,0.9835533760343623,10000,20,0.0,0.0,8.0
1.2082191780821918,0.01646587139718847,7.117800631642072e-26,0.9835341286028108,10000,20,0.0,0.0,8.0
1.2095890410958905,0.0164851184520817,6.690828405886037e-26,0.9835148815479176,10000,20,0.0,0.0,8.0
1.210958904109589,0.016504365130323915,6.289537768901964e-26,0.9834956348696753,10000,20,0.0,0.0,8.0
1.2123287671232876,0.0165236114319225,5.912379893464596e-26,0.9834763885680767,10000,20,0.0,0.0,8.0
1.2136986301369863,0.01654285735688481,5.55789960787922e-26,0.9834571426431145,10000,20,0.0,0.0,8.0
1.215068493150685,0.01656210290521823,5.22472971786933e-26,0.983437897094781,10000,20,0.0,0.0,8.0
1.2164383561643837,0.016581348076930118,4.911585673612692e-26,0.9834186519230691,10000,20,0.0,0.0,8.0
1.2178082191780821,0.016600592872027847,4.617260560891123e-26,0.9833994071279714,10000,20,0.0,0.0,8.0
1.2191780821917808,0.016619837290518795,4.3406203966045957e-26,0.9833801627094804,10000,20,0.0,0.0,8.0
1.2205479452054795,0.016639081332410325,4.080599710107699e-26,0.9833609186675888,10000,20,0.0,0.0,8.0
1.2219178082191782,0.01665832499770981,3.8361973929573627e-26,0.9833416750022893,10000,20,0.0,0.0,8.0
1.2232876712328766,0.016677568286424613,3.6064728007257084e-26,0.9833224317135745,10000,20,0.0,0.0,8.0
1.2246575342465753,0.01669681119856211,3.3905420915287266e-26,0.983303188801437,10000,20,0.0,0.0,8.0
1.226027397260274,0.01671605373412967,3.187574786859625e-26,0.9832839462658695,10000,20,0.0,0.0,8.0
1.2273972602739727,0.01673529589313466,2.9967905411940217e-26,0.9832647041068645,10000,20,0.0,0.0,8.0
1.2287671232876713,0.016754537675584453,2.8174561076612983e-26,0.9832454623244147,10000,20,0.0,0.0,8.0
1.2301369863013698,0.01677377908148641,2.648882487850991e-26,0.9832262209185127,10000,20,0.0,0.0,8.0
1.2315068493150685,0.016793020110847906,2.4904222545510472e-26,0.9832069798891513,10000,20,0.0,0.0,8.0
1.2328767123287672,0.01681226076367631,2.3414670368986796e-26,0.9831877392363229,10000,20,0.0,0.0,8.0
1.2342465753424658,0.016831501039978988,2.2014451580651632e-26,0.9831684989600202,10000,20,0.0,0.0,8.0
1.2356164383561643,0.016850740939763305,2.0698194161992522e-26,0.9831492590602359,10000,20,0.0,0.0,8.0
1.236986301369863,0.016869980463036637,1.946084999918689e-26,0.9831300195369626,10000,20,0.0,0.0,8.0
1.2383561643835617,0.016889219609806348,1.8297675301708663e-26,0.9831107803901928,10000,20,0.0,0.0,8.0
1.2397260273972603,0.016908458380079806,1.720421220781441e-26,0.9830915416199194,10000,20,0.0,0.0,8.0
1.241095890410959,0.016927696773864378,1.6176271504784965e-26,0.9830723032261348,10000,20,0.0,0.0,8.0
1.2424657534246575,0.01694693479116743,1.5209916396188615e-26,0.9830530652088317,10000,20,0.0,0.0,8.0
1.2438356164383562,0.016966172431996336,1.4301447252558425e-26,0.9830338275680028,10000,20,0.0,0.0,8.0
1.2452054794520548,0.01698540969635846,1.3447387285753512e-26,0.9830145903036407,10000,20,0.0,0.0,8.0
1.2465753424657535,0.01700464658426117,1.2644469090905998e-26,0.982995353415738,10000,20,0.0,0.0,8.0
1.247945205479452,0.017023883095711824,1.1889622003276587e-26,0.9829761169042873,10000,20,0.0,0.0,8.0
1.2493150684931507,0.0170431192307178,1.1179960220544381e-26,0.9829568807692813,10000,20,0.0,0.0,8.0
1.2506849315068493,0.017062354989286464,1.0512771644071528e-26,0.9829376450107127,10000,20,0.0,0.0,8.0
1.252054794520548,0.01708159037142518,9.885507395506267e-27,0.982918409628574,10000,20,0.0,0.0,8.0
1.2534246575342465,0.017100825377141308,9.29577196774736e-27,0.9828991746228579,10000,20,0.0,0.0,8.0
1.2547945205479452,0.017120060006442225,8.741313971782595e-27,0.982879939993557,10000,20,0.0,0.0,8.0
1.2561643835616438,0.017139294259335292,8.22001744325788e-27,0.982860705740664,10000,20,0.0,0.0,8.0
1.2575342465753425,0.017158528135827876,7.729893674828171e-27,0.9828414718641714,10000,20,0.0,0.0,8.0
1.2589041095890412,0.017177761635927345,7.26907354240902e-27,0.9828222383640719,10000,20,0.0,0.0,8.0
1.2602739726027397,0.01719699475964106,6.835800295383852e-27,0.9828030052403582,10000,20,0.0,0.0,8.0
1.2616438356164383,0.01721622750697639,6.428422782642521e-27,0.982783772493023,10000,20,0.0,0.0,8.0
1.263013698630137,0.017235459877940697,6.045389088037266e-27,0.9827645401220586,10000,20,0.0,0.0,8.0
1.2643835616438357,0.01725469187254135,5.6852405504448704e-27,0.982745308127458,10000,20,0.0,0.0,8.0
1.2657534246575342,0.01727392349078571,5.3466061451336686e-27,0.9827260765092136,10000,20,0.0,0.0,8.0
1.2671232876712328,0.01729315473268115,5.028197204547693e-27,0.9827068452673182,10000,20,0.0,0.0,8.0
1.2684931506849315,0.01731238559823503,4.72880245795118e-27,0.9826876144017643,10000,20,0.0,0.0,8.0
1.2698630136986302,0.017331616087454715,4.447283370623052e-27,0.9826683839125446,10000,20,0.0,0.0,8.0
1.2712328767123289,0.017350846200347568,4.1825697644652554e-27,0.9826491537996518,10000,20,0.0,0.0,8.0
1.2726027397260273,0.017370075936920953,3.933655702988721e-27,0.9826299240630784,10000,20,0.0,0.0,8.0
1.273972602739726,0.017389305297182238,3.6995956246748126e-27,0.982610694702817,10000,20,0.0,0.0,8.0
1.2753424657534247,0.017408534281138786,3.4795007096819696e-27,0.9825914657188605,10000,20,0.0,0.0,8.0
1.2767123287671234,0.017427762888797958,3.2725354657778376e-27,0.9825722371112013,10000,20,0.0,0.0,8.0
1.2780821917808218,0.017446991120167118,3.077914520235141e-27,0.9825530088798322,10000,20,0.0,0.0,8.0
1.2794520547945205,0.017466218975253633,2.8948996052328936e-27,0.9825337810247456,10000,20,0.0,0.0,8.0
1.2808219178082192,0.017485446454064867,2.722796725060983e-27,0.9825145535459344,10000,20,0.0,0.0,8.0
1.2821917808219179,0.01750467355660818,2.5609534941345873e-27,0.9824953264433911,10000,20,0.0,0.0,8.0
1.2835616438356166,0.01752390028289094,2.40875663549243e-27,0.9824760997171084,10000,20,0.0,0.0,8.0
1.284931506849315,0.0175431266329205,2.2656296300781446e-27,0.9824568733670788,10000,20,0.0,0.0,8.0
1.2863013698630137,0.017562352606704235,2.1310305076919815e-27,0.982437647393295,10000,20,0.0,0.0,8.0
1.2876712328767124,0.017581578204249503,2.0044497710526952e-27,0.9824184217957497,10000,20,0.0,0.0,8.0
1.289041095890411,0.017600803425563666,1.885408444927279e-27,0.9823991965744355,10000,20,0.0,0.0,8.0
1.2904109589041095,0.017620028270654085,1.773456242774148e-27,0.9823799717293451,10000,20,0.0,0.0,8.0
1.2917808219178082,0.017639252739528127,1.6681698438023154e-27,0.9823607472604711,10000,20,0.0,0.0,8.0
1.2931506849315069,0.017658476832193154,1.5691512737793798e-27,0.9823415231678061,10000,20,0.0,0.0,8.0
1.2945205479452055,0.017677700548656524,1.4760263833241766e-27,0.9823222994513428,10000,20,0.0,0.0,8.0
1.2958904109589042,0.017696923888925603,1.3884434177997275e-27,0.9823030761110737,10000,20,0.0,0.0,8.0
1.2972602739726027,0.017716146853007746,1.3060716732779152e-27,0.9822838531469915,10000,20,0.0,0.0,8.0
1.2986301369863014,0.017735369440910323,1.228600233381883e-27,0.982264630559089,10000,20,0.0,0.0,8.0
1.3,0.01775459165264069,1.1557367821266644e-27,0.9822454083473586,10000,20,0.0,0.0,8.0
1.3013698630136987,0.017773813488206214,1.0872064881732636e-27,0.982226186511793,10000,20,0.0,0.0,8.0
1.3027397260273972,0.01779303494761425,1.0227509561891721e-27,0.982206965052385,10000,20,0.0,0.0,8.0
1.3041095890410959,0.017812256030872164,9.621272412684127e-28,0.9821877439691271,10000,20,0.0,0.0,8.0
1.3054794520547945,0.017831476737987316,9.051069226091881e-28,0.982168523262012,10000,20,0.0,0.0,8.0
1.3068493150684932,0.017850697068967067,8.514752328766835e-28,0.9821493029310322,10000,20,0.0,0.0,8.0
1.3082191780821917,0.017869917023818772,8.010302398948506e-28,0.9821300829761805,10000,20,0.0,0.0,8.0
1.3095890410958904,0.0178891366025498,7.535820775135549e-28,0.9821108633974495,10000,20,0.0,0.0,8.0
1.310958904109589,0.01790835580516751,7.089522226882535e-28,0.9820916441948317,10000,20,0.0,0.0,8.0
1.3123287671232877,0.017927574631679256,6.6697281598806485e-28,0.98207242536832,10000,20,0.0,0.0,8.0
1.3136986301369864,0.0179467930820924,6.274860229165414e-28,0.9820532069179068,10000,20,0.0,0.0,8.0
1.3150684931506849,0.017966011156414306,5.903434335872543e-28,0.9820339888435848,10000,20,0.0,0.0,8.0
1.3164383561643835,0.017985228854652334,5.554054984447255e-28,0.9820147711453469,10000,20,0.0,0.0,8.0
1.3178082191780822,0.01800444617681384,5.225409978607821e-28,0.9819955538231854,10000,20,0.0,0.0,8.0
1.319178082191781,0.018023663122906187,4.9162654356717975e-28,0.9819763368770931,10000,20,0.0,0.0,8.0
1.3205479452054794,0.018042879692936727,4.625461100086152e-28,0.9819571203070625,10000,20,0.0,0.0,8.0
1.321917808219178,0.018062095886912828,4.3519059381570025e-28,0.9819379041130865,10000,20,0.0,0.0,8.0
1.3232876712328767,0.018081311704841847,4.094573997062239e-28,0.9819186882951575,10000,20,0.0,0.0,8.0
1.3246575342465754,0.018100527146731143,3.8525005122490635e-28,0.9818994728532682,10000,20,0.0,0.0,8.0
1.326027397260274,0.01811974221258807,3.624778248278918e-28,0.9818802577874113,10000,20,0.0,0.0,8.0
1.3273972602739725,0.018138956902419987,3.4105540590820274e-28,0.9818610430975794,10000,20,0.0,0.0,8.0
1.3287671232876712,0.01815817121623426,3.209025654430257e-28,0.9818418287837651,10000,20,0.0,0.0,8.0
1.33013698630137,0.018177385154038245,3.019438560232764e-28,0.9818226148459611,10000,20,0.0,0.0,8.0
1.3315068493150686,0.018196598715839295,2.841083261004859e-28,0.9818034012841601,10000,20,0.0,0.0,8.0
1.332876712328767,0.01821581190164477,2.6732925135636626e-28,0.9817841880983547,10000,20,0.0,0.0,8.0
1.3342465753424657,0.018235024711462034,2.5154388216627926e-28,0.9817649752885373,10000,20,0.0,0.0,8.0
1.3356164383561644,0.01825423714529844,2.3669320618988084e-28,0.9817457628547009,10000,20,0.0,0.0,8.0
1.336986301369863,0.018273449203161346,2.2272172518034618e-28,0.981726550796838,10000,20,0.0,0.0,8.0
1.3383561643835618,0.01829266088505811,2.0957724515838435e-28,0.9817073391149412,10000,20,0.0,0.0,8.0
1.3397260273972602,0.018311872190996083,1.9721067914860687e-28,0.9816881278090033,10000,20,0.0,0.0,8.0
1.341095890410959,0.018331083120982635,1.8557586172412251e-28,0.9816689168790167,10000,20,0.0,0.0,8.0
1.3424657534246576,0.018350293675025116,1.7462937465066034e-28,0.9816497063249742,10000,20,0.0,0.0,8.0
1.3438356164383563,0.01836950385313088,1.6433038296410318e-28,0.9816304961468684,10000,20,0.0,0.0,8.0
1.3452054794520547,0.018388713655307285,1.5464048085546178e-28,0.981611286344692,10000,20,0.0,0.0,8.0
1.3465753424657534,0.018407923081561695,1.4552354677492683e-28,0.9815920769184375,10000,20,0.0,0.0,8.0
1.347945205479452,0.01842713213190146,1.369456072020698e-28,0.9815728678680977,10000,20,0.0,0.0,8.0
1.3493150684931507,0.01844634080633394,1.2887470856246082e-28,0.9815536591936652,10000,20,0.0,0.0,8.0
1.3506849315068494,0.018465549104866485,1.212807968022754e-28,0.9815344508951327,10000,20,0.0,0.0,8.0
1.3520547945205479,0.018484757027506453,1.1413560416179448e-28,0.9815152429724927,10000,20,0.0,0.0,8.0
1.3534246575342466,0.018503964574261206,1.0741254271629977e-28,0.9814960354257379,10000,20,0.0,0.0,8.0
1.3547945205479452,0.018523171745138095,1.010866042788213e-28,0.981476828254861,10000,20,0.0,0.0,8.0
1.356164383561644,0.018542378540144476,9.513426628352203e-29,0.9814576214598547,10000,20,0.0,0.0,8.0
1.3575342465753424,0.0185615849592877,8.953340329144741e-29,0.9814384150407115,10000,20,0.0,0.0,8.0
1.358904109589041,0.018580791002575134,8.426320378185874e-29,0.9814192089974241,10000,20,0.0,0.0,8.0
1.3602739726027397,0.018599996670014125,7.930409191262111e-29,0.9814000033299851,10000,20,0.0,0.0,8.0
1.3616438356164384,0.018619201961612028,7.463765395209195e-29,0.9813807980383872,10000,20,0.0,0.0,8.0
1.363013698630137,0.0186384068773762,7.02465691028509e-29,0.981361593122623,10000,20,0.0,0.0,8.0
1.3643835616438356,0.018657611417313993,6.611454445438131e-29,0.9813423885826853,10000,20,0.0,0.0,8.0
1.3657534246575342,0.018676815581432766,6.222625381759291e-29,0.9813231844185665,10000,20,0.0,0.0,8.0
1.367123287671233,0.018696019369739872,5.856728020891613e-29,0.9813039806302594,10000,20,0.0,0.0,8.0
1.3684931506849316,0.018715222782242667,5.51240617656115e-29,0.9812847772177565,10000,20,0.0,0.0,8.0
1.36986301369863,0.0187344258189485,5.188384088705899e-29,0.9812655741810506,10000,20,0.0,0.0,8.0
1.3712328767123287,0.01875362847986473,4.8834616409084267e-29,0.9812463715201344,10000,20,0.0,0.0,8.0
1.3726027397260274,0.018772830764998708,4.596509862996435e-29,0.9812271692350004,10000,20,0.0,0.0,8.0
1.373972602739726,0.01879203267435779,4.326466701760979e-29,0.9812079673256413,10000,20,0.0,0.0,8.0
1.3753424657534246,0.018811234207949324,4.0723330437660113e-29,0.9811887657920497,10000,20,0.0,0.0,8.0
1.3767123287671232,0.018830435365780673,3.8331689751821004e-29,0.9811695646342183,10000,20,0.0,0.0,8.0
1.378082191780822,0.018849636147859183,3.6080902644812983e-29,0.9811503638521398,10000,20,0.0,0.0,8.0
1.3794520547945206,0.01886883655419221,3.396265054677256e-29,0.9811311634458068,10000,20,0.0,0.0,8.0
1.3808219178082193,0.018888036584787108,3.1969107525937896e-29,0.9811119634152119,10000,20,0.0,0.0,8.0
1.3821917808219177,0.018907236239651223,3.009291103393993e-29,0.9810927637603478,10000,20,0.0,0.0,8.0
1.3835616438356164,0.018926435518791918,2.8327134393067826e-29,0.9810735644812071,10000,20,0.0,0.0,8.0
1.384931506849315,0.01894563442221654,2.666526092150754e-29,0.9810543655777825,10000,20,0.0,0.0,8.0
1.3863013698630138,0.018964832949932443,2.5101159598768024e-29,0.9810351670500665,10000,20,0.0,0.0,8.0
1.3876712328767122,0.018984031101946977,2.3629062179373085e-29,0.981015968898052,10000,20,0.0,0.0,8.0
1.389041095890411,0.019003228878267497,2.224354166839014e-29,0.9809967711217314,10000,20,0.0,0.0,8.0
1.3904109589041096,0.019022426278901355,2.093949207754558e-29,0.9809775737210976,10000,20,0.0,0.0,8.0
1.3917808219178083,0.019041623303855903,1.971210938552876e-29,0.980958376696143,10000,20,0.0,0.0,8.0
1.393150684931507,0.01906081995313849,1.8556873630664447e-29,0.9809391800468604,10000,20,0.0,0.0,8.0
1.3945205479452054,0.01908001622675647,1.7469532068424126e-29,0.9809199837732424,10000,20,0.0,0.0,8.0
1.395890410958904,0.019099212124717192,1.6446083330284796e-29,0.9809007878752817,10000,20,0.0,0.0,8.0
1.3972602739726028,0.01911840764702801,1.5482762524243078e-29,0.9808815923529709,10000,20,0.0,0.0,8.0
1.3986301369863015,0.019137602793696275,1.4576027220854518e-29,0.9808623972063026,10000,20,0.0,0.0,8.0
1.4,0.019156797564729336,1.3722544272028678e-29,0.9808432024352696,10000,20,0.0,0.0,8.0
1.4013698630136986,0.019175991960134548,1.2919177412959199e-29,0.9808240080398644,10000,20,0.0,0.0,8.0
1.4027397260273973,0.01919518597991926,1.2162975600536682e-29,0.9808048140200797,10000,20,0.0,0.0,8.0
1.404109589041096,0.01921437962409082,1.1451162044373962e-29,0.9807856203759081,10000,20,0.0,0.0,8.0
1.4054794520547946,0.01923357289265658,1.078112388919823e-29,0.9807664271073423,10000,20,0.0,0.0,8.0
1.406849315068493,0.01925276578562389,1.015040250982464e-29,0.980747234214375,10000,20,0.0,0.0,8.0
1.4082191780821918,0.019271958303000103,9.556684382241893e-30,0.9807280416969988,10000,20,0.0,0.0,8.0
1.4095890410958904,0.019291150444792564,8.997792496519235e-30,0.9807088495552063,10000,20,0.0,0.0,8.0
1.4109589041095891,0.01931034221100863,8.471678279287414e-30,0.9806896577889903,10000,20,0.0,0.0,8.0
1.4123287671232876,0.019329533601655638,7.976413995473999e-30,0.9806704663983433,10000,20,0.0,0.0,8.0
1.4136986301369863,0.01934872461674095,7.510185600779786e-30,0.980651275383258,10000,20,0.0,0.0,8.0
1.415068493150685,0.019367915256271916,7.071286018086248e-30,0.9806320847437271,10000,20,0.0,0.0,8.0
1.4164383561643836,0.01938710552025588,6.658108812580226e-30,0.9806128944797431,10000,20,0.0,0.0,8.0
1.4178082191780823,0.01940629540870019,6.269142241888286e-30,0.9805937045912988,10000,20,0.0,0.0,8.0
1.4191780821917808,0.019425484921612193,5.902963658925158e-30,0.9805745150783868,10000,20,0.0,0.0,8.0
1.4205479452054794,0.019444674058999245,5.558234246489888e-30,0.9805553259409997,10000,20,0.0,0.0,8.0
1.4219178082191781,0.019463862820868694,5.2336940638941135e-30,0.9805361371791302,10000,20,0.0,0.0,8.0
1.4232876712328768,0.019483051207227885,4.928157387079752e-30,0.9805169487927711,10000,20,0.0,0.0,8.0
1.4246575342465753,0.019502239218084166,4.640508324790284e-30,0.9804977607819148,10000,20,0.0,0.0,8.0
1.426027397260274,0.01952142685344489,4.369696694396963e-30,0.9804785731465541,10000,20,0.0,0.0,8.0
1.4273972602739726,0.019540614113317402,4.114734141959378e-30,0.9804593858866816,10000,20,0.0,0.0,8.0
1.4287671232876713,0.01955980099770905,3.874690492016491e-30,0.98044019900229,10000,20,0.0,0.0,8.0
1.43013698630137,0.019578987506627184,3.6486903134694164e-30,0.9804210124933719,10000,20,0.0,0.0,8.0
1.4315068493150684,0.019598173640079146,3.435909688728264e-30,0.9804018263599199,10000,20,0.0,0.0,8.0
1.4328767123287671,0.01961735939807229,3.235573174058952e-30,0.9803826406019268,10000,20,0.0,0.0,8.0
1.4342465753424658,0.01963654478061396,3.0469509397845023e-30,0.9803634552193852,10000,20,0.0,0.0,8.0
1.4356164383561645,0.019655729787711507,2.8693560796692658e-30,0.9803442702122876,10000,20,0.0,0.0,8.0
1.436986301369863,0.01967491441937227,2.702142079450538e-30,0.9803250855806269,10000,20,0.0,0.0,8.0
1.4383561643835616,0.019694098675603608,2.5447004350781116e-30,0.9803059013243955,10000,20,0.0,0.0,8.0
1.4397260273972603,0.01971328255641286,2.3964584117844438e-30,0.9802867174435863,10000,20,0.0,0.0,8.0
1.441095890410959,0.019732466061807372,2.256876935635032e-30,0.9802675339381918,10000,20,0.0,0.0,8.0
1.4424657534246574,0.019751649191794493,2.1254486097059676e-30,0.9802483508082046,10000,20,0.0,0.0,8.0
1.4438356164383561,0.01977083194638157,2.00169584750173e-30,0.9802291680536175,10000,20,0.0,0.0,8.0
1.4452054794520548,0.01979001432557595,1.885169116665914e-30,0.9802099856744231,10000,20,0.0,0.0,8.0
1.4465753424657535,0.019809196329384975,1.7754452864496525e-30,0.9801908036706141,10000,20,0.0,0.0,8.0
1.4479452054794522,0.019828377957815994,1.672126072791468e-30,0.980171622042183,10000,20,0.0,0.0,8.0
1.4493150684931506,0.019847559210876352,1.574836575226977e-30,0.9801524407891227,10000,20,0.0,0.0,8.0
1.4506849315068493,0.019866740088573396,1.4832239001902633e-30,0.9801332599114256,10000,20,0.0,0.0,8.0
1.452054794520548,0.01988592059091447,1.3969558655919662e-30,0.9801140794090846,10000,20,0.0,0.0,8.0
1.4534246575342467,0.019905100717906923,1.3157197818622664e-30,0.9800948992820921,10000,20,0.0,0.0,8.0
1.4547945205479451,0.019924280469558096,1.2392213049331309e-30,0.9800757195304409,10000,20,0.0,0.0,8.0
1.4561643835616438,0.01994345984587534,1.1671833569023681e-30,0.9800565401541237,10000,20,0.0,0.0,8.0
1.4575342465753425,0.019962638846865992,1.0993451103750417e-30,0.980037361153133,10000,20,0.0,0.0,8.0
1.4589041095890412,0.0199818174725374,1.0354610327149372e-30,0.9800181825274616,10000,20,0.0,0.0,8.0
1.4602739726027398,0.020000995722896913,9.752999866626721e-31,0.9799990042771022,10000,20,0.0,0.0,8.0
1.4616438356164383,0.020020173597951867,9.186443839869561e-31,0.9799798264020472,10000,20,0.0,0.0,8.0
1.463013698630137,0.020039351097709615,8.652893890332015e-31,0.9799606489022894,10000,20,0.0,0.0,8.0
1.4643835616438357,0.020058528222177498,8.150421692197798e-31,0.9799414717778215,10000,20,0.0,0.0,8.0
1.4657534246575343,0.02007770497136286,7.677211897067669e-31,0.9799222950286361,10000,20,0.0,0.0,8.0
1.4671232876712328,0.020096881345273043,7.23155549626815e-31,0.979903118654726,10000,20,0.0,0.0,8.0
1.4684931506849315,0.020116057343915396,6.811843574222456e-31,0.9798839426560837,10000,20,0.0,0.0,8.0
1.4698630136986301,0.02013523296729726,6.416561429781731e-31,0.9798647670327019,10000,20,0.0,0.0,8.0
1.4712328767123288,0.020154408215425974,6.044283043780716e-31,0.9798455917845732,10000,20,0.0,0.0,8.0
1.4726027397260275,0.02017358308830889,5.693665872371774e-31,0.9798264169116903,10000,20,0.0,0.0,8.0
1.473972602739726,0.02019275758595334,5.363445946900598e-31,0.9798072424140458,10000,20,0.0,0.0,8.0
1.4753424657534246,0.02021193170836668,5.052433262226021e-31,0.9797880682916325,10000,20,0.0,0.0,8.0
1.4767123287671233,0.020231105455556245,4.759507436458719e-31,0.9797688945444429,10000,20,0.0,0.0,8.0
1.478082191780822,0.020250278827529382,4.48361362609946e-31,0.9797497211724698,10000,20,0.0,0.0,8.0
1.4794520547945205,0.020269451824293426,4.223758681507439e-31,0.9797305481757058,10000,20,0.0,0.0,8.0
1.4808219178082191,0.02028862444585573,3.979007528519466e-31,0.9797113755541436,10000,20,0.0,0.0,8.0
1.4821917808219178,0.02030779669222363,3.7484797628808164e-31,0.9796922033077756,10000,20,0.0,0.0,8.0
1.4835616438356165,0.02032696856340447,3.531346444936086e-31,0.9796730314365948,10000,20,0.0,0.0,8.0
1.4849315068493152,0.020346140059405594,3.3268270827720555e-31,0.9796538599405936,10000,20,0.0,0.0,8.0
1.4863013698630136,0.02036531118023434,3.134186792701962e-31,0.9796346888197649,10000,20,0.0,0.0,8.0
1.4876712328767123,0.020384481925898052,2.952733626637463e-31,0.9796155180741012,10000,20,0.0,0.0,8.0
1.489041095890411,0.020403652296404073,2.7818160565130687e-31,0.9795963477035952,10000,20,0.0,0.0,8.0
1.4904109589041097,0.02042282229175974,2.620820606508006e-31,0.9795771777082395,10000,20,0.0,0.0,8.0
1.4917808219178081,0.020441991911972397,2.4691696243584053e-31,0.9795580080880268,10000,20,0.0,0.0,8.0
1.4931506849315068,0.02046116115704939,2.3263191835662946e-31,0.9795388388429499,10000,20,0.0,0.0,8.0
1.4945205479452055,0.020480330026998055,2.1917571087965774e-31,0.9795196699730012,10000,20,0.0,0.0,8.0
1.4958904109589042,0.020499498521825733,2.065001117207549e-31,0.9795005014781736,10000,20,0.0,0.0,8.0
1.4972602739726029,0.020518666641539767,1.9455970688897064e-31,0.9794813333584595,10000,20,0.0,0.0,8.0
1.4986301369863013,0.020537834386147494,1.8331173199900638e-31,0.9794621656138518,10000,20,0.0,0.0,8.0
1.5,0.020557001755656258,1.7271591724783427e-31,0.979442998244343,10000,20,0.0,0.0,8.0
1.5013698630136987,0.020576168750073398,1.6273434148684294e-31,0.9794238312499258,10000,20,0.0,0.0,8.0
1.5027397260273974,0.020595335369406255,1.5333129485434242e-31,0.979404664630593,10000,20,0.0,0.0,8.0
1.5041095890410958,0.020614501613662167,1.4447314946489685e-31,0.979385498386337,10000,20,0.0,0.0,8.0
1.5054794520547945,0.020633667482848478,1.3612823768160792e-31,0.9793663325171508,10000,20,0.0,0.0,8.0
1.5068493150684932,0.020652832976972527,1.2826673752546189e-31,0.9793471670230267,10000,20,0.0,0.0,8.0
1.5082191780821919,0.02067199809604165,1.2086056480209411e-31,0.9793280019039576,10000,20,0.0,0.0,8.0
1.5095890410958903,0.020691162840063188,1.138832715511161e-31,0.9793088371599361,10000,20,0.0,0.0,8.0
1.510958904109589,0.020710327209044484,1.0730995044638802e-31,0.9792896727909548,10000,20,0.0,0.0,8.0
1.5123287671232877,0.020729491202992875,1.0111714479755411e-31,0.9792705087970064,10000,20,0.0,0.0,8.0
1.5136986301369864,0.0207486548219157,9.528276382372434e-32,0.9792513451780835,10000,20,0.0,0.0,8.0
1.515068493150685,0.020767818065820298,8.978600288961358e-32,0.9792321819341789,10000,20,0.0,0.0,8.0
1.5164383561643835,0.020786980934714004,8.46072684126703e-32,0.9792130190652852,10000,20,0.0,0.0,8.0
1.5178082191780822,0.020806143428604162,7.972810716689494e-32,0.9791938565713951,10000,20,0.0,0.0,8.0
1.5191780821917809,0.020825305547498108,7.513113972521608e-32,0.9791746944525012,10000,20,0.0,0.0,8.0
1.5205479452054795,0.020844467291403185,7.0799997797462e-32,0.9791555327085961,10000,20,0.0,0.0,8.0
1.521917808219178,0.020863628660326723,6.671926523529636e-32,0.9791363713396726,10000,20,0.0,0.0,8.0
1.5232876712328767,0.020882789654276066,6.287442248892102e-32,0.9791172103457232,10000,20,0.0,0.0,8.0
1.5246575342465754,0.02090195027325855,5.925179431303207e-32,0.9790980497267407,10000,20,0.0,0.0,8.0
1.526027397260274,0.020921110517281516,5.58385005314062e-32,0.9790788894827178,10000,20,0.0,0.0,8.0
1.5273972602739727,0.020940270386352298,5.262240968073065e-32,0.9790597296136471,10000,20,0.0,0.0,8.0
1.5287671232876712,0.02095942988047823,4.959209536482782e-32,0.9790405701195212,10000,20,0.0,0.0,8.0
1.5301369863013699,0.020978588999666658,4.6736795160355397e-32,0.9790214110003327,10000,20,0.0,0.0,8.0
1.5315068493150685,0.020997747743924915,4.404637192441632e-32,0.9790022522560744,10000,20,0.0,0.0,8.0
1.5328767123287672,0.02101690611326034,4.151127736328812e-32,0.978983093886739,10000,20,0.0,0.0,8.0
1.5342465753424657,0.021036064107680264,3.912251772977314e-32,0.9789639358923191,10000,20,0.0,0.0,8.0
1.5356164383561643,0.02105522172719203,3.687162152444486e-32,0.9789447782728073,10000,20,0.0,0.0,8.0
1.536986301369863,0.021074378971802976,3.475060908340471e-32,0.9789256210281964,10000,20,0.0,0.0,8.0
1.5383561643835617,0.021093535841520433,3.2751963942045976e-32,0.9789064641584789,10000,20,0.0,0.0,8.0
1.5397260273972604,0.02111269233635174,3.0868605870824915e-32,0.9788873076636476,10000,20,0.0,0.0,8.0
1.5410958904109588,0.021131848456304232,2.909386548513871e-32,0.9788681515436951,10000,20,0.0,0.0,8.0
1.5424657534246575,0.02115100420138525,2.7421460337158943e-32,0.9788489957986141,10000,20,0.0,0.0,8.0
1.5438356164383562,0.021170159571602124,2.5845472402884164e-32,0.9788298404283972,10000,20,0.0,0.0,8.0
1.5452054794520549,0.021189314566962193,2.4360326882756405e-32,0.9788106854330371,10000,20,0.0,0.0,8.0
1.5465753424657533,0.021208469187472788,2.2960772238988257e-32,0.9787915308125265,10000,20,0.0,0.0,8.0
1.547945205479452,0.021227623433141253,2.1641861397248986e-32,0.978772376566858,10000,20,0.0,0.0,8.0
1.5493150684931507,0.021246777303974916,2.0398934044609167e-32,0.9787532226960244,10000,20,0.0,0.0,8.0
1.5506849315068494,0.021265930799981115,1.9227599959629625e-32,0.9787340692000182,10000,20,0.0,0.0,8.0
1.552054794520548,0.021285083921167187,1.8123723314248108e-32,0.9787149160788321,10000,20,0.0,0.0,8.0
1.5534246575342465,0.02130423666754046,1.7083407890650927e-32,0.9786957633324588,10000,20,0.0,0.0,8.0
1.5547945205479452,0.021323389039108277,1.6102983159647745e-32,0.978676610960891,10000,20,0.0,0.0,8.0
1.5561643835616439,0.02134254103587797,1.517899117020569e-32,0.9786574589641213,10000,20,0.0,0.0,8.0
1.5575342465753426,0.021361692657856875,1.4308174202743508e-32,0.9786383073421424,10000,20,0.0,0.0,8.0
1.558904109589041,0.021380843905052318,1.3487463141569568e-32,0.978619156094947,10000,20,0.0,0.0,8.0
1.5602739726027397,0.021399994777471645,1.2713966524457015e-32,0.9786000052225277,10000,20,0.0,0.0,8.0
1.5616438356164384,0.021419145275122183,1.1984960229813591e-32,0.9785808547248771,10000,20,0.0,0.0,8.0
1.563013698630137,0.021438295398011266,1.1297877764214716e-32,0.978561704601988,10000,20,0.0,0.0,8.0
1.5643835616438355,0.02145744514614623,1.0650301115253032e-32,0.978542554853853,10000,20,0.0,0.0,8.0
1.5657534246575342,0.02147659451953441,1.0039952136705919e-32,0.9785234054804648,10000,20,0.0,0.0,8.0
1.5671232876712329,0.021495743518183136,9.464684434957003e-33,0.978504256481816,10000,20,0.0,0.0,8.0
1.5684931506849316,0.021514892142099746,8.92247572742194e-33,0.9784851078578994,10000,20,0.0,0.0,8.0
1.5698630136986302,0.02153404039129157,8.411420645443769e-33,0.9784659596087076,10000,20,0.0,0.0,8.0
1.5712328767123287,0.021553188265765934,7.929723955731929e-33,0.9784468117342333,10000,20,0.0,0.0,8.0
1.5726027397260274,0.021572335765530186,7.475694175935649e-33,0.978427664234469,10000,20,0.0,0.0,8.0
1.573972602739726,0.021591482890591648,7.047737561371445e-33,0.9784085171094076,10000,20,0.0,0.0,8.0
1.5753424657534247,0.021610629640957658,6.644352441265477e-33,0.9783893703590416,10000,20,0.0,0.0,8.0
1.5767123287671232,0.02162977601663554,6.26412388413932e-33,0.9783702239833637,10000,20,0.0,0.0,8.0
1.5780821917808219,0.021648922017632636,5.905718673156439e-33,0.9783510779823666,10000,20,0.0,0.0,8.0
1.5794520547945206,0.021668067643956276,5.567880573369495e-33,0.978331932356043,10000,20,0.0,0.0,8.0
1.5808219178082192,0.021687212895613792,5.249425873861736e-33,0.9783127871043855,10000,20,0.0,0.0,8.0
1.582191780821918,0.021706357772612515,4.9492391887713557e-33,0.9782936422273868,10000,20,0.0,0.0,8.0
1.5835616438356164,0.02172550227495977,4.666269502121729e-33,0.9782744977250395,10000,20,0.0,0.0,8.0
1.584931506849315,0.021744646402662902,4.399526442261071e-33,0.9782553535973364,10000,20,0.0,0.0,8.0
1.5863013698630137,0.021763790155729237,4.1480767725448824e-33,0.9782362098442701,10000,20,0.0,0.0,8.0
1.5876712328767124,0.021782933534166105,3.911041085673347e-33,0.9782170664658332,10000,20,0.0,0.0,8.0
1.5890410958904109,0.021802076537980834,3.687590689832202e-33,0.9781979234620184,10000,20,0.0,0.0,8.0
1.5904109589041096,0.02182121916718076,3.4769446754760924e-33,0.9781787808328185,10000,20,0.0,0.0,8.0
1.5917808219178082,0.021840361421773216,3.278367152245723e-33,0.9781596385782261,10000,20,0.0,0.0,8.0
1.593150684931507,0.021859503301765525,3.091164646121922e-33,0.9781404966982338,10000,20,0.0,0.0,8.0
1.5945205479452056,0.02187864480716502,2.9146836474982667e-33,0.9781213551928343,10000,20,0.0,0.0,8.0
1.595890410958904,0.021897785937979034,2.748308301396655e-33,0.9781022140620202,10000,20,0.0,0.0,8.0
1.5972602739726027,0.0219169266942149,2.5914582315619807e-33,0.9780830733057844,10000,20,0.0,0.0,8.0
1.5986301369863014,0.021936067075879945,2.44358649065437e-33,0.9780639329241193,10000,20,0.0,0.0,8.0
1.6,0.021955207082981498,2.304177629210117e-33,0.9780447929170177,10000,20,0.0,0.0,8.0
1.6013698630136985,0.021974346715526887,2.172745876470508e-33,0.9780256532844723,10000,20,0.0,0.0,8.0
1.6027397260273972,0.02199348597352345,2.0488334265791572e-33,0.9780065140264758,10000,20,0.0,0.0,8.0
1.604109589041096,0.02201262485697851,1.9320088240277364e-33,0.9779873751430207,10000,20,0.0,0.0,8.0
1.6054794520547946,0.022031763365899397,1.8218654425857348e-33,0.9779682366340998,10000,20,0.0,0.0,8.0
1.6068493150684933,0.022050901500293443,1.718020052286323e-33,0.9779490984997058,10000,20,0.0,0.0,8.0
1.6082191780821917,0.022070039260167974,1.620111469356046e-33,0.9779299607398313,10000,20,0.0,0.0,8.0
1.6095890410958904,0.022089176645530322,1.5277992842737392e-33,0.977910823354469,10000,20,0.0,0.0,8.0
1.610958904109589,0.022108313656387813,1.4407626634246284e-33,0.9778916863436115,10000,20,0.0,0.0,8.0
1.6123287671232878,0.02212745029274778,1.3586992200789025e-33,0.9778725497072515,10000,20,0.0,0.0,8.0
1.6136986301369862,0.022146586554617546,1.2813239506731253e-33,0.9778534134453817,10000,20,0.0,0.0,8.0
1.615068493150685,0.022165722442004446,1.208368232606409e-33,0.9778342775579948,10000,20,0.0,0.0,8.0
1.6164383561643836,0.022184857954915805,1.1395788799839894e-33,0.9778151420450835,10000,20,0.0,0.0,8.0
1.6178082191780823,0.02220399309335895,1.0747172539478799e-33,0.9777960069066404,10000,20,0.0,0.0,8.0
1.619178082191781,0.02222312785734121,1.0135584244301013e-33,0.9777768721426581,10000,20,0.0,0.0,8.0
1.6205479452054794,0.022242262246869912,9.558903803477266e-34,0.9777577377531294,10000,20,0.0,0.0,8.0
1.621917808219178,0.022261396261952386,9.015132854322639e-34,0.9777386037380469,10000,20,0.0,0.0,8.0
1.6232876712328768,0.02228052990259596,8.502387770492514e-34,0.9777194700974033,10000,20,0.0,0.0,8.0
1.6246575342465754,0.022299663168807958,8.018893055172673e-34,0.9777003368311914,10000,20,0.0,0.0,8.0
1.626027397260274,0.022318796060595707,7.562975115805917e-34,0.9776812039394036,10000,20,0.0,0.0,8.0
1.6273972602739726,0.02233792857796654,7.133056398257843e-34,0.9776620714220328,10000,20,0.0,0.0,8.0
1.6287671232876713,0.02235706072092778,6.7276498596099e-34,0.9776429392790715,10000,20,0.0,0.0,8.0
1.63013698630137,0.022376192489486756,6.345353759973778e-34,0.9776238075105126,10000,20,0.0,0.0,8.0
1.6315068493150684,0.02239532388365079,5.984846754862065e-34,0.9776046761163486,10000,20,0.0,0.0,8.0
1.632876712328767,0.022414454903427215,5.644883270720026e-34,0.9775855450965721,10000,20,0.0,0.0,8.0
1.6342465753424658,0.022433585548823354,5.32428914723468e-34,0.977566414451176,10000,20,0.0,0.0,8.0
1.6356164383561644,0.022452715819846533,5.021957530985994e-34,0.9775472841801528,10000,20,0.0,0.0,8.0
1.6369863013698631,0.02247184571650408,4.7368450059025364e-34,0.9775281542834953,10000,20,0.0,0.0,8.0
1.6383561643835616,0.022490975238803317,4.4679679468260725e-34,0.977509024761196,10000,20,0.0,0.0,8.0
1.6397260273972603,0.022510104386751578,4.214399083284004e-34,0.9774898956132478,10000,20,0.0,0.0,8.0
1.641095890410959,0.022529233160356182,3.9752642613175035e-34,0.9774707668396432,10000,20,0.0,0.0,8.0
1.6424657534246576,0.022548361559624457,3.749739391916253e-34,0.9774516384403749,10000,20,0.0,0.0,8.0
1.643835616438356,0.022567489584563727,3.5370475752759083e-34,0.9774325104154356,10000,20,0.0,0.0,8.0
1.6452054794520548,0.02258661723518132,3.3364563907182806e-34,0.9774133827648179,10000,20,0.0,0.0,8.0
1.6465753424657534,0.022605744511484557,3.147275342703984e-34,0.9773942554885147,10000,20,0.0,0.0,8.0
1.6479452054794521,0.022624871413480768,2.9688534539205623e-34,0.9773751285865184,10000,20,0.0,0.0,8.0
1.6493150684931508,0.022643997941177274,2.800576996952604e-34,0.9773560020588219,10000,20,0.0,0.0,8.0
1.6506849315068493,0.022663124094581398,2.6418673565316067e-34,0.9773368759054177,10000,20,0.0,0.0,8.0
1.652054794520548,0.02268224987370047,2.4921790148267925e-34,0.9773177501262986,10000,20,0.0,0.0,8.0
1.6534246575342466,0.022701375278541817,2.3509976526750474e-34,0.9772986247214572,10000,20,0.0,0.0,8.0
1.6547945205479453,0.022720500309112757,2.2178383600583898e-34,0.9772794996908863,10000,20,0.0,0.0,8.0
1.6561643835616437,0.02273962496542061,2.0922439495255525e-34,0.9772603750345785,10000,20,0.0,0.0,8.0
1.6575342465753424,0.022758749247472714,1.9737833666183634e-34,0.9772412507525264,10000,20,0.0,0.0,8.0
1.658904109589041,0.022777873155276383,1.8620501917078314e-34,0.9772221268447228,10000,20,0.0,0.0,8.0
1.6602739726027398,0.02279699668883894,1.7566612279677828e-34,0.9772030033111602,10000,20,0.0,0.0,8.0
1.6616438356164385,0.022816119848167716,1.6572551705195155e-34,0.9771838801518314,10000,20,0.0,0.0,8.0
1.663013698630137,0.022835242633270025,1.5634913520677286e-34,0.9771647573667291,10000,20,0.0,0.0,8.0
1.6643835616438356,0.0228543650441532,1.4750485606185958e-34,0.9771456349558459,10000,20,0.0,0.0,8.0
1.6657534246575343,0.022873487080824557,1.3916239251260122e-34,0.9771265129191746,10000,20,0.0,0.0,8.0
1.667123287671233,0.022892608743291423,1.3129318651516148e-34,0.9771073912567078,10000,20,0.0,0.0,8.0
1.6684931506849314,0.022911730031561117,1.2387031008509036e-34,0.9770882699684381,10000,20,0.0,0.0,8.0
1.66986301369863,0.022930850945640964,1.168683719810462e-34,0.9770691490543583,10000,20,0.0,0.0,8.0
1.6712328767123288,0.02294997148553829,1.102634297462356e-34,0.977050028514461,10000,20,0.0,0.0,8.0
1.6726027397260275,0.02296909165126041,1.0403290679904642e-34,0.9770309083487388,10000,20,0.0,0.0,8.0
1.6739726027397261,0.022988211442814654,9.815551428220545e-35,0.9770117885571846,10000,20,0.0,0.0,8.0
1.6753424657534246,0.023007330860208338,9.261117739655124e-35,0.976992669139791,10000,20,0.0,0.0,8.0
1.6767123287671233,0.02302644990344879,8.7380965961326e-35,0.9769735500965505,10000,20,0.0,0.0,8.0
1.678082191780822,0.023045568572543328,8.244702895780408e-35,0.976954431427456,10000,20,0.0,0.0,8.0
1.6794520547945206,0.023064686867499275,7.779253282707707e-35,0.9769353131325,10000,20,0.0,0.0,8.0
1.680821917808219,0.023083804788323947,7.340160330606928e-35,0.9769161952116754,10000,20,0.0,0.0,8.0
1.6821917808219178,0.023102922335024676,6.92592705982904e-35,0.9768970776649747,10000,20,0.0,0.0,8.0
1.6835616438356165,0.02312203950760878,6.535141768758907e-35,0.9768779604923906,10000,20,0.0,0.0,8.0
1.6849315068493151,0.023141156306083575,6.166473161420284e-35,0.9768588436939158,10000,20,0.0,0.0,8.0
1.6863013698630138,0.023160272730456385,5.818665754284256e-35,0.976839727269543,10000,20,0.0,0.0,8.0
1.6876712328767123,0.023179388780734528,5.49053554623503e-35,0.9768206112192649,10000,20,0.0,0.0,8.0
1.689041095890411,0.02319850445692533,5.180965936571921e-35,0.976801495543074,10000,20,0.0,0.0,8.0
1.6904109589041096,0.02321761975903611,4.888903876798745e-35,0.9767823802409633,10000,20,0.0,0.0,8.0
1.6917808219178083,0.023236734687074188,4.613356242770994e-35,0.9767632653129252,10000,20,0.0,0.0,8.0
1.6931506849315068,0.023255849241046882,4.353386414546604e-35,0.9767441507589525,10000,20,0.0,0.0,8.0
1.6945205479452055,0.02327496342096152,4.108111052013589e-35,0.9767250365790379,10000,20,0.0,0.0,8.0
1.6958904109589041,0.023294077226825412,3.876697055055839e-35,0.9767059227731739,10000,20,0.0,0.0,8.0
1.6972602739726028,0.023313190658645885,3.658358697663956e-35,0.9766868093413534,10000,20,0.0,0.0,8.0
1.6986301369863013,0.023332303716430254,3.4523549260092566e-35,0.9766676962835691,10000,20,0.0,0.0,8.0
1.7,0.023351416400185843,3.2579868110725034e-35,0.9766485835998135,10000,20,0.0,0.0,8.0
1.7013698630136986,0.023370528709919968,3.0745951469612724e-35,0.9766294712900794,10000,20,0.0,0.0,8.0
1.7027397260273973,0.02338964064563995,2.901558186558829e-35,0.9766103593543594,10000,20,0.0,0.0,8.0
1.704109589041096,0.02340875220735311,2.738289506629232e-35,0.9765912477926462,10000,20,0.0,0.0,8.0
1.7054794520547945,0.023427863395066757,2.5842359949556885e-35,0.9765721366049325,10000,20,0.0,0.0,8.0
1.7068493150684931,0.023446974208788225,2.438875952516084e-35,0.9765530257912111,10000,20,0.0,0.0,8.0
1.7082191780821918,0.023466084648524826,2.30171730410233e-35,0.9765339153514745,10000,20,0.0,0.0,8.0
1.7095890410958905,0.023485194714283876,2.1722959111683358e-35,0.9765148052857154,10000,20,0.0,0.0,8.0
1.710958904109589,0.023504304406072693,2.0501739810494864e-35,0.9764956955939266,10000,20,0.0,0.0,8.0
1.7123287671232876,0.0235234137238986,1.9349385670324495e-35,0.9764765862761007,10000,20,0.0,0.0,8.0
1.7136986301369863,0.023542522667768916,1.8262001540719135e-35,0.9764574773322303,10000,20,0.0,0.0,8.0
1.715068493150685,0.023561631237690953,1.7235913252490692e-35,0.9764383687623083,10000,20,0.0,0.0,8.0
1.7164383561643837,0.023580739433672032,1.6267655043490437e-35,0.9764192605663272,10000,20,0.0,0.0,8.0
1.7178082191780821,0.02359984725571947,1.5353957701995658e-35,0.9764001527442798,10000,20,0.0,0.0,8.0
1.7191780821917808,0.023618954703840588,1.4491737386633676e-35,0.9763810452961587,10000,20,0.0,0.0,8.0
1.7205479452054795,0.023638061778042698,1.3678085084128954e-35,0.9763619382219565,10000,20,0.0,0.0,8.0
1.7219178082191782,0.023657168478333122,1.2910256668375975e-35,0.9763428315216661,10000,20,0.0,0.0,8.0
1.7232876712328766,0.023676274804719174,1.2185663526440026e-35,0.9763237251952801,10000,20,0.0,0.0,8.0
1.7246575342465753,0.023695380757208173,1.1501863719057761e-35,0.9763046192427911,10000,20,0.0,0.0,8.0
1.726027397260274,0.023714486335807437,1.0856553645072978e-35,0.9762855136641918,10000,20,0.0,0.0,8.0
1.7273972602739727,0.02373359154052428,1.0247560180991933e-35,0.976266408459475,10000,20,0.0,0.0,8.0
1.7287671232876713,0.02375269637136602,9.67283326849885e-36,0.9762473036286332,10000,20,0.0,0.0,8.0
1.7301369863013698,0.023771800828339972,9.130438924327128e-36,0.9762281991716593,10000,20,0.0,0.0,8.0
1.7315068493150685,0.023790904911453456,8.618552648349694e-36,0.9762090950885458,10000,20,0.0,0.0,8.0
1.7328767123287672,0.023810008620713783,8.135453207136929e-36,0.9761899913792855,10000,20,0.0,0.0,8.0
1.7342465753424658,0.023829111956128274,7.679516771531387e-36,0.9761708880438711,10000,20,0.0,0.0,8.0
1.7356164383561643,0.02384821491770424,7.249211388020535e-36,0.9761517850822952,10000,20,0.0,0.0,8.0
1.736986301369863,0.023867317505449,6.843091764844666e-36,0.9761326824945504,10000,20,0.0,0.0,8.0
1.7383561643835617,0.02388641971936987,6.45979435487095e-36,0.9761135802806296,10000,20,0.0,0.0,8.0
1.7397260273972603,0.023905521559474167,6.098032718291081e-36,0.9760944784405252,10000,20,0.0,0.0,8.0
1.741095890410959,0.023924623025769202,5.7565931491723746e-36,0.9760753769742302,10000,20,0.0,0.0,8.0
1.7424657534246575,0.02394372411826229,5.434330550804928e-36,0.9760562758817372,10000,20,0.0,0.0,8.0
1.7438356164383562,0.023962824836960748,5.130164545649405e-36,0.9760371751630387,10000,20,0.0,0.0,8.0
1.7452054794520548,0.023981925181871894,4.8430758065032544e-36,0.9760180748181275,10000,20,0.0,0.0,8.0
1.7465753424657535,0.024001025153003036,4.572102596267058e-36,0.9759989748469964,10000,20,0.0,0.0,8.0
1.747945205479452,0.024020124750361492,4.31633750441629e-36,0.9759798752496379,10000,20,0.0,0.0,8.0
1.7493150684931507,0.02403922397395458,4.0749243689627325e-36,0.9759607760260448,10000,20,0.0,0.0,8.0
1.7506849315068493,0.02405832282378961,3.8470553733323195e-36,0.9759416771762098,10000,20,0.0,0.0,8.0
1.752054794520548,0.024077421299873895,3.631968308189219e-36,0.9759225787001256,10000,20,0.0,0.0,8.0
1.7534246575342465,0.02409651940221475,3.4289439888073274e-36,0.9759034805977846,10000,20,0.0,0.0,8.0
1.7547945205479452,0.024115617130819493,3.237303819126437e-36,0.9758843828691799,10000,20,0.0,0.0,8.0
1.7561643835616438,0.024134714485695433,3.056407494137726e-36,0.975865285514304,10000,20,0.0,0.0,8.0
1.7575342465753425,0.02415381146684989,2.8856508327194214e-36,0.9758461885331495,10000,20,0.0,0.0,8.0
1.7589041095890412,0.02417290807429017,2.724463733494678e-36,0.9758270919257093,10000,20,0.0,0.0,8.0
1.7602739726027397,0.02419200430802359,2.572308246707281e-36,0.9758079956919758,10000,20,0.0,0.0,8.0
1.7616438356164383,0.02421110016805746,2.4286767555108156e-36,0.975788899831942,10000,20,0.0,0.0,8.0
1.763013698630137,0.024230195654399097,2.2930902604444587e-36,0.9757698043456003,10000,20,0.0,0.0,8.0
1.7643835616438357,0.02424929076705581,2.165096761223156e-36,0.9757507092329436,10000,20,0.0,0.0,8.0
1.7657534246575342,0.024268385506034915,2.0442697303059384e-36,0.9757316144939645,10000,20,0.0,0.0,8.0
1.7671232876712328,0.024287479871343727,1.9302066730214005e-36,0.9757125201286557,10000,20,0.0,0.0,8.0
1.7684931506849315,0.024306573862989553,1.8225277693278032e-36,0.9756934261370099,10000,20,0.0,0.0,8.0
1.7698630136986302,0.024325667480979706,1.72087459256535e-36,0.9756743325190198,10000,20,0.0,0.0,8.0
1.7712328767123289,0.0243447607253215,1.6249089008236283e-36,0.975655239274678,10000,20,0.0,0.0,8.0
1.7726027397260273,0.024363853596022247,1.5343114967963922e-36,0.9756361464039772,10000,20,0.0,0.0,8.0
1.773972602739726,0.024382946093089258,1.4487811522312428e-36,0.9756170539069102,10000,20,0.0,0.0,8.0
1.7753424657534247,0.024402038216529847,1.3680335933039033e-36,0.9755979617834697,10000,20,0.0,0.0,8.0
1.7767123287671234,0.024421129966351325,1.291800543455468e-36,0.9755788700336482,10000,20,0.0,0.0,8.0
1.7780821917808218,0.024440221342561,1.2198288204287611e-36,0.9755597786574385,10000,20,0.0,0.0,8.0
1.7794520547945205,0.024459312345166184,1.1518794844255059e-36,0.9755406876548333,10000,20,0.0,0.0,8.0
1.7808219178082192,0.024478402974174193,1.0877270344816863e-36,0.9755215970258253,10000,20,0.0,0.0,8.0
1.7821917808219179,0.024497493229592333,1.027158650323378e-36,0.9755025067704072,10000,20,0.0,0.0,8.0
1.7835616438356166,0.024516583111427917,9.699734771216109e-37,0.9754834168885715,10000,20,0.0,0.0,8.0
1.784931506849315,0.024535672619688254,9.159819507115596e-37,0.9754643273803112,10000,20,0.0,0.0,8.0
1.7863013698630137,0.024554761754380657,8.650051609799592e-37,0.9754452382456188,10000,20,0.0,0.0,8.0
1.7876712328767124,0.024573850515512436,8.168742512554893e-37,0.975426149484487,10000,20,0.0,0.0,8.0
1.789041095890411,0.024592938903090902,7.714298516597709e-37,0.9754070610969086,10000,20,0.0,0.0,8.0
1.7904109589041095,0.024612026917123362,7.285215444931169e-37,0.9753879730828761,10000,20,0.0,0.0,8.0
1.7917808219178082,0.02463111455761713,6.880073598384971e-37,0.9753688854423823,10000,20,0.0,0.0,8.0
1.7931506849315069,0.024650201824579512,6.497532996706826e-37,0.9753497981754199,10000,20,0.0,0.0,8.0
1.7945205479452055,0.024669288718017823,6.136328888546982e-37,0.9753307112819816,10000,20,0.0,0.0,8.0
1.7958904109589042,0.024688375237939368,5.7952675150980556e-37,0.97531162476206,10000,20,0.0,0.0,8.0
1.7972602739726027,0.024707461384351453,5.473222113017196e-37,0.9752925386156479,10000,20,0.0,0.0,8.0
1.7986301369863014,0.024726547157261396,5.169129143074497e-37,0.9752734528427379,10000,20,0.0,0.0,8.0
1.8,0.024745632556676504,4.881984731742857e-37,0.9752543674433228,10000,20,0.0,0.0,8.0
1.8013698630136987,0.02476471758260408,4.610841313669005e-37,0.9752352824173952,10000,20,0.0,0.0,8.0
1.8027397260273972,0.024783802235051437,4.354804463652246e-37,0.9752161977649478,10000,20,0.0,0.0,8.0
1.8041095890410959,0.024802886514025888,4.113029907402032e-37,0.9751971134859734,10000,20,0.0,0.0,8.0
1.8054794520547945,0.024821970419534736,3.884720700955859e-37,0.9751780295804645,10000,20,0.0,0.0,8.0
1.8068493150684932,0.02484105395158529,3.669124569211926e-37,0.9751589460484139,10000,20,0.0,0.0,8.0
1.808219178082192,0.024860137110184862,3.4655313945742456e-37,0.9751398628898144,10000,20,0.0,0.0,8.0
1.8095890410958904,0.024879219895340754,3.2732708472179176e-37,0.9751207801046584,10000,20,0.0,0.0,8.0
1.810958904109589,0.024898302307060277,3.0917101489642247e-37,0.9751016976929389,10000,20,0.0,0.0,8.0
1.8123287671232877,0.024917384345350742,2.9202519632102107e-37,0.9750826156546484,10000,20,0.0,0.0,8.0
1.8136986301369864,0.02493646601021945,2.7583324037848866e-37,0.9750635339897796,10000,20,0.0,0.0,8.0
1.8150684931506849,0.024955547301673715,2.6054191560095004e-37,0.9750444526983254,10000,20,0.0,0.0,8.0
1.8164383561643835,0.024974628219720844,2.4610097036196766e-37,0.9750253717802783,10000,20,0.0,0.0,8.0
1.8178082191780822,0.02499370876436814,2.3246296555674738e-37,0.975006291235631,10000,20,0.0,0.0,8.0
1.819178082191781,0.025012788935622914,2.195831167059598e-37,0.9749872110643762,10000,20,0.0,0.0,8.0
1.8205479452054794,0.025031868733492467,2.0741914495086885e-37,0.9749681312665067,10000,20,0.0,0.0,8.0
1.821917808219178,0.025050948157984115,1.9593113643755593e-37,0.9749490518420151,10000,20,0.0,0.0,8.0
1.8232876712328767,0.02507002720910516,1.8508140961653504e-37,0.974929972790894,10000,20,0.0,0.0,8.0
1.8246575342465754,0.025089105886862906,1.7483439001081446e-37,0.9749108941131363,10000,20,0.0,0.0,8.0
1.826027397260274,0.025108184191264666,1.651564920308378e-37,0.9748918158087345,10000,20,0.0,0.0,8.0
1.8273972602739725,0.025127262122317737,1.560160074385674e-37,0.9748727378776815,10000,20,0.0,0.0,8.0
1.8287671232876712,0.025146339680029436,1.4738300008549108e-37,0.9748536603199698,10000,20,0.0,0.0,8.0
1.83013698630137,0.025165416864407063,1.3922920657059957e-37,0.9748345831355921,10000,20,0.0,0.0,8.0
1.8315068493150686,0.025184493675457924,1.3152794248435993e-37,0.9748155063245413,10000,20,0.0,0.0,8.0
1.832876712328767,0.025203570113189324,1.242540139236589e-37,0.9747964298868099,10000,20,0.0,0.0,8.0
1.8342465753424657,0.02522264617760857,1.1738363398047165e-37,0.9747773538223907,10000,20,0.0,0.0,8.0
1.8356164383561644,0.02524172186872297,1.108943439238575e-37,0.9747582781312764,10000,20,0.0,0.0,8.0
1.836986301369863,0.025260797186539827,1.0476493881069878e-37,0.9747392028134595,10000,20,0.0,0.0,8.0
1.8383561643835618,0.025279872131066444,9.897539727559814e-38,0.9747201278689329,10000,20,0.0,0.0,8.0
1.8397260273972602,0.025298946702310126,9.35068152644352e-38,0.9747010532976892,10000,20,0.0,0.0,8.0
1.841095890410959,0.025318020900278182,8.834134348939518e-38,0.9746819790997211,10000,20,0.0,0.0,8.0
1.8424657534246576,0.025337094724977915,8.346212839585481e-38,0.9746629052750214,10000,20,0.0,0.0,8.0
1.8438356164383563,0.02535616817641663,7.885325644332319e-38,0.9746438318235827,10000,20,0.0,0.0,8.0
1.8452054794520547,0.025375241254601624,7.449970151383992e-38,0.9746247587453977,10000,20,0.0,0.0,8.0
1.8465753424657534,0.025394313959540213,7.038727527174844e-38,0.974605686040459,10000,20,0.0,0.0,8.0
1.847945205479452,0.025413386291239695,6.650258030872582e-38,0.9745866137087595,10000,20,0.0,0.0,8.0
1.8493150684931507,0.025432458249707374,6.283296591730448e-38,0.9745675417502918,10000,20,0.0,0.0,8.0
1.8506849315068494,0.025451529834950557,5.9366486344994e-38,0.9745484701650486,10000,20,0.0,0.0,8.0
1.8520547945205479,0.025470601046976543,5.609186138944415e-38,0.9745293989530227,10000,20,0.0,0.0,8.0
1.8534246575342466,0.02548967188579264,5.299843920296645e-38,0.9745103281142066,10000,20,0.0,0.0,8.0
1.8547945205479452,0.025508742351406148,5.007616118217097e-38,0.974491257648593,10000,20,0.0,0.0,8.0
1.856164383561644,0.025527812443824374,4.731552882546525e-38,0.9744721875561748,10000,20,0.0,0.0,8.0
1.8575342465753424,0.025546882163054615,4.470757244779358e-38,0.9744531178369445,10000,20,0.0,0.0,8.0
1.858904109589041,0.025565951509104182,4.224382164821872e-38,0.974434048490895,10000,20,0.0,0.0,8.0
1.8602739726027397,0.025585020481980376,3.991627743184625e-38,0.9744149795180188,10000,20,0.0,0.0,8.0
1.8616438356164384,0.025604089081690495,3.771738589312893e-38,0.9743959109183087,10000,20,0.0,0.0,8.0
1.863013698630137,0.025623157308241846,3.564001337284196e-38,0.9743768426917573,10000,20,0.0,0.0,8.0
1.8643835616438356,0.025642225161641725,3.367742300595396e-38,0.9743577748383574,10000,20,0.0,0.0,8.0
1.8657534246575342,0.025661292641897444,3.182325258228245e-38,0.9743387073581017,10000,20,0.0,0.0,8.0
1.867123287671233,0.0256803597490163,3.0071493646228554e-38,0.9743196402509828,10000,20,0.0,0.0,8.0
1.8684931506849316,0.025699426483005595,2.8416471766025695e-38,0.9743005735169935,10000,20,0.0,0.0,8.0
1.86986301369863,0.025718492843872627,2.6852827906865115e-38,0.9742815071561265,10000,20,0.0,0.0,8.0
1.8712328767123287,0.025737558831624704,2.5375500845948013e-38,0.9742624411683745,10000,20,0.0,0.0,8.0
1.8726027397260274,0.025756624446269128,2.397971057100848e-38,0.9742433755537301,10000,20,0.0,0.0,8.0
1.873972602739726,0.025775689687813196,2.2660942607132175e-38,0.974224310312186,10000,20,0.0,0.0,8.0
1.8753424657534248,0.02579475455626421,2.1414933219808801e-38,0.974205245443735,10000,20,0.0,0.0,8.0
1.8767123287671232,0.025813819051629473,2.023765544508035e-38,0.9741861809483697,10000,20,0.0,0.0,8.0
1.878082191780822,0.02583288317391629,1.9125305900411374e-38,0.9741671168260829,10000,20,0.0,0.0,8.0
1.8794520547945206,0.025851946923131953,1.8074292332519054e-38,0.9741480530768672,10000,20,0.0,0.0,8.0
1.8808219178082193,0.025871010299283768,1.7081221860855005e-38,0.9741289897007155,10000,20,0.0,0.0,8.0
1.8821917808219177,0.02589007330237903,1.6142889877759566e-38,0.9741099266976202,10000,20,0.0,0.0,8.0
1.8835616438356164,0.02590913593242505,1.5256269568495307e-38,0.9740908640675742,10000,20,0.0,0.0,8.0
1.884931506849315,0.02592819818942912,1.4418502016438557e-38,0.9740718018105701,10000,20,0.0,0.0,8.0
1.8863013698630138,0.025947260073398544,1.3626886860653216e-38,0.9740527399266007,10000,20,0.0,0.0,8.0
1.8876712328767122,0.025966321584340618,1.2878873474917683e-38,0.9740336784156586,10000,20,0.0,0.0,8.0
1.889041095890411,0.025985382722262647,1.2172052639008974e-38,0.9740146172777365,10000,20,0.0,0.0,8.0
1.8904109589041096,0.026004443487171926,1.150414867469113e-38,0.9739955565128272,10000,20,0.0,0.0,8.0
1.8917808219178083,0.02602350387907576,1.0873012020397757e-38,0.9739764961209234,10000,20,0.0,0.0,8.0
1.893150684931507,0.026042563897981444,1.0276612220062787e-38,0.9739574361020177,10000,20,0.0,0.0,8.0
1.8945205479452054,0.026061623543896274,9.713031302928818e-39,0.9739383764561028,10000,20,0.0,0.0,8.0
1.895890410958904,0.026080682816827558,9.18045753246285e-39,0.9739193171831715,10000,20,0.0,0.0,8.0
1.8972602739726028,0.02609974171678259,8.677179503738029e-39,0.9739002582832165,10000,20,0.0,0.0,8.0
1.8986301369863015,0.02611880024376867,8.201580569794833e-39,0.9738811997562304,10000,20,0.0,0.0,8.0
1.9,0.026137858397793094,7.752133578591177e-39,0.973862141602206,10000,20,0.0,0.0,8.0
1.9013698630136986,0.026156916178863166,7.3273959031799e-39,0.9738430838211359,10000,20,0.0,0.0,8.0
1.9027397260273973,0.02617597358698618,6.92600474872754e-39,0.9738240264130129,10000,20,0.0,0.0,8.0
1.904109589041096,0.026195030622169435,6.546672720904282e-39,0.9738049693778297,10000,20,0.0,0.0,8.0
1.9054794520547946,0.02621408728442023,6.188183641044519e-39,0.9737859127155789,10000,20,0.0,0.0,8.0
1.906849315068493,0.02623314357374586,5.8493885942941273e-39,0.9737668564262533,10000,20,0.0,0.0,8.0
1.9082191780821918,0.02625219949015363,5.529202197732985e-39,0.9737478005098456,10000,20,0.0,0.0,8.0
1.9095890410958904,0.026271255033650832,5.226599076191133e-39,0.9737287449663483,10000,20,0.0,0.0,8.0
1.9109589041095891,0.026290310204244768,4.940610534162956e-39,0.9737096897957543,10000,20,0.0,0.0,8.0
1.9123287671232876,0.02630936500194273,4.670321412874976e-39,0.9736906349980564,10000,20,0.0,0.0,8.0
1.9136986301369863,0.026328419426752018,4.414867122174172e-39,0.9736715805732471,10000,20,0.0,0.0,8.0
1.915068493150685,0.02634747347867993,4.1734308374833813e-39,0.9736525265213192,10000,20,0.0,0.0,8.0
1.9164383561643836,0.02636652715773376,3.945240852614689e-39,0.9736334728422653,10000,20,0.0,0.0,8.0
1.9178082191780823,0.026385580463920807,3.729568079748465e-39,0.9736144195360783,10000,20,0.0,0.0,8.0
1.9191780821917808,0.026404633397248366,3.5257236883711695e-39,0.9735953666027507,10000,20,0.0,0.0,8.0
1.9205479452054794,0.02642368595772374,3.33305687542416e-39,0.9735763140422753,10000,20,0.0,0.0,8.0
1.9219178082191781,0.02644273814535422,3.150952759349673e-39,0.9735572618546449,10000,20,0.0,0.0,8.0
1.9232876712328768,0.0264617899601471,2.978830391127971e-39,0.973538210039852,10000,20,0.0,0.0,8.0
1.9246575342465753,0.026480841402109677,2.816140875786897e-39,0.9735191585978894,10000,20,0.0,0.0,8.0
1.926027397260274,0.026499892471249252,2.662365598228571e-39,0.9735001075287498,10000,20,0.0,0.0,8.0
1.9273972602739726,0.026518943167573118,2.5170145475627284e-39,0.9734810568324259,10000,20,0.0,0.0,8.0
1.9287671232876713,0.026537993491088572,2.3796247344599286e-39,0.9734620065089105,10000,20,0.0,0.0,8.0
1.93013698630137,0.026557043441802906,2.2497586963452794e-39,0.9734429565581961,10000,20,0.0,0.0,8.0
1.9315068493150684,0.026576093019723416,2.1270030855420967e-39,0.9734239069802756,10000,20,0.0,0.0,8.0
1.9328767123287671,0.026595142224857402,2.0109673357480762e-39,0.9734048577751416,10000,20,0.0,0.0,8.0
1.9342465753424658,0.026614191057212157,1.9012824024847493e-39,0.9733858089427869,10000,20,0.0,0.0,8.0
1.9356164383561645,0.026633239516794974,1.7975995734036753e-39,0.9733667604832041,10000,20,0.0,0.0,8.0
1.936986301369863,0.026652287603613146,1.6995893445632707e-39,0.973347712396386,10000,20,0.0,0.0,8.0
1.9383561643835616,0.026671335317673975,1.6069403590065344e-39,0.9733286646823252,10000,20,0.0,0.0,8.0
1.9397260273972603,0.02669038265898475,1.5193584041751325e-39,0.9733096173410144,10000,20,0.0,0.0,8.0
1.941095890410959,0.02670942962755277,1.4365654648880224e-39,0.9732905703724464,10000,20,0.0,0.0,8.0
1.9424657534246577,0.026728476223385325,1.3582988287958112e-39,0.9732715237766139,10000,20,0.0,0.0,8.0
1.9438356164383561,0.026747522446489706,1.2843102413939876e-39,0.9732524775535095,10000,20,0.0,0.0,8.0
1.9452054794520548,0.026766568296873215,1.2143651078408144e-39,0.973233431703126,10000,20,0.0,0.0,8.0
1.9465753424657535,0.02678561377454314,1.148241738979432e-39,0.9732143862254561,10000,20,0.0,0.0,8.0
1.9479452054794522,0.02680465887950678,1.0857306391082533e-39,0.9731953411204924,10000,20,0.0,0.0,8.0
1.9493150684931506,0.02682370361177142,1.0266338331809965e-39,0.9731762963882278,10000,20,0.0,0.0,8.0
1.9506849315068493,0.026842747971344363,9.707642312465835e-40,0.9731572520286549,10000,20,0.0,0.0,8.0
1.952054794520548,0.0268617919582329,9.179450280613777e-40,0.9731382080417663,10000,20,0.0,0.0,8.0
1.9534246575342467,0.02688083557244432,8.680091359210594e-40,0.9731191644275549,10000,20,0.0,0.0,8.0
1.9547945205479451,0.026899878813985915,8.207986488684938e-40,0.9731001211860133,10000,20,0.0,0.0,8.0
1.9561643835616438,0.02691892168286499,7.761643365363508e-40,0.9730810783171342,10000,20,0.0,0.0,8.0
1.9575342465753425,0.026937964179088825,7.339651659803777e-40,0.9730620358209103,10000,20,0.0,0.0,8.0
1.9589041095890412,0.02695700630266472,6.940678499504592e-40,0.9730429936973345,10000,20,0.0,0.0,8.0
1.9602739726027398,0.02697604805359996,6.5634642013326745e-40,0.9730239519463992,10000,20,0.0,0.0,8.0
1.9616438356164383,0.02699508943190184,6.206818239817216e-40,0.9730049105680973,10000,20,0.0,0.0,8.0
1.963013698630137,0.02701413043757766,5.869615438235228e-40,0.9729858695624215,10000,20,0.0,0.0,8.0
1.9643835616438357,0.0270331710706347,5.550792370138625e-40,0.9729668289293645,10000,20,0.0,0.0,8.0
1.9657534246575343,0.02705221133108026,5.249343959658751e-40,0.972947788668919,10000,20,0.0,0.0,8.0
1.9671232876712328,0.027071251218921625,4.964320269574527e-40,0.9729287487810776,10000,20,0.0,0.0,8.0
1.9684931506849315,0.027090290734166095,4.694823466741089e-40,0.9729097092658331,10000,20,0.0,0.0,8.0
1.9698630136986301,0.027109329876820958,4.440004955055256e-40,0.9728906701231782,10000,20,0.0,0.0,8.0
1.9712328767123288,0.027128368646893504,4.199062666678412e-40,0.9728716313531056,10000,20,0.0,0.0,8.0
1.9726027397260275,0.027147407044391024,3.9712385027544265e-40,0.9728525929556081,10000,20,0.0,0.0,8.0
1.973972602739726,0.027166445069320807,3.755815915346048e-40,0.9728335549306784,10000,20,0.0,0.0,8.0
1.9753424657534246,0.027185482721690152,3.5521176227729085e-40,0.972814517278309,10000,20,0.0,0.0,8.0
1.9767123287671233,0.027204520001506343,3.359503450968953e-40,0.9727954799984928,10000,20,0.0,0.0,8.0
1.978082191780822,0.02722355690877667,3.1773682938857486e-40,0.9727764430912225,10000,20,0.0,0.0,8.0
1.9794520547945205,0.027242593443508427,3.0051401863563883e-40,0.9727574065564907,10000,20,0.0,0.0,8.0
1.9808219178082191,0.027261629605708906,2.84227848319925e-40,0.9727383703942902,10000,20,0.0,0.0,8.0
1.9821917808219178,0.02728066539538539,2.6882721386868225e-40,0.9727193346046138,10000,20,0.0,0.0,8.0
1.9835616438356165,0.027299700812545177,2.542638080829722e-40,0.972700299187454,10000,20,0.0,0.0,8.0
1.9849315068493152,0.02731873585719555,2.4049196752347983e-40,0.9726812641428036,10000,20,0.0,0.0,8.0
1.9863013698630136,0.027337770529343802,2.2746852735862956e-40,0.9726622294706554,10000,20,0.0,0.0,8.0
1.9876712328767123,0.027356804828997223,2.151526842073608e-40,0.972643195171002,10000,20,0.0,0.0,8.0
1.989041095890411,0.027375838756163104,2.035058665348784e-40,0.9726241612438361,10000,20,0.0,0.0,8.0
1.9904109589041097,0.02739487231084873,1.9249161218410232e-40,0.9726051276891505,10000,20,0.0,0.0,8.0
1.9917808219178081,0.02741390549306139,1.820754526487367e-40,0.9725860945069379,10000,20,0.0,0.0,8.0
1.9931506849315068,0.027432938302808376,1.7222480371565722e-40,0.9725670616971909,10000,20,0.0,0.0,8.0
1.9945205479452055,0.02745197074009698,1.6290886212498747e-40,0.9725480292599022,10000,20,0.0,0.0,8.0
1.9958904109589042,0.027471002804934485,1.5409850791564965e-40,0.9725289971950647,10000,20,0.0,0.0,8.0
1.9972602739726029,0.027490034497328182,1.4576621214262863e-40,0.972509965502671,10000,20,0.0,0.0,8.0
1.9986301369863013,0.027509065817285357,1.3788594966952544e-40,0.9724909341827138,10000,20,0.0,0.0,8.0
2.0,0.0275280967648133,1.304331167563874e-40,0.9724719032351858,10000,20,0.0,0.0,8.0
2.0013698630136987,0.027547127339919302,1.2338445317832317e-40,0.9724528726600798,10000,20,0.0,0.0,8.0
2.0027397260273974,0.027566157542610648,1.1671796862500267e-40,0.9724338424573885,10000,20,0.0,0.0,8.0
2.004109589041096,0.027585187372894625,1.1041287314501035e-40,0.9724148126271045,10000,20,0.0,0.0,8.0
2.0054794520547947,0.027604216830778523,1.0444951141205015e-40,0.9723957831692206,10000,20,0.0,0.0,8.0
2.006849315068493,0.027623245916269624,9.88093006023433e-41,0.9723767540837295,10000,20,0.0,0.0,8.0
2.0082191780821916,0.027642274629375223,9.34746716841944e-41,0.9723577253706239,10000,20,0.0,0.0,8.0
2.0095890410958903,0.027661302970102608,8.842901393174145e-41,0.9723386970298965,10000,20,0.0,0.0,8.0
2.010958904109589,0.02768033093845906,8.365662248523324e-41,0.9723196690615401,10000,20,0.0,0.0,8.0
2.0123287671232877,0.02769935853445187,7.914264879005803e-41,0.9723006414655473,10000,20,0.0,0.0,8.0
2.0136986301369864,0.027718385758088323,7.487305375597976e-41,0.9722816142419108,10000,20,0.0,0.0,8.0
2.015068493150685,0.027737412609375706,7.083456348680929e-41,0.9722625873906234,10000,20,0.0,0.0,8.0
2.0164383561643837,0.027756439088321306,6.701462743900828e-41,0.9722435609116779,10000,20,0.0,0.0,8.0
2.0178082191780824,0.02777546519493241,6.340137887553785e-41,0.9722245348050668,10000,20,0.0,0.0,8.0
2.0191780821917806,0.027794490929216296,5.99835974886462e-41,0.9722055090707828,10000,20,0.0,0.0,8.0
2.0205479452054793,0.027813516291180264,5.675067407225443e-41,0.9721864837088189,10000,20,0.0,0.0,8.0
2.021917808219178,0.027832541280831593,5.369257713120907e-41,0.9721674587191675,10000,20,0.0,0.0,8.0
2.0232876712328767,0.027851565898177572,5.079982132085284e-41,0.9721484341018216,10000,20,0.0,0.0,8.0
2.0246575342465754,0.027870590143225484,4.806343761628164e-41,0.9721294098567737,10000,20,0.0,0.0,8.0
2.026027397260274,0.027889614015982615,4.547494511618396e-41,0.9721103859840166,10000,20,0.0,0.0,8.0
2.0273972602739727,0.02790863751645625,4.3026324391411943e-41,0.9720913624835429,10000,20,0.0,0.0,8.0
2.0287671232876714,0.027927660644653674,4.0709992293386594e-41,0.9720723393553454,10000,20,0.0,0.0,8.0
2.03013698630137,0.027946683400582175,3.851877814212034e-41,0.972053316599417,10000,20,0.0,0.0,8.0
2.0315068493150683,0.02796570578424903,3.6445901218062585e-41,0.9720342942157502,10000,20,0.0,0.0,8.0
2.032876712328767,0.027984727795661538,3.448494948614639e-41,0.9720152722043377,10000,20,0.0,0.0,8.0
2.0342465753424657,0.028003749434826974,3.262985948437481e-41,0.9719962505651722,10000,20,0.0,0.0,8.0
2.0356164383561643,0.028022770701752624,3.087489731299003e-41,0.9719772292982466,10000,20,0.0,0.0,8.0
2.036986301369863,0.02804179159644577,2.9214640663814306e-41,0.9719582084035534,10000,20,0.0,0.0,8.0
2.0383561643835617,0.028060812118913703,2.7643961832664883e-41,0.9719391878810855,10000,20,0.0,0.0,8.0
2.0397260273972604,0.0280798322691637,2.6158011660893637e-41,0.9719201677308354,10000,20,0.0,0.0,8.0
2.041095890410959,0.02809885204720305,2.4752204355071467e-41,0.9719011479527961,10000,20,0.0,0.0,8.0
2.0424657534246577,0.028117871453039036,2.342220313664358e-41,0.9718821285469601,10000,20,0.0,0.0,8.0
2.043835616438356,0.028136890486678934,2.2163906676033265e-41,0.9718631095133202,10000,20,0.0,0.0,8.0
2.0452054794520547,0.028155909148130043,2.0973436268173775e-41,0.9718440908518691,10000,20,0.0,0.0,8.0
2.0465753424657533,0.028174927437399636,1.9847123708822786e-41,0.9718250725625994,10000,20,0.0,0.0,8.0
2.047945205479452,0.028193945354495,1.8781499833235755e-41,0.9718060546455041,10000,20,0.0,0.0,8.0
2.0493150684931507,0.028212962899423415,1.7773283680901224e-41,0.9717870371005757,10000,20,0.0,0.0,8.0
2.0506849315068494,0.028231980072192166,1.6819372252028575e-41,0.9717680199278069,10000,20,0.0,0.0,8.0
2.052054794520548,0.028250996872808538,1.5916830823367511e-41,0.9717490031271906,10000,20,0.0,0.0,8.0
2.0534246575342467,0.02827001330127981,1.506288379272008e-41,0.9717299866987194,10000,20,0.0,0.0,8.0
2.0547945205479454,0.028289029357613266,1.4254906023189692e-41,0.9717109706423859,10000,20,0.0,0.0,8.0
2.0561643835616437,0.028308045041816183,1.3490414659802763e-41,0.971691954958183,10000,20,0.0,0.0,8.0
2.0575342465753423,0.028327060353895855,1.2767061392640004e-41,0.9716729396461032,10000,20,0.0,0.0,8.0
2.058904109589041,0.028346075293859557,1.2082625142039994e-41,0.9716539247061395,10000,20,0.0,0.0,8.0
2.0602739726027397,0.02836508986171457,1.1435005142771015e-41,0.9716349101382845,10000,20,0.0,0.0,8.0
2.0616438356164384,0.02838410405746818,1.0822214405344124e-41,0.971615895942531,10000,20,0.0,0.0,8.0
2.063013698630137,0.028403117881127666,1.0242373533833392e-41,0.9715968821188715,10000,20,0.0,0.0,8.0
2.0643835616438357,0.02842213133270031,9.693704880703452e-42,0.9715778686672989,10000,20,0.0,0.0,8.0
2.0657534246575344,0.028441144412193396,9.174527020214184e-42,0.9715588555878059,10000,20,0.0,0.0,8.0
2.067123287671233,0.0284601571196142,8.683249522983485e-42,0.9715398428803851,10000,20,0.0,0.0,8.0
2.0684931506849313,0.02847916945497,8.218368015244706e-42,0.9715208305450292,10000,20,0.0,0.0,8.0
2.06986301369863,0.02849818141826809,7.778459507237158e-42,0.9715018185817311,10000,20,0.0,0.0,8.0
2.0712328767123287,0.028517193009515746,7.362177976024446e-42,0.9714828069904835,10000,20,0.0,0.0,8.0
2.0726027397260274,0.028536204228720243,6.968250188836425e-42,0.9714637957712791,10000,20,0.0,0.0,8.0
2.073972602739726,0.028555215075888866,6.595471753797814e-42,0.9714447849241105,10000,20,0.0,0.0,8.0
2.0753424657534247,0.028574225551028898,6.242703385623339e-42,0.9714257744489704,10000,20,0.0,0.0,8.0
2.0767123287671234,0.028593235654147616,5.908867374540815e-42,0.9714067643458517,10000,20,0.0,0.0,8.0
2.078082191780822,0.0286122453852523,5.5929442473465146e-42,0.971387754614747,10000,20,0.0,0.0,8.0
2.0794520547945208,0.02863125474435023,5.293969610104863e-42,0.9713687452556491,10000,20,0.0,0.0,8.0
2.080821917808219,0.028650263731448678,5.011031162578924e-42,0.9713497362685506,10000,20,0.0,0.0,8.0
2.0821917808219177,0.02866927234655494,4.743265875020331e-42,0.9713307276534443,10000,20,0.0,0.0,8.0
2.0835616438356164,0.02868828058967629,4.489857318462141e-42,0.9713117194103229,10000,20,0.0,0.0,8.0
2.084931506849315,0.028707288460820005,4.250033140139729e-42,0.9712927115391792,10000,20,0.0,0.0,8.0
2.0863013698630137,0.028726295959993365,4.0230626761262366e-42,0.9712737040400058,10000,20,0.0,0.0,8.0
2.0876712328767124,0.028745303087203647,3.8082546937001717e-42,0.9712546969127955,10000,20,0.0,0.0,8.0
2.089041095890411,0.028764309842458133,3.604955256372666e-42,0.9712356901575411,10000,20,0.0,0.0,8.0
2.0904109589041098,0.0287833162257641,3.4125457048886346e-42,0.9712166837742351,10000,20,0.0,0.0,8.0
2.0917808219178085,0.02880232223712883,3.230440747881637e-42,0.9711976777628704,10000,20,0.0,0.0,8.0
2.0931506849315067,0.02882132787655959,3.058086656207856e-42,0.9711786721234396,10000,20,0.0,0.0,8.0
2.0945205479452054,0.028840333144063673,2.894959555310774e-42,0.9711596668559355,10000,20,0.0,0.0,8.0
2.095890410958904,0.028859338039648356,2.740563810277995e-42,0.9711406619603508,10000,20,0.0,0.0,8.0
2.0972602739726027,0.028878342563320912,2.5944304985414294e-42,0.9711216574366782,10000,20,0.0,0.0,8.0
2.0986301369863014,0.028897346715088618,2.4561159654498063e-42,0.9711026532849105,10000,20,0.0,0.0,8.0
2.1,0.028916350494958755,2.3252004582019198e-42,0.9710836495050403,10000,20,0.0,0.0,8.0
2.1013698630136988,0.0289353539029386,2.201286833875784e-42,0.9710646460970604,10000,20,0.0,0.0,8.0
2.1027397260273974,0.02895435693903543,2.083999337521682e-42,0.9710456430609636,10000,20,0.0,0.0,8.0
2.104109589041096,0.028973359603256525,1.9729824465072003e-42,0.9710266403967426,10000,20,0.0,0.0,8.0
2.1054794520547944,0.028992361895609154,1.8678997775104365e-42,0.97100763810439,10000,20,0.0,0.0,8.0
2.106849315068493,0.029011363816100606,1.7684330527539954e-42,0.9709886361838985,10000,20,0.0,0.0,8.0
2.1082191780821917,0.029030365364738152,1.6742811222589933e-42,0.970969634635261,10000,20,0.0,0.0,8.0
2.1095890410958904,0.029049366541529068,1.5851590390728302e-42,0.9709506334584701,10000,20,0.0,0.0,8.0
2.110958904109589,0.029068367346480634,1.5007971845917942e-42,0.9709316326535186,10000,20,0.0,0.0,8.0
2.1123287671232878,0.029087367779600123,1.4209404412558475e-42,0.970912632220399,10000,20,0.0,0.0,8.0
2.1136986301369864,0.029106367840894817,1.3453474100416333e-42,0.9708936321591043,10000,20,0.0,0.0,8.0
2.115068493150685,0.02912536753037199,1.2737896703200005e-42,0.9708746324696271,10000,20,0.0,0.0,8.0
2.1164383561643834,0.029144366848038908,1.206051079777015e-42,0.9708556331519602,10000,20,0.0,0.0,8.0
2.117808219178082,0.029163365793902864,1.141927112222657e-42,0.9708366342060962,10000,20,0.0,0.0,8.0
2.1191780821917807,0.029182364367971125,1.0812242312303902e-42,0.9708176356320279,10000,20,0.0,0.0,8.0
2.1205479452054794,0.029201362570250966,1.023759297662082e-42,0.9707986374297481,10000,20,0.0,0.0,8.0
2.121917808219178,0.029220360400749667,9.693590092394487e-43,0.9707796395992494,10000,20,0.0,0.0,8.0
2.1232876712328768,0.0292393578594745,9.178593704228835e-43,0.9707606421405246,10000,20,0.0,0.0,8.0
2.1246575342465754,0.02925835494643274,8.691051909533484e-43,0.9707416450535663,10000,20,0.0,0.0,8.0
2.126027397260274,0.029277351661631666,8.229496115024958e-43,0.9707226483383674,10000,20,0.0,0.0,8.0
2.127397260273973,0.02929634800507855,7.792536549607963e-43,0.9707036519949205,10000,20,0.0,0.0,8.0
2.128767123287671,0.029315343976780657,7.37885801973462e-43,0.9706846560232184,10000,20,0.0,0.0,8.0
2.1301369863013697,0.02933433957674528,6.987215894094874e-43,0.9706656604232538,10000,20,0.0,0.0,8.0
2.1315068493150684,0.02935333480497969,6.6164323052091305e-43,0.9706466651950193,10000,20,0.0,0.0,8.0
2.132876712328767,0.029372329661491153,6.26539255616548e-43,0.9706276703385078,10000,20,0.0,0.0,8.0
2.1342465753424658,0.029391324146286948,5.933041721387709e-43,0.970608675853712,10000,20,0.0,0.0,8.0
2.1356164383561644,0.02941031825937435,5.618381430921713e-43,0.9705896817406247,10000,20,0.0,0.0,8.0
2.136986301369863,0.02942931200076063,5.320466828300176e-43,0.9705706879992384,10000,20,0.0,0.0,8.0
2.138356164383562,0.029448305370453065,5.038403692585433e-43,0.9705516946295459,10000,20,0.0,0.0,8.0
2.1397260273972605,0.02946729836845893,4.771345715701092e-43,0.97053270163154,10000,20,0.0,0.0,8.0
2.1410958904109587,0.02948629099478549,4.518491926646014e-43,0.9705137090052135,10000,20,0.0,0.0,8.0
2.1424657534246574,0.029505283249440028,4.279084254640171e-43,0.970494716750559,10000,20,0.0,0.0,8.0
2.143835616438356,0.029524275132429816,4.052405223685367e-43,0.9704757248675692,10000,20,0.0,0.0,8.0
2.1452054794520548,0.029543266643762126,3.8377757714290425e-43,0.9704567333562368,10000,20,0.0,0.0,8.0
2.1465753424657534,0.029562257783444228,3.634553185608275e-43,0.9704377422165548,10000,20,0.0,0.0,8.0
2.147945205479452,0.029581248551483398,3.4421291517141943e-43,0.9704187514485156,10000,20,0.0,0.0,8.0
2.149315068493151,0.02960023894788691,3.259927905862745e-43,0.9703997610521121,10000,20,0.0,0.0,8.0
2.1506849315068495,0.02961922897266203,3.0874044871838492e-43,0.970380771027337,10000,20,0.0,0.0,8.0
2.152054794520548,0.02963821862581604,2.9240430843495822e-43,0.9703617813741829,10000,20,0.0,0.0,8.0
2.1534246575342464,0.0296572079073562,2.769355471153728e-43,0.9703427920926427,10000,20,0.0,0.0,8.0
2.154794520547945,0.029676196817289793,2.622879526330596e-43,0.9703238031827092,10000,20,0.0,0.0,8.0
2.1561643835616437,0.02969518535562409,2.4841778330628715e-43,0.9703048146443749,10000,20,0.0,0.0,8.0
2.1575342465753424,0.029714173522366362,2.352836353873186e-43,0.9702858264776326,10000,20,0.0,0.0,8.0
2.158904109589041,0.02973316131752388,2.2284631768291113e-43,0.9702668386824751,10000,20,0.0,0.0,8.0
2.16027397260274,0.029752148741103913,2.1106873292107775e-43,0.970247851258895,10000,20,0.0,0.0,8.0
2.1616438356164385,0.029771135793113735,1.999157654999267e-43,0.9702288642068851,10000,20,0.0,0.0,8.0
2.163013698630137,0.02979012247356062,1.893541752741114e-43,0.9702098775264383,10000,20,0.0,0.0,8.0
2.164383561643836,0.029809108782451833,1.793524970530788e-43,0.9701908912175471,10000,20,0.0,0.0,8.0
2.165753424657534,0.029828094719794643,1.6988094550294423e-43,0.9701719052802042,10000,20,0.0,0.0,8.0
2.1671232876712327,0.029847080285596333,1.6091132516048365e-43,0.9701529197144025,10000,20,0.0,0.0,8.0
2.1684931506849314,0.029866065479864166,1.524169452835714e-43,0.9701339345201347,10000,20,0.0,0.0,8.0
2.16986301369863,0.029885050302605416,1.443725392772048e-43,0.9701149496973935,10000,20,0.0,0.0,8.0
2.171232876712329,0.02990403475382735,1.367541884484735e-43,0.9700959652461716,10000,20,0.0,0.0,8.0
2.1726027397260275,0.029923018833537242,1.2953924985710966e-43,0.9700769811664617,10000,20,0.0,0.0,8.0
2.173972602739726,0.029942002541742358,1.2270628804089649e-43,0.9700579974582566,10000,20,0.0,0.0,8.0
2.175342465753425,0.02996098587844997,1.1623501040714376e-43,0.970039014121549,10000,20,0.0,0.0,8.0
2.1767123287671235,0.02997996884366735,1.1010620609272645e-43,0.9700200311563316,10000,20,0.0,0.0,8.0
2.1780821917808217,0.029998951437401757,1.0430168810585952e-43,0.9700010485625972,10000,20,0.0,0.0,8.0
2.1794520547945204,0.030017933659660476,9.880423857286502e-44,0.9699820663403385,10000,20,0.0,0.0,8.0
2.180821917808219,0.03003691551045077,9.359755692277574e-44,0.9699630844895482,10000,20,0.0,0.0,8.0
2.182191780821918,0.030055896989779906,8.866621085158529e-44,0.969944103010219,10000,20,0.0,0.0,8.0
2.1835616438356165,0.030074878097655158,8.399558991656207e-44,0.9699251219023438,10000,20,0.0,0.0,8.0
2.184931506849315,0.030093858834083793,7.957186161908424e-44,0.9699061411659152,10000,20,0.0,0.0,8.0
2.186301369863014,0.03011283919907308,7.538192984210682e-44,0.969887160800926,10000,20,0.0,0.0,8.0
2.1876712328767125,0.030131819192630287,7.141339551559792e-44,0.9698681808073688,10000,20,0.0,0.0,8.0
2.189041095890411,0.030150798814762684,6.76545193901169e-44,0.9698492011852364,10000,20,0.0,0.0,8.0
2.1904109589041094,0.03016977806547753,6.409418680517441e-44,0.9698302219345216,10000,20,0.0,0.0,8.0
2.191780821917808,0.03018875694478211,6.072187434512193e-44,0.969811243055217,10000,20,0.0,0.0,8.0
2.1931506849315068,0.03020773545268368,5.752761828112736e-44,0.9697922645473155,10000,20,0.0,0.0,8.0
2.1945205479452055,0.030226713589189515,5.450198470322468e-44,0.9697732864108096,10000,20,0.0,0.0,8.0
2.195890410958904,0.03024569135430688,5.163604125164186e-44,0.9697543086456922,10000,20,0.0,0.0,8.0
2.197260273972603,0.030264668748043042,4.892133036148258e-44,0.9697353312519561,10000,20,0.0,0.0,8.0
2.1986301369863015,0.03028364577040527,4.634984393947628e-44,0.9697163542295939,10000,20,0.0,0.0,8.0
2.2,0.03030262242140083,4.3913999395890564e-44,0.9696973775785983,10000,20,0.0,0.0,8.0
2.201369863013699,0.03032159870103699,4.160661695884356e-44,0.9696784012989621,10000,20,0.0,0.0,8.0
2.202739726027397,0.030340574609321012,3.9420898202174203e-44,0.9696594253906781,10000,20,0.0,0.0,8.0
2.2041095890410958,0.030359550146260177,3.7350405721731524e-44,0.9696404498537389,10000,20,0.0,0.0,8.0
2.2054794520547945,0.03037852531186174,3.5389043898466003e-44,0.9696214746881373,10000,20,0.0,0.0,8.0
2.206849315068493,0.030397500106132975,3.3531040689999577e-44,0.969602499893866,10000,20,0.0,0.0,8.0
2.208219178082192,0.030416474529081146,3.177093039551441e-44,0.9695835254709179,10000,20,0.0,0.0,8.0
2.2095890410958905,0.03043544858071352,3.010353734175474e-44,0.9695645514192854,10000,20,0.0,0.0,8.0
2.210958904109589,0.03045442226103736,2.8523960440750267e-44,0.9695455777389616,10000,20,0.0,0.0,8.0
2.212328767123288,0.030473395570059934,2.7027558572525847e-44,0.969526604429939,10000,20,0.0,0.0,8.0
2.2136986301369865,0.030492368507788508,2.560993674857641e-44,0.9695076314922104,10000,20,0.0,0.0,8.0
2.2150684931506848,0.03051134107423034,2.4266933014264426e-44,0.9694886589257686,10000,20,0.0,0.0,8.0
2.2164383561643834,0.030530313269392716,2.299460605054422e-44,0.9694696867306063,10000,20,0.0,0.0,8.0
2.217808219178082,0.030549285093282887,2.178922343755504e-44,0.9694507149067161,10000,20,0.0,0.0,8.0
2.219178082191781,0.030568256545908123,2.0647250544623177e-44,0.9694317434540909,10000,20,0.0,0.0,8.0
2.2205479452054795,0.030587227627275688,1.9565340013134002e-44,0.9694127723727233,10000,20,0.0,0.0,8.0
2.221917808219178,0.030606198337392844,1.8540321800527802e-44,0.9693938016626061,10000,20,0.0,0.0,8.0
2.223287671232877,0.03062516867626686,1.7569193755381776e-44,0.9693748313237321,10000,20,0.0,0.0,8.0
2.2246575342465755,0.030644138643905,1.6649112695153316e-44,0.969355861356094,10000,20,0.0,0.0,8.0
2.226027397260274,0.03066310824031453,1.5777385959686188e-44,0.9693368917596844,10000,20,0.0,0.0,8.0
2.2273972602739724,0.030682077465502708,1.4951463415025626e-44,0.9693179225344962,10000,20,0.0,0.0,8.0
2.228767123287671,0.03070104631947681,1.416892988345287e-44,0.9692989536805221,10000,20,0.0,0.0,8.0
2.23013698630137,0.030720014802244094,1.3427497976948025e-44,0.9692799851977548,10000,20,0.0,0.0,8.0
2.2315068493150685,0.030738982913811826,1.2725001312504024e-44,0.9692610170861871,10000,20,0.0,0.0,8.0
2.232876712328767,0.03075795065418727,1.2059388088881064e-44,0.9692420493458116,10000,20,0.0,0.0,8.0
2.234246575342466,0.030776918023377686,1.1428715005480407e-44,0.9692230819766212,10000,20,0.0,0.0,8.0
2.2356164383561645,0.030795885021390343,1.083114150505429e-44,0.9692041149786086,10000,20,0.0,0.0,8.0
2.236986301369863,0.0308148516482325,1.0264924322948862e-44,0.9691851483517664,10000,20,0.0,0.0,8.0
2.2383561643835614,0.030833817903911417,9.728412326504796e-45,0.9691661820960875,10000,20,0.0,0.0,8.0
2.23972602739726,0.03085278378843437,9.220041629116787e-45,0.9691472162115645,10000,20,0.0,0.0,8.0
2.241095890410959,0.030871749301808617,8.738330964287237e-45,0.9691282506981903,10000,20,0.0,0.0,8.0
2.2424657534246575,0.030890714444041418,8.28187730578926e-45,0.9691092855559575,10000,20,0.0,0.0,8.0
2.243835616438356,0.03090967921514004,7.849351720803852e-45,0.9690903207848589,10000,20,0.0,0.0,8.0
2.245205479452055,0.03092864361511174,7.439495443596041e-45,0.9690713563848872,10000,20,0.0,0.0,8.0
2.2465753424657535,0.030947607643963787,7.051116157961908e-45,0.9690523923560351,10000,20,0.0,0.0,8.0
2.247945205479452,0.030966571301703442,6.683084477308252e-45,0.9690334286982955,10000,20,0.0,0.0,8.0
2.249315068493151,0.030985534588337964,6.334330611822916e-45,0.9690144654116609,10000,20,0.0,0.0,8.0
2.250684931506849,0.03100449750387461,6.003841212758084e-45,0.9689955024961243,10000,20,0.0,0.0,8.0
2.252054794520548,0.03102346004832066,5.690656384382013e-45,0.9689765399516783,10000,20,0.0,0.0,8.0
2.2534246575342465,0.031042422221683363,5.393866854662171e-45,0.9689575777783156,10000,20,0.0,0.0,8.0
2.254794520547945,0.031061384023969983,5.1126112962171094e-45,0.9689386159760289,10000,20,0.0,0.0,8.0
2.256164383561644,0.031080345455187782,4.8460737895306286e-45,0.9689196545448111,10000,20,0.0,0.0,8.0
2.2575342465753425,0.03109930651534402,4.59348142084772e-45,0.9689006934846549,10000,20,0.0,0.0,8.0
2.258904109589041,0.03111826720444596,4.3541020075777395e-45,0.968881732795553,10000,20,0.0,0.0,8.0
2.26027397260274,0.031137227522500865,4.1272419444136363e-45,0.9688627724774981,10000,20,0.0,0.0,8.0
2.2616438356164386,0.031156187469515994,3.912244163738981e-45,0.9688438125304829,10000,20,0.0,0.0,8.0
2.263013698630137,0.0311751470454986,3.7084862042380647e-45,0.9688248529545003,10000,20,0.0,0.0,8.0
2.2643835616438355,0.031194106250455964,3.5153783819489205e-45,0.968805893749543,10000,20,0.0,0.0,8.0
2.265753424657534,0.031213065084395333,3.332362058308128e-45,0.9687869349156036,10000,20,0.0,0.0,8.0
2.267123287671233,0.03123202354732397,3.1589080000250946e-45,0.968767976452675,10000,20,0.0,0.0,8.0
2.2684931506849315,0.03125098163924913,2.9945148259013624e-45,0.9687490183607498,10000,20,0.0,0.0,8.0
2.26986301369863,0.03126993936017808,2.8387075359698886e-45,0.9687300606398208,10000,20,0.0,0.0,8.0
2.271232876712329,0.03128889671011808,2.6910361185765067e-45,0.9687111032898809,10000,20,0.0,0.0,8.0
2.2726027397260276,0.03130785368907639,2.551074231259336e-45,0.9686921463109226,10000,20,0.0,0.0,8.0
2.2739726027397262,0.03132681029706027,2.418417951502974e-45,0.9686731897029387,10000,20,0.0,0.0,8.0
2.2753424657534245,0.03134576653407697,2.292684593653626e-45,0.968654233465922,10000,20,0.0,0.0,8.0
2.276712328767123,0.03136472240013376,2.1735115884790936e-45,0.9686352775998652,10000,20,0.0,0.0,8.0
2.278082191780822,0.031383677895237896,2.060555422045855e-45,0.9686163221047611,10000,20,0.0,0.0,8.0
2.2794520547945205,0.03140263301939664,1.953490630761485e-45,0.9685973669806024,10000,20,0.0,0.0,8.0
2.280821917808219,0.03142158777261725,1.8520088496000367e-45,0.9685784122273818,10000,20,0.0,0.0,8.0
2.282191780821918,0.031440542154906985,1.755817910686102e-45,0.9685594578450921,10000,20,0.0,0.0,8.0
2.2835616438356166,0.0314594961662731,1.6646409895640212e-45,0.968540503833726,10000,20,0.0,0.0,8.0
2.2849315068493152,0.03147844980672286,1.578215796621095e-45,0.9685215501932762,10000,20,0.0,0.0,8.0
2.286301369863014,0.03149740307626352,1.496293811268451e-45,0.9685025969237355,10000,20,0.0,0.0,8.0
2.287671232876712,0.03151635597490233,1.418639556610854e-45,0.9684836440250967,10000,20,0.0,0.0,8.0
2.289041095890411,0.03153530850264656,1.345029912457358e-45,0.9684646914973525,10000,20,0.0,0.0,8.0
2.2904109589041095,0.03155426065950347,1.2752534646395549e-45,0.9684457393404956,10000,20,0.0,0.0,8.0
2.291780821917808,0.031573212445480316,1.2091098887115279e-45,0.9684267875545187,10000,20,0.0,0.0,8.0
2.293150684931507,0.031592163860584346,1.1464093662089466e-45,0.9684078361394147,10000,20,0.0,0.0,8.0
2.2945205479452055,0.03161111490482283,1.086972031741192e-45,0.9683888850951763,10000,20,0.0,0.0,8.0
2.2958904109589042,0.03163006557820302,1.0306274492823748e-45,0.9683699344217961,10000,20,0.0,0.0,8.0
2.297260273972603,0.03164901588073217,9.77214116113993e-46,0.9683509841192669,10000,20,0.0,0.0,8.0
2.2986301369863016,0.03166796581241754,9.265789929542424e-46,0.9683320341875815,10000,20,0.0,0.0,8.0
2.3,0.031686915373266386,8.785770588868807e-46,0.9683130846267327,10000,20,0.0,0.0,8.0
2.3013698630136985,0.031705864563285974,8.330708897761708e-46,0.9682941354367132,10000,20,0.0,0.0,8.0
2.302739726027397,0.03172481338248355,7.899302589245385e-46,0.9682751866175155,10000,20,0.0,0.0,8.0
2.304109589041096,0.03174376183086638,7.490317587951126e-46,0.9682562381691328,10000,20,0.0,0.0,8.0
2.3054794520547945,0.03176270990844171,7.102584426844096e-46,0.9682372900915575,10000,20,0.0,0.0,8.0
2.3068493150684932,0.031781657615216806,6.734994852893101e-46,0.9682183423847823,10000,20,0.0,0.0,8.0
2.308219178082192,0.03180060495119892,6.386498611686474e-46,0.9681993950488003,10000,20,0.0,0.0,8.0
2.3095890410958906,0.03181955191639531,6.056100401527822e-46,0.9681804480836039,10000,20,0.0,0.0,8.0
2.3109589041095893,0.031838498510813225,5.742856988047889e-46,0.968161501489186,10000,20,0.0,0.0,8.0
2.3123287671232875,0.03185744473445992,5.445874470844532e-46,0.9681425552655393,10000,20,0.0,0.0,8.0
2.313698630136986,0.031876390587342665,5.16430569411256e-46,0.9681236094126565,10000,20,0.0,0.0,8.0
2.315068493150685,0.031895336069468705,4.8973477936535575e-46,0.9681046639305305,10000,20,0.0,0.0,8.0
2.3164383561643835,0.0319142811808453,4.644239873056168e-46,0.968085718819154,10000,20,0.0,0.0,8.0
2.317808219178082,0.0319332259214797,4.404260802222909e-46,0.9680667740785196,10000,20,0.0,0.0,8.0
2.319178082191781,0.031952170291379166,4.17672713177941e-46,0.9680478297086201,10000,20,0.0,0.0,8.0
2.3205479452054796,0.03197111429055095,3.960991117245316e-46,0.9680288857094483,10000,20,0.0,0.0,8.0
2.3219178082191783,0.031990057919002314,3.756438847170346e-46,0.968009942080997,10000,20,0.0,0.0,8.0
2.323287671232877,0.0320090011767405,3.5624884697462114e-46,0.9679909988232588,10000,20,0.0,0.0,8.0
2.324657534246575,0.03202794406377276,3.378588512695937e-46,0.9679720559362265,10000,20,0.0,0.0,8.0
2.326027397260274,0.03204688658010636,3.2042162915170894e-46,0.9679531134198929,10000,20,0.0,0.0,8.0
2.3273972602739725,0.032065828725748556,3.038876401417391e-46,0.9679341712742506,10000,20,0.0,0.0,8.0
2.328767123287671,0.0320847705007066,2.882099288525989e-46,0.9679152294992925,10000,20,0.0,0.0,8.0
2.33013698630137,0.03210371190498774,2.73343989619949e-46,0.9678962880950114,10000,20,0.0,0.0,8.0
2.3315068493150686,0.032122652938599235,2.592476382461961e-46,0.9678773470613999,10000,20,0.0,0.0,8.0
2.3328767123287673,0.032141593601548335,2.458808904828093e-46,0.9678584063984509,10000,20,0.0,0.0,8.0
2.334246575342466,0.0321605338938423,2.332058468957127e-46,0.9678394661061569,10000,20,0.0,0.0,8.0
2.3356164383561646,0.03217947381548837,2.2118658377730598e-46,0.9678205261845109,10000,20,0.0,0.0,8.0
2.336986301369863,0.03219841336649381,2.097890497864633e-46,0.9678015866335055,10000,20,0.0,0.0,8.0
2.3383561643835615,0.03221735254686588,1.989809680146848e-46,0.9677826474531334,10000,20,0.0,0.0,8.0
2.33972602739726,0.03223629135661182,1.8873174319260944e-46,0.9677637086433875,10000,20,0.0,0.0,8.0
2.341095890410959,0.03225522979573888,1.790123737660768e-46,0.9677447702042604,10000,20,0.0,0.0,8.0
2.3424657534246576,0.03227416786425433,1.6979536858536598e-46,0.9677258321357449,10000,20,0.0,0.0,8.0
2.3438356164383563,0.0322931055621654,1.6105466796470908e-46,0.9677068944378339,10000,20,0.0,0.0,8.0
2.345205479452055,0.03231204288947936,1.527655688820348e-46,0.9676879571105199,10000,20,0.0,0.0,8.0
2.3465753424657536,0.03233097984620345,1.4490465410104564e-46,0.9676690201537959,10000,20,0.0,0.0,8.0
2.3479452054794523,0.03234991643234494,1.3744972500923827e-46,0.9676500835676544,10000,20,0.0,0.0,8.0
2.3493150684931505,0.032368852647911055,1.3037973797637682e-46,0.9676311473520882,10000,20,0.0,0.0,8.0
2.350684931506849,0.032387788492909075,1.2367474404823287e-46,0.9676122115070902,10000,20,0.0,0.0,8.0
2.352054794520548,0.032406723967346236,1.17315831800227e-46,0.967593276032653,10000,20,0.0,0.0,8.0
2.3534246575342466,0.032425659071229795,1.112850731847823e-46,0.9675743409287695,10000,20,0.0,0.0,8.0
2.3547945205479452,0.032444593804567004,1.0556547221504694e-46,0.9675554061954322,10000,20,0.0,0.0,8.0
2.356164383561644,0.032463528167365106,1.0014091633589539e-46,0.9675364718326341,10000,20,0.0,0.0,8.0
2.3575342465753426,0.03248246215963136,9.499613034099667e-47,0.9675175378403679,10000,20,0.0,0.0,8.0
2.3589041095890413,0.03250139578137302,9.011663270218191e-47,0.9674986042186262,10000,20,0.0,0.0,8.0
2.3602739726027395,0.03252032903259732,8.548869418439698e-47,0.967479670967402,10000,20,0.0,0.0,8.0
2.361643835616438,0.03253926191331153,8.109929862619499e-47,0.9674607380866878,10000,20,0.0,0.0,8.0
2.363013698630137,0.032558194423522896,7.693610577208032e-47,0.9674418055764764,10000,20,0.0,0.0,8.0
2.3643835616438356,0.03257712656323866,7.2987416048955e-47,0.9674228734367606,10000,20,0.0,0.0,8.0
2.3657534246575342,0.03259605833246609,6.924213718464565e-47,0.9674039416675332,10000,20,0.0,0.0,8.0
2.367123287671233,0.032614989731212414,6.568975257183186e-47,0.9673850102687869,10000,20,0.0,0.0,8.0
2.3684931506849316,0.032633920759484895,6.232029128579834e-47,0.9673660792405144,10000,20,0.0,0.0,8.0
2.3698630136986303,0.03265285141729078,5.91242996692531e-47,0.9673471485827085,10000,20,0.0,0.0,8.0
2.371232876712329,0.032671781704637325,5.60928144020211e-47,0.967328218295362,10000,20,0.0,0.0,8.0
2.372602739726027,0.03269071162153176,5.321733697774899e-47,0.9673092883784675,10000,20,0.0,0.0,8.0
2.373972602739726,0.032709641167981356,5.048980951384792e-47,0.967290358832018,10000,20,0.0,0.0,8.0
2.3753424657534246,0.03272857034399335,4.790259182480113e-47,0.967271429656006,10000,20,0.0,0.0,8.0
2.3767123287671232,0.032747499149575005,4.544843969260707e-47,0.9672525008504244,10000,20,0.0,0.0,8.0
2.378082191780822,0.032766427584733554,4.3120484271643147e-47,0.9672335724152658,10000,20,0.0,0.0,8.0
2.3794520547945206,0.03278535564947625,4.091221256851395e-47,0.9672146443505231,10000,20,0.0,0.0,8.0
2.3808219178082193,0.03280428334381035,3.8817448940578646e-47,0.967195716656189,10000,20,0.0,0.0,8.0
2.382191780821918,0.0328232106677431,3.6830337559810633e-47,0.9671767893322563,10000,20,0.0,0.0,8.0
2.3835616438356166,0.03284213762128175,3.494532579144606e-47,0.9671578623787176,10000,20,0.0,0.0,8.0
2.384931506849315,0.03286106420443353,3.315714843953385e-47,0.9671389357955658,10000,20,0.0,0.0,8.0
2.3863013698630136,0.032879990417205705,3.1460812814011413e-47,0.9671200095827935,10000,20,0.0,0.0,8.0
2.3876712328767122,0.032898916259605525,2.9851584576325353e-47,0.9671010837403937,10000,20,0.0,0.0,8.0
2.389041095890411,0.03291784173164023,2.8324974322853456e-47,0.967082158268359,10000,20,0.0,0.0,8.0
2.3904109589041096,0.032936766833317074,2.6876724867543174e-47,0.9670632331666821,10000,20,0.0,0.0,8.0
2.3917808219178083,0.0329556915646433,2.5502799187195276e-47,0.9670443084353558,10000,20,0.0,0.0,8.0
2.393150684931507,0.03297461592562616,2.419936899474447e-47,0.967025384074373,10000,20,0.0,0.0,8.0
2.3945205479452056,0.03299353991627289,2.2962803907706317e-47,0.9670064600837263,10000,20,0.0,0.0,8.0
2.3958904109589043,0.03301246353659076,2.1789661180682023e-47,0.9669875364634084,10000,20,0.0,0.0,8.0
2.3972602739726026,0.033031386786586986,2.0676675972444655e-47,0.9669686132134122,10000,20,0.0,0.0,8.0
2.3986301369863012,0.03305030966626884,1.9620752119673698e-47,0.9669496903337303,10000,20,0.0,0.0,8.0
2.4,0.03306923217564356,1.8618953390876678e-47,0.9669307678243556,10000,20,0.0,0.0,8.0
2.4013698630136986,0.03308815431471839,1.7668495195411478e-47,0.9669118456852808,10000,20,0.0,0.0,8.0
2.4027397260273973,0.03310707608350059,1.6766736723849984e-47,0.9668929239164986,10000,20,0.0,0.0,8.0
2.404109589041096,0.033125997481997384,1.5911173497161362e-47,0.9668740025180018,10000,20,0.0,0.0,8.0
2.4054794520547946,0.03314491851021603,1.509943030337559e-47,0.9668550814897832,10000,20,0.0,0.0,8.0
2.4068493150684933,0.03316383916816378,1.4329254501505362e-47,0.9668361608318354,10000,20,0.0,0.0,8.0
2.408219178082192,0.03318275945584787,1.359850967356338e-47,0.9668172405441513,10000,20,0.0,0.0,8.0
2.4095890410958902,0.03320167937327555,1.2905169606515793e-47,0.9667983206267237,10000,20,0.0,0.0,8.0
2.410958904109589,0.033220598920454064,1.2247312586961533e-47,0.9667794010795452,10000,20,0.0,0.0,8.0
2.4123287671232876,0.03323951809739067,1.1623115992232742e-47,0.9667604819026085,10000,20,0.0,0.0,8.0
2.4136986301369863,0.033258436904092595,1.1030851162457043e-47,0.9667415630959066,10000,20,0.0,0.0,8.0
2.415068493150685,0.03327735534056709,1.0468878538938916e-47,0.9667226446594321,10000,20,0.0,0.0,8.0
2.4164383561643836,0.033296273406821404,9.935643054978767e-48,0.9667037265931778,10000,20,0.0,0.0,8.0
2.4178082191780823,0.03331519110286278,9.42966976597588e-48,0.9666848088971365,10000,20,0.0,0.0,8.0
2.419178082191781,0.03333410842869847,8.949559706348973e-48,0.9666658915713008,10000,20,0.0,0.0,8.0
2.4205479452054797,0.033353025384335704,8.493985961459877e-48,0.9666469746156635,10000,20,0.0,0.0,8.0
2.421917808219178,0.03337194196978173,8.06168994334349e-48,0.9666280580302175,10000,20,0.0,0.0,8.0
2.4232876712328766,0.0333908581850438,7.651477859631398e-48,0.9666091418149554,10000,20,0.0,0.0,8.0
2.4246575342465753,0.03340977403012916,7.262217365613915e-48,0.96659022596987,10000,20,0.0,0.0,8.0
2.426027397260274,0.033428689505045045,6.8928343899058e-48,0.9665713104949542,10000,20,0.0,0.0,8.0
2.4273972602739726,0.033447604609798696,6.542310124683704e-48,0.9665523953902005,10000,20,0.0,0.0,8.0
2.4287671232876713,0.033466519344397365,6.209678171932191e-48,0.9665334806556019,10000,20,0.0,0.0,8.0
2.43013698630137,0.033485433708848295,5.894021837583192e-48,0.966514566291151,10000,20,0.0,0.0,8.0
2.4315068493150687,0.03350434770315873,5.594471565857262e-48,0.9664956522968405,10000,20,0.0,0.0,8.0
2.4328767123287673,0.03352326132733591,5.3102025065164173e-48,0.9664767386726634,10000,20,0.0,0.0,8.0
2.4342465753424656,0.03354217458138707,5.0404322081188425e-48,0.9664578254186122,10000,20,0.0,0.0,8.0
2.4356164383561643,0.033561087465319474,4.784418430725616e-48,0.9664389125346798,10000,20,0.0,0.0,8.0
2.436986301369863,0.03357999997914035,4.5414570718530697e-48,0.9664200000208589,10000,20,0.0,0.0,8.0
2.4383561643835616,0.03359891212285695,4.310880199785058e-48,0.9664010878771423,10000,20,0.0,0.0,8.0
2.4397260273972603,0.03361782389647651,4.092054188669293e-48,0.9663821761035227,10000,20,0.0,0.0,8.0
2.441095890410959,0.03363673530000627,3.884377950110778e-48,0.966363264699993,10000,20,0.0,0.0,8.0
2.4424657534246577,0.033655646333453484,3.687281256251534e-48,0.9663443536665458,10000,20,0.0,0.0,8.0
2.4438356164383563,0.03367455699682538,3.500223149586836e-48,0.9663254430031739,10000,20,0.0,0.0,8.0
2.445205479452055,0.03369346729012921,3.322690435015661e-48,0.9663065327098701,10000,20,0.0,0.0,8.0
2.4465753424657533,0.033712377213372204,3.154196249857612e-48,0.966287622786627,10000,20,0.0,0.0,8.0
2.447945205479452,0.03373128676656162,2.9942787077904826e-48,0.9662687132334377,10000,20,0.0,0.0,8.0
2.4493150684931506,0.033750195949704694,2.8424996128744255e-48,0.9662498040502946,10000,20,0.0,0.0,8.0
2.4506849315068493,0.033769104762808665,2.698443240026408e-48,0.9662308952371906,10000,20,0.0,0.0,8.0
2.452054794520548,0.033788013205880776,2.561715178499796e-48,0.9662119867941186,10000,20,0.0,0.0,8.0
2.4534246575342467,0.033806921278928266,2.4319412351020586e-48,0.9661930787210711,10000,20,0.0,0.0,8.0
2.4547945205479453,0.03382582898195838,2.308766394053962e-48,0.9661741710180409,10000,20,0.0,0.0,8.0
2.456164383561644,0.033844736314978356,2.1918538305546417e-48,0.9661552636850209,10000,20,0.0,0.0,8.0
2.4575342465753427,0.03386364327799544,2.080883975269638e-48,0.9661363567220038,10000,20,0.0,0.0,8.0
2.458904109589041,0.033882549871016854,1.9755536271037202e-48,0.9661174501289824,10000,20,0.0,0.0,8.0
2.4602739726027396,0.03390145609404986,1.8755751117572566e-48,0.9660985439059494,10000,20,0.0,0.0,8.0
2.4616438356164383,0.03392036194710169,1.780675483695601e-48,0.9660796380528975,10000,20,0.0,0.0,8.0
2.463013698630137,0.03393926743017959,1.6905957692830044e-48,0.9660607325698196,10000,20,0.0,0.0,8.0
2.4643835616438357,0.03395817254329079,1.6050902489505535e-48,0.9660418274567084,10000,20,0.0,0.0,8.0
2.4657534246575343,0.03397707728644254,1.523925776377626e-48,0.9660229227135567,10000,20,0.0,0.0,8.0
2.467123287671233,0.03399598165964207,1.4468811327715308e-48,0.9660040183403572,10000,20,0.0,0.0,8.0
2.4684931506849317,0.03401488566289663,1.3737464144294338e-48,0.9659851143371027,10000,20,0.0,0.0,8.0
2.4698630136986304,0.03403378929621345,1.30432245186095e-48,0.9659662107037859,10000,20,0.0,0.0,8.0
2.4712328767123286,0.03405269255959977,1.2384202588391826e-48,0.9659473074403996,10000,20,0.0,0.0,8.0
2.4726027397260273,0.03407159545306284,1.1758605098325507e-48,0.9659284045469365,10000,20,0.0,0.0,8.0
2.473972602739726,0.034090497976609895,1.1164730443504977e-48,0.9659095020233894,10000,20,0.0,0.0,8.0
2.4753424657534246,0.03410940013024817,1.0600963968115484e-48,0.9658905998697511,10000,20,0.0,0.0,8.0
2.4767123287671233,0.03412830191398491,1.0065773506150921e-48,0.9658716980860144,10000,20,0.0,0.0,8.0
2.478082191780822,0.03414720332782734,9.557705151662175e-49,0.9658527966721719,10000,20,0.0,0.0,8.0
2.4794520547945207,0.03416610437178271,9.075379246679185e-49,0.9658338956282165,10000,20,0.0,0.0,8.0
2.4808219178082194,0.03418500504585826,8.61748657556439e-49,0.965814994954141,10000,20,0.0,0.0,8.0
2.482191780821918,0.034203905350061216,8.182784755137939e-49,0.9657960946499381,10000,20,0.0,0.0,8.0
2.4835616438356163,0.03422280528439882,7.77009481046755e-49,0.9657771947156005,10000,20,0.0,0.0,8.0
2.484931506849315,0.03424170484887832,7.378297926738688e-49,0.965758295151121,10000,20,0.0,0.0,8.0
2.4863013698630136,0.03426060404350695,7.006332368119931e-49,0.9657393959564924,10000,20,0.0,0.0,8.0
2.4876712328767123,0.03427950286829194,6.6531905550043495e-49,0.9657204971317074,10000,20,0.0,0.0,8.0
2.489041095890411,0.034298401323240545,6.317916291458638e-49,0.9657015986767588,10000,20,0.0,0.0,8.0
2.4904109589041097,0.03431729940835999,5.99960213513186e-49,0.9656827005916393,10000,20,0.0,0.0,8.0
2.4917808219178084,0.03433619712365751,5.697386902277627e-49,0.9656638028763418,10000,20,0.0,0.0,8.0
2.493150684931507,0.03435509446914034,5.410453300923608e-49,0.9656449055308589,10000,20,0.0,0.0,8.0
2.4945205479452053,0.03437399144481572,5.13802568558276e-49,0.9656260085551835,10000,20,0.0,0.0,8.0
2.495890410958904,0.03439288805069089,4.8793679272418076e-49,0.9656071119493084,10000,20,0.0,0.0,8.0
2.4972602739726026,0.03441178428677309,4.633781392688301e-49,0.9655882157132262,10000,20,0.0,0.0,8.0
2.4986301369863013,0.034430680153069555,4.4006030275416846e-49,0.9655693198469297,10000,20,0.0,0.0,8.0
2.5,0.03444957564958752,4.179203537648123e-49,0.9655504243504117,10000,20,0.0,0.0,8.0
2.5013698630136987,0.03446847077633421,3.968985663773069e-49,0.965531529223665,10000,20,0.0,0.0,8.0
2.5027397260273974,0.03448736553331688,3.769382544788013e-49,0.9655126344666823,10000,20,0.0,0.0,8.0
2.504109589041096,0.03450625992054276,3.579856164795919e-49,0.9654937400794564,10000,20,0.0,0.0,8.0
2.5054794520547947,0.034525153938019075,3.399895879875264e-49,0.9654748460619801,10000,20,0.0,0.0,8.0
2.506849315068493,0.034544047585753065,3.2290170203457363e-49,0.9654559524142461,10000,20,0.0,0.0,8.0
2.5082191780821916,0.03456294086375198,3.0667595646698733e-49,0.9654370591362472,10000,20,0.0,0.0,8.0
2.5095890410958903,0.03458183377202304,2.9126868813066807e-49,0.9654181662279762,10000,20,0.0,0.0,8.0
2.510958904109589,0.03460072631057349,2.7663845350215433e-49,0.9653992736894257,10000,20,0.0,0.0,8.0
2.5123287671232877,0.03461961847941056,2.6274591543390636e-49,0.9653803815205886,10000,20,0.0,0.0,8.0
2.5136986301369864,0.03463851027854148,2.4955373569952917e-49,0.9653614897214576,10000,20,0.0,0.0,8.0
2.515068493150685,0.0346574017079735,2.370264730408384e-49,0.9653425982920256,10000,20,0.0,0.0,8.0
2.5164383561643837,0.034676292767713834,2.2513048643404272e-49,0.9653237072322853,10000,20,0.0,0.0,8.0
2.5178082191780824,0.034695183457769736,2.138338433068978e-49,0.9653048165422294,10000,20,0.0,0.0,8.0
2.5191780821917806,0.034714073778148426,2.0310623245251638e-49,0.9652859262218507,10000,20,0.0,0.0,8.0
2.5205479452054793,0.03473296372885715,1.929188813986056e-49,0.965267036271142,10000,20,0.0,0.0,8.0
2.521917808219178,0.03475185330990313,1.832444780034072e-49,0.965248146690096,10000,20,0.0,0.0,8.0
2.5232876712328767,0.03477074252129361,1.7405709606128517e-49,0.9652292574787055,10000,20,0.0,0.0,8.0
2.5246575342465754,0.034789631363035825,1.6533212471220581e-49,0.9652103686369633,10000,20,0.0,0.0,8.0
2.526027397260274,0.034808519835137004,1.5704620145988446e-49,0.9651914801648621,10000,20,0.0,0.0,8.0
2.5273972602739727,0.03482740793760438,1.4917714861345021e-49,0.9651725920623947,10000,20,0.0,0.0,8.0
2.5287671232876714,0.034846295670445185,1.4170391297701106e-49,0.9651537043295539,10000,20,0.0,0.0,8.0
2.53013698630137,0.034865183033666654,1.3460650862054277e-49,0.9651348169663325,10000,20,0.0,0.0,8.0
2.5315068493150683,0.03488407002727602,1.2786596257410121e-49,0.9651159299727231,10000,20,0.0,0.0,8.0
2.532876712328767,0.03490295665128052,1.214642632954739e-49,0.9650970433487186,10000,20,0.0,0.0,8.0
2.5342465753424657,0.03492184290568739,1.1538431176914331e-49,0.9650781570943118,10000,20,0.0,0.0,8.0
2.5356164383561643,0.03494072879050385,1.0960987510167124e-49,0.9650592712094953,10000,20,0.0,0.0,8.0
2.536986301369863,0.03495961430573714,1.0412554248562598e-49,0.965040385694262,10000,20,0.0,0.0,8.0
2.5383561643835617,0.03497849945139449,9.891668341070499e-50,0.9650215005486046,10000,20,0.0,0.0,8.0
2.5397260273972604,0.034997384227483136,9.39694080069596e-50,0.9650026157725159,10000,20,0.0,0.0,8.0
2.541095890410959,0.035016268634010306,8.927052941094213e-50,0.9649837313659887,10000,20,0.0,0.0,8.0
2.5424657534246577,0.035035152670983234,8.480752805120712e-50,0.9649648473290158,10000,20,0.0,0.0,8.0
2.543835616438356,0.03505403633840915,8.056851775492087e-50,0.9649459636615899,10000,20,0.0,0.0,8.0
2.5452054794520547,0.035072919636295295,7.654221358237182e-50,0.9649270803637038,10000,20,0.0,0.0,8.0
2.5465753424657533,0.03509180256464889,7.271790130098936e-50,0.9649081974353502,10000,20,0.0,0.0,8.0
2.547945205479452,0.03511068512347717,6.9085408414971285e-50,0.9648893148765219,10000,20,0.0,0.0,8.0
2.5493150684931507,0.035129567312787366,6.563507667097452e-50,0.9648704326872116,10000,20,0.0,0.0,8.0
2.5506849315068494,0.03514844913258671,6.235773596437897e-50,0.9648515508674123,10000,20,0.0,0.0,8.0
2.552054794520548,0.03516733058288243,5.924467957451802e-50,0.9648326694171165,10000,20,0.0,0.0,8.0
2.5534246575342467,0.035186211663681764,5.62876406609423e-50,0.9648137883363173,10000,20,0.0,0.0,8.0
2.5547945205479454,0.03520509237499194,5.347876995626857e-50,0.9647949076250071,10000,20,0.0,0.0,8.0
2.5561643835616437,0.03522397271682018,5.081061459447191e-50,0.9647760272831788,10000,20,0.0,0.0,8.0
2.5575342465753423,0.03524285268917372,4.8276098016609445e-50,0.9647571473108253,10000,20,0.0,0.0,8.0
2.558904109589041,0.035261732292059804,4.58685008989556e-50,0.9647382677079392,10000,20,0.0,0.0,8.0
2.5602739726027397,0.035280611525485644,4.358144305132014e-50,0.9647193884745134,10000,20,0.0,0.0,8.0
2.5616438356164384,0.035299490389458475,4.1408866236026442e-50,0.9647005096105407,10000,20,0.0,0.0,8.0
2.563013698630137,0.03531836888398553,3.934501786054776e-50,0.9646816311160136,10000,20,0.0,0.0,8.0
2.5643835616438357,0.03533724700907404,3.738443549921273e-50,0.9646627529909251,10000,20,0.0,0.0,8.0
2.5657534246575344,0.03535612476473123,3.5521932201675077e-50,0.9646438752352678,10000,20,0.0,0.0,8.0
2.567123287671233,0.035375002150964334,3.3752582548008545e-50,0.9646249978490348,10000,20,0.0,0.0,8.0
2.5684931506849313,0.03539387916778057,3.2071709412344284e-50,0.9646061208322185,10000,20,0.0,0.0,8.0
2.56986301369863,0.03541275581518718,3.0474871398913515e-50,0.9645872441848119,10000,20,0.0,0.0,8.0
2.5712328767123287,0.03543163209319139,2.8957850916219173e-50,0.9645683679068077,10000,20,0.0,0.0,8.0
2.5726027397260274,0.035450508001800426,2.7516642856795724e-50,0.9645494919981986,10000,20,0.0,0.0,8.0
2.573972602739726,0.03546938354102152,2.6147443851699775e-50,0.9645306164589775,10000,20,0.0,0.0,8.0
2.5753424657534247,0.0354882587108619,2.4846642070441425e-50,0.9645117412891372,10000,20,0.0,0.0,8.0
2.5767123287671234,0.03550713351132879,2.3610807538568066e-50,0.9644928664886703,10000,20,0.0,0.0,8.0
2.578082191780822,0.035526007942429425,2.243668294653268e-50,0.9644739920575697,10000,20,0.0,0.0,8.0
2.5794520547945208,0.03554488200417103,2.1321174924826695e-50,0.9644551179958281,10000,20,0.0,0.0,8.0
2.580821917808219,0.035563755696560825,2.0261345761636792e-50,0.9644362443034382,10000,20,0.0,0.0,8.0
2.5821917808219177,0.03558262901960605,1.9254405540495708e-50,0.964417370980393,10000,20,0.0,0.0,8.0
2.5835616438356164,0.03560150197331393,1.8297704676555518e-50,0.9643984980266852,10000,20,0.0,0.0,8.0
2.584931506849315,0.035620374557691695,1.7388726831191705e-50,0.9643796254423075,10000,20,0.0,0.0,8.0
2.5863013698630137,0.03563924677274657,1.6525082185694517e-50,0.9643607532272526,10000,20,0.0,0.0,8.0
2.5876712328767124,0.03565811861848578,1.5704501055779719e-50,0.9643418813815133,10000,20,0.0,0.0,8.0
2.589041095890411,0.03567699009491655,1.4924827829585792e-50,0.9643230099050826,10000,20,0.0,0.0,8.0
2.5904109589041098,0.03569586120204612,1.4184015212709131e-50,0.964304138797953,10000,20,0.0,0.0,8.0
2.5917808219178085,0.0357147319398817,1.348011876466812e-50,0.9642852680601174,10000,20,0.0,0.0,8.0
2.5931506849315067,0.03573360230843052,1.2811291711983693e-50,0.9642663976915685,10000,20,0.0,0.0,8.0
2.5945205479452054,0.03575247230769982,1.2175780023818148e-50,0.9642475276922993,10000,20,0.0,0.0,8.0
2.595890410958904,0.035771341937696814,1.1571917736835385e-50,0.9642286580623023,10000,20,0.0,0.0,8.0
2.5972602739726027,0.035790211198428734,1.0998122516618518e-50,0.9642097888015704,10000,20,0.0,0.0,8.0
2.5986301369863014,0.03580908008990281,1.045289144363385e-50,0.9641909199100963,10000,20,0.0,0.0,8.0
2.6,0.03582794861212626,9.934797012337987e-51,0.9641720513878729,10000,20,0.0,0.0,8.0
2.6013698630136988,0.03584681676510631,9.44248333260756e-51,0.9641531832348929,10000,20,0.0,0.0,8.0
2.6027397260273974,0.03586568454885019,8.974662523222107e-51,0.964134315451149,10000,20,0.0,0.0,8.0
2.604109589041096,0.035884551963365124,8.530111287653896e-51,0.9641154480366341,10000,20,0.0,0.0,8.0
2.6054794520547944,0.03590341900865833,8.107667662914982e-51,0.9640965809913409,10000,20,0.0,0.0,8.0
2.606849315068493,0.03592228568473705,7.706227932681907e-51,0.9640777143152621,10000,20,0.0,0.0,8.0
2.6082191780821917,0.0359411519916085,7.324743696368271e-51,0.9640588480083907,10000,20,0.0,0.0,8.0
2.6095890410958904,0.03596001792927991,6.962219086234742e-51,0.9640399820707193,10000,20,0.0,0.0,8.0
2.610958904109589,0.03597888349775849,6.617708125033368e-51,0.9640211165022406,10000,20,0.0,0.0,8.0
2.6123287671232878,0.03599774869705148,6.290312217062006e-51,0.9640022513029477,10000,20,0.0,0.0,8.0
2.6136986301369864,0.036016613527166105,5.979177765868104e-51,0.9639833864728331,10000,20,0.0,0.0,8.0
2.615068493150685,0.036035477988109584,5.683493912184783e-51,0.9639645220118896,10000,20,0.0,0.0,8.0
2.6164383561643834,0.03605434207988913,5.402490386008634e-51,0.9639456579201101,10000,20,0.0,0.0,8.0
2.617808219178082,0.03607320580251199,5.1354354670376606e-51,0.9639267941974873,10000,20,0.0,0.0,8.0
2.6191780821917807,0.036092069155985375,4.8816340479835905e-51,0.9639079308440139,10000,20,0.0,0.0,8.0
2.6205479452054794,0.036110932140316514,4.640425795548486e-51,0.9638890678596828,10000,20,0.0,0.0,8.0
2.621917808219178,0.036129794755512624,4.411183404123432e-51,0.9638702052444866,10000,20,0.0,0.0,8.0
2.6232876712328768,0.03614865700158094,4.193310937516309e-51,0.9638513429984183,10000,20,0.0,0.0,8.0
2.6246575342465754,0.03616751887852867,3.986242254254673e-51,0.9638324811214706,10000,20,0.0,0.0,8.0
2.626027397260274,0.03618638038636305,3.789439512235845e-51,0.9638136196136362,10000,20,0.0,0.0,8.0
2.627397260273973,0.036205241525091296,3.6023917487110186e-51,0.9637947584749079,10000,20,0.0,0.0,8.0
2.628767123287671,0.03622410229472063,3.424613531793953e-51,0.9637758977052786,10000,20,0.0,0.0,8.0
2.6301369863013697,0.036242962695258285,3.2556436798777934e-51,0.9637570373047409,10000,20,0.0,0.0,8.0
2.6315068493150684,0.03626182272671148,3.095044045528249e-51,0.9637381772732877,10000,20,0.0,0.0,8.0
2.632876712328767,0.03628068238908744,2.9423983605935055e-51,0.9637193176109118,10000,20,0.0,0.0,8.0
2.6342465753424658,0.036299541682393376,2.7973111394385726e-51,0.9637004583176059,10000,20,0.0,0.0,8.0
2.6356164383561644,0.03631840060663652,2.6594066373673956e-51,0.9636815993933627,10000,20,0.0,0.0,8.0
2.636986301369863,0.03633725916182409,2.5283278614453768e-51,0.9636627408381752,10000,20,0.0,0.0,8.0
2.638356164383562,0.03635611734796332,2.403735631076192e-51,0.9636438826520359,10000,20,0.0,0.0,8.0
2.6397260273972605,0.03637497516506141,2.285307685820915e-51,0.9636250248349378,10000,20,0.0,0.0,8.0
2.6410958904109587,0.0363938326131256,2.172737838074788e-51,0.9636061673868737,10000,20,0.0,0.0,8.0
2.6424657534246574,0.03641268969216311,2.0657351683375528e-51,0.9635873103078362,10000,20,0.0,0.0,8.0
2.643835616438356,0.03643154640218115,1.9640232609286957e-51,0.9635684535978182,10000,20,0.0,0.0,8.0
2.6452054794520548,0.036450402743186956,1.8673394781065232e-51,0.9635495972568123,10000,20,0.0,0.0,8.0
2.6465753424657534,0.03646925871518774,1.775434270654599e-51,0.9635307412848115,10000,20,0.0,0.0,8.0
2.647945205479452,0.036488114318190726,1.6880705230963456e-51,0.9635118856818086,10000,20,0.0,0.0,8.0
2.649315068493151,0.03650696955220314,1.60502293179197e-51,0.9634930304477961,10000,20,0.0,0.0,8.0
2.6506849315068495,0.03652582441723219,1.526077414260173e-51,0.963474175582767,10000,20,0.0,0.0,8.0
2.652054794520548,0.03654467891328511,1.4510305481509796e-51,0.9634553210867142,10000,20,0.0,0.0,8.0
2.6534246575342464,0.036563533040369106,1.3796890383756495e-51,0.9634364669596301,10000,20,0.0,0.0,8.0
2.654794520547945,0.03658238679849141,1.3118692109750327e-51,0.9634176132015079,10000,20,0.0,0.0,8.0
2.6561643835616437,0.03660124018765924,1.2473965323799428e-51,0.96339875981234,10000,20,0.0,0.0,8.0
2.6575342465753424,0.03662009320787982,1.1861051527844074e-51,0.9633799067921195,10000,20,0.0,0.0,8.0
2.658904109589041,0.03663894585916036,1.127837472418091e-51,0.963361054140839,10000,20,0.0,0.0,8.0
2.66027397260274,0.03665779814150809,1.072443729565058e-51,0.9633422018584912,10000,20,0.0,0.0,8.0
2.6616438356164385,0.036676650054930225,1.0197816092344419e-51,0.9633233499450691,10000,20,0.0,0.0,8.0
2.663013698630137,0.03669550159943399,9.69715871443858e-52,0.9633044984005653,10000,20,0.0,0.0,8.0
2.664383561643836,0.03671435277502659,9.221179981288752e-52,0.9632856472249727,10000,20,0.0,0.0,8.0
2.665753424657534,0.03673320358171525,8.76865857741707e-52,0.963266796418284,10000,20,0.0,0.0,8.0
2.6671232876712327,0.0367520540195072,8.338433866494743e-52,0.9632479459804921,10000,20,0.0,0.0,8.0
2.6684931506849314,0.036770904088409655,7.92940286487604e-52,0.9632290959115897,10000,20,0.0,0.0,8.0
2.66986301369863,0.03678975378842983,7.540517366660386e-52,0.9632102462115695,10000,20,0.0,0.0,8.0
2.671232876712329,0.03680860311957494,7.170781212669205e-52,0.9631913968804243,10000,20,0.0,0.0,8.0
2.6726027397260275,0.036827452081852216,6.819247696105144e-52,0.9631725479181471,10000,20,0.0,0.0,8.0
2.673972602739726,0.03684630067526887,6.485017098027171e-52,0.9631536993247305,10000,20,0.0,0.0,8.0
2.675342465753425,0.03686514889983211,6.1672343461210924e-52,0.9631348511001673,10000,20,0.0,0.0,8.0
2.6767123287671235,0.03688399675554917,5.865086790573806e-52,0.9631160032444502,10000,20,0.0,0.0,8.0
2.6780821917808217,0.03690284424242725,5.577802091171795e-52,0.9630971557575722,10000,20,0.0,0.0,8.0
2.6794520547945204,0.03692169136047359,5.304646210040048e-52,0.9630783086395258,10000,20,0.0,0.0,8.0
2.680821917808219,0.036940538109695394,5.044921504720841e-52,0.963059461890304,10000,20,0.0,0.0,8.0
2.682191780821918,0.03695938449009988,4.797964916555671e-52,0.9630406155098995,10000,20,0.0,0.0,8.0
2.6835616438356165,0.03697823050169427,4.563146249590503e-52,0.9630217694983051,10000,20,0.0,0.0,8.0
2.684931506849315,0.03699707614448578,4.339866535463264e-52,0.9630029238555136,10000,20,0.0,0.0,8.0
2.686301369863014,0.03701592141848163,4.127556479961816e-52,0.9629840785815177,10000,20,0.0,0.0,8.0
2.6876712328767125,0.03703476632368903,3.9256749871575544e-52,0.9629652336763103,10000,20,0.0,0.0,8.0
2.689041095890411,0.0370536108601152,3.7337077572259084e-52,0.9629463891398841,10000,20,0.0,0.0,8.0
2.6904109589041094,0.037072455027767355,3.551165954260694e-52,0.9629275449722319,10000,20,0.0,0.0,8.0
2.691780821917808,0.03709129882665272,3.377584940574711e-52,0.9629087011733465,10000,20,0.0,0.0,8.0
2.6931506849315068,0.03711014225677851,3.2125230741565668e-52,0.9628898577432207,10000,20,0.0,0.0,8.0
2.6945205479452055,0.03712898531815193,3.0555605661191774e-52,0.9628710146818472,10000,20,0.0,0.0,8.0
2.695890410958904,0.037147828010780204,2.906298395136511e-52,0.9628521719892189,10000,20,0.0,0.0,8.0
2.697260273972603,0.03716667033467055,2.7643572760149024e-52,0.9628333296653285,10000,20,0.0,0.0,8.0
2.6986301369863015,0.03718551228983018,2.6293766796890986e-52,0.9628144877101689,10000,20,0.0,0.0,8.0
2.7,0.037204353876266305,2.5010139020692933e-52,0.9627956461237327,10000,20,0.0,0.0,8.0
2.701369863013699,0.03722319509398615,2.378943179294714e-52,0.9627768049060128,10000,20,0.0,0.0,8.0
2.702739726027397,0.03724203594299692,2.262854847072138e-52,0.962757964057002,10000,20,0.0,0.0,8.0
2.7041095890410958,0.03726087642330585,2.152454541894048e-52,0.962739123576693,10000,20,0.0,0.0,8.0
2.7054794520547945,0.03727971653492013,2.0474624420426262e-52,0.9627202834650788,10000,20,0.0,0.0,8.0
2.706849315068493,0.037298556277847,1.947612546389614e-52,0.9627014437221519,10000,20,0.0,0.0,8.0
2.708219178082192,0.03731739565209366,1.852651989103218e-52,0.9626826043479053,10000,20,0.0,0.0,8.0
2.7095890410958905,0.037336234657667326,1.7623403884672504e-52,0.9626637653423317,10000,20,0.0,0.0,8.0
2.710958904109589,0.037355073294575214,1.67644922810799e-52,0.9626449267054238,10000,20,0.0,0.0,8.0
2.712328767123288,0.03737391156282454,1.5947612690097198e-52,0.9626260884371745,10000,20,0.0,0.0,8.0
2.7136986301369865,0.03739274946242252,1.5170699907810696e-52,0.9626072505375765,10000,20,0.0,0.0,8.0
2.7150684931506848,0.03741158699337636,1.4431790607114464e-52,0.9625884130066226,10000,20,0.0,0.0,8.0
2.7164383561643834,0.03743042415569328,1.3729018292298748e-52,0.9625695758443057,10000,20,0.0,0.0,8.0
2.717808219178082,0.037449260949380496,1.3060608504486223e-52,0.9625507390506185,10000,20,0.0,0.0,8.0
2.719178082191781,0.03746809737444522,1.2424874265391855e-52,0.9625319026255538,10000,20,0.0,0.0,8.0
2.7205479452054795,0.03748693343089466,1.1820211747517774e-52,0.9625130665691043,10000,20,0.0,0.0,8.0
2.721917808219178,0.03750576911873604,1.124509615948513e-52,0.962494230881263,10000,20,0.0,0.0,8.0
2.723287671232877,0.03752460443797657,1.0698077835772365e-52,0.9624753955620224,10000,20,0.0,0.0,8.0
2.7246575342465755,0.03754343938862346,1.0177778520666314e-52,0.9624565606113755,10000,20,0.0,0.0,8.0
2.726027397260274,0.03756227397068392,9.682887836742901e-53,0.9624377260293151,10000,20,0.0,0.0,8.0
2.7273972602739724,0.037581108184165164,9.212159928678917e-53,0.9624188918158338,10000,20,0.0,0.0,8.0
2.728767123287671,0.037599942029074414,8.764410273655644e-53,0.9624000579709245,10000,20,0.0,0.0,8.0
2.73013698630137,0.03761877550541888,8.338512650055443e-53,0.9623812244945801,10000,20,0.0,0.0,8.0
2.7315068493150685,0.03763760861320577,7.933396256562293e-53,0.9623623913867931,10000,20,0.0,0.0,8.0
2.732876712328767,0.037656441352442296,7.548042974177007e-53,0.9623435586475566,10000,20,0.0,0.0,8.0
2.734246575342466,0.03767527372313567,7.181484764029214e-53,0.9623247262768633,10000,20,0.0,0.0,8.0
2.7356164383561645,0.03769410572529311,6.832801194225012e-53,0.9623058942747058,10000,20,0.0,0.0,8.0
2.736986301369863,0.037712937358921825,6.501117089307014e-53,0.9622870626410771,10000,20,0.0,0.0,8.0
2.738356164383562,0.03773176862402902,6.1856002962244325e-53,0.96226823137597,10000,20,0.0,0.0,8.0
2.73972602739726,0.03775059952062191,5.885459561015853e-53,0.962249400479377,10000,20,0.0,0.0,8.0
2.741095890410959,0.03776943004870772,5.599942510696238e-53,0.9622305699512912,10000,20,0.0,0.0,8.0
2.7424657534246575,0.03778826020829364,5.328333735116784e-53,0.9622117397917053,10000,20,0.0,0.0,8.0
2.743835616438356,0.0378070899993869,5.06995296382416e-53,0.962192910000612,10000,20,0.0,0.0,8.0
2.745205479452055,0.0378259194219947,4.824153333197221e-53,0.9621740805780042,10000,20,0.0,0.0,8.0
2.7465753424657535,0.037844748476124256,4.590319739372988e-53,0.9621552515238747,10000,20,0.0,0.0,8.0
2.747945205479452,0.03786357716178278,4.367867272698311e-53,0.9621364228382162,10000,20,0.0,0.0,8.0
2.749315068493151,0.03788240547897747,4.15623972965624e-53,0.9621175945210215,10000,20,0.0,0.0,8.0
2.750684931506849,0.03790123342771554,3.954908198418261e-53,0.9620987665722834,10000,20,0.0,0.0,8.0
2.752054794520548,0.03792006100800422,3.7633697143650487e-53,0.9620799389919947,10000,20,0.0,0.0,8.0
2.7534246575342465,0.037938888219850704,3.581145982102087e-53,0.9620611117801482,10000,20,0.0,0.0,8.0
2.754794520547945,0.037957715063262204,3.4077821606674342e-53,0.9620422849367367,10000,20,0.0,0.0,8.0
2.756164383561644,0.037976541538245936,3.24284570879576e-53,0.962023458461753,10000,20,0.0,0.0,8.0
2.7575342465753425,0.037995367644809104,3.0859252872576853e-53,0.9620046323551898,10000,20,0.0,0.0,8.0
2.758904109589041,0.038014193382958916,2.9366297154424463e-53,0.96198580661704,10000,20,0.0,0.0,8.0
2.76027397260274,0.03803301875270258,2.794586979492871e-53,0.9619669812472964,10000,20,0.0,0.0,8.0
2.7616438356164386,0.03805184375404732,2.659443289435693e-53,0.9619481562459516,10000,20,0.0,0.0,8.0
2.763013698630137,0.03807066838700032,2.5308621828775784e-53,0.9619293316129987,10000,20,0.0,0.0,8.0
2.7643835616438355,0.038089492651568815,2.408523672957889e-53,0.9619105073484302,10000,20,0.0,0.0,8.0
2.765753424657534,0.03810831654776,2.2921234383650094e-53,0.961891683452239,10000,20,0.0,0.0,8.0
2.767123287671233,0.03812714007558109,2.181372053330744e-53,0.9618728599244178,10000,20,0.0,0.0,8.0
2.7684931506849315,0.038145963235039285,2.075994255622496e-53,0.9618540367649596,10000,20,0.0,0.0,8.0
2.76986301369863,0.0381647860261418,1.975728250650569e-53,0.9618352139738571,10000,20,0.0,0.0,8.0
2.771232876712329,0.03818360844889585,1.8803250499018533e-53,0.961816391551103,10000,20,0.0,0.0,8.0
2.7726027397260276,0.03820243050330863,1.7895478420000582e-53,0.9617975694966902,10000,20,0.0,0.0,8.0
2.7739726027397262,0.038221252189387364,1.7031713947771419e-53,0.9617787478106115,10000,20,0.0,0.0,8.0
2.7753424657534245,0.03824007350713924,1.6209814868209163e-53,0.9617599264928596,10000,20,0.0,0.0,8.0
2.776712328767123,0.038258894456571484,1.5427743670398862e-53,0.9617411055434273,10000,20,0.0,0.0,8.0
2.778082191780822,0.03827771503769129,1.468356240859421e-53,0.9617222849623075,10000,20,0.0,0.0,8.0
2.7794520547945205,0.03829653525050587,1.39754278173128e-53,0.9617034647494929,10000,20,0.0,0.0,8.0
2.780821917808219,0.03831535509502244,1.330158666704881e-53,0.9616846449049763,10000,20,0.0,0.0,8.0
2.782191780821918,0.03833417457124819,1.2660371348702948e-53,0.9616658254287506,10000,20,0.0,0.0,8.0
2.7835616438356166,0.03835299367919035,1.2050195675422106e-53,0.9616470063208085,10000,20,0.0,0.0,8.0
2.7849315068493152,0.038371812418856115,1.1469550891102074e-53,0.9616281875811427,10000,20,0.0,0.0,8.0
2.786301369863014,0.038390630790252685,1.0917001875339996e-53,0.961609369209746,10000,20,0.0,0.0,8.0
2.787671232876712,0.03840944879338727,1.039118353513005e-53,0.9615905512066114,10000,20,0.0,0.0,8.0
2.789041095890411,0.038428266428267084,9.890797374076194e-54,0.9615717335717316,10000,20,0.0,0.0,8.0
2.7904109589041095,0.03844708369489933,9.414608230356818e-54,0.9615529163050994,10000,20,0.0,0.0,8.0
2.791780821917808,0.03846590059329122,8.961441175104947e-54,0.9615340994067075,10000,20,0.0,0.0,8.0
2.793150684931507,0.038484717123449946,8.530178563286678e-54,0.9615152828765487,10000,20,0.0,0.0,8.0
2.7945205479452055,0.038503533285382724,8.119757229549487e-54,0.961496466714616,10000,20,0.0,0.0,8.0
2.7958904109589042,0.038522349079096754,7.729165821886212e-54,0.961477650920902,10000,20,0.0,0.0,8.0
2.797260273972603,0.03854116450459925,7.357442266314818e-54,0.9614588354953995,10000,20,0.0,0.0,8.0
2.7986301369863016,0.03855997956189741,7.003671356110852e-54,0.9614400204381013,10000,20,0.0,0.0,8.0
2.8,0.038578794250998444,6.666982459449675e-54,0.9614212057490003,10000,20,0.0,0.0,8.0
2.8013698630136985,0.03859760857190956,6.346547339618976e-54,0.9614023914280891,10000,20,0.0,0.0,8.0
2.802739726027397,0.038616422524637956,6.04157808225336e-54,0.9613835774753607,10000,20,0.0,0.0,8.0
2.804109589041096,0.03863523610919084,5.751325124313677e-54,0.9613647638908078,10000,20,0.0,0.0,8.0
2.8054794520547945,0.03865404932557542,5.475075379798658e-54,0.9613459506744233,10000,20,0.0,0.0,8.0
2.8068493150684932,0.038672862173798894,5.2121504574221005e-54,0.9613271378261998,10000,20,0.0,0.0,8.0
2.808219178082192,0.038691674653868476,4.961904965725445e-54,0.9613083253461302,10000,20,0.0,0.0,8.0
2.8095890410958906,0.03871048676579136,4.7237249013194473e-54,0.9612895132342073,10000,20,0.0,0.0,8.0
2.8109589041095893,0.03872929850957476,4.497026116161606e-54,0.9612707014904239,10000,20,0.0,0.0,8.0
2.8123287671232875,0.03874810988522587,4.281252859978405e-54,0.9612518901147729,10000,20,0.0,0.0,8.0
2.813698630136986,0.038766920892751904,4.0758763941332607e-54,0.9612330791072469,10000,20,0.0,0.0,8.0
2.815068493150685,0.03878573153216006,3.8803936734252785e-54,0.9612142684678388,10000,20,0.0,0.0,8.0
2.8164383561643835,0.03880454180345755,3.694326092475188e-54,0.9611954581965413,10000,20,0.0,0.0,8.0
2.817808219178082,0.03882335170665157,3.517218293522367e-54,0.9611766482933473,10000,20,0.0,0.0,8.0
2.819178082191781,0.03884216124174932,3.3486370326122734e-54,0.9611578387582494,10000,20,0.0,0.0,8.0
2.8205479452054796,0.038860970408758015,3.1881701013032385e-54,0.9611390295912408,10000,20,0.0,0.0,8.0
2.8219178082191783,0.038879779207684845,3.035425301163209e-54,0.961120220792314,10000,20,0.0,0.0,8.0
2.823287671232877,0.03889858763853702,2.890029468461759e-54,0.9611014123614617,10000,20,0.0,0.0,8.0
2.824657534246575,0.03891739570132174,2.751627546590749e-54,0.961082604298677,10000,20,0.0,0.0,8.0
2.826027397260274,0.03893620339604621,2.6198817038683984e-54,0.9610637966039525,10000,20,0.0,0.0,8.0
2.8273972602739725,0.03895501072271764,2.494470494498136e-54,0.961044989277281,10000,20,0.0,0.0,8.0
2.828767123287671,0.038973817681343226,2.375088060561959e-54,0.9610261823186554,10000,20,0.0,0.0,8.0
2.83013698630137,0.03899262427193017,2.2614433730341055e-54,0.9610073757280685,10000,20,0.0,0.0,8.0
2.8315068493150686,0.039011430494485674,2.1532595098992134e-54,0.960988569505513,10000,20,0.0,0.0,8.0
2.8328767123287673,0.039030236349016936,2.0502729695538638e-54,0.9609697636509817,10000,20,0.0,0.0,8.0
2.834246575342466,0.039049041835531165,1.9522330177601012e-54,0.9609509581644675,10000,20,0.0,0.0,8.0
2.8356164383561646,0.03906784695403556,1.8589010665048153e-54,0.9609321530459631,10000,20,0.0,0.0,8.0
2.836986301369863,0.03908665170453732,1.770050083199979e-54,0.9609133482954614,10000,20,0.0,0.0,8.0
2.8383561643835615,0.03910545608704365,1.6854640287356068e-54,0.960894543912955,10000,20,0.0,0.0,8.0
2.83972602739726,0.03912426010156175,1.60493732297116e-54,0.9608757398984369,10000,20,0.0,0.0,8.0
2.841095890410959,0.03914306374809883,1.5282743363197526e-54,0.9608569362518998,10000,20,0.0,0.0,8.0
2.8424657534246576,0.03916186702666208,1.4552889061467283e-54,0.9608381329733365,10000,20,0.0,0.0,8.0
2.8438356164383563,0.0391806699372587,1.3858038767664867e-54,0.9608193300627399,10000,20,0.0,0.0,8.0
2.845205479452055,0.0391994724798959,1.3196506618814684e-54,0.9608005275201027,10000,20,0.0,0.0,8.0
2.8465753424657536,0.03921827465458087,1.2566688283640377e-54,0.9607817253454177,10000,20,0.0,0.0,8.0
2.8479452054794523,0.039237076461320824,1.1967057003360591e-54,0.9607629235386778,10000,20,0.0,0.0,8.0
2.8493150684931505,0.03925587790012294,1.1396159825523722e-54,0.9607441220998756,10000,20,0.0,0.0,8.0
2.850684931506849,0.039274678970994445,1.08526140214309e-54,0.9607253210290041,10000,20,0.0,0.0,8.0
2.852054794520548,0.039293479673942526,1.033510367816473e-54,0.960706520326056,10000,20,0.0,0.0,8.0
2.8534246575342466,0.03931228000897438,9.842376456676371e-55,0.9606877199910241,10000,20,0.0,0.0,8.0
2.8547945205479452,0.039331079976097215,9.373240507809711e-55,0.9606689200239013,10000,20,0.0,0.0,8.0
2.856164383561644,0.03934987957531823,8.926561538536501e-55,0.9606501204246802,10000,20,0.0,0.0,8.0
2.8575342465753426,0.039368678806644616,8.50126002105701e-55,0.9606313211933538,10000,20,0.0,0.0,8.0
2.8589041095890413,0.039387477670083576,8.096308537781141e-55,0.9606125223299149,10000,20,0.0,0.0,8.0
2.86027397260274,0.039406276165642316,7.710729255547887e-55,0.9605937238343562,10000,20,0.0,0.0,8.0
2.861643835616438,0.03942507429332802,7.343591522767047e-55,0.9605749257066705,10000,20,0.0,0.0,8.0
2.863013698630137,0.03944387205314791,6.994009583476232e-55,0.9605561279468506,10000,20,0.0,0.0,8.0
2.8643835616438356,0.039462669445109164,6.661140402603306e-55,0.9605373305548893,10000,20,0.0,0.0,8.0
2.8657534246575342,0.03948146646921899,6.344181597000382e-55,0.9605185335307795,10000,20,0.0,0.0,8.0
2.867123287671233,0.03950026312548459,6.0423694670860455e-55,0.960499736874514,10000,20,0.0,0.0,8.0
2.8684931506849316,0.039519059413913156,5.754977124183129e-55,0.9604809405860854,10000,20,0.0,0.0,8.0
2.8698630136986303,0.03953785533451189,5.4813127088810165e-55,0.9604621446654866,10000,20,0.0,0.0,8.0
2.871232876712329,0.039556650887287985,5.220717695980244e-55,0.9604433491127106,10000,20,0.0,0.0,8.0
2.872602739726027,0.03957544607224864,4.9725652817948824e-55,0.96042455392775,10000,20,0.0,0.0,8.0
2.873972602739726,0.039594240889401056,4.736258849794592e-55,0.9604057591105976,10000,20,0.0,0.0,8.0
2.8753424657534246,0.039613035338752434,4.5112305107666955e-55,0.9603869646612462,10000,20,0.0,0.0,8.0
2.8767123287671232,0.03963182942030997,4.2969397138628695e-55,0.9603681705796886,10000,20,0.0,0.0,8.0
2.878082191780822,0.039650623134080853,4.092871925075828e-55,0.9603493768659177,10000,20,0.0,0.0,8.0
2.8794520547945206,0.039669416480072286,3.8985373698587745e-55,0.9603305835199263,10000,20,0.0,0.0,8.0
2.8808219178082193,0.03968820945829147,3.7134698367618356e-55,0.9603117905417071,10000,20,0.0,0.0,8.0
2.882191780821918,0.0397070020687456,3.537225539112558e-55,0.960292997931253,10000,20,0.0,0.0,8.0
2.8835616438356166,0.03972579431144187,3.3693820319129486e-55,0.9602742056885567,10000,20,0.0,0.0,8.0
2.884931506849315,0.039744586186387466,3.2095371812639014e-55,0.9602554138136111,10000,20,0.0,0.0,8.0
2.8863013698630136,0.039763377693589605,3.0573081837589805e-55,0.9602366223064089,10000,20,0.0,0.0,8.0
2.8876712328767122,0.03978216883305548,2.9123306334156524e-55,0.960217831166943,10000,20,0.0,0.0,8.0
2.889041095890411,0.039800959604792276,2.7742576338291497e-55,0.9601990403952062,10000,20,0.0,0.0,8.0
2.8904109589041096,0.0398197500088072,2.642758953349049e-55,0.9601802499911912,10000,20,0.0,0.0,8.0
2.8917808219178083,0.039838540045107444,2.5175202211850567e-55,0.960161459954891,10000,20,0.0,0.0,8.0
2.893150684931507,0.0398573297137002,2.39824216245112e-55,0.9601426702862982,10000,20,0.0,0.0,8.0
2.8945205479452056,0.03987611901459267,2.2846398702541587e-55,0.9601238809854057,10000,20,0.0,0.0,8.0
2.8958904109589043,0.039894907947792047,2.1764421130261803e-55,0.9601050920522063,10000,20,0.0,0.0,8.0
2.8972602739726026,0.03991369651330552,2.0733906753865045e-55,0.9600863034866928,10000,20,0.0,0.0,8.0
2.8986301369863012,0.0399324847111403,1.9752397309042212e-55,0.960067515288858,10000,20,0.0,0.0,8.0
2.9,0.03995127254130357,1.881755245211221e-55,0.9600487274586947,10000,20,0.0,0.0,8.0
2.9013698630136986,0.03997006000380253,1.7927144079906034e-55,0.9600299399961958,10000,20,0.0,0.0,8.0
2.9027397260273973,0.03998884709864437,1.7079050924383732e-55,0.960011152901354,10000,20,0.0,0.0,8.0
2.904109589041096,0.04000763382583629,1.627125340864015e-55,0.9599923661741621,10000,20,0.0,0.0,8.0
2.9054794520547946,0.040026420185385485,1.5501828751608432e-55,0.9599735798146128,10000,20,0.0,0.0,8.0
2.9068493150684933,0.04004520617729915,1.4768946309388499e-55,0.9599547938226992,10000,20,0.0,0.0,8.0
2.908219178082192,0.04006399180158447,1.4070863141716167e-55,0.9599360081984138,10000,20,0.0,0.0,8.0
2.9095890410958902,0.04008277705824864,1.3405919792648423e-55,0.9599172229417496,10000,20,0.0,0.0,8.0
2.910958904109589,0.04010156194729887,1.2772536275071086e-55,0.9598984380526994,10000,20,0.0,0.0,8.0
2.9123287671232876,0.040120346468742345,1.2169208249145832e-55,0.9598796535312559,10000,20,0.0,0.0,8.0
2.9136986301369863,0.040139130622586255,1.1594503385287414e-55,0.959860869377412,10000,20,0.0,0.0,8.0
2.915068493150685,0.04015791440883779,1.1047057902727502e-55,0.9598420855911605,10000,20,0.0,0.0,8.0
2.9164383561643836,0.04017669782750416,1.05255732751524e-55,0.9598233021724941,10000,20,0.0,0.0,8.0
2.9178082191780823,0.040195480878592545,1.0028813095317783e-55,0.9598045191214057,10000,20,0.0,0.0,8.0
2.919178082191781,0.040214263562110136,9.55560009093732e-56,0.9597857364378881,10000,20,0.0,0.0,8.0
2.9205479452054797,0.04023304587806414,9.104813284516806e-56,0.9597669541219341,10000,20,0.0,0.0,8.0
2.921917808219178,0.04025182782646173,8.67538529016205e-56,0.9597481721735366,10000,20,0.0,0.0,8.0
2.9232876712328766,0.040270609407310115,8.266299740726798e-56,0.9597293905926882,10000,20,0.0,0.0,8.0
2.9246575342465753,0.04028939062061648,7.876588838992402e-56,0.9597106093793819,10000,20,0.0,0.0,8.0
2.926027397260274,0.04030817146638803,7.505331026872803e-56,0.9596918285336103,10000,20,0.0,0.0,8.0
2.9273972602739726,0.04032695194463194,7.151648766935086e-56,0.9596730480553665,10000,20,0.0,0.0,8.0
2.9287671232876713,0.04034573205535542,6.814706430800438e-56,0.959654267944643,10000,20,0.0,0.0,8.0
2.93013698630137,0.04036451179856564,6.493708289255335e-56,0.9596354882014329,10000,20,0.0,0.0,8.0
2.9315068493150687,0.04038329117426981,6.187896599153769e-56,0.9596167088257287,10000,20,0.0,0.0,8.0
2.9328767123287673,0.04040207018247511,5.896549782430206e-56,0.9595979298175233,10000,20,0.0,0.0,8.0
2.9342465753424656,0.040420848823188735,5.618980692770275e-56,0.9595791511768097,10000,20,0.0,0.0,8.0
2.9356164383561643,0.040439627096417886,5.354534965701737e-56,0.9595603729035805,10000,20,0.0,0.0,8.0
2.936986301369863,0.040458405002169746,5.102589448075768e-56,0.9595415949978287,10000,20,0.0,0.0,8.0
2.9383561643835616,0.04047718254045151,4.862550703101057e-56,0.9595228174595469,10000,20,0.0,0.0,8.0
2.9397260273972603,0.04049595971127037,4.633853587282441e-56,0.959504040288728,10000,20,0.0,0.0,8.0
2.941095890410959,0.040514736514633505,4.415959895790932e-56,0.9594852634853649,10000,20,0.0,0.0,8.0
2.9424657534246577,0.04053351295054812,4.208357072960979e-56,0.9594664870494503,10000,20,0.0,0.0,8.0
2.9438356164383563,0.0405522890190214,4.0105569847709466e-56,0.959447710980977,10000,20,0.0,0.0,8.0
2.945205479452055,0.040571064720060536,3.8220947503151694e-56,0.9594289352799379,10000,20,0.0,0.0,8.0
2.9465753424657533,0.040589840053672714,3.6425276294209804e-56,0.9594101599463257,10000,20,0.0,0.0,8.0
2.947945205479452,0.04060861501986513,3.471433963701631e-56,0.9593913849801333,10000,20,0.0,0.0,8.0
2.9493150684931506,0.040627389618644975,3.3084121684684577e-56,0.9593726103813535,10000,20,0.0,0.0,8.0
2.9506849315068493,0.040646163850019436,3.1530797730484436e-56,0.959353836149979,10000,20,0.0,0.0,8.0
2.952054794520548,0.04066493771399571,3.0050725071741305e-56,0.9593350622860027,10000,20,0.0,0.0,8.0
2.9534246575342467,0.040683711210580974,2.8640434312246e-56,0.9593162887894174,10000,20,0.0,0.0,8.0
2.9547945205479453,0.04070248433978243,2.729662108204146e-56,0.959297515660216,10000,20,0.0,0.0,8.0
2.956164383561644,0.040721257101607254,2.601613815447476e-56,0.9592787428983912,10000,20,0.0,0.0,8.0
2.9575342465753427,0.040740029496062646,2.4795987941375892e-56,0.9592599705039359,10000,20,0.0,0.0,8.0
2.958904109589041,0.04075880152315579,2.3633315348150833e-56,0.9592411984768427,10000,20,0.0,0.0,8.0
2.9602739726027396,0.04077757318289388,2.2525400971454764e-56,0.9592224268171047,10000,20,0.0,0.0,8.0
2.9616438356164383,0.0407963444752841,2.1469654622957042e-56,0.9592036555247144,10000,20,0.0,0.0,8.0
2.963013698630137,0.04081511540033365,2.0463609163493874e-56,0.9591848845996649,10000,20,0.0,0.0,8.0
2.9643835616438357,0.040833885958049695,1.950491463267643e-56,0.9591661140419488,10000,20,0.0,0.0,8.0
2.9657534246575343,0.04085265614843944,1.8591332659736054e-56,0.9591473438515591,10000,20,0.0,0.0,8.0
2.967123287671233,0.04087142597151008,1.7720731142077667e-56,0.9591285740284885,10000,20,0.0,0.0,8.0
2.9684931506849317,0.04089019542726879,1.6891079178665626e-56,0.9591098045727298,10000,20,0.0,0.0,8.0
2.9698630136986304,0.040908964515722755,1.6100442245988089e-56,0.9590910354842758,10000,20,0.0,0.0,8.0
2.9712328767123286,0.04092773323687917,1.5346977604937841e-56,0.9590722667631193,10000,20,0.0,0.0,8.0
2.9726027397260273,0.04094650159074523,1.4628929927508808e-56,0.9590534984092532,10000,20,0.0,0.0,8.0
2.973972602739726,0.040965269577328114,1.3944627132748291e-56,0.9590347304226704,10000,20,0.0,0.0,8.0
2.9753424657534246,0.040984037196635015,1.3292476421906138e-56,0.9590159628033635,10000,20,0.0,0.0,8.0
2.9767123287671233,0.04100280444867311,1.2670960503215678e-56,0.9589971955513255,10000,20,0.0,0.0,8.0
2.978082191780822,0.041021571333449594,1.2078633997197632e-56,0.9589784286665489,10000,20,0.0,0.0,8.0
2.9794520547945207,0.04104033785097165,1.1514120013819103e-56,0.9589596621490268,10000,20,0.0,0.0,8.0
2.9808219178082194,0.041059104001246474,1.0976106893257452e-56,0.958940895998752,10000,20,0.0,0.0,8.0
2.982191780821918,0.04107786978428124,1.0463345102416543e-56,0.9589221302157173,10000,20,0.0,0.0,8.0
2.9835616438356163,0.04109663520008314,9.974644279721444e-57,0.9589033647999153,10000,20,0.0,0.0,8.0
2.984931506849315,0.04111540024865936,9.50887042107671e-57,0.9588845997513391,10000,20,0.0,0.0,8.0
2.9863013698630136,0.04113416493001709,9.064943200219378e-57,0.9588658350699814,10000,20,0.0,0.0,8.0
2.9876712328767123,0.04115292924416352,8.6418334170184e-57,0.958847070755835,10000,20,0.0,0.0,8.0
2.989041095890411,0.04117169319110583,8.23856056758818e-57,0.9588283068088926,10000,20,0.0,0.0,8.0
2.9904109589041097,0.041190456770851196,7.854190530375857e-57,0.9588095432291472,10000,20,0.0,0.0,8.0
2.9917808219178084,0.04120921998340682,7.487833362664196e-57,0.9587907800165916,10000,20,0.0,0.0,8.0
2.993150684931507,0.04122798282877988,7.138641202199262e-57,0.9587720171712185,10000,20,0.0,0.0,8.0
2.9945205479452057,0.04124674530697756,6.805806268906627e-57,0.9587532546930209,10000,20,0.0,0.0,8.0
2.995890410958904,0.041265507418007046,6.488558961902244e-57,0.9587344925819914,10000,20,0.0,0.0,8.0
2.9972602739726026,0.04128426916187553,6.186166047233935e-57,0.9587157308381229,10000,20,0.0,0.0,8.0
2.9986301369863013,0.04130303053859019,5.897928932011076e-57,0.9586969694614083,10000,20,0.0,0.0,8.0
3.0,0.04132179154815822,5.623182020785242e-57,0.9586782084518403,10000,20,0.0,0.0,8.0
3.0013698630136987,0.04134055219058679,5.361291150247013e-57,0.9586594478094117,10000,20,0.0,0.0,8.0
3.0027397260273974,0.0413593124658831,5.111652098491054e-57,0.9586406875341154,10000,20,0.0,0.0,8.0
3.004109589041096,0.041378072374054324,4.87368916528242e-57,0.9586219276259441,10000,20,0.0,0.0,8.0
3.0054794520547947,0.04139683191510765,4.6468538199282266e-57,0.9586031680848908,10000,20,0.0,0.0,8.0
3.006849315068493,0.041415591089050255,4.430623413522025e-57,0.9585844089109482,10000,20,0.0,0.0,8.0
3.0082191780821916,0.04143434989588934,4.224499952482932e-57,0.9585656501041091,10000,20,0.0,0.0,8.0
3.0095890410958903,0.04145310833563207,4.028008930460771e-57,0.9585468916643664,10000,20,0.0,0.0,8.0
3.010958904109589,0.041471866408285644,3.84069821581667e-57,0.9585281335917127,10000,20,0.0,0.0,8.0
3.0123287671232877,0.04149062411385724,3.662136992024831e-57,0.9585093758861412,10000,20,0.0,0.0,8.0
3.0136986301369864,0.041509381452354034,3.4919147484671216e-57,0.9584906185476444,10000,20,0.0,0.0,8.0
3.015068493150685,0.04152813842378322,3.32964031921388e-57,0.9584718615762152,10000,20,0.0,0.0,8.0
3.0164383561643837,0.04154689502815198,3.174940967499671e-57,0.9584531049718464,10000,20,0.0,0.0,8.0
3.0178082191780824,0.04156565126546749,3.0274615137125827e-57,0.9584343487345309,10000,20,0.0,0.0,8.0
3.0191780821917806,0.04158440713573693,2.886863504820288e-57,0.9584155928642615,10000,20,0.0,0.0,8.0
3.0205479452054793,0.0416031626389675,2.7528244232552844e-57,0.9583968373610309,10000,20,0.0,0.0,8.0
3.021917808219178,0.04162191777516638,2.6250369333774473e-57,0.958378082224832,10000,20,0.0,0.0,8.0
3.0232876712328767,0.041640672544340736,2.5032081637206198e-57,0.9583593274556577,10000,20,0.0,0.0,8.0
3.0246575342465754,0.04165942694649776,2.3870590233174045e-57,0.9583405730535006,10000,20,0.0,0.0,8.0
3.026027397260274,0.041678180981644636,2.2763235504770875e-57,0.9583218190183538,10000,20,0.0,0.0,8.0
3.0273972602739727,0.04169693464978855,2.1707482924697338e-57,0.9583030653502099,10000,20,0.0,0.0,8.0
3.0287671232876714,0.04171568795093667,2.0700917146434985e-57,0.9582843120490618,10000,20,0.0,0.0,8.0
3.03013698630137,0.04173444088509619,1.9741236375726904e-57,0.9582655591149023,10000,20,0.0,0.0,8.0
3.0315068493150683,0.04175319345227428,1.8826247009012595e-57,0.9582468065477242,10000,20,0.0,0.0,8.0
3.032876712328767,0.04177194565247814,1.795385852610053e-57,0.9582280543475203,10000,20,0.0,0.0,8.0
3.0342465753424657,0.041790697485714935,1.7122078624976164e-57,0.9582093025142835,10000,20,0.0,0.0,8.0
3.0356164383561643,0.04180944895199185,1.632900858721171e-57,0.9581905510480065,10000,20,0.0,0.0,8.0
3.036986301369863,0.04182820005131607,1.5572838863005506e-57,0.9581717999486823,10000,20,0.0,0.0,8.0
3.0383561643835617,0.04184695078369478,1.4851844865397264e-57,0.9581530492163036,10000,20,0.0,0.0,8.0
3.0397260273972604,0.04186570114913515,1.4164382963706926e-57,0.9581342988508632,10000,20,0.0,0.0,8.0
3.041095890410959,0.041884451147644365,1.3508886666720235e-57,0.958115548852354,10000,20,0.0,0.0,8.0
3.0424657534246577,0.04190320077922961,1.288386298659668e-57,0.9580967992207687,10000,20,0.0,0.0,8.0
3.043835616438356,0.04192195004389806,1.2287888974906756e-57,0.9580780499561002,10000,20,0.0,0.0,8.0
3.0452054794520547,0.0419406989416569,1.1719608422614418e-57,0.9580593010583414,10000,20,0.0,0.0,8.0
3.0465753424657533,0.0419594474725133,1.1177728716215246e-57,0.958040552527485,10000,20,0.0,0.0,8.0
3.047945205479452,0.04197819563647446,1.0661017842606098e-57,0.9580218043635238,10000,20,0.0,0.0,8.0
3.0493150684931507,0.04199694343354754,1.0168301535622816e-57,0.9580030565664507,10000,20,0.0,0.0,8.0
3.0506849315068494,0.04201569086373973,9.698460557515638e-58,0.9579843091362585,10000,20,0.0,0.0,8.0
3.052054794520548,0.0420344379270582,9.250428108954304e-58,0.95796556207294,10000,20,0.0,0.0,8.0
3.0534246575342467,0.04205318462351014,8.823187361460239e-58,0.9579468153764881,10000,20,0.0,0.0,8.0
3.0547945205479454,0.04207193095310273,8.415769106454173e-58,0.9579280690468955,10000,20,0.0,0.0,8.0
3.0561643835616437,0.04209067691584313,8.02724951538474e-58,0.9579093230841551,10000,20,0.0,0.0,8.0
3.0575342465753423,0.04210942251173855,7.656748005666444e-58,0.9578905774882597,10000,20,0.0,0.0,8.0
3.058904109589041,0.04212816774079615,7.30342520740925e-58,0.957871832259202,10000,20,0.0,0.0,8.0
3.0602739726027397,0.042146912603023105,6.966481026156689e-58,0.9578530873969751,10000,20,0.0,0.0,8.0
3.0616438356164384,0.0421656570984266,6.645152797081597e-58,0.9578343429015715,10000,20,0.0,0.0,8.0
3.063013698630137,0.04218440122701382,6.338713526302632e-58,0.9578155987729843,10000,20,0.0,0.0,8.0
3.0643835616438357,0.042203144988791935,6.046470215192153e-58,0.9577968550112061,10000,20,0.0,0.0,8.0
3.0657534246575344,0.04222188838376812,5.767762263742405e-58,0.9577781116162299,10000,20,0.0,0.0,8.0
3.067123287671233,0.04224063141194956,5.5019599492441756e-58,0.9577593685880486,10000,20,0.0,0.0,8.0
3.0684931506849313,0.042259374073343424,5.248462976710376e-58,0.9577406259266547,10000,20,0.0,0.0,8.0
3.06986301369863,0.042278116367956906,5.0066990976461596e-58,0.9577218836320411,10000,20,0.0,0.0,8.0
3.0712328767123287,0.04229685829579717,4.7761227939304915e-58,0.9577031417042009,10000,20,0.0,0.0,8.0
3.0726027397260274,0.0423155998568714,4.556214023725127e-58,0.9576844001431267,10000,20,0.0,0.0,8.0
3.073972602739726,0.042334341051186775,4.3464770264763605e-58,0.9576656589488114,10000,20,0.0,0.0,8.0
3.0753424657534247,0.04235308187875046,4.1464391842127234e-58,0.9576469181212477,10000,20,0.0,0.0,8.0
3.0767123287671234,0.04237182233956965,3.95564993647527e-58,0.9576281776604285,10000,20,0.0,0.0,8.0
3.078082191780822,0.0423905624336515,3.7736797463435575e-58,0.9576094375663466,10000,20,0.0,0.0,8.0
3.0794520547945208,0.04240930216100321,3.6001191151409264e-58,0.957590697838995,10000,20,0.0,0.0,8.0
3.080821917808219,0.04242804152163193,3.434577643517501e-58,0.9575719584783663,10000,20,0.0,0.0,8.0
3.0821917808219177,0.04244678051554487,3.276683136718242e-58,0.9575532194844534,10000,20,0.0,0.0,8.0
3.0835616438356164,0.04246551914274918,3.126080751948582e-58,0.957534480857249,10000,20,0.0,0.0,8.0
3.084931506849315,0.04248425740325205,2.9824321858474013e-58,0.9575157425967461,10000,20,0.0,0.0,8.0
3.0863013698630137,0.04250299529706064,2.8454149001733915e-58,0.9574970047029375,10000,20,0.0,0.0,8.0
3.0876712328767124,0.042521732824182146,2.7147213838995983e-58,0.957478267175816,10000,20,0.0,0.0,8.0
3.089041095890411,0.042540469984623734,2.590058449996928e-58,0.9574595300153744,10000,20,0.0,0.0,8.0
3.0904109589041098,0.04255920677839258,2.471146565268877e-58,0.9574407932216056,10000,20,0.0,0.0,8.0
3.0917808219178085,0.04257794320549586,2.3577192116774015e-58,0.9574220567945023,10000,20,0.0,0.0,8.0
3.0931506849315067,0.04259667926594075,2.249522277673819e-58,0.9574033207340574,10000,20,0.0,0.0,8.0
3.0945205479452054,0.04261541495973442,2.1463134781188294e-58,0.9573845850402638,10000,20,0.0,0.0,8.0
3.095890410958904,0.042634150286884054,2.0478618014435577e-58,0.9573658497131142,10000,20,0.0,0.0,8.0
3.0972602739726027,0.04265288524739682,1.9539469827661734e-58,0.9573471147526015,10000,20,0.0,0.0,8.0
3.0986301369863014,0.042671619841279894,1.8643590017407342e-58,0.9573283801587184,10000,20,0.0,0.0,8.0
3.1,0.04269035406854045,1.7788976039721028e-58,0.9573096459314578,10000,20,0.0,0.0,8.0
3.1013698630136988,0.042709087929185666,1.6973718448862426e-58,0.9572909120708126,10000,20,0.0,0.0,8.0
3.1027397260273974,0.04272782142322271,1.619599654997729e-58,0.9572721785767756,10000,20,0.0,0.0,8.0
3.104109589041096,0.04274655455065877,1.5454074255663958e-58,0.9572534454493395,10000,20,0.0,0.0,8.0
3.1054794520547944,0.042765287311501,1.474629613682751e-58,0.9572347126884974,10000,20,0.0,0.0,8.0
3.106849315068493,0.04278401970575659,1.4071083658670658e-58,0.9572159802942417,10000,20,0.0,0.0,8.0
3.1082191780821917,0.04280275173343272,1.3426931593107957e-58,0.9571972482665656,10000,20,0.0,0.0,8.0
3.1095890410958904,0.04282148339453654,1.281240459929405e-58,0.9571785166054618,10000,20,0.0,0.0,8.0
3.110958904109589,0.04284021468907524,1.2226133964357298e-58,0.9571597853109232,10000,20,0.0,0.0,8.0
3.1123287671232878,0.04285894561705599,1.1666814496799283e-58,0.9571410543829424,10000,20,0.0,0.0,8.0
3.1136986301369864,0.042877676178485966,1.1133201565378477e-58,0.9571223238215124,10000,20,0.0,0.0,8.0
3.115068493150685,0.04289640637337234,1.0624108276635454e-58,0.957103593626626,10000,20,0.0,0.0,8.0
3.116438356164384,0.04291513620172228,1.0138402784540235e-58,0.9570848637982761,10000,20,0.0,0.0,8.0
3.117808219178082,0.04293386566354295,9.675005726050373e-59,0.9570661343364554,10000,20,0.0,0.0,8.0
3.1191780821917807,0.04295259475884155,9.232887776660619e-59,0.9570474052411568,10000,20,0.0,0.0,8.0
3.1205479452054794,0.04297132348762523,8.811067320307528e-59,0.9570286765123731,10000,20,0.0,0.0,8.0
3.121917808219178,0.04299005184990117,8.408608228253223e-59,0.9570099481500972,10000,20,0.0,0.0,8.0
3.1232876712328768,0.04300877984567655,8.024617741831349e-59,0.9569912201543218,10000,20,0.0,0.0,8.0
3.1246575342465754,0.04302750747495852,7.658244454176536e-59,0.9569724925250398,10000,20,0.0,0.0,8.0
3.126027397260274,0.04304623473775428,7.308676386289859e-59,0.9569537652622441,10000,20,0.0,0.0,8.0
3.127397260273973,0.04306496163407098,6.975139153011751e-59,0.9569350383659274,10000,20,0.0,0.0,8.0
3.128767123287671,0.0430836881639158,6.656894214682747e-59,0.9569163118360826,10000,20,0.0,0.0,8.0
3.1301369863013697,0.04310241432729592,6.3532372104705915e-59,0.9568975856727024,10000,20,0.0,0.0,8.0
3.1315068493150684,0.0431211401242185,6.063496369533918e-59,0.9568788598757799,10000,20,0.0,0.0,8.0
3.132876712328767,0.04313986555469071,5.787030996369572e-59,0.9568601344453077,10000,20,0.0,0.0,8.0
3.1342465753424658,0.043158590618719725,5.523230026866306e-59,0.9568414093812787,10000,20,0.0,0.0,8.0
3.1356164383561644,0.04317731531631272,5.271510651749173e-59,0.9568226846836857,10000,20,0.0,0.0,8.0
3.136986301369863,0.04319603964747686,5.03131700425582e-59,0.9568039603525216,10000,20,0.0,0.0,8.0
3.138356164383562,0.04321476361221932,4.802118909034454e-59,0.9567852363877791,10000,20,0.0,0.0,8.0
3.1397260273972605,0.04323348721054727,4.583410689394949e-59,0.9567665127894511,10000,20,0.0,0.0,8.0
3.1410958904109587,0.04325221044246787,4.374710030179606e-59,0.9567477895575305,10000,20,0.0,0.0,8.0
3.1424657534246574,0.043270933307988306,4.175556893648224e-59,0.9567290666920101,10000,20,0.0,0.0,8.0
3.143835616438356,0.04328965580711574,3.985512485896066e-59,0.9567103441928826,10000,20,0.0,0.0,8.0
3.1452054794520548,0.04330837793985735,3.8041582714376956e-59,0.956691622060141,10000,20,0.0,0.0,8.0
3.1465753424657534,0.04332709970622029,3.631095033703254e-59,0.956672900293778,10000,20,0.0,0.0,8.0
3.147945205479452,0.04334582110621175,3.4659419792982846e-59,0.9566541788937866,10000,20,0.0,0.0,8.0
3.149315068493151,0.04336454213983888,3.308335883979687e-59,0.9566354578601595,10000,20,0.0,0.0,8.0
3.1506849315068495,0.043383262807108865,3.1579302783964934e-59,0.9566167371928895,10000,20,0.0,0.0,8.0
3.152054794520548,0.04340198310802886,3.014394671735843e-59,0.9565980168919695,10000,20,0.0,0.0,8.0
3.1534246575342464,0.04342070304260604,2.8774138115019183e-59,0.9565792969573924,10000,20,0.0,0.0,8.0
3.154794520547945,0.043439422610847586,2.7466869777385108e-59,0.9565605773891509,10000,20,0.0,0.0,8.0
3.1561643835616437,0.043458141812760656,2.62192731008612e-59,0.9565418581872378,10000,20,0.0,0.0,8.0
3.1575342465753424,0.04347686064835242,2.5028611661384883e-59,0.956523139351646,10000,20,0.0,0.0,8.0
3.158904109589041,0.043495579117630044,2.3892275096370375e-59,0.9565044208823684,10000,20,0.0,0.0,8.0
3.16027397260274,0.0435142972206007,2.2807773271093353e-59,0.9564857027793978,10000,20,0.0,0.0,8.0
3.1616438356164385,0.04353301495727155,2.177273071623403e-59,0.956466985042727,10000,20,0.0,0.0,8.0
3.163013698630137,0.04355173232764977,2.078488132391929e-59,0.9564482676723488,10000,20,0.0,0.0,8.0
3.164383561643836,0.043570449331742526,1.9842063290198063e-59,0.9564295506682561,10000,20,0.0,0.0,8.0
3.165753424657534,0.04358916596955698,1.8942214292450032e-59,0.9564108340304416,10000,20,0.0,0.0,8.0
3.1671232876712327,0.043607882241100314,1.8083366890764836e-59,0.9563921177588982,10000,20,0.0,0.0,8.0
3.1684931506849314,0.04362659814637968,1.7263644142848513e-59,0.9563734018536189,10000,20,0.0,0.0,8.0
3.16986301369863,0.04364531368540226,1.6481255422493293e-59,0.9563546863145963,10000,20,0.0,0.0,8.0
3.171232876712329,0.04366402885817521,1.5734492432123514e-59,0.9563359711418233,10000,20,0.0,0.0,8.0
3.1726027397260275,0.0436827436647057,1.50217254003687e-59,0.9563172563352929,10000,20,0.0,0.0,8.0
3.173972602739726,0.0437014581050009,1.4341399456040534e-59,0.9562985418949976,10000,20,0.0,0.0,8.0
3.175342465753425,0.04372017217906798,1.3692031170293846e-59,0.9562798278209306,10000,20,0.0,0.0,8.0
3.1767123287671235,0.043738885886914096,1.3072205259136336e-59,0.9562611141130845,10000,20,0.0,0.0,8.0
3.1780821917808217,0.04375759922854641,1.2480571438818685e-59,0.9562424007714522,10000,20,0.0,0.0,8.0
3.1794520547945204,0.043776312203972115,1.1915841426984652e-59,0.9562236877960265,10000,20,0.0,0.0,8.0
3.180821917808219,0.04379502481319836,1.137678608279777e-59,0.9562049751868003,10000,20,0.0,0.0,8.0
3.182191780821918,0.04381373705623231,1.0862232679571876e-59,0.9561862629437663,10000,20,0.0,0.0,8.0
3.1835616438356165,0.04383244893308113,1.0371062303741887e-59,0.9561675510669174,10000,20,0.0,0.0,8.0
3.184931506849315,0.043851160443751994,9.902207374295345e-60,0.9561488395562465,10000,20,0.0,0.0,8.0
3.186301369863014,0.04386987158825206,9.45464927706139e-60,0.9561301284117465,10000,20,0.0,0.0,8.0
3.1876712328767125,0.043888582366588505,9.02741610851536e-60,0.95611141763341,10000,20,0.0,0.0,8.0
3.189041095890411,0.04390729277876848,8.619580524006771e-60,0.9560927072212301,10000,20,0.0,0.0,8.0
3.1904109589041094,0.04392600282479915,8.230257685556364e-60,0.9560739971751994,10000,20,0.0,0.0,8.0
3.191780821917808,0.0439447125046877,7.858603304593691e-60,0.9560552874953108,10000,20,0.0,0.0,8.0
3.1931506849315068,0.043963421818441276,7.503811775225376e-60,0.9560365781815572,10000,20,0.0,0.0,8.0
3.1945205479452055,0.04398213076606705,7.165114393825675e-60,0.9560178692339314,10000,20,0.0,0.0,8.0
3.195890410958904,0.04400083934757219,6.841777660941652e-60,0.9559991606524263,10000,20,0.0,0.0,8.0
3.197260273972603,0.04401954756296386,6.533101661689673e-60,0.9559804524370347,10000,20,0.0,0.0,8.0
3.1986301369863015,0.04403825541224922,6.238418520999089e-60,0.9559617445877493,10000,20,0.0,0.0,8.0
3.2,0.04405696289543544,5.957090930228805e-60,0.9559430371045631,10000,20,0.0,0.0,8.0
3.201369863013699,0.044075670012529676,5.688510741844413e-60,0.9559243299874688,10000,20,0.0,0.0,8.0
3.202739726027397,0.04409437676353909,5.432097628998024e-60,0.9559056232364593,10000,20,0.0,0.0,8.0
3.2041095890410958,0.044113083148470865,5.187297806999555e-60,0.9558869168515276,10000,20,0.0,0.0,8.0
3.2054794520547945,0.044131789167332146,4.9535828138102234e-60,0.9558682108326663,10000,20,0.0,0.0,8.0
3.206849315068493,0.04415049482013011,4.730448346819806e-60,0.9558495051798683,10000,20,0.0,0.0,8.0
3.208219178082192,0.044169200106871906,4.5174131532996184e-60,0.9558307998931266,10000,20,0.0,0.0,8.0
3.2095890410958905,0.04418790502756471,4.3140179720428897e-60,0.9558120949724338,10000,20,0.0,0.0,8.0
3.210958904109589,0.04420660958221568,4.119824523820623e-60,0.9557933904177829,10000,20,0.0,0.0,8.0
3.212328767123288,0.044225313770831984,3.934414548391342e-60,0.9557746862291666,10000,20,0.0,0.0,8.0
3.2136986301369865,0.04424401759342078,3.7573888859083677e-60,0.9557559824065778,10000,20,0.0,0.0,8.0
3.2150684931506848,0.044262721049989226,3.588366600668645e-60,0.9557372789500094,10000,20,0.0,0.0,8.0
3.2164383561643834,0.04428142414054449,3.42698414524239e-60,0.9557185758594541,10000,20,0.0,0.0,8.0
3.217808219178082,0.04430012686509374,3.27289456311514e-60,0.9556998731349048,10000,20,0.0,0.0,8.0
3.219178082191781,0.044318829223644135,3.125766728058782e-60,0.9556811707763544,10000,20,0.0,0.0,8.0
3.2205479452054795,0.04433753121620283,2.985284618532915e-60,0.9556624687837957,10000,20,0.0,0.0,8.0
3.221917808219178,0.044356232842777,2.851146625495707e-60,0.9556437671572215,10000,20,0.0,0.0,8.0
3.223287671232877,0.0443749341033738,2.7230648920791153e-60,0.9556250658966248,10000,20,0.0,0.0,8.0
3.2246575342465755,0.04439363499800039,2.600764683655036e-60,0.9556063650019981,10000,20,0.0,0.0,8.0
3.226027397260274,0.04441233552666394,2.4839837868874134e-60,0.9555876644733345,10000,20,0.0,0.0,8.0
3.2273972602739724,0.044431035689371595,2.372471936430586e-60,0.9555689643106269,10000,20,0.0,0.0,8.0
3.228767123287671,0.044449735486130536,2.2659902679961117e-60,0.9555502645138679,10000,20,0.0,0.0,8.0
3.23013698630137,0.044468434916947915,2.164310796570359e-60,0.9555315650830506,10000,20,0.0,0.0,8.0
3.2315068493150685,0.04448713398183089,2.067215918620425e-60,0.9555128660181677,10000,20,0.0,0.0,8.0
3.232876712328767,0.04450583268078663,1.9744979371811037e-60,0.9554941673192119,10000,20,0.0,0.0,8.0
3.234246575342466,0.04452453101382229,1.8859586087662556e-60,0.9554754689861762,10000,20,0.0,0.0,8.0
3.2356164383561645,0.04454322898094503,1.8014087110971726e-60,0.9554567710190535,10000,20,0.0,0.0,8.0
3.236986301369863,0.044561926582162015,1.7206676306872103e-60,0.9554380734178365,10000,20,0.0,0.0,8.0
3.238356164383562,0.0445806238174804,1.6435629693664933e-60,0.955419376182518,10000,20,0.0,0.0,8.0
3.23972602739726,0.04459932068690735,1.5699301688729863e-60,0.9554006793130911,10000,20,0.0,0.0,8.0
3.241095890410959,0.04461801719045003,1.499612152676541e-60,0.9553819828095484,10000,20,0.0,0.0,8.0
3.2424657534246575,0.04463671332811559,1.4324589842416323e-60,0.9553632866718829,10000,20,0.0,0.0,8.0
3.243835616438356,0.0446554090999112,1.3683275409704616e-60,0.9553445909000873,10000,20,0.0,0.0,8.0
3.245205479452055,0.04467410450584401,1.3070812031040462e-60,0.9553258954941545,10000,20,0.0,0.0,8.0
3.2465753424657535,0.04469279954592119,1.2485895568918593e-60,0.9553072004540774,10000,20,0.0,0.0,8.0
3.247945205479452,0.04471149422014989,1.1927281113726643e-60,0.9552885057798487,10000,20,0.0,0.0,8.0
3.249315068493151,0.044730188528537274,1.139378028139585e-60,0.9552698114714613,10000,20,0.0,0.0,8.0
3.2506849315068496,0.0447488824710905,1.0884258634914581e-60,0.955251117528908,10000,20,0.0,0.0,8.0
3.252054794520548,0.04476757604781671,1.0397633224001919e-60,0.9552324239521818,10000,20,0.0,0.0,8.0
3.2534246575342465,0.044786269258723095,9.932870237501187e-61,0.9552137307412754,10000,20,0.0,0.0,8.0
3.254794520547945,0.0448049621038168,9.488982763308093e-61,0.9551950378961817,10000,20,0.0,0.0,8.0
3.256164383561644,0.04482365458310498,9.065028650882452e-61,0.9551763454168934,10000,20,0.0,0.0,8.0
3.2575342465753425,0.044842346696594794,8.660108471626685e-61,0.9551576533034036,10000,20,0.0,0.0,8.0
3.258904109589041,0.04486103844429341,8.273363572629009e-61,0.955138961555705,10000,20,0.0,0.0,8.0
3.26027397260274,0.04487972982620797,7.903974219478305e-61,0.9551202701737904,10000,20,0.0,0.0,8.0
3.2616438356164386,0.044898420842345646,7.551157824055755e-61,0.9551015791576527,10000,20,0.0,0.0,8.0
3.263013698630137,0.04491711149271359,7.214167253397578e-61,0.9550828885072847,10000,20,0.0,0.0,8.0
3.2643835616438355,0.044935801777318964,6.892289215902756e-61,0.9550641982226794,10000,20,0.0,0.0,8.0
3.265753424657534,0.04495449169616892,6.584842721333851e-61,0.9550455083038294,10000,20,0.0,0.0,8.0
3.267123287671233,0.04497318124927062,6.291177611219237e-61,0.9550268187507277,10000,20,0.0,0.0,8.0
3.2684931506849315,0.04499187043663122,6.010673156425253e-61,0.9550081295633671,10000,20,0.0,0.0,8.0
3.26986301369863,0.04501055925825788,5.742736718813636e-61,0.9549894407417404,10000,20,0.0,0.0,8.0
3.271232876712329,0.04502924771415775,5.486802474042591e-61,0.9549707522858405,10000,20,0.0,0.0,8.0
3.2726027397260276,0.04504793580433799,5.242330192705383e-61,0.9549520641956603,10000,20,0.0,0.0,8.0
3.2739726027397262,0.045066623528805756,5.008804077129706e-61,0.9549333764711925,10000,20,0.0,0.0,8.0
3.2753424657534245,0.0450853108875682,4.785731651284511e-61,0.95491468911243,10000,20,0.0,0.0,8.0
3.276712328767123,0.0451039978806325,4.572642701358158e-61,0.9548960021193658,10000,20,0.0,0.0,8.0
3.278082191780822,0.045122684508005786,4.369088264685439e-61,0.9548773154919925,10000,20,0.0,0.0,8.0
3.2794520547945205,0.04514137076969523,4.174639664805569e-61,0.9548586292303031,10000,20,0.0,0.0,8.0
3.280821917808219,0.045160056665707986,3.988887590537795e-61,0.9548399433342903,10000,20,0.0,0.0,8.0
3.282191780821918,0.04517874219605121,3.8114412170571265e-61,0.9548212578039471,10000,20,0.0,0.0,8.0
3.2835616438356166,0.045197427360732054,3.6419273670460445e-61,0.9548025726392663,10000,20,0.0,0.0,8.0
3.2849315068493152,0.045216112159757675,3.4799897100865114e-61,0.9547838878402406,10000,20,0.0,0.0,8.0
3.286301369863014,0.04523479659313523,3.3252879985410805e-61,0.954765203406863,10000,20,0.0,0.0,8.0
3.287671232876712,0.04525348066087187,3.1774973382525055e-61,0.9547465193391264,10000,20,0.0,0.0,8.0
3.289041095890411,0.04527216436297476,3.0363074924677455e-61,0.9547278356370235,10000,20,0.0,0.0,8.0
3.2904109589041095,0.04529084769945105,2.9014222174665573e-61,0.9547091523005472,10000,20,0.0,0.0,8.0
3.291780821917808,0.04530953067030789,2.7725586284430845e-61,0.9546904693296904,10000,20,0.0,0.0,8.0
3.293150684931507,0.04532821327555245,2.649446594257214e-61,0.9546717867244459,10000,20,0.0,0.0,8.0
3.2945205479452055,0.045346895515191867,2.53182815973505e-61,0.9546531044848064,10000,20,0.0,0.0,8.0
3.2958904109589042,0.0453655773892333,2.419456994258852e-61,0.954634422610765,10000,20,0.0,0.0,8.0
3.297260273972603,0.04538425889768391,2.3120978654446005e-61,0.9546157411023144,10000,20,0.0,0.0,8.0
3.2986301369863016,0.04540294004055084,2.209526136760541e-61,0.9545970599594474,10000,20,0.0,0.0,8.0
3.3,0.045421620817841256,2.1115272879927337e-61,0.954578379182157,10000,20,0.0,0.0,8.0
3.3013698630136985,0.04544030122956231,2.017896457513638e-61,0.954559698770436,10000,20,0.0,0.0,8.0
3.302739726027397,0.04545898127572115,1.9284380053583176e-61,0.9545410187242772,10000,20,0.0,0.0,8.0
3.304109589041096,0.04547766095632494,1.8429650961574473e-61,0.9545223390436735,10000,20,0.0,0.0,8.0
3.3054794520547945,0.045496340271380824,1.7612993010209925e-61,0.9545036597286176,10000,20,0.0,0.0,8.0
3.3068493150684932,0.04551501922089596,1.6832702175073528e-61,0.9544849807791025,10000,20,0.0,0.0,8.0
3.308219178082192,0.045533697804877496,1.6087151068526408e-61,0.954466302195121,10000,20,0.0,0.0,8.0
3.3095890410958906,0.04555237602333259,1.5374785476725734e-61,0.9544476239766658,10000,20,0.0,0.0,8.0
3.3109589041095893,0.0455710538762684,1.4694121053855556e-61,0.95442894612373,10000,20,0.0,0.0,8.0
3.3123287671232875,0.045589731363692064,1.4043740166399779e-61,0.9544102686363063,10000,20,0.0,0.0,8.0
3.313698630136986,0.04560840848561075,1.3422288880614624e-61,0.9543915915143876,10000,20,0.0,0.0,8.0
3.315068493150685,0.04562708524203161,1.2828474086675613e-61,0.9543729147579667,10000,20,0.0,0.0,8.0
3.3164383561643835,0.04564576163296179,1.2261060753265741e-61,0.9543542383670365,10000,20,0.0,0.0,8.0
3.317808219178082,0.04566443765840844,1.1718869306664058e-61,0.9543355623415898,10000,20,0.0,0.0,8.0
3.319178082191781,0.04568311331837872,1.120077312866155e-61,0.9543168866816195,10000,20,0.0,0.0,8.0
3.3205479452054796,0.045701788612879775,1.070569616789223e-61,0.9542982113871185,10000,20,0.0,0.0,8.0
3.3219178082191783,0.04572046354191876,1.0232610659414788e-61,0.9542795364580795,10000,20,0.0,0.0,8.0
3.323287671232877,0.04573913810550283,9.780534947616408e-62,0.9542608618944954,10000,20,0.0,0.0,8.0
3.324657534246575,0.04575781230363912,9.34853140773591e-62,0.9542421876963592,10000,20,0.0,0.0,8.0
3.326027397260274,0.04577648613633481,8.935704461517405e-62,0.9542235138636634,10000,20,0.0,0.0,8.0
3.3273972602739725,0.045795159603597035,8.541198682713817e-62,0.9542048403964012,10000,20,0.0,0.0,8.0
3.328767123287671,0.04581383270543295,8.164196988350384e-62,0.9541861672945653,10000,20,0.0,0.0,8.0
3.33013698630137,0.0458325054418497,7.803918911850023e-62,0.9541674945581485,10000,20,0.0,0.0,8.0
3.3315068493150686,0.045851177812854436,7.459618954297597e-62,0.9541488221871438,10000,20,0.0,0.0,8.0
3.3328767123287673,0.045869849818454315,7.130585010291148e-62,0.9541301501815439,10000,20,0.0,0.0,8.0
3.334246575342466,0.04588852145865649,6.816136864990241e-62,0.9541114785413417,10000,20,0.0,0.0,8.0
3.3356164383561646,0.045907192733468105,6.5156247591263115e-62,0.9540928072665301,10000,20,0.0,0.0,8.0
3.336986301369863,0.04592586364289631,6.228428018887674e-62,0.9540741363571019,10000,20,0.0,0.0,8.0
3.3383561643835615,0.04594453418694826,5.953953747732119e-62,0.95405546581305,10000,20,0.0,0.0,8.0
3.33972602739726,0.0459632043656311,5.691635577316394e-62,0.9540367956343672,10000,20,0.0,0.0,8.0
3.341095890410959,0.04598187417895199,5.440932474856898e-62,0.9540181258210463,10000,20,0.0,0.0,8.0
3.3424657534246576,0.04600054362691807,5.2013276043615745e-62,0.9539994563730803,10000,20,0.0,0.0,8.0
3.3438356164383563,0.046019212709536496,4.9723272392878404e-62,0.9539807872904619,10000,20,0.0,0.0,8.0
3.345205479452055,0.04603788142681441,4.753459724293453e-62,0.9539621185731839,10000,20,0.0,0.0,8.0
3.3465753424657536,0.04605654977875897,4.54427448385349e-62,0.9539434502212394,10000,20,0.0,0.0,8.0
3.3479452054794523,0.04607521776537732,4.344341075618086e-62,0.9539247822346211,10000,20,0.0,0.0,8.0
3.3493150684931505,0.0460938853866766,4.153248286482439e-62,0.9539061146133218,10000,20,0.0,0.0,8.0
3.350684931506849,0.04611255264266398,3.970603269432594e-62,0.9538874473573343,10000,20,0.0,0.0,8.0
3.352054794520548,0.04613121953334659,3.7960307193199406e-62,0.9538687804666517,10000,20,0.0,0.0,8.0
3.3534246575342466,0.04614988605873159,3.6291720857993666e-62,0.9538501139412667,10000,20,0.0,0.0,8.0
3.3547945205479452,0.046168552218826125,3.4696848217484396e-62,0.9538314477811722,10000,20,0.0,0.0,8.0
3.356164383561644,0.04618721801363734,3.317241665560313e-62,0.953812781986361,10000,20,0.0,0.0,8.0
3.3575342465753426,0.0462058834431724,3.1715299557765965e-62,0.9537941165568259,10000,20,0.0,0.0,8.0
3.3589041095890413,0.04622454850743843,3.032250976596148e-62,0.9537754514925598,10000,20,0.0,0.0,8.0
3.36027397260274,0.04624321320644259,2.899119332862315e-62,0.9537567867935557,10000,20,0.0,0.0,8.0
3.361643835616438,0.04626187754019202,2.7718623531947474e-62,0.9537381224598063,10000,20,0.0,0.0,8.0
3.363013698630137,0.04628054150869389,2.650219519992255e-62,0.9537194584913045,10000,20,0.0,0.0,8.0
3.3643835616438356,0.04629920511195532,2.533941925091905e-62,0.953700794888043,10000,20,0.0,0.0,8.0
3.3657534246575342,0.04631786834998348,2.4227917499233512e-62,0.9536821316500149,10000,20,0.0,0.0,8.0
3.367123287671233,0.0463365312227855,2.316541769051544e-62,0.9536634687772129,10000,20,0.0,0.0,8.0
3.3684931506849316,0.04635519373036853,2.214974876050384e-62,0.9536448062696299,10000,20,0.0,0.0,8.0
3.3698630136986303,0.046373855872739726,2.1178836306981996e-62,0.9536261441272587,10000,20,0.0,0.0,8.0
3.371232876712329,0.04639251764990623,2.0250698265316876e-62,0.9536074823500922,10000,20,0.0,0.0,8.0
3.3726027397260276,0.04641117906187518,1.9363440778386962e-62,0.9535888209381232,10000,20,0.0,0.0,8.0
3.373972602739726,0.04642984010865373,1.8515254252119791e-62,0.9535701598913447,10000,20,0.0,0.0,8.0
3.3753424657534246,0.04644850079024904,1.770440958825697e-62,0.9535514992097495,10000,20,0.0,0.0,8.0
3.3767123287671232,0.04646716110666824,1.6929254586350288e-62,0.9535328388933303,10000,20,0.0,0.0,8.0
3.378082191780822,0.04648582105791848,1.6188210507345787e-62,0.95351417894208,10000,20,0.0,0.0,8.0
3.3794520547945206,0.046504480644006904,1.5479768791468575e-62,0.9534955193559916,10000,20,0.0,0.0,8.0
3.3808219178082193,0.046523139864940666,1.4802487923445915e-62,0.9534768601350578,10000,20,0.0,0.0,8.0
3.382191780821918,0.046541798720726904,1.415499043842353e-62,0.9534582012792716,10000,20,0.0,0.0,8.0
3.3835616438356166,0.046560457211372766,1.3535960062230877e-62,0.9534395427886257,10000,20,0.0,0.0,8.0
3.384931506849315,0.04657911533688539,1.2944138979938752e-62,0.9534208846631131,10000,20,0.0,0.0,8.0
3.3863013698630136,0.046597773097271936,1.2378325226925634e-62,0.9534022269027266,10000,20,0.0,0.0,8.0
3.3876712328767122,0.046616430492539544,1.1837370196934912e-62,0.953383569507459,10000,20,0.0,0.0,8.0
3.389041095890411,0.04663508752269536,1.1320176261848479e-62,0.9533649124773032,10000,20,0.0,0.0,8.0
3.3904109589041096,0.04665374418774652,1.0825694498147426e-62,0.953346255812252,10000,20,0.0,0.0,8.0
3.3917808219178083,0.046672400487700175,1.0352922515254227e-62,0.9533275995122983,10000,20,0.0,0.0,8.0
3.393150684931507,0.04669105642256347,9.900902381169555e-63,0.953308943577435,10000,20,0.0,0.0,8.0
3.3945205479452056,0.046709711992343556,9.468718641024131e-63,0.9532902880076549,10000,20,0.0,0.0,8.0
3.3958904109589043,0.046728367197047566,9.055496424364097e-63,0.9532716328029509,10000,20,0.0,0.0,8.0
3.3972602739726026,0.04674702203668264,8.660399637177569e-63,0.9532529779633159,10000,20,0.0,0.0,8.0
3.3986301369863012,0.04676567651125594,8.282629234849623e-63,0.9532343234887426,10000,20,0.0,0.0,8.0
3.4,0.046784330620774604,7.921421572407918e-63,0.953215669379224,10000,20,0.0,0.0,8.0
3.4013698630136986,0.04680298436524577,7.57604682858113e-63,0.9531970156347528,10000,20,0.0,0.0,8.0
3.4027397260273973,0.046821637744676584,7.24580750035387e-63,0.9531783622553219,10000,20,0.0,0.0,8.0
3.404109589041096,0.04684029075907419,6.930036964848926e-63,0.9531597092409243,10000,20,0.0,0.0,8.0
3.4054794520547946,0.046858943408445736,6.628098105511598e-63,0.9531410565915528,10000,20,0.0,0.0,8.0
3.4068493150684933,0.046877595692798354,6.339381999707408e-63,0.9531224043072002,10000,20,0.0,0.0,8.0
3.408219178082192,0.046896247612139196,6.06330666497479e-63,0.9531037523878594,10000,20,0.0,0.0,8.0
3.4095890410958902,0.0469148991664754,5.799315861298959e-63,0.9530851008335232,10000,20,0.0,0.0,8.0
3.410958904109589,0.04693355035581412,5.546877946891376e-63,0.9530664496441844,10000,20,0.0,0.0,8.0
3.4123287671232876,0.04695220118016249,5.30548478507446e-63,0.953047798819836,10000,20,0.0,0.0,8.0
3.4136986301369863,0.04697085163952765,5.074650699976502e-63,0.9530291483604709,10000,20,0.0,0.0,8.0
3.415068493150685,0.04698950173391674,4.8539114788481584e-63,0.9530104982660819,10000,20,0.0,0.0,8.0
3.4164383561643836,0.047008151463336915,4.6428234189087736e-63,0.9529918485366616,10000,20,0.0,0.0,8.0
3.4178082191780823,0.04702680082779531,4.440962416725651e-63,0.9529731991722032,10000,20,0.0,0.0,8.0
3.419178082191781,0.04704544982729907,4.247923098219271e-63,0.9529545501726995,10000,20,0.0,0.0,8.0
3.4205479452054797,0.04706409846185534,4.063317987473359e-63,0.9529359015381432,10000,20,0.0,0.0,8.0
3.421917808219178,0.04708274673147124,3.886776712610788e-63,0.9529172532685273,10000,20,0.0,0.0,8.0
3.4232876712328766,0.04710139463615393,3.7179452470741897e-63,0.9528986053638446,10000,20,0.0,0.0,8.0
3.4246575342465753,0.04712004217591056,3.5564851847261196e-63,0.952879957824088,10000,20,0.0,0.0,8.0
3.426027397260274,0.047138689350748254,3.402073047253005e-63,0.9528613106492503,10000,20,0.0,0.0,8.0
3.4273972602739726,0.04715733616067416,3.254399622427253e-63,0.9528426638393244,10000,20,0.0,0.0,8.0
3.4287671232876713,0.04717598260569542,3.113169331845774e-63,0.9528240173943031,10000,20,0.0,0.0,8.0
3.43013698630137,0.047194628685819175,2.9780996268257e-63,0.9528053713141793,10000,20,0.0,0.0,8.0
3.4315068493150687,0.047213274401052566,2.8489204111973605e-63,0.952786725598946,10000,20,0.0,0.0,8.0
3.4328767123287673,0.04723191975140273,2.7253734897911974e-63,0.9527680802485958,10000,20,0.0,0.0,8.0
3.4342465753424656,0.047250564736876804,2.607212041469451e-63,0.9527494352631217,10000,20,0.0,0.0,8.0
3.4356164383561643,0.04726920935748194,2.494200115604811e-63,0.9527307906425165,10000,20,0.0,0.0,8.0
3.436986301369863,0.047287853613225274,2.3861121509583419e-63,0.9527121463867732,10000,20,0.0,0.0,8.0
3.4383561643835616,0.04730649750411394,2.2827325159547416e-63,0.9526935024958845,10000,20,0.0,0.0,8.0
3.4397260273972603,0.04732514103015509,2.183855069399296e-63,0.9526748589698433,10000,20,0.0,0.0,8.0
3.441095890410959,0.04734378419135585,2.0892827407230166e-63,0.9526562158086425,10000,20,0.0,0.0,8.0
3.4424657534246577,0.04736242698772337,1.998827128883714e-63,0.9526375730122749,10000,20,0.0,0.0,8.0
3.4438356164383563,0.04738106941926478,1.9123081190898688e-63,0.9526189305807335,10000,20,0.0,0.0,8.0
3.445205479452055,0.04739971148598723,1.829553516551546e-63,0.9526002885140111,10000,20,0.0,0.0,8.0
3.4465753424657533,0.04741835318789784,1.7503986964983172e-63,0.9525816468121006,10000,20,0.0,0.0,8.0
3.447945205479452,0.04743699452500377,1.6746862697380697e-63,0.9525630054749946,10000,20,0.0,0.0,8.0
3.4493150684931506,0.04745563549731216,1.6022657630636675e-63,0.9525443645026862,10000,20,0.0,0.0,8.0
3.4506849315068493,0.04747427610483013,1.5329933138446176e-63,0.9525257238951682,10000,20,0.0,0.0,8.0
3.452054794520548,0.04749291634756484,1.466731378171483e-63,0.9525070836524335,10000,20,0.0,0.0,8.0
3.4534246575342467,0.047511556225523416,1.4033484519485912e-63,0.952488443774475,10000,20,0.0,0.0,8.0
3.4547945205479453,0.047530195738713,1.342718804357837e-63,0.9524698042612854,10000,20,0.0,0.0,8.0
3.456164383561644,0.04754883488714072,1.284722223142211e-63,0.9524511651128577,10000,20,0.0,0.0,8.0
3.4575342465753427,0.04756747367081373,1.2292437711823766e-63,0.9524325263291846,10000,20,0.0,0.0,8.0
3.458904109589041,0.04758611208973915,1.1761735538632072e-63,0.9524138879102592,10000,20,0.0,0.0,8.0
3.4602739726027396,0.04760475014392414,1.1254064967496089e-63,0.9523952498560742,10000,20,0.0,0.0,8.0
3.4616438356164383,0.04762338783337582,1.0768421331128056e-63,0.9523766121666225,10000,20,0.0,0.0,8.0
3.463013698630137,0.04764202515810134,1.030384400868212e-63,0.952357974841897,10000,20,0.0,0.0,8.0
3.4643835616438357,0.04766066211810783,9.859414485062362e-64,0.9523393378818905,10000,20,0.0,0.0,8.0
3.4657534246575343,0.04767929871340242,9.434254496157225e-64,0.952320701286596,10000,20,0.0,0.0,8.0
3.467123287671233,0.047697934943992264,9.027524256177659e-64,0.9523020650560061,10000,20,0.0,0.0,8.0
3.4684931506849317,0.047716570809884486,8.638420763446949e-64,0.9522834291901139,10000,20,0.0,0.0,8.0
3.4698630136986304,0.04773520631108623,8.266176181153448e-64,0.9522647936889121,10000,20,0.0,0.0,8.0
3.4712328767123286,0.047753841447604625,7.910056289733425e-64,0.9522461585523938,10000,20,0.0,0.0,8.0
3.4726027397260273,0.047772476219446816,7.569359007699337e-64,0.9522275237805516,10000,20,0.0,0.0,8.0
3.473972602739726,0.04779111062661994,7.243412977873444e-64,0.9522088893733786,10000,20,0.0,0.0,8.0
3.4753424657534246,0.047809744669131134,6.93157621611847e-64,0.9521902553308673,10000,20,0.0,0.0,8.0
3.4767123287671233,0.04782837834698753,6.633234819790819e-64,0.952171621653011,10000,20,0.0,0.0,8.0
3.478082191780822,0.047847011660196254,6.347801733263311e-64,0.9521529883398022,10000,20,0.0,0.0,8.0
3.4794520547945207,0.047865644608764454,6.0747155679835736e-64,0.952134355391234,10000,20,0.0,0.0,8.0
3.4808219178082194,0.04788427719269927,5.813439474647169e-64,0.9521157228072992,10000,20,0.0,0.0,8.0
3.482191780821918,0.047902909412007824,5.56346006517252e-64,0.9520970905879906,10000,20,0.0,0.0,8.0
3.4835616438356163,0.04792154126669726,5.324286382267901e-64,0.9520784587333012,10000,20,0.0,0.0,8.0
3.484931506849315,0.047940172756774715,5.095448914478769e-64,0.9520598272432238,10000,20,0.0,0.0,8.0
3.4863013698630136,0.04795880388224732,4.876498654699419e-64,0.9520411961177512,10000,20,0.0,0.0,8.0
3.4876712328767123,0.04797743464312221,4.66700620022014e-64,0.9520225653568762,10000,20,0.0,0.0,8.0
3.489041095890411,0.04799606503940652,4.466560892469643e-64,0.9520039349605919,10000,20,0.0,0.0,8.0
3.4904109589041097,0.04801469507110739,4.2747699946929074e-64,0.951985304928891,10000,20,0.0,0.0,8.0
3.4917808219178084,0.04803332473823194,4.091257905883508e-64,0.9519666752617665,10000,20,0.0,0.0,8.0
3.493150684931507,0.048051954040787326,3.915665409364239e-64,0.9519480459592111,10000,20,0.0,0.0,8.0
3.4945205479452057,0.04807058297878067,3.747648954481371e-64,0.9519294170212178,10000,20,0.0,0.0,8.0
3.495890410958904,0.0480892115522191,3.586879969946204e-64,0.9519107884477793,10000,20,0.0,0.0,8.0
3.4972602739726026,0.048107839761109765,3.4330442074225e-64,0.9518921602388887,10000,20,0.0,0.0,8.0
3.4986301369863013,0.04812646760545979,3.285841114021762e-64,0.9518735323945386,10000,20,0.0,0.0,8.0
3.5,0.04814509508527631,3.1449832324260735e-64,0.9518549049147221,10000,20,0.0,0.0,8.0
3.5013698630136987,0.048163722200566465,3.010195627416921e-64,0.951836277799432,10000,20,0.0,0.0,8.0
3.5027397260273974,0.04818234895133738,2.8812153376416517e-64,0.9518176510486611,10000,20,0.0,0.0,8.0
3.504109589041096,0.04820097533759619,2.7577908515015175e-64,0.9517990246624023,10000,20,0.0,0.0,8.0
3.5054794520547947,0.04821960135935003,2.6396816060947885e-64,0.9517803986406485,10000,20,0.0,0.0,8.0
3.506849315068493,0.048238227016606024,2.5266575081958435e-64,0.9517617729833925,10000,20,0.0,0.0,8.0
3.5082191780821916,0.04825685230937132,2.4184984762961573e-64,0.9517431476906272,10000,20,0.0,0.0,8.0
3.5095890410958903,0.04827547723765305,2.3149940027771128e-64,0.9517245227623454,10000,20,0.0,0.0,8.0
3.510958904109589,0.048294101801458336,2.215942735324609e-64,0.9517058981985401,10000,20,0.0,0.0,8.0
3.5123287671232877,0.048312726000794316,2.1211520767361922e-64,0.9516872739992042,10000,20,0.0,0.0,8.0
3.5136986301369864,0.04833134983566812,2.0304378023083732e-64,0.9516686501643303,10000,20,0.0,0.0,8.0
3.515068493150685,0.04834997330608688,1.9436236940280956e-64,0.9516500266939115,10000,20,0.0,0.0,8.0
3.5164383561643837,0.048368596412057735,1.860541190826696e-64,0.9516314035879406,10000,20,0.0,0.0,8.0
3.5178082191780824,0.04838721915358781,1.7810290541875963e-64,0.9516127808464105,10000,20,0.0,0.0,8.0
3.5191780821917806,0.04840584153068424,1.7049330484304166e-64,0.9515941584693142,10000,20,0.0,0.0,8.0
3.5205479452054793,0.048424463543354154,1.6321056350240496e-64,0.9515755364566443,10000,20,0.0,0.0,8.0
3.521917808219178,0.04844308519160469,1.5624056803104446e-64,0.9515569148083938,10000,20,0.0,0.0,8.0
3.5232876712328767,0.04846170647544297,1.4956981760473945e-64,0.9515382935245555,10000,20,0.0,0.0,8.0
3.5246575342465754,0.04848032739487613,1.431853972205678e-64,0.9515196726051224,10000,20,0.0,0.0,8.0
3.526027397260274,0.0484989479499113,1.37074952148041e-64,0.9515010520500872,10000,20,0.0,0.0,8.0
3.5273972602739727,0.04851756814055562,1.3122666350005406e-64,0.9514824318594428,10000,20,0.0,0.0,8.0
3.5287671232876714,0.048536187966816205,1.256292248743264e-64,0.9514638120331822,10000,20,0.0,0.0,8.0
3.53013698630137,0.0485548074287002,1.2027182001819308e-64,0.9514451925712982,10000,20,0.0,0.0,8.0
3.5315068493150683,0.04857342652621472,1.1514410147169324e-64,0.9514265734737837,10000,20,0.0,0.0,8.0
3.532876712328767,0.04859204525936691,1.1023617014588439e-64,0.9514079547406314,10000,20,0.0,0.0,8.0
3.5342465753424657,0.048610663628163894,1.0553855579525056e-64,0.9513893363718344,10000,20,0.0,0.0,8.0
3.5356164383561643,0.048629281632612806,1.0104219834483423e-64,0.9513707183673855,10000,20,0.0,0.0,8.0
3.536986301369863,0.04864789927272077,9.673843003451952e-65,0.9513521007272776,10000,20,0.0,0.0,8.0
3.5383561643835617,0.04866651654849492,9.261895834452054e-65,0.9513334834515035,10000,20,0.0,0.0,8.0
3.5397260273972604,0.04868513345994239,8.867584966772908e-65,0.951314866540056,10000,20,0.0,0.0,8.0
3.541095890410959,0.0487037500070703,8.490151369609124e-65,0.9512962499929282,10000,20,0.0,0.0,8.0
3.5424657534246577,0.048722366189885784,8.128868848963307e-65,0.9512776338101127,10000,20,0.0,0.0,8.0
3.543835616438356,0.04874098200839597,7.783042619814219e-65,0.9512590179916025,10000,20,0.0,0.0,8.0
3.5452054794520547,0.04875959746260799,7.452007940682862e-65,0.9512404025373905,10000,20,0.0,0.0,8.0
3.5465753424657533,0.04877821255252897,7.1351288078577445e-65,0.9512217874474695,10000,20,0.0,0.0,8.0
3.547945205479452,0.04879682727816604,6.831796706657585e-65,0.9512031727218325,10000,20,0.0,0.0,8.0
3.5493150684931507,0.04881544163952633,6.54142941722924e-65,0.9511845583604722,10000,20,0.0,0.0,8.0
3.5506849315068494,0.04883405563661697,6.263469872486721e-65,0.9511659443633815,10000,20,0.0,0.0,8.0
3.552054794520548,0.048852669269445086,5.997385065903513e-65,0.9511473307305535,10000,20,0.0,0.0,8.0
3.5534246575342467,0.048871282538017806,5.742665006971192e-65,0.9511287174619808,10000,20,0.0,0.0,8.0
3.5547945205479454,0.048889895442342256,5.498821722233729e-65,0.9511101045576563,10000,20,0.0,0.0,8.0
3.5561643835616437,0.04890850798242556,5.2653882998990976e-65,0.951091492017573,10000,20,0.0,0.0,8.0
3.5575342465753423,0.04892712015827486,5.041917976117341e-65,0.9510728798417237,10000,20,0.0,0.0,8.0
3.558904109589041,0.04894573196989728,4.827983261099981e-65,0.9510542680301013,10000,20,0.0,0.0,8.0
3.5602739726027397,0.048964343417299945,4.623175103333449e-65,0.9510356565826986,10000,20,0.0,0.0,8.0
3.5616438356164384,0.04898295450048998,4.427102090218775e-65,0.9510170454995086,10000,20,0.0,0.0,8.0
3.563013698630137,0.04900156521947451,4.239389683541588e-65,0.950998434780524,10000,20,0.0,0.0,8.0
3.5643835616438357,0.04902017557426067,4.059679488247306e-65,0.9509798244257379,10000,20,0.0,0.0,8.0
3.5657534246575344,0.04903878556485559,3.887628553063395e-65,0.950961214435143,10000,20,0.0,0.0,8.0
3.567123287671233,0.04905739519126638,3.7229087015747314e-65,0.9509426048087323,10000,20,0.0,0.0,8.0
3.5684931506849313,0.049076004453500174,3.565205892419474e-65,0.9509239955464984,10000,20,0.0,0.0,8.0
3.56986301369863,0.04909461335156411,3.4142196073311084e-65,0.9509053866484345,10000,20,0.0,0.0,8.0
3.5712328767123287,0.04911322188546531,3.2696622658093906e-65,0.9508867781145333,10000,20,0.0,0.0,8.0
3.5726027397260274,0.04913183005521089,3.131258665254682e-65,0.9508681699447876,10000,20,0.0,0.0,8.0
3.573972602739726,0.04915043786080799,2.998745445453138e-65,0.9508495621391905,10000,20,0.0,0.0,8.0
3.5753424657534247,0.04916904530226373,2.8718705763480396e-65,0.9508309546977347,10000,20,0.0,0.0,8.0
3.5767123287671234,0.04918765237958523,2.7503928680796797e-65,0.9508123476204132,10000,20,0.0,0.0,8.0
3.578082191780822,0.049206259092779626,2.6340815023208566e-65,0.9507937409072188,10000,20,0.0,0.0,8.0
3.5794520547945208,0.04922486544185404,2.5227155839777408e-65,0.9507751345581444,10000,20,0.0,0.0,8.0
3.580821917808219,0.04924347142681559,2.4160837123667573e-65,0.9507565285731829,10000,20,0.0,0.0,8.0
3.5821917808219177,0.04926207704767141,2.3139835710169146e-65,0.9507379229523271,10000,20,0.0,0.0,8.0
3.5835616438356164,0.04928068230442863,2.2162215352850476e-65,0.9507193176955698,10000,20,0.0,0.0,8.0
3.584931506849315,0.04929928719709436,2.1226122970058975e-65,0.9507007128029041,10000,20,0.0,0.0,8.0
3.5863013698630137,0.04931789172567574,2.0329785054342656e-65,0.9506821082743228,10000,20,0.0,0.0,8.0
3.5876712328767124,0.04933649589017988,1.9471504237683316e-65,0.9506635041098186,10000,20,0.0,0.0,8.0
3.589041095890411,0.04935509969061392,1.8649656005746334e-65,0.9506449003093845,10000,20,0.0,0.0,8.0
3.5904109589041098,0.049373703126984976,1.7862685554649508e-65,0.9506262968730135,10000,20,0.0,0.0,8.0
3.5917808219178085,0.04939230619930017,1.7109104784038066e-65,0.9506076938006983,10000,20,0.0,0.0,8.0
3.5931506849315067,0.04941090890756663,1.6387489420525438e-65,0.9505890910924318,10000,20,0.0,0.0,8.0
3.5945205479452054,0.049429511251791486,1.5696476265817906e-65,0.9505704887482069,10000,20,0.0,0.0,8.0
3.595890410958904,0.04944811323198185,1.5034760564094886e-65,0.9505518867680166,10000,20,0.0,0.0,8.0
3.5972602739726027,0.04946671484814486,1.4401093483446264e-65,0.9505332851518536,10000,20,0.0,0.0,8.0
3.5986301369863014,0.049485316100287634,1.3794279706403697e-65,0.9505146838997108,10000,20,0.0,0.0,8.0
3.6,0.04950391698841729,1.3213175124815217e-65,0.9504960830115812,10000,20,0.0,0.0,8.0
3.6013698630136988,0.04952251751254095,1.265668463452192e-65,0.9504774824874576,10000,20,0.0,0.0,8.0
3.6027397260273974,0.049541117672665745,1.212376002549389e-65,0.9504588823273328,10000,20,0.0,0.0,8.0
3.604109589041096,0.049559717468798795,1.1613397963272482e-65,0.9504402825311997,10000,20,0.0,0.0,8.0
3.6054794520547944,0.04957831690094722,1.1124638057747745e-65,0.9504216830990513,10000,20,0.0,0.0,8.0
3.606849315068493,0.04959691596911815,1.0656561015472337e-65,0.9504030840308804,10000,20,0.0,0.0,8.0
3.6082191780821917,0.04961551467331871,1.0208286871882485e-65,0.9503844853266799,10000,20,0.0,0.0,8.0
3.6095890410958904,0.04963411301355602,9.778973299949734e-66,0.9503658869864425,10000,20,0.0,0.0,8.0
3.610958904109589,0.049652710989837194,9.367813991944481e-66,0.9503472890101614,10000,20,0.0,0.0,8.0
3.6123287671232878,0.04967130860216936,8.974037111133991e-66,0.9503286913978293,10000,20,0.0,0.0,8.0
3.6136986301369864,0.04968990585055964,8.596903810377417e-66,0.950310094149439,10000,20,0.0,0.0,8.0
3.615068493150685,0.04970850273501516,8.235706814712752e-66,0.9502914972649835,10000,20,0.0,0.0,8.0
3.616438356164384,0.049727099255543035,7.88976906515746e-66,0.9502729007444557,10000,20,0.0,0.0,8.0
3.617808219178082,0.04974569541215038,7.558442421065844e-66,0.9502543045878483,10000,20,0.0,0.0,8.0
3.6191780821917807,0.04976429120484434,7.24110641850137e-66,0.9502357087951544,10000,20,0.0,0.0,8.0
3.6205479452054794,0.04978288663363202,6.937167082195258e-66,0.9502171133663667,10000,20,0.0,0.0,8.0
3.621917808219178,0.04980148169852055,6.64605578876483e-66,0.9501985183014782,10000,20,0.0,0.0,8.0
3.6232876712328768,0.04982007639951704,6.367228178970242e-66,0.9501799236004816,10000,20,0.0,0.0,8.0
3.6246575342465754,0.04983867073662862,6.100163116882806e-66,0.95016132926337,10000,20,0.0,0.0,8.0
3.626027397260274,0.04985726470986241,5.844361693931551e-66,0.9501427352901363,10000,20,0.0,0.0,8.0
3.627397260273973,0.04987585831922552,5.599346275883105e-66,0.9501241416807732,10000,20,0.0,0.0,8.0
3.6287671232876715,0.049894451564725086,5.364659590894725e-66,0.9501055484352736,10000,20,0.0,0.0,8.0
3.6301369863013697,0.04991304444636822,5.139863856861363e-66,0.9500869555536305,10000,20,0.0,0.0,8.0
3.6315068493150684,0.04993163696416204,4.924539946354606e-66,0.9500683630358367,10000,20,0.0,0.0,8.0
3.632876712328767,0.04995022911811368,4.718286587526907e-66,0.9500497708818851,10000,20,0.0,0.0,8.0
3.6342465753424658,0.049968820908230245,4.52071959942283e-66,0.9500311790917686,10000,20,0.0,0.0,8.0
3.6356164383561644,0.04998741233451886,4.331471160209306e-66,0.95001258766548,10000,20,0.0,0.0,8.0
3.636986301369863,0.050006003396986645,4.1501891069001123e-66,0.9499939966030122,10000,20,0.0,0.0,8.0
3.638356164383562,0.05002459409564072,3.97653626521227e-66,0.9499754059043581,10000,20,0.0,0.0,8.0
3.6397260273972605,0.05004318443048821,3.810189808251192e-66,0.9499568155695106,10000,20,0.0,0.0,8.0
3.6410958904109587,0.050061774401536224,3.650840642778109e-66,0.9499382255984626,10000,20,0.0,0.0,8.0
3.6424657534246574,0.05008036400879189,3.498192821867126e-66,0.949919635991207,10000,20,0.0,0.0,8.0
3.643835616438356,0.05009895325226233,3.3519629828121266e-66,0.9499010467477366,10000,20,0.0,0.0,8.0
3.6452054794520548,0.05011754213195465,3.2118798091914915e-66,0.9498824578680443,10000,20,0.0,0.0,8.0
3.6465753424657534,0.050136130647875976,3.0776835160477854e-66,0.949863869352123,10000,20,0.0,0.0,8.0
3.647945205479452,0.05015471880003343,2.9491253571837855e-66,0.9498452811999655,10000,20,0.0,0.0,8.0
3.649315068493151,0.05017330658843412,2.825967153619921e-66,0.9498266934115648,10000,20,0.0,0.0,8.0
3.6506849315068495,0.05019189401308518,2.7079808422995955e-66,0.9498081059869137,10000,20,0.0,0.0,8.0
3.652054794520548,0.050210481073993715,2.594948044168487e-66,0.9497895189260052,10000,20,0.0,0.0,8.0
3.6534246575342464,0.05022906777116684,2.4866596507918706e-66,0.949770932228832,10000,20,0.0,0.0,8.0
3.654794520547945,0.05024765410461169,2.3829154287100237e-66,0.9497523458953872,10000,20,0.0,0.0,8.0
3.6561643835616437,0.050266240074335375,2.283523640767172e-66,0.9497337599256634,10000,20,0.0,0.0,8.0
3.6575342465753424,0.05028482568034501,2.1883006836813853e-66,0.9497151743196538,10000,20,0.0,0.0,8.0
3.658904109589041,0.050303410922647715,2.0970707411557688e-66,0.9496965890773511,10000,20,0.0,0.0,8.0
3.66027397260274,0.05032199580125061,2.009665451860907e-66,0.9496780041987483,10000,20,0.0,0.0,8.0
3.6616438356164385,0.0503405803161608,1.9259235916477686e-66,0.949659419683838,10000,20,0.0,0.0,8.0
3.663013698630137,0.05035916446738542,1.8456907693780093e-66,0.9496408355326135,10000,20,0.0,0.0,8.0
3.664383561643836,0.050377748254931576,1.7688191357851489e-66,0.9496222517450673,10000,20,0.0,0.0,8.0
3.665753424657534,0.05039633167880638,1.6951671048055163e-66,0.9496036683211925,10000,20,0.0,0.0,8.0
3.6671232876712327,0.050414914739016964,1.6245990868419754e-66,0.9495850852609818,10000,20,0.0,0.0,8.0
3.6684931506849314,0.050433497435570435,1.5569852334471707e-66,0.9495665025644283,10000,20,0.0,0.0,8.0
3.66986301369863,0.05045207976847391,1.4922011929344225e-66,0.9495479202315248,10000,20,0.0,0.0,8.0
3.671232876712329,0.05047066173773451,1.4301278764464852e-66,0.9495293382622642,10000,20,0.0,0.0,8.0
3.6726027397260275,0.05048924334335935,1.3706512340322134e-66,0.9495107566566393,10000,20,0.0,0.0,8.0
3.673972602739726,0.05050782458535554,1.3136620403007902e-66,0.9494921754146431,10000,20,0.0,0.0,8.0
3.675342465753425,0.050526405463730203,1.2590556892417526e-66,0.9494735945362685,10000,20,0.0,0.0,8.0
3.6767123287671235,0.05054498597849045,1.206731997816842e-66,0.9494550140215082,10000,20,0.0,0.0,8.0
3.6780821917808217,0.05056356612964339,1.1565950179467403e-66,0.9494364338703553,10000,20,0.0,0.0,8.0
3.6794520547945204,0.050582145917196154,1.1085528565319255e-66,0.9494178540828024,10000,20,0.0,0.0,8.0
3.680821917808219,0.05060072534115585,1.0625175031627936e-66,0.9493992746588428,10000,20,0.0,0.0,8.0
3.682191780821918,0.0506193044015296,1.0184046651885208e-66,0.949380695598469,10000,20,0.0,0.0,8.0
3.6835616438356165,0.0506378830983245,9.761336098289683e-67,0.9493621169016742,10000,20,0.0,0.0,8.0
3.684931506849315,0.050656461431547686,9.356270130272166e-67,0.949343538568451,10000,20,0.0,0.0,8.0
3.686301369863014,0.05067503940120627,8.9681081475348e-67,0.9493249605987925,10000,20,0.0,0.0,8.0
3.6876712328767125,0.05069361700730735,8.596140804836066e-67,0.9493063829926913,10000,20,0.0,0.0,8.0
3.689041095890411,0.05071219424985806,8.239688685873092e-67,0.9492878057501406,10000,20,0.0,0.0,8.0
3.6904109589041094,0.050730771128865496,7.898101033727017e-67,0.9492692288711332,10000,20,0.0,0.0,8.0
3.691780821917808,0.05074934764433679,7.570754535445634e-67,0.9492506523556619,10000,20,0.0,0.0,8.0
3.6931506849315068,0.05076792379627905,7.257052158444315e-67,0.9492320762037196,10000,20,0.0,0.0,8.0
3.6945205479452055,0.050786499584699385,6.956422036502418e-67,0.9492135004152993,10000,20,0.0,0.0,8.0
3.695890410958904,0.05080507500960491,6.668316403231828e-67,0.9491949249903937,10000,20,0.0,0.0,8.0
3.697260273972603,0.05082365007100275,6.392210570983502e-67,0.9491763499289959,10000,20,0.0,0.0,8.0
3.6986301369863015,0.050842224768900005,6.127601953246235e-67,0.9491577752310987,10000,20,0.0,0.0,8.0
3.7,0.050860799103303794,5.874009128675453e-67,0.9491392008966949,10000,20,0.0,0.0,8.0
3.701369863013699,0.05087937307422123,5.6309709449700495e-67,0.9491206269257775,10000,20,0.0,0.0,8.0
3.702739726027397,0.05089794668165942,5.398045660891991e-67,0.9491020533183393,10000,20,0.0,0.0,8.0
3.7041095890410958,0.05091651992562549,5.1748101247962445e-67,0.9490834800743733,10000,20,0.0,0.0,8.0
3.7054794520547945,0.05093509280612655,4.960858988110371e-67,0.9490649071938723,10000,20,0.0,0.0,8.0
3.706849315068493,0.0509536653231697,4.7558039522676104e-67,0.9490463346768291,10000,20,0.0,0.0,8.0
3.708219178082192,0.050972237476762064,4.5592730476642106e-67,0.9490277625232367,10000,20,0.0,0.0,8.0
3.7095890410958905,0.05099080926691075,4.3709099432716146e-67,0.9490091907330881,10000,20,0.0,0.0,8.0
3.710958904109589,0.051009380693622874,4.190373285593472e-67,0.948990619306376,10000,20,0.0,0.0,8.0
3.712328767123288,0.05102795175690555,4.017336065713658e-67,0.9489720482430933,10000,20,0.0,0.0,8.0
3.7136986301369865,0.05104652245676588,3.851485013235312e-67,0.948953477543233,10000,20,0.0,0.0,8.0
3.7150684931506848,0.051065092793210975,3.692520015962497e-67,0.9489349072067879,10000,20,0.0,0.0,8.0
3.7164383561643834,0.05108366276624796,3.540153564225023e-67,0.9489163372337509,10000,20,0.0,0.0,8.0
3.717808219178082,0.051102232375883946,3.3941102187952236e-67,0.9488977676241149,10000,20,0.0,0.0,8.0
3.719178082191781,0.05112080162212604,3.254126101388807e-67,0.9488791983778728,10000,20,0.0,0.0,8.0
3.7205479452054795,0.051139370504981345,3.119948406786922e-67,0.9488606294950175,10000,20,0.0,0.0,8.0
3.721917808219178,0.051157939024456985,2.991334935656799e-67,0.9488420609755418,10000,20,0.0,0.0,8.0
3.723287671232877,0.05117650718056006,2.8680536471882523e-67,0.9488234928194387,10000,20,0.0,0.0,8.0
3.7246575342465755,0.05119507497329769,2.7498822307011176e-67,0.948804925026701,10000,20,0.0,0.0,8.0
3.726027397260274,0.051213642402676986,2.636607695414906e-67,0.9487863575973217,10000,20,0.0,0.0,8.0
3.7273972602739724,0.05123220946870504,2.528025977606655e-67,0.9487677905312936,10000,20,0.0,0.0,8.0
3.728767123287671,0.05125077617138899,2.423941564415865e-67,0.9487492238286096,10000,20,0.0,0.0,8.0
3.73013698630137,0.051269342510735935,2.3241671335878787e-67,0.9487306574892627,10000,20,0.0,0.0,8.0
3.7315068493150685,0.05128790848675298,2.2285232084762033e-67,0.9487120915132456,10000,20,0.0,0.0,8.0
3.732876712328767,0.05130647409944724,2.136837827654561e-67,0.9486935259005513,10000,20,0.0,0.0,8.0
3.734246575342466,0.051325039348825825,2.04894622851653e-67,0.9486749606511727,10000,20,0.0,0.0,8.0
3.7356164383561645,0.05134360423489584,1.9646905442674884e-67,0.9486563957651027,10000,20,0.0,0.0,8.0
3.736986301369863,0.0513621687576644,1.8839195137390145e-67,0.9486378312423341,10000,20,0.0,0.0,8.0
3.738356164383562,0.05138073291713862,1.8064882034802707e-67,0.9486192670828599,10000,20,0.0,0.0,8.0
3.73972602739726,0.05139929671332559,1.7322577416042378e-67,0.948600703286673,10000,20,0.0,0.0,8.0
3.741095890410959,0.05141786014623244,1.6610950628888357e-67,0.9485821398537662,10000,20,0.0,0.0,8.0
3.7424657534246575,0.05143642321586627,1.5928726646548233e-67,0.9485635767841323,10000,20,0.0,0.0,8.0
3.743835616438356,0.051454985922234193,1.5274683729619775e-67,0.9485450140777644,10000,20,0.0,0.0,8.0
3.745205479452055,0.05147354826534331,1.4647651186854678e-67,0.9485264517346552,10000,20,0.0,0.0,8.0
3.7465753424657535,0.051492110245200735,1.4046507230525553e-67,0.9485078897547978,10000,20,0.0,0.0,8.0
3.747945205479452,0.05151067186181358,1.347017692237842e-67,0.948489328138185,10000,20,0.0,0.0,8.0
3.749315068493151,0.05152923311518895,1.2917630206324264e-67,0.9484707668848096,10000,20,0.0,0.0,8.0
3.7506849315068496,0.05154779400533395,1.2387880024187383e-67,0.9484522059946646,10000,20,0.0,0.0,8.0
3.752054794520548,0.051566354532255686,1.187998051098555e-67,0.9484336454677429,10000,20,0.0,0.0,8.0
3.7534246575342465,0.05158491469596128,1.1393025266366288e-67,0.9484150853040373,10000,20,0.0,0.0,8.0
3.754794520547945,0.05160347449645782,1.0926145698970917e-67,0.9483965255035407,10000,20,0.0,0.0,8.0
3.756164383561644,0.051622033933752434,1.0478509440630068e-67,0.9483779660662461,10000,20,0.0,0.0,8.0
3.7575342465753425,0.05164059300785222,1.0049318827432003e-67,0.9483594069921464,10000,20,0.0,0.0,8.0
3.758904109589041,0.051659151718764285,9.637809444827826e-68,0.9483408482812343,10000,20,0.0,0.0,8.0
3.76027397260274,0.051677710066495734,9.243248734059618e-68,0.9483222899335029,10000,20,0.0,0.0,8.0
3.7616438356164386,0.05169626805105368,8.864934657313036e-68,0.9483037319489449,10000,20,0.0,0.0,8.0
3.763013698630137,0.05171482567244522,8.502194419106692e-68,0.9482851743275533,10000,20,0.0,0.0,8.0
3.7643835616438355,0.051733382930677474,8.154383241535751e-68,0.948266617069321,10000,20,0.0,0.0,8.0
3.765753424657534,0.05175193982575754,7.820883191091087e-68,0.9482480601742409,10000,20,0.0,0.0,8.0
3.767123287671233,0.051770496357692534,7.501102054868245e-68,0.948229503642306,10000,20,0.0,0.0,8.0
3.7684931506849315,0.051789052526489555,7.1944722640775575e-68,0.948210947473509,10000,20,0.0,0.0,8.0
3.76986301369863,0.05180760833215571,6.900449862853167e-68,0.9481923916678429,10000,20,0.0,0.0,8.0
3.771232876712329,0.051826163774698106,6.618513520444714e-68,0.9481738362253005,10000,20,0.0,0.0,8.0
3.7726027397260276,0.051844718854123846,6.348163584956812e-68,0.9481552811458748,10000,20,0.0,0.0,8.0
3.7739726027397262,0.05186327357044004,6.088921176879448e-68,0.9481367264295586,10000,20,0.0,0.0,8.0
3.7753424657534245,0.051881827923653784,5.840327320727201e-68,0.9481181720763449,10000,20,0.0,0.0,8.0
3.776712328767123,0.0519003819137722,5.601942113176122e-68,0.9480996180862264,10000,20,0.0,0.0,8.0
3.778082191780822,0.05191893554080238,5.373343926157206e-68,0.9480810644591963,10000,20,0.0,0.0,8.0
3.7794520547945205,0.05193748880475144,5.154128643428106e-68,0.9480625111952472,10000,20,0.0,0.0,8.0
3.780821917808219,0.05195604170562648,4.943908929210283e-68,0.9480439582943722,10000,20,0.0,0.0,8.0
3.782191780821918,0.05197459424343461,4.742313527537094e-68,0.948025405756564,10000,20,0.0,0.0,8.0
3.7835616438356166,0.05199314641818293,4.548986591016407e-68,0.9480068535818157,10000,20,0.0,0.0,8.0
3.7849315068493152,0.05201169822987854,4.3635870377662354e-68,0.9479883017701201,10000,20,0.0,0.0,8.0
3.786301369863014,0.05203024967852855,4.185787935334578e-68,0.94796975032147,10000,20,0.0,0.0,8.0
3.787671232876712,0.05204880076414006,4.015275910465138e-68,0.9479511992358585,10000,20,0.0,0.0,8.0
3.789041095890411,0.05206735148672019,3.851750583618478e-68,0.9479326485132783,10000,20,0.0,0.0,8.0
3.7904109589041095,0.052085901846276025,3.694924027205557e-68,0.9479140981537224,10000,20,0.0,0.0,8.0
3.791780821917808,0.05210445184281468,3.544520246532898e-68,0.9478955481571838,10000,20,0.0,0.0,8.0
3.793150684931507,0.05212300147634326,3.4002746825029545e-68,0.9478769985236553,10000,20,0.0,0.0,8.0
3.7945205479452055,0.05214155074686886,3.2619337351526316e-68,0.9478584492531297,10000,20,0.0,0.0,8.0
3.7958904109589042,0.05216009965439859,3.1292543071521363e-68,0.9478399003456,10000,20,0.0,0.0,8.0
3.797260273972603,0.05217864819893955,3.002003366423462e-68,0.947821351801059,10000,20,0.0,0.0,8.0
3.7986301369863016,0.05219719638049885,2.879957527073401e-68,0.9478028036194996,10000,20,0.0,0.0,8.0
3.8,0.05221574419908358,2.762902647870111e-68,0.947784255800915,10000,20,0.0,0.0,8.0
3.8013698630136985,0.05223429165470086,2.6506334475246108e-68,0.9477657083452977,10000,20,0.0,0.0,8.0
3.802739726027397,0.05225283874735778,2.5429531360706324e-68,0.9477471612526408,10000,20,0.0,0.0,8.0
3.804109589041096,0.052271385477061456,2.439673061664836e-68,0.9477286145229371,10000,20,0.0,0.0,8.0
3.8054794520547945,0.05228993184381898,2.3406123721593712e-68,0.9477100681561795,10000,20,0.0,0.0,8.0
3.8068493150684932,0.05230847784763745,2.245597690825388e-68,0.9476915221523611,10000,20,0.0,0.0,8.0
3.808219178082192,0.052327023488523985,2.154462805632631e-68,0.9476729765114745,10000,20,0.0,0.0,8.0
3.8095890410958906,0.052345568766485676,2.067048371515348e-68,0.9476544312335129,10000,20,0.0,0.0,8.0
3.8109589041095893,0.05236411368152962,1.983201625078833e-68,0.947635886318469,10000,20,0.0,0.0,8.0
3.8123287671232875,0.05238265823366293,1.902776111223981e-68,0.9476173417663356,10000,20,0.0,0.0,8.0
3.813698630136986,0.0524012024228927,1.8256314211891437e-68,0.9475987975771059,10000,20,0.0,0.0,8.0
3.815068493150685,0.05241974624922604,1.7516329415302446e-68,0.9475802537507725,10000,20,0.0,0.0,8.0
3.8164383561643835,0.05243828971267005,1.6806516135794429e-68,0.9475617102873285,10000,20,0.0,0.0,8.0
3.817808219178082,0.052456832813231824,1.6125637029429299e-68,0.9475431671867667,10000,20,0.0,0.0,8.0
3.819178082191781,0.052475375550918475,1.54725057861645e-68,0.94752462444908,10000,20,0.0,0.0,8.0
3.8205479452054796,0.05249391792573709,1.4845985013150917e-68,0.9475060820742615,10000,20,0.0,0.0,8.0
3.8219178082191783,0.05251245993769479,1.4244984206308844e-68,0.9474875400623037,10000,20,0.0,0.0,8.0
3.823287671232877,0.05253100158679865,1.3668457806480344e-68,0.9474689984131999,10000,20,0.0,0.0,8.0
3.824657534246575,0.052549542873055785,1.311540333661253e-68,0.9474504571269428,10000,20,0.0,0.0,8.0
3.826027397260274,0.0525680837964733,1.2584859616574545e-68,0.9474319162035253,10000,20,0.0,0.0,8.0
3.8273972602739725,0.05258662435705829,1.2075905052357763e-68,0.9474133756429403,10000,20,0.0,0.0,8.0
3.828767123287671,0.05260516455481786,1.1587655996539648e-68,0.9473948354451807,10000,20,0.0,0.0,8.0
3.83013698630137,0.05262370438975911,1.1119265177029113e-68,0.9473762956102394,10000,20,0.0,0.0,8.0
3.8315068493150686,0.05264224386188913,1.066992019123319e-68,0.9473577561381094,10000,20,0.0,0.0,8.0
3.8328767123287673,0.05266078297121502,1.023884206290643e-68,0.9473392170287834,10000,20,0.0,0.0,8.0
3.834246575342466,0.05267932171774389,9.825283859059513e-69,0.9473206782822545,10000,20,0.0,0.0,8.0
3.8356164383561646,0.05269786010148284,9.428529364414009e-69,0.9473021398985155,10000,20,0.0,0.0,8.0
3.836986301369863,0.05271639812243896,9.047891810995972e-69,0.9472836018775594,10000,20,0.0,0.0,8.0
3.8383561643835615,0.05273493578061936,8.682712660561563e-69,0.9472650642193791,10000,20,0.0,0.0,8.0
3.83972602739726,0.05275347307603113,8.332360437647337e-69,0.9472465269239673,10000,20,0.0,0.0,8.0
3.841095890410959,0.05277201000868137,7.996229611126458e-69,0.9472279899913171,10000,20,0.0,0.0,8.0
3.8424657534246576,0.05279054657857719,7.673739522245349e-69,0.9472094534214213,10000,20,0.0,0.0,8.0
3.8438356164383563,0.05280908278572567,7.364333357197895e-69,0.9471909172142727,10000,20,0.0,0.0,8.0
3.845205479452055,0.05282761863013393,7.067477162376723e-69,0.9471723813698645,10000,20,0.0,0.0,8.0
3.8465753424657536,0.052846154111809054,6.782658900519165e-69,0.9471538458881894,10000,20,0.0,0.0,8.0
3.8479452054794523,0.05286468923075815,6.50938754604032e-69,0.9471353107692403,10000,20,0.0,0.0,8.0
3.8493150684931505,0.0528832239869883,6.247192217917399e-69,0.9471167760130101,10000,20,0.0,0.0,8.0
3.850684931506849,0.05290175838050661,5.995621348557614e-69,0.9470982416194919,10000,20,0.0,0.0,8.0
3.852054794520548,0.052920292411320194,5.754241887149431e-69,0.9470797075886783,10000,20,0.0,0.0,8.0
3.8534246575342466,0.05293882607943613,5.522638536056968e-69,0.9470611739205624,10000,20,0.0,0.0,8.0
3.8547945205479452,0.05295735938486153,5.300413018880702e-69,0.947042640615137,10000,20,0.0,0.0,8.0
3.856164383561644,0.052975892327603476,5.087183378863594e-69,0.9470241076723951,10000,20,0.0,0.0,8.0
3.8575342465753426,0.05299442490766908,4.882583306377712e-69,0.9470055750923295,10000,20,0.0,0.0,8.0
3.8589041095890413,0.05301295712506543,4.686261494279357e-69,0.9469870428749332,10000,20,0.0,0.0,8.0
3.86027397260274,0.053031488979799625,4.4978810199714937e-69,0.946968511020199,10000,20,0.0,0.0,8.0
3.861643835616438,0.053050020471878755,4.317118753060986e-69,0.9469499795281199,10000,20,0.0,0.0,8.0
3.863013698630137,0.05306855160130993,4.1436647875443194e-69,0.9469314483986887,10000,20,0.0,0.0,8.0
3.8643835616438356,0.053087082368100245,3.977221897501366e-69,0.9469129176318983,10000,20,0.0,0.0,8.0
3.8657534246575342,0.0531056127722568,3.8175050153174477e-69,0.9468943872277418,10000,20,0.0,0.0,8.0
3.867123287671233,0.053124142813786676,3.664240731496968e-69,0.9468758571862119,10000,20,0.0,0.0,8.0
3.8684931506849316,0.05314267249269698,3.517166815169879e-69,0.9468573275073017,10000,20,0.0,0.0,8.0
3.8698630136986303,0.05316120180899481,3.376031754430243e-69,0.9468387981910038,10000,20,0.0,0.0,8.0
3.871232876712329,0.053179730762687255,3.240594315682102e-69,0.9468202692373113,10000,20,0.0,0.0,8.0
3.8726027397260276,0.05319825935378142,3.110623121202336e-69,0.9468017406462171,10000,20,0.0,0.0,8.0
3.873972602739726,0.05321678758228438,2.985896244163299e-69,0.9467832124177141,10000,20,0.0,0.0,8.0
3.8753424657534246,0.05323531544820326,2.866200820389361e-69,0.9467646845517953,10000,20,0.0,0.0,8.0
3.8767123287671232,0.05325384295154514,2.751332676152676e-69,0.9467461570484534,10000,20,0.0,0.0,8.0
3.878082191780822,0.05327237009231711,2.641095971341104e-69,0.9467276299076814,10000,20,0.0,0.0,8.0
3.8794520547945206,0.05329089687052628,2.5353028573604824e-69,0.9467091031294723,10000,20,0.0,0.0,8.0
3.8808219178082193,0.053309423286179734,2.433773149159237e-69,0.9466905767138188,10000,20,0.0,0.0,8.0
3.882191780821918,0.05332794933928457,2.336334010789137e-69,0.946672050660714,10000,20,0.0,0.0,8.0
3.8835616438356166,0.053346475029847885,2.242819653940445e-69,0.9466535249701508,10000,20,0.0,0.0,8.0
3.8849315068493153,0.05336500035787677,2.153071048913142e-69,0.9466349996421218,10000,20,0.0,0.0,8.0
3.8863013698630136,0.05338352532337832,2.066935647508385e-69,0.9466164746766202,10000,20,0.0,0.0,8.0
3.8876712328767122,0.05340204992635963,1.9842671173456986e-69,0.9465979500736389,10000,20,0.0,0.0,8.0
3.889041095890411,0.05342057416682779,1.90492508713257e-69,0.9465794258331708,10000,20,0.0,0.0,8.0
3.8904109589041096,0.053439098044789905,1.8287749024319162e-69,0.9465609019552087,10000,20,0.0,0.0,8.0
3.8917808219178083,0.05345762156025306,1.7556873914927744e-69,0.9465423784397455,10000,20,0.0,0.0,8.0
3.893150684931507,0.05347614471322436,1.6855386407271144e-69,0.9465238552867743,10000,20,0.0,0.0,8.0
3.8945205479452056,0.05349466750371088,1.6182097794332363e-69,0.9465053324962878,10000,20,0.0,0.0,8.0
3.8958904109589043,0.05351318993171973,1.553586773382828e-69,0.946486810068279,10000,20,0.0,0.0,8.0
3.8972602739726026,0.053531711997257994,1.491560226904725e-69,0.9464682880027407,10000,20,0.0,0.0,8.0
3.8986301369863012,0.05355023370033277,1.4320251931135464e-69,0.9464497662996659,10000,20,0.0,0.0,8.0
3.9,0.05356875504095115,1.3748809919464497e-69,0.9464312449590475,10000,20,0.0,0.0,8.0
3.9013698630136986,0.05358727601912022,1.320031035684556e-69,0.9464127239808784,10000,20,0.0,0.0,8.0
3.9027397260273973,0.05360579663484709,1.2673826616497521e-69,0.9463942033651516,10000,20,0.0,0.0,8.0
3.904109589041096,0.05362431688813884,1.216846971780024e-69,0.9463756831118598,10000,20,0.0,0.0,8.0
3.9054794520547946,0.05364283677900256,1.1683386787989515e-69,0.9463571632209961,10000,20,0.0,0.0,8.0
3.9068493150684933,0.053661356307445354,1.121775958706806e-69,0.9463386436925533,10000,20,0.0,0.0,8.0
3.908219178082192,0.0536798754734743,1.0770803093320095e-69,0.9463201245265244,10000,20,0.0,0.0,8.0
3.9095890410958902,0.0536983942770965,1.0341764146925924e-69,0.9463016057229021,10000,20,0.0,0.0,8.0
3.910958904109589,0.05371691271831905,9.929920149275852e-70,0.9462830872816795,10000,20,0.0,0.0,8.0
3.9123287671232876,0.05373543079714903,9.534577815685379e-70,0.9462645692028495,10000,20,0.0,0.0,8.0
3.9136986301369863,0.05375394851359354,9.155071979304295e-70,0.9462460514864051,10000,20,0.0,0.0,8.0
3.915068493150685,0.053772465867659665,8.790764444108633e-70,0.946227534132339,10000,20,0.0,0.0,8.0
3.9164383561643836,0.053790982859354505,8.441042884949265e-70,0.9462090171406441,10000,20,0.0,0.0,8.0
3.9178082191780823,0.053809499488685145,8.105319792715901e-70,0.9461905005113135,10000,20,0.0,0.0,8.0
3.919178082191781,0.05382801575565868,7.783031462755666e-70,0.9461719842443399,10000,20,0.0,0.0,8.0
3.9205479452054797,0.0538465316602822,7.473637024762598e-70,0.9461534683397164,10000,20,0.0,0.0,8.0
3.921917808219178,0.05386504720256279,7.176617512428471e-70,0.9461349527974358,10000,20,0.0,0.0,8.0
3.9232876712328766,0.053883562382507556,6.891474971215541e-70,0.946116437617491,10000,20,0.0,0.0,8.0
3.9246575342465753,0.05390207720012358,6.617731602681758e-70,0.9460979227998749,10000,20,0.0,0.0,8.0
3.926027397260274,0.05392059165541794,6.354928943850695e-70,0.9460794083445806,10000,20,0.0,0.0,8.0
3.9273972602739726,0.05393910574839774,6.102627080184214e-70,0.9460608942516008,10000,20,0.0,0.0,8.0
3.9287671232876713,0.053957619479070074,5.860403890773636e-70,0.9460423805209285,10000,20,0.0,0.0,8.0
3.93013698630137,0.05397613284744202,5.6278543244231424e-70,0.9460238671525565,10000,20,0.0,0.0,8.0
3.9315068493150687,0.05399464585352068,5.4045897053539493e-70,0.9460053541464778,10000,20,0.0,0.0,8.0
3.9328767123287673,0.054013158497313134,5.1902370673104224e-70,0.9459868415026853,10000,20,0.0,0.0,8.0
3.9342465753424656,0.05403167077882647,4.984438514899784e-70,0.945968329221172,10000,20,0.0,0.0,8.0
3.9356164383561643,0.05405018269806779,4.786850611044945e-70,0.9459498173019307,10000,20,0.0,0.0,8.0
3.936986301369863,0.05406869425504418,4.5971437894777116e-70,0.9459313057449543,10000,20,0.0,0.0,8.0
3.9383561643835616,0.05408720544976272,4.415001791241663e-70,0.9459127945502358,10000,20,0.0,0.0,8.0
3.9397260273972603,0.05410571628223051,4.2401211242189156e-70,0.9458942837177681,10000,20,0.0,0.0,8.0
3.941095890410959,0.05412422675245463,4.072210544734341e-70,0.9458757732475439,10000,20,0.0,0.0,8.0
3.9424657534246577,0.05414273686044217,3.910990560330369e-70,0.9458572631395563,10000,20,0.0,0.0,8.0
3.9438356164383563,0.054161246606200225,3.7561929528429094e-70,0.9458387533937983,10000,20,0.0,0.0,8.0
3.945205479452055,0.05417975598973588,3.607560320944823e-70,0.9458202440102627,10000,20,0.0,0.0,8.0
3.9465753424657533,0.054198265011056214,3.4648456413578467e-70,0.9458017349889423,10000,20,0.0,0.0,8.0
3.947945205479452,0.05421677367016833,3.327811847966536e-70,0.9457832263298301,10000,20,0.0,0.0,8.0
3.9493150684931506,0.054235281967079316,3.196231428100372e-70,0.9457647180329192,10000,20,0.0,0.0,8.0
3.9506849315068493,0.05425378990179625,3.0698860352788833e-70,0.9457462100982023,10000,20,0.0,0.0,8.0
3.952054794520548,0.05427229747432623,2.9485661177452823e-70,0.9457277025256723,10000,20,0.0,0.0,8.0
3.9534246575342467,0.054290804684676335,2.8320705621410103e-70,0.9457091953153222,10000,20,0.0,0.0,8.0
3.9547945205479453,0.054309311532853656,2.7202063517005776e-70,0.9456906884671449,10000,20,0.0,0.0,8.0
3.956164383561644,0.05432781801886528,2.612788238371637e-70,0.9456721819811332,10000,20,0.0,0.0,8.0
3.9575342465753427,0.05434632414271829,2.5096384282897473e-70,0.9456536758572802,10000,20,0.0,0.0,8.0
3.958904109589041,0.05436482990441978,2.4105862800608204e-70,0.9456351700955787,10000,20,0.0,0.0,8.0
3.9602739726027396,0.054383335303976835,2.31546801532656e-70,0.9456166646960217,10000,20,0.0,0.0,8.0
3.9616438356164383,0.05440184034139654,2.2241264411104658e-70,0.9455981596586019,10000,20,0.0,0.0,8.0
3.963013698630137,0.054420345016685995,2.1364106834615637e-70,0.9455796549833125,10000,20,0.0,0.0,8.0
3.9643835616438357,0.05443884932985227,2.0521759319339964e-70,0.9455611506701462,10000,20,0.0,0.0,8.0
3.9657534246575343,0.054457353280902454,1.9712831944589562e-70,0.945542646719096,10000,20,0.0,0.0,8.0
3.967123287671233,0.05447585686984364,1.8935990621839102e-70,0.9455241431301549,10000,20,0.0,0.0,8.0
3.9684931506849317,0.0544943600966829,1.8189954838715175e-70,0.9455056399033156,10000,20,0.0,0.0,8.0
3.9698630136986304,0.05451286296142734,1.7473495494674022e-70,0.9454871370385711,10000,20,0.0,0.0,8.0
3.9712328767123286,0.05453136546408403,1.6785432824620353e-70,0.9454686345359145,10000,20,0.0,0.0,8.0
3.9726027397260273,0.05454986760466007,1.6124634406872307e-70,0.9454501323953384,10000,20,0.0,0.0,8.0
3.973972602739726,0.054568369383162535,1.549001325202989e-70,0.9454316306168359,10000,20,0.0,0.0,8.0
3.9753424657534246,0.054586870799598515,1.4880525969438055e-70,0.9454131292003999,10000,20,0.0,0.0,8.0
3.9767123287671233,0.05460537185397509,1.4295171008079128e-70,0.9453946281460233,10000,20,0.0,0.0,8.0
3.978082191780822,0.05462387254629935,1.3732986968854673e-70,0.945376127453699,10000,20,0.0,0.0,8.0
3.9794520547945207,0.05464237287657838,1.3193050985343238e-70,0.94535762712342,10000,20,0.0,0.0,8.0
3.9808219178082194,0.05466087284481926,1.2674477170239767e-70,0.9453391271551791,10000,20,0.0,0.0,8.0
3.982191780821918,0.054679372451029086,1.217641512479716e-70,0.9453206275489693,10000,20,0.0,0.0,8.0
3.9835616438356163,0.05469787169521493,1.1698048508700514e-70,0.9453021283047834,10000,20,0.0,0.0,8.0
3.984931506849315,0.054716370577383884,1.1238593667908909e-70,0.9452836294226145,10000,20,0.0,0.0,8.0
3.9863013698630136,0.05473486909754303,1.0797298318103908e-70,0.9452651309024553,10000,20,0.0,0.0,8.0
3.9876712328767123,0.05475336725569945,1.0373440281475356e-70,0.9452466327442989,10000,20,0.0,0.0,8.0
3.989041095890411,0.054771865051860234,9.966326274673452e-71,0.9452281349481381,10000,20,0.0,0.0,8.0
3.9904109589041097,0.054790362486032466,9.575290745841809e-71,0.9452096375139658,10000,20,0.0,0.0,8.0
3.9917808219178084,0.054808859558223226,9.199694758732695e-71,0.9451911404417751,10000,20,0.0,0.0,8.0
3.993150684931507,0.0548273562684396,8.838924921987425e-71,0.9451726437315587,10000,20,0.0,0.0,8.0
3.9945205479452057,0.054845852616688666,8.492392361743281e-71,0.9451541473833097,10000,20,0.0,0.0,8.0
3.995890410958904,0.05486434860297751,8.159531735803794e-71,0.9451356513970208,10000,20,0.0,0.0,8.0
3.9972602739726026,0.05488284422731322,7.83980028768061e-71,0.9451171557726851,10000,20,0.0,0.0,8.0
3.9986301369863013,0.05490133948970287,7.532676938886596e-71,0.9450986605102955,10000,20,0.0,0.0,8.0
4.0,0.054919834390153556,7.237661417922459e-71,0.9450801656098448,10000,20,0.0,0.0,8.0
4.001369863013698,0.05493832892867235,6.954273424466631e-71,0.945061671071326,10000,20,0.0,0.0,8.0
4.002739726027397,0.054956823105266346,6.68205182733617e-71,0.945043176894732,10000,20,0.0,0.0,8.0
4.004109589041096,0.054975316919942604,6.420553894848313e-71,0.9450246830800558,10000,20,0.0,0.0,8.0
4.005479452054795,0.054993810372708236,6.1693545562625755e-71,0.9450061896272902,10000,20,0.0,0.0,8.0
4.006849315068493,0.0550123034635703,5.9280456930457906e-71,0.9449876965364281,10000,20,0.0,0.0,8.0
4.008219178082192,0.0550307961925359,5.696235458743752e-71,0.9449692038074625,10000,20,0.0,0.0,8.0
4.00958904109589,0.05504928855961209,5.473547626303138e-71,0.9449507114403863,10000,20,0.0,0.0,8.0
4.010958904109589,0.05506778056480598,5.259620961724583e-71,0.9449322194351925,10000,20,0.0,0.0,8.0
4.012328767123288,0.055086272208124634,5.0541086229830786e-71,0.9449137277918738,10000,20,0.0,0.0,8.0
4.013698630136986,0.05510476348957514,4.856677583186183e-71,0.9448952365104233,10000,20,0.0,0.0,8.0
4.015068493150685,0.05512325440916459,4.667008076990395e-71,0.9448767455908338,10000,20,0.0,0.0,8.0
4.016438356164383,0.05514174496690004,4.484793069331095e-71,0.9448582550330984,10000,20,0.0,0.0,8.0
4.017808219178082,0.0551602351627886,4.3097377455603065e-71,0.9448397648372099,10000,20,0.0,0.0,8.0
4.019178082191781,0.05517872499683732,4.14155902212753e-71,0.9448212750031612,10000,20,0.0,0.0,8.0
4.02054794520548,0.05519721446905331,3.979985076967625e-71,0.9448027855309452,10000,20,0.0,0.0,8.0
4.021917808219178,0.05521570357944363,3.824754898800917e-71,0.9447842964205548,10000,20,0.0,0.0,8.0
4.023287671232877,0.05523419232801538,3.675617854576121e-71,0.944765807671983,10000,20,0.0,0.0,8.0
4.024657534246575,0.05525268071477562,3.5323332743247187e-71,0.9447473192852228,10000,20,0.0,0.0,8.0
4.026027397260274,0.05527116873973144,3.39467005271884e-71,0.944728831260267,10000,20,0.0,0.0,8.0
4.027397260273973,0.05528965640288993,3.2624062666590473e-71,0.9447103435971085,10000,20,0.0,0.0,8.0
4.028767123287671,0.05530814370425815,3.135328808242362e-71,0.9446918562957403,10000,20,0.0,0.0,8.0
4.03013698630137,0.0553266306438432,3.013233032487589e-71,0.9446733693561552,10000,20,0.0,0.0,8.0
4.031506849315068,0.05534511722165214,2.89592241922314e-71,0.9446548827783463,10000,20,0.0,0.0,8.0
4.032876712328767,0.055363603437692074,2.783208248562218e-71,0.9446363965623064,10000,20,0.0,0.0,8.0
4.034246575342466,0.055382089291970055,2.6749092894185823e-71,0.9446179107080284,10000,20,0.0,0.0,8.0
4.035616438356165,0.05540057478449319,2.570851500533483e-71,0.9445994252155052,10000,20,0.0,0.0,8.0
4.036986301369863,0.05541905991526852,2.4708677435105425e-71,0.9445809400847299,10000,20,0.0,0.0,8.0
4.038356164383561,0.055437544684303154,2.3747975073713843e-71,0.9445624553156953,10000,20,0.0,0.0,8.0
4.03972602739726,0.05545602909160418,2.2824866441684274e-71,0.9445439709083943,10000,20,0.0,0.0,8.0
4.041095890410959,0.055474513137178647,2.193787115207705e-71,0.9445254868628198,10000,20,0.0,0.0,8.0
4.042465753424658,0.05549299682103366,2.1085567474528824e-71,0.9445070031789647,10000,20,0.0,0.0,8.0
4.043835616438356,0.05551148014317627,2.026658999701034e-71,0.9444885198568221,10000,20,0.0,0.0,8.0
4.045205479452055,0.055529963103613585,1.947962738134192e-71,0.9444700368963849,10000,20,0.0,0.0,8.0
4.046575342465753,0.05554844570235266,1.8723420208702053e-71,0.9444515542976458,10000,20,0.0,0.0,8.0
4.0479452054794525,0.05556692793940059,1.7996758911483395e-71,0.9444330720605979,10000,20,0.0,0.0,8.0
4.049315068493151,0.05558540981476443,1.7298481788030872e-71,0.9444145901852341,10000,20,0.0,0.0,8.0
4.050684931506849,0.05560389132845128,1.6627473096906231e-71,0.9443961086715472,10000,20,0.0,0.0,8.0
4.052054794520548,0.055622372480468224,1.5982661227486133e-71,0.9443776275195302,10000,20,0.0,0.0,8.0
4.053424657534246,0.05564085327082231,1.5363016943813526e-71,0.9443591467291762,10000,20,0.0,0.0,8.0
4.054794520547945,0.05565933369952065,1.4767551698748079e-71,0.9443406663004779,10000,20,0.0,0.0,8.0
4.056164383561644,0.055677813766570286,1.4195316015594862e-71,0.9443221862334282,10000,20,0.0,0.0,8.0
4.057534246575343,0.055696293471978325,1.3645397934482553e-71,0.9443037065280202,10000,20,0.0,0.0,8.0
4.058904109589041,0.05571477281575182,1.3116921520897211e-71,0.9442852271842467,10000,20,0.0,0.0,8.0
4.06027397260274,0.05573325179789788,1.260904543385892e-71,0.9442667482021007,10000,20,0.0,0.0,8.0
4.061643835616438,0.05575173041842354,1.2120961551353098e-71,0.944248269581575,10000,20,0.0,0.0,8.0
4.063013698630137,0.0557702086773359,1.1651893650703334e-71,0.9442297913226627,10000,20,0.0,0.0,8.0
4.064383561643836,0.055788686574642046,1.1201096141684766e-71,0.9442113134253566,10000,20,0.0,0.0,8.0
4.065753424657534,0.055807164110349035,1.0767852850254448e-71,0.9441928358896496,10000,20,0.0,0.0,8.0
4.067123287671233,0.05582564128446396,1.0351475850861751e-71,0.9441743587155347,10000,20,0.0,0.0,8.0
4.068493150684931,0.05584411809699388,9.951304345393848e-72,0.9441558819030048,10000,20,0.0,0.0,8.0
4.0698630136986305,0.05586259454794589,9.566703586874428e-72,0.9441374054520528,10000,20,0.0,0.0,8.0
4.071232876712329,0.05588107063732704,9.197063846126788e-72,0.9441189293626717,10000,20,0.0,0.0,8.0
4.072602739726028,0.05589954636514444,8.841799419668117e-72,0.9441004536348543,10000,20,0.0,0.0,8.0
4.073972602739726,0.05591802173140513,8.500347677187721e-72,0.9440819782685936,10000,20,0.0,0.0,8.0
4.075342465753424,0.055936496736116205,8.172168147013313e-72,0.9440635032638826,10000,20,0.0,0.0,8.0
4.076712328767123,0.05595497137928475,7.856741638047038e-72,0.944045028620714,10000,20,0.0,0.0,8.0
4.078082191780822,0.05597344566091781,7.553569396705896e-72,0.944026554339081,10000,20,0.0,0.0,8.0
4.079452054794521,0.055991919581022495,7.262172297461015e-72,0.9440080804189763,10000,20,0.0,0.0,8.0
4.080821917808219,0.056010393139605846,6.982090065633589e-72,0.943989606860393,10000,20,0.0,0.0,8.0
4.082191780821918,0.05602886633667497,6.712880531148609e-72,0.9439711336633239,10000,20,0.0,0.0,8.0
4.083561643835616,0.05604733917223691,6.454118912011759e-72,0.943952660827762,10000,20,0.0,0.0,8.0
4.0849315068493155,0.056065811646298765,6.205397126312959e-72,0.9439341883537001,10000,20,0.0,0.0,8.0
4.086301369863014,0.05608428375886759,5.966323131619476e-72,0.9439157162411314,10000,20,0.0,0.0,8.0
4.087671232876712,0.056102755509950475,5.73652029065668e-72,0.9438972444900485,10000,20,0.0,0.0,8.0
4.089041095890411,0.0561212268995545,5.51562676222813e-72,0.9438787731004445,10000,20,0.0,0.0,8.0
4.090410958904109,0.05613969792768671,5.303294916363086e-72,0.9438603020723123,10000,20,0.0,0.0,8.0
4.0917808219178085,0.056158168594354206,5.099190772720731e-72,0.9438418314056448,10000,20,0.0,0.0,8.0
4.093150684931507,0.05617663889956404,4.902993461324166e-72,0.943823361100435,10000,20,0.0,0.0,8.0
4.094520547945206,0.056195108843323315,4.714394704726928e-72,0.9438048911566757,10000,20,0.0,0.0,8.0
4.095890410958904,0.05621357842563907,4.533098320759196e-72,0.9437864215743599,10000,20,0.0,0.0,8.0
4.097260273972603,0.05623204764651841,4.358819745027042e-72,0.9437679523534805,10000,20,0.0,0.0,8.0
4.098630136986301,0.05625051650596838,4.191285572379109e-72,0.9437494834940305,10000,20,0.0,0.0,8.0
4.1,0.05626898500399606,4.0302331165792745e-72,0.9437310149960029,10000,20,0.0,0.0,8.0
4.101369863013699,0.05628745314060855,3.8754099874608865e-72,0.9437125468593904,10000,20,0.0,0.0,8.0
4.102739726027397,0.05630592091581288,3.72657368486323e-72,0.9436940790841861,10000,20,0.0,0.0,8.0
4.104109589041096,0.05632438832961616,3.5834912086792737e-72,0.9436756116703828,10000,20,0.0,0.0,8.0
4.105479452054794,0.05634285538202543,3.445938684373983e-72,0.9436571446179736,10000,20,0.0,0.0,8.0
4.1068493150684935,0.05636132207304779,3.313701003352907e-72,0.9436386779269512,10000,20,0.0,0.0,8.0
4.108219178082192,0.05637978840269029,3.1865714775914574e-72,0.9436202115973087,10000,20,0.0,0.0,8.0
4.109589041095891,0.05639825437096002,3.064351507953266e-72,0.943601745629039,10000,20,0.0,0.0,8.0
4.110958904109589,0.05641671997786404,2.946850265654421e-72,0.943583280022135,10000,20,0.0,0.0,8.0
4.112328767123287,0.056435185223409415,2.8338843863469734e-72,0.9435648147765896,10000,20,0.0,0.0,8.0
4.1136986301369864,0.05645365010760325,2.725277676320715e-72,0.9435463498923957,10000,20,0.0,0.0,8.0
4.115068493150685,0.056472114630452576,2.6208608303395093e-72,0.9435278853695463,10000,20,0.0,0.0,8.0
4.116438356164384,0.056490578791964494,2.5204711606480294e-72,0.9435094212080344,10000,20,0.0,0.0,8.0
4.117808219178082,0.05650904259214605,2.423952336705694e-72,0.9434909574078528,10000,20,0.0,0.0,8.0
4.119178082191781,0.05652750603100434,2.3311541352185934e-72,0.9434724939689946,10000,20,0.0,0.0,8.0
4.120547945205479,0.056545969108546416,2.2419322000615041e-72,0.9434540308914525,10000,20,0.0,0.0,8.0
4.1219178082191785,0.05656443182477936,2.156147811694397e-72,0.9434355681752196,10000,20,0.0,0.0,8.0
4.123287671232877,0.05658289417971023,2.0736676656975509e-72,0.9434171058202887,10000,20,0.0,0.0,8.0
4.124657534246575,0.0566013561733461,1.9943636600607636e-72,0.9433986438266528,10000,20,0.0,0.0,8.0
4.126027397260274,0.056619817805694056,1.9181126908799052e-72,0.9433801821943049,10000,20,0.0,0.0,8.0
4.127397260273972,0.056638279076761146,1.8447964561259464e-72,0.9433617209232378,10000,20,0.0,0.0,8.0
4.1287671232876715,0.05665673998655447,1.77430126716513e-72,0.9433432600134445,10000,20,0.0,0.0,8.0
4.13013698630137,0.05667520053508106,1.7065178677234332e-72,0.9433247994649179,10000,20,0.0,0.0,8.0
4.131506849315069,0.056693660722348015,1.6413412599981044e-72,0.943306339277651,10000,20,0.0,0.0,8.0
4.132876712328767,0.05671212054836238,1.5786705376338225e-72,0.9432878794516366,10000,20,0.0,0.0,8.0
4.134246575342466,0.056730580013131256,1.5184087252894899e-72,0.9432694199868678,10000,20,0.0,0.0,8.0
4.135616438356164,0.05674903911666168,1.4604626245353242e-72,0.9432509608833374,10000,20,0.0,0.0,8.0
4.136986301369863,0.056767497858960736,1.4047426658277462e-72,0.9432325021410383,10000,20,0.0,0.0,8.0
4.138356164383562,0.056785956240035504,1.351162766321861e-72,0.9432140437599635,10000,20,0.0,0.0,8.0
4.13972602739726,0.05680441425989303,1.2996401932895268e-72,0.943195585740106,10000,20,0.0,0.0,8.0
4.141095890410959,0.05682287191854041,1.2500954329203677e-72,0.9431771280814586,10000,20,0.0,0.0,8.0
4.142465753424657,0.05684132921598468,1.2024520642931064e-72,0.9431586707840143,10000,20,0.0,0.0,8.0
4.1438356164383565,0.05685978615223294,1.156636638311238e-72,0.943140213847766,10000,20,0.0,0.0,8.0
4.145205479452055,0.05687824272729223,1.1125785614072983e-72,0.9431217572727068,10000,20,0.0,0.0,8.0
4.146575342465754,0.056896698941169645,1.0702099838258035e-72,0.9431033010588293,10000,20,0.0,0.0,8.0
4.147945205479452,0.05691515479387223,1.0294656923044165e-72,0.9430848452061268,10000,20,0.0,0.0,8.0
4.14931506849315,0.05693361028540706,9.902830069782758e-73,0.943066389714592,10000,20,0.0,0.0,8.0
4.1506849315068495,0.056952065415781225,9.526016823409616e-73,0.9430479345842179,10000,20,0.0,0.0,8.0
4.152054794520548,0.05697052018500176,9.163638121012291e-73,0.9430294798149973,10000,20,0.0,0.0,8.0
4.153424657534247,0.05698897459307576,8.815137377811121e-73,0.9430110254069233,10000,20,0.0,0.0,8.0
4.154794520547945,0.057007428640010266,8.479979609079517e-73,0.9429925713599888,10000,20,0.0,0.0,8.0
4.156164383561644,0.05702588232581236,8.157650586574803e-73,0.9429741176741867,10000,20,0.0,0.0,8.0
4.157534246575342,0.0570443356504891,7.84765602812193e-73,0.94295566434951,10000,20,0.0,0.0,8.0
4.1589041095890416,0.05706278861404757,7.549520819032498e-73,0.9429372113859514,10000,20,0.0,0.0,8.0
4.16027397260274,0.05708124121649482,7.262788264107326e-73,0.9429187587835042,10000,20,0.0,0.0,8.0
4.161643835616438,0.05709969345783792,6.98701936900786e-73,0.9429003065421611,10000,20,0.0,0.0,8.0
4.163013698630137,0.05711814533808395,6.721792149840985e-73,0.942881854661915,10000,20,0.0,0.0,8.0
4.164383561643835,0.05713659685723996,6.466700969840874e-73,0.942863403142759,10000,20,0.0,0.0,8.0
4.1657534246575345,0.05715504801531303,6.221355902076312e-73,0.9428449519846859,10000,20,0.0,0.0,8.0
4.167123287671233,0.05717349881231021,5.985382117160203e-73,0.9428265011876887,10000,20,0.0,0.0,8.0
4.168493150684932,0.05719194924823858,5.758419294969434e-73,0.9428080507517603,10000,20,0.0,0.0,8.0
4.16986301369863,0.0572103993231052,5.5401210594327093e-73,0.9427896006768938,10000,20,0.0,0.0,8.0
4.171232876712329,0.05722884903691714,5.330154435471548e-73,0.9427711509630818,10000,20,0.0,0.0,8.0
4.1726027397260275,0.057247298389681456,5.1281993272253544e-73,0.9427527016103175,10000,20,0.0,0.0,8.0
4.173972602739726,0.05726574738140521,4.933948016717053e-73,0.9427342526185938,10000,20,0.0,0.0,8.0
4.175342465753425,0.057284196012095494,4.747104682156928e-73,0.9427158039879034,10000,20,0.0,0.0,8.0
4.176712328767123,0.057302644281759345,4.5673849351093205e-73,0.9426973557182396,10000,20,0.0,0.0,8.0
4.178082191780822,0.05732109219040385,4.394515375777884e-73,0.9426789078095952,10000,20,0.0,0.0,8.0
4.17945205479452,0.05733953973803605,4.228233165698618e-73,0.9426604602619629,10000,20,0.0,0.0,8.0
4.1808219178082195,0.05735798692466303,4.068285617151617e-73,0.9426420130753359,10000,20,0.0,0.0,8.0
4.182191780821918,0.05737643375029184,3.914429798636834e-73,0.9426235662497071,10000,20,0.0,0.0,8.0
4.183561643835617,0.05739488021492956,3.766432155778176e-73,0.9426051197850693,10000,20,0.0,0.0,8.0
4.184931506849315,0.05741332631858324,3.624068147052068e-73,0.9425866736814157,10000,20,0.0,0.0,8.0
4.186301369863013,0.05743177206125994,3.487121893754226e-73,0.942568227938739,10000,20,0.0,0.0,8.0
4.1876712328767125,0.05745021744296675,3.355385843647028e-73,0.9425497825570321,10000,20,0.0,0.0,8.0
4.189041095890411,0.05746866246371071,3.228660447748535e-73,0.9425313375362881,10000,20,0.0,0.0,8.0
4.19041095890411,0.05748710712349891,3.106753849745761e-73,0.9425128928765,10000,20,0.0,0.0,8.0
4.191780821917808,0.057505551422338375,2.9894815875380734e-73,0.9424944485776605,10000,20,0.0,0.0,8.0
4.193150684931507,0.0575239953602362,2.87666630643161e-73,0.9424760046397627,10000,20,0.0,0.0,8.0
4.1945205479452055,0.05754243893719943,2.7681374835295107e-73,0.9424575610627994,10000,20,0.0,0.0,8.0
4.195890410958905,0.05756088215323515,2.6637311628758775e-73,0.9424391178467637,10000,20,0.0,0.0,8.0
4.197260273972603,0.05757932500835039,2.5632897009335327e-73,0.9424206749916485,10000,20,0.0,0.0,8.0
4.198630136986301,0.05759776750255224,2.4666615219877875e-73,0.9424022324974467,10000,20,0.0,0.0,8.0
4.2,0.05761620963584776,2.3737008830883822e-73,0.9423837903641512,10000,20,0.0,0.0,8.0
4.201369863013698,0.057634651408243996,2.2842676481546635e-73,0.942365348591755,10000,20,0.0,0.0,8.0
4.2027397260273975,0.05765309281974803,2.198227070884032e-73,0.9423469071802509,10000,20,0.0,0.0,8.0
4.204109589041096,0.05767153387036691,2.1154495861198843e-73,0.9423284661296321,10000,20,0.0,0.0,8.0
4.205479452054795,0.05768997456010771,2.0358106093456433e-73,0.9423100254398913,10000,20,0.0,0.0,8.0
4.206849315068493,0.057708414888977475,1.9591903439881137e-73,0.9422915851110215,10000,20,0.0,0.0,8.0
4.208219178082192,0.05772685485698329,1.8854735962224764e-73,0.9422731451430157,10000,20,0.0,0.0,8.0
4.2095890410958905,0.057745294464132194,1.8145495969866526e-73,0.9422547055358669,10000,20,0.0,0.0,8.0
4.210958904109589,0.05776373371043126,1.746311830921161e-73,0.9422362662895678,10000,20,0.0,0.0,8.0
4.212328767123288,0.05778217259588756,1.6806578719644906e-73,0.9422178274041115,10000,20,0.0,0.0,8.0
4.213698630136986,0.05780061112050814,1.6174892253429436e-73,0.942199388879491,10000,20,0.0,0.0,8.0
4.215068493150685,0.057819049284300074,1.5567111757043077e-73,0.942180950715699,10000,20,0.0,0.0,8.0
4.2164383561643834,0.057837487087270406,1.4982326411559842e-73,0.9421625129127287,10000,20,0.0,0.0,8.0
4.217808219178083,0.057855924529426214,1.441966032975367e-73,0.9421440754705729,10000,20,0.0,0.0,8.0
4.219178082191781,0.05787436161077454,1.3878271207718789e-73,0.9421256383892246,10000,20,0.0,0.0,8.0
4.220547945205479,0.05789279833132246,1.3357349028863602e-73,0.9421072016686767,10000,20,0.0,0.0,8.0
4.221917808219178,0.05791123469107704,1.2856114818240066e-73,0.942088765308922,10000,20,0.0,0.0,8.0
4.223287671232876,0.05792967069004532,1.2373819445237685e-73,0.9420703293099538,10000,20,0.0,0.0,8.0
4.2246575342465755,0.05794810632823438,1.1909742472749645e-73,0.9420518936717648,10000,20,0.0,0.0,8.0
4.226027397260274,0.05796654160565127,1.146319105100373e-73,0.9420334583943479,10000,20,0.0,0.0,8.0
4.227397260273973,0.057984976522303056,1.1033498854304407e-73,0.9420150234776962,10000,20,0.0,0.0,8.0
4.228767123287671,0.05800341107819678,1.0620025059020294e-73,0.9419965889218025,10000,20,0.0,0.0,8.0
4.23013698630137,0.05802184527333953,1.0222153361198138e-73,0.9419781547266597,10000,20,0.0,0.0,8.0
4.2315068493150685,0.05804027910773834,9.839291032265806e-74,0.9419597208922609,10000,20,0.0,0.0,8.0
4.232876712328767,0.05805871258140028,9.470868011330248e-74,0.941941287418599,10000,20,0.0,0.0,8.0
4.234246575342466,0.05807714569433242,9.116336032649675e-74,0.9419228543056668,10000,20,0.0,0.0,8.0
4.235616438356164,0.0580955784465418,8.775167786905769e-74,0.9419044215534574,10000,20,0.0,0.0,8.0
4.236986301369863,0.058114010838035496,8.446856114956288e-74,0.9418859891619638,10000,20,0.0,0.0,8.0
4.238356164383561,0.05813244286882055,8.130913232807757e-74,0.9418675571311788,10000,20,0.0,0.0,8.0
4.239726027397261,0.058150874538904045,7.82686998658518e-74,0.9418491254610952,10000,20,0.0,0.0,8.0
4.241095890410959,0.05816930584829301,7.534275136336979e-74,0.9418306941517063,10000,20,0.0,0.0,8.0
4.242465753424658,0.05818773679699453,7.252694667545861e-74,0.9418122632030048,10000,20,0.0,0.0,8.0
4.243835616438356,0.05820616738501564,6.98171112927311e-74,0.9417938326149837,10000,20,0.0,0.0,8.0
4.245205479452054,0.058224597612363406,6.720922997893879e-74,0.9417754023876359,10000,20,0.0,0.0,8.0
4.2465753424657535,0.058243027479044904,6.4699440654322524e-74,0.9417569725209544,10000,20,0.0,0.0,8.0
4.247945205479452,0.05826145698506716,6.228402851537117e-74,0.9417385430149321,10000,20,0.0,0.0,8.0
4.249315068493151,0.05827988613043727,5.995942038177927e-74,0.941720113869562,10000,20,0.0,0.0,8.0
4.250684931506849,0.058298314915162255,5.772217926180811e-74,0.941701685084837,10000,20,0.0,0.0,8.0
4.252054794520548,0.0583167433392492,5.5568999127512504e-74,0.94168325666075,10000,20,0.0,0.0,8.0
4.2534246575342465,0.058335171402705145,5.349669989172445e-74,0.9416648285972941,10000,20,0.0,0.0,8.0
4.254794520547946,0.05835359910553716,5.150222257890874e-74,0.941646400894462,10000,20,0.0,0.0,8.0
4.256164383561644,0.05837202644775229,4.95826246824036e-74,0.9416279735522469,10000,20,0.0,0.0,8.0
4.257534246575342,0.05839045342935759,4.773507570076691e-74,0.9416095465706417,10000,20,0.0,0.0,8.0
4.258904109589041,0.05840888005036014,4.5956852846306675e-74,0.9415911199496391,10000,20,0.0,0.0,8.0
4.260273972602739,0.05842730631076697,4.424533691909865e-74,0.9415726936892322,10000,20,0.0,0.0,8.0
4.261643835616439,0.05844573221058517,4.2598008340058775e-74,0.9415542677894141,10000,20,0.0,0.0,8.0
4.263013698630137,0.05846415774982175,4.101244333692744e-74,0.9415358422501775,10000,20,0.0,0.0,8.0
4.264383561643836,0.05848258292848381,3.948631027720094e-74,0.9415174170715155,10000,20,0.0,0.0,8.0
4.265753424657534,0.05850100774657837,3.801736614234544e-74,0.9414989922534209,10000,20,0.0,0.0,8.0
4.267123287671233,0.058519432204112515,3.660345313778428e-74,0.9414805677958867,10000,20,0.0,0.0,8.0
4.2684931506849315,0.05853785630109328,3.524249543342726e-74,0.941462143698906,10000,20,0.0,0.0,8.0
4.26986301369863,0.05855628003752773,3.393249602965469e-74,0.9414437199624716,10000,20,0.0,0.0,8.0
4.271232876712329,0.058574703413422934,3.267153374391943e-74,0.9414252965865764,10000,20,0.0,0.0,8.0
4.272602739726027,0.05859312642878592,3.1457760313285865e-74,0.9414068735712133,10000,20,0.0,0.0,8.0
4.273972602739726,0.05861154908362377,3.028939760840957e-74,0.9413884509163755,10000,20,0.0,0.0,8.0
4.2753424657534245,0.05862997137794351,2.9164734954663545e-74,0.9413700286220558,10000,20,0.0,0.0,8.0
4.276712328767124,0.05864839331175223,2.8082126556240642e-74,0.941351606688247,10000,20,0.0,0.0,8.0
4.278082191780822,0.05866681488505695,2.703998901927199e-74,0.9413331851149424,10000,20,0.0,0.0,8.0
4.279452054794521,0.05868523609786475,2.603679897010855e-74,0.9413147639021345,10000,20,0.0,0.0,8.0
4.280821917808219,0.05870365695018267,2.507109076510789e-74,0.9412963430498166,10000,20,0.0,0.0,8.0
4.282191780821917,0.05872207744201777,2.414145428836804e-74,0.9412779225579815,10000,20,0.0,0.0,8.0
4.2835616438356166,0.05874049757337711,2.324653283402542e-74,0.9412595024266222,10000,20,0.0,0.0,8.0
4.284931506849315,0.05875891734426773,2.2385021069842494e-74,0.9412410826557315,10000,20,0.0,0.0,8.0
4.286301369863014,0.058777336754696714,2.1555663078939575e-74,0.9412226632453025,10000,20,0.0,0.0,8.0
4.287671232876712,0.05879575580467108,2.0757250476666643e-74,0.9412042441953281,10000,20,0.0,0.0,8.0
4.289041095890411,0.0588141744941979,1.9988620599697004e-74,0.9411858255058013,10000,20,0.0,0.0,8.0
4.2904109589041095,0.05883259282328422,1.9248654764571773e-74,0.941167407176715,10000,20,0.0,0.0,8.0
4.291780821917809,0.05885101079193711,1.853627659299867e-74,0.9411489892080621,10000,20,0.0,0.0,8.0
4.293150684931507,0.0588694284001636,1.785045040134525e-74,0.9411305715998356,10000,20,0.0,0.0,8.0
4.294520547945205,0.058887845647970755,1.7190179651835765e-74,0.9411121543520284,10000,20,0.0,0.0,8.0
4.295890410958904,0.05890626253536564,1.6554505463083766e-74,0.9410937374646335,10000,20,0.0,0.0,8.0
4.2972602739726025,0.05892467906235529,1.5942505177668013e-74,0.9410753209376439,10000,20,0.0,0.0,8.0
4.298630136986302,0.05894309522894677,1.5353290984549315e-74,0.9410569047710524,10000,20,0.0,0.0,8.0
4.3,0.058961511035147116,1.4786008594224972e-74,0.9410384889648521,10000,20,0.0,0.0,8.0
4.301369863013699,0.0589799264809634,1.4239835964577101e-74,0.9410200735190358,10000,20,0.0,0.0,8.0
4.302739726027397,0.05899834156640266,1.3713982075474416e-74,0.9410016584335966,10000,20,0.0,0.0,8.0
4.304109589041096,0.05901675629147196,1.3207685750238674e-74,0.9409832437085274,10000,20,0.0,0.0,8.0
4.3054794520547945,0.05903517065617834,1.2720214522182872e-74,0.940964829343821,10000,20,0.0,0.0,8.0
4.306849315068493,0.05905358466052885,1.2250863544476171e-74,0.9409464153394704,10000,20,0.0,0.0,8.0
4.308219178082192,0.05907199830453057,1.1798954541676771e-74,0.9409280016954688,10000,20,0.0,0.0,8.0
4.30958904109589,0.05909041158819051,1.1363834801326507e-74,0.9409095884118088,10000,20,0.0,0.0,8.0
4.310958904109589,0.059108824511515765,1.09448762040639e-74,0.9408911754884836,10000,20,0.0,0.0,8.0
4.3123287671232875,0.05912723707451335,1.054147429078179e-74,0.9408727629254859,10000,20,0.0,0.0,8.0
4.313698630136987,0.05914564927719035,1.0153047365397128e-74,0.940854350722809,10000,20,0.0,0.0,8.0
4.315068493150685,0.05916406111955378,9.77903563187302e-75,0.9408359388804456,10000,20,0.0,0.0,8.0
4.316438356164384,0.05918247260161072,9.4189003641689e-75,0.9408175273983886,10000,20,0.0,0.0,8.0
4.317808219178082,0.0592008837233682,9.072123107862082e-75,0.9407991162766312,10000,20,0.0,0.0,8.0
4.3191780821917805,0.05921929448483328,8.738204912217165e-75,0.9407807055151661,10000,20,0.0,0.0,8.0
4.32054794520548,0.05923770488601303,8.416665591540318e-75,0.9407622951139863,10000,20,0.0,0.0,8.0
4.321917808219178,0.05925611492691446,8.107043014692091e-75,0.9407438850730849,10000,20,0.0,0.0,8.0
4.323287671232877,0.059274524607544656,7.808892421676461e-75,0.9407254753924548,10000,20,0.0,0.0,8.0
4.324657534246575,0.05929293392791064,7.521785766272495e-75,0.9407070660720888,10000,20,0.0,0.0,8.0
4.326027397260274,0.059311342888019494,7.245311083703838e-75,0.9406886571119799,10000,20,0.0,0.0,8.0
4.3273972602739725,0.05932975148787824,6.979071882392167e-75,0.9406702485121212,10000,20,0.0,0.0,8.0
4.328767123287672,0.059348159727493945,6.72268655886561e-75,0.9406518402725055,10000,20,0.0,0.0,8.0
4.33013698630137,0.059366567606873644,6.475787834940484e-75,0.9406334323931258,10000,20,0.0,0.0,8.0
4.331506849315068,0.05938497512602439,6.238022216317781e-75,0.9406150248739751,10000,20,0.0,0.0,8.0
4.332876712328767,0.05940338228495325,6.009049471778358e-75,0.9405966177150462,10000,20,0.0,0.0,8.0
4.3342465753424655,0.059421789083667256,5.788542132186359e-75,0.9405782109163322,10000,20,0.0,0.0,8.0
4.335616438356165,0.059440195522173465,5.576185008541233e-75,0.940559804477826,10000,20,0.0,0.0,8.0
4.336986301369863,0.059458601600478916,5.371674728352902e-75,0.9405413983995204,10000,20,0.0,0.0,8.0
4.338356164383562,0.05947700731859067,5.174719289634656e-75,0.9405229926814087,10000,20,0.0,0.0,8.0
4.33972602739726,0.059495412676515765,4.985037631844191e-75,0.9405045873234836,10000,20,0.0,0.0,8.0
4.341095890410959,0.05951381767426126,4.802359223120497e-75,0.9404861823257381,10000,20,0.0,0.0,8.0
4.342465753424658,0.05953222231183419,4.626423663197562e-75,0.9404677776881651,10000,20,0.0,0.0,8.0
4.343835616438356,0.059550626589241616,4.456980301391926e-75,0.9404493734107577,10000,20,0.0,0.0,8.0
4.345205479452055,0.05956903050649059,4.293787869091042e-75,0.9404309694935088,10000,20,0.0,0.0,8.0
4.346575342465753,0.059587434063588136,4.1366141261872113e-75,0.9404125659364112,10000,20,0.0,0.0,8.0
4.347945205479452,0.05960583726054133,3.985235520923506e-75,0.940394162739458,10000,20,0.0,0.0,8.0
4.3493150684931505,0.0596242400973572,3.839436862642089e-75,0.9403757599026421,10000,20,0.0,0.0,8.0
4.35068493150685,0.05964264257404281,3.6990110069393057e-75,0.9403573574259565,10000,20,0.0,0.0,8.0
4.352054794520548,0.05966104469060519,3.563758552757123e-75,0.9403389553093942,10000,20,0.0,0.0,8.0
4.353424657534247,0.0596794464470514,3.433487550952524e-75,0.940320553552948,10000,20,0.0,0.0,8.0
4.354794520547945,0.059697847843388475,3.308013223909883e-75,0.940302152156611,10000,20,0.0,0.0,8.0
4.3561643835616435,0.05971624887962347,3.1871576957725155e-75,0.940283751120376,10000,20,0.0,0.0,8.0
4.357534246575343,0.05973464955576344,3.0707497328906566e-75,0.940265350444236,10000,20,0.0,0.0,8.0
4.358904109589041,0.05975304987181542,2.95862449409557e-75,0.940246950128184,10000,20,0.0,0.0,8.0
4.36027397260274,0.05977144982778647,2.8506232904246636e-75,0.940228550172213,10000,20,0.0,0.0,8.0
4.361643835616438,0.05978984942368361,2.7465933539393777e-75,0.9402101505763159,10000,20,0.0,0.0,8.0
4.363013698630137,0.05980824865951392,2.6463876152873125e-75,0.9401917513404855,10000,20,0.0,0.0,8.0
4.364383561643836,0.05982664753528441,2.5498644896778503e-75,0.940173352464715,10000,20,0.0,0.0,8.0
4.365753424657535,0.05984504605100217,2.456887670948865e-75,0.9401549539489973,10000,20,0.0,0.0,8.0
4.367123287671233,0.0598634442066742,2.367325933418632e-75,0.9401365557933252,10000,20,0.0,0.0,8.0
4.368493150684931,0.05988184200230757,2.281052941224814e-75,0.9401181579976918,10000,20,0.0,0.0,8.0
4.36986301369863,0.059900239437909335,2.1979470648672384e-75,0.9400997605620901,10000,20,0.0,0.0,8.0
4.3712328767123285,0.059918636513486515,2.117891204679884e-75,0.9400813634865129,10000,20,0.0,0.0,8.0
4.372602739726028,0.059937033229046185,2.0407726209681424e-75,0.9400629667709532,10000,20,0.0,0.0,8.0
4.373972602739726,0.05995542958459536,1.9664827705593067e-75,0.9400445704154041,10000,20,0.0,0.0,8.0
4.375342465753425,0.05997382558014112,1.894917149521015e-75,0.9400261744198584,10000,20,0.0,0.0,8.0
4.376712328767123,0.05999222121569047,1.825975141814895e-75,0.940007778784309,10000,20,0.0,0.0,8.0
4.378082191780822,0.06001061649125049,1.7595598736584803e-75,0.9399893835087489,10000,20,0.0,0.0,8.0
4.379452054794521,0.06002901140682819,1.6955780733801057e-75,0.9399709885931712,10000,20,0.0,0.0,8.0
4.380821917808219,0.06004740596243064,1.633939936556902e-75,0.9399525940375687,10000,20,0.0,0.0,8.0
4.382191780821918,0.06006580015806489,1.574558996236469e-75,0.9399341998419345,10000,20,0.0,0.0,8.0
4.383561643835616,0.06008419399373796,1.5173519980488923e-75,0.9399158060062615,10000,20,0.0,0.0,8.0
4.384931506849315,0.06010258746945692,1.4622387800232557e-75,0.9398974125305425,10000,20,0.0,0.0,8.0
4.3863013698630136,0.060120980585228787,1.4091421569311702e-75,0.9398790194147706,10000,20,0.0,0.0,8.0
4.387671232876713,0.06013937334106063,1.3579878089845635e-75,0.9398606266589388,10000,20,0.0,0.0,8.0
4.389041095890411,0.06015776573695947,1.3087041747238165e-75,0.9398422342630399,10000,20,0.0,0.0,8.0
4.39041095890411,0.06017615777293237,1.2612223479363784e-75,0.939823842227067,10000,20,0.0,0.0,8.0
4.391780821917808,0.06019454944898636,1.2154759784542167e-75,0.939805450551013,10000,20,0.0,0.0,8.0
4.3931506849315065,0.06021294076512849,1.1714011766822203e-75,0.9397870592348709,10000,20,0.0,0.0,8.0
4.394520547945206,0.060231331721365806,1.1289364217170603e-75,0.9397686682786336,10000,20,0.0,0.0,8.0
4.395890410958904,0.06024972231770534,1.088022472920269e-75,0.939750277682294,10000,20,0.0,0.0,8.0
4.397260273972603,0.06026811255415415,1.0486022848145686e-75,0.9397318874458452,10000,20,0.0,0.0,8.0
4.398630136986301,0.060286502430719265,1.0106209251783729e-75,0.9397134975692801,10000,20,0.0,0.0,8.0
4.4,0.06030489194740774,9.740254962166886e-76,0.9396951080525916,10000,20,0.0,0.0,8.0
4.401369863013699,0.060323281104226606,9.387650586928816e-76,0.9396767188957728,10000,20,0.0,0.0,8.0
4.402739726027398,0.06034166990118292,9.047905589086001e-76,0.9396583300988165,10000,20,0.0,0.0,8.0
4.404109589041096,0.0603600583382837,8.72054758424949e-76,0.9396399416617157,10000,20,0.0,0.0,8.0
4.405479452054794,0.060378446415536004,8.405121664206373e-76,0.9396215535844634,10000,20,0.0,0.0,8.0
4.406849315068493,0.060396834132946886,8.101189745880329e-76,0.9396031658670525,10000,20,0.0,0.0,8.0
4.4082191780821915,0.06041522149052336,7.808329944710476e-76,0.939584778509476,10000,20,0.0,0.0,8.0
4.409589041095891,0.0604336084882725,7.526135971524754e-76,0.9395663915117268,10000,20,0.0,0.0,8.0
4.410958904109589,0.060451995126201315,7.254216552025712e-76,0.939548004873798,10000,20,0.0,0.0,8.0
4.412328767123288,0.060470381404316875,6.992194868029603e-76,0.9395296185956824,10000,20,0.0,0.0,8.0
4.413698630136986,0.060488767322626195,6.739708019643825e-76,0.9395112326773731,10000,20,0.0,0.0,8.0
4.415068493150685,0.06050715288113634,6.496406507587403e-76,0.9394928471188629,10000,20,0.0,0.0,8.0
4.416438356164384,0.06052553807985433,6.261953734900288e-76,0.9394744619201449,10000,20,0.0,0.0,8.0
4.417808219178082,0.06054392291878721,6.036025527305532e-76,0.939456077081212,10000,20,0.0,0.0,8.0
4.419178082191781,0.06056230739794204,5.818309671525278e-76,0.9394376926020572,10000,20,0.0,0.0,8.0
4.420547945205479,0.06058069151732584,5.608505470872427e-76,0.9394193084826734,10000,20,0.0,0.0,8.0
4.421917808219178,0.06059907527694567,5.406323317465908e-76,0.9394009247230536,10000,20,0.0,0.0,8.0
4.423287671232877,0.060617458676808546,5.2114842804469183e-76,0.9393825413231908,10000,20,0.0,0.0,8.0
4.424657534246576,0.06063584171692153,5.02371970958954e-76,0.9393641582830777,10000,20,0.0,0.0,8.0
4.426027397260274,0.060654224397291644,4.842770853730409e-76,0.9393457756027076,10000,20,0.0,0.0,8.0
4.427397260273973,0.060672606717925945,4.668388493455797e-76,0.9393273932820733,10000,20,0.0,0.0,8.0
4.428767123287671,0.06069098867883145,4.500332587513563e-76,0.9393090113211677,10000,20,0.0,0.0,8.0
4.4301369863013695,0.06070937028001521,4.33837193243016e-76,0.939290629719984,10000,20,0.0,0.0,8.0
4.431506849315069,0.06072775152148428,4.1822838348389995e-76,0.939272248478515,10000,20,0.0,0.0,8.0
4.432876712328767,0.06074613240324568,4.0318537960411406e-76,0.9392538675967536,10000,20,0.0,0.0,8.0
4.434246575342466,0.06076451292530646,3.886875208337659e-76,0.9392354870746927,10000,20,0.0,0.0,8.0
4.435616438356164,0.06078289308767365,3.7471490626938286e-76,0.9392171069123255,10000,20,0.0,0.0,8.0
4.436986301369863,0.0608012728903543,3.612483667306495e-76,0.9391987271096449,10000,20,0.0,0.0,8.0
4.438356164383562,0.060819652333355435,3.4826943766681466e-76,0.9391803476666438,10000,20,0.0,0.0,8.0
4.439726027397261,0.06083803141668411,3.3576033307307417e-76,0.9391619685833151,10000,20,0.0,0.0,8.0
4.441095890410959,0.060856410140347345,3.237039203792952e-76,0.9391435898596519,10000,20,0.0,0.0,8.0
4.442465753424657,0.060874788504352184,3.12083696274339e-76,0.939125211495647,10000,20,0.0,0.0,8.0
4.443835616438356,0.06089316650870569,3.008837634310853e-76,0.9391068334912935,10000,20,0.0,0.0,8.0
4.445205479452055,0.06091154415341486,2.9008880809829384e-76,0.9390884558465844,10000,20,0.0,0.0,8.0
4.446575342465754,0.060929921438486766,2.796840785267337e-76,0.9390700785615125,10000,20,0.0,0.0,8.0
4.447945205479452,0.06094829836392842,2.6965536419848156e-76,0.9390517016360708,10000,20,0.0,0.0,8.0
4.449315068493151,0.06096667492974688,2.599889758290778e-76,0.9390333250702523,10000,20,0.0,0.0,8.0
4.450684931506849,0.06098505113594917,2.5067172611379504e-76,0.93901494886405,10000,20,0.0,0.0,8.0
4.452054794520548,0.06100342698254234,2.4169091118994356e-76,0.9389965730174569,10000,20,0.0,0.0,8.0
4.453424657534247,0.06102180246953341,2.3303429278859706e-76,0.9389781975304659,10000,20,0.0,0.0,8.0
4.454794520547945,0.06104017759692943,2.2469008104974372e-76,0.9389598224030699,10000,20,0.0,0.0,8.0
4.456164383561644,0.061058552364737444,2.1664691797617842e-76,0.9389414476352619,10000,20,0.0,0.0,8.0
4.457534246575342,0.06107692677296447,2.0889386150217465e-76,0.9389230732270348,10000,20,0.0,0.0,8.0
4.458904109589041,0.061095300821617564,2.0142037015389066e-76,0.9389046991783817,10000,20,0.0,0.0,8.0
4.46027397260274,0.06111367451070374,1.9421628827950544e-76,0.9388863254892955,10000,20,0.0,0.0,8.0
4.461643835616439,0.06113204784023006,1.8727183182763005e-76,0.9388679521597691,10000,20,0.0,0.0,8.0
4.463013698630137,0.06115042081020353,1.805775746536526e-76,0.9388495791897957,10000,20,0.0,0.0,8.0
4.464383561643835,0.06116879342063121,1.7412443533414563e-76,0.938831206579368,10000,20,0.0,0.0,8.0
4.465753424657534,0.06118716567152014,1.679036644704676e-76,0.9388128343284791,10000,20,0.0,0.0,8.0
4.467123287671233,0.06120553756287733,1.6190683246323965e-76,0.9387944624371218,10000,20,0.0,0.0,8.0
4.468493150684932,0.06122390909470985,1.561258177400784e-76,0.9387760909052894,10000,20,0.0,0.0,8.0
4.46986301369863,0.061242280267024704,1.5055279541976134e-76,0.9387577197329745,10000,20,0.0,0.0,8.0
4.471232876712329,0.06126065107982895,1.4518022639641843e-76,0.9387393489201703,10000,20,0.0,0.0,8.0
4.472602739726027,0.0612790215331296,1.400008468281961e-76,0.9387209784668696,10000,20,0.0,0.0,8.0
4.473972602739726,0.06129739162693371,1.350076580151925e-76,0.9387026083730655,10000,20,0.0,0.0,8.0
4.475342465753425,0.061315761361248305,1.3019391665225661e-76,0.938684238638751,10000,20,0.0,0.0,8.0
4.476712328767123,0.06133413073608042,1.2555312544257314e-76,0.9386658692639188,10000,20,0.0,0.0,8.0
4.478082191780822,0.061352499751437105,1.2107902405866653e-76,0.9386475002485621,10000,20,0.0,0.0,8.0
4.47945205479452,0.06137086840732537,1.1676558043784433e-76,0.9386291315926739,10000,20,0.0,0.0,8.0
4.480821917808219,0.06138923670375227,1.1260698239959483e-76,0.938610763296247,10000,20,0.0,0.0,8.0
4.482191780821918,0.061407604640724825,1.0859762957301755e-76,0.9385923953592745,10000,20,0.0,0.0,8.0
4.483561643835617,0.06142597221825009,1.0473212562265808e-76,0.9385740277817493,10000,20,0.0,0.0,8.0
4.484931506849315,0.061444339436335066,1.0100527076172427e-76,0.9385556605636642,10000,20,0.0,0.0,8.0
4.486301369863014,0.06146270629498682,9.741205454190695e-77,0.9385372937050125,10000,20,0.0,0.0,8.0
4.487671232876712,0.06148107279421236,9.394764890959316e-77,0.938518927205787,10000,20,0.0,0.0,8.0
4.489041095890411,0.061499438934018734,9.060740151848944e-77,0.9385005610659807,10000,20,0.0,0.0,8.0
4.49041095890411,0.06151780471441298,8.738682928917874e-77,0.9384821952855864,10000,20,0.0,0.0,8.0
4.491780821917808,0.06153617013540212,8.428161220640667e-77,0.9384638298645973,10000,20,0.0,0.0,8.0
4.493150684931507,0.0615545351969932,8.128758734524255e-77,0.9384454648030063,10000,20,0.0,0.0,8.0
4.494520547945205,0.061572899899193234,7.840074311766114e-77,0.9384271001008062,10000,20,0.0,0.0,8.0
4.495890410958904,0.06159126424200928,7.561721373129616e-77,0.9384087357579902,10000,20,0.0,0.0,8.0
4.497260273972603,0.06160962822544834,7.293327385254707e-77,0.9383903717745512,10000,20,0.0,0.0,8.0
4.498630136986302,0.06162799184951748,7.034533346639308e-77,0.938372008150482,10000,20,0.0,0.0,8.0
4.5,0.0616463551142237,6.784993292566986e-77,0.9383536448857759,10000,20,0.0,0.0,8.0
4.501369863013698,0.06166471801957405,6.544373818272514e-77,0.9383352819804255,10000,20,0.0,0.0,8.0
4.502739726027397,0.061683080565575574,6.312353619672924e-77,0.938316919434424,10000,20,0.0,0.0,8.0
4.504109589041096,0.061701442752235276,6.088623051010819e-77,0.9382985572477642,10000,20,0.0,0.0,8.0
4.505479452054795,0.061719804579560215,5.872883698781468e-77,0.9382801954204393,10000,20,0.0,0.0,8.0
4.506849315068493,0.0617381660475574,5.664847971343691e-77,0.9382618339524421,10000,20,0.0,0.0,8.0
4.508219178082192,0.061756527156233886,5.4642387036288685e-77,0.9382434728437656,10000,20,0.0,0.0,8.0
4.50958904109589,0.06177488790559668,5.270788776393103e-77,0.9382251120944028,10000,20,0.0,0.0,8.0
4.510958904109589,0.061793248295652844,5.084240749469597e-77,0.9382067517043466,10000,20,0.0,0.0,8.0
4.512328767123288,0.061811608326409376,4.904346508506899e-77,0.9381883916735901,10000,20,0.0,0.0,8.0
4.513698630136986,0.061829967997873325,4.7308669246899295e-77,0.9381700320021262,10000,20,0.0,0.0,8.0
4.515068493150685,0.06184832731005173,4.563571526966297e-77,0.9381516726899478,10000,20,0.0,0.0,8.0
4.516438356164383,0.061866686262951595,4.402238186313928e-77,0.9381333137370479,10000,20,0.0,0.0,8.0
4.517808219178082,0.06188504485657998,4.2466528116035885e-77,0.9381149551434195,10000,20,0.0,0.0,8.0
4.519178082191781,0.061903403090943894,4.09660905663009e-77,0.9380965969090556,10000,20,0.0,0.0,8.0
4.52054794520548,0.06192176096605039,3.95190803789608e-77,0.938078239033949,10000,20,0.0,0.0,8.0
4.521917808219178,0.061940118481906475,3.81235806275413e-77,0.9380598815180929,10000,20,0.0,0.0,8.0
4.523287671232877,0.0619584756385192,3.677774367521288e-77,0.9380415243614803,10000,20,0.0,0.0,8.0
4.524657534246575,0.06197683243589557,3.547978865200632e-77,0.9380231675641039,10000,20,0.0,0.0,8.0
4.526027397260274,0.06199518887404264,3.4227999024522317e-77,0.9380048111259568,10000,20,0.0,0.0,8.0
4.527397260273973,0.06201354495296743,3.3020720254741664e-77,0.937986455047032,10000,20,0.0,0.0,8.0
4.528767123287671,0.062031900672676964,3.1856357544637916e-77,0.9379680993273225,10000,20,0.0,0.0,8.0
4.53013698630137,0.062050256033178285,3.073337366341872e-77,0.9379497439668212,10000,20,0.0,0.0,8.0
4.531506849315068,0.0620686110344784,2.9650286854366077e-77,0.9379313889655211,10000,20,0.0,0.0,8.0
4.532876712328767,0.062086965676584366,2.860566881831652e-77,0.9379130343234151,10000,20,0.0,0.0,8.0
4.534246575342466,0.062105319959503184,2.759814277097797e-77,0.9378946800404963,10000,20,0.0,0.0,8.0
4.535616438356165,0.062123673883241914,2.6626381571339043e-77,0.9378763261167575,10000,20,0.0,0.0,8.0
4.536986301369863,0.06214202744780756,2.568910591857191e-77,0.9378579725521919,10000,20,0.0,0.0,8.0
4.538356164383561,0.06216038065320715,2.4785082614884947e-77,0.9378396193467924,10000,20,0.0,0.0,8.0
4.53972602739726,0.06217873349944774,2.391312289191154e-77,0.9378212665005518,10000,20,0.0,0.0,8.0
4.541095890410959,0.062197085986536324,2.3072080798288578e-77,0.9378029140134632,10000,20,0.0,0.0,8.0
4.542465753424658,0.062215438114479965,2.2260851646166597e-77,0.9377845618855195,10000,20,0.0,0.0,8.0
4.543835616438356,0.06223378988328566,2.147837051449598e-77,0.9377662101167138,10000,20,0.0,0.0,8.0
4.545205479452055,0.06225214129296046,2.0723610806983353e-77,0.937747858707039,10000,20,0.0,0.0,8.0
4.546575342465753,0.06227049234351137,1.9995582862723517e-77,0.9377295076564881,10000,20,0.0,0.0,8.0
4.5479452054794525,0.062288843034945446,1.929333261755349e-77,0.937711156965054,10000,20,0.0,0.0,8.0
4.549315068493151,0.062307193367269684,1.8615940314279127e-77,0.9376928066327298,10000,20,0.0,0.0,8.0
4.550684931506849,0.06232554334049113,1.79625192599632e-77,0.9376744566595083,10000,20,0.0,0.0,8.0
4.552054794520548,0.06234389295461682,1.733221462855696e-77,0.9376561070453826,10000,20,0.0,0.0,8.0
4.553424657534246,0.062362242209653765,1.6724202307204363e-77,0.9376377577903456,10000,20,0.0,0.0,8.0
4.554794520547945,0.06238059110560901,1.6137687784611133e-77,0.9376194088943904,10000,20,0.0,0.0,8.0
4.556164383561644,0.06239893964248955,1.5571905079943819e-77,0.9376010603575099,10000,20,0.0,0.0,8.0
4.557534246575343,0.062417287820302446,1.5026115710758917e-77,0.937582712179697,10000,20,0.0,0.0,8.0
4.558904109589041,0.0624356356390547,1.4499607698541565e-77,0.9375643643609448,10000,20,0.0,0.0,8.0
4.56027397260274,0.062453983098753364,1.3991694610462275e-77,0.9375460169012462,10000,20,0.0,0.0,8.0
4.561643835616438,0.062472330199405436,1.3501714636034244e-77,0.9375276698005941,10000,20,0.0,0.0,8.0
4.563013698630137,0.06249067694101795,1.3029029697380914e-77,0.9375093230589816,10000,20,0.0,0.0,8.0
4.564383561643836,0.06250902332359795,1.2573024591889767e-77,0.9374909766764016,10000,20,0.0,0.0,8.0
4.565753424657534,0.06252736934715244,1.2133106166061829e-77,0.9374726306528471,10000,20,0.0,0.0,8.0
4.567123287671233,0.06254571501168847,1.1708702519411035e-77,0.9374542849883111,10000,20,0.0,0.0,8.0
4.568493150684931,0.06256406031721304,1.1299262237319748e-77,0.9374359396827865,10000,20,0.0,0.0,8.0
4.5698630136986305,0.0625824052637332,1.09042536517812e-77,0.9374175947362663,10000,20,0.0,0.0,8.0
4.571232876712329,0.06260074985125594,1.0523164129016479e-77,0.9373992501487436,10000,20,0.0,0.0,8.0
4.572602739726028,0.06261909407978833,1.015549938297392e-77,0.9373809059202112,10000,20,0.0,0.0,8.0
4.573972602739726,0.06263743794933735,9.8007828137718e-78,0.9373625620506622,10000,20,0.0,0.0,8.0
4.575342465753424,0.06265578145991005,9.45855487016417e-78,0.9373442185400894,10000,20,0.0,0.0,8.0
4.576712328767123,0.06267412461151346,9.12837243515716e-78,0.937325875388486,10000,20,0.0,0.0,8.0
4.578082191780822,0.0626924674041546,8.809808233926673e-78,0.9373075325958449,10000,20,0.0,0.0,8.0
4.579452054794521,0.0627108098378405,8.502450263220299e-78,0.937289190162159,10000,20,0.0,0.0,8.0
4.580821917808219,0.06272915191257816,8.20590124146335e-78,0.9372708480874213,10000,20,0.0,0.0,8.0
4.582191780821918,0.06274749362837465,7.919778078806296e-78,0.9372525063716248,10000,20,0.0,0.0,8.0
4.583561643835616,0.06276583498523694,7.64371136639143e-78,0.9372341650147625,10000,20,0.0,0.0,8.0
4.5849315068493155,0.0627841759831721,7.377344884130858e-78,0.9372158240168273,10000,20,0.0,0.0,8.0
4.586301369863014,0.06280251662218711,7.12033512632583e-78,0.9371974833778124,10000,20,0.0,0.0,8.0
4.587671232876712,0.06282085690228902,6.872350844470735e-78,0.9371791430977104,10000,20,0.0,0.0,8.0
4.589041095890411,0.06283919682348486,6.633072606619038e-78,0.9371608031765146,10000,20,0.0,0.0,8.0
4.590410958904109,0.06285753638578163,6.402192372705164e-78,0.9371424636142178,10000,20,0.0,0.0,8.0
4.5917808219178085,0.06287587558918639,6.179413085239009e-78,0.937124124410813,10000,20,0.0,0.0,8.0
4.593150684931507,0.06289421443370613,5.964448274816305e-78,0.9371057855662933,10000,20,0.0,0.0,8.0
4.594520547945206,0.06291255291934789,5.757021679900245e-78,0.9370874470806515,10000,20,0.0,0.0,8.0
4.595890410958904,0.06293089104611867,5.55686688035885e-78,0.9370691089538807,10000,20,0.0,0.0,8.0
4.597260273972603,0.06294922881402552,5.363726944252547e-78,0.9370507711859739,10000,20,0.0,0.0,8.0
4.598630136986301,0.06296756622307545,5.177354087393588e-78,0.937032433776924,10000,20,0.0,0.0,8.0
4.6,0.06298590327327548,4.997509345208304e-78,0.937014096726724,10000,20,0.0,0.0,8.0
4.601369863013699,0.06300423996463266,4.823962256457449e-78,0.9369957600353668,10000,20,0.0,0.0,8.0
4.602739726027397,0.06302257629715396,4.65649055838181e-78,0.9369774237028454,10000,20,0.0,0.0,8.0
4.604109589041096,0.06304091227084646,4.494879892856335e-78,0.9369590877291529,10000,20,0.0,0.0,8.0
4.605479452054794,0.06305924788571714,4.338923523155081e-78,0.9369407521142823,10000,20,0.0,0.0,8.0
4.6068493150684935,0.06307758314177304,4.188422060937829e-78,0.9369224168582264,10000,20,0.0,0.0,8.0
4.608219178082192,0.06309591803902118,4.04318320309006e-78,0.9369040819609783,10000,20,0.0,0.0,8.0
4.609589041095891,0.06311425257746858,3.903021478054992e-78,0.936885747422531,10000,20,0.0,0.0,8.0
4.610958904109589,0.06313258675712226,3.767758001315854e-78,0.9368674132428773,10000,20,0.0,0.0,8.0
4.612328767123287,0.06315092057798923,3.637220239693129e-78,0.9368490794220102,10000,20,0.0,0.0,8.0
4.6136986301369864,0.06316925404007653,3.511241784138928e-78,0.9368307459599229,10000,20,0.0,0.0,8.0
4.615068493150685,0.06318758714339118,3.389662130719036e-78,0.9368124128566082,10000,20,0.0,0.0,8.0
4.616438356164384,0.06320591988794019,3.2723264694847165e-78,0.9367940801120592,10000,20,0.0,0.0,8.0
4.617808219178082,0.06322425227373059,3.1590854809499253e-78,0.9367757477262688,10000,20,0.0,0.0,8.0
4.619178082191781,0.0632425843007694,3.0497951398956557e-78,0.93675741569923,10000,20,0.0,0.0,8.0
4.620547945205479,0.06326091596906362,2.9443165262380578e-78,0.9367390840309358,10000,20,0.0,0.0,8.0
4.6219178082191785,0.0632792472786203,2.842515642701913e-78,0.9367207527213791,10000,20,0.0,0.0,8.0
4.623287671232877,0.06329757822944644,2.7442632390550053e-78,0.936702421770553,10000,20,0.0,0.0,8.0
4.624657534246575,0.06331590882154907,2.649434642663543e-78,0.9366840911784503,10000,20,0.0,0.0,8.0
4.626027397260274,0.06333423905493522,2.557909595141282e-78,0.9366657609450642,10000,20,0.0,0.0,8.0
4.627397260273972,0.06335256892961189,2.4695720948709476e-78,0.9366474310703875,10000,20,0.0,0.0,8.0
4.6287671232876715,0.0633708984455861,2.384310245184783e-78,0.9366291015544133,10000,20,0.0,0.0,8.0
4.63013698630137,0.06338922760286489,2.302016108000789e-78,0.9366107723971345,10000,20,0.0,0.0,8.0
4.631506849315069,0.06340755640145526,2.22258556271547e-78,0.9365924435985441,10000,20,0.0,0.0,8.0
4.632876712328767,0.06342588484136423,2.1459181701646522e-78,0.9365741151586351,10000,20,0.0,0.0,8.0
4.634246575342466,0.06344421292259884,2.0719170414673585e-78,0.9365557870774005,10000,20,0.0,0.0,8.0
4.635616438356164,0.06346254064516609,2.0004887115778036e-78,0.9365374593548332,10000,20,0.0,0.0,8.0
4.636986301369863,0.06348086800907299,1.931543017373766e-78,0.9365191319909263,10000,20,0.0,0.0,8.0
4.638356164383562,0.06349919501432659,1.8649929801185944e-78,0.9365008049856727,10000,20,0.0,0.0,8.0
4.63972602739726,0.06351752166093387,1.800754692138313e-78,0.9364824783390654,10000,20,0.0,0.0,8.0
4.641095890410959,0.06353584794890188,1.7387472075611723e-78,0.9364641520510973,10000,20,0.0,0.0,8.0
4.642465753424657,0.06355417387823761,1.6788924369739733e-78,0.9364458261217616,10000,20,0.0,0.0,8.0
4.6438356164383565,0.06357249944894812,1.6211150458524944e-78,0.9364275005510512,10000,20,0.0,0.0,8.0
4.645205479452055,0.0635908246610404,1.565342356631059e-78,0.936409175338959,10000,20,0.0,0.0,8.0
4.646575342465754,0.06360914951452146,1.511504254278712e-78,0.9363908504854779,10000,20,0.0,0.0,8.0
4.647945205479452,0.06362747400939832,1.4595330952566788e-78,0.9363725259906011,10000,20,0.0,0.0,8.0
4.64931506849315,0.06364579814567801,1.4093636197340624e-78,0.9363542018543214,10000,20,0.0,0.0,8.0
4.6506849315068495,0.06366412192336757,1.360932866945169e-78,0.9363358780766319,10000,20,0.0,0.0,8.0
4.652054794520548,0.06368244534247397,1.3141800935748615e-78,0.9363175546575255,10000,20,0.0,0.0,8.0
4.653424657534247,0.06370076840300426,1.269046695062531e-78,0.9362992315969952,10000,20,0.0,0.0,8.0
4.654794520547945,0.06371909110496543,1.225476129720299e-78,0.936280908895034,10000,20,0.0,0.0,8.0
4.656164383561644,0.06373741344836453,1.1834138455631658e-78,0.936262586551635,10000,20,0.0,0.0,8.0
4.657534246575342,0.06375573543320855,1.1428072097543808e-78,0.936244264566791,10000,20,0.0,0.0,8.0
4.6589041095890416,0.06377405705950452,1.103605440571e-78,0.936225942940495,10000,20,0.0,0.0,8.0
4.66027397260274,0.06379237832725944,1.065759541799796e-78,0.9362076216727401,10000,20,0.0,0.0,8.0
4.661643835616438,0.06381069923648033,1.0292222394752743e-78,0.9361893007635191,10000,20,0.0,0.0,8.0
4.663013698630137,0.06382901978717424,9.939479208761916e-79,0.9361709802128252,10000,20,0.0,0.0,8.0
4.664383561643835,0.06384733997934815,9.598925756990958e-79,0.9361526600206512,10000,20,0.0,0.0,8.0
4.6657534246575345,0.0638656598130091,9.270137393304178e-79,0.9361343401869903,10000,20,0.0,0.0,8.0
4.667123287671233,0.06388397928816407,8.952704381422442e-79,0.9361160207118353,10000,20,0.0,0.0,8.0
4.668493150684932,0.06390229840482012,8.646231367383878e-79,0.9360977015951792,10000,20,0.0,0.0,8.0
4.66986301369863,0.06392061716298422,8.35033687081373e-79,0.9360793828370151,10000,20,0.0,0.0,8.0
4.671232876712329,0.06393893556266343,8.06465279432143e-79,0.9360610644373358,10000,20,0.0,0.0,8.0
4.6726027397260275,0.06395725360386474,7.788823950380343e-79,0.9360427463961345,10000,20,0.0,0.0,8.0
4.673972602739726,0.06397557128659516,7.522507605056852e-79,0.9360244287134041,10000,20,0.0,0.0,8.0
4.675342465753425,0.06399388861086173,7.265373037988839e-79,0.9360061113891375,10000,20,0.0,0.0,8.0
4.676712328767123,0.06401220557667145,7.01710111802872e-79,0.9359877944233278,10000,20,0.0,0.0,8.0
4.678082191780822,0.06403052218403134,6.777383893987746e-79,0.935969477815968,10000,20,0.0,0.0,8.0
4.67945205479452,0.0640488384329484,6.545924199944148e-79,0.9359511615670509,10000,20,0.0,0.0,8.0
4.6808219178082195,0.06406715432342966,6.322435274588238e-79,0.9359328456765696,10000,20,0.0,0.0,8.0
4.682191780821918,0.06408546985548211,6.106640394106339e-79,0.9359145301445172,10000,20,0.0,0.0,8.0
4.683561643835617,0.06410378502911279,5.898272518113824e-79,0.9358962149708865,10000,20,0.0,0.0,8.0
4.684931506849315,0.0641220998443287,5.697073948174472e-79,0.9358779001556706,10000,20,0.0,0.0,8.0
4.686301369863013,0.06414041430113687,5.502795998451208e-79,0.9358595856988625,10000,20,0.0,0.0,8.0
4.6876712328767125,0.06415872839954431,5.315198678057383e-79,0.935841271600455,10000,20,0.0,0.0,8.0
4.689041095890411,0.06417704213955802,5.13405038468845e-79,0.9358229578604413,10000,20,0.0,0.0,8.0
4.69041095890411,0.06419535552118504,4.959127609129386e-79,0.9358046444788143,10000,20,0.0,0.0,8.0
4.691780821917808,0.06421366854443233,4.790214650251781e-79,0.935786331455567,10000,20,0.0,0.0,8.0
4.693150684931507,0.06423198120930697,4.627103340121965e-79,0.9357680187906924,10000,20,0.0,0.0,8.0
4.6945205479452055,0.06425029351581592,4.4695927788622964e-79,0.9357497064841834,10000,20,0.0,0.0,8.0
4.695890410958905,0.06426860546396622,4.317489078913617e-79,0.9357313945360332,10000,20,0.0,0.0,8.0
4.697260273972603,0.06428691705376487,4.170605118366316e-79,0.9357130829462345,10000,20,0.0,0.0,8.0
4.698630136986301,0.06430522828521888,4.028760303032971e-79,0.9356947717147804,10000,20,0.0,0.0,8.0
4.7,0.06432353915833529,3.89178033695289e-79,0.935676460841664,10000,20,0.0,0.0,8.0
4.701369863013698,0.06434184967312108,3.7594970010265115e-79,0.9356581503268782,10000,20,0.0,0.0,8.0
4.7027397260273975,0.06436015982958329,3.631747939488706e-79,0.9356398401704159,10000,20,0.0,0.0,8.0
4.704109589041096,0.06437846962772892,3.508376453943428e-79,0.9356215303722702,10000,20,0.0,0.0,8.0
4.705479452054795,0.06439677906756498,3.389231304687403e-79,0.9356032209324342,10000,20,0.0,0.0,8.0
4.706849315068493,0.06441508814909848,3.274166519065519e-79,0.9355849118509008,10000,20,0.0,0.0,8.0
4.708219178082192,0.06443339687233644,3.1630412066047274e-79,0.9355666031276628,10000,20,0.0,0.0,8.0
4.7095890410958905,0.06445170523728586,3.055719380687294e-79,0.9355482947627134,10000,20,0.0,0.0,8.0
4.710958904109589,0.06447001324395375,2.9520697865281e-79,0.9355299867560455,10000,20,0.0,0.0,8.0
4.712328767123288,0.06448832089234714,2.8519657352332556e-79,0.9355116791076521,10000,20,0.0,0.0,8.0
4.713698630136986,0.06450662818247302,2.755284943722686e-79,0.9354933718175262,10000,20,0.0,0.0,8.0
4.715068493150685,0.06452493511433842,2.6619093803073388e-79,0.9354750648856608,10000,20,0.0,0.0,8.0
4.7164383561643834,0.06454324168795034,2.571725115721306e-79,0.9354567583120489,10000,20,0.0,0.0,8.0
4.717808219178083,0.0645615479033158,2.4846221794128495e-79,0.9354384520966834,10000,20,0.0,0.0,8.0
4.719178082191781,0.06457985376044179,2.4004944209091616e-79,0.9354201462395574,10000,20,0.0,0.0,8.0
4.720547945205479,0.06459815925933533,2.3192393760726285e-79,0.9354018407406638,10000,20,0.0,0.0,8.0
4.721917808219178,0.06461646440000345,2.2407581380760976e-79,0.9353835355999957,10000,20,0.0,0.0,8.0
4.723287671232876,0.06463476918245313,2.1649552329288233e-79,0.935365230817546,10000,20,0.0,0.0,8.0
4.7246575342465755,0.06465307360669141,2.091738499390917e-79,0.9353469263933077,10000,20,0.0,0.0,8.0
4.726027397260274,0.06467137767272527,2.0210189731216215e-79,0.9353286223272739,10000,20,0.0,0.0,8.0
4.727397260273973,0.06468968138056175,1.9527107749095525e-79,0.9353103186194374,10000,20,0.0,0.0,8.0
4.728767123287671,0.06470798473020782,1.886731002841459e-79,0.9352920152697913,10000,20,0.0,0.0,8.0
4.73013698630137,0.06472628772167054,1.8229996282682627e-79,0.9352737122783287,10000,20,0.0,0.0,8.0
4.7315068493150685,0.06474459035495687,1.761439395435011e-79,0.9352554096450424,10000,20,0.0,0.0,8.0
4.732876712328767,0.06476289263007384,1.701975724643452e-79,0.9352371073699254,10000,20,0.0,0.0,8.0
4.734246575342466,0.06478119454702848,1.644536618822972e-79,0.9352188054529708,10000,20,0.0,0.0,8.0
4.735616438356164,0.06479949610582776,1.5890525733886093e-79,0.9352005038941714,10000,20,0.0,0.0,8.0
4.736986301369863,0.06481779730647873,1.5354564892692843e-79,0.9351822026935205,10000,20,0.0,0.0,8.0
4.738356164383561,0.06483609814898836,1.4836835889947893e-79,0.9351639018510108,10000,20,0.0,0.0,8.0
4.739726027397261,0.06485439863336369,1.4336713357320787e-79,0.9351456013666355,10000,20,0.0,0.0,8.0
4.741095890410959,0.0648726987596117,1.3853593551674898e-79,0.9351273012403875,10000,20,0.0,0.0,8.0
4.742465753424658,0.06489099852773943,1.3386893601330612e-79,0.9351090014722597,10000,20,0.0,0.0,8.0
4.743835616438356,0.06490929793775385,1.2936050778808301e-79,0.9350907020622453,10000,20,0.0,0.0,8.0
4.745205479452054,0.064927596989662,1.2500521799104332e-79,0.9350724030103371,10000,20,0.0,0.0,8.0
4.7465753424657535,0.06494589568347088,1.2079782142604337e-79,0.9350541043165282,10000,20,0.0,0.0,8.0
4.747945205479452,0.06496419401918749,1.167332540175911e-79,0.9350358059808116,10000,20,0.0,0.0,8.0
4.749315068493151,0.06498249199681885,1.1280662650680341e-79,0.9350175080031803,10000,20,0.0,0.0,8.0
4.750684931506849,0.06500078961637196,1.0901321836852504e-79,0.9349992103836272,10000,20,0.0,0.0,8.0
4.752054794520548,0.06501908687785382,1.053484719417122e-79,0.9349809131221454,10000,20,0.0,0.0,8.0
4.7534246575342465,0.06503738378127144,1.0180798676562608e-79,0.9349626162187278,10000,20,0.0,0.0,8.0
4.754794520547946,0.06505568032663184,9.838751411448866e-80,0.9349443196733673,10000,20,0.0,0.0,8.0
4.756164383561644,0.065073976513942,9.508295172366725e-80,0.9349260234860571,10000,20,0.0,0.0,8.0
4.757534246575342,0.06509227234320895,9.189033870055583e-80,0.9349077276567902,10000,20,0.0,0.0,8.0
4.758904109589041,0.0651105678144397,8.880585061368983e-80,0.9348894321855594,10000,20,0.0,0.0,8.0
4.760273972602739,0.06512886292764125,8.582579475378243e-80,0.9348711370723579,10000,20,0.0,0.0,8.0
4.761643835616439,0.06514715768282062,8.294660556059925e-80,0.9348528423171786,10000,20,0.0,0.0,8.0
4.763013698630137,0.06516545207998478,8.01648402098714e-80,0.9348345479200144,10000,20,0.0,0.0,8.0
4.764383561643836,0.06518374611914077,7.747717435454563e-80,0.9348162538808584,10000,20,0.0,0.0,8.0
4.765753424657534,0.06520203980029557,7.488039801499068e-80,0.9347979601997036,10000,20,0.0,0.0,8.0
4.767123287671233,0.06522033312345621,7.237141161285417e-80,0.934779666876543,10000,20,0.0,0.0,8.0
4.7684931506849315,0.06523862608862967,6.994722214356452e-80,0.9347613739113696,10000,20,0.0,0.0,8.0
4.76986301369863,0.06525691869582297,6.760493948254362e-80,0.9347430813041763,10000,20,0.0,0.0,8.0
4.771232876712329,0.06527521094504313,6.534177282046341e-80,0.9347247890549562,10000,20,0.0,0.0,8.0
4.772602739726027,0.06529350283629712,6.3155027222987066e-80,0.9347064971637021,10000,20,0.0,0.0,8.0
4.773972602739726,0.06531179436959199,6.1042100310601064e-80,0.9346882056304072,10000,20,0.0,0.0,8.0
4.7753424657534245,0.0653300855449347,5.900047905434868e-80,0.9346699144550645,10000,20,0.0,0.0,8.0
4.776712328767124,0.06534837636233229,5.702773668334562e-80,0.934651623637667,10000,20,0.0,0.0,8.0
4.778082191780822,0.06536666682179174,5.512152970019067e-80,0.9346333331782075,10000,20,0.0,0.0,8.0
4.779452054794521,0.06538495692332007,5.327959500043716e-80,0.9346150430766792,10000,20,0.0,0.0,8.0
4.780821917808219,0.06540324666692426,5.149974709250863e-80,0.934596753333075,10000,20,0.0,0.0,8.0
4.782191780821917,0.06542153605261135,4.977987541449235e-80,0.934578463947388,10000,20,0.0,0.0,8.0
4.7835616438356166,0.06543982508038833,4.811794174443793e-80,0.934560174919611,10000,20,0.0,0.0,8.0
4.784931506849315,0.0654581137502622,4.651197770086553e-80,0.9345418862497371,10000,20,0.0,0.0,8.0
4.786301369863014,0.06547640206223997,4.4960082330307245e-80,0.9345235979377593,10000,20,0.0,0.0,8.0
4.787671232876712,0.06549469001632863,4.346041977885324e-80,0.9345053099836707,10000,20,0.0,0.0,8.0
4.789041095890411,0.0655129776125352,4.201121704472407e-80,0.9344870223874641,10000,20,0.0,0.0,8.0
4.7904109589041095,0.06553126485086667,4.061076180905874e-80,0.9344687351491325,10000,20,0.0,0.0,8.0
4.791780821917809,0.06554955173133006,3.92574003421456e-80,0.9344504482686692,10000,20,0.0,0.0,8.0
4.793150684931507,0.06556783825393236,3.7949535482480785e-80,0.9344321617460669,10000,20,0.0,0.0,8.0
4.794520547945205,0.06558612441868057,3.6685624686074474e-80,0.9344138755813187,10000,20,0.0,0.0,8.0
4.795890410958904,0.06560441022558171,3.546417814356563e-80,0.9343955897744176,10000,20,0.0,0.0,8.0
4.7972602739726025,0.06562269567464277,3.4283756962761115e-80,0.9343773043253566,10000,20,0.0,0.0,8.0
4.798630136986302,0.06564098076587076,3.3142971414301046e-80,0.9343590192341286,10000,20,0.0,0.0,8.0
4.8,0.06565926549927266,3.2040479238259623e-80,0.9343407345007266,10000,20,0.0,0.0,8.0
4.801369863013699,0.06567754987485551,3.097498400952564e-80,0.9343224501251438,10000,20,0.0,0.0,8.0
4.802739726027397,0.06569583389262627,2.994523355992945e-80,0.934304166107373,10000,20,0.0,0.0,8.0
4.804109589041096,0.06571411755259199,2.895001845510903e-80,0.9342858824474073,10000,20,0.0,0.0,8.0
4.8054794520547945,0.06573240085475962,2.798817052422275e-80,0.9342675991452396,10000,20,0.0,0.0,8.0
4.806849315068493,0.06575068379913619,2.7058561440641056e-80,0.934249316200863,10000,20,0.0,0.0,8.0
4.808219178082192,0.06576896638572872,2.6160101351851572e-80,0.9342310336142705,10000,20,0.0,0.0,8.0
4.80958904109589,0.06578724861454419,2.5291737556851382e-80,0.934212751385455,10000,20,0.0,0.0,8.0
4.810958904109589,0.0658055304855896,2.4452453229362513e-80,0.9341944695144097,10000,20,0.0,0.0,8.0
4.8123287671232875,0.06582381199887194,2.364126618528448e-80,0.9341761880011273,10000,20,0.0,0.0,8.0
4.813698630136987,0.06584209315439823,2.285722769282246e-80,0.9341579068456011,10000,20,0.0,0.0,8.0
4.815068493150685,0.06586037395217546,2.2099421323818837e-80,0.9341396260478239,10000,20,0.0,0.0,8.0
4.816438356164384,0.06587865439221066,2.13669618448339e-80,0.9341213456077887,10000,20,0.0,0.0,8.0
4.817808219178082,0.0658969344745108,2.0658994146605237e-80,0.9341030655254886,10000,20,0.0,0.0,8.0
4.8191780821917805,0.06591521419908287,1.9974692210532422e-80,0.9340847858009166,10000,20,0.0,0.0,8.0
4.82054794520548,0.0659334935659339,1.931325811090812e-80,0.9340665064340655,10000,20,0.0,0.0,8.0
4.821917808219178,0.06595177257507089,1.8673921051644835e-80,0.9340482274249285,10000,20,0.0,0.0,8.0
4.823287671232877,0.06597005122650082,1.805593643629138e-80,0.9340299487734987,10000,20,0.0,0.0,8.0
4.824657534246575,0.06598832952023069,1.7458584970189854e-80,0.9340116704797687,10000,20,0.0,0.0,8.0
4.826027397260274,0.06600660745626752,1.688117179364126e-80,0.9339933925437319,10000,20,0.0,0.0,8.0
4.8273972602739725,0.06602488503461829,1.6323025645012841e-80,0.9339751149653811,10000,20,0.0,0.0,8.0
4.828767123287672,0.06604316225529001,1.5783498052732782e-80,0.9339568377447094,10000,20,0.0,0.0,8.0
4.83013698630137,0.06606143911828968,1.5261962555179032e-80,0.9339385608817097,10000,20,0.0,0.0,8.0
4.831506849315068,0.0660797156236243,1.475781394748076e-80,0.9339202843763751,10000,20,0.0,0.0,8.0
4.832876712328767,0.06609799177130088,1.4270467554305367e-80,0.9339020082286985,10000,20,0.0,0.0,8.0
4.8342465753424655,0.0661162675613264,1.3799358527723977e-80,0.933883732438673,10000,20,0.0,0.0,8.0
4.835616438356165,0.06613454299370786,1.3343941169280838e-80,0.9338654570062915,10000,20,0.0,0.0,8.0
4.836986301369863,0.06615281806845226,1.2903688275433269e-80,0.9338471819315471,10000,20,0.0,0.0,8.0
4.838356164383562,0.06617109278556661,1.2478090505541021e-80,0.9338289072144328,10000,20,0.0,0.0,8.0
4.83972602739726,0.0661893671450579,1.2066655771631248e-80,0.9338106328549415,10000,20,0.0,0.0,8.0
4.841095890410959,0.06620764114693313,1.1668908649174109e-80,0.9337923588530662,10000,20,0.0,0.0,8.0
4.842465753424658,0.0662259147911993,1.128438980814842e-80,0.9337740852088,10000,20,0.0,0.0,8.0
4.843835616438356,0.06624418807786339,1.0912655463685167e-80,0.9337558119221359,10000,20,0.0,0.0,8.0
4.845205479452055,0.06626246100693244,1.0553276845616187e-80,0.9337375389930668,10000,20,0.0,0.0,8.0
4.846575342465753,0.0662807335784134,1.0205839686269704e-80,0.9337192664215858,10000,20,0.0,0.0,8.0
4.847945205479452,0.0662990057923133,9.869943725877955e-81,0.9337009942076858,10000,20,0.0,0.0,8.0
4.8493150684931505,0.06631727764863912,9.545202234992086e-81,0.93368272235136,10000,20,0.0,0.0,8.0
4.85068493150685,0.06633554914739788,9.231241553308136e-81,0.9336644508526012,10000,20,0.0,0.0,8.0
4.852054794520548,0.06635382028859654,8.927700644342472e-81,0.9336461797114025,10000,20,0.0,0.0,8.0
4.853424657534247,0.06637209107224214,8.634230665401146e-81,0.9336279089277569,10000,20,0.0,0.0,8.0
4.854794520547945,0.06639036149834164,8.350494552320072e-81,0.9336096385016575,10000,20,0.0,0.0,8.0
4.8561643835616435,0.06640863156690206,8.076166618458752e-81,0.9335913684330971,10000,20,0.0,0.0,8.0
4.857534246575343,0.0664269012779304,7.8109321674590875e-81,0.9335730987220687,10000,20,0.0,0.0,8.0
4.858904109589041,0.06644517063143363,7.554487119291126e-81,0.9335548293685655,10000,20,0.0,0.0,8.0
4.86027397260274,0.06646343962741877,7.306537649124638e-81,0.9335365603725804,10000,20,0.0,0.0,8.0
4.861643835616438,0.06648170826589281,7.066799838587239e-81,0.9335182917341064,10000,20,0.0,0.0,8.0
4.863013698630137,0.06649997654686275,6.834999338975844e-81,0.9335000234531364,10000,20,0.0,0.0,8.0
4.864383561643836,0.06651824447033558,6.610871046013491e-81,0.9334817555296636,10000,20,0.0,0.0,8.0
4.865753424657535,0.0665365120363183,6.394158785747779e-81,0.9334634879636808,10000,20,0.0,0.0,8.0
4.867123287671233,0.0665547792448179,6.184615011210875e-81,0.9334452207551812,10000,20,0.0,0.0,8.0
4.868493150684931,0.06657304609584137,5.982000509465086e-81,0.9334269539041578,10000,20,0.0,0.0,8.0
4.86986301369863,0.06659131258939574,5.786084118679046e-81,0.9334086874106033,10000,20,0.0,0.0,8.0
4.8712328767123285,0.06660957872548796,5.596642454886904e-81,0.9333904212745111,10000,20,0.0,0.0,8.0
4.872602739726028,0.06662784450412507,5.413459648095341e-81,0.933372155495874,10000,20,0.0,0.0,8.0
4.873972602739726,0.06664610992531401,5.236327087419054e-81,0.933353890074685,10000,20,0.0,0.0,8.0
4.875342465753425,0.06666437498906183,5.065043174929716e-81,0.9333356250109373,10000,20,0.0,0.0,8.0
4.876712328767123,0.06668263969537548,4.899413087921781e-81,0.9333173603046236,10000,20,0.0,0.0,8.0
4.878082191780822,0.06670090404426199,4.739248549301506e-81,0.9332990959557371,10000,20,0.0,0.0,8.0
4.879452054794521,0.06671916803572833,4.584367605822825e-81,0.9332808319642708,10000,20,0.0,0.0,8.0
4.880821917808219,0.06673743166978151,4.434594413896554e-81,0.9332625683302176,10000,20,0.0,0.0,8.0
4.882191780821918,0.06675569494642852,4.289759032714766e-81,0.9332443050535706,10000,20,0.0,0.0,8.0
4.883561643835616,0.06677395786567634,4.149697224437476e-81,0.9332260421343228,10000,20,0.0,0.0,8.0
4.884931506849315,0.066792220427532,4.0142502611977275e-81,0.9332077795724671,10000,20,0.0,0.0,8.0
4.8863013698630136,0.06681048263200245,3.8832647386928e-81,0.9331895173679967,10000,20,0.0,0.0,8.0
4.887671232876713,0.06682874447909473,3.756592396132254e-81,0.9331712555209044,10000,20,0.0,0.0,8.0
4.889041095890411,0.06684700596881579,3.6340899423270193e-81,0.9331529940311833,10000,20,0.0,0.0,8.0
4.89041095890411,0.06686526710117266,3.515618887705761e-81,0.9331347328988265,10000,20,0.0,0.0,8.0
4.891780821917808,0.0668835278761723,3.401045382057436e-81,0.9331164721238269,10000,20,0.0,0.0,8.0
4.8931506849315065,0.0669017882938217,3.2902400578008877e-81,0.9330982117061775,10000,20,0.0,0.0,8.0
4.894520547945206,0.0669200483541279,3.183077878593583e-81,0.9330799516458713,10000,20,0.0,0.0,8.0
4.895890410958904,0.06693830805709786,3.0794379930953745e-81,0.9330616919429013,10000,20,0.0,0.0,8.0
4.897260273972603,0.06695656740273857,2.9792035937097017e-81,0.9330434325972606,10000,20,0.0,0.0,8.0
4.898630136986301,0.06697482639105704,2.882261780133106e-81,0.9330251736089422,10000,20,0.0,0.0,8.0
4.9,0.06699308502206025,2.788503427546058e-81,0.933006914977939,10000,20,0.0,0.0,8.0
4.901369863013699,0.06701134329575519,2.697823059287969e-81,0.932988656704244,10000,20,0.0,0.0,8.0
4.902739726027398,0.06702960121214886,2.6101187238606565e-81,0.9329703987878504,10000,20,0.0,0.0,8.0
4.904109589041096,0.06704785877124825,2.525291876113809e-81,0.932952141228751,10000,20,0.0,0.0,8.0
4.905479452054794,0.06706611597306034,2.443247262467351e-81,0.9329338840269389,10000,20,0.0,0.0,8.0
4.906849315068493,0.06708437281759214,2.363892810033828e-81,0.9329156271824071,10000,20,0.0,0.0,8.0
4.9082191780821915,0.06710262930485063,2.2871395195066566e-81,0.9328973706951486,10000,20,0.0,0.0,8.0
4.909589041095891,0.06712088543484282,2.212901361684825e-81,0.9328791145651564,10000,20,0.0,0.0,8.0
4.910958904109589,0.06713914120757568,2.1410951775108115e-81,0.9328608587924235,10000,20,0.0,0.0,8.0
4.912328767123288,0.06715739662305621,2.071640581499987e-81,0.932842603376943,10000,20,0.0,0.0,8.0
4.913698630136986,0.06717565168129139,2.0044598684469963e-81,0.9328243483187079,10000,20,0.0,0.0,8.0
4.915068493150685,0.06719390638228823,1.9394779232955727e-81,0.932806093617711,10000,20,0.0,0.0,8.0
4.916438356164384,0.0672121607260537,1.8766221340650489e-81,0.9327878392739456,10000,20,0.0,0.0,8.0
4.917808219178082,0.0672304147125948,1.8158223077277456e-81,0.9327695852874045,10000,20,0.0,0.0,8.0
4.919178082191781,0.06724866834191855,1.7570105889374582e-81,0.9327513316580808,10000,20,0.0,0.0,8.0
4.920547945205479,0.06726692161403189,1.700121381511202e-81,0.9327330783859674,10000,20,0.0,0.0,8.0
4.921917808219178,0.06728517452894185,1.6450912725698355e-81,0.9327148254710574,10000,20,0.0,0.0,8.0
4.923287671232877,0.0673034270866554,1.5918589592476986e-81,0.9326965729133438,10000,20,0.0,0.0,8.0
4.924657534246576,0.06732167928717954,1.5403651778824536e-81,0.9326783207128198,10000,20,0.0,0.0,8.0
4.926027397260274,0.06733993113052124,1.4905526356016201e-81,0.932660068869478,10000,20,0.0,0.0,8.0
4.927397260273973,0.06735818261668752,1.4423659442229548e-81,0.9326418173833118,10000,20,0.0,0.0,8.0
4.928767123287671,0.06737643374568535,1.3957515563908127e-81,0.932623566254314,10000,20,0.0,0.0,8.0
4.9301369863013695,0.06739468451752172,1.350657703871268e-81,0.9326053154824776,10000,20,0.0,0.0,8.0
4.931506849315069,0.06741293493220363,1.307034337933193e-81,0.9325870650677957,10000,20,0.0,0.0,8.0
4.932876712328767,0.06743118498973805,1.2648330717438893e-81,0.9325688150102612,10000,20,0.0,0.0,8.0
4.934246575342466,0.067449434690132,1.2240071247103817e-81,0.9325505653098672,10000,20,0.0,0.0,8.0
4.935616438356164,0.06746768403339243,1.1845112687007935e-81,0.9325323159666068,10000,20,0.0,0.0,8.0
4.936986301369863,0.06748593301952636,1.146301776080962e-81,0.9325140669804729,10000,20,0.0,0.0,8.0
4.938356164383562,0.06750418164854077,1.1093363695053374e-81,0.9324958183514584,10000,20,0.0,0.0,8.0
4.939726027397261,0.06752242992044265,1.0735741734016652e-81,0.9324775700795566,10000,20,0.0,0.0,8.0
4.941095890410959,0.06754067783523897,1.0389756670926143e-81,0.9324593221647602,10000,20,0.0,0.0,8.0
4.942465753424657,0.06755892539293673,1.0055026394979414e-81,0.9324410746070625,10000,20,0.0,0.0,8.0
4.943835616438356,0.06757717259354294,9.731181453640407e-82,0.9324228274064563,10000,20,0.0,0.0,8.0
4.945205479452055,0.06759541943706456,9.417864629687178e-82,0.9324045805629347,10000,20,0.0,0.0,8.0
4.946575342465754,0.06761366592350859,9.114730532508683e-82,0.9323863340764907,10000,20,0.0,0.0,8.0
4.947945205479452,0.067631912052882,8.821445203171611e-82,0.9323680879471173,10000,20,0.0,0.0,8.0
4.949315068493151,0.06765015782519182,8.537685732783449e-82,0.9323498421748075,10000,20,0.0,0.0,8.0
4.950684931506849,0.067668403240445,8.263139893706532e-82,0.9323315967595543,10000,20,0.0,0.0,8.0
4.952054794520548,0.06768664829864854,7.997505783180908e-82,0.9323133517013508,10000,20,0.0,0.0,8.0
4.953424657534247,0.06770489299980942,7.740491478940743e-82,0.9322951070001899,10000,20,0.0,0.0,8.0
4.954794520547945,0.06772313734393462,7.491814706411966e-82,0.9322768626560647,10000,20,0.0,0.0,8.0
4.956164383561644,0.06774138133103116,7.251202517102711e-82,0.9322586186689682,10000,20,0.0,0.0,8.0
4.957534246575342,0.06775962496110599,7.018390977805286e-82,0.9322403750388933,10000,20,0.0,0.0,8.0
4.958904109589041,0.06777786823416612,6.793124870241778e-82,0.9322221317658332,10000,20,0.0,0.0,8.0
4.96027397260274,0.06779611115021852,6.575157400803191e-82,0.9322038888497808,10000,20,0.0,0.0,8.0
4.961643835616439,0.0678143537092702,6.364249920035586e-82,0.9321856462907291,10000,20,0.0,0.0,8.0
4.963013698630137,0.06783259591132812,6.160171651547766e-82,0.9321674040886712,10000,20,0.0,0.0,8.0
4.964383561643836,0.06785083775639929,5.96269943001705e-82,0.9321491622436,10000,20,0.0,0.0,8.0
4.965753424657534,0.06786907924449066,5.771617447989515e-82,0.9321309207555086,10000,20,0.0,0.0,8.0
4.967123287671233,0.06788732037560925,5.5867170111731e-82,0.93211267962439,10000,20,0.0,0.0,8.0
4.968493150684932,0.06790556114976205,5.407796301939447e-82,0.9320944388502372,10000,20,0.0,0.0,8.0
4.96986301369863,0.06792380156695602,5.234660150755591e-82,0.9320761984330432,10000,20,0.0,0.0,8.0
4.971232876712329,0.06794204162719816,5.0671198152763054e-82,0.9320579583728011,10000,20,0.0,0.0,8.0
4.972602739726027,0.06796028133049545,4.9049927668409977e-82,0.9320397186695039,10000,20,0.0,0.0,8.0
4.973972602739726,0.06797852067685488,4.7481024841215426e-82,0.9320214793231444,10000,20,0.0,0.0,8.0
4.975342465753425,0.06799675966628342,4.596278253682925e-82,0.9320032403337158,10000,20,0.0,0.0,8.0
4.976712328767123,0.06801499829878807,4.4493549772200217e-82,0.9319850017012112,10000,20,0.0,0.0,8.0
4.978082191780822,0.06803323657437582,4.3071729852476953e-82,0.9319667634256235,10000,20,0.0,0.0,8.0
4.97945205479452,0.06805147449305364,4.169577857025321e-82,0.9319485255069456,10000,20,0.0,0.0,8.0
4.980821917808219,0.06806971205482852,4.036420246504552e-82,0.9319302879451707,10000,20,0.0,0.0,8.0
4.982191780821918,0.06808794925970744,3.9075557140993736e-82,0.9319120507402918,10000,20,0.0,0.0,8.0
4.983561643835617,0.0681061861076974,3.7828445640793825e-82,0.9318938138923019,10000,20,0.0,0.0,8.0
4.984931506849315,0.06812442259880537,3.662151687399451e-82,0.9318755774011939,10000,20,0.0,0.0,8.0
4.986301369863014,0.06814265873303833,3.5453464097799105e-82,0.9318573412669608,10000,20,0.0,0.0,8.0
4.987671232876712,0.06816089451040327,3.4323023448629023e-82,0.9318391054895959,10000,20,0.0,0.0,8.0
4.989041095890411,0.06817912993090718,3.3228972522715074e-82,0.931820870069092,10000,20,0.0,0.0,8.0
4.99041095890411,0.06819736499455703,3.2170129004084635e-82,0.9318026350054421,10000,20,0.0,0.0,8.0
4.991780821917808,0.0682155997013598,3.1145349338341166e-82,0.9317844002986394,10000,20,0.0,0.0,8.0
4.993150684931507,0.06823383405132251,3.015352745068866e-82,0.9317661659486767,10000,20,0.0,0.0,8.0
4.994520547945205,0.0682520680444521,2.919359350672888e-82,0.9317479319555471,10000,20,0.0,0.0,8.0
4.995890410958904,0.06827030168075558,2.826451271457254e-82,0.9317296983192436,10000,20,0.0,0.0,8.0
4.997260273972603,0.06828853496023991,2.7365284166895375e-82,0.9317114650397592,10000,20,0.0,0.0,8.0
4.998630136986302,0.06830676788291211,2.649493972157669e-82,0.931693232117087,10000,20,0.0,0.0,8.0
5.0,0.06832500044877912,2.5652542919642746e-82,0.93167499955122,10000,20,0.0,0.0,8.0
5.001369863013698,0.06834323265784795,2.483718793924369e-82,0.9316567673421512,10000,20,0.0,0.0,8.0
5.002739726027397,0.06836146451012558,2.4047998584467962e-82,0.9316385354898735,10000,20,0.0,0.0,8.0
5.004109589041096,0.06837969600561897,2.3284127307818423e-82,0.9316203039943801,10000,20,0.0,0.0,8.0
5.005479452054795,0.06839792714433512,2.254475426521555e-82,0.931602072855664,10000,20,0.0,0.0,8.0
5.006849315068493,0.06841615792628102,2.1829086402448406e-82,0.9315838420737181,10000,20,0.0,0.0,8.0
5.008219178082192,0.06843438835146363,2.1136356572003296e-82,0.9315656116485356,10000,20,0.0,0.0,8.0
5.00958904109589,0.06845261841988995,2.046582267926627e-82,0.9315473815801093,10000,20,0.0,0.0,8.0
5.010958904109589,0.06847084813156695,1.9816766857099964e-82,0.9315291518684323,10000,20,0.0,0.0,8.0
5.012328767123288,0.06848907748650161,1.9188494667857747e-82,0.9315109225134977,10000,20,0.0,0.0,8.0
5.013698630136986,0.06850730648470092,1.8580334331902427e-82,0.9314926935152984,10000,20,0.0,0.0,8.0
5.015068493150685,0.06852553512617186,1.7991635981752066e-82,0.9314744648738275,10000,20,0.0,0.0,8.0
5.016438356164383,0.0685437634109214,1.742177094099021e-82,0.931456236589078,10000,20,0.0,0.0,8.0
5.017808219178082,0.06856199133895655,1.687013102710783e-82,0.9314380086610428,10000,20,0.0,0.0,8.0
5.019178082191781,0.06858021891028425,1.6336127877485093e-82,0.931419781089715,10000,20,0.0,0.0,8.0
5.02054794520548,0.0685984461249115,1.5819192297727393e-82,0.9314015538750877,10000,20,0.0,0.0,8.0
5.021917808219178,0.06861667298284528,1.531877363161902e-82,0.931383327017154,10000,20,0.0,0.0,8.0
5.023287671232877,0.06863489948409258,1.4834339151960592e-82,0.9313651005159067,10000,20,0.0,0.0,8.0
5.024657534246575,0.06865312562866037,1.436537347160252e-82,0.9313468743713389,10000,20,0.0,0.0,8.0
5.026027397260274,0.06867135141655561,1.3911377973989536e-82,0.9313286485834437,10000,20,0.0,0.0,8.0
5.027397260273973,0.06868957684778533,1.347187026257213e-82,0.9313104231522139,10000,20,0.0,0.0,8.0
5.028767123287671,0.06870780192235647,1.3046383628451372e-82,0.9312921980776427,10000,20,0.0,0.0,8.0
5.03013698630137,0.06872602664027602,1.2634466535645542e-82,0.9312739733597232,10000,20,0.0,0.0,8.0
5.031506849315068,0.06874425100155096,1.223568212339706e-82,0.9312557489984482,10000,20,0.0,0.0,8.0
5.032876712328767,0.06876247500618828,1.184960772494261e-82,0.9312375249938109,10000,20,0.0,0.0,8.0
5.034246575342466,0.06878069865419492,1.1475834402205463e-82,0.9312193013458042,10000,20,0.0,0.0,8.0
5.035616438356165,0.0687989219455779,1.111396649587073e-82,0.9312010780544212,10000,20,0.0,0.0,8.0
5.036986301369863,0.06881714488034418,1.0763621190338411e-82,0.9311828551196549,10000,20,0.0,0.0,8.0
5.038356164383561,0.06883536745850075,1.0424428093050793e-82,0.9311646325414984,10000,20,0.0,0.0,8.0
5.03972602739726,0.06885358968005459,1.0096028827720979e-82,0.9311464103199446,10000,20,0.0,0.0,8.0
5.041095890410959,0.06887181154501267,9.7780766409969e-83,0.9311281884549866,10000,20,0.0,0.0,8.0
5.042465753424658,0.06889003305338197,9.470236022111299e-83,0.9311099669466173,10000,20,0.0,0.0,8.0
5.043835616438356,0.06890825420516945,9.172182335090365e-83,0.9310917457948298,10000,20,0.0,0.0,8.0
5.045205479452055,0.06892647500038213,8.883601463096639e-83,0.9310735249996172,10000,20,0.0,0.0,8.0
5.046575342465753,0.06894469543902694,8.60418946450863e-83,0.9310553045609723,10000,20,0.0,0.0,8.0
5.0479452054794525,0.0689629155211109,8.333652240340519e-83,0.9310370844788883,10000,20,0.0,0.0,8.0
5.049315068493151,0.06898113524664097,8.071705212630629e-83,0.9310188647533583,10000,20,0.0,0.0,8.0
5.050684931506849,0.06899935461562412,7.818073013428388e-83,0.9310006453843751,10000,20,0.0,0.0,8.0
5.052054794520548,0.06901757362806735,7.572489184031807e-83,0.9309824263719318,10000,20,0.0,0.0,8.0
5.053424657534246,0.0690357922839776,7.334695884132982e-83,0.9309642077160216,10000,20,0.0,0.0,8.0
5.054794520547945,0.06905401058336189,7.104443610540956e-83,0.9309459894166373,10000,20,0.0,0.0,8.0
5.056164383561644,0.06907222852622716,6.881490925167659e-83,0.930927771473772,10000,20,0.0,0.0,8.0
5.057534246575343,0.06909044611258042,6.665604191964649e-83,0.9309095538874188,10000,20,0.0,0.0,8.0
5.058904109589041,0.06910866334242861,6.456557322518205e-83,0.9308913366575706,10000,20,0.0,0.0,8.0
5.06027397260274,0.06912688021577874,6.254131530010886e-83,0.9308731197842205,10000,20,0.0,0.0,8.0
5.061643835616438,0.06914509673263776,6.058115091276374e-83,0.9308549032673614,10000,20,0.0,0.0,8.0
5.063013698630137,0.06916331289301265,5.86830311667501e-83,0.9308366871069865,10000,20,0.0,0.0,8.0
5.064383561643836,0.06918152869691041,5.684497327534002e-83,0.9308184713030888,10000,20,0.0,0.0,8.0
5.065753424657534,0.069199744144338,5.506505840900157e-83,0.9308002558556613,10000,20,0.0,0.0,8.0
5.067123287671233,0.0692179592353024,5.3341429613617194e-83,0.9307820407646968,10000,20,0.0,0.0,8.0
5.068493150684931,0.06923617396981056,5.167228979707982e-83,0.9307638260301887,10000,20,0.0,0.0,8.0
5.0698630136986305,0.0692543883478695,5.005589978196696e-83,0.9307456116521298,10000,20,0.0,0.0,8.0
5.071232876712329,0.06927260236948615,4.849057642214001e-83,0.9307273976305132,10000,20,0.0,0.0,8.0
5.072602739726028,0.06929081603466754,4.697469078111871e-83,0.9307091839653318,10000,20,0.0,0.0,8.0
5.073972602739726,0.06930902934342059,4.5506666370219476e-83,0.9306909706565787,10000,20,0.0,0.0,8.0
5.075342465753424,0.06932724229575231,4.40849774444494e-83,0.930672757704247,10000,20,0.0,0.0,8.0
5.076712328767123,0.06934545489166967,4.270814735427043e-83,0.9306545451083296,10000,20,0.0,0.0,8.0
5.078082191780822,0.06936366713117963,4.137474695137618e-83,0.9306363328688196,10000,20,0.0,0.0,8.0
5.079452054794521,0.06938187901428917,4.008339304668793e-83,0.9306181209857101,10000,20,0.0,0.0,8.0
5.080821917808219,0.06940009054100527,3.883274691886567e-83,0.930599909458994,10000,20,0.0,0.0,8.0
5.082191780821918,0.06941830171133491,3.762151287163926e-83,0.9305816982886643,10000,20,0.0,0.0,8.0
5.083561643835616,0.06943651252528504,3.644843683837373e-83,0.9305634874747142,10000,20,0.0,0.0,8.0
5.0849315068493155,0.06945472298286266,3.531230503228367e-83,0.9305452770171365,10000,20,0.0,0.0,8.0
5.086301369863014,0.06947293308407473,3.4211942640814876e-83,0.9305270669159245,10000,20,0.0,0.0,8.0
5.087671232876712,0.06949114282892822,3.3146212562712404e-83,0.930508857171071,10000,20,0.0,0.0,8.0
5.089041095890411,0.06950935221743013,3.2114014186385597e-83,0.9304906477825691,10000,20,0.0,0.0,8.0
5.090410958904109,0.0695275612495874,3.1114282208200374e-83,0.9304724387504117,10000,20,0.0,0.0,8.0
5.0917808219178085,0.06954576992540702,3.014598548937639e-83,0.9304542300745922,10000,20,0.0,0.0,8.0
5.093150684931507,0.06956397824489596,2.920812595023282e-83,0.9304360217551032,10000,20,0.0,0.0,8.0
5.094520547945206,0.06958218620806121,2.8299737500532447e-83,0.930417813791938,10000,20,0.0,0.0,8.0
5.095890410958904,0.06960039381490972,2.741988500475481e-83,0.9303996061850895,10000,20,0.0,0.0,8.0
5.097260273972603,0.06961860106544848,2.6567663281128995e-83,0.9303813989345507,10000,20,0.0,0.0,8.0
5.098630136986301,0.06963680795968444,2.5742196133333258e-83,0.9303631920403148,10000,20,0.0,0.0,8.0
5.1,0.06965501449762458,2.4942635413768948e-83,0.9303449855023747,10000,20,0.0,0.0,8.0
5.101369863013699,0.0696732206792759,2.416816011738371e-83,0.9303267793207234,10000,20,0.0,0.0,8.0
5.102739726027397,0.06969142650464533,2.3417975505033387e-83,0.9303085734953539,10000,20,0.0,0.0,8.0
5.104109589041096,0.06970963197373987,2.2691312255406743e-83,0.9302903680262593,10000,20,0.0,0.0,8.0
5.105479452054794,0.06972783708656649,2.198742564458612e-83,0.9302721629134327,10000,20,0.0,0.0,8.0
5.1068493150684935,0.06974604184313216,2.1305594752321072e-83,0.9302539581568671,10000,20,0.0,0.0,8.0
5.108219178082192,0.06976424624344384,2.064512169415219e-83,0.9302357537565554,10000,20,0.0,0.0,8.0
5.109589041095891,0.06978245028750851,2.0005330878521712e-83,0.9302175497124907,10000,20,0.0,0.0,8.0
5.110958904109589,0.06980065397533314,1.9385568288064382e-83,0.930199346024666,10000,20,0.0,0.0,8.0
5.112328767123287,0.0698188573069247,1.8785200784271777e-83,0.9301811426930745,10000,20,0.0,0.0,8.0
5.1136986301369864,0.06983706028229018,1.8203615434773452e-83,0.930162939717709,10000,20,0.0,0.0,8.0
5.115068493150685,0.06985526290143652,1.7640218862488613e-83,0.9301447370985627,10000,20,0.0,0.0,8.0
5.116438356164384,0.06987346516437072,1.7094436615927576e-83,0.9301265348356285,10000,20,0.0,0.0,8.0
5.117808219178082,0.06989166707109973,1.6565712559958675e-83,0.9301083329288995,10000,20,0.0,0.0,8.0
5.119178082191781,0.06990986862163054,1.6053508286358695e-83,0.9300901313783687,10000,20,0.0,0.0,8.0
5.120547945205479,0.06992806981597009,1.5557302543509703e-83,0.9300719301840291,10000,20,0.0,0.0,8.0
5.1219178082191785,0.06994627065412538,1.5076590684604281e-83,0.9300537293458738,10000,20,0.0,0.0,8.0
5.123287671232877,0.06996447113610336,1.4610884133763505e-83,0.9300355288638958,10000,20,0.0,0.0,8.0
5.124657534246575,0.06998267126191102,1.4159709869471322e-83,0.9300173287380882,10000,20,0.0,0.0,8.0
5.126027397260274,0.07000087103155532,1.3722609924766434e-83,0.9299991289684438,10000,20,0.0,0.0,8.0
5.127397260273972,0.07001907044504323,1.3299140903640072e-83,0.9299809295549559,10000,20,0.0,0.0,8.0
5.1287671232876715,0.07003726950238172,1.288887351310698e-83,0.9299627304976175,10000,20,0.0,0.0,8.0
5.13013698630137,0.07005546820357775,1.24913921104439e-83,0.9299445317964214,10000,20,0.0,0.0,8.0
5.131506849315069,0.07007366654863831,1.2106294265091335e-83,0.9299263334513609,10000,20,0.0,0.0,8.0
5.132876712328767,0.07009186453757034,1.1733190334747791e-83,0.9299081354624289,10000,20,0.0,0.0,8.0
5.134246575342466,0.07011006217038084,1.1371703055184595e-83,0.9298899378296184,10000,20,0.0,0.0,8.0
5.135616438356164,0.07012825944707675,1.1021467143341067e-83,0.9298717405529224,10000,20,0.0,0.0,8.0
5.136986301369863,0.07014645636766506,1.068212891325895e-83,0.9298535436323341,10000,20,0.0,0.0,8.0
5.138356164383562,0.07016465293215275,1.0353345904442837e-83,0.9298353470678464,10000,20,0.0,0.0,8.0
5.13972602739726,0.07018284914054676,1.0034786522238669e-83,0.9298171508594524,10000,20,0.0,0.0,8.0
5.141095890410959,0.07020104499285408,9.726129689836208e-84,0.929798955007145,10000,20,0.0,0.0,8.0
5.142465753424657,0.07021924048908165,9.427064511521535e-84,0.9297807595109174,10000,20,0.0,0.0,8.0
5.1438356164383565,0.07023743562923648,9.137289946806457e-84,0.9297625643707627,10000,20,0.0,0.0,8.0
5.145205479452055,0.0702556304133255,8.85651449508658e-84,0.9297443695866736,10000,20,0.0,0.0,8.0
5.146575342465754,0.0702738248413557,8.584455890478833e-84,0.9297261751586434,10000,20,0.0,0.0,8.0
5.147945205479452,0.07029201891333403,8.320840806512753e-84,0.9297079810866651,10000,20,0.0,0.0,8.0
5.14931506849315,0.07031021262926747,8.065404570349019e-84,0.9296897873707316,10000,20,0.0,0.0,8.0
5.1506849315068495,0.070328405989163,7.817890886219487e-84,0.9296715940108361,10000,20,0.0,0.0,8.0
5.152054794520548,0.07034659899302756,7.578051567786713e-84,0.9296534010069716,10000,20,0.0,0.0,8.0
5.153424657534247,0.07036479164086815,7.345646279131261e-84,0.929635208359131,10000,20,0.0,0.0,8.0
5.154794520547945,0.0703829839326917,7.120442284090011e-84,0.9296170160673075,10000,20,0.0,0.0,8.0
5.156164383561644,0.07040117586850521,6.902214203669143e-84,0.929598824131494,10000,20,0.0,0.0,8.0
5.157534246575342,0.07041936744831562,6.690743781274043e-84,0.9295806325516835,10000,20,0.0,0.0,8.0
5.1589041095890416,0.07043755867212992,6.485819655497458e-84,0.9295624413278692,10000,20,0.0,0.0,8.0
5.16027397260274,0.07045574953995505,6.28723714022478e-84,0.9295442504600441,10000,20,0.0,0.0,8.0
5.161643835616438,0.070473940051798,6.094798011814582e-84,0.9295260599482011,10000,20,0.0,0.0,8.0
5.163013698630137,0.07049213020766572,5.908310303127974e-84,0.9295078697923335,10000,20,0.0,0.0,8.0
5.164383561643835,0.07051032000756517,5.727588104183075e-84,0.929489679992434,10000,20,0.0,0.0,8.0
5.1657534246575345,0.07052850945150335,5.552451369218453e-84,0.9294714905484959,10000,20,0.0,0.0,8.0
5.167123287671233,0.0705466985394872,5.382725729960536e-84,0.929453301460512,10000,20,0.0,0.0,8.0
5.168493150684932,0.0705648872715237,5.218242314890193e-84,0.9294351127284755,10000,20,0.0,0.0,8.0
5.16986301369863,0.0705830756476198,5.058837574317536e-84,0.9294169243523793,10000,20,0.0,0.0,8.0
5.171232876712329,0.07060126366778248,4.9043531110732045e-84,0.9293987363322166,10000,20,0.0,0.0,8.0
5.1726027397260275,0.07061945133201869,4.754635516637474e-84,0.9293805486679804,10000,20,0.0,0.0,8.0
5.173972602739726,0.0706376386403354,4.609536212527859e-84,0.9293623613596637,10000,20,0.0,0.0,8.0
5.175342465753425,0.07065582559273959,4.468911296777409e-84,0.9293441744072595,10000,20,0.0,0.0,8.0
5.176712328767123,0.0706740121892382,4.332621395337837e-84,0.9293259878107608,10000,20,0.0,0.0,8.0
5.178082191780822,0.07069219842983822,4.200531518247214e-84,0.9293078015701608,10000,20,0.0,0.0,8.0
5.17945205479452,0.0707103843145466,4.0725109204102736e-84,0.9292896156854524,10000,20,0.0,0.0,8.0
5.1808219178082195,0.07072856984337031,3.9484329668394093e-84,0.9292714301566287,10000,20,0.0,0.0,8.0
5.182191780821918,0.0707467550163163,3.8281750022148103e-84,0.9292532449836828,10000,20,0.0,0.0,8.0
5.183561643835617,0.07076493983339156,3.711618224621479e-84,0.9292350601666075,10000,20,0.0,0.0,8.0
5.184931506849315,0.07078312429460304,3.598647563330665e-84,0.929216875705396,10000,20,0.0,0.0,8.0
5.186301369863013,0.0708013083999577,3.4891515604926483e-84,0.9291986916000413,10000,20,0.0,0.0,8.0
5.1876712328767125,0.07081949214946251,3.383022256616419e-84,0.9291805078505365,10000,20,0.0,0.0,8.0
5.189041095890411,0.07083767554312442,3.2801550797131817e-84,0.9291623244568746,10000,20,0.0,0.0,8.0
5.19041095890411,0.07085585858095042,3.1804487379847687e-84,0.9291441414190487,10000,20,0.0,0.0,8.0
5.191780821917808,0.07087404126294745,3.0838051159442185e-84,0.9291259587370516,10000,20,0.0,0.0,8.0
5.193150684931507,0.07089222358912249,2.9901291738557556e-84,0.9291077764108766,10000,20,0.0,0.0,8.0
5.1945205479452055,0.07091040555948248,2.8993288503891417e-84,0.9290895944405166,10000,20,0.0,0.0,8.0
5.195890410958905,0.07092858717403441,2.8113149683827787e-84,0.9290714128259647,10000,20,0.0,0.0,8.0
5.197260273972603,0.07094676843278523,2.726001143617263e-84,0.9290532315672139,10000,20,0.0,0.0,8.0
5.198630136986301,0.0709649493357419,2.6433036965005763e-84,0.9290350506642572,10000,20,0.0,0.0,8.0
5.2,0.0709831298829114,2.5631415665725388e-84,0.9290168701170877,10000,20,0.0,0.0,8.0
5.201369863013698,0.07100131007430067,2.4854362297371336e-84,0.9289986899256985,10000,20,0.0,0.0,8.0
5.2027397260273975,0.07101948990991669,2.4101116181343885e-84,0.9289805100900824,10000,20,0.0,0.0,8.0
5.204109589041096,0.0710376693897664,2.337094042568111e-84,0.9289623306102327,10000,20,0.0,0.0,8.0
5.205479452054795,0.07105584851385678,2.266312117405701e-84,0.9289441514861423,10000,20,0.0,0.0,8.0
5.206849315068493,0.0710740272821948,2.197696687872055e-84,0.9289259727178043,10000,20,0.0,0.0,8.0
5.208219178082192,0.0710922056947874,2.1311807596590756e-84,0.9289077943052116,10000,20,0.0,0.0,8.0
5.2095890410958905,0.07111038375164154,2.066699430777789e-84,0.9288896162483575,10000,20,0.0,0.0,8.0
5.210958904109589,0.0711285614527642,2.0041898255796282e-84,0.9288714385472349,10000,20,0.0,0.0,8.0
5.212328767123288,0.07114673879816234,1.943591030878265e-84,0.9288532612018368,10000,20,0.0,0.0,8.0
5.213698630136986,0.07116491578784291,1.884844034104071e-84,0.9288350842121562,10000,20,0.0,0.0,8.0
5.215068493150685,0.0711830924218129,1.8278916634255712e-84,0.9288169075781862,10000,20,0.0,0.0,8.0
5.2164383561643834,0.07120126870007921,1.772678529775695e-84,0.92879873129992,10000,20,0.0,0.0,8.0
5.217808219178083,0.07121944462264887,1.7191509707205363e-84,0.9287805553773503,10000,20,0.0,0.0,8.0
5.219178082191781,0.0712376201895288,1.667256996112669e-84,0.9287623798104704,10000,20,0.0,0.0,8.0
5.22054794520548,0.07125579540072598,1.6169462354706555e-84,0.9287442045992732,10000,20,0.0,0.0,8.0
5.221917808219178,0.07127397025624733,1.5681698870304897e-84,0.9287260297437518,10000,20,0.0,0.0,8.0
5.223287671232876,0.07129214475609985,1.520880668414351e-84,0.9287078552438993,10000,20,0.0,0.0,8.0
5.2246575342465755,0.0713103189002905,1.4750327688656622e-84,0.9286896810997086,10000,20,0.0,0.0,8.0
5.226027397260274,0.07132849268882623,1.430581802999927e-84,0.9286715073111729,10000,20,0.0,0.0,8.0
5.227397260273973,0.071346666121714,1.3874847660225362e-84,0.9286533338782851,10000,20,0.0,0.0,8.0
5.228767123287671,0.07136483919896076,1.3456999903672844e-84,0.9286351608010384,10000,20,0.0,0.0,8.0
5.23013698630137,0.0713830119205735,1.305187103709254e-84,0.9286169880794256,10000,20,0.0,0.0,8.0
5.2315068493150685,0.07140118428655914,1.2659069883089639e-84,0.9285988157134399,10000,20,0.0,0.0,8.0
5.232876712328767,0.07141935629692467,1.2278217416443724e-84,0.9285806437030744,10000,20,0.0,0.0,8.0
5.234246575342466,0.07143752795167704,1.1908946382902056e-84,0.928562472048322,10000,20,0.0,0.0,8.0
5.235616438356164,0.07145569925082321,1.1550900930044635e-84,0.9285443007491758,10000,20,0.0,0.0,8.0
5.236986301369863,0.07147387019437014,1.1203736249832992e-84,0.9285261298056289,10000,20,0.0,0.0,8.0
5.238356164383561,0.07149204078232477,1.086711823247521e-84,0.9285079592176743,10000,20,0.0,0.0,8.0
5.239726027397261,0.07151021101469408,1.0540723131238647e-84,0.928489788985305,10000,20,0.0,0.0,8.0
5.241095890410959,0.07152838089148503,1.0224237237867888e-84,0.9284716191085141,10000,20,0.0,0.0,8.0
5.242465753424658,0.07154655041270457,9.917356568262483e-85,0.9284534495872945,10000,20,0.0,0.0,8.0
5.243835616438356,0.07156471957835965,9.619786558093754e-85,0.9284352804216394,10000,20,0.0,0.0,8.0
5.245205479452054,0.07158288838845724,9.331241768037275e-85,0.9284171116115417,10000,20,0.0,0.0,8.0
5.2465753424657535,0.0716010568430043,9.051445598319339e-85,0.9283989431569947,10000,20,0.0,0.0,8.0
5.247945205479452,0.07161922494200777,8.780130012278389e-85,0.9283807750579912,10000,20,0.0,0.0,8.0
5.249315068493151,0.07163739268547464,8.517035268652354e-85,0.9283626073145244,10000,20,0.0,0.0,8.0
5.250684931506849,0.07165556007341184,8.261909662318253e-85,0.9283444399265872,10000,20,0.0,0.0,8.0
5.252054794520548,0.07167372710582634,8.014509273209448e-85,0.9283262728941727,10000,20,0.0,0.0,8.0
5.2534246575342465,0.07169189378272509,7.774597723155484e-85,0.928308106217274,10000,20,0.0,0.0,8.0
5.254794520547946,0.07171006010411506,7.541945940387097e-85,0.928289939895884,10000,20,0.0,0.0,8.0
5.256164383561644,0.07172822607000318,7.31633193146745e-85,0.9282717739299959,10000,20,0.0,0.0,8.0
5.257534246575342,0.07174639168039643,7.097540560408584e-85,0.9282536083196027,10000,20,0.0,0.0,8.0
5.258904109589041,0.07176455693530176,6.885363334748294e-85,0.9282354430646973,10000,20,0.0,0.0,8.0
5.260273972602739,0.07178272183472613,6.679598198364519e-85,0.9282172781652729,10000,20,0.0,0.0,8.0
5.261643835616439,0.0718008863786765,6.480049330811817e-85,0.9281991136213225,10000,20,0.0,0.0,8.0
5.263013698630137,0.07181905056715981,6.286526952975962e-85,0.9281809494328391,10000,20,0.0,0.0,8.0
5.264383561643836,0.07183721440018305,6.098847138841879e-85,0.9281627855998159,10000,20,0.0,0.0,8.0
5.265753424657534,0.07185537787775313,5.916831633184822e-85,0.9281446221222458,10000,20,0.0,0.0,8.0
5.267123287671233,0.07187354099987704,5.740307674992785e-85,0.9281264590001219,10000,20,0.0,0.0,8.0
5.2684931506849315,0.07189170376656172,5.569107826442038e-85,0.9281082962334373,10000,20,0.0,0.0,8.0
5.26986301369863,0.07190986617781413,5.403069807245982e-85,0.9280901338221849,10000,20,0.0,0.0,8.0
5.271232876712329,0.07192802823364124,5.242036334209714e-85,0.9280719717663578,10000,20,0.0,0.0,8.0
5.272602739726027,0.07194618993404997,5.085854965824038e-85,0.9280538100659491,10000,20,0.0,0.0,8.0
5.273972602739726,0.07196435127904731,4.934377951738168e-85,0.9280356487209518,10000,20,0.0,0.0,8.0
5.2753424657534245,0.07198251226864019,4.787462086959032e-85,0.928017487731359,10000,20,0.0,0.0,8.0
5.276712328767124,0.0720006729028356,4.64496857062433e-85,0.9279993270971636,10000,20,0.0,0.0,8.0
5.278082191780822,0.07201883318164046,4.5067628692075545e-85,0.9279811668183587,10000,20,0.0,0.0,8.0
5.279452054794521,0.07203699310506173,4.3727145840116424e-85,0.9279630068949375,10000,20,0.0,0.0,8.0
5.280821917808219,0.07205515267310637,4.242697322818395e-85,0.9279448473268929,10000,20,0.0,0.0,8.0
5.282191780821917,0.07207331188578134,4.11658857555941e-85,0.9279266881142179,10000,20,0.0,0.0,8.0
5.2835616438356166,0.07209147074309359,3.994269593883471e-85,0.9279085292569056,10000,20,0.0,0.0,8.0
5.284931506849315,0.07210962924505007,3.875625274496248e-85,0.9278903707549491,10000,20,0.0,0.0,8.0
5.286301369863014,0.07212778739165775,3.760544046152305e-85,0.9278722126083414,10000,20,0.0,0.0,8.0
5.287671232876712,0.07214594518292355,3.648917760185883e-85,0.9278540548170756,10000,20,0.0,0.0,8.0
5.289041095890411,0.07216410261885448,3.5406415844662936e-85,0.9278358973811447,10000,20,0.0,0.0,8.0
5.2904109589041095,0.07218225969945744,3.4356139006720833e-85,0.9278177403005418,10000,20,0.0,0.0,8.0
5.291780821917809,0.0722004164247394,3.3337362047768894e-85,0.9277995835752598,10000,20,0.0,0.0,8.0
5.293150684931507,0.07221857279470731,3.2349130106477905e-85,0.9277814272052919,10000,20,0.0,0.0,8.0
5.294520547945205,0.07223672880936813,3.139051756655839e-85,0.9277632711906311,10000,20,0.0,0.0,8.0
5.295890410958904,0.07225488446872882,3.046062715205384e-85,0.9277451155312704,10000,20,0.0,0.0,8.0
5.2972602739726025,0.07227303977279632,2.9558589050894285e-85,0.9277269602272029,10000,20,0.0,0.0,8.0
5.298630136986302,0.0722911947215776,2.8683560065813575e-85,0.9277088052784216,10000,20,0.0,0.0,8.0
5.3,0.0723093493150796,2.783472279178222e-85,0.9276906506849196,10000,20,0.0,0.0,8.0
5.301369863013699,0.07232750355330927,2.7011284819102427e-85,0.9276724964466899,10000,20,0.0,0.0,8.0
5.302739726027397,0.07234565743627357,2.621247796137468e-85,0.9276543425637256,10000,20,0.0,0.0,8.0
5.304109589041096,0.07236381096397945,2.5437557507535254e-85,0.9276361890360197,10000,20,0.0,0.0,8.0
5.3054794520547945,0.07238196413643386,2.468580149722346e-85,0.9276180358635654,10000,20,0.0,0.0,8.0
5.306849315068493,0.07240011695364375,2.3956510018728527e-85,0.9275998830463555,10000,20,0.0,0.0,8.0
5.308219178082192,0.07241826941561608,2.3249004528818136e-85,0.9275817305843832,10000,20,0.0,0.0,8.0
5.30958904109589,0.07243642152235778,2.2562627193755057e-85,0.9275635784776415,10000,20,0.0,0.0,8.0
5.310958904109589,0.07245457327387583,2.189674025083129e-85,0.9275454267261234,10000,20,0.0,0.0,8.0
5.3123287671232875,0.07247272467017717,2.125072538978577e-85,0.927527275329822,10000,20,0.0,0.0,8.0
5.313698630136987,0.07249087571126875,2.0623983153467192e-85,0.9275091242887304,10000,20,0.0,0.0,8.0
5.315068493150685,0.07250902639715752,2.001593235715079e-85,0.9274909736028417,10000,20,0.0,0.0,8.0
5.316438356164384,0.07252717672785045,1.9426009525910053e-85,0.9274728232721487,10000,20,0.0,0.0,8.0
5.317808219178082,0.07254532670335445,1.8853668349489158e-85,0.9274546732966448,10000,20,0.0,0.0,8.0
5.3191780821917805,0.0725634763236765,1.8298379154114716e-85,0.9274365236763227,10000,20,0.0,0.0,8.0
5.32054794520548,0.07258162558882356,1.7759628390724797e-85,0.9274183744111756,10000,20,0.0,0.0,8.0
5.321917808219178,0.07259977449880255,1.723691813909623e-85,0.9274002255011966,10000,20,0.0,0.0,8.0
5.323287671232877,0.07261792305362044,1.67297656273683e-85,0.9273820769463788,10000,20,0.0,0.0,8.0
5.324657534246575,0.07263607125328417,1.6237702766488573e-85,0.927363928746715,10000,20,0.0,0.0,8.0
5.326027397260274,0.0726542190978007,1.5760275699102828e-85,0.9273457809021984,10000,20,0.0,0.0,8.0
5.3273972602739725,0.07267236658717698,1.5297044362446774e-85,0.9273276334128222,10000,20,0.0,0.0,8.0
5.328767123287672,0.07269051372141996,1.4847582064791005e-85,0.9273094862785792,10000,20,0.0,0.0,8.0
5.33013698630137,0.07270866050053658,1.4411475075024418e-85,0.9272913394994626,10000,20,0.0,0.0,8.0
5.331506849315068,0.07272680692453379,1.398832222495563e-85,0.9272731930754654,10000,20,0.0,0.0,8.0
5.332876712328767,0.07274495299341856,1.3577734523941663e-85,0.9272550470065807,10000,20,0.0,0.0,8.0
5.3342465753424655,0.07276309870719781,1.317933478545513e-85,0.9272369012928015,10000,20,0.0,0.0,8.0
5.335616438356165,0.07278124406587852,1.2792757265214114e-85,0.9272187559341207,10000,20,0.0,0.0,8.0
5.336986301369863,0.0727993890694676,1.241764731051958e-85,0.9272006109305316,10000,20,0.0,0.0,8.0
5.338356164383562,0.07281753371797205,1.2053661020442126e-85,0.9271824662820272,10000,20,0.0,0.0,8.0
5.33972602739726,0.07283567801139877,1.170046491652696e-85,0.9271643219886004,10000,20,0.0,0.0,8.0
5.341095890410959,0.07285382194975475,1.1357735623680814e-85,0.9271461780502445,10000,20,0.0,0.0,8.0
5.342465753424658,0.0728719655330469,1.1025159560930256e-85,0.9271280344669524,10000,20,0.0,0.0,8.0
5.343835616438356,0.07289010876128219,1.0702432641736206e-85,0.9271098912387171,10000,20,0.0,0.0,8.0
5.345205479452055,0.07290825163446757,1.0389259983571926e-85,0.9270917483655318,10000,20,0.0,0.0,8.0
5.346575342465753,0.07292639415260997,1.008535562647316e-85,0.9270736058473894,10000,20,0.0,0.0,8.0
5.347945205479452,0.07294453631571636,9.790442260278658e-86,0.927055463684283,10000,20,0.0,0.0,8.0
5.3493150684931505,0.07296267812379367,9.504250960295008e-86,0.9270373218762057,10000,20,0.0,0.0,8.0
5.35068493150685,0.07298081957684886,9.226520931117153e-86,0.9270191804231505,10000,20,0.0,0.0,8.0
5.352054794520548,0.07299896067488887,8.956999258356455e-86,0.9270010393251105,10000,20,0.0,0.0,8.0
5.353424657534247,0.07301710141792066,8.695440668024097e-86,0.9269828985820787,10000,20,0.0,0.0,8.0
5.354794520547945,0.07303524180595115,8.441607293337064e-86,0.9269647581940482,10000,20,0.0,0.0,8.0
5.3561643835616435,0.07305338183898731,8.195268448710241e-86,0.9269466181610121,10000,20,0.0,0.0,8.0
5.357534246575343,0.0730715215170361,7.956200410715206e-86,0.9269284784829633,10000,20,0.0,0.0,8.0
5.358904109589041,0.07308966084010442,7.724186205787152e-86,0.926910339159895,10000,20,0.0,0.0,8.0
5.36027397260274,0.07310779980819926,7.499015404468607e-86,0.9268922001918001,10000,20,0.0,0.0,8.0
5.361643835616438,0.07312593842132754,7.280483921990392e-86,0.9268740615786718,10000,20,0.0,0.0,8.0
5.363013698630137,0.07314407667949624,7.068393824988241e-86,0.9268559233205032,10000,20,0.0,0.0,8.0
5.364383561643836,0.07316221458271227,6.86255314416898e-86,0.9268377854172871,10000,20,0.0,0.0,8.0
5.365753424657535,0.0731803521309826,6.662775692736936e-86,0.9268196478690168,10000,20,0.0,0.0,8.0
5.367123287671233,0.07319848932431416,6.468880890406025e-86,0.9268015106756853,10000,20,0.0,0.0,8.0
5.368493150684931,0.0732166261627139,6.2806935928199535e-86,0.9267833738372856,10000,20,0.0,0.0,8.0
5.36986301369863,0.07323476264618878,6.098043926215932e-86,0.9267652373538107,10000,20,0.0,0.0,8.0
5.3712328767123285,0.07325289877474572,5.92076712716781e-86,0.9267471012252537,10000,20,0.0,0.0,8.0
5.372602739726028,0.07327103454839169,5.748703387249983e-86,0.9267289654516078,10000,20,0.0,0.0,8.0
5.373972602739726,0.07328916996713362,5.581697702472309e-86,0.9267108300328658,10000,20,0.0,0.0,8.0
5.375342465753425,0.07330730503097847,5.419599727334617e-86,0.926692694969021,10000,20,0.0,0.0,8.0
5.376712328767123,0.07332543973993316,5.2622636333611535e-86,0.9266745602600662,10000,20,0.0,0.0,8.0
5.378082191780822,0.07334357409400466,5.109547971972729e-86,0.9266564259059947,10000,20,0.0,0.0,8.0
5.379452054794521,0.07336170809319989,4.9613155415655185e-86,0.9266382919067995,10000,20,0.0,0.0,8.0
5.380821917808219,0.07337984173752582,4.817433258663136e-86,0.9266201582624736,10000,20,0.0,0.0,8.0
5.382191780821918,0.07339797502698939,4.6777720330183585e-86,0.92660202497301,10000,20,0.0,0.0,8.0
5.383561643835616,0.07341610796159753,4.542206646541242e-86,0.9265838920384019,10000,20,0.0,0.0,8.0
5.384931506849315,0.0734342405413572,4.410615635934415e-86,0.9265657594586422,10000,20,0.0,0.0,8.0
5.3863013698630136,0.07345237276627534,4.282881178923081e-86,0.9265476272337241,10000,20,0.0,0.0,8.0
5.387671232876713,0.07347050463635889,4.158888983965905e-86,0.9265294953636405,10000,20,0.0,0.0,8.0
5.389041095890411,0.07348863615161479,4.038528183341886e-86,0.9265113638483846,10000,20,0.0,0.0,8.0
5.39041095890411,0.07350676731204998,3.9216912295062865e-86,0.9264932326879494,10000,20,0.0,0.0,8.0
5.391780821917808,0.07352489811767142,3.808273794617166e-86,0.926475101882328,10000,20,0.0,0.0,8.0
5.3931506849315065,0.07354302856848605,3.69817467313222e-86,0.9264569714315133,10000,20,0.0,0.0,8.0
5.394520547945206,0.0735611586645008,3.59129568738304e-86,0.9264388413354985,10000,20,0.0,0.0,8.0
5.395890410958904,0.07357928840572263,3.487541596034104e-86,0.9264207115942766,10000,20,0.0,0.0,8.0
5.397260273972603,0.07359741779215848,3.386820005336874e-86,0.9264025822078408,10000,20,0.0,0.0,8.0
5.398630136986301,0.07361554682381527,3.289041283094443e-86,0.926384453176184,10000,20,0.0,0.0,8.0
5.4,0.07363367550069998,3.1941184752511296e-86,0.9263663244992993,10000,20,0.0,0.0,8.0
5.401369863013699,0.07365180382281951,3.1019672250281487e-86,0.9263481961771798,10000,20,0.0,0.0,8.0
5.402739726027398,0.07366993179018085,3.0125056945249047e-86,0.9263300682098184,10000,20,0.0,0.0,8.0
5.404109589041096,0.0736880594027909,2.9256544887119023e-86,0.9263119405972084,10000,20,0.0,0.0,8.0
5.405479452054794,0.07370618666065662,2.8413365817397815e-86,0.9262938133393427,10000,20,0.0,0.0,8.0
5.406849315068493,0.07372431356378496,2.759477245494629e-86,0.9262756864362144,10000,20,0.0,0.0,8.0
5.4082191780821915,0.07374244011218285,2.6800039803298256e-86,0.9262575598878164,10000,20,0.0,0.0,8.0
5.409589041095891,0.07376056630585726,2.602846447906977e-86,0.9262394336941421,10000,20,0.0,0.0,8.0
5.410958904109589,0.07377869214481508,2.52793640608233e-86,0.9262213078551843,10000,20,0.0,0.0,8.0
5.412328767123288,0.0737968176290633,2.455207645774217e-86,0.9262031823709361,10000,20,0.0,0.0,8.0
5.413698630136986,0.07381494275860882,2.3845959297522064e-86,0.9261850572413906,10000,20,0.0,0.0,8.0
5.415068493150685,0.07383306753345863,2.316038933287372e-86,0.9261669324665408,10000,20,0.0,0.0,8.0
5.416438356164384,0.07385119195361962,2.2494761866079945e-86,0.9261488080463798,10000,20,0.0,0.0,8.0
5.417808219178082,0.07386931601909875,2.1848490191038467e-86,0.9261306839809006,10000,20,0.0,0.0,8.0
5.419178082191781,0.07388743972990298,2.12210050522649e-86,0.9261125602700964,10000,20,0.0,0.0,8.0
5.420547945205479,0.07390556308603922,2.061175412033063e-86,0.9260944369139601,10000,20,0.0,0.0,8.0
5.421917808219178,0.07392368608751446,2.0020201483227654e-86,0.9260763139124849,10000,20,0.0,0.0,8.0
5.423287671232877,0.07394180873433558,1.9445827153181577e-86,0.9260581912656638,10000,20,0.0,0.0,8.0
5.424657534246576,0.07395993102650955,1.8888126588427132e-86,0.9260400689734898,10000,20,0.0,0.0,8.0
5.426027397260274,0.0739780529640433,1.8346610229499565e-86,0.926021947035956,10000,20,0.0,0.0,8.0
5.427397260273973,0.07399617454694381,1.7820803049585347e-86,0.9260038254530555,10000,20,0.0,0.0,8.0
5.428767123287671,0.07401429577521795,1.7310244118512883e-86,0.9259857042247813,10000,20,0.0,0.0,8.0
5.4301369863013695,0.07403241664887271,1.6814486179954695e-86,0.9259675833511266,10000,20,0.0,0.0,8.0
5.431506849315069,0.07405053716791503,1.6333095241445175e-86,0.9259494628320843,10000,20,0.0,0.0,8.0
5.432876712328767,0.07406865733235182,1.5865650176818042e-86,0.9259313426676475,10000,20,0.0,0.0,8.0
5.434246575342466,0.07408677714219006,1.541174234068067e-86,0.9259132228578093,10000,20,0.0,0.0,8.0
5.435616438356164,0.07410489659743665,1.4970975194564575e-86,0.9258951034025628,10000,20,0.0,0.0,8.0
5.436986301369863,0.07412301569809854,1.4542963944385834e-86,0.9258769843019009,10000,20,0.0,0.0,8.0
5.438356164383562,0.07414113444418267,1.4127335188878939e-86,0.9258588655558168,10000,20,0.0,0.0,8.0
5.439726027397261,0.074159252835696,1.3723726578659734e-86,0.9258407471643034,10000,20,0.0,0.0,8.0
5.441095890410959,0.07417737087264542,1.3331786485601463e-86,0.925822629127354,10000,20,0.0,0.0,8.0
5.442465753424657,0.07419548855503791,1.2951173682200681e-86,0.9258045114449616,10000,20,0.0,0.0,8.0
5.443835616438356,0.07421360588288041,1.2581557030634577e-86,0.925786394117119,10000,20,0.0,0.0,8.0
5.445205479452055,0.07423172285617984,1.2222615181211186e-86,0.9257682771438196,10000,20,0.0,0.0,8.0
5.446575342465754,0.07424983947494315,1.1874036279923659e-86,0.9257501605250563,10000,20,0.0,0.0,8.0
5.447945205479452,0.07426795573917726,1.153551768483667e-86,0.9257320442608222,10000,20,0.0,0.0,8.0
5.449315068493151,0.07428607164888913,1.1206765691028562e-86,0.9257139283511103,10000,20,0.0,0.0,8.0
5.450684931506849,0.07430418720408569,1.0887495263835508e-86,0.9256958127959137,10000,20,0.0,0.0,8.0
5.452054794520548,0.07432230240477387,1.0577429780137785e-86,0.9256776975952256,10000,20,0.0,0.0,8.0
5.453424657534247,0.0743404172509606,1.0276300777449845e-86,0.9256595827490388,10000,20,0.0,0.0,8.0
5.454794520547945,0.07435853174265285,9.983847710570182e-87,0.9256414682573466,10000,20,0.0,0.0,8.0
5.456164383561644,0.07437664587985754,9.699817715565839e-87,0.925623354120142,10000,20,0.0,0.0,8.0
5.457534246575342,0.07439475966258159,9.423965380866234e-87,0.9256052403374179,10000,20,0.0,0.0,8.0
5.458904109589041,0.07441287309083197,9.156052525248249e-87,0.9255871269091674,10000,20,0.0,0.0,8.0
5.46027397260274,0.07443098616461558,8.89584798250743e-87,0.9255690138353838,10000,20,0.0,0.0,8.0
5.461643835616439,0.07444909888393939,8.643127392606526e-87,0.92555090111606,10000,20,0.0,0.0,8.0
5.463013698630137,0.0744672112488103,8.397672999109913e-87,0.925532788751189,10000,20,0.0,0.0,8.0
5.464383561643836,0.07448532325923528,8.15927345270758e-87,0.925514676740764,10000,20,0.0,0.0,8.0
5.465753424657534,0.07450343491522124,7.927723620648805e-87,0.9254965650847781,10000,20,0.0,0.0,8.0
5.467123287671233,0.07452154621677513,7.702824401901175e-87,0.9254784537832241,10000,20,0.0,0.0,8.0
5.468493150684932,0.07453965716390391,7.484382547864977e-87,0.9254603428360954,10000,20,0.0,0.0,8.0
5.46986301369863,0.07455776775661448,7.272210488472734e-87,0.9254422322433847,10000,20,0.0,0.0,8.0
5.471232876712329,0.07457587799491379,7.066126163509166e-87,0.9254241220050854,10000,20,0.0,0.0,8.0
5.472602739726027,0.07459398787880876,6.865952858996645e-87,0.9254060121211904,10000,20,0.0,0.0,8.0
5.473972602739726,0.07461209740830636,6.671519048488346e-87,0.9253879025916929,10000,20,0.0,0.0,8.0
5.475342465753425,0.07463020658341349,6.482658239124526e-87,0.9253697934165858,10000,20,0.0,0.0,8.0
5.476712328767124,0.0746483154041371,6.299208822303481e-87,0.9253516845958621,10000,20,0.0,0.0,8.0
5.478082191780822,0.07466642387048412,6.121013928831355e-87,0.9253335761295152,10000,20,0.0,0.0,8.0
5.47945205479452,0.0746845319824615,5.947921288411392e-87,0.9253154680175378,10000,20,0.0,0.0,8.0
5.480821917808219,0.07470263974007617,5.779783093344224e-87,0.9252973602599232,10000,20,0.0,0.0,8.0
5.482191780821918,0.07472074714333504,5.616455866310494e-87,0.9252792528566642,10000,20,0.0,0.0,8.0
5.483561643835617,0.07473885419224509,5.457800332111284e-87,0.9252611458077542,10000,20,0.0,0.0,8.0
5.484931506849315,0.0747569608868132,5.303681293249249e-87,0.9252430391131861,10000,20,0.0,0.0,8.0
5.486301369863014,0.07477506722704635,5.1539675092311045e-87,0.9252249327729529,10000,20,0.0,0.0,8.0
5.487671232876712,0.07479317321295145,5.0085315794822015e-87,0.9252068267870478,10000,20,0.0,0.0,8.0
5.489041095890411,0.07481127884453544,4.867249829760967e-87,0.9251887211554638,10000,20,0.0,0.0,8.0
5.49041095890411,0.07482938412180526,4.730002201969901e-87,0.9251706158781939,10000,20,0.0,0.0,8.0
5.491780821917808,0.07484748904476782,4.596672147259547e-87,0.9251525109552313,10000,20,0.0,0.0,8.0
5.493150684931507,0.07486559361343008,4.467146522325171e-87,0.9251344063865691,10000,20,0.0,0.0,8.0
5.494520547945205,0.07488369782779895,4.341315488801944e-87,0.9251163021722002,10000,20,0.0,0.0,8.0
5.495890410958904,0.0749018016878814,4.219072415662502e-87,0.9250981983121177,10000,20,0.0,0.0,8.0
5.497260273972603,0.07491990519368431,4.100313784528951e-87,0.9250800948063148,10000,20,0.0,0.0,8.0
5.498630136986302,0.07493800834521468,3.984939097808873e-87,0.9250619916547844,10000,20,0.0,0.0,8.0
5.5,0.07495611114247938,3.8728507895726913e-87,0.9250438888575198,10000,20,0.0,0.0,8.0
5.501369863013698,0.07497421358548538,3.76395413908742e-87,0.9250257864145137,10000,20,0.0,0.0,8.0
5.502739726027397,0.07499231567423961,3.658157186928646e-87,0.9250076843257595,10000,20,0.0,0.0,8.0
5.504109589041096,0.07501041740874898,3.5553706535923106e-87,0.9249895825912502,10000,20,0.0,0.0,8.0
5.505479452054795,0.07502851878902043,3.455507860530392e-87,0.9249714812109787,10000,20,0.0,0.0,8.0
5.506849315068493,0.0750466198150609,3.3584846535391944e-87,0.9249533801849382,10000,20,0.0,0.0,8.0
5.508219178082192,0.07506472048687733,3.2642193284274155e-87,0.9249352795131218,10000,20,0.0,0.0,8.0
5.50958904109589,0.07508282080447663,3.172632558897467e-87,0.9249171791955225,10000,20,0.0,0.0,8.0
5.510958904109589,0.07510092076786576,3.0836473265715034e-87,0.9248990792321334,10000,20,0.0,0.0,8.0
5.512328767123288,0.07511902037705162,2.9971888530996173e-87,0.9248809796229476,10000,20,0.0,0.0,8.0
5.513698630136986,0.07513711963204116,2.913184534285803e-87,0.924862880367958,10000,20,0.0,0.0,8.0
5.515068493150685,0.07515521853284132,2.8315638761725215e-87,0.9248447814671579,10000,20,0.0,0.0,8.0
5.516438356164383,0.07517331707945901,2.7522584330244388e-87,0.9248266829205402,10000,20,0.0,0.0,8.0
5.517808219178082,0.0751914152719012,2.675201747153826e-87,0.924808584728098,10000,20,0.0,0.0,8.0
5.519178082191781,0.07520951311017476,2.6003292905336297e-87,0.9247904868898245,10000,20,0.0,0.0,8.0
5.52054794520548,0.07522761059428668,2.527578408143004e-87,0.9247723894057126,10000,20,0.0,0.0,8.0
5.521917808219178,0.07524570772424384,2.4568882629949105e-87,0.9247542922757555,10000,20,0.0,0.0,8.0
5.523287671232877,0.07526380450005321,2.388199782793824e-87,0.9247361954999461,10000,20,0.0,0.0,8.0
5.524657534246575,0.0752819009217217,2.3214556081761555e-87,0.9247180990782776,10000,20,0.0,0.0,8.0
5.526027397260274,0.07529999698925623,2.256600042484569e-87,0.9247000030107431,10000,20,0.0,0.0,8.0
5.527397260273973,0.07531809270266376,2.193579003031345e-87,0.9246819072973356,10000,20,0.0,0.0,8.0
5.528767123287671,0.07533618806195119,2.1323399738057396e-87,0.9246638119380481,10000,20,0.0,0.0,8.0
5.53013698630137,0.07535428306712548,2.0728319595817257e-87,0.9246457169328739,10000,20,0.0,0.0,8.0
5.531506849315068,0.07537237771819354,2.015005441385192e-87,0.9246276222818058,10000,20,0.0,0.0,8.0
5.532876712328767,0.0753904720151623,1.9588123332787136e-87,0.9246095279848371,10000,20,0.0,0.0,8.0
5.534246575342466,0.0754085659580387,1.9042059404257037e-87,0.9245914340419606,10000,20,0.0,0.0,8.0
5.535616438356165,0.07542665954682967,1.851140918394503e-87,0.9245733404531696,10000,20,0.0,0.0,8.0
5.536986301369863,0.07544475278154211,1.7995732336664971e-87,0.9245552472184572,10000,20,0.0,0.0,8.0
5.538356164383561,0.07546284566218298,1.7494601253111919e-87,0.9245371543378162,10000,20,0.0,0.0,8.0
5.53972602739726,0.0754809381887592,1.700760067794251e-87,0.92451906181124,10000,20,0.0,0.0,8.0
5.541095890410959,0.0754990303612777,1.6534327348843012e-87,0.9245009696387215,10000,20,0.0,0.0,8.0
5.542465753424658,0.07551712217974542,1.6074389646254102e-87,0.9244828778202538,10000,20,0.0,0.0,8.0
5.543835616438356,0.07553521364416926,1.5627407253441947e-87,0.92446478635583,10000,20,0.0,0.0,8.0
5.545205479452055,0.07555330475455618,1.5193010826597547e-87,0.9244466952454431,10000,20,0.0,0.0,8.0
5.546575342465753,0.07557139551091308,1.477084167467466e-87,0.9244286044890861,10000,20,0.0,0.0,8.0
5.5479452054794525,0.0755894859132469,1.436055144866674e-87,0.9244105140867523,10000,20,0.0,0.0,8.0
5.549315068493151,0.07560757596156457,1.396180184005047e-87,0.9243924240384347,10000,20,0.0,0.0,8.0
5.550684931506849,0.07562566565587302,1.3574264288114303e-87,0.9243743343441262,10000,20,0.0,0.0,8.0
5.552054794520548,0.07564375499617917,1.3197619695914043e-87,0.9243562450038201,10000,20,0.0,0.0,8.0
5.553424657534246,0.07566184398248996,1.2831558154595746e-87,0.9243381560175093,10000,20,0.0,0.0,8.0
5.554794520547945,0.0756799326148123,1.2475778675834614e-87,0.924320067385187,10000,20,0.0,0.0,8.0
5.556164383561644,0.07569802089315313,1.2129988932154244e-87,0.9243019791068462,10000,20,0.0,0.0,8.0
5.557534246575343,0.07571610881751938,1.1793905004884534e-87,0.9242838911824799,10000,20,0.0,0.0,8.0
5.558904109589041,0.07573419638791795,1.1467251139538346e-87,0.9242658036120813,10000,20,0.0,0.0,8.0
5.56027397260274,0.07575228360435582,1.1149759508379275e-87,0.9242477163956435,10000,20,0.0,0.0,8.0
5.561643835616438,0.07577037046683986,1.084116997997363e-87,0.9242296295331595,10000,20,0.0,0.0,8.0
5.563013698630137,0.07578845697537703,1.0541229895512647e-87,0.9242115430246223,10000,20,0.0,0.0,8.0
5.564383561643836,0.07580654312997426,1.0249693851708938e-87,0.9241934568700251,10000,20,0.0,0.0,8.0
5.565753424657534,0.07582462893063845,9.966323490069854e-88,0.9241753710693609,10000,20,0.0,0.0,8.0
5.567123287671233,0.07584271437737654,9.690887292356678e-88,0.9241572856226228,10000,20,0.0,0.0,8.0
5.568493150684931,0.07586079947019544,9.423160382050661e-88,0.9241392005298039,10000,20,0.0,0.0,8.0
5.5698630136986305,0.07587888420910212,9.162924331642096e-88,0.9241211157908973,10000,20,0.0,0.0,8.0
5.571232876712329,0.07589696859410346,8.90996697557536e-88,0.9241030314058959,10000,20,0.0,0.0,8.0
5.572602739726028,0.07591505262520641,8.66408222867677e-88,0.924084947374793,10000,20,0.0,0.0,8.0
5.573972602739726,0.07593313630241788,8.425069909908052e-88,0.9240668636975815,10000,20,0.0,0.0,8.0
5.575342465753424,0.07595121962574482,8.192735571282615e-88,0.9240487803742545,10000,20,0.0,0.0,8.0
5.576712328767123,0.07596930259519415,7.966890331795697e-88,0.9240306974048053,10000,20,0.0,0.0,8.0
5.578082191780822,0.07598738521077276,7.747350716218264e-88,0.9240126147892267,10000,20,0.0,0.0,8.0
5.579452054794521,0.07600546747248763,7.533938498609315e-88,0.9239945325275118,10000,20,0.0,0.0,8.0
5.580821917808219,0.07602354938034563,7.326480550410534e-88,0.9239764506196538,10000,20,0.0,0.0,8.0
5.582191780821918,0.07604163093435372,7.124808692983377e-88,0.9239583690656458,10000,20,0.0,0.0,8.0
5.583561643835616,0.0760597121345188,6.928759554461588e-88,0.9239402878654807,10000,20,0.0,0.0,8.0
5.5849315068493155,0.07607779298084782,6.738174430787306e-88,0.9239222070191516,10000,20,0.0,0.0,8.0
5.586301369863014,0.07609587347334769,6.552899150811269e-88,0.9239041265266518,10000,20,0.0,0.0,8.0
5.587671232876712,0.07611395361202533,6.37278394533312e-88,0.9238860463879741,10000,20,0.0,0.0,8.0
5.589041095890411,0.07613203339688769,6.197683319968551e-88,0.9238679666031118,10000,20,0.0,0.0,8.0
5.590410958904109,0.07615011282794167,6.027455931728996e-88,0.9238498871720578,10000,20,0.0,0.0,8.0
5.5917808219178085,0.0761681919051942,5.861964469203259e-88,0.9238318080948054,10000,20,0.0,0.0,8.0
5.593150684931507,0.07618627062865219,5.701075536237507e-88,0.9238137293713474,10000,20,0.0,0.0,8.0
5.594520547945206,0.07620434899832258,5.544659539007103e-88,0.923795651001677,10000,20,0.0,0.0,8.0
5.595890410958904,0.0762224270142123,5.392590576383617e-88,0.9237775729857873,10000,20,0.0,0.0,8.0
5.597260273972603,0.07624050467632826,5.24474633349659e-88,0.9237594953236714,10000,20,0.0,0.0,8.0
5.598630136986301,0.07625858198467737,5.10100797839912e-88,0.9237414180153223,10000,20,0.0,0.0,8.0
5.6,0.07627665893926658,4.961260061742765e-88,0.9237233410607331,10000,20,0.0,0.0,8.0
5.601369863013699,0.0762947355401028,4.8253904193755783e-88,0.9237052644598969,10000,20,0.0,0.0,8.0
5.602739726027397,0.07631281178719294,4.693290077776193e-88,0.9236871882128067,10000,20,0.0,0.0,8.0
5.604109589041096,0.07633088768054395,4.5648531622396716e-88,0.9236691123194557,10000,20,0.0,0.0,8.0
5.605479452054794,0.07634896322016274,4.4399768077362863e-88,0.923651036779837,10000,20,0.0,0.0,8.0
5.6068493150684935,0.07636703840605624,4.3185610723620025e-88,0.9236329615939435,10000,20,0.0,0.0,8.0
5.608219178082192,0.07638511323823136,4.2005088533070795e-88,0.9236148867617684,10000,20,0.0,0.0,8.0
5.609589041095891,0.07640318771669502,4.085725805266215e-88,0.9235968122833047,10000,20,0.0,0.0,8.0
5.610958904109589,0.07642126184145415,3.974120261220969e-88,0.9235787381585456,10000,20,0.0,0.0,8.0
5.612328767123287,0.07643933561251566,3.865603155522435e-88,0.9235606643874841,10000,20,0.0,0.0,8.0
5.6136986301369864,0.0764574090298865,3.760087949208466e-88,0.9235425909701133,10000,20,0.0,0.0,8.0
5.615068493150685,0.07647548209357355,3.6574905574890843e-88,0.9235245179064262,10000,20,0.0,0.0,8.0
5.616438356164384,0.07649355480358377,3.5577292793358094e-88,0.923506445196416,10000,20,0.0,0.0,8.0
5.617808219178082,0.07651162715992406,3.460724729114825e-88,0.9234883728400757,10000,20,0.0,0.0,8.0
5.619178082191781,0.07652969916260136,3.3663997702020233e-88,0.9234703008373983,10000,20,0.0,0.0,8.0
5.620547945205479,0.07654777081162255,3.2746794505238493e-88,0.9234522291883771,10000,20,0.0,0.0,8.0
5.6219178082191785,0.07656584210699459,3.18549093996552e-88,0.9234341578930051,10000,20,0.0,0.0,8.0
5.623287671232877,0.07658391304872438,3.098763469593824e-88,0.9234160869512753,10000,20,0.0,0.0,8.0
5.624657534246575,0.07660198363681885,3.014428272639533e-88,0.9233980163631809,10000,20,0.0,0.0,8.0
5.626027397260274,0.07662005387128493,2.932418527189342e-88,0.9233799461287148,10000,20,0.0,0.0,8.0
5.627397260273972,0.07663812375212951,2.852669300536693e-88,0.9233618762478701,10000,20,0.0,0.0,8.0
5.6287671232876715,0.07665619327935956,2.7751174951424514e-88,0.9233438067206401,10000,20,0.0,0.0,8.0
5.63013698630137,0.07667426245298195,2.6997017961596136e-88,0.9233257375470177,10000,20,0.0,0.0,8.0
5.631506849315069,0.07669233127300364,2.6263626204747394e-88,0.9233076687269961,10000,20,0.0,0.0,8.0
5.632876712328767,0.0767103997394315,2.5550420672233496e-88,0.9232896002605683,10000,20,0.0,0.0,8.0
5.634246575342466,0.0767284678522725,2.4856838697346638e-88,0.9232715321477273,10000,20,0.0,0.0,8.0
5.635616438356164,0.07674653561153352,2.41823334886542e-88,0.9232534643884662,10000,20,0.0,0.0,8.0
5.636986301369863,0.0767646030172215,2.3526373676807866e-88,0.9232353969827782,10000,20,0.0,0.0,8.0
5.638356164383562,0.07678267006934338,2.2888442874441588e-88,0.9232173299306564,10000,20,0.0,0.0,8.0
5.63972602739726,0.07680073676790602,2.2268039248771657e-88,0.9231992632320938,10000,20,0.0,0.0,8.0
5.641095890410959,0.0768188031129164,2.166467510652443e-88,0.9231811968870834,10000,20,0.0,0.0,8.0
5.642465753424657,0.07683686910438141,2.1077876490842082e-88,0.9231631308956184,10000,20,0.0,0.0,8.0
5.6438356164383565,0.07685493474230798,2.0507182789804867e-88,0.9231450652576918,10000,20,0.0,0.0,8.0
5.645205479452055,0.076873000026703,1.9952146356243566e-88,0.9231269999732967,10000,20,0.0,0.0,8.0
5.646575342465754,0.07689106495757342,1.941233213850109e-88,0.9231089350424263,10000,20,0.0,0.0,8.0
5.647945205479452,0.07690912953492614,1.8887317321835931e-88,0.9230908704650735,10000,20,0.0,0.0,8.0
5.64931506849315,0.07692719375876808,1.837669098014653e-88,0.9230728062412316,10000,20,0.0,0.0,8.0
5.6506849315068495,0.07694525762910619,1.788005373772477e-88,0.9230547423708935,10000,20,0.0,0.0,8.0
5.652054794520548,0.07696332114594734,1.739701744074316e-88,0.9230366788540523,10000,20,0.0,0.0,8.0
5.653424657534247,0.07698138430929848,1.6927204838189393e-88,0.9230186156907011,10000,20,0.0,0.0,8.0
5.654794520547945,0.0769994471191665,1.64702492719814e-88,0.923000552880833,10000,20,0.0,0.0,8.0
5.656164383561644,0.07701750957555835,1.6025794375986343e-88,0.9229824904244412,10000,20,0.0,0.0,8.0
5.657534246575342,0.07703557167848092,1.5593493783694344e-88,0.9229644283215187,10000,20,0.0,0.0,8.0
5.6589041095890416,0.07705363342794115,1.517301084428615e-88,0.9229463665720585,10000,20,0.0,0.0,8.0
5.66027397260274,0.07707169482394594,1.4764018346859946e-88,0.9229283051760537,10000,20,0.0,0.0,8.0
5.661643835616438,0.0770897558665022,1.43661982525718e-88,0.9229102441334974,10000,20,0.0,0.0,8.0
5.663013698630137,0.07710781655561687,1.3979241434466855e-88,0.9228921834443827,10000,20,0.0,0.0,8.0
5.664383561643835,0.07712587689129684,1.36028474247752e-88,0.9228741231087028,10000,20,0.0,0.0,8.0
5.6657534246575345,0.07714393687354906,1.3236724169453583e-88,0.9228560631264505,10000,20,0.0,0.0,8.0
5.667123287671233,0.07716199650238043,1.2880587789768842e-88,0.9228380034976191,10000,20,0.0,0.0,8.0
5.668493150684932,0.07718005577779785,1.2534162350711489e-88,0.9228199442222017,10000,20,0.0,0.0,8.0
5.66986301369863,0.07719811469980825,1.2197179636048976e-88,0.9228018853001912,10000,20,0.0,0.0,8.0
5.671232876712329,0.07721617326841856,1.1869378929818952e-88,0.922783826731581,10000,20,0.0,0.0,8.0
5.6726027397260275,0.07723423148363567,1.155050680408308e-88,0.9227657685163639,10000,20,0.0,0.0,8.0
5.673972602739726,0.0772522893454665,1.1240316912753451e-88,0.9227477106545331,10000,20,0.0,0.0,8.0
5.675342465753425,0.077270346853918,1.093856979132111e-88,0.9227296531460816,10000,20,0.0,0.0,8.0
5.676712328767123,0.07728840400899703,1.0645032662313721e-88,0.9227115959910025,10000,20,0.0,0.0,8.0
5.678082191780822,0.07730646081071055,1.0359479246314826e-88,0.922693539189289,10000,20,0.0,0.0,8.0
5.67945205479452,0.07732451725906545,1.0081689578388581e-88,0.922675482740934,10000,20,0.0,0.0,8.0
5.6808219178082195,0.07734257335406866,9.811449829747937e-89,0.9226574266459309,10000,20,0.0,0.0,8.0
5.682191780821918,0.07736062909572708,9.54855213452054e-89,0.9226393709042724,10000,20,0.0,0.0,8.0
5.683561643835617,0.07737868448404765,9.292794421459418e-89,0.9226213155159518,10000,20,0.0,0.0,8.0
5.684931506849315,0.07739673951903725,9.043980250461166e-89,0.9226032604809622,10000,20,0.0,0.0,8.0
5.686301369863013,0.07741479420070281,8.801918653747587e-89,0.9225852057992966,10000,20,0.0,0.0,8.0
5.6876712328767125,0.07743284852905126,8.56642398158038e-89,0.9225671514709481,10000,20,0.0,0.0,8.0
5.689041095890411,0.0774509025040895,8.337315752376335e-89,0.92254909749591,10000,20,0.0,0.0,8.0
5.69041095890411,0.07746895612582444,8.114418507094699e-89,0.9225310438741751,10000,20,0.0,0.0,8.0
5.691780821917808,0.07748700939426299,7.897561667777222e-89,0.9225129906057365,10000,20,0.0,0.0,8.0
5.693150684931507,0.07750506230941209,7.686579400116671e-89,0.9224949376905874,10000,20,0.0,0.0,8.0
5.6945205479452055,0.07752311487127862,7.481310479942275e-89,0.922476885128721,10000,20,0.0,0.0,8.0
5.695890410958905,0.07754116707986954,7.281598163504828e-89,0.9224588329201301,10000,20,0.0,0.0,8.0
5.697260273972603,0.0775592189351917,7.087290061456368e-89,0.9224407810648079,10000,20,0.0,0.0,8.0
5.698630136986301,0.07757727043725206,6.898238016413974e-89,0.9224227295627475,10000,20,0.0,0.0,8.0
5.7,0.07759532158605752,6.714297984007797e-89,0.922404678413942,10000,20,0.0,0.0,8.0
5.701369863013698,0.07761337238161498,6.535329917311732e-89,0.9223866276183845,10000,20,0.0,0.0,8.0
5.7027397260273975,0.07763142282393137,6.361197654558345e-89,0.9223685771760681,10000,20,0.0,0.0,8.0
5.704109589041096,0.0776494729130136,6.1917688100465186e-89,0.922350527086986,10000,20,0.0,0.0,8.0
5.705479452054795,0.0776675226488686,6.026914668146524e-89,0.922332477351131,10000,20,0.0,0.0,8.0
5.706849315068493,0.07768557203150324,5.8665100803170804e-89,0.9223144279684964,10000,20,0.0,0.0,8.0
5.708219178082192,0.07770362106092446,5.710433365044431e-89,0.9222963789390751,10000,20,0.0,0.0,8.0
5.7095890410958905,0.07772166973713916,5.558566210622902e-89,0.9222783302628604,10000,20,0.0,0.0,8.0
5.710958904109589,0.07773971806015427,5.410793580692202e-89,0.9222602819398453,10000,20,0.0,0.0,8.0
5.712328767123288,0.0777577660299767,5.267003622454894e-89,0.9222422339700229,10000,20,0.0,0.0,8.0
5.713698630136986,0.07777581364661333,5.127087577496106e-89,0.9222241863533863,10000,20,0.0,0.0,8.0
5.715068493150685,0.07779386091007111,4.9909396951299946e-89,0.9222061390899285,10000,20,0.0,0.0,8.0
5.7164383561643834,0.07781190782035692,4.8584571482027876e-89,0.9221880921796427,10000,20,0.0,0.0,8.0
5.717808219178083,0.07782995437747771,4.729539951279247e-89,0.9221700456225219,10000,20,0.0,0.0,8.0
5.719178082191781,0.07784800058144034,4.604090881147053e-89,0.9221519994185593,10000,20,0.0,0.0,8.0
5.72054794520548,0.07786604643225177,4.482015399570016e-89,0.9221339535677479,10000,20,0.0,0.0,8.0
5.721917808219178,0.07788409192991888,4.36322157822838e-89,0.9221159080700807,10000,20,0.0,0.0,8.0
5.723287671232876,0.07790213707444858,4.247620025781127e-89,0.922097862925551,10000,20,0.0,0.0,8.0
5.7246575342465755,0.07792018186584782,4.135123816991549e-89,0.9220798181341517,10000,20,0.0,0.0,8.0
5.726027397260274,0.07793822630412346,4.0256484238562644e-89,0.922061773695876,10000,20,0.0,0.0,8.0
5.727397260273973,0.07795627038928245,3.919111648679711e-89,0.922043729610717,10000,20,0.0,0.0,8.0
5.728767123287671,0.07797431412133167,3.815433559040281e-89,0.9220256858786678,10000,20,0.0,0.0,8.0
5.73013698630137,0.07799235750027805,3.7145364245918836e-89,0.9220076424997214,10000,20,0.0,0.0,8.0
5.7315068493150685,0.07801040052612848,3.6163446556506884e-89,0.921989599473871,10000,20,0.0,0.0,8.0
5.732876712328768,0.0780284431988899,3.520784743513955e-89,0.9219715568011096,10000,20,0.0,0.0,8.0
5.734246575342466,0.07804648551856919,3.427785202463565e-89,0.9219535144814304,10000,20,0.0,0.0,8.0
5.735616438356164,0.07806452748517327,3.337276513404241e-89,0.9219354725148263,10000,20,0.0,0.0,8.0
5.736986301369863,0.07808256909870906,3.249191069091363e-89,0.9219174309012905,10000,20,0.0,0.0,8.0
5.738356164383561,0.07810061035918345,3.163463120902414e-89,0.9218993896408161,10000,20,0.0,0.0,8.0
5.739726027397261,0.07811865126660338,3.080028727107517e-89,0.9218813487333961,10000,20,0.0,0.0,8.0
5.741095890410959,0.07813669182097571,2.998825702597728e-89,0.9218633081790237,10000,20,0.0,0.0,8.0
5.742465753424658,0.0781547320223074,2.919793570027855e-89,0.9218452679776921,10000,20,0.0,0.0,8.0
5.743835616438356,0.07817277187060533,2.8428735123352313e-89,0.9218272281293941,10000,20,0.0,0.0,8.0
5.745205479452054,0.0781908113658764,2.768008326593651e-89,0.921809188634123,10000,20,0.0,0.0,8.0
5.7465753424657535,0.07820885050812755,2.695142379165752e-89,0.9217911494918718,10000,20,0.0,0.0,8.0
5.747945205479452,0.07822688929736567,2.6242215621163687e-89,0.9217731107026337,10000,20,0.0,0.0,8.0
5.749315068493151,0.07824492773359767,2.555193250850555e-89,0.9217550722664016,10000,20,0.0,0.0,8.0
5.750684931506849,0.07826296581683045,2.4880062629425962e-89,0.9217370341831689,10000,20,0.0,0.0,8.0
5.752054794520548,0.07828100354707095,2.42261081812076e-89,0.9217189964529284,10000,20,0.0,0.0,8.0
5.7534246575342465,0.07829904092432603,2.358958499376354e-89,0.9217009590756734,10000,20,0.0,0.0,8.0
5.754794520547946,0.07831707794860264,2.297002215163785e-89,0.9216829220513968,10000,20,0.0,0.0,8.0
5.756164383561644,0.07833511461990765,2.2366961626619717e-89,0.9216648853800917,10000,20,0.0,0.0,8.0
5.757534246575342,0.07835315093824799,2.1779957920657226e-89,0.9216468490617514,10000,20,0.0,0.0,8.0
5.758904109589041,0.07837118690363057,2.120857771878855e-89,0.9216288130963688,10000,20,0.0,0.0,8.0
5.760273972602739,0.07838922251606228,2.065239955180222e-89,0.921610777483937,10000,20,0.0,0.0,8.0
5.761643835616439,0.07840725777555006,2.011101346834712e-89,0.9215927422244493,10000,20,0.0,0.0,8.0
5.763013698630137,0.07842529268210077,1.9584020716233285e-89,0.9215747073178986,10000,20,0.0,0.0,8.0
5.764383561643836,0.07844332723572137,1.9071033432652073e-89,0.921556672764278,10000,20,0.0,0.0,8.0
5.765753424657534,0.07846136143641871,1.8571674343074054e-89,0.9215386385635806,10000,20,0.0,0.0,8.0
5.767123287671233,0.07847939528419974,1.808557646856809e-89,0.9215206047157997,10000,20,0.0,0.0,8.0
5.7684931506849315,0.07849742877907134,1.7612382841313683e-89,0.921502571220928,10000,20,0.0,0.0,8.0
5.76986301369863,0.07851546192104043,1.715174622806476e-89,0.9214845380789589,10000,20,0.0,0.0,8.0
5.771232876712329,0.07853349471011392,1.6703328861347826e-89,0.9214665052898854,10000,20,0.0,0.0,8.0
5.772602739726027,0.0785515271462987,1.6266802178172452e-89,0.9214484728537006,10000,20,0.0,0.0,8.0
5.773972602739726,0.0785695592296017,1.5841846566038985e-89,0.9214304407703976,10000,20,0.0,0.0,8.0
5.7753424657534245,0.07858759096002979,1.542815111604426e-89,0.9214124090399695,10000,20,0.0,0.0,8.0
5.776712328767124,0.07860562233758991,1.5025413382876125e-89,0.9213943776624094,10000,20,0.0,0.0,8.0
5.778082191780822,0.07862365336228894,1.4633339151510898e-89,0.9213763466377104,10000,20,0.0,0.0,8.0
5.779452054794521,0.07864168403413381,1.4251642210415991e-89,0.9213583159658655,10000,20,0.0,0.0,8.0
5.780821917808219,0.07865971435313139,1.3880044131082341e-89,0.9213402856468679,10000,20,0.0,0.0,8.0
5.782191780821917,0.07867774431928862,1.3518274053700202e-89,0.9213222556807107,10000,20,0.0,0.0,8.0
5.7835616438356166,0.0786957739326124,1.3166068478811229e-89,0.9213042260673869,10000,20,0.0,0.0,8.0
5.784931506849315,0.07871380319310961,1.2823171064765714e-89,0.9212861968068897,10000,20,0.0,0.0,8.0
5.786301369863014,0.07873183210078719,1.2489332430819235e-89,0.9212681678992122,10000,20,0.0,0.0,8.0
5.787671232876712,0.078749860655652,1.2164309965715294e-89,0.9212501393443474,10000,20,0.0,0.0,8.0
5.789041095890411,0.07876788885771098,1.1847867641592617e-89,0.9212321111422884,10000,20,0.0,0.0,8.0
5.7904109589041095,0.07878591670697102,1.1539775833074015e-89,0.9212140832930283,10000,20,0.0,0.0,8.0
5.791780821917809,0.07880394420343904,1.1239811141384222e-89,0.9211960557965603,10000,20,0.0,0.0,8.0
5.793150684931507,0.07882197134712192,1.09477562233617e-89,0.9211780286528773,10000,20,0.0,0.0,8.0
5.794520547945205,0.07883999813802657,1.0663399625220552e-89,0.9211600018619727,10000,20,0.0,0.0,8.0
5.795890410958904,0.07885802457615991,1.0386535620933843e-89,0.9211419754238394,10000,20,0.0,0.0,8.0
5.7972602739726025,0.07887605066152882,1.0116964055106349e-89,0.9211239493384704,10000,20,0.0,0.0,8.0
5.798630136986302,0.07889407639414023,9.85449019020889e-90,0.921105923605859,10000,20,0.0,0.0,8.0
5.8,0.07891210177400101,9.59892455805605e-90,0.9210878982259981,10000,20,0.0,0.0,8.0
5.801369863013699,0.0789301268011181,9.35008281540275e-90,0.921069873198881,10000,20,0.0,0.0,8.0
5.802739726027397,0.07894815147549838,9.107785603549397e-90,0.9210518485245007,10000,20,0.0,0.0,8.0
5.804109589041096,0.07896617579714876,8.871858411837852e-90,0.9210338242028503,10000,20,0.0,0.0,8.0
5.8054794520547945,0.07898419976607614,8.64213144493415e-90,0.9210158002339229,10000,20,0.0,0.0,8.0
5.806849315068493,0.0790022233822874,8.418439493786885e-90,0.9209977766177116,10000,20,0.0,0.0,8.0
5.808219178082192,0.0790202466457895,8.200621810162081e-90,0.9209797533542096,10000,20,0.0,0.0,8.0
5.80958904109589,0.07903826955658928,7.98852198465263e-90,0.9209617304434098,10000,20,0.0,0.0,8.0
5.810958904109589,0.07905629211469369,7.781987828063686e-90,0.9209437078853053,10000,20,0.0,0.0,8.0
5.8123287671232875,0.0790743143201096,7.58087125608279e-90,0.9209256856798894,10000,20,0.0,0.0,8.0
5.813698630136987,0.07909233617284393,7.385028177138612e-90,0.920907663827155,10000,20,0.0,0.0,8.0
5.815068493150685,0.07911035767290357,7.194318383363216e-90,0.9208896423270955,10000,20,0.0,0.0,8.0
5.816438356164384,0.07912837882029544,7.008605444566897e-90,0.9208716211797036,10000,20,0.0,0.0,8.0
5.817808219178082,0.07914639961502641,6.827756605145318e-90,0.9208536003849725,10000,20,0.0,0.0,8.0
5.8191780821917805,0.0791644200571034,6.651642683833133e-90,0.9208355799428956,10000,20,0.0,0.0,8.0
5.82054794520548,0.07918244014653333,6.480137976227536e-90,0.9208175598534656,10000,20,0.0,0.0,8.0
5.821917808219178,0.07920045988332307,6.313120160003063e-90,0.9207995401166759,10000,20,0.0,0.0,8.0
5.823287671232877,0.07921847926747953,6.150470202741426e-90,0.9207815207325194,10000,20,0.0,0.0,8.0
5.824657534246575,0.07923649829900961,5.992072272306027e-90,0.9207635017009893,10000,20,0.0,0.0,8.0
5.826027397260274,0.07925451697792023,5.8378136496868e-90,0.9207454830220787,10000,20,0.0,0.0,8.0
5.8273972602739725,0.07927253530421825,5.687584644249761e-90,0.9207274646957807,10000,20,0.0,0.0,8.0
5.828767123287672,0.07929055327791062,5.541278511320922e-90,0.9207094467220883,10000,20,0.0,0.0,8.0
5.83013698630137,0.0793085708990042,5.3987913720426094e-90,0.9206914291009948,10000,20,0.0,0.0,8.0
5.831506849315068,0.0793265881675059,5.260022135435844e-90,0.9206734118324931,10000,20,0.0,0.0,8.0
5.832876712328767,0.07934460508342264,5.124872422609651e-90,0.9206553949165763,10000,20,0.0,0.0,8.0
5.8342465753424655,0.07936262164676129,4.993246493056507e-90,0.9206373783532377,10000,20,0.0,0.0,8.0
5.835616438356165,0.07938063785752879,4.8650511729749745e-90,0.9206193621424702,10000,20,0.0,0.0,8.0
5.836986301369863,0.07939865371573199,4.740195785565218e-90,0.920601346284267,10000,20,0.0,0.0,8.0
5.838356164383562,0.07941666922137783,4.618592083239864e-90,0.9205833307786212,10000,20,0.0,0.0,8.0
5.83972602739726,0.07943468437447318,4.500154181699531e-90,0.9205653156255259,10000,20,0.0,0.0,8.0
5.841095890410959,0.07945269917502497,4.384798495818601e-90,0.9205473008249742,10000,20,0.0,0.0,8.0
5.842465753424658,0.07947071362304006,4.272443677293373e-90,0.9205292863769591,10000,20,0.0,0.0,8.0
5.843835616438356,0.07948872771852537,4.163010554001257e-90,0.9205112722814738,10000,20,0.0,0.0,8.0
5.845205479452055,0.07950674146148781,4.056422071025323e-90,0.9204932585385114,10000,20,0.0,0.0,8.0
5.846575342465753,0.07952475485193426,3.952603233297157e-90,0.9204752451480649,10000,20,0.0,0.0,8.0
5.847945205479452,0.07954276788987164,3.8514810498124492e-90,0.9204572321101275,10000,20,0.0,0.0,8.0
5.8493150684931505,0.07956078057530681,3.7529844793773084e-90,0.9204392194246923,10000,20,0.0,0.0,8.0
5.85068493150685,0.07957879290824672,3.6570443778407795e-90,0.9204212070917525,10000,20,0.0,0.0,8.0
5.852054794520548,0.07959680488869823,3.5635934467743904e-90,0.920403195111301,10000,20,0.0,0.0,8.0
5.853424657534247,0.07961481651666825,3.4725661835565788e-90,0.920385183483331,10000,20,0.0,0.0,8.0
5.854794520547945,0.07963282779216367,3.3838988328250105e-90,0.9203671722078356,10000,20,0.0,0.0,8.0
5.8561643835616435,0.0796508387151914,3.2975293392570172e-90,0.9203491612848078,10000,20,0.0,0.0,8.0
5.857534246575343,0.07966884928575833,3.2133973016428313e-90,0.9203311507142409,10000,20,0.0,0.0,8.0
5.858904109589041,0.07968685950387136,3.1314439282151987e-90,0.9203131404961279,10000,20,0.0,0.0,8.0
5.86027397260274,0.0797048693695374,3.0516119932000674e-90,0.9202951306304619,10000,20,0.0,0.0,8.0
5.861643835616438,0.07972287888276332,2.973845794555883e-90,0.9202771211172359,10000,20,0.0,0.0,8.0
5.863013698630137,0.07974088804355603,2.8980911128669727e-90,0.9202591119564432,10000,20,0.0,0.0,8.0
5.864383561643836,0.07975889685192242,2.8242951713607347e-90,0.9202411031480767,10000,20,0.0,0.0,8.0
5.865753424657535,0.0797769053078694,2.752406597015957e-90,0.9202230946921297,10000,20,0.0,0.0,8.0
5.867123287671233,0.07979491341140386,2.6823753827336624e-90,0.9202050865885952,10000,20,0.0,0.0,8.0
5.868493150684931,0.0798129211625327,2.614152850539642e-90,0.9201870788374664,10000,20,0.0,0.0,8.0
5.86986301369863,0.07983092856126282,2.5476916157913534e-90,0.9201690714387363,10000,20,0.0,0.0,8.0
5.8712328767123285,0.0798489356076011,2.4829455523609563e-90,0.920151064392398,10000,20,0.0,0.0,8.0
5.872602739726028,0.07986694230155446,2.4198697587671414e-90,0.9201330576984447,10000,20,0.0,0.0,8.0
5.873972602739726,0.07988494864312977,2.3584205252306115e-90,0.9201150513568693,10000,20,0.0,0.0,8.0
5.875342465753425,0.07990295463233395,2.2985553016264555e-90,0.9200970453676651,10000,20,0.0,0.0,8.0
5.876712328767123,0.07992096026917386,2.240232666309969e-90,0.9200790397308252,10000,20,0.0,0.0,8.0
5.878082191780822,0.07993896555365644,2.1834122957905853e-90,0.9200610344463426,10000,20,0.0,0.0,8.0
5.879452054794521,0.07995697048578855,2.1280549352317636e-90,0.9200430295142105,10000,20,0.0,0.0,8.0
5.880821917808219,0.0799749750655771,2.07412236975293e-90,0.920025024934422,10000,20,0.0,0.0,8.0
5.882191780821918,0.079992979293029,2.0215773965122895e-90,0.92000702070697,10000,20,0.0,0.0,8.0
5.883561643835616,0.08001098316815111,1.9703837975486426e-90,0.919989016831848,10000,20,0.0,0.0,8.0
5.884931506849315,0.08002898669095036,1.9205063133609869e-90,0.9199710133090487,10000,20,0.0,0.0,8.0
5.8863013698630136,0.08004698986143362,1.8719106172064408e-90,0.9199530101385655,10000,20,0.0,0.0,8.0
5.887671232876713,0.08006499267960779,1.8245632900957123e-90,0.9199350073203912,10000,20,0.0,0.0,8.0
5.889041095890411,0.08008299514547976,1.7784317964679592e-90,0.9199170048545192,10000,20,0.0,0.0,8.0
5.89041095890411,0.08010099725905645,1.733484460525372e-90,0.9198990027409425,10000,20,0.0,0.0,8.0
5.891780821917808,0.08011899902034472,1.6896904432103192e-90,0.9198810009796542,10000,20,0.0,0.0,8.0
5.8931506849315065,0.08013700042935148,1.6470197198064904e-90,0.9198629995706474,10000,20,0.0,0.0,8.0
5.894520547945206,0.08015500148608365,1.6054430581476336e-90,0.9198449985139153,10000,20,0.0,0.0,8.0
5.895890410958904,0.08017300219054807,1.5649319974169062e-90,0.9198269978094509,10000,20,0.0,0.0,8.0
5.897260273972603,0.08019100254275167,1.5254588275203812e-90,0.9198089974572473,10000,20,0.0,0.0,8.0
5.898630136986301,0.08020900254270133,1.486996569019615e-90,0.9197909974572976,10000,20,0.0,0.0,8.0
5.9,0.08022700219040396,1.449518953607146e-90,0.919772997809595,10000,20,0.0,0.0,8.0
5.901369863013699,0.08024500148586643,1.413000405110846e-90,0.9197549985141326,10000,20,0.0,0.0,8.0
5.902739726027398,0.08026300042909565,1.3774160210118497e-90,0.9197369995709034,10000,20,0.0,0.0,8.0
5.904109589041096,0.0802809990200985,1.3427415544627577e-90,0.9197190009799006,10000,20,0.0,0.0,8.0
5.905479452054794,0.08029899725888189,1.3089533967916879e-90,0.9197010027411172,10000,20,0.0,0.0,8.0
5.906849315068493,0.08031699514545271,1.276028560479454e-90,0.9196830048545463,10000,20,0.0,0.0,8.0
5.9082191780821915,0.08033499267981783,1.2439446625966848e-90,0.9196650073201812,10000,20,0.0,0.0,8.0
5.909589041095891,0.08035298986198418,1.2126799086881012e-90,0.9196470101380149,10000,20,0.0,0.0,8.0
5.910958904109589,0.0803709866919586,1.182213077092243e-90,0.9196290133080405,10000,20,0.0,0.0,8.0
5.912328767123288,0.08038898316974805,1.152523503684104e-90,0.919611016830251,10000,20,0.0,0.0,8.0
5.913698630136986,0.08040697929535935,1.1235910670297608e-90,0.9195930207046398,10000,20,0.0,0.0,8.0
5.915068493150685,0.08042497506879945,1.0953961739411133e-90,0.9195750249311997,10000,20,0.0,0.0,8.0
5.916438356164384,0.0804429704900752,1.0679197454204208e-90,0.9195570295099239,10000,20,0.0,0.0,8.0
5.917808219178082,0.08046096555919352,1.0411432029834126e-90,0.9195390344408056,10000,20,0.0,0.0,8.0
5.919178082191781,0.08047896027616129,1.0150484553511045e-90,0.9195210397238379,10000,20,0.0,0.0,8.0
5.920547945205479,0.0804969546409854,9.896178855000665e-91,0.9195030453590138,10000,20,0.0,0.0,8.0
5.921917808219178,0.08051494865367274,9.648343380612135e-91,0.9194850513463265,10000,20,0.0,0.0,8.0
5.923287671232877,0.08053294231423021,9.406811070580236e-91,0.9194670576857691,10000,20,0.0,0.0,8.0
5.924657534246576,0.0805509356226647,9.171419239744319e-91,0.9194490643773346,10000,20,0.0,0.0,8.0
5.926027397260274,0.08056892857898308,8.942009461439245e-91,0.9194310714210162,10000,20,0.0,0.0,8.0
5.927397260273973,0.08058692118319227,8.718427454505897e-91,0.919413078816807,10000,20,0.0,0.0,8.0
5.928767123287671,0.08060491343529914,8.500522973341163e-91,0.9193950865647001,10000,20,0.0,0.0,8.0
5.9301369863013695,0.0806229053353106,8.288149700900075e-91,0.9193770946646886,10000,20,0.0,0.0,8.0
5.931506849315069,0.08064089688323352,8.081165144573434e-91,0.9193591031167657,10000,20,0.0,0.0,8.0
5.932876712328767,0.0806588880790748,7.879430534861201e-91,0.9193411119209245,10000,20,0.0,0.0,8.0
5.934246575342466,0.08067687892284134,7.682810726764377e-91,0.919323121077158,10000,20,0.0,0.0,8.0
5.935616438356164,0.08069486941454,7.491174103824763e-91,0.9193051305854593,10000,20,0.0,0.0,8.0
5.936986301369863,0.0807128595541777,7.304392484736623e-91,0.9192871404458216,10000,20,0.0,0.0,8.0
5.938356164383562,0.08073084934176131,7.122341032464469e-91,0.919269150658238,10000,20,0.0,0.0,8.0
5.939726027397261,0.08074883877729773,6.944898165794943e-91,0.9192511612227016,10000,20,0.0,0.0,8.0
5.941095890410959,0.08076682786079384,6.771945473260589e-91,0.9192331721392054,10000,20,0.0,0.0,8.0
5.942465753424657,0.08078481659225653,6.603367629367521e-91,0.9192151834077427,10000,20,0.0,0.0,8.0
5.943835616438356,0.08080280497169272,6.439052313067369e-91,0.9191971950283064,10000,20,0.0,0.0,8.0
5.945205479452055,0.08082079299910926,6.278890128411463e-91,0.91917920700089,10000,20,0.0,0.0,8.0
5.946575342465754,0.08083878067451306,6.122774527327108e-91,0.9191612193254861,10000,20,0.0,0.0,8.0
5.947945205479452,0.08085676799791099,5.970601734461034e-91,0.9191432320020881,10000,20,0.0,0.0,8.0
5.949315068493151,0.08087475496930996,5.822270674030841e-91,0.9191252450306892,10000,20,0.0,0.0,8.0
5.950684931506849,0.08089274158871683,5.677682898633288e-91,0.9191072584112823,10000,20,0.0,0.0,8.0
5.952054794520548,0.08091072785613852,5.536742519953313e-91,0.9190892721438606,10000,20,0.0,0.0,8.0
5.953424657534247,0.0809287137715819,5.399356141325406e-91,0.9190712862284173,10000,20,0.0,0.0,8.0
5.954794520547945,0.08094669933505386,5.265432792094334e-91,0.9190533006649453,10000,20,0.0,0.0,8.0
5.956164383561644,0.08096468454656129,5.134883863728863e-91,0.9190353154534379,10000,20,0.0,0.0,8.0
5.957534246575342,0.08098266940611108,5.007623047640136e-91,0.9190173305938881,10000,20,0.0,0.0,8.0
5.958904109589041,0.08100065391371013,4.883566274657847e-91,0.9189993460862891,10000,20,0.0,0.0,8.0
5.96027397260274,0.0810186380693653,4.762631656121491e-91,0.918981361930634,10000,20,0.0,0.0,8.0
5.961643835616439,0.08103662187308348,4.6447394265405457e-91,0.9189633781269158,10000,20,0.0,0.0,8.0
5.963013698630137,0.08105460532487158,4.529811887783782e-91,0.9189453946751277,10000,20,0.0,0.0,8.0
5.964383561643836,0.08107258842473647,4.417773354753952e-91,0.9189274115752628,10000,20,0.0,0.0,8.0
5.965753424657534,0.08109057117268503,4.308550102510198e-91,0.9189094288273142,10000,20,0.0,0.0,8.0
5.967123287671233,0.08110855356872416,4.202070314796863e-91,0.9188914464312751,10000,20,0.0,0.0,8.0
5.968493150684932,0.08112653561286076,4.098264033942592e-91,0.9188734643871385,10000,20,0.0,0.0,8.0
5.96986301369863,0.0811445173051017,3.997063112092057e-91,0.9188554826948976,10000,20,0.0,0.0,8.0
5.971232876712329,0.08116249864545386,3.8984011637337675e-91,0.9188375013545454,10000,20,0.0,0.0,8.0
5.972602739726027,0.08118047963392412,3.802213519490698e-91,0.9188195203660752,10000,20,0.0,0.0,8.0
5.973972602739726,0.0811984602705194,3.708437181137732e-91,0.9188015397294799,10000,20,0.0,0.0,8.0
5.975342465753425,0.08121644055524656,3.6170107778149233e-91,0.9187835594447528,10000,20,0.0,0.0,8.0
5.976712328767124,0.0812344204881125,3.5278745234024425e-91,0.9187655795118869,10000,20,0.0,0.0,8.0
5.978082191780822,0.08125240006912408,3.44097017502787e-91,0.9187475999308753,10000,20,0.0,0.0,8.0
5.97945205479452,0.0812703792982882,3.356240992673589e-91,0.9187296207017112,10000,20,0.0,0.0,8.0
5.980821917808219,0.08128835817561177,3.2736316998561526e-91,0.9187116418243876,10000,20,0.0,0.0,8.0
5.982191780821918,0.08130633670110163,3.193088445348226e-91,0.9186936632988977,10000,20,0.0,0.0,8.0
5.983561643835617,0.0813243148747647,3.114558765914604e-91,0.9186756851252346,10000,20,0.0,0.0,8.0
5.984931506849315,0.08134229269660785,3.037991550036381e-91,0.9186577073033915,10000,20,0.0,0.0,8.0
5.986301369863014,0.08136027016663798,2.9633370025951485e-91,0.9186397298333614,10000,20,0.0,0.0,8.0
5.987671232876712,0.08137824728486194,2.890546610493085e-91,0.9186217527151375,10000,20,0.0,0.0,8.0
5.9890410958904114,0.08139622405128666,2.819573109182259e-91,0.9186037759487128,10000,20,0.0,0.0,8.0
5.99041095890411,0.08141420046591899,2.7503704500803e-91,0.9185857995340805,10000,20,0.0,0.0,8.0
5.991780821917808,0.08143217652876582,2.6828937688472305e-91,0.9185678234712337,10000,20,0.0,0.0,8.0
5.993150684931507,0.08145015223983405,2.6170993545015464e-91,0.9185498477601655,10000,20,0.0,0.0,8.0
5.994520547945205,0.08146812759913055,2.552944619352578e-91,0.918531872400869,10000,20,0.0,0.0,8.0
5.995890410958904,0.08148610260666221,2.49038806972689e-91,0.9185138973933373,10000,20,0.0,0.0,8.0
5.997260273972603,0.0815040772624359,2.429389277468497e-91,0.9184959227375636,10000,20,0.0,0.0,8.0
5.998630136986302,0.08152205156645853,2.369908852190922e-91,0.918477948433541,10000,20,0.0,0.0,8.0
6.0,0.08154002551873696,2.3119084142622704e-91,0.9184599744812626,10000,20,0.0,0.0,8.0
6.001369863013698,0.08155799911927808,2.2553505685025056e-91,0.9184420008807215,10000,20,0.0,0.0,8.0
6.002739726027397,0.08157597236808879,2.2001988785748572e-91,0.9184240276319108,10000,20,0.0,0.0,8.0
6.004109589041096,0.08159394526517595,2.1464178420524173e-91,0.9184060547348236,10000,20,0.0,0.0,8.0
6.005479452054795,0.08161191781054647,2.0939728661415516e-91,0.9183880821894531,10000,20,0.0,0.0,8.0
6.006849315068493,0.0816298900042072,2.0428302440454616e-91,0.9183701099957924,10000,20,0.0,0.0,8.0
6.008219178082192,0.08164786184616504,1.992957131949744e-91,0.9183521381538345,10000,20,0.0,0.0,8.0
6.00958904109589,0.08166583333642687,1.944321526614424e-91,0.9183341666635727,10000,20,0.0,0.0,8.0
6.010958904109589,0.08168380447499957,1.8968922435552435e-91,0.918316195525,10000,20,0.0,0.0,8.0
6.012328767123288,0.08170177526189001,1.8506388957995066e-91,0.9182982247381095,10000,20,0.0,0.0,8.0
6.013698630136986,0.0817197456971051,1.8055318732002057e-91,0.9182802543028944,10000,20,0.0,0.0,8.0
6.015068493150685,0.08173771578065173,1.7615423222943208e-91,0.9182622842193477,10000,20,0.0,0.0,8.0
6.016438356164383,0.08175568551253673,1.7186421266904788e-91,0.9182443144874627,10000,20,0.0,0.0,8.0
6.017808219178082,0.08177365489276703,1.67680388797161e-91,0.9182263451072323,10000,20,0.0,0.0,8.0
6.019178082191781,0.08179162392134948,1.6360009070995897e-91,0.9182083760786499,10000,20,0.0,0.0,8.0
6.02054794520548,0.08180959259829099,1.5962071663076525e-91,0.9181904074017084,10000,20,0.0,0.0,8.0
6.021917808219178,0.08182756092359841,1.5573973114684692e-91,0.918172439076401,10000,20,0.0,0.0,8.0
6.023287671232877,0.08184552889727865,1.5195466349243967e-91,0.9181544711027207,10000,20,0.0,0.0,8.0
6.024657534246575,0.08186349651933858,1.4826310587684336e-91,0.9181365034806608,10000,20,0.0,0.0,8.0
6.026027397260274,0.08188146378978507,1.4466271185631314e-91,0.9181185362102143,10000,20,0.0,0.0,8.0
6.027397260273973,0.08189943070862503,1.4115119474864454e-91,0.9181005692913744,10000,20,0.0,0.0,8.0
6.028767123287671,0.0819173972758653,1.3772632608929332e-91,0.9180826027241341,10000,20,0.0,0.0,8.0
6.03013698630137,0.08193536349151281,1.34385934127906e-91,0.9180646365084866,10000,20,0.0,0.0,8.0
6.031506849315068,0.0819533293555744,1.3112790236424461e-91,0.918046670644425,10000,20,0.0,0.0,8.0
6.032876712328767,0.08197129486805696,1.2795016812239254e-91,0.9180287051319425,10000,20,0.0,0.0,8.0
6.034246575342466,0.08198926002896736,1.2485072116229474e-91,0.918010739971032,10000,20,0.0,0.0,8.0
6.035616438356165,0.08200722483831252,1.2182760232757633e-91,0.9179927751616869,10000,20,0.0,0.0,8.0
6.036986301369863,0.08202518929609928,1.1887890222874289e-91,0.9179748107039001,10000,20,0.0,0.0,8.0
6.038356164383561,0.08204315340233453,1.1600275996076385e-91,0.9179568465976649,10000,20,0.0,0.0,8.0
6.03972602739726,0.08206111715702517,1.1319736185417755e-91,0.9179388828429742,10000,20,0.0,0.0,8.0
6.041095890410959,0.08207908056017804,1.1046094025881022e-91,0.9179209194398213,10000,20,0.0,0.0,8.0
6.042465753424658,0.08209704361180006,1.0779177235922904e-91,0.9179029563881993,10000,20,0.0,0.0,8.0
6.043835616438356,0.08211500631189808,1.0518817902113386e-91,0.9178849936881013,10000,20,0.0,0.0,8.0
6.045205479452055,0.08213296866047899,1.0264852366781537e-91,0.9178670313395204,10000,20,0.0,0.0,8.0
6.046575342465753,0.08215093065754966,1.0017121118593973e-91,0.9178490693424497,10000,20,0.0,0.0,8.0
6.0479452054794525,0.082168892303117,9.775468685983105e-92,0.9178311076968824,10000,20,0.0,0.0,8.0
6.049315068493151,0.08218685359718784,9.539743533355141e-92,0.9178131464028115,10000,20,0.0,0.0,8.0
6.050684931506849,0.08220481453976909,9.309797959999468e-92,0.9177951854602303,10000,20,0.0,0.0,8.0
6.052054794520548,0.08222277513086763,9.085488001632058e-92,0.9177772248691317,10000,20,0.0,0.0,8.0
6.053424657534246,0.08224073537049033,8.866673334501753e-92,0.917759264629509,10000,20,0.0,0.0,8.0
6.054794520547945,0.08225869525864407,8.653217181990474e-92,0.9177413047413552,10000,20,0.0,0.0,8.0
6.056164383561644,0.08227665479533572,8.444986223645114e-92,0.9177233452046635,10000,20,0.0,0.0,8.0
6.057534246575343,0.08229461398057218,8.241850506572691e-92,0.917705386019427,10000,20,0.0,0.0,8.0
6.058904109589041,0.0823125728143603,8.043683359140853e-92,0.9176874271856389,10000,20,0.0,0.0,8.0
6.06027397260274,0.08233053129670699,7.850361306918745e-92,0.9176694687032922,10000,20,0.0,0.0,8.0
6.061643835616438,0.08234848942761909,7.661763990803403e-92,0.9176515105723801,10000,20,0.0,0.0,8.0
6.063013698630137,0.0823664472071035,7.477774087270203e-92,0.9176335527928957,10000,20,0.0,0.0,8.0
6.064383561643836,0.0823844046351671,7.298277230694604e-92,0.9176155953648321,10000,20,0.0,0.0,8.0
6.065753424657534,0.08240236171181674,7.123161937689408e-92,0.9175976382881824,10000,20,0.0,0.0,8.0
6.067123287671233,0.08242031843705934,6.952319533403448e-92,0.9175796815629398,10000,20,0.0,0.0,8.0
6.068493150684931,0.08243827481090174,6.785644079732972e-92,0.9175617251890974,10000,20,0.0,0.0,8.0
6.0698630136986305,0.08245623083335084,6.623032305391985e-92,0.9175437691666483,10000,20,0.0,0.0,8.0
6.071232876712329,0.08247418650441349,6.464383537796234e-92,0.9175258134955856,10000,20,0.0,0.0,8.0
6.072602739726028,0.0824921418240966,6.309599636709782e-92,0.9175078581759025,10000,20,0.0,0.0,8.0
6.073972602739726,0.08251009679240702,6.158584929611234e-92,0.9174899032075922,10000,20,0.0,0.0,8.0
6.075342465753424,0.08252805140935163,6.0112461487313485e-92,0.9174719485906475,10000,20,0.0,0.0,8.0
6.076712328767123,0.08254600567493732,5.8674923697206826e-92,0.9174539943250618,10000,20,0.0,0.0,8.0
6.078082191780822,0.08256395958917095,5.727234951903506e-92,0.9174360404108282,10000,20,0.0,0.0,8.0
6.079452054794521,0.08258191315205941,5.590387480075519e-92,0.9174180868479397,10000,20,0.0,0.0,8.0
6.080821917808219,0.08259986636360957,5.456865707807191e-92,0.9174001336363895,10000,20,0.0,0.0,8.0
6.082191780821918,0.0826178192238283,5.326587502210499e-92,0.9173821807761707,10000,20,0.0,0.0,8.0
6.083561643835616,0.08263577173272248,5.1994727901335536e-92,0.9173642282672766,10000,20,0.0,0.0,8.0
6.0849315068493155,0.08265372389029899,5.0754435057429926e-92,0.9173462761097001,10000,20,0.0,0.0,8.0
6.086301369863014,0.08267167569656468,4.954423539460505e-92,0.9173283243034344,10000,20,0.0,0.0,8.0
6.087671232876712,0.08268962715152645,4.836338688215526e-92,0.9173103728484726,10000,20,0.0,0.0,8.0
6.089041095890411,0.08270757825519118,4.721116606981706e-92,0.9172924217448079,10000,20,0.0,0.0,8.0
6.090410958904109,0.08272552900756572,4.6086867615627586e-92,0.9172744709924333,10000,20,0.0,0.0,8.0
6.0917808219178085,0.08274347940865696,4.498980382594349e-92,0.9172565205913421,10000,20,0.0,0.0,8.0
6.093150684931507,0.08276142945847177,4.391930420732061e-92,0.9172385705415272,10000,20,0.0,0.0,8.0
6.094520547945206,0.08277937915701704,4.2874715029922574e-92,0.917220620842982,10000,20,0.0,0.0,8.0
6.095890410958904,0.08279732850429962,4.185539890217977e-92,0.9172026714956993,10000,20,0.0,0.0,8.0
6.097260273972603,0.08281527750032641,4.0860734356383245e-92,0.9171847224996725,10000,20,0.0,0.0,8.0
6.098630136986301,0.08283322614510426,3.9890115444949686e-92,0.9171667738548946,10000,20,0.0,0.0,8.0
6.1,0.08285117443864004,3.8942951347058895e-92,0.9171488255613589,10000,20,0.0,0.0,8.0
6.101369863013699,0.08286912238094066,3.801866598540959e-92,0.9171308776190583,10000,20,0.0,0.0,8.0
6.102739726027397,0.08288706997201295,3.7116697652823176e-92,0.917112930027986,10000,20,0.0,0.0,8.0
6.104109589041096,0.08290501721186382,3.623649864843332e-92,0.9170949827881352,10000,20,0.0,0.0,8.0
6.105479452054794,0.0829229641005001,3.537753492322638e-92,0.9170770358994988,10000,20,0.0,0.0,8.0
6.1068493150684935,0.0829409106379287,3.453928573467131e-92,0.9170590893620703,10000,20,0.0,0.0,8.0
6.108219178082192,0.08295885682415648,3.3721243310220615e-92,0.9170411431758425,10000,20,0.0,0.0,8.0
6.109589041095891,0.08297680265919032,3.2922912519434075e-92,0.9170231973408086,10000,20,0.0,0.0,8.0
6.110958904109589,0.08299474814303708,3.2143810554518024e-92,0.9170052518569619,10000,20,0.0,0.0,8.0
6.112328767123287,0.08301269327570364,3.1383466619045325e-92,0.9169873067242954,10000,20,0.0,0.0,8.0
6.1136986301369864,0.08303063805719688,3.0641421624656363e-92,0.9169693619428022,10000,20,0.0,0.0,8.0
6.115068493150685,0.08304858248752366,2.991722789552837e-92,0.9169514175124754,10000,20,0.0,0.0,8.0
6.116438356164384,0.08306652656669086,2.9210448880406925e-92,0.9169334734333082,10000,20,0.0,0.0,8.0
6.117808219178082,0.08308447029470534,2.8520658872014977e-92,0.9169155297052938,10000,20,0.0,0.0,8.0
6.119178082191781,0.08310241367157399,2.7847442733633673e-92,0.9168975863284251,10000,20,0.0,0.0,8.0
6.120547945205479,0.08312035669730367,2.7190395632683395e-92,0.9168796433026954,10000,20,0.0,0.0,8.0
6.1219178082191785,0.08313829937190124,2.6549122781109412e-92,0.9168617006280979,10000,20,0.0,0.0,8.0
6.123287671232877,0.08315624169537358,2.592323918240952e-92,0.9168437583046256,10000,20,0.0,0.0,8.0
6.124657534246575,0.08317418366772758,2.531236938511853e-92,0.9168258163322717,10000,20,0.0,0.0,8.0
6.126027397260274,0.0831921252889701,2.4716147242592737e-92,0.9168078747110292,10000,20,0.0,0.0,8.0
6.127397260273972,0.083210066559108,2.413421567892699e-92,0.9167899334408913,10000,20,0.0,0.0,8.0
6.1287671232876715,0.08322800747814817,2.3566226460841965e-92,0.9167719925218512,10000,20,0.0,0.0,8.0
6.13013698630137,0.08324594804609745,2.301183997539659e-92,0.9167540519539019,10000,20,0.0,0.0,8.0
6.131506849315069,0.08326388826296274,2.247072501336342e-92,0.9167361117370366,10000,20,0.0,0.0,8.0
6.132876712328767,0.0832818281287509,2.1942558558132185e-92,0.9167181718712485,10000,20,0.0,0.0,8.0
6.134246575342466,0.0832997676434688,2.1427025579987257e-92,0.9167002323565305,10000,20,0.0,0.0,8.0
6.135616438356164,0.0833177068071233,2.092381883563128e-92,0.916682293192876,10000,20,0.0,0.0,8.0
6.136986301369863,0.08333564561972129,2.0432638672808933e-92,0.9166643543802779,10000,20,0.0,0.0,8.0
6.138356164383562,0.08335358408126964,1.995319283990756e-92,0.9166464159187296,10000,20,0.0,0.0,8.0
6.13972602739726,0.0833715221917752,1.948519630040269e-92,0.9166284778082241,10000,20,0.0,0.0,8.0
6.141095890410959,0.08338945995124486,1.9028371052020597e-92,0.9166105400487544,10000,20,0.0,0.0,8.0
6.142465753424657,0.08340739735968547,1.8582445950503742e-92,0.9165926026403138,10000,20,0.0,0.0,8.0
6.1438356164383565,0.08342533441710392,1.814715653785118e-92,0.9165746655828954,10000,20,0.0,0.0,8.0
6.145205479452055,0.08344327112350707,1.7722244874927967e-92,0.9165567288764922,10000,20,0.0,0.0,8.0
6.146575342465754,0.08346120747890177,1.7307459378321837e-92,0.9165387925210975,10000,20,0.0,0.0,8.0
6.147945205479452,0.08347914348329491,1.690255466134668e-92,0.9165208565167043,10000,20,0.0,0.0,8.0
6.14931506849315,0.08349707913669335,1.650729137907764e-92,0.9165029208633059,10000,20,0.0,0.0,8.0
6.1506849315068495,0.08351501443910399,1.6121436077320743e-92,0.9164849855608952,10000,20,0.0,0.0,8.0
6.152054794520548,0.08353294939053364,1.574476104541311e-92,0.9164670506094655,10000,20,0.0,0.0,8.0
6.153424657534247,0.08355088399098923,1.5377044172752835e-92,0.9164491160090099,10000,20,0.0,0.0,8.0
6.154794520547945,0.08356881824047759,1.5018068808968766e-92,0.9164311817595215,10000,20,0.0,0.0,8.0
6.156164383561644,0.0835867521390056,1.4667623627629165e-92,0.9164132478609935,10000,20,0.0,0.0,8.0
6.157534246575342,0.08360468568658011,1.4325502493405852e-92,0.916395314313419,10000,20,0.0,0.0,8.0
6.1589041095890416,0.08362261888320802,1.3991504332597754e-92,0.9163773811167911,10000,20,0.0,0.0,8.0
6.16027397260274,0.08364055172889616,1.366543300693478e-92,0.9163594482711029,10000,20,0.0,0.0,8.0
6.161643835616438,0.08365848422365142,1.3347097190571027e-92,0.9163415157763477,10000,20,0.0,0.0,8.0
6.163013698630137,0.08367641636748069,1.3036310250190919e-92,0.9163235836325184,10000,20,0.0,0.0,8.0
6.164383561643835,0.0836943481603908,1.2732890128146223e-92,0.9163056518396083,10000,20,0.0,0.0,8.0
6.1657534246575345,0.08371227960238864,1.2436659228544323e-92,0.9162877203976105,10000,20,0.0,0.0,8.0
6.167123287671233,0.08373021069348106,1.2147444306217036e-92,0.9162697893065181,10000,20,0.0,0.0,8.0
6.168493150684932,0.08374814143367496,1.1865076358490168e-92,0.9162518585663243,10000,20,0.0,0.0,8.0
6.16986301369863,0.08376607182297716,1.158939051968815e-92,0.9162339281770221,10000,20,0.0,0.0,8.0
6.171232876712329,0.08378400186139455,1.1320225958297807e-92,0.9162159981386047,10000,20,0.0,0.0,8.0
6.1726027397260275,0.08380193154893399,1.1057425776729007e-92,0.9161980684510652,10000,20,0.0,0.0,8.0
6.173972602739726,0.08381986088560235,1.080083691360025e-92,0.9161801391143969,10000,20,0.0,0.0,8.0
6.175342465753425,0.08383778987140651,1.055031004848903e-92,0.9161622101285928,10000,20,0.0,0.0,8.0
6.176712328767123,0.08385571850635332,1.0305699509082125e-92,0.916144281493646,10000,20,0.0,0.0,8.0
6.178082191780822,0.08387364679044965,1.0066863180662983e-92,0.9161263532095497,10000,20,0.0,0.0,8.0
6.17945205479452,0.08389157472370236,9.833662417880444e-93,0.916108425276297,10000,20,0.0,0.0,8.0
6.1808219178082195,0.08390950230611834,9.605961958735706e-93,0.9160904976938811,10000,20,0.0,0.0,8.0
6.182191780821918,0.08392742953770442,9.383629840735788e-93,0.916072570462295,10000,20,0.0,0.0,8.0
6.183561643835617,0.0839453564184675,9.166537319153446e-93,0.9160546435815319,10000,20,0.0,0.0,8.0
6.184931506849315,0.0839632829484144,8.954558787344468e-93,0.916036717051585,10000,20,0.0,0.0,8.0
6.186301369863013,0.08398120912755203,8.747571699065441e-93,0.9160187908724473,10000,20,0.0,0.0,8.0
6.1876712328767125,0.08399913495588723,8.545456492744564e-93,0.916000865044112,10000,20,0.0,0.0,8.0
6.189041095890411,0.08401706043342688,8.348096517654242e-93,0.9159829395665724,10000,20,0.0,0.0,8.0
6.19041095890411,0.08403498556017784,8.15537796193582e-93,0.9159650144398215,10000,20,0.0,0.0,8.0
6.191780821917808,0.08405291033614697,7.967189782432469e-93,0.9159470896638523,10000,20,0.0,0.0,8.0
6.193150684931507,0.08407083476134114,7.783423636280284e-93,0.9159291652386581,10000,20,0.0,0.0,8.0
6.1945205479452055,0.0840887588357672,7.603973814216837e-93,0.9159112411642321,10000,20,0.0,0.0,8.0
6.195890410958905,0.08410668255943204,7.428737175559594e-93,0.9158933174405672,10000,20,0.0,0.0,8.0
6.197260273972603,0.0841246059323425,7.257613084815554e-93,0.9158753940676567,10000,20,0.0,0.0,8.0
6.198630136986301,0.08414252895450545,7.090503349877041e-93,0.9158574710454938,10000,20,0.0,0.0,8.0
6.2,0.08416045162592778,6.927312161766207e-93,0.9158395483740714,10000,20,0.0,0.0,8.0
6.201369863013698,0.08417837394661631,6.7679460358877395e-93,0.9158216260533829,10000,20,0.0,0.0,8.0
6.2027397260273975,0.08419629591657794,6.612313754750475e-93,0.9158037040834213,10000,20,0.0,0.0,8.0
6.204109589041096,0.08421421753581951,6.460326312123219e-93,0.9157857824641797,10000,20,0.0,0.0,8.0
6.205479452054795,0.0842321388043479,6.311896858585227e-93,0.9157678611956513,10000,20,0.0,0.0,8.0
6.206849315068493,0.08425005972216996,6.16694064843916e-93,0.9157499402778293,10000,20,0.0,0.0,8.0
6.208219178082192,0.08426798028929257,6.025374987948856e-93,0.9157320197107067,10000,20,0.0,0.0,8.0
6.2095890410958905,0.08428590050572257,5.887119184871387e-93,0.9157140994942767,10000,20,0.0,0.0,8.0
6.210958904109589,0.08430382037146683,5.752094499247723e-93,0.9156961796285324,10000,20,0.0,0.0,8.0
6.212328767123288,0.08432173988653223,5.620224095422416e-93,0.9156782601134671,10000,20,0.0,0.0,8.0
6.213698630136986,0.08433965905092561,5.491432995260263e-93,0.9156603409490737,10000,20,0.0,0.0,8.0
6.215068493150685,0.08435757786465385,5.365648032528828e-93,0.9156424221353454,10000,20,0.0,0.0,8.0
6.2164383561643834,0.0843754963277238,5.242797808419419e-93,0.9156245036722754,10000,20,0.0,0.0,8.0
6.217808219178083,0.08439341444014234,5.122812648175182e-93,0.9156065855598569,10000,20,0.0,0.0,8.0
6.219178082191781,0.0844113322019163,5.005624558800894e-93,0.9155886677980829,10000,20,0.0,0.0,8.0
6.22054794520548,0.08442924961305256,4.891167187824601e-93,0.9155707503869466,10000,20,0.0,0.0,8.0
6.221917808219178,0.08444716667355799,4.7793757830869895e-93,0.9155528333264411,10000,20,0.0,0.0,8.0
6.223287671232876,0.08446508338343944,4.670187153530208e-93,0.9155349166165596,10000,20,0.0,0.0,8.0
6.2246575342465755,0.08448299974270379,4.563539630962765e-93,0.9155170002572953,10000,20,0.0,0.0,8.0
6.226027397260274,0.08450091575135787,4.459373032775097e-93,0.9154990842486412,10000,20,0.0,0.0,8.0
6.227397260273973,0.08451883140940858,4.357628625581191e-93,0.9154811685905906,10000,20,0.0,0.0,8.0
6.228767123287671,0.08453674671686273,4.258249089764582e-93,0.9154632532831364,10000,20,0.0,0.0,8.0
6.23013698630137,0.08455466167372723,4.1611784849038585e-93,0.9154453383262718,10000,20,0.0,0.0,8.0
6.2315068493150685,0.0845725762800089,4.066362216057617e-93,0.9154274237199902,10000,20,0.0,0.0,8.0
6.232876712328768,0.08459049053571464,3.973747000885163e-93,0.9154095094642845,10000,20,0.0,0.0,8.0
6.234246575342466,0.08460840444085128,3.883280837583906e-93,0.9153915955591478,10000,20,0.0,0.0,8.0
6.235616438356164,0.08462631799542569,3.794912973621016e-93,0.9153736820045735,10000,20,0.0,0.0,8.0
6.236986301369863,0.08464423119944475,3.7085938752408454e-93,0.9153557688005545,10000,20,0.0,0.0,8.0
6.238356164383561,0.08466214405291529,3.6242751977279846e-93,0.915337855947084,10000,20,0.0,0.0,8.0
6.239726027397261,0.0846800565558442,3.5419097564064374e-93,0.915319943444155,10000,20,0.0,0.0,8.0
6.241095890410959,0.0846979687082383,3.4614514983577636e-93,0.9153020312917609,10000,20,0.0,0.0,8.0
6.242465753424658,0.08471588051010448,3.382855474838458e-93,0.9152841194898947,10000,20,0.0,0.0,8.0
6.243835616438356,0.08473379196144959,3.3060778143806924e-93,0.9152662080385496,10000,20,0.0,0.0,8.0
6.245205479452055,0.0847517030622805,3.2310756965576136e-93,0.9152482969377187,10000,20,0.0,0.0,8.0
6.2465753424657535,0.08476961381260405,3.157807326398125e-93,0.9152303861873952,10000,20,0.0,0.0,8.0
6.247945205479452,0.0847875242124271,3.086231909433334e-93,0.9152124757875721,10000,20,0.0,0.0,8.0
6.249315068493151,0.08480543426175655,3.016309627360038e-93,0.9151945657382428,10000,20,0.0,0.0,8.0
6.250684931506849,0.08482334396059919,2.948001614305273e-93,0.9151766560394001,10000,20,0.0,0.0,8.0
6.252054794520548,0.08484125330896194,2.881269933676443e-93,0.9151587466910374,10000,20,0.0,0.0,8.0
6.2534246575342465,0.08485916230685163,2.816077555583455e-93,0.9151408376931477,10000,20,0.0,0.0,8.0
6.254794520547946,0.08487707095427513,2.7523883348171843e-93,0.9151229290457242,10000,20,0.0,0.0,8.0
6.256164383561644,0.08489497925123927,2.690166989371713e-93,0.9151050207487601,10000,20,0.0,0.0,8.0
6.257534246575342,0.08491288719775093,2.6293790794954303e-93,0.9150871128022484,10000,20,0.0,0.0,8.0
6.258904109589041,0.08493079479381699,2.569990987258801e-93,0.9150692052061824,10000,20,0.0,0.0,8.0
6.260273972602739,0.08494870203944427,2.511969896625455e-93,0.9150512979605552,10000,20,0.0,0.0,8.0
6.261643835616439,0.08496660893463966,2.455283774013655e-93,0.9150333910653597,10000,20,0.0,0.0,8.0
6.263013698630137,0.08498451547940998,2.3999013493368214e-93,0.9150154845205895,10000,20,0.0,0.0,8.0
6.264383561643836,0.08500242167376212,2.3457920975100004e-93,0.9149975783262373,10000,20,0.0,0.0,8.0
6.265753424657534,0.08502032751770293,2.2929262204118037e-93,0.9149796724822965,10000,20,0.0,0.0,8.0
6.267123287671233,0.08503823301123926,2.241274629289311e-93,0.9149617669887602,10000,20,0.0,0.0,8.0
6.2684931506849315,0.08505613815437797,2.1908089275959938e-93,0.9149438618456215,10000,20,0.0,0.0,8.0
6.26986301369863,0.08507404294712591,2.1415013942508052e-93,0.9149259570528735,10000,20,0.0,0.0,8.0
6.271232876712329,0.08509194738948996,2.0933249673087757e-93,0.9149080526105094,10000,20,0.0,0.0,8.0
6.272602739726027,0.08510985148147694,2.0462532280325068e-93,0.9148901485185225,10000,20,0.0,0.0,8.0
6.273972602739726,0.08512775522309375,2.0002603853542844e-93,0.9148722447769057,10000,20,0.0,0.0,8.0
6.2753424657534245,0.08514565861434721,1.9553212607198405e-93,0.9148543413856521,10000,20,0.0,0.0,8.0
6.276712328767124,0.0851635616552442,1.9114112733033294e-93,0.9148364383447551,10000,20,0.0,0.0,8.0
6.278082191780822,0.08518146434579156,1.8685064255852197e-93,0.9148185356542078,10000,20,0.0,0.0,8.0
6.279452054794521,0.08519936668599616,1.8265832892831532e-93,0.9148006333140032,10000,20,0.0,0.0,8.0
6.280821917808219,0.08521726867586485,1.7856189916278924e-93,0.9147827313241345,10000,20,0.0,0.0,8.0
6.282191780821917,0.08523517031540448,1.7455912019749204e-93,0.9147648296845948,10000,20,0.0,0.0,8.0
6.2835616438356166,0.08525307160462192,1.7064781187440346e-93,0.9147469283953774,10000,20,0.0,0.0,8.0
6.284931506849315,0.085270972543524,1.668258456678502e-93,0.9147290274564753,10000,20,0.0,0.0,8.0
6.286301369863014,0.08528887313211761,1.6309114344156045e-93,0.9147111268678817,10000,20,0.0,0.0,8.0
6.287671232876712,0.08530677337040957,1.594416762361458e-93,0.9146932266295897,10000,20,0.0,0.0,8.0
6.289041095890411,0.08532467325840676,1.5587546308617982e-93,0.9146753267415926,10000,20,0.0,0.0,8.0
6.2904109589041095,0.08534257279611603,1.5239056986621572e-93,0.9146574272038833,10000,20,0.0,0.0,8.0
6.291780821917809,0.08536047198354423,1.4898510816495045e-93,0.9146395280164551,10000,20,0.0,0.0,8.0
6.293150684931507,0.08537837082069821,1.4565723418691075e-93,0.9146216291793011,10000,20,0.0,0.0,8.0
6.294520547945205,0.08539626930758483,1.424051476809096e-93,0.9146037306924145,10000,20,0.0,0.0,8.0
6.295890410958904,0.08541416744421096,1.3922709089466546e-93,0.9145858325557884,10000,20,0.0,0.0,8.0
6.2972602739726025,0.08543206523058343,1.361213475549133e-93,0.9145679347694159,10000,20,0.0,0.0,8.0
6.298630136986302,0.08544996266670911,1.3308624187235754e-93,0.9145500373332902,10000,20,0.0,0.0,8.0
6.3,0.08546785975259484,1.3012013757090167e-93,0.9145321402474045,10000,20,0.0,0.0,8.0
6.301369863013699,0.0854857564882475,1.2722143694049326e-93,0.9145142435117518,10000,20,0.0,0.0,8.0
6.302739726027397,0.08550365287367391,1.2438857991306214e-93,0.9144963471263254,10000,20,0.0,0.0,8.0
6.304109589041096,0.08552154890888096,1.2162004316092029e-93,0.9144784510911184,10000,20,0.0,0.0,8.0
6.3054794520547945,0.08553944459387547,1.1891433921712808e-93,0.9144605554061238,10000,20,0.0,0.0,8.0
6.306849315068493,0.0855573399286643,1.1627001561722756e-93,0.914442660071335,10000,20,0.0,0.0,8.0
6.308219178082192,0.08557523491325432,1.1368565406186044e-93,0.914424765086745,10000,20,0.0,0.0,8.0
6.30958904109589,0.08559312954765236,1.111598695997368e-93,0.9144068704523469,10000,20,0.0,0.0,8.0
6.310958904109589,0.08561102383186531,1.0869130983043639e-93,0.914388976168134,10000,20,0.0,0.0,8.0
6.3123287671232875,0.08562891776589998,1.0627865412659469e-93,0.9143710822340994,10000,20,0.0,0.0,8.0
6.313698630136987,0.08564681134976325,1.0392061287494521e-93,0.9143531886502361,10000,20,0.0,0.0,8.0
6.315068493150685,0.08566470458346195,1.0161592673580437e-93,0.9143352954165374,10000,20,0.0,0.0,8.0
6.316438356164384,0.08568259746700296,9.93633659204949e-94,0.9143174025329963,10000,20,0.0,0.0,8.0
6.317808219178082,0.08570049000039312,9.716172948631445e-94,0.9142995099996062,10000,20,0.0,0.0,8.0
6.3191780821917805,0.08571838218363928,9.500984464857169e-94,0.9142816178163601,10000,20,0.0,0.0,8.0
6.32054794520548,0.0857362740167483,9.290656610930615e-94,0.914263725983251,10000,20,0.0,0.0,8.0
6.321917808219178,0.08575416549972702,9.085077540226669e-94,0.9142458345002723,10000,20,0.0,0.0,8.0
6.323287671232877,0.0857720566325823,8.884138025373577e-94,0.914227943367417,10000,20,0.0,0.0,8.0
6.324657534246575,0.08578994741532099,8.687731395884321e-94,0.9142100525846782,10000,20,0.0,0.0,8.0
6.326027397260274,0.08580783784794994,8.495753477294822e-94,0.9141921621520492,10000,20,0.0,0.0,8.0
6.3273972602739725,0.08582572793047599,8.308102531776058e-94,0.9141742720695232,10000,20,0.0,0.0,8.0
6.328767123287672,0.08584361766290602,8.124679200179897e-94,0.9141563823370932,10000,20,0.0,0.0,8.0
6.33013698630137,0.08586150704524685,7.945386445487383e-94,0.9141384929547524,10000,20,0.0,0.0,8.0
6.331506849315068,0.08587939607750535,7.770129497621327e-94,0.9141206039224938,10000,20,0.0,0.0,8.0
6.332876712328767,0.08589728475968837,7.59881579959272e-94,0.9141027152403108,10000,20,0.0,0.0,8.0
6.3342465753424655,0.08591517309180276,7.431354954947046e-94,0.9140848269081965,10000,20,0.0,0.0,8.0
6.335616438356165,0.08593306107385537,7.267658676477572e-94,0.9140669389261439,10000,20,0.0,0.0,8.0
6.336986301369863,0.08595094870585304,7.107640736177303e-94,0.9140490512941463,10000,20,0.0,0.0,8.0
6.338356164383562,0.08596883598780264,6.95121691639593e-94,0.9140311640121966,10000,20,0.0,0.0,8.0
6.33972602739726,0.08598672291971099,6.79830496217563e-94,0.9140132770802882,10000,20,0.0,0.0,8.0
6.341095890410959,0.08600460950158498,6.648824534733599e-94,0.9139953904984143,10000,20,0.0,0.0,8.0
6.342465753424658,0.08602249573343142,6.502697166066455e-94,0.9139775042665679,10000,20,0.0,0.0,8.0
6.343835616438356,0.08604038161525718,6.359846214646043e-94,0.9139596183847422,10000,20,0.0,0.0,8.0
6.345205479452055,0.08605826714706911,6.22019682218239e-94,0.9139417328529302,10000,20,0.0,0.0,8.0
6.346575342465753,0.08607615232887406,6.083675871426721e-94,0.9139238476711253,10000,20,0.0,0.0,8.0
6.347945205479452,0.08609403716067887,5.950211944988295e-94,0.9139059628393205,10000,20,0.0,0.0,8.0
6.3493150684931505,0.0861119216424904,5.81973528514249e-94,0.913888078357509,10000,20,0.0,0.0,8.0
6.35068493150685,0.0861298057743155,5.692177754603257e-94,0.9138701942256838,10000,20,0.0,0.0,8.0
6.352054794520548,0.086147689556161,5.567472798239132e-94,0.9138523104438383,10000,20,0.0,0.0,8.0
6.353424657534247,0.08616557298803379,5.445555405707127e-94,0.9138344270119655,10000,20,0.0,0.0,8.0
6.354794520547945,0.08618345606994067,5.326362074984725e-94,0.9138165439300586,10000,20,0.0,0.0,8.0
6.3561643835616435,0.08620133880188852,5.209830776775621e-94,0.9137986611981108,10000,20,0.0,0.0,8.0
6.357534246575343,0.08621922118388417,5.095900919769884e-94,0.9137807788161152,10000,20,0.0,0.0,8.0
6.358904109589041,0.08623710321593447,4.984513316736928e-94,0.9137628967840649,10000,20,0.0,0.0,8.0
6.36027397260274,0.0862549848980463,4.875610151430313e-94,0.913745015101953,10000,20,0.0,0.0,8.0
6.361643835616438,0.08627286623022647,4.7691349462864247e-94,0.9137271337697729,10000,20,0.0,0.0,8.0
6.363013698630137,0.08629074721248184,4.6650325308955023e-94,0.9137092527875175,10000,20,0.0,0.0,8.0
6.364383561643836,0.08630862784481926,4.563249011228475e-94,0.91369137215518,10000,20,0.0,0.0,8.0
6.365753424657535,0.08632650812724559,4.463731739599045e-94,0.9136734918727537,10000,20,0.0,0.0,8.0
6.367123287671233,0.08634438805976764,4.3664292853452803e-94,0.9136556119402317,10000,20,0.0,0.0,8.0
6.368493150684931,0.08636226764239228,4.271291406211226e-94,0.913637732357607,10000,20,0.0,0.0,8.0
6.36986301369863,0.08638014687512638,4.1782690204131374e-94,0.9136198531248729,10000,20,0.0,0.0,8.0
6.3712328767123285,0.08639802575797675,4.087314179373054e-94,0.9136019742420226,10000,20,0.0,0.0,8.0
6.372602739726028,0.08641590429095027,3.998380041102963e-94,0.9135840957090491,10000,20,0.0,0.0,8.0
6.373972602739726,0.08643378247405376,3.91142084422523e-94,0.9135662175259456,10000,20,0.0,0.0,8.0
6.375342465753425,0.08645166030729408,3.826391882612068e-94,0.9135483396927052,10000,20,0.0,0.0,8.0
6.376712328767123,0.08646953779067806,3.7432494806308734e-94,0.9135304622093212,10000,20,0.0,0.0,8.0
6.378082191780822,0.08648741492421258,3.6619509689789577e-94,0.9135125850757867,10000,20,0.0,0.0,8.0
6.379452054794521,0.08650529170790446,3.5824546610951437e-94,0.9134947082920948,10000,20,0.0,0.0,8.0
6.380821917808219,0.08652316814176053,3.504719830132611e-94,0.9134768318582387,10000,20,0.0,0.0,8.0
6.382191780821918,0.08654104422578768,3.428706686480723e-94,0.9134589557742115,10000,20,0.0,0.0,8.0
6.383561643835616,0.08655891995999272,3.3543763558220076e-94,0.9134410800400065,10000,20,0.0,0.0,8.0
6.384931506849315,0.08657679534438252,3.2816908577108944e-94,0.9134232046556167,10000,20,0.0,0.0,8.0
6.3863013698630136,0.08659467037896391,3.210613084662787e-94,0.9134053296210353,10000,20,0.0,0.0,8.0
6.387671232876713,0.08661254506374376,3.141106781739668e-94,0.9133874549362554,10000,20,0.0,0.0,8.0
6.389041095890411,0.08663041939872887,3.0731365266217387e-94,0.9133695806012703,10000,20,0.0,0.0,8.0
6.39041095890411,0.08664829338392613,3.0066677101518845e-94,0.913351706616073,10000,20,0.0,0.0,8.0
6.391780821917808,0.08666616701934235,2.941666517342996e-94,0.9133338329806567,10000,20,0.0,0.0,8.0
6.3931506849315065,0.08668404030498439,2.878099908835612e-94,0.9133159596950147,10000,20,0.0,0.0,8.0
6.394520547945206,0.08670191324085912,2.815935602796104e-94,0.9132980867591399,10000,20,0.0,0.0,8.0
6.395890410958904,0.08671978582697333,2.755142057244338e-94,0.9132802141730257,10000,20,0.0,0.0,8.0
6.397260273972603,0.08673765806333392,2.6956884528000844e-94,0.9132623419366651,10000,20,0.0,0.0,8.0
6.398630136986301,0.08675552994994769,2.637544675839059e-94,0.9132444700500514,10000,20,0.0,0.0,8.0
6.4,0.08677340148682151,2.5806813020475385e-94,0.9132265985131776,10000,20,0.0,0.0,8.0
6.401369863013699,0.08679127267396222,2.525069580367163e-94,0.9132087273260369,10000,20,0.0,0.0,8.0
6.402739726027398,0.08680914351137667,2.470681417319347e-94,0.9131908564886224,10000,20,0.0,0.0,8.0
6.404109589041096,0.08682701399907168,2.417489361701333e-94,0.9131729860009274,10000,20,0.0,0.0,8.0
6.405479452054794,0.08684488413705412,2.3654665896438434e-94,0.913155115862945,10000,20,0.0,0.0,8.0
6.406849315068493,0.08686275392533083,2.314586890022519e-94,0.9131372460746683,10000,20,0.0,0.0,8.0
6.4082191780821915,0.08688062336390863,2.264824650214279e-94,0.9131193766360904,10000,20,0.0,0.0,8.0
6.409589041095891,0.08689849245279439,2.2161548421900098e-94,0.9131015075472046,10000,20,0.0,0.0,8.0
6.410958904109589,0.08691636119199495,2.1685530089363065e-94,0.9130836388080041,10000,20,0.0,0.0,8.0
6.412328767123288,0.08693422958151714,2.1219952511973837e-94,0.9130657704184819,10000,20,0.0,0.0,8.0
6.413698630136986,0.08695209762136781,2.076458214530473e-94,0.9130479023786312,10000,20,0.0,0.0,8.0
6.415068493150685,0.0869699653115538,2.0319190766662102e-94,0.9130300346884452,10000,20,0.0,0.0,8.0
6.416438356164384,0.08698783265208196,1.988355535167654e-94,0.9130121673479171,10000,20,0.0,0.0,8.0
6.417808219178082,0.08700569964295912,1.945745795379875e-94,0.91299430035704,10000,20,0.0,0.0,8.0
6.419178082191781,0.08702356628419215,1.9040685586638736e-94,0.912976433715807,10000,20,0.0,0.0,8.0
6.420547945205479,0.08704143257578786,1.8633030109077214e-94,0.9129585674242112,10000,20,0.0,0.0,8.0
6.421917808219178,0.08705929851775311,1.8234288113080334e-94,0.9129407014822459,10000,20,0.0,0.0,8.0
6.423287671232877,0.08707716411009472,1.7844260814159617e-94,0.9129228358899043,10000,20,0.0,0.0,8.0
6.424657534246576,0.08709502935281957,1.7462753944405732e-94,0.9129049706471795,10000,20,0.0,0.0,8.0
6.426027397260274,0.08711289424593446,1.7089577648042754e-94,0.9128871057540645,10000,20,0.0,0.0,8.0
6.427397260273973,0.08713075878944627,1.672454637943465e-94,0.9128692412105527,10000,20,0.0,0.0,8.0
6.428767123287671,0.08714862298336182,1.636747880349321e-94,0.9128513770166371,10000,20,0.0,0.0,8.0
6.4301369863013695,0.08716648682768795,1.6018197698422663e-94,0.912833513172311,10000,20,0.0,0.0,8.0
6.431506849315069,0.0871843503224315,1.5676529860751067e-94,0.9128156496775675,10000,20,0.0,0.0,8.0
6.432876712328767,0.08720221346759932,1.5342306012591488e-94,0.9127977865323996,10000,20,0.0,0.0,8.0
6.434246575342466,0.08722007626319826,1.5015360711077663e-94,0.9127799237368007,10000,20,0.0,0.0,8.0
6.435616438356164,0.08723793870923514,1.4695532259927682e-94,0.9127620612907639,10000,20,0.0,0.0,8.0
6.436986301369863,0.08725580080571682,1.4382662623078343e-94,0.9127441991942822,10000,20,0.0,0.0,8.0
6.438356164383562,0.08727366255265012,1.4076597340347523e-94,0.9127263374473489,10000,20,0.0,0.0,8.0
6.439726027397261,0.0872915239500419,1.3777185445069692e-94,0.9127084760499571,10000,20,0.0,0.0,8.0
6.441095890410959,0.08730938499789898,1.3484279383664015e-94,0.9126906150021,10000,20,0.0,0.0,8.0
6.442465753424657,0.0873272456962282,1.3197734937082923e-94,0.9126727543037708,10000,20,0.0,0.0,8.0
6.443835616438356,0.08734510604503642,1.291741114410127e-94,0.9126548939549626,10000,20,0.0,0.0,8.0
6.445205479452055,0.08736296604433047,1.2643170226400312e-94,0.9126370339556685,10000,20,0.0,0.0,8.0
6.446575342465754,0.0873808256941172,1.2374877515402075e-94,0.9126191743058818,10000,20,0.0,0.0,8.0
6.447945205479452,0.08739868499440344,1.211240138081698e-94,0.9126013150055956,10000,20,0.0,0.0,8.0
6.449315068493151,0.08741654394519603,1.1855613160858567e-94,0.9125834560548031,10000,20,0.0,0.0,8.0
6.450684931506849,0.0874344025465018,1.1604387094091199e-94,0.9125655974534973,10000,20,0.0,0.0,8.0
6.452054794520548,0.0874522607983276,1.135860025286664e-94,0.9125477392016715,10000,20,0.0,0.0,8.0
6.453424657534247,0.08747011870068026,1.1118132478317027e-94,0.9125298812993189,10000,20,0.0,0.0,8.0
6.454794520547945,0.08748797625356663,1.088286631686232e-94,0.9125120237464325,10000,20,0.0,0.0,8.0
6.456164383561644,0.08750583345699356,1.0652686958200314e-94,0.9124941665430055,10000,20,0.0,0.0,8.0
6.457534246575342,0.08752369031096786,1.0427482174742402e-94,0.9124763096890313,10000,20,0.0,0.0,8.0
6.458904109589041,0.08754154681549639,1.0207142262459453e-94,0.9124584531845027,10000,20,0.0,0.0,8.0
6.46027397260274,0.08755940297058597,9.991559983108006e-95,0.9124405970294132,10000,20,0.0,0.0,8.0
6.461643835616439,0.08757725877624346,9.780630507799652e-95,0.9124227412237557,10000,20,0.0,0.0,8.0
6.463013698630137,0.08759511423247568,9.57425136188633e-95,0.9124048857675234,10000,20,0.0,0.0,8.0
6.464383561643836,0.08761296933928948,9.372322371125962e-95,0.9123870306607096,10000,20,0.0,0.0,8.0
6.465753424657534,0.08763082409669169,9.174745609102487e-95,0.9123691759033074,10000,20,0.0,0.0,8.0
6.467123287671233,0.08764867850468915,8.981425345866521e-95,0.9123513214953098,10000,20,0.0,0.0,8.0
6.468493150684932,0.0876665325632887,8.792267997771072e-95,0.9123334674367103,10000,20,0.0,0.0,8.0
6.46986301369863,0.08768438627249717,8.607182078472721e-95,0.9123156137275018,10000,20,0.0,0.0,8.0
6.471232876712329,0.0877022396323214,8.426078151069601e-95,0.9122977603676775,10000,20,0.0,0.0,8.0
6.472602739726027,0.08772009264276824,8.248868781352313e-95,0.9122799073572306,10000,20,0.0,0.0,8.0
6.473972602739726,0.08773794530384452,8.075468492137857e-95,0.9122620546961544,10000,20,0.0,0.0,8.0
6.475342465753425,0.08775579761555706,7.90579371866474e-95,0.9122442023844418,10000,20,0.0,0.0,8.0
6.476712328767124,0.08777364957791273,7.739762765020601e-95,0.9122263504220861,10000,20,0.0,0.0,8.0
6.478082191780822,0.08779150119091833,7.577295761581573e-95,0.9122084988090805,10000,20,0.0,0.0,8.0
6.47945205479452,0.08780935245458071,7.41831462343617e-95,0.9121906475454181,10000,20,0.0,0.0,8.0
6.480821917808219,0.08782720336890673,7.262743009773198e-95,0.9121727966310921,10000,20,0.0,0.0,8.0
6.482191780821918,0.0878450539339032,7.110506284209884e-95,0.9121549460660956,10000,20,0.0,0.0,8.0
6.483561643835617,0.08786290414957697,6.961531476037144e-95,0.9121370958504218,10000,20,0.0,0.0,8.0
6.484931506849315,0.08788075401593486,6.815747242362873e-95,0.9121192459840639,10000,20,0.0,0.0,8.0
6.486301369863014,0.08789860353298372,6.673083831129122e-95,0.912101396467015,10000,20,0.0,0.0,8.0
6.487671232876712,0.08791645270073037,6.533473044985656e-95,0.9120835472992684,10000,20,0.0,0.0,8.0
6.4890410958904114,0.08793430151918166,6.396848205996814e-95,0.9120656984808171,10000,20,0.0,0.0,8.0
6.49041095890411,0.08795214998834441,6.263144121164975e-95,0.9120478500116543,10000,20,0.0,0.0,8.0
6.491780821917808,0.08796999810822548,6.132297048748724e-95,0.9120300018917733,10000,20,0.0,0.0,8.0
6.493150684931507,0.0879878458788317,6.004244665359238e-95,0.9120121541211671,10000,20,0.0,0.0,8.0
6.494520547945205,0.08800569330016988,5.878926033815747e-95,0.911994306699829,10000,20,0.0,0.0,8.0
6.495890410958904,0.0880235403722469,5.7562815717414796e-95,0.911976459627752,10000,20,0.0,0.0,8.0
6.497260273972603,0.08804138709506953,5.6362530208847354e-95,0.9119586129049293,10000,20,0.0,0.0,8.0
6.498630136986302,0.08805923346864467,5.518783417145634e-95,0.9119407665313541,10000,20,0.0,0.0,8.0
6.5,0.0880770794929791,5.403817061294503e-95,0.9119229205070197,10000,20,0.0,0.0,8.0
6.501369863013699,0.08809492516807971,5.291299490363252e-95,0.9119050748319192,10000,20,0.0,0.0,8.0
6.502739726027397,0.08811277049395329,5.181177449696391e-95,0.9118872295060456,10000,20,0.0,0.0,8.0
6.504109589041096,0.08813061547060667,5.073398865643957e-95,0.9118693845293923,10000,20,0.0,0.0,8.0
6.505479452054795,0.08814846009804674,4.967912818883172e-95,0.9118515399019522,10000,20,0.0,0.0,8.0
6.506849315068493,0.08816630437628027,4.8646695183533725e-95,0.9118336956237187,10000,20,0.0,0.0,8.0
6.508219178082192,0.08818414830531414,4.7636202757892265e-95,0.9118158516946849,10000,20,0.0,0.0,8.0
6.50958904109589,0.08820199188515515,4.664717480839935e-95,0.9117980081148439,10000,20,0.0,0.0,8.0
6.510958904109589,0.08821983511581015,4.5679145767586795e-95,0.9117801648841889,10000,20,0.0,0.0,8.0
6.512328767123288,0.08823767799728596,4.473166036651072e-95,0.9117623220027131,10000,20,0.0,0.0,8.0
6.513698630136986,0.08825552052958943,4.3804273402675996e-95,0.9117444794704097,10000,20,0.0,0.0,8.0
6.515068493150685,0.0882733627127274,4.2896549513289356e-95,0.9117266372872718,10000,20,0.0,0.0,8.0
6.516438356164383,0.08829120454670668,4.2008062953710497e-95,0.9117087954532925,10000,20,0.0,0.0,8.0
6.517808219178082,0.08830904603153411,4.113839738097439e-95,0.9116909539684651,10000,20,0.0,0.0,8.0
6.519178082191781,0.08832688716721653,4.028714564228103e-95,0.9116731128327827,10000,20,0.0,0.0,8.0
6.52054794520548,0.08834472795376076,3.945390956831926e-95,0.9116552720462385,10000,20,0.0,0.0,8.0
6.521917808219178,0.08836256839117364,3.8638299771329974e-95,0.9116374316088256,10000,20,0.0,0.0,8.0
6.523287671232877,0.088380408479462,3.7839935447780895e-95,0.9116195915205372,10000,20,0.0,0.0,8.0
6.524657534246575,0.08839824821863268,3.7058444185562764e-95,0.9116017517813665,10000,20,0.0,0.0,8.0
6.526027397260274,0.0884160876086925,3.629346177558549e-95,0.9115839123913066,10000,20,0.0,0.0,8.0
6.527397260273973,0.08843392664964832,3.5544632027684974e-95,0.9115660733503509,10000,20,0.0,0.0,8.0
6.528767123287671,0.08845176534150694,3.4811606590735035e-95,0.9115482346584923,10000,20,0.0,0.0,8.0
6.53013698630137,0.0884696036842752,3.409404477686225e-95,0.9115303963157241,10000,20,0.0,0.0,8.0
6.531506849315068,0.08848744167795992,3.339161338968016e-95,0.9115125583220394,10000,20,0.0,0.0,8.0
6.532876712328767,0.08850527932256796,3.2703986556435114e-95,0.9114947206774313,10000,20,0.0,0.0,8.0
6.534246575342466,0.08852311661810613,3.203084556398765e-95,0.9114768833818931,10000,20,0.0,0.0,8.0
6.535616438356165,0.08854095356458128,3.137187869852598e-95,0.911459046435418,10000,20,0.0,0.0,8.0
6.536986301369863,0.0885587901620002,3.0726781088939303e-95,0.911441209837999,10000,20,0.0,0.0,8.0
6.538356164383561,0.08857662641036976,3.0095254553752545e-95,0.9114233735896294,10000,20,0.0,0.0,8.0
6.53972602739726,0.08859446230969678,2.9477007451550832e-95,0.9114055376903024,10000,20,0.0,0.0,8.0
6.541095890410959,0.08861229785998809,2.8871754534808408e-95,0.9113877021400111,10000,20,0.0,0.0,8.0
6.542465753424658,0.08863013306125053,2.827921680703943e-95,0.9113698669387487,10000,20,0.0,0.0,8.0
6.543835616438356,0.08864796791349092,2.769912138320352e-95,0.9113520320865083,10000,20,0.0,0.0,8.0
6.545205479452055,0.08866580241671608,2.7131201353278787e-95,0.9113341975832832,10000,20,0.0,0.0,8.0
6.546575342465753,0.08868363657093285,2.657519564894127e-95,0.9113163634290664,10000,20,0.0,0.0,8.0
6.5479452054794525,0.08870147037614808,2.6030848913267012e-95,0.9112985296238512,10000,20,0.0,0.0,8.0
6.549315068493151,0.08871930383236855,2.5497911373398643e-95,0.9112806961676306,10000,20,0.0,0.0,8.0
6.550684931506849,0.08873713693960113,2.497613871609693e-95,0.911262863060398,10000,20,0.0,0.0,8.0
6.552054794520548,0.08875496969785264,2.446529196611946e-95,0.9112450303021465,10000,20,0.0,0.0,8.0
6.553424657534246,0.0887728021071299,2.396513736735765e-95,0.9112271978928693,10000,20,0.0,0.0,8.0
6.554794520547945,0.08879063416743976,2.3475446266665242e-95,0.9112093658325595,10000,20,0.0,0.0,8.0
6.556164383561644,0.08880846587878903,2.2995995000324374e-95,0.9111915341212102,10000,20,0.0,0.0,8.0
6.557534246575343,0.08882629724118456,2.2526564783078428e-95,0.9111737027588147,10000,20,0.0,0.0,8.0
6.558904109589041,0.08884412825463314,2.2066941599682616e-95,0.9111558717453662,10000,20,0.0,0.0,8.0
6.56027397260274,0.08886195891914164,2.1616916098904423e-95,0.9111380410808576,10000,20,0.0,0.0,8.0
6.561643835616438,0.08887978923471686,2.1176283489927183e-95,0.9111202107652824,10000,20,0.0,0.0,8.0
6.563013698630137,0.08889761920136564,2.0744843441092254e-95,0.9111023807986336,10000,20,0.0,0.0,8.0
6.564383561643836,0.08891544881909483,2.032239998093336e-95,0.9110845511809044,10000,20,0.0,0.0,8.0
6.565753424657534,0.08893327808791121,1.9908761401447316e-95,0.911066721912088,10000,20,0.0,0.0,8.0
6.567123287671233,0.08895110700782165,1.9503740163547182e-95,0.9110488929921776,10000,20,0.0,0.0,8.0
6.568493150684931,0.08896893557883294,1.910715280465435e-95,0.9110310644211663,10000,20,0.0,0.0,8.0
6.5698630136986305,0.08898676380095195,1.8718819848372214e-95,0.9110132361990473,10000,20,0.0,0.0,8.0
6.571232876712329,0.08900459167418548,1.833856571620196e-95,0.9109954083258137,10000,20,0.0,0.0,8.0
6.572602739726028,0.08902241919854037,1.7966218641245463e-95,0.9109775808014589,10000,20,0.0,0.0,8.0
6.573972602739726,0.08904024637402343,1.7601610583857616e-95,0.9109597536259758,10000,20,0.0,0.0,8.0
6.575342465753424,0.08905807320064149,1.7244577149195866e-95,0.9109419267993577,10000,20,0.0,0.0,8.0
6.576712328767123,0.0890758996784014,1.689495750662948e-95,0.9109241003215978,10000,20,0.0,0.0,8.0
6.578082191780822,0.08909372580730997,1.6552594310963398e-95,0.9109062741926892,10000,20,0.0,0.0,8.0
6.579452054794521,0.08911155158737404,1.621733362543303e-95,0.9108884484126252,10000,20,0.0,0.0,8.0
6.580821917808219,0.08912937701860041,1.5889024846434896e-95,0.9108706229813988,10000,20,0.0,0.0,8.0
6.582191780821918,0.08914720210099594,1.5567520629946633e-95,0.9108527978990032,10000,20,0.0,0.0,8.0
6.583561643835616,0.08916502683456742,1.5252676819604564e-95,0.9108349731654317,10000,20,0.0,0.0,8.0
6.5849315068493155,0.08918285121932172,1.4944352376394211e-95,0.9108171487806774,10000,20,0.0,0.0,8.0
6.586301369863014,0.08920067525526562,1.464240930992341e-95,0.9107993247447336,10000,20,0.0,0.0,8.0
6.587671232876712,0.08921849894240597,1.4346712611235643e-95,0.9107815010575933,10000,20,0.0,0.0,8.0
6.589041095890411,0.0892363222807496,1.4057130187133377e-95,0.9107636777192496,10000,20,0.0,0.0,8.0
6.590410958904109,0.08925414527030331,1.377353279597485e-95,0.9107458547296958,10000,20,0.0,0.0,8.0
6.5917808219178085,0.08927196791107397,1.3495793984908924e-95,0.9107280320889252,10000,20,0.0,0.0,8.0
6.593150684931507,0.08928979020306838,1.3223790028519742e-95,0.9107102097969307,10000,20,0.0,0.0,8.0
6.594520547945206,0.08930761214629336,1.2957399868843419e-95,0.9106923878537058,10000,20,0.0,0.0,8.0
6.595890410958904,0.08932543374075573,1.2696505056731167e-95,0.9106745662592434,10000,20,0.0,0.0,8.0
6.597260273972603,0.08934325498646234,1.24409896945226e-95,0.9106567450135368,10000,20,0.0,0.0,8.0
6.598630136986301,0.08936107588341999,1.2190740380004815e-95,0.9106389241165791,10000,20,0.0,0.0,8.0
6.6,0.0893788964316355,1.1945646151622772e-95,0.9106211035683636,10000,20,0.0,0.0,8.0
6.601369863013699,0.08939671663111574,1.1705598434916641e-95,0.9106032833688833,10000,20,0.0,0.0,8.0
6.602739726027397,0.0894145364818675,1.1470490990156476e-95,0.9105854635181315,10000,20,0.0,0.0,8.0
6.604109589041096,0.0894323559838976,1.1240219861145509e-95,0.9105676440161015,10000,20,0.0,0.0,8.0
6.605479452054794,0.08945017513721286,1.1014683325169285e-95,0.9105498248627862,10000,20,0.0,0.0,8.0
6.6068493150684935,0.08946799394182013,1.0793781844059937e-95,0.910532006058179,10000,20,0.0,0.0,8.0
6.608219178082192,0.08948581239772621,1.0577418016354973e-95,0.9105141876022729,10000,20,0.0,0.0,8.0
6.609589041095891,0.08950363050493795,1.0365496530521101e-95,0.9104963694950612,10000,20,0.0,0.0,8.0
6.610958904109589,0.08952144826346214,1.0157924119223427e-95,0.910478551736537,10000,20,0.0,0.0,8.0
6.612328767123287,0.08953926567330564,9.954609514612005e-96,0.9104607343266935,10000,20,0.0,0.0,8.0
6.6136986301369864,0.08955708273447525,9.755463404606092e-96,0.9104429172655238,10000,20,0.0,0.0,8.0
6.615068493150685,0.0895748994469778,9.560398390152061e-96,0.9104251005530213,10000,20,0.0,0.0,8.0
6.616438356164384,0.08959271581082012,9.369328943431697e-96,0.9104072841891789,10000,20,0.0,0.0,8.0
6.617808219178082,0.08961053182600902,9.182171367002463e-96,0.91038946817399,10000,20,0.0,0.0,8.0
6.619178082191781,0.08962834749255133,8.998843753844785e-96,0.9103716525074477,10000,20,0.0,0.0,8.0
6.620547945205479,0.08964616281045386,8.81926594829972e-96,0.9103538371895451,10000,20,0.0,0.0,8.0
6.6219178082191785,0.08966397777972344,8.64335950787302e-96,0.9103360222202755,10000,20,0.0,0.0,8.0
6.623287671232877,0.0896817924003669,8.471047665889755e-96,0.9103182075996321,10000,20,0.0,0.0,8.0
6.624657534246575,0.08969960667239106,8.302255294976672e-96,0.9103003933276079,10000,20,0.0,0.0,8.0
6.626027397260274,0.08971742059580275,8.136908871356448e-96,0.9102825794041962,10000,20,0.0,0.0,8.0
6.627397260273972,0.08973523417060876,7.974936439934296e-96,0.9102647658293902,10000,20,0.0,0.0,8.0
6.6287671232876715,0.08975304739681596,7.816267580158026e-96,0.910246952603183,10000,20,0.0,0.0,8.0
6.63013698630137,0.08977086027443112,7.660833372636712e-96,0.9102291397255678,10000,20,0.0,0.0,8.0
6.631506849315069,0.08978867280346112,7.508566366497612e-96,0.9102113271965379,10000,20,0.0,0.0,8.0
6.632876712328767,0.08980648498391272,7.359400547467967e-96,0.9101935150160863,10000,20,0.0,0.0,8.0
6.634246575342466,0.08982429681579279,7.213271306662118e-96,0.9101757031842062,10000,20,0.0,0.0,8.0
6.635616438356164,0.08984210829910812,7.070115410061174e-96,0.9101578917008908,10000,20,0.0,0.0,8.0
6.636986301369863,0.08985991943386554,6.9298709686666515e-96,0.9101400805661334,10000,20,0.0,0.0,8.0
6.638356164383562,0.08987773022007188,6.792477409315273e-96,0.910122269779927,10000,20,0.0,0.0,8.0
6.63972602739726,0.08989554065773395,6.6578754461390595e-96,0.910104459342265,10000,20,0.0,0.0,8.0
6.641095890410959,0.08991335074685858,6.526007052655355e-96,0.9100866492531404,10000,20,0.0,0.0,8.0
6.642465753424657,0.08993116048745257,6.3968154344747775e-96,0.9100688395125465,10000,20,0.0,0.0,8.0
6.6438356164383565,0.08994896987952279,6.270245002610529e-96,0.9100510301204763,10000,20,0.0,0.0,8.0
6.645205479452055,0.089966778923076,6.146241347378255e-96,0.9100332210769231,10000,20,0.0,0.0,8.0
6.646575342465754,0.08998458761811907,6.024751212870521e-96,0.91001541238188,10000,20,0.0,0.0,8.0
6.647945205479452,0.09000239596465878,5.905722471995608e-96,0.9099976040353402,10000,20,0.0,0.0,8.0
6.64931506849315,0.09002020396270197,5.78910410206547e-96,0.9099797960372971,10000,20,0.0,0.0,8.0
6.6506849315068495,0.09003801161225547,5.674846160922507e-96,0.9099619883877436,10000,20,0.0,0.0,8.0
6.652054794520548,0.09005581891332608,5.562899763592251e-96,0.909944181086673,10000,20,0.0,0.0,8.0
6.653424657534247,0.09007362586592063,5.453217059449464e-96,0.9099263741340784,10000,20,0.0,0.0,8.0
6.654794520547945,0.09009143247004593,5.345751209887954e-96,0.9099085675299531,10000,20,0.0,0.0,8.0
6.656164383561644,0.09010923872570882,5.2404563664805875e-96,0.9098907612742902,10000,20,0.0,0.0,8.0
6.657534246575342,0.09012704463291608,5.137287649620776e-96,0.909872955367083,10000,20,0.0,0.0,8.0
6.6589041095890416,0.09014485019167458,5.036201127632445e-96,0.9098551498083245,10000,20,0.0,0.0,8.0
6.66027397260274,0.09016265540199109,4.9371537963401635e-96,0.909837344598008,10000,20,0.0,0.0,8.0
6.661643835616438,0.09018046026387246,4.840103559087071e-96,0.9098195397361266,10000,20,0.0,0.0,8.0
6.663013698630137,0.0901982647773255,4.745009207192245e-96,0.9098017352226736,10000,20,0.0,0.0,8.0
6.664383561643835,0.09021606894235702,4.651830400836991e-96,0.9097839310576421,10000,20,0.0,0.0,8.0
6.6657534246575345,0.09023387275897386,4.560527650369891e-96,0.9097661272410252,10000,20,0.0,0.0,8.0
6.667123287671233,0.09025167622718282,4.47106229802277e-96,0.9097483237728162,10000,20,0.0,0.0,8.0
6.668493150684932,0.09026947934699073,4.383396500026536e-96,0.9097305206530083,10000,20,0.0,0.0,8.0
6.66986301369863,0.0902872821184044,4.297493209119864e-96,0.9097127178815947,10000,20,0.0,0.0,8.0
6.671232876712329,0.09030508454143064,4.213316157440098e-96,0.9096949154585684,10000,20,0.0,0.0,8.0
6.6726027397260275,0.09032288661607628,4.130829839789661e-96,0.9096771133839228,10000,20,0.0,0.0,8.0
6.673972602739726,0.09034068834234812,4.049999497267887e-96,0.9096593116576509,10000,20,0.0,0.0,8.0
6.675342465753425,0.09035848972025301,3.970791101261488e-96,0.909641510279746,10000,20,0.0,0.0,8.0
6.676712328767123,0.09037629074979774,3.893171337785111e-96,0.9096237092502013,10000,20,0.0,0.0,8.0
6.678082191780822,0.09039409143098914,3.8171075921637085e-96,0.9096059085690099,10000,20,0.0,0.0,8.0
6.67945205479452,0.09041189176383402,3.742567934050348e-96,0.909588108236165,10000,20,0.0,0.0,8.0
6.6808219178082195,0.0904296917483392,3.6695211027704776e-96,0.9095703082516597,10000,20,0.0,0.0,8.0
6.682191780821918,0.0904474913845115,3.597936492986933e-96,0.9095525086154874,10000,20,0.0,0.0,8.0
6.683561643835617,0.09046529067235774,3.5277841406770322e-96,0.9095347093276411,10000,20,0.0,0.0,8.0
6.684931506849315,0.09048308961188473,3.4590347094163144e-96,0.9095169103881141,10000,20,0.0,0.0,8.0
6.686301369863013,0.09050088820309928,3.3916594769606893e-96,0.9094991117968996,10000,20,0.0,0.0,8.0
6.6876712328767125,0.09051868644600822,3.325630322121505e-96,0.9094813135539906,10000,20,0.0,0.0,8.0
6.689041095890411,0.09053648434061834,3.260919711926567e-96,0.9094635156593806,10000,20,0.0,0.0,8.0
6.69041095890411,0.0905542818869365,3.1975006890603543e-96,0.9094457181130624,10000,20,0.0,0.0,8.0
6.691780821917808,0.09057207908496946,3.135346859578285e-96,0.9094279209150294,10000,20,0.0,0.0,8.0
6.693150684931507,0.09058987593472409,3.0744323808876753e-96,0.9094101240652748,10000,20,0.0,0.0,8.0
6.6945205479452055,0.09060767243620717,3.0147319499907756e-96,0.9093923275637917,10000,20,0.0,0.0,8.0
6.695890410958905,0.09062546858942554,2.95622079198281e-96,0.9093745314105733,10000,20,0.0,0.0,8.0
6.697260273972603,0.09064326439438598,2.8988746488006125e-96,0.9093567356056129,10000,20,0.0,0.0,8.0
6.698630136986301,0.09066105985109534,2.842669768215131e-96,0.9093389401489036,10000,20,0.0,0.0,8.0
6.7,0.09067885495956042,2.7875828930633492e-96,0.9093211450404385,10000,20,0.0,0.0,8.0
6.701369863013698,0.09069664971978804,2.733591250713938e-96,0.9093033502802109,10000,20,0.0,0.0,8.0
6.7027397260273975,0.09071444413178502,2.6806725427611337e-96,0.9092855558682139,10000,20,0.0,0.0,8.0
6.704109589041096,0.09073223819555815,2.6288049349426694e-96,0.9092677618044408,10000,20,0.0,0.0,8.0
6.705479452054795,0.09075003191111428,2.5779670472757374e-96,0.9092499680888847,10000,20,0.0,0.0,8.0
6.706849315068493,0.09076782527846018,2.5281379444072558e-96,0.9092321747215388,10000,20,0.0,0.0,8.0
6.708219178082192,0.09078561829760272,2.47929712617264e-96,0.9092143817023963,10000,20,0.0,0.0,8.0
6.7095890410958905,0.09080341096854866,2.431424518359528e-96,0.9091965890314504,10000,20,0.0,0.0,8.0
6.710958904109589,0.09082120329130484,2.3845004636709354e-96,0.9091787967086942,10000,20,0.0,0.0,8.0
6.712328767123288,0.09083899526587809,2.33850571288425e-96,0.909161004734121,10000,20,0.0,0.0,8.0
6.713698630136986,0.09085678689227518,2.2934214162014086e-96,0.9091432131077238,10000,20,0.0,0.0,8.0
6.715068493150685,0.09087457817050297,2.2492291147857714e-96,0.9091254218294961,10000,20,0.0,0.0,8.0
6.7164383561643834,0.09089236910056823,2.2059107324823087e-96,0.9091076308994308,10000,20,0.0,0.0,8.0
6.717808219178083,0.09091015968247781,2.163448567716168e-96,0.9090898403175213,10000,20,0.0,0.0,8.0
6.719178082191781,0.09092794991623851,2.1218252855666046e-96,0.9090720500837606,10000,20,0.0,0.0,8.0
6.72054794520548,0.09094573980185715,2.081023910011528e-96,0.909054260198142,10000,20,0.0,0.0,8.0
6.721917808219178,0.09096352933934052,2.041027816339788e-96,0.9090364706606586,10000,20,0.0,0.0,8.0
6.723287671232876,0.09098131852869544,2.0018207237266776e-96,0.9090186814713037,10000,20,0.0,0.0,8.0
6.7246575342465755,0.09099910736992875,1.9633866879697364e-96,0.9090008926300704,10000,20,0.0,0.0,8.0
6.726027397260274,0.09101689586304723,1.9257100943810584e-96,0.9089831041369519,10000,20,0.0,0.0,8.0
6.727397260273973,0.09103468400805771,1.8887756508324305e-96,0.9089653159919414,10000,20,0.0,0.0,8.0
6.728767123287671,0.09105247180496699,1.8525683809505628e-96,0.9089475281950321,10000,20,0.0,0.0,8.0
6.73013698630137,0.0910702592537819,1.8170736174583638e-96,0.9089297407462172,10000,20,0.0,0.0,8.0
6.7315068493150685,0.09108804635450923,1.7822769956598213e-96,0.9089119536454899,10000,20,0.0,0.0,8.0
6.732876712328768,0.09110583310715582,1.7481644470645978e-96,0.9088941668928433,10000,20,0.0,0.0,8.0
6.734246575342466,0.09112361951172845,1.714722193150005e-96,0.9088763804882707,10000,20,0.0,0.0,8.0
6.735616438356164,0.09114140556823395,1.68193673925666e-96,0.9088585944317652,10000,20,0.0,0.0,8.0
6.736986301369863,0.09115919127667914,1.649794868615447e-96,0.9088408087233201,10000,20,0.0,0.0,8.0
6.738356164383561,0.0911769766370708,1.6182836365026852e-96,0.9088230233629284,10000,20,0.0,0.0,8.0
6.739726027397261,0.09119476164941578,1.587390364520502e-96,0.9088052383505835,10000,20,0.0,0.0,8.0
6.741095890410959,0.09121254631372086,1.5571026350001809e-96,0.9087874536862784,10000,20,0.0,0.0,8.0
6.742465753424658,0.09123033062999286,1.5274082855251732e-96,0.9087696693700065,10000,20,0.0,0.0,8.0
6.743835616438356,0.09124811459823859,1.4982954035717928e-96,0.9087518854017608,10000,20,0.0,0.0,8.0
6.745205479452055,0.09126589821846487,1.469752321264401e-96,0.9087341017815345,10000,20,0.0,0.0,8.0
6.7465753424657535,0.09128368149067849,1.4417676102431941e-96,0.9087163185093209,10000,20,0.0,0.0,8.0
6.747945205479452,0.09130146441488628,1.4143300766415559e-96,0.908698535585113,10000,20,0.0,0.0,8.0
6.749315068493151,0.09131924699109505,1.3874287561710458e-96,0.9086807530089043,10000,20,0.0,0.0,8.0
6.750684931506849,0.0913370292193116,1.3610529093114909e-96,0.9086629707806877,10000,20,0.0,0.0,8.0
6.752054794520548,0.09135481109954274,1.3351920166037215e-96,0.9086451889004565,10000,20,0.0,0.0,8.0
6.7534246575342465,0.09137259263179529,1.3098357740431416e-96,0.908627407368204,10000,20,0.0,0.0,8.0
6.754794520547946,0.09139037381607605,1.2849740885714159e-96,0.9086096261839233,10000,20,0.0,0.0,8.0
6.756164383561644,0.09140815465239184,1.2605970736646675e-96,0.9085918453476075,10000,20,0.0,0.0,8.0
6.757534246575343,0.09142593514074947,1.236695045015566e-96,0.9085740648592499,10000,20,0.0,0.0,8.0
6.758904109589041,0.09144371528115573,1.2132585163077753e-96,0.9085562847188436,10000,20,0.0,0.0,8.0
6.760273972602739,0.09146149507361744,1.1902781950802646e-96,0.9085385049263819,10000,20,0.0,0.0,8.0
6.761643835616439,0.09147927451814142,1.167744978679922e-96,0.9085207254818579,10000,20,0.0,0.0,8.0
6.763013698630137,0.09149705361473445,1.1456499503003885e-96,0.9085029463852649,10000,20,0.0,0.0,8.0
6.764383561643836,0.09151483236340338,1.1239843751051052e-96,0.9084851676365959,10000,20,0.0,0.0,8.0
6.765753424657534,0.09153261076415499,1.102739696433101e-96,0.9084673892358444,10000,20,0.0,0.0,8.0
6.767123287671233,0.0915503888169961,1.081907532085287e-96,0.9084496111830033,10000,20,0.0,0.0,8.0
6.7684931506849315,0.0915681665219335,1.0614796706899573e-96,0.9084318334780659,10000,20,0.0,0.0,8.0
6.76986301369863,0.09158594387897402,1.0414480681453546e-96,0.9084140561210253,10000,20,0.0,0.0,8.0
6.771232876712329,0.09160372088812446,1.0218048441379702e-96,0.9083962791118749,10000,20,0.0,0.0,8.0
6.772602739726027,0.09162149754939163,1.002542278734797e-96,0.9083785024506078,10000,20,0.0,0.0,8.0
6.773972602739726,0.09163927386278234,9.836528090478152e-97,0.9083607261372171,10000,20,0.0,0.0,8.0
6.7753424657534245,0.09165704982830337,9.651290259694573e-97,0.9083429501716961,10000,20,0.0,0.0,8.0
6.776712328767124,0.09167482544596157,9.469636709771351e-97,0.9083251745540378,10000,20,0.0,0.0,8.0
6.778082191780822,0.09169260071576373,9.291496330057227e-97,0.9083073992842357,10000,20,0.0,0.0,8.0
6.779452054794521,0.09171037563771665,9.116799453861459e-97,0.9082896243622828,10000,20,0.0,0.0,8.0
6.780821917808219,0.09172815021182715,8.945477828490228e-97,0.9082718497881723,10000,20,0.0,0.0,8.0
6.782191780821917,0.09174592443810202,8.777464585915953e-97,0.9082540755618974,10000,20,0.0,0.0,8.0
6.7835616438356166,0.09176369831654808,8.61269421406869e-97,0.9082363016834514,10000,20,0.0,0.0,8.0
6.784931506849315,0.09178147184717213,8.451102528735011e-97,0.9082185281528273,10000,20,0.0,0.0,8.0
6.786301369863014,0.09179924502998099,8.292626646050261e-97,0.9082007549700185,10000,20,0.0,0.0,8.0
6.787671232876712,0.09181701786498145,8.137204955573991e-97,0.908182982135018,10000,20,0.0,0.0,8.0
6.789041095890411,0.09183479035218033,7.984777093932809e-97,0.9081652096478191,10000,20,0.0,0.0,8.0
6.7904109589041095,0.09185256249158441,7.835283919021644e-97,0.908147437508415,10000,20,0.0,0.0,8.0
6.791780821917809,0.09187033428320053,7.688667484748244e-97,0.9081296657167989,10000,20,0.0,0.0,8.0
6.793150684931507,0.09188810572703547,7.544871016312314e-97,0.9081118942729639,10000,20,0.0,0.0,8.0
6.794520547945205,0.09190587682309605,7.403838886004809e-97,0.9080941231769033,10000,20,0.0,0.0,8.0
6.795890410958904,0.09192364757138909,7.26551658951859e-97,0.9080763524286103,10000,20,0.0,0.0,8.0
6.7972602739726025,0.09194141797192136,7.129850722758454e-97,0.908058582028078,10000,20,0.0,0.0,8.0
6.798630136986302,0.0919591880246997,6.996788959138961e-97,0.9080408119752996,10000,20,0.0,0.0,8.0
6.8,0.09197695772973088,6.866280027361758e-97,0.9080230422702684,10000,20,0.0,0.0,8.0
6.801369863013699,0.09199472708702175,6.738273689659427e-97,0.9080052729129776,10000,20,0.0,0.0,8.0
6.802739726027397,0.09201249609657906,6.612720720498555e-97,0.9079875039034203,10000,20,0.0,0.0,8.0
6.804109589041096,0.09203026475840967,6.489572885729501e-97,0.9079697352415897,10000,20,0.0,0.0,8.0
6.8054794520547945,0.09204803307252034,6.368782922175908e-97,0.907951966927479,10000,20,0.0,0.0,8.0
6.806849315068493,0.0920658010389179,6.250304517652021e-97,0.9079341989610815,10000,20,0.0,0.0,8.0
6.808219178082192,0.09208356865760915,6.134092291400646e-97,0.9079164313423903,10000,20,0.0,0.0,8.0
6.80958904109589,0.09210133592860088,6.020101774941914e-97,0.9078986640713985,10000,20,0.0,0.0,8.0
6.810958904109589,0.09211910285189992,5.908289393323343e-97,0.9078808971480995,10000,20,0.0,0.0,8.0
6.8123287671232875,0.09213686942751305,5.798612446764439e-97,0.9078631305724864,10000,20,0.0,0.0,8.0
6.813698630136987,0.0921546356554471,5.691029092685141e-97,0.9078453643445523,10000,20,0.0,0.0,8.0
6.815068493150685,0.09217240153570884,5.585498328112185e-97,0.9078275984642906,10000,20,0.0,0.0,8.0
6.816438356164384,0.09219016706830511,5.481979972453065e-97,0.9078098329316944,10000,20,0.0,0.0,8.0
6.817808219178082,0.09220793225324268,5.38043465063194e-97,0.9077920677467568,10000,20,0.0,0.0,8.0
6.8191780821917805,0.09222569709052837,5.280823776577646e-97,0.9077743029094711,10000,20,0.0,0.0,8.0
6.82054794520548,0.092243461580169,5.183109537057979e-97,0.9077565384198305,10000,20,0.0,0.0,8.0
6.821917808219178,0.09226122572217134,5.087254875852169e-97,0.9077387742778281,10000,20,0.0,0.0,8.0
6.823287671232877,0.09227898951654222,4.993223478253725e-97,0.9077210104834572,10000,20,0.0,0.0,8.0
6.824657534246575,0.09229675296328842,4.900979755898155e-97,0.907703247036711,10000,20,0.0,0.0,8.0
6.826027397260274,0.09231451606241677,4.810488831906725e-97,0.9076854839375826,10000,20,0.0,0.0,8.0
6.8273972602739725,0.09233227881393404,4.721716526341468e-97,0.9076677211860653,10000,20,0.0,0.0,8.0
6.828767123287672,0.09235004121784705,4.6346293419628965e-97,0.9076499587821523,10000,20,0.0,0.0,8.0
6.83013698630137,0.09236780327416261,4.5491944502858575e-97,0.9076321967258367,10000,20,0.0,0.0,8.0
6.831506849315068,0.09238556498288751,4.4653796779253887e-97,0.9076144350171118,10000,20,0.0,0.0,8.0
6.832876712328767,0.09240332634402856,4.383153493227838e-97,0.9075966736559707,10000,20,0.0,0.0,8.0
6.8342465753424655,0.09242108735759255,4.3024849931805895e-97,0.9075789126424068,10000,20,0.0,0.0,8.0
6.835616438356165,0.0924388480235863,4.223343890593973e-97,0.907561151976413,10000,20,0.0,0.0,8.0
6.836986301369863,0.09245660834201659,4.14570050155087e-97,0.9075433916579827,10000,20,0.0,0.0,8.0
6.838356164383562,0.09247436831289024,4.069525733116735e-97,0.9075256316871091,10000,20,0.0,0.0,8.0
6.83972602739726,0.09249212793621404,3.9947910713061224e-97,0.9075078720637852,10000,20,0.0,0.0,8.0
6.841095890410959,0.09250988721199481,3.9214685692986876e-97,0.9074901127880045,10000,20,0.0,0.0,8.0
6.842465753424658,0.09252764614023933,3.8495308359009243e-97,0.90747235385976,10000,20,0.0,0.0,8.0
6.843835616438356,0.09254540472095439,3.778951024246947e-97,0.9074545952790449,10000,20,0.0,0.0,8.0
6.845205479452055,0.09256316295414684,3.709702820734435e-97,0.9074368370458525,10000,20,0.0,0.0,8.0
6.846575342465753,0.09258092083982343,3.6417604341902703e-97,0.907419079160176,10000,20,0.0,0.0,8.0
6.847945205479452,0.09259867837799099,3.5750985852605764e-97,0.9074013216220084,10000,20,0.0,0.0,8.0
6.8493150684931505,0.0926164355686563,3.5096924960215037e-97,0.907383564431343,10000,20,0.0,0.0,8.0
6.85068493150685,0.09263419241182619,3.4455178798047454e-97,0.9073658075881732,10000,20,0.0,0.0,8.0
6.852054794520548,0.09265194890750743,3.382550931234606e-97,0.907348051092492,10000,20,0.0,0.0,8.0
6.853424657534247,0.09266970505570683,3.3207683164708083e-97,0.9073302949442925,10000,20,0.0,0.0,8.0
6.854794520547945,0.09268746085643119,3.260147163654006e-97,0.9073125391435681,10000,20,0.0,0.0,8.0
6.8561643835616435,0.09270521630968731,3.20066505354847e-97,0.907294783690312,10000,20,0.0,0.0,8.0
6.857534246575343,0.092722971415482,3.1423000103787755e-97,0.9072770285845173,10000,20,0.0,0.0,8.0
6.858904109589041,0.09274072617382204,3.0850304928559993e-97,0.9072592738261772,10000,20,0.0,0.0,8.0
6.86027397260274,0.09275848058471425,3.028835385389052e-97,0.907241519415285,10000,20,0.0,0.0,8.0
6.861643835616438,0.09277623464816541,2.973693989478178e-97,0.9072237653518338,10000,20,0.0,0.0,8.0
6.863013698630137,0.09279398836418234,2.919586015285639e-97,0.9072060116358168,10000,20,0.0,0.0,8.0
6.864383561643836,0.09281174173277182,2.8664915733810037e-97,0.9071882582672274,10000,20,0.0,0.0,8.0
6.865753424657535,0.09282949475394066,2.81439116665623e-97,0.9071705052460586,10000,20,0.0,0.0,8.0
6.867123287671233,0.09284724742769565,2.7632656824080785e-97,0.9071527525723035,10000,20,0.0,0.0,8.0
6.868493150684931,0.0928649997540436,2.713096384583277e-97,0.9071350002459556,10000,20,0.0,0.0,8.0
6.86986301369863,0.0928827517329913,2.663864906183852e-97,0.9071172482670079,10000,20,0.0,0.0,8.0
6.8712328767123285,0.09290050336454556,2.615553241828919e-97,0.9070994966354536,10000,20,0.0,0.0,8.0
6.872602739726028,0.09291825464871316,2.568143740469336e-97,0.907081745351286,10000,20,0.0,0.0,8.0
6.873972602739726,0.0929360055855009,2.521619098252783e-97,0.9070639944144983,10000,20,0.0,0.0,8.0
6.875342465753425,0.0929537561749156,2.47596235153516e-97,0.9070462438250836,10000,20,0.0,0.0,8.0
6.876712328767123,0.09297150641696403,2.431156870036194e-97,0.9070284935830352,10000,20,0.0,0.0,8.0
6.878082191780822,0.09298925631165302,2.3871863501352794e-97,0.9070107436883462,10000,20,0.0,0.0,8.0
6.879452054794521,0.09300700585898933,2.3440348083055434e-97,0.9069929941410099,10000,20,0.0,0.0,8.0
6.880821917808219,0.09302475505897978,2.3016865746823497e-97,0.9069752449410194,10000,20,0.0,0.0,8.0
6.882191780821918,0.09304250391163117,2.2601262867641305e-97,0.9069574960883681,10000,20,0.0,0.0,8.0
6.883561643835616,0.09306025241695028,2.2193388832424838e-97,0.906939747583049,10000,20,0.0,0.0,8.0
6.884931506849315,0.09307800057494392,2.1793095979585736e-97,0.9069219994250554,10000,20,0.0,0.0,8.0
6.8863013698630136,0.09309574838561888,2.1400239539838464e-97,0.9069042516143804,10000,20,0.0,0.0,8.0
6.887671232876713,0.09311349584898197,2.1014677578216514e-97,0.9068865041510172,10000,20,0.0,0.0,8.0
6.889041095890411,0.09313124296503997,2.06362709372806e-97,0.9068687570349593,10000,20,0.0,0.0,8.0
6.89041095890411,0.09314898973379969,2.026488318148584e-97,0.9068510102661995,10000,20,0.0,0.0,8.0
6.891780821917808,0.09316673615526791,1.990038054269161e-97,0.9068332638447313,10000,20,0.0,0.0,8.0
6.8931506849315065,0.09318448222945144,1.9542631866782674e-97,0.9068155177705478,10000,20,0.0,0.0,8.0
6.894520547945206,0.09320222795635709,1.9191508561384403e-97,0.9067977720436422,10000,20,0.0,0.0,8.0
6.895890410958904,0.09321997333599162,1.8846884544646754e-97,0.9067800266640077,10000,20,0.0,0.0,8.0
6.897260273972603,0.09323771836836187,1.8508636195072567e-97,0.9067622816316374,10000,20,0.0,0.0,8.0
6.898630136986301,0.09325546305347458,1.817664230237396e-97,0.9067445369465247,10000,20,0.0,0.0,8.0
6.9,0.0932732073913366,1.7850784019328543e-97,0.9067267926086626,10000,20,0.0,0.0,8.0
6.901369863013699,0.09329095138195469,1.7530944814621541e-97,0.9067090486180446,10000,20,0.0,0.0,8.0
6.902739726027398,0.09330869502533566,1.7217010426646518e-97,0.9066913049746637,10000,20,0.0,0.0,8.0
6.904109589041096,0.0933264383214863,1.690886881825138e-97,0.906673561678513,10000,20,0.0,0.0,8.0
6.905479452054794,0.0933441812704134,1.660641013240365e-97,0.9066558187295859,10000,20,0.0,0.0,8.0
6.906849315068493,0.09336192387212378,1.6309526648760952e-97,0.9066380761278755,10000,20,0.0,0.0,8.0
6.9082191780821915,0.0933796661266242,1.6018112741125802e-97,0.906620333873375,10000,20,0.0,0.0,8.0
6.909589041095891,0.09339740803392148,1.57320648357645e-97,0.9066025919660777,10000,20,0.0,0.0,8.0
6.910958904109589,0.09341514959402239,1.5451281370576868e-97,0.9065848504059768,10000,20,0.0,0.0,8.0
6.912328767123288,0.09343289080693376,1.5175662755093367e-97,0.9065671091930655,10000,20,0.0,0.0,8.0
6.913698630136986,0.09345063167266235,1.4905111331288307e-97,0.9065493683273369,10000,20,0.0,0.0,8.0
6.915068493150685,0.09346837219121498,1.4639531335186432e-97,0.9065316278087843,10000,20,0.0,0.0,8.0
6.916438356164384,0.09348611236259842,1.4378828859252092e-97,0.9065138876374008,10000,20,0.0,0.0,8.0
6.917808219178082,0.09350385218681947,1.4122911815539375e-97,0.9064961478131798,10000,20,0.0,0.0,8.0
6.919178082191781,0.09352159166388496,1.3871689899591742e-97,0.9064784083361143,10000,20,0.0,0.0,8.0
6.920547945205479,0.09353933079380164,1.362507455507386e-97,0.9064606692061976,10000,20,0.0,0.0,8.0
6.921917808219178,0.09355706957657632,1.3382978939118933e-97,0.9064429304234229,10000,20,0.0,0.0,8.0
6.923287671232877,0.09357480801221578,1.3145317888380698e-97,0.9064251919877835,10000,20,0.0,0.0,8.0
6.924657534246576,0.09359254610072683,1.291200788577059e-97,0.9064074538992725,10000,20,0.0,0.0,8.0
6.926027397260274,0.09361028384211625,1.2682967027870912e-97,0.906389716157883,10000,20,0.0,0.0,8.0
6.927397260273973,0.09362802123639086,1.2458114993005129e-97,0.9063719787636084,10000,20,0.0,0.0,8.0
6.928767123287671,0.09364575828355741,1.2237373009956485e-97,0.9063542417164419,10000,20,0.0,0.0,8.0
6.9301369863013695,0.09366349498362271,1.2020663827317025e-97,0.9063365050163765,10000,20,0.0,0.0,8.0
6.931506849315069,0.09368123133659358,1.1807911683457612e-97,0.9063187686634057,10000,20,0.0,0.0,8.0
6.932876712328767,0.09369896734247678,1.1599042277104652e-97,0.9063010326575225,10000,20,0.0,0.0,8.0
6.934246575342466,0.09371670300127911,1.1393982738509678e-97,0.9062832969987201,10000,20,0.0,0.0,8.0
6.935616438356164,0.09373443831300736,1.1192661601202961e-97,0.9062655616869919,10000,20,0.0,0.0,8.0
6.936986301369863,0.09375217327766834,1.0995008774314943e-97,0.906247826722331,10000,20,0.0,0.0,8.0
6.938356164383562,0.09376990789526882,1.0800955515458015e-97,0.9062300921047305,10000,20,0.0,0.0,8.0
6.939726027397261,0.0937876421658156,1.0610434404152955e-97,0.9062123578341837,10000,20,0.0,0.0,8.0
6.941095890410959,0.09380537608931547,1.0423379315792886e-97,0.9061946239106838,10000,20,0.0,0.0,8.0
6.942465753424657,0.09382310966577521,1.0239725396129802e-97,0.9061768903342241,10000,20,0.0,0.0,8.0
6.943835616438356,0.09384084289520166,1.0059409036276017e-97,0.9061591571047977,10000,20,0.0,0.0,8.0
6.945205479452055,0.09385857577760155,9.882367848208692e-98,0.9061414242223977,10000,20,0.0,0.0,8.0
6.946575342465754,0.09387630831298172,9.708540640765966e-98,0.9061236916870176,10000,20,0.0,0.0,8.0
6.947945205479452,0.0938940405013489,9.537867396127456e-98,0.9061059594986504,10000,20,0.0,0.0,8.0
6.949315068493151,0.09391177234270995,9.370289246765682e-98,0.9060882276572894,10000,20,0.0,0.0,8.0
6.950684931506849,0.0939295038370716,9.20574845286229e-98,0.9060704961629277,10000,20,0.0,0.0,8.0
6.952054794520548,0.0939472349844407,9.04418838017606e-98,0.9060527650155585,10000,20,0.0,0.0,8.0
6.953424657534247,0.093964965784824,8.885553478356849e-98,0.9060350342151753,10000,20,0.0,0.0,8.0
6.954794520547945,0.09398269623822829,8.729789259693067e-98,0.906017303761771,10000,20,0.0,0.0,8.0
6.956164383561644,0.09400042634466038,8.57684227828641e-98,0.9059995736553389,10000,20,0.0,0.0,8.0
6.957534246575342,0.09401815610412705,8.426660109644028e-98,0.9059818438958722,10000,20,0.0,0.0,8.0
6.958904109589041,0.0940358855166351,8.279191330678637e-98,0.9059641144833642,10000,20,0.0,0.0,8.0
6.96027397260274,0.09405361458219129,8.134385500110648e-98,0.905946385417808,10000,20,0.0,0.0,8.0
6.961643835616439,0.09407134330080244,7.992193139261116e-98,0.9059286566991969,10000,20,0.0,0.0,8.0
6.963013698630137,0.09408907167247532,7.85256571323053e-98,0.905910928327524,10000,20,0.0,0.0,8.0
6.964383561643836,0.09410679969721675,7.715455612452593e-98,0.9058932003027825,10000,20,0.0,0.0,8.0
6.965753424657534,0.09412452737503348,7.580816134618258e-98,0.9058754726249658,10000,20,0.0,0.0,8.0
6.967123287671233,0.09414225470593231,7.44860146695965e-98,0.9058577452940669,10000,20,0.0,0.0,8.0
6.968493150684932,0.09415998168992004,7.318766668888779e-98,0.9058400183100792,10000,20,0.0,0.0,8.0
6.96986301369863,0.09417770832700345,7.191267654982876e-98,0.9058222916729958,10000,20,0.0,0.0,8.0
6.971232876712329,0.09419543461718935,7.066061178308478e-98,0.9058045653828098,10000,20,0.0,0.0,8.0
6.972602739726027,0.0942131605604845,6.943104814079432e-98,0.9057868394395147,10000,20,0.0,0.0,8.0
6.973972602739726,0.0942308861568957,6.82235694363946e-98,0.9057691138431034,10000,20,0.0,0.0,8.0
6.975342465753425,0.09424861140642973,6.703776738765257e-98,0.9057513885935694,10000,20,0.0,0.0,8.0
6.976712328767124,0.09426633630909341,6.587324146281064e-98,0.9057336636909057,10000,20,0.0,0.0,8.0
6.978082191780822,0.09428406086489348,6.472959872980865e-98,0.9057159391351056,10000,20,0.0,0.0,8.0
6.97945205479452,0.09430178507383676,6.360645370849569e-98,0.9056982149261623,10000,20,0.0,0.0,8.0
6.980821917808219,0.09431950893593004,6.250342822579005e-98,0.905680491064069,10000,20,0.0,0.0,8.0
6.982191780821918,0.09433723245118009,6.142015127371943e-98,0.9056627675488189,10000,20,0.0,0.0,8.0
6.983561643835617,0.09435495561959371,6.035625887027623e-98,0.9056450443804053,10000,20,0.0,0.0,8.0
6.984931506849315,0.09437267844117768,5.931139392304816e-98,0.9056273215588213,10000,20,0.0,0.0,8.0
6.986301369863014,0.0943904009159388,5.8285206095546335e-98,0.9056095990840602,10000,20,0.0,0.0,8.0
6.987671232876712,0.09440812304388382,5.727735167619796e-98,0.9055918769561152,10000,20,0.0,0.0,8.0
6.9890410958904114,0.09442584482501958,5.628749344992807e-98,0.9055741551749794,10000,20,0.0,0.0,8.0
6.99041095890411,0.09444356625935282,5.531530057229892e-98,0.9055564337406462,10000,20,0.0,0.0,8.0
6.991780821917808,0.09446128734689035,5.436044844613512e-98,0.9055387126531087,10000,20,0.0,0.0,8.0
6.993150684931507,0.09447900808763897,5.342261860060016e-98,0.9055209919123601,10000,20,0.0,0.0,8.0
6.994520547945205,0.09449672848160542,5.2501498572668154e-98,0.9055032715183937,10000,20,0.0,0.0,8.0
6.995890410958904,0.09451444852879655,5.1596781790936474e-98,0.9054855514712026,10000,20,0.0,0.0,8.0
6.997260273972603,0.09453216822921909,5.070816746174683e-98,0.90546783177078,10000,20,0.0,0.0,8.0
6.998630136986302,0.09454988758287985,4.9835360457549806e-98,0.9054501124171193,10000,20,0.0,0.0,8.0
7.0,0.09456760658978562,4.8978071207486024e-98,0.9054323934102135,10000,20,0.0,0.0,8.0
7.001369863013699,0.09458532524994319,4.813601559012101e-98,0.905414674750056,10000,20,0.0,0.0,8.0
7.002739726027397,0.09460304356335932,4.730891482830805e-98,0.9053969564366399,10000,20,0.0,0.0,8.0
7.004109589041096,0.0946207615300408,4.649649538611906e-98,0.9053792384699584,10000,20,0.0,0.0,8.0
7.005479452054795,0.09463847914999444,4.569848886781541e-98,0.9053615208500048,10000,20,0.0,0.0,8.0
7.006849315068493,0.09465619642322701,4.4914631918811855e-98,0.9053438035767722,10000,20,0.0,0.0,8.0
7.008219178082192,0.0946739133497453,4.414466612858856e-98,0.9053260866502539,10000,20,0.0,0.0,8.0
7.00958904109589,0.09469162992955608,4.338833793552456e-98,0.9053083700704432,10000,20,0.0,0.0,8.0
7.010958904109589,0.09470934616266617,4.2645398533598363e-98,0.9052906538373331,10000,20,0.0,0.0,8.0
7.012328767123288,0.09472706204908232,4.191560378093396e-98,0.9052729379509169,10000,20,0.0,0.0,8.0
7.013698630136986,0.09474477758881132,4.119871411013996e-98,0.9052552224111879,10000,20,0.0,0.0,8.0
7.015068493150685,0.09476249278185997,4.049449444041785e-98,0.9052375072181393,10000,20,0.0,0.0,8.0
7.016438356164383,0.09478020762823504,3.980271409139887e-98,0.9052197923717643,10000,20,0.0,0.0,8.0
7.017808219178082,0.09479792212794333,3.912314669867033e-98,0.905202077872056,10000,20,0.0,0.0,8.0
7.019178082191781,0.0948156362809916,3.845557013096874e-98,0.9051843637190077,10000,20,0.0,0.0,8.0
7.02054794520548,0.09483335008738665,3.779976640899233e-98,0.9051666499126126,10000,20,0.0,0.0,8.0
7.021917808219178,0.09485106354713525,3.715552162581458e-98,0.9051489364528641,10000,20,0.0,0.0,8.0
7.023287671232877,0.09486877666024421,3.6522625868852814e-98,0.9051312233397552,10000,20,0.0,0.0,8.0
7.024657534246575,0.09488648942672029,3.5900873143374185e-98,0.905113510573279,10000,20,0.0,0.0,8.0
7.026027397260274,0.09490420184657028,3.52900612974953e-98,0.9050957981534291,10000,20,0.0,0.0,8.0
7.027397260273973,0.09492191391980097,3.468999194865593e-98,0.9050780860801985,10000,20,0.0,0.0,8.0
7.028767123287671,0.09493962564641913,3.410047041153298e-98,0.9050603743535803,10000,20,0.0,0.0,8.0
7.03013698630137,0.09495733702643155,3.3521305627362137e-98,0.905042662973568,10000,20,0.0,0.0,8.0
7.031506849315068,0.09497504805984501,3.2952310094648684e-98,0.9050249519401545,10000,20,0.0,0.0,8.0
7.032876712328767,0.09499275874666631,3.239329980122778e-98,0.9050072412533332,10000,20,0.0,0.0,8.0
7.034246575342466,0.0950104690869022,3.184409415765928e-98,0.9049895309130973,10000,20,0.0,0.0,8.0
7.035616438356165,0.0950281790805595,3.13045159319186e-98,0.9049718209194401,10000,20,0.0,0.0,8.0
7.036986301369863,0.09504588872764495,3.077439118536934e-98,0.9049541112723546,10000,20,0.0,0.0,8.0
7.038356164383561,0.09506359802816536,3.025354920998093e-98,0.9049364019718342,10000,20,0.0,0.0,8.0
7.03972602739726,0.09508130698212752,2.9741822466775366e-98,0.9049186930178721,10000,20,0.0,0.0,8.0
7.041095890410959,0.09509901558953819,2.9239046525474877e-98,0.9049009844104614,10000,20,0.0,0.0,8.0
7.042465753424658,0.09511672385040416,2.8745060005323288e-98,0.9048832761495954,10000,20,0.0,0.0,8.0
7.043835616438356,0.09513443176473221,2.8259704517065952e-98,0.9048655682352673,10000,20,0.0,0.0,8.0
7.045205479452055,0.09515213933252914,2.7782824606055085e-98,0.9048478606674704,10000,20,0.0,0.0,8.0
7.046575342465753,0.0951698465538017,2.7314267696468227e-98,0.9048301534461978,10000,20,0.0,0.0,8.0
7.0479452054794525,0.0951875534285567,2.6853884036607726e-98,0.9048124465714428,10000,20,0.0,0.0,8.0
7.049315068493151,0.09520525995680089,2.6401526645269505e-98,0.9047947400431986,10000,20,0.0,0.0,8.0
7.050684931506849,0.09522296613854107,2.5957051259150473e-98,0.9047770338614585,10000,20,0.0,0.0,8.0
7.052054794520548,0.09524067197378404,2.5520316281281422e-98,0.9047593280262155,10000,20,0.0,0.0,8.0
7.053424657534246,0.09525837746253654,2.5091182730461943e-98,0.904741622537463,10000,20,0.0,0.0,8.0
7.054794520547945,0.09527608260480538,2.4669514191674758e-98,0.9047239173951942,10000,20,0.0,0.0,8.0
7.056164383561644,0.09529378740059732,2.4255176767466937e-98,0.9047062125994022,10000,20,0.0,0.0,8.0
7.057534246575343,0.09531149184991916,2.3848039030270276e-98,0.9046885081500804,10000,20,0.0,0.0,8.0
7.058904109589041,0.09532919595277767,2.3447971975650867e-98,0.9046708040472219,10000,20,0.0,0.0,8.0
7.06027397260274,0.09534689970917963,2.305484897646092e-98,0.9046531002908199,10000,20,0.0,0.0,8.0
7.061643835616438,0.09536460311913182,2.2668545737883276e-98,0.9046353968808677,10000,20,0.0,0.0,8.0
7.063013698630137,0.09538230618264101,2.2288940253343e-98,0.9046176938173585,10000,20,0.0,0.0,8.0
7.064383561643836,0.09540000889971402,2.1915912761275166e-98,0.9045999911002854,10000,20,0.0,0.0,8.0
7.065753424657534,0.09541771127035757,2.1549345702729367e-98,0.9045822887296419,10000,20,0.0,0.0,8.0
7.067123287671233,0.0954354132945785,2.1189123679791994e-98,0.904564586705421,10000,20,0.0,0.0,8.0
7.068493150684931,0.09545311497238354,2.0835133414816067e-98,0.9045468850276159,10000,20,0.0,0.0,8.0
7.0698630136986305,0.0954708163037795,2.048726371043536e-98,0.9045291836962199,10000,20,0.0,0.0,8.0
7.071232876712329,0.09548851728877314,2.0145405410354706e-98,0.9045114827112263,10000,20,0.0,0.0,8.0
7.072602739726028,0.09550621792737125,1.980945136089388e-98,0.9044937820726282,10000,20,0.0,0.0,8.0
7.073972602739726,0.09552391821958059,1.9479296373277297e-98,0.9044760817804188,10000,20,0.0,0.0,8.0
7.075342465753424,0.09554161816540796,1.915483718664804e-98,0.9044583818345915,10000,20,0.0,0.0,8.0
7.076712328767123,0.09555931776486014,1.8835972431797285e-98,0.9044406822351393,10000,20,0.0,0.0,8.0
7.078082191780822,0.09557701701794388,1.852260259559288e-98,0.9044229829820556,10000,20,0.0,0.0,8.0
7.079452054794521,0.095594715924666,1.821462998609123e-98,0.9044052840753335,10000,20,0.0,0.0,8.0
7.080821917808219,0.09561241448503323,1.7911958698324125e-98,0.9043875855149662,10000,20,0.0,0.0,8.0
7.082191780821918,0.09563011269905239,1.7614494580741006e-98,0.904369887300947,10000,20,0.0,0.0,8.0
7.083561643835616,0.09564781056673023,1.732214520230004e-98,0.9043521894332692,10000,20,0.0,0.0,8.0
7.0849315068493155,0.09566550808807356,1.7034819820189055e-98,0.9043344919119259,10000,20,0.0,0.0,8.0
7.086301369863014,0.09568320526308913,1.675242934817002e-98,0.9043167947369104,10000,20,0.0,0.0,8.0
7.087671232876712,0.09570090209178371,1.647488632552902e-98,0.9042990979082158,10000,20,0.0,0.0,8.0
7.089041095890411,0.09571859857416411,1.6202104886624432e-98,0.9042814014258355,10000,20,0.0,0.0,8.0
7.090410958904109,0.09573629471023708,1.5934000731019697e-98,0.9042637052897625,10000,20,0.0,0.0,8.0
7.0917808219178085,0.0957539905000094,1.5670491094187443e-98,0.9042460094999902,10000,20,0.0,0.0,8.0
7.093150684931507,0.09577168594348787,1.541149471877816e-98,0.9042283140565118,10000,20,0.0,0.0,8.0
7.094520547945206,0.09578938104067924,1.5156931826436945e-98,0.9042106189593204,10000,20,0.0,0.0,8.0
7.095890410958904,0.0958070757915903,1.4906724090163023e-98,0.9041929242084094,10000,20,0.0,0.0,8.0
7.097260273972603,0.09582477019622783,1.466079460719608e-98,0.9041752298037719,10000,20,0.0,0.0,8.0
7.098630136986301,0.09584246425459858,1.4419067872424276e-98,0.9041575357454011,10000,20,0.0,0.0,8.0
7.1,0.09586015796670935,1.4181469752298786e-98,0.9041398420332903,10000,20,0.0,0.0,8.0
7.101369863013699,0.09587785133256692,1.3947927459248882e-98,0.9041221486674328,10000,20,0.0,0.0,8.0
7.102739726027397,0.09589554435217805,1.3718369526586165e-98,0.9041044556478217,10000,20,0.0,0.0,8.0
7.104109589041096,0.09591323702554953,1.3492725783886916e-98,0.9040867629744502,10000,20,0.0,0.0,8.0
7.105479452054794,0.09593092935268811,1.3270927332846927e-98,0.9040690706473117,10000,20,0.0,0.0,8.0
7.1068493150684935,0.0959486213336006,1.3052906523595013e-98,0.9040513786663992,10000,20,0.0,0.0,8.0
7.108219178082192,0.09596631296829375,1.283859693146088e-98,0.9040336870317061,10000,20,0.0,0.0,8.0
7.109589041095891,0.09598400425677435,1.2627933334183925e-98,0.9040159957432254,10000,20,0.0,0.0,8.0
7.110958904109589,0.09600169519904916,1.2420851689558816e-98,0.9039983048009507,10000,20,0.0,0.0,8.0
7.112328767123287,0.09601938579512498,1.2217289113505094e-98,0.9039806142048749,10000,20,0.0,0.0,8.0
7.1136986301369864,0.09603707604500857,1.2017183858555903e-98,0.9039629239549912,10000,20,0.0,0.0,8.0
7.115068493150685,0.09605476594870668,1.1820475292756309e-98,0.9039452340512931,10000,20,0.0,0.0,8.0
7.116438356164384,0.09607245550622613,1.1627103878961965e-98,0.9039275444937737,10000,20,0.0,0.0,8.0
7.117808219178082,0.09609014471757367,1.1437011154533517e-98,0.9039098552824262,10000,20,0.0,0.0,8.0
7.119178082191781,0.09610783358275608,1.1250139711415127e-98,0.9038921664172438,10000,20,0.0,0.0,8.0
7.120547945205479,0.09612552210178013,1.1066433176593611e-98,0.9038744778982197,10000,20,0.0,0.0,8.0
7.1219178082191785,0.0961432102746526,1.0885836192926894e-98,0.9038567897253472,10000,20,0.0,0.0,8.0
7.123287671232877,0.09616089810138025,1.070829440033842e-98,0.9038391018986196,10000,20,0.0,0.0,8.0
7.124657534246575,0.09617858558196986,1.0533754417366756e-98,0.90382141441803,10000,20,0.0,0.0,8.0
7.126027397260274,0.09619627271642822,1.0362163823066414e-98,0.9038037272835716,10000,20,0.0,0.0,8.0
7.127397260273972,0.09621395950476208,1.0193471139251866e-98,0.9037860404952377,10000,20,0.0,0.0,8.0
7.1287671232876715,0.09623164594697824,1.0027625813077035e-98,0.9037683540530216,10000,20,0.0,0.0,8.0
7.13013698630137,0.09624933204308343,9.864578199946482e-99,0.9037506679569164,10000,20,0.0,0.0,8.0
7.131506849315069,0.09626701779308448,9.704279546748486e-99,0.9037329822069153,10000,20,0.0,0.0,8.0
7.132876712328767,0.09628470319698812,9.546681975407205e-99,0.9037152968030117,10000,20,0.0,0.0,8.0
7.134246575342466,0.09630238825480114,9.391738466744365e-99,0.9036976117451986,10000,20,0.0,0.0,8.0
7.135616438356164,0.0963200729665303,9.239402844647798e-99,0.9036799270334694,10000,20,0.0,0.0,8.0
7.136986301369863,0.09633775733218239,9.089629760537728e-99,0.9036622426678174,10000,20,0.0,0.0,8.0
7.138356164383562,0.09635544135176417,8.942374678127559e-99,0.9036445586482356,10000,20,0.0,0.0,8.0
7.13972602739726,0.09637312502528242,8.797593858472449e-99,0.9036268749747173,10000,20,0.0,0.0,8.0
7.141095890410959,0.09639080835274391,8.655244345299178e-99,0.9036091916472557,10000,20,0.0,0.0,8.0
7.142465753424657,0.09640849133415541,8.515283950614236e-99,0.9035915086658443,10000,20,0.0,0.0,8.0
7.1438356164383565,0.0964261739695237,8.377671240581848e-99,0.903573826030476,10000,20,0.0,0.0,8.0
7.145205479452055,0.09644385625885553,8.242365521669677e-99,0.9035561437411441,10000,20,0.0,0.0,8.0
7.146575342465754,0.0964615382021577,8.109326827054149e-99,0.9035384617978419,10000,20,0.0,0.0,8.0
7.147945205479452,0.09647921979943697,7.97851590328322e-99,0.9035207802005627,10000,20,0.0,0.0,8.0
7.14931506849315,0.09649690105070009,7.849894197188925e-99,0.9035030989492996,10000,20,0.0,0.0,8.0
7.1506849315068495,0.09651458195595387,7.72342384304705e-99,0.9034854180440458,10000,20,0.0,0.0,8.0
7.152054794520548,0.09653226251520505,7.599067649978278e-99,0.9034677374847946,10000,20,0.0,0.0,8.0
7.153424657534247,0.09654994272846043,7.476789089585397e-99,0.9034500572715393,10000,20,0.0,0.0,8.0
7.154794520547945,0.09656762259572675,7.356552283823995e-99,0.903432377404273,10000,20,0.0,0.0,8.0
7.156164383561644,0.0965853021170108,7.238321993099718e-99,0.9034146978829889,10000,20,0.0,0.0,8.0
7.157534246575342,0.09660298129231934,7.122063604590228e-99,0.9033970187076804,10000,20,0.0,0.0,8.0
7.1589041095890416,0.09662066012165915,7.007743120785064e-99,0.9033793398783406,10000,20,0.0,0.0,8.0
7.16027397260274,0.096638338605037,6.895327148241663e-99,0.9033616613949628,10000,20,0.0,0.0,8.0
7.161643835616438,0.09665601674245965,6.784782886551062e-99,0.9033439832575402,10000,20,0.0,0.0,8.0
7.163013698630137,0.09667369453393387,6.6760781175111105e-99,0.903326305466066,10000,20,0.0,0.0,8.0
7.164383561643835,0.09669137197946644,6.569181194502456e-99,0.9033086280205334,10000,20,0.0,0.0,8.0
7.1657534246575345,0.09670904907906414,6.464061032062736e-99,0.9032909509209357,10000,20,0.0,0.0,8.0
7.167123287671233,0.0967267258327337,6.360687095656901e-99,0.9032732741672661,10000,20,0.0,0.0,8.0
7.168493150684932,0.09674440224048193,6.25902939163779e-99,0.9032555977595179,10000,20,0.0,0.0,8.0
7.16986301369863,0.09676207830231558,6.159058457395473e-99,0.9032379216976842,10000,20,0.0,0.0,8.0
7.171232876712329,0.09677975401824143,6.0607453516896235e-99,0.9032202459817584,10000,20,0.0,0.0,8.0
7.1726027397260275,0.09679742938826624,5.964061645163496e-99,0.9032025706117336,10000,20,0.0,0.0,8.0
7.173972602739726,0.09681510441239678,5.868979411034056e-99,0.9031848955876031,10000,20,0.0,0.0,8.0
7.175342465753425,0.09683277909063984,5.775471215956478e-99,0.90316722090936,10000,20,0.0,0.0,8.0
7.176712328767123,0.09685045342300215,5.683510111059031e-99,0.9031495465769976,10000,20,0.0,0.0,8.0
7.178082191780822,0.09686812740949051,5.593069623144515e-99,0.9031318725905093,10000,20,0.0,0.0,8.0
7.17945205479452,0.09688580105011167,5.504123746056548e-99,0.9031141989498882,10000,20,0.0,0.0,8.0
7.1808219178082195,0.09690347434487241,5.416646932205745e-99,0.9030965256551274,10000,20,0.0,0.0,8.0
7.182191780821918,0.09692114729377949,5.330614084254573e-99,0.9030788527062203,10000,20,0.0,0.0,8.0
7.183561643835617,0.09693881989683968,5.246000546956054e-99,0.9030611801031602,10000,20,0.0,0.0,8.0
7.184931506849315,0.09695649215405974,5.162782099145158e-99,0.9030435078459401,10000,20,0.0,0.0,8.0
7.186301369863013,0.09697416406544646,5.080934945878275e-99,0.9030258359345534,10000,20,0.0,0.0,8.0
7.1876712328767125,0.09699183563100659,5.0004357107193135e-99,0.9030081643689933,10000,20,0.0,0.0,8.0
7.189041095890411,0.09700950685074691,4.921261428169072e-99,0.9029904931492531,10000,20,0.0,0.0,8.0
7.19041095890411,0.09702717772467419,4.843389536234655e-99,0.9029728222753258,10000,20,0.0,0.0,8.0
7.191780821917808,0.09704484825279518,4.7667978691375585e-99,0.9029551517472049,10000,20,0.0,0.0,8.0
7.193150684931507,0.09706251843511665,4.691464650156204e-99,0.9029374815648834,10000,20,0.0,0.0,8.0
7.1945205479452055,0.09708018827164537,4.6173684846019745e-99,0.9029198117283547,10000,20,0.0,0.0,8.0
7.195890410958905,0.09709785776238812,4.544488352924633e-99,0.9029021422376119,10000,20,0.0,0.0,8.0
7.197260273972603,0.09711552690735165,4.4728036039462296e-99,0.9028844730926484,10000,20,0.0,0.0,8.0
7.198630136986301,0.09713319570654272,4.4022939482195625e-99,0.9028668042934573,10000,20,0.0,0.0,8.0
7.2,0.09715086415996813,4.3329394515100306e-99,0.9028491358400319,10000,20,0.0,0.0,8.0
7.201369863013698,0.09716853226763461,4.264720528398041e-99,0.9028314677323654,10000,20,0.0,0.0,8.0
7.2027397260273975,0.09718620002954895,4.197617935999259e-99,0.9028137999704511,10000,20,0.0,0.0,8.0
7.204109589041096,0.09720386744571789,4.131612767801577e-99,0.9027961325542821,10000,20,0.0,0.0,8.0
7.205479452054795,0.09722153451614823,4.06668644761523e-99,0.9027784654838518,10000,20,0.0,0.0,8.0
7.206849315068493,0.09723920124084671,4.00282072363529e-99,0.9027607987591533,10000,20,0.0,0.0,8.0
7.208219178082192,0.09725686761982012,3.939997662613073e-99,0.9027431323801799,10000,20,0.0,0.0,8.0
7.2095890410958905,0.0972745336530752,3.878199644135718e-99,0.9027254663469249,10000,20,0.0,0.0,8.0
7.210958904109589,0.09729219934061872,3.817409355010623e-99,0.9027078006593813,10000,20,0.0,0.0,8.0
7.212328767123288,0.09730986468245748,3.757609783753779e-99,0.9026901353175425,10000,20,0.0,0.0,8.0
7.213698630136986,0.09732752967859819,3.698784215179623e-99,0.9026724703214017,10000,20,0.0,0.0,8.0
7.215068493150685,0.09734519432904765,3.640916225090119e-99,0.9026548056709522,10000,20,0.0,0.0,8.0
7.2164383561643834,0.09736285863381261,3.5839896750621456e-99,0.9026371413661873,10000,20,0.0,0.0,8.0
7.217808219178083,0.09738052259289985,3.527988707330172e-99,0.9026194774071001,10000,20,0.0,0.0,8.0
7.219178082191781,0.09739818620631611,3.4728977397636092e-99,0.9026018137936839,10000,20,0.0,0.0,8.0
7.22054794520548,0.0974158494740682,3.4187014609358836e-99,0.9025841505259318,10000,20,0.0,0.0,8.0
7.221917808219178,0.09743351239616284,3.3653848252846597e-99,0.9025664876038372,10000,20,0.0,0.0,8.0
7.223287671232876,0.0974511749726068,3.3129330483603926e-99,0.9025488250273932,10000,20,0.0,0.0,8.0
7.2246575342465755,0.09746883720340688,3.261331602162431e-99,0.9025311627965932,10000,20,0.0,0.0,8.0
7.226027397260274,0.0974864990885698,3.2105662105606617e-99,0.9025135009114302,10000,20,0.0,0.0,8.0
7.227397260273973,0.09750416062810234,3.1606228448007656e-99,0.9024958393718977,10000,20,0.0,0.0,8.0
7.228767123287671,0.09752182182201126,3.111487719092341e-99,0.9024781781779888,10000,20,0.0,0.0,8.0
7.23013698630137,0.09753948267030334,3.06314728627732e-99,0.9024605173296967,10000,20,0.0,0.0,8.0
7.2315068493150685,0.09755714317298532,3.0155882335782023e-99,0.9024428568270146,10000,20,0.0,0.0,8.0
7.232876712328768,0.09757480333006399,2.9687974784235955e-99,0.9024251966699359,10000,20,0.0,0.0,8.0
7.234246575342466,0.09759246314154608,2.922762164350609e-99,0.9024075368584539,10000,20,0.0,0.0,8.0
7.235616438356164,0.09761012260743838,2.877469656981706e-99,0.9023898773925616,10000,20,0.0,0.0,8.0
7.236986301369863,0.09762778172774766,2.832907540075383e-99,0.9023722182722523,10000,20,0.0,0.0,8.0
7.238356164383561,0.09764544050248065,2.7890636116489795e-99,0.9023545594975193,10000,20,0.0,0.0,8.0
7.239726027397261,0.09766309893164414,2.7459258801719906e-99,0.9023369010683558,10000,20,0.0,0.0,8.0
7.241095890410959,0.09768075701524487,2.7034825608292745e-99,0.9023192429847551,10000,20,0.0,0.0,8.0
7.242465753424658,0.09769841475328962,2.6617220718519722e-99,0.9023015852467103,10000,20,0.0,0.0,8.0
7.243835616438356,0.09771607214578515,2.6206330309157615e-99,0.9022839278542149,10000,20,0.0,0.0,8.0
7.245205479452055,0.09773372919273823,2.5802042516043128e-99,0.9022662708072617,10000,20,0.0,0.0,8.0
7.2465753424657535,0.0977513858941556,2.5404247399375895e-99,0.9022486141058443,10000,20,0.0,0.0,8.0
7.247945205479452,0.09776904225004404,2.5012836909629597e-99,0.9022309577499559,10000,20,0.0,0.0,8.0
7.249315068493151,0.09778669826041031,2.4627704854086034e-99,0.9022133017395896,10000,20,0.0,0.0,8.0
7.250684931506849,0.09780435392526116,2.4248746863977855e-99,0.9021956460747388,10000,20,0.0,0.0,8.0
7.252054794520548,0.09782200924460335,2.387586036222618e-99,0.9021779907553966,10000,20,0.0,0.0,8.0
7.2534246575342465,0.09783966421844366,2.350894453176819e-99,0.9021603357815563,10000,20,0.0,0.0,8.0
7.254794520547946,0.09785731884678885,2.31479002844561e-99,0.9021426811532112,10000,20,0.0,0.0,8.0
7.256164383561644,0.09787497312964565,2.27926302305246e-99,0.9021250268703543,10000,20,0.0,0.0,8.0
7.257534246575343,0.09789262706702086,2.2443038648608575e-99,0.9021073729329792,10000,20,0.0,0.0,8.0
7.258904109589041,0.09791028065892121,2.209903145630835e-99,0.9020897193410788,10000,20,0.0,0.0,8.0
7.260273972602739,0.09792793390535348,2.1760516181285126e-99,0.9020720660946466,10000,20,0.0,0.0,8.0
7.261643835616439,0.09794558680632444,2.142740193288248e-99,0.9020544131936756,10000,20,0.0,0.0,8.0
7.263013698630137,0.09796323936184081,2.109959937426179e-99,0.9020367606381593,10000,20,0.0,0.0,8.0
7.264383561643836,0.0979808915719094,2.0777020695039984e-99,0.9020191084280907,10000,20,0.0,0.0,8.0
7.265753424657534,0.09799854343653693,2.045957958442559e-99,0.9020014565634632,10000,20,0.0,0.0,8.0
7.267123287671233,0.09801619495573018,2.014719120483733e-99,0.9019838050442699,10000,20,0.0,0.0,8.0
7.2684931506849315,0.0980338461294959,1.9839772166002908e-99,0.9019661538705042,10000,20,0.0,0.0,8.0
7.26986301369863,0.09805149695784085,1.953724049952278e-99,0.9019485030421592,10000,20,0.0,0.0,8.0
7.271232876712329,0.09806914744077182,1.923951563389535e-99,0.9019308525592282,10000,20,0.0,0.0,8.0
7.272602739726027,0.09808679757829553,1.8946518369992973e-99,0.9019132024217045,10000,20,0.0,0.0,8.0
7.273972602739726,0.09810444737041876,1.8658170856978577e-99,0.9018955526295812,10000,20,0.0,0.0,8.0
7.2753424657534245,0.09812209681714826,1.837439656865945e-99,0.9018779031828518,10000,20,0.0,0.0,8.0
7.276712328767124,0.0981397459184908,1.8095120280264327e-99,0.9018602540815093,10000,20,0.0,0.0,8.0
7.278082191780822,0.09815739467445311,1.7820268045641846e-99,0.9018426053255469,10000,20,0.0,0.0,8.0
7.279452054794521,0.09817504308504199,1.754976717486676e-99,0.901824956914958,10000,20,0.0,0.0,8.0
7.280821917808219,0.09819269115026417,1.7283546212252105e-99,0.9018073088497358,10000,20,0.0,0.0,8.0
7.282191780821917,0.09821033887012642,1.7021534914754365e-99,0.9017896611298736,10000,20,0.0,0.0,8.0
7.2835616438356166,0.09822798624463551,1.6763664230768746e-99,0.9017720137553645,10000,20,0.0,0.0,8.0
7.284931506849315,0.09824563327379816,1.6509866279305574e-99,0.9017543667262019,10000,20,0.0,0.0,8.0
7.286301369863014,0.09826327995762117,1.6260074329539197e-99,0.9017367200423789,10000,20,0.0,0.0,8.0
7.287671232876712,0.09828092629611127,1.6014222780726616e-99,0.9017190737038888,10000,20,0.0,0.0,8.0
7.289041095890411,0.09829857228927523,1.5772247142483988e-99,0.9017014277107248,10000,20,0.0,0.0,8.0
7.2904109589041095,0.09831621793711981,1.5534084015419547e-99,0.9016837820628802,10000,20,0.0,0.0,8.0
7.291780821917809,0.09833386323965176,1.5299671072111332e-99,0.9016661367603482,10000,20,0.0,0.0,8.0
7.293150684931507,0.09835150819687784,1.5068947038428336e-99,0.9016484918031221,10000,20,0.0,0.0,8.0
7.294520547945205,0.0983691528088048,1.4841851675184037e-99,0.9016308471911951,10000,20,0.0,0.0,8.0
7.295890410958904,0.09838679707543943,1.4618325760119982e-99,0.9016132029245605,10000,20,0.0,0.0,8.0
7.2972602739726025,0.09840444099678845,1.4398311070211802e-99,0.9015955590032114,10000,20,0.0,0.0,8.0
7.298630136986302,0.09842208457285864,1.4181750364290365e-99,0.9015779154271413,10000,20,0.0,0.0,8.0
7.3,0.09843972780365674,1.3968587365975834e-99,0.9015602721963432,10000,20,0.0,0.0,8.0
7.301369863013699,0.09845737068918953,1.375876674691449e-99,0.9015426293108104,10000,20,0.0,0.0,8.0
7.302739726027397,0.09847501322946373,1.3552234110317257e-99,0.9015249867705362,10000,20,0.0,0.0,8.0
7.304109589041096,0.09849265542448613,1.3348935974789985e-99,0.9015073445755137,10000,20,0.0,0.0,8.0
7.3054794520547945,0.09851029727426346,1.314881975845447e-99,0.9014897027257364,10000,20,0.0,0.0,8.0
7.306849315068493,0.09852793877880249,1.2951833763350773e-99,0.9014720612211974,10000,20,0.0,0.0,8.0
7.308219178082192,0.09854557993810999,1.2757927160118967e-99,0.9014544200618899,10000,20,0.0,0.0,8.0
7.30958904109589,0.09856322075219269,1.2567049972953872e-99,0.9014367792478072,10000,20,0.0,0.0,8.0
7.310958904109589,0.09858086122105737,1.2379153064826558e-99,0.9014191387789425,10000,20,0.0,0.0,8.0
7.3123287671232875,0.09859850134471076,1.2194188122970855e-99,0.9014014986552892,10000,20,0.0,0.0,8.0
7.313698630136987,0.09861614112315964,1.2012107644626188e-99,0.9013838588768402,10000,20,0.0,0.0,8.0
7.315068493150685,0.09863378055641074,1.1832864923035958e-99,0.9013662194435892,10000,20,0.0,0.0,8.0
7.316438356164384,0.09865141964447084,1.1656414033692977e-99,0.9013485803555291,10000,20,0.0,0.0,8.0
7.317808219178082,0.09866905838734667,1.1482709820831207e-99,0.9013309416126533,10000,20,0.0,0.0,8.0
7.3191780821917805,0.098686696785045,1.1311707884155723e-99,0.901313303214955,10000,20,0.0,0.0,8.0
7.32054794520548,0.0987043348375726,1.1143364565809414e-99,0.9012956651624273,10000,20,0.0,0.0,8.0
7.321917808219178,0.0987219725449362,1.097763693757096e-99,0.9012780274550637,10000,20,0.0,0.0,8.0
7.323287671232877,0.09873960990714258,1.0814482788278812e-99,0.9012603900928573,10000,20,0.0,0.0,8.0
7.324657534246575,0.09875724692419845,1.0653860611479719e-99,0.9012427530758014,10000,20,0.0,0.0,8.0
7.326027397260274,0.09877488359611061,1.0495729593294468e-99,0.9012251164038892,10000,20,0.0,0.0,8.0
7.3273972602739725,0.09879251992288579,1.034004960050019e-99,0.901207480077114,10000,20,0.0,0.0,8.0
7.328767123287672,0.09881015590453075,1.0186781168822022e-99,0.9011898440954691,10000,20,0.0,0.0,8.0
7.33013698630137,0.09882779154105224,1.0035885491433565e-99,0.9011722084589476,10000,20,0.0,0.0,8.0
7.331506849315068,0.09884542683245702,9.887324407659228e-100,0.9011545731675429,10000,20,0.0,0.0,8.0
7.332876712328767,0.09886306177875186,9.741060391877295e-100,0.9011369382212481,10000,20,0.0,0.0,8.0
7.3342465753424655,0.09888069637994347,9.597056542619048e-100,0.9011193036200564,10000,20,0.0,0.0,8.0
7.335616438356165,0.09889833063603864,9.45527657185948e-100,0.9011016693639613,10000,20,0.0,0.0,8.0
7.336986301369863,0.09891596454704411,9.315684794498446e-100,0.9010840354529558,10000,20,0.0,0.0,8.0
7.338356164383562,0.09893359811296665,9.17824611802595e-100,0.9010664018870332,10000,20,0.0,0.0,8.0
7.33972602739726,0.09895123133381298,9.042926032371137e-100,0.9010487686661869,10000,20,0.0,0.0,8.0
7.341095890410959,0.09896886420958988,8.909690599928792e-100,0.9010311357904099,10000,20,0.0,0.0,8.0
7.342465753424658,0.09898649674030409,8.77850644576297e-100,0.9010135032596958,10000,20,0.0,0.0,8.0
7.343835616438356,0.09900412892596236,8.649340747981843e-100,0.9009958710740374,10000,20,0.0,0.0,8.0
7.345205479452055,0.09902176076657146,8.522161228282829e-100,0.9009782392334283,10000,20,0.0,0.0,8.0
7.346575342465753,0.09903939226213812,8.396936142664048e-100,0.9009606077378617,10000,20,0.0,0.0,8.0
7.347945205479452,0.09905702341266912,8.27363427229831e-100,0.9009429765873307,10000,20,0.0,0.0,8.0
7.3493150684931505,0.09907465421817119,8.152224914568711e-100,0.9009253457818286,10000,20,0.0,0.0,8.0
7.35068493150685,0.0990922846786511,8.03267787426045e-100,0.9009077153213487,10000,20,0.0,0.0,8.0
7.352054794520548,0.09910991479411557,7.914963454908562e-100,0.9008900852058842,10000,20,0.0,0.0,8.0
7.353424657534247,0.09912754456457139,7.799052450296278e-100,0.9008724554354284,10000,20,0.0,0.0,8.0
7.354794520547945,0.09914517399002527,7.684916136103744e-100,0.9008548260099745,10000,20,0.0,0.0,8.0
7.3561643835616435,0.099162803070484,7.572526261702041e-100,0.9008371969295157,10000,20,0.0,0.0,8.0
7.357534246575343,0.09918043180595432,7.461855042091781e-100,0.9008195681940454,10000,20,0.0,0.0,8.0
7.358904109589041,0.09919806019644296,7.35287514998289e-100,0.9008019398035567,10000,20,0.0,0.0,8.0
7.36027397260274,0.09921568824195671,7.245559708012366e-100,0.900784311758043,10000,20,0.0,0.0,8.0
7.361643835616438,0.09923331594250229,7.139882281099289e-100,0.9007666840574974,10000,20,0.0,0.0,8.0
7.363013698630137,0.09925094329808647,7.035816868932439e-100,0.9007490567019132,10000,20,0.0,0.0,8.0
7.364383561643836,0.09926857030871597,6.933337898590356e-100,0.9007314296912837,10000,20,0.0,0.0,8.0
7.365753424657535,0.09928619697439757,6.832420217289282e-100,0.9007138030256021,10000,20,0.0,0.0,8.0
7.367123287671233,0.09930382329513801,6.733039085258845e-100,0.9006961767048617,10000,20,0.0,0.0,8.0
7.368493150684931,0.09932144927094404,6.635170168741128e-100,0.9006785507290557,10000,20,0.0,0.0,8.0
7.36986301369863,0.09933907490182242,6.53878953311256e-100,0.9006609250981773,10000,20,0.0,0.0,8.0
7.3712328767123285,0.09935670018777988,6.443873636125757e-100,0.9006432998122198,10000,20,0.0,0.0,8.0
7.372602739726028,0.09937432512882319,6.350399321268566e-100,0.9006256748711765,10000,20,0.0,0.0,8.0
7.373972602739726,0.09939194972495909,6.258343811239733e-100,0.9006080502750407,10000,20,0.0,0.0,8.0
7.375342465753425,0.09940957397619433,6.167684701537245e-100,0.9005904260238055,10000,20,0.0,0.0,8.0
7.376712328767123,0.09942719788253566,6.078399954159229e-100,0.9005728021174642,10000,20,0.0,0.0,8.0
7.378082191780822,0.09944482144398983,5.99046789141351e-100,0.90055517855601,10000,20,0.0,0.0,8.0
7.379452054794521,0.09946244466056359,5.903867189835758e-100,0.9005375553394362,10000,20,0.0,0.0,8.0
7.380821917808219,0.09948006753226368,5.818576874212487e-100,0.9005199324677362,10000,20,0.0,0.0,8.0
7.382191780821918,0.09949769005909687,5.734576311708474e-100,0.900502309940903,10000,20,0.0,0.0,8.0
7.383561643835616,0.09951531224106988,5.651845206096142e-100,0.90048468775893,10000,20,0.0,0.0,8.0
7.384931506849315,0.09953293407818949,5.570363592084569e-100,0.9004670659218104,10000,20,0.0,0.0,8.0
7.3863013698630136,0.09955055557046241,5.490111829747685e-100,0.9004494444295374,10000,20,0.0,0.0,8.0
7.387671232876713,0.09956817671789543,5.411070599048235e-100,0.9004318232821045,10000,20,0.0,0.0,8.0
7.389041095890411,0.09958579752049528,5.333220894457493e-100,0.9004142024795047,10000,20,0.0,0.0,8.0
7.39041095890411,0.0996034179782687,5.256544019667348e-100,0.9003965820217312,10000,20,0.0,0.0,8.0
7.391780821917808,0.09962103809122244,5.181021582394773e-100,0.9003789619087775,10000,20,0.0,0.0,8.0
7.3931506849315065,0.09963865785936325,5.106635489275447e-100,0.9003613421406367,10000,20,0.0,0.0,8.0
7.394520547945206,0.09965627728269791,5.033367940846222e-100,0.900343722717302,10000,20,0.0,0.0,8.0
7.395890410958904,0.09967389636123311,4.961201426614313e-100,0.9003261036387668,10000,20,0.0,0.0,8.0
7.397260273972603,0.09969151509497565,4.890118720211244e-100,0.9003084849050242,10000,20,0.0,0.0,8.0
7.398630136986301,0.09970913348393223,4.820102874631196e-100,0.9002908665160676,10000,20,0.0,0.0,8.0
7.4,0.09972675152810964,4.751137217550823e-100,0.9002732484718902,10000,20,0.0,0.0,8.0
7.401369863013699,0.09974436922751459,4.683205346730556e-100,0.9002556307724852,10000,20,0.0,0.0,8.0
7.402739726027398,0.09976198658215386,4.616291125494511e-100,0.9002380134178459,10000,20,0.0,0.0,8.0
7.404109589041096,0.09977960359203418,4.5503786782890224e-100,0.9002203964079656,10000,20,0.0,0.0,8.0
7.405479452054794,0.09979722025716228,4.4854523863170564e-100,0.9002027797428375,10000,20,0.0,0.0,8.0
7.406849315068493,0.09981483657754495,4.4214968832482423e-100,0.9001851634224548,10000,20,0.0,0.0,8.0
7.4082191780821915,0.09983245255318889,4.3584970510027424e-100,0.9001675474468108,10000,20,0.0,0.0,8.0
7.409589041095891,0.09985006818410089,4.296438015607256e-100,0.9001499318158989,10000,20,0.0,0.0,8.0
7.410958904109589,0.09986768347028765,4.2353051431228977e-100,0.900132316529712,10000,20,0.0,0.0,8.0
7.412328767123288,0.09988529841175596,4.17508403564243e-100,0.9001147015882437,10000,20,0.0,0.0,8.0
7.413698630136986,0.09990291300851253,4.1157605273568974e-100,0.9000970869914872,10000,20,0.0,0.0,8.0
7.415068493150685,0.09992052726056413,4.0573206806891796e-100,0.9000794727394356,10000,20,0.0,0.0,8.0
7.416438356164384,0.0999381411679175,3.999750782494524e-100,0.9000618588320822,10000,20,0.0,0.0,8.0
7.417808219178082,0.09995575473057937,3.943037340325688e-100,0.9000442452694204,10000,20,0.0,0.0,8.0
7.419178082191781,0.09997336794855652,3.8871670787625017e-100,0.9000266320514433,10000,20,0.0,0.0,8.0
7.420547945205479,0.09999098082185566,3.8321269358043305e-100,0.9000090191781441,10000,20,0.0,0.0,8.0
7.421917808219178,0.10000859335048355,3.7779040593239735e-100,0.8999914066495163,10000,20,0.0,0.0,8.0
7.423287671232877,0.10002620553444692,3.724485803582816e-100,0.8999737944655529,10000,20,0.0,0.0,8.0
7.424657534246576,0.10004381737375255,3.671859725805053e-100,0.8999561826262473,10000,20,0.0,0.0,8.0
7.426027397260274,0.10006142886840715,3.6200135828110695e-100,0.8999385711315927,10000,20,0.0,0.0,8.0
7.427397260273973,0.10007904001841748,3.5689353277078265e-100,0.8999209599815824,10000,20,0.0,0.0,8.0
7.428767123287671,0.10009665082379028,3.518613106636345e-100,0.8999033491762096,10000,20,0.0,0.0,8.0
7.4301369863013695,0.1001142612845323,3.469035255574244e-100,0.8998857387154676,10000,20,0.0,0.0,8.0
7.431506849315069,0.10013187140065029,3.42019029719319e-100,0.8998681285993496,10000,20,0.0,0.0,8.0
7.432876712328767,0.10014948117215096,3.3720669377699676e-100,0.8998505188278489,10000,20,0.0,0.0,8.0
7.434246575342466,0.1001670905990411,3.324654064149915e-100,0.8998329094009588,10000,20,0.0,0.0,8.0
7.435616438356164,0.10018469968132741,3.2779407407625885e-100,0.8998153003186725,10000,20,0.0,0.0,8.0
7.436986301369863,0.10020230841901667,3.2319162066877844e-100,0.8997976915809832,10000,20,0.0,0.0,8.0
7.438356164383562,0.1002199168121156,3.1865698727720073e-100,0.8997800831878843,10000,20,0.0,0.0,8.0
7.439726027397261,0.10023752486063096,3.1418913187935444e-100,0.8997624751393689,10000,20,0.0,0.0,8.0
7.441095890410959,0.10025513256456949,3.0978702906762376e-100,0.8997448674354304,10000,20,0.0,0.0,8.0
7.442465753424657,0.10027273992393791,3.0544966977502016e-100,0.899727260076062,10000,20,0.0,0.0,8.0
7.443835616438356,0.100290346938743,3.011760610059387e-100,0.8997096530612568,10000,20,0.0,0.0,8.0
7.445205479452055,0.10030795360899147,2.9696522557148753e-100,0.8996920463910083,10000,20,0.0,0.0,8.0
7.446575342465754,0.1003255599346901,2.928162018292841e-100,0.8996744400653097,10000,20,0.0,0.0,8.0
7.447945205479452,0.10034316591584559,2.887280434277081e-100,0.8996568340841542,10000,20,0.0,0.0,8.0
7.449315068493151,0.10036077155246471,2.8469981905444955e-100,0.8996392284475351,10000,20,0.0,0.0,8.0
7.450684931506849,0.1003783768445542,2.8073061218936263e-100,0.8996216231554456,10000,20,0.0,0.0,8.0
7.452054794520548,0.1003959817921208,2.768195208614655e-100,0.8996040182078789,10000,20,0.0,0.0,8.0
7.453424657534247,0.10041358639517123,2.7296565741009734e-100,0.8995864136048285,10000,20,0.0,0.0,8.0
7.454794520547945,0.10043119065371225,2.691681482500809e-100,0.8995688093462875,10000,20,0.0,0.0,8.0
7.456164383561644,0.10044879456775063,2.6542613364088363e-100,0.8995512054322491,10000,20,0.0,0.0,8.0
7.457534246575342,0.10046639813729306,2.617387674596827e-100,0.8995336018627067,10000,20,0.0,0.0,8.0
7.458904109589041,0.10048400136234632,2.5810521697824203e-100,0.8995159986376534,10000,20,0.0,0.0,8.0
7.46027397260274,0.10050160424291714,2.5452466264359504e-100,0.8994983957570826,10000,20,0.0,0.0,8.0
7.461643835616439,0.10051920677901226,2.5099629786239357e-100,0.8994807932209874,10000,20,0.0,0.0,8.0
7.463013698630137,0.10053680897063841,2.475193287889337e-100,0.8994631910293612,10000,20,0.0,0.0,8.0
7.464383561643836,0.10055441081780235,2.440929741167212e-100,0.8994455891821973,10000,20,0.0,0.0,8.0
7.465753424657534,0.1005720123205108,2.4071646487358794e-100,0.8994279876794888,10000,20,0.0,0.0,8.0
7.467123287671233,0.10058961347877052,2.373890442202279e-100,0.8994103865212292,10000,20,0.0,0.0,8.0
7.468493150684932,0.10060721429258825,2.341099672521491e-100,0.8993927857074114,10000,20,0.0,0.0,8.0
7.46986301369863,0.1006248147619707,2.308785008049601e-100,0.899375185238029,10000,20,0.0,0.0,8.0
7.471232876712329,0.10064241488692466,2.2769392326291173e-100,0.899357585113075,10000,20,0.0,0.0,8.0
7.472602739726027,0.10066001466745683,2.2455552437069132e-100,0.8993399853325428,10000,20,0.0,0.0,8.0
7.473972602739726,0.10067761410357398,2.2146260504834774e-100,0.8993223858964257,10000,20,0.0,0.0,8.0
7.475342465753425,0.10069521319528282,2.1841447720935907e-100,0.8993047868047168,10000,20,0.0,0.0,8.0
7.476712328767124,0.10071281194259012,2.1541046358172394e-100,0.8992871880574095,10000,20,0.0,0.0,8.0
7.478082191780822,0.10073041034550258,2.124498975320878e-100,0.899269589654497,10000,20,0.0,0.0,8.0
7.47945205479452,0.10074800840402696,2.095321228927911e-100,0.8992519915959726,10000,20,0.0,0.0,8.0
7.480821917808219,0.10076560611817002,2.066564937918372e-100,0.8992343938818295,10000,20,0.0,0.0,8.0
7.482191780821918,0.10078320348793848,2.038223744857105e-100,0.899216796512061,10000,20,0.0,0.0,8.0
7.483561643835617,0.10080080051333909,2.0102913919497654e-100,0.8991991994866604,10000,20,0.0,0.0,8.0
7.484931506849315,0.10081839719437856,1.9827617194266326e-100,0.8991816028056209,10000,20,0.0,0.0,8.0
7.486301369863014,0.10083599353106366,1.9556286639531786e-100,0.8991640064689358,10000,20,0.0,0.0,8.0
7.487671232876712,0.10085358952340112,1.928886257067516e-100,0.8991464104765984,10000,20,0.0,0.0,8.0
7.4890410958904114,0.10087118517139768,1.9025286236436892e-100,0.8991288148286019,10000,20,0.0,0.0,8.0
7.49041095890411,0.10088878047506006,1.8765499803809266e-100,0.8991112195249394,10000,20,0.0,0.0,8.0
7.491780821917808,0.10090637543439501,1.8509446343178718e-100,0.8990936245656045,10000,20,0.0,0.0,8.0
7.493150684931507,0.1009239700494093,1.8257069813717908e-100,0.8990760299505902,10000,20,0.0,0.0,8.0
7.494520547945205,0.10094156432010962,1.8008315049021543e-100,0.8990584356798899,10000,20,0.0,0.0,8.0
7.495890410958904,0.10095915824650273,1.776312774298017e-100,0.8990408417534967,10000,20,0.0,0.0,8.0
7.497260273972603,0.10097675182859536,1.7521454435891862e-100,0.8990232481714041,10000,20,0.0,0.0,8.0
7.498630136986302,0.10099434506639426,1.7283242500802812e-100,0.8990056549336052,10000,20,0.0,0.0,8.0
7.5,0.10101193795990616,1.704844013007788e-100,0.8989880620400933,10000,20,0.0,0.0,8.0
7.501369863013699,0.10102953050913781,1.6816996322192258e-100,0.8989704694908617,10000,20,0.0,0.0,8.0
7.502739726027397,0.10104712271409592,1.6588860868745305e-100,0.8989528772859036,10000,20,0.0,0.0,8.0
7.504109589041096,0.10106471457478725,1.636398434168808e-100,0.8989352854252123,10000,20,0.0,0.0,8.0
7.505479452054795,0.10108230609121853,1.6142318080764686e-100,0.898917693908781,10000,20,0.0,0.0,8.0
7.506849315068493,0.1010998972633965,1.5923814181162193e-100,0.898900102736603,10000,20,0.0,0.0,8.0
7.508219178082192,0.10111748809132788,1.5708425481364232e-100,0.8988825119086716,10000,20,0.0,0.0,8.0
7.50958904109589,0.10113507857501942,1.5496105551208287e-100,0.8988649214249801,10000,20,0.0,0.0,8.0
7.510958904109589,0.10115266871447788,1.5286808680138866e-100,0.8988473312855216,10000,20,0.0,0.0,8.0
7.512328767123288,0.10117025850970995,1.508048986565762e-100,0.8988297414902896,10000,20,0.0,0.0,8.0
7.513698630136987,0.1011878479607224,1.48771048019627e-100,0.8988121520392771,10000,20,0.0,0.0,8.0
7.515068493150685,0.10120543706752196,1.4676609868778423e-100,0.8987945629324776,10000,20,0.0,0.0,8.0
7.516438356164383,0.10122302583011535,1.447896212036787e-100,0.8987769741698842,10000,20,0.0,0.0,8.0
7.517808219178082,0.10124061424850933,1.4284119274728615e-100,0.8987593857514903,10000,20,0.0,0.0,8.0
7.519178082191781,0.10125820232271061,1.40920397029671e-100,0.898741797677289,10000,20,0.0,0.0,8.0
7.52054794520548,0.10127579005272595,1.3902682418847427e-100,0.8987242099472736,10000,20,0.0,0.0,8.0
7.521917808219178,0.10129337743856207,1.371600706851466e-100,0.8987066225614375,10000,20,0.0,0.0,8.0
7.523287671232877,0.10131096448022571,1.353197392038589e-100,0.8986890355197739,10000,20,0.0,0.0,8.0
7.524657534246575,0.1013285511777236,1.3350543855210064e-100,0.898671448822276,10000,20,0.0,0.0,8.0
7.526027397260274,0.10134613753106247,1.3171678356290025e-100,0.8986538624689371,10000,20,0.0,0.0,8.0
7.527397260273973,0.10136372354024908,1.299533949986695e-100,0.8986362764597504,10000,20,0.0,0.0,8.0
7.528767123287671,0.10138130920529015,1.2821489945663243e-100,0.8986186907947094,10000,20,0.0,0.0,8.0
7.53013698630137,0.10139889452619241,1.2650092927580075e-100,0.8986011054738071,10000,20,0.0,0.0,8.0
7.531506849315068,0.10141647950296259,1.2481112244549771e-100,0.8985835204970369,10000,20,0.0,0.0,8.0
7.532876712328767,0.10143406413560745,1.2314512251536934e-100,0.898565935864392,10000,20,0.0,0.0,8.0
7.534246575342466,0.10145164842413369,1.2150257850689344e-100,0.8985483515758658,10000,20,0.0,0.0,8.0
7.535616438356165,0.10146923236854809,1.1988314482632593e-100,0.8985307676314513,10000,20,0.0,0.0,8.0
7.536986301369863,0.10148681596885734,1.1828648117909454e-100,0.8985131840311421,10000,20,0.0,0.0,8.0
7.538356164383561,0.10150439922506818,1.1671225248558269e-100,0.8984956007749313,10000,20,0.0,0.0,8.0
7.53972602739726,0.10152198213718737,1.1516012879830614e-100,0.8984780178628121,10000,20,0.0,0.0,8.0
7.541095890410959,0.10153956470522162,1.1362978522044828e-100,0.8984604352947779,10000,20,0.0,0.0,8.0
7.542465753424658,0.10155714692917767,1.121209018257212e-100,0.8984428530708218,10000,20,0.0,0.0,8.0
7.543835616438356,0.10157472880906225,1.1063316357955524e-100,0.8984252711909373,10000,20,0.0,0.0,8.0
7.545205479452055,0.10159231034488211,1.091662602615637e-100,0.8984076896551174,10000,20,0.0,0.0,8.0
7.546575342465753,0.10160989153664396,1.0771988638929264e-100,0.8983901084633555,10000,20,0.0,0.0,8.0
7.5479452054794525,0.10162747238435454,1.0629374114320312e-100,0.8983725276156449,10000,20,0.0,0.0,8.0
7.549315068493151,0.10164505288802059,1.0488752829289557e-100,0.8983549471119788,10000,20,0.0,0.0,8.0
7.550684931506849,0.10166263304764883,1.0350095612452634e-100,0.8983373669523506,10000,20,0.0,0.0,8.0
7.552054794520548,0.10168021286324602,1.0213373736941945e-100,0.8983197871367534,10000,20,0.0,0.0,8.0
7.553424657534246,0.10169779233481886,1.0078558913384413e-100,0.8983022076651805,10000,20,0.0,0.0,8.0
7.554794520547945,0.10171537146237411,9.94562328299298e-101,0.8982846285376253,10000,20,0.0,0.0,8.0
7.556164383561644,0.10173295024591847,9.814539410772135e-101,0.8982670497540809,10000,20,0.0,0.0,8.0
7.557534246575343,0.1017505286854587,9.685280278832855e-101,0.8982494713145407,10000,20,0.0,0.0,8.0
7.558904109589041,0.10176810678100151,9.557819279817863e-101,0.8982318932189979,10000,20,0.0,0.0,8.0
7.56027397260274,0.10178568453255366,9.432130210432659e-101,0.8982143154674457,10000,20,0.0,0.0,8.0
7.561643835616438,0.10180326194012185,9.308187265083194e-101,0.8981967380598774,10000,20,0.0,0.0,8.0
7.563013698630137,0.10182083900371283,9.185965029615862e-101,0.8981791609962865,10000,20,0.0,0.0,8.0
7.564383561643836,0.10183841572333334,9.065438475160132e-101,0.8981615842766659,10000,20,0.0,0.0,8.0
7.565753424657534,0.10185599209899009,8.946582952071268e-101,0.8981440079010091,10000,20,0.0,0.0,8.0
7.567123287671233,0.10187356813068983,8.829374183970702e-101,0.8981264318693094,10000,20,0.0,0.0,8.0
7.568493150684931,0.10189114381843928,8.713788261884354e-101,0.89810885618156,10000,20,0.0,0.0,8.0
7.5698630136986305,0.10190871916224517,8.59980163847489e-101,0.8980912808377541,10000,20,0.0,0.0,8.0
7.571232876712329,0.10192629416211423,8.487391122368748e-101,0.898073705837885,10000,20,0.0,0.0,8.0
7.572602739726028,0.1019438688180532,8.376533872573994e-101,0.898056131181946,10000,20,0.0,0.0,8.0
7.573972602739726,0.1019614431300688,8.267207392989806e-101,0.8980385568699305,10000,20,0.0,0.0,8.0
7.575342465753424,0.10197901709816777,8.159389527003832e-101,0.8980209829018315,10000,20,0.0,0.0,8.0
7.576712328767123,0.10199659072235684,8.053058452177738e-101,0.8980034092776424,10000,20,0.0,0.0,8.0
7.578082191780822,0.10201416400264272,7.948192675018756e-101,0.8979858359973566,10000,20,0.0,0.0,8.0
7.579452054794521,0.10203173693903217,7.844771025835123e-101,0.8979682630609671,10000,20,0.0,0.0,8.0
7.580821917808219,0.10204930953153189,7.7427726536757e-101,0.8979506904684674,10000,20,0.0,0.0,8.0
7.582191780821918,0.10206688178014864,7.642177021350302e-101,0.8979331182198507,10000,20,0.0,0.0,8.0
7.583561643835616,0.10208445368488912,7.542963900531506e-101,0.8979155463151102,10000,20,0.0,0.0,8.0
7.5849315068493155,0.10210202524576009,7.44511336693448e-101,0.8978979747542392,10000,20,0.0,0.0,8.0
7.586301369863014,0.10211959646276825,7.348605795575618e-101,0.897880403537231,10000,20,0.0,0.0,8.0
7.587671232876712,0.10213716733592033,7.253421856106677e-101,0.8978628326640788,10000,20,0.0,0.0,8.0
7.589041095890411,0.1021547378652231,7.159542508224753e-101,0.8978452621347761,10000,20,0.0,0.0,8.0
7.590410958904109,0.10217230805068324,7.066948997156189e-101,0.897827691949316,10000,20,0.0,0.0,8.0
7.5917808219178085,0.1021898778923075,6.975622849212596e-101,0.8978101221076917,10000,20,0.0,0.0,8.0
7.593150684931507,0.10220744739010261,6.885545867419292e-101,0.8977925526098967,10000,20,0.0,0.0,8.0
7.594520547945206,0.1022250165440753,6.796700127213115e-101,0.897774983455924,10000,20,0.0,0.0,8.0
7.595890410958904,0.10224258535423228,6.709067972210326e-101,0.897757414645767,10000,20,0.0,0.0,8.0
7.597260273972603,0.1022601538205803,6.622632010041601e-101,0.8977398461794189,10000,20,0.0,0.0,8.0
7.598630136986301,0.10227772194312608,6.53737510825483e-101,0.8977222780568731,10000,20,0.0,0.0,8.0
7.6,0.10229528972187635,6.453280390282829e-101,0.8977047102781228,10000,20,0.0,0.0,8.0
7.601369863013699,0.10231285715683784,6.370331231476317e-101,0.8976871428431613,10000,20,0.0,0.0,8.0
7.602739726027397,0.10233042424801726,6.288511255200493e-101,0.8976695757519819,10000,20,0.0,0.0,8.0
7.604109589041096,0.10234799099542137,6.207804328993648e-101,0.8976520090045778,10000,20,0.0,0.0,8.0
7.605479452054794,0.10236555739905687,6.128194560788107e-101,0.8976344426009423,10000,20,0.0,0.0,8.0
7.6068493150684935,0.1023831234589305,6.04966629519084e-101,0.8976168765410686,10000,20,0.0,0.0,8.0
7.608219178082192,0.10240068917504898,5.97220410982442e-101,0.8975993108249501,10000,20,0.0,0.0,8.0
7.609589041095891,0.10241825454741904,5.895792811725698e-101,0.8975817454525801,10000,20,0.0,0.0,8.0
7.610958904109589,0.1024358195760474,5.820417433802855e-101,0.8975641804239517,10000,20,0.0,0.0,8.0
7.612328767123287,0.1024533842609408,5.74606323134831e-101,0.8975466157390583,10000,20,0.0,0.0,8.0
7.6136986301369864,0.10247094860210597,5.672715678607829e-101,0.8975290513978931,10000,20,0.0,0.0,8.0
7.615068493150685,0.10248851259954961,5.600360465404378e-101,0.8975114874004494,10000,20,0.0,0.0,8.0
7.616438356164384,0.10250607625327848,5.5289834938153756e-101,0.8974939237467205,10000,20,0.0,0.0,8.0
7.617808219178082,0.10252363956329928,5.4585708749036297e-101,0.8974763604366998,10000,20,0.0,0.0,8.0
7.619178082191781,0.10254120252961876,5.389108925499637e-101,0.8974587974703803,10000,20,0.0,0.0,8.0
7.620547945205479,0.10255876515224362,5.32058416503587e-101,0.8974412348477554,10000,20,0.0,0.0,8.0
7.6219178082191785,0.1025763274311806,5.252983312430743e-101,0.8974236725688184,10000,20,0.0,0.0,8.0
7.623287671232877,0.10259388936643642,5.1862932830228785e-101,0.8974061106335626,10000,20,0.0,0.0,8.0
7.624657534246575,0.1026114509580178,5.120501185553475e-101,0.8973885490419812,10000,20,0.0,0.0,8.0
7.626027397260274,0.10262901220593149,5.055594319197083e-101,0.8973709877940674,10000,20,0.0,0.0,8.0
7.627397260273972,0.10264657311018419,4.991560170639551e-101,0.8973534268898147,10000,20,0.0,0.0,8.0
7.6287671232876715,0.10266413367078264,4.9283864112019587e-101,0.8973358663292162,10000,20,0.0,0.0,8.0
7.63013698630137,0.10268169388773356,4.866060894010824e-101,0.8973183061122654,10000,20,0.0,0.0,8.0
7.631506849315069,0.10269925376104368,4.8045716512125475e-101,0.8973007462389553,10000,20,0.0,0.0,8.0
7.632876712328767,0.1027168132907197,4.743906891232669e-101,0.8972831867092792,10000,20,0.0,0.0,8.0
7.634246575342466,0.10273437247676839,4.6840549960779245e-101,0.8972656275232305,10000,20,0.0,0.0,8.0
7.635616438356164,0.10275193131919644,4.6250045186816655e-101,0.8972480686808024,10000,20,0.0,0.0,8.0
7.636986301369863,0.10276948981801058,4.5667441802907244e-101,0.8972305101819883,10000,20,0.0,0.0,8.0
7.638356164383562,0.10278704797321755,4.5092628678940126e-101,0.8972129520267813,10000,20,0.0,0.0,8.0
7.63972602739726,0.10280460578482406,4.452549631691784e-101,0.8971953942151748,10000,20,0.0,0.0,8.0
7.641095890410959,0.10282216325283684,4.39659368260453e-101,0.897177836747162,10000,20,0.0,0.0,8.0
7.642465753424657,0.10283972037726259,4.341384389821788e-101,0.8971602796227363,10000,20,0.0,0.0,8.0
7.6438356164383565,0.10285727715810807,4.2869112783890665e-101,0.8971427228418908,10000,20,0.0,0.0,8.0
7.645205479452055,0.10287483359537997,4.233164026833442e-101,0.8971251664046189,10000,20,0.0,0.0,8.0
7.646575342465754,0.10289238968908504,4.180132464826032e-101,0.8971076103109138,10000,20,0.0,0.0,8.0
7.647945205479452,0.10290994543922999,4.127806570881894e-101,0.8970900545607688,10000,20,0.0,0.0,8.0
7.64931506849315,0.10292750084582154,4.0761764700956404e-101,0.8970724991541773,10000,20,0.0,0.0,8.0
7.6506849315068495,0.10294505590886645,4.025232431913074e-101,0.8970549440911324,10000,20,0.0,0.0,8.0
7.652054794520548,0.10296261062837139,3.974964867937887e-101,0.8970373893716275,10000,20,0.0,0.0,8.0
7.653424657534247,0.10298016500434312,3.92536432977255e-101,0.8970198349956557,10000,20,0.0,0.0,8.0
7.654794520547945,0.10299771903678834,3.876421506893639e-101,0.8970022809632106,10000,20,0.0,0.0,8.0
7.656164383561644,0.10301527272571379,3.828127224560046e-101,0.8969847272742851,10000,20,0.0,0.0,8.0
7.657534246575342,0.10303282607112617,3.7804724417545545e-101,0.8969671739288727,10000,20,0.0,0.0,8.0
7.6589041095890416,0.10305037907303223,3.733448249157241e-101,0.8969496209269666,10000,20,0.0,0.0,8.0
7.66027397260274,0.10306793173143866,3.687045867151168e-101,0.8969320682685602,10000,20,0.0,0.0,8.0
7.661643835616438,0.1030854840463522,3.641256643858906e-101,0.8969145159536467,10000,20,0.0,0.0,8.0
7.663013698630137,0.10310303601777959,3.5960720532101386e-101,0.8968969639822193,10000,20,0.0,0.0,8.0
7.664383561643835,0.10312058764572753,3.551483693039543e-101,0.8968794123542714,10000,20,0.0,0.0,8.0
7.6657534246575345,0.10313813893020275,3.5074832832141686e-101,0.8968618610697962,10000,20,0.0,0.0,8.0
7.667123287671233,0.10315568987121196,3.464062663790561e-101,0.896844310128787,10000,20,0.0,0.0,8.0
7.668493150684932,0.10317324046876189,3.421213793200261e-101,0.896826759531237,10000,20,0.0,0.0,8.0
7.66986301369863,0.10319079072285925,3.378928746464128e-101,0.8968092092771397,10000,20,0.0,0.0,8.0
7.671232876712329,0.10320834063351078,3.337199713434123e-101,0.8967916593664882,10000,20,0.0,0.0,8.0
7.6726027397260275,0.10322589020072319,3.296018997063e-101,0.8967741097992757,10000,20,0.0,0.0,8.0
7.673972602739726,0.1032434394245032,3.255379011700599e-101,0.8967565605754957,10000,20,0.0,0.0,8.0
7.675342465753425,0.10326098830485755,3.215272281416999e-101,0.8967390116951414,10000,20,0.0,0.0,8.0
7.676712328767123,0.10327853684179293,3.1756914383518135e-101,0.896721463158206,10000,20,0.0,0.0,8.0
7.678082191780822,0.10329608503531608,3.136629221088968e-101,0.8967039149646828,10000,20,0.0,0.0,8.0
7.67945205479452,0.1033136328854337,3.098078473057174e-101,0.8966863671145652,10000,20,0.0,0.0,8.0
7.6808219178082195,0.10333118039215254,3.060032140954914e-101,0.8966688196078463,10000,20,0.0,0.0,8.0
7.682191780821918,0.1033487275554793,3.02248327320033e-101,0.8966512724445195,10000,20,0.0,0.0,8.0
7.683561643835617,0.10336627437542072,2.9854250184048404e-101,0.8966337256245781,10000,20,0.0,0.0,8.0
7.684931506849315,0.10338382085198349,2.9488506238708695e-101,0.8966161791480154,10000,20,0.0,0.0,8.0
7.686301369863013,0.10340136698517434,2.9127534341125667e-101,0.8965986330148246,10000,20,0.0,0.0,8.0
7.6876712328767125,0.10341891277500001,2.877126889399737e-101,0.8965810872249989,10000,20,0.0,0.0,8.0
7.689041095890411,0.10343645822146719,2.8419645243243725e-101,0.8965635417785317,10000,20,0.0,0.0,8.0
7.69041095890411,0.10345400332458263,2.807259966389196e-101,0.8965459966754162,10000,20,0.0,0.0,8.0
7.691780821917808,0.10347154808435301,2.7730069346184325e-101,0.8965284519156459,10000,20,0.0,0.0,8.0
7.693150684931507,0.10348909250078508,2.7391992381897534e-101,0.8965109074992138,10000,20,0.0,0.0,8.0
7.6945205479452055,0.10350663657388555,2.7058307750877687e-101,0.8964933634261133,10000,20,0.0,0.0,8.0
7.695890410958905,0.10352418030366115,2.6728955307780167e-101,0.8964758196963377,10000,20,0.0,0.0,8.0
7.697260273972603,0.10354172369011856,2.6403875769018183e-101,0.8964582763098803,10000,20,0.0,0.0,8.0
7.698630136986301,0.10355926673326454,2.6083010699909982e-101,0.8964407332667343,10000,20,0.0,0.0,8.0
7.7,0.10357680943310581,2.576630250202688e-101,0.8964231905668931,10000,20,0.0,0.0,8.0
7.701369863013698,0.10359435178964906,2.545369440073673e-101,0.8964056482103498,10000,20,0.0,0.0,8.0
7.7027397260273975,0.10361189380290102,2.5145130432937725e-101,0.8963881061970979,10000,20,0.0,0.0,8.0
7.704109589041096,0.1036294354728684,2.484055543498456e-101,0.8963705645271305,10000,20,0.0,0.0,8.0
7.705479452054795,0.10364697679955795,2.4539915030797662e-101,0.896353023200441,10000,20,0.0,0.0,8.0
7.706849315068493,0.10366451778297635,2.4243155620158887e-101,0.8963354822170225,10000,20,0.0,0.0,8.0
7.708219178082192,0.10368205842313033,2.395022436718449e-101,0.8963179415768685,10000,20,0.0,0.0,8.0
7.7095890410958905,0.1036995987200266,2.3661069188978716e-101,0.8963004012799722,10000,20,0.0,0.0,8.0
7.710958904109589,0.10371713867367188,2.3375638744459187e-101,0.896282861326327,10000,20,0.0,0.0,8.0
7.712328767123288,0.10373467828407291,2.3093882423356135e-101,0.8962653217159259,10000,20,0.0,0.0,8.0
7.713698630136986,0.10375221755123638,2.2815750335380782e-101,0.8962477824487624,10000,20,0.0,0.0,8.0
7.715068493150685,0.10376975647516903,2.2541193299558377e-101,0.8962302435248297,10000,20,0.0,0.0,8.0
7.7164383561643834,0.10378729505587755,2.2270162833727805e-101,0.8962127049441212,10000,20,0.0,0.0,8.0
7.717808219178083,0.10380483329336869,2.2002611144199588e-101,0.89619516670663,10000,20,0.0,0.0,8.0
7.719178082191781,0.10382237118764913,2.1738491115575378e-101,0.8961776288123495,10000,20,0.0,0.0,8.0
7.72054794520548,0.10383990873872562,2.147775630072084e-101,0.896160091261273,10000,20,0.0,0.0,8.0
7.721917808219178,0.10385744594660484,2.122036091089499e-101,0.8961425540533938,10000,20,0.0,0.0,8.0
7.723287671232876,0.10387498281129354,2.096625980602822e-101,0.8961250171887052,10000,20,0.0,0.0,8.0
7.7246575342465755,0.10389251933279842,2.0715408485150886e-101,0.8961074806672003,10000,20,0.0,0.0,8.0
7.726027397260274,0.10391005551112618,2.0467763076968393e-101,0.8960899444888725,10000,20,0.0,0.0,8.0
7.727397260273973,0.10392759134628358,2.0223280330578813e-101,0.8960724086537151,10000,20,0.0,0.0,8.0
7.728767123287671,0.1039451268382773,1.998191760633486e-101,0.8960548731617214,10000,20,0.0,0.0,8.0
7.73013698630137,0.10396266198711407,1.974363286684297e-101,0.8960373380128847,10000,20,0.0,0.0,8.0
7.7315068493150685,0.10398019679280059,1.950838466810234e-101,0.8960198032071981,10000,20,0.0,0.0,8.0
7.732876712328768,0.10399773125534359,1.9276132150776792e-101,0.896002268744655,10000,20,0.0,0.0,8.0
7.734246575342466,0.10401526537474977,1.904683503160222e-101,0.8959847346252489,10000,20,0.0,0.0,8.0
7.735616438356164,0.10403279915102585,1.8820453594922837e-101,0.8959672008489727,10000,20,0.0,0.0,8.0
7.736986301369863,0.10405033258417858,1.8596948684357887e-101,0.89594966741582,10000,20,0.0,0.0,8.0
7.738356164383561,0.10406786567421462,1.8376281694595317e-101,0.895932134325784,10000,20,0.0,0.0,8.0
7.739726027397261,0.10408539842114073,1.815841456330893e-101,0.8959146015788579,10000,20,0.0,0.0,8.0
7.741095890410959,0.1041029308249636,1.7943309763200702e-101,0.8958970691750351,10000,20,0.0,0.0,8.0
7.742465753424658,0.10412046288568995,1.7730930294161855e-101,0.8958795371143088,10000,20,0.0,0.0,8.0
7.743835616438356,0.10413799460332648,1.7521239675555332e-101,0.8958620053966723,10000,20,0.0,0.0,8.0
7.745205479452055,0.10415552597787993,1.731420193861333e-101,0.8958444740221189,10000,20,0.0,0.0,8.0
7.7465753424657535,0.10417305700935699,1.710978161895244e-101,0.8958269429906418,10000,20,0.0,0.0,8.0
7.747945205479452,0.10419058769776438,1.6907943749200376e-101,0.8958094123022344,10000,20,0.0,0.0,8.0
7.749315068493151,0.10420811804310882,1.670865385173591e-101,0.89579188195689,10000,20,0.0,0.0,8.0
7.750684931506849,0.10422564804539702,1.651187793153882e-101,0.8957743519546018,10000,20,0.0,0.0,8.0
7.752054794520548,0.1042431777046357,1.631758246914695e-101,0.895756822295363,10000,20,0.0,0.0,8.0
7.7534246575342465,0.10426070702083157,1.6125734413721805e-101,0.8957392929791672,10000,20,0.0,0.0,8.0
7.754794520547946,0.10427823599399134,1.593630117621715e-101,0.8957217640060074,10000,20,0.0,0.0,8.0
7.756164383561644,0.10429576462412171,1.5749250622652896e-101,0.8957042353758771,10000,20,0.0,0.0,8.0
7.757534246575343,0.10431329291122943,1.556455106748878e-101,0.8956867070887694,10000,20,0.0,0.0,8.0
7.758904109589041,0.10433082085532117,1.5382171267100103e-101,0.8956691791446777,10000,20,0.0,0.0,8.0
7.760273972602739,0.10434834845640366,1.520208041335022e-101,0.8956516515435952,10000,20,0.0,0.0,8.0
7.761643835616439,0.10436587571448362,1.502424812726128e-101,0.8956341242855151,10000,20,0.0,0.0,8.0
7.763013698630137,0.10438340262956776,1.4848644452780442e-101,0.895616597370431,10000,20,0.0,0.0,8.0
7.764383561643836,0.10440092920166279,1.4675239850638957e-101,0.8955990707983359,10000,20,0.0,0.0,8.0
7.765753424657534,0.10441845543077541,1.450400519230553e-101,0.8955815445692232,10000,20,0.0,0.0,8.0
7.767123287671233,0.10443598131691235,1.4334911754028988e-101,0.8955640186830863,10000,20,0.0,0.0,8.0
7.7684931506849315,0.10445350686008031,1.4167931210972395e-101,0.8955464931399184,10000,20,0.0,0.0,8.0
7.769863013698631,0.10447103206028602,1.400303563143373e-101,0.8955289679397127,10000,20,0.0,0.0,8.0
7.771232876712329,0.10448855691753615,1.3840197471155193e-101,0.8955114430824626,10000,20,0.0,0.0,8.0
7.772602739726027,0.10450608143183746,1.367938956771648e-101,0.8954939185681613,10000,20,0.0,0.0,8.0
7.773972602739726,0.10452360560319664,1.3520585135013355e-101,0.8954763943968022,10000,20,0.0,0.0,8.0
7.7753424657534245,0.10454112943162039,1.3363757757819132e-101,0.8954588705683784,10000,20,0.0,0.0,8.0
7.776712328767124,0.10455865291711544,1.3208881386426761e-101,0.8954413470828833,10000,20,0.0,0.0,8.0
7.778082191780822,0.10457617605968848,1.3055930331372819e-101,0.8954238239403102,10000,20,0.0,0.0,8.0
7.779452054794521,0.10459369885934626,1.2904879258239004e-101,0.8954063011406524,10000,20,0.0,0.0,8.0
7.780821917808219,0.10461122131609545,1.2755703182533108e-101,0.8953887786839032,10000,20,0.0,0.0,8.0
7.782191780821917,0.10462874342994277,1.2608377464645203e-101,0.8953712565700559,10000,20,0.0,0.0,8.0
7.7835616438356166,0.10464626520089496,1.24628778048803e-101,0.8953537347991037,10000,20,0.0,0.0,8.0
7.784931506849315,0.10466378662895869,1.2319180238565316e-101,0.89533621337104,10000,20,0.0,0.0,8.0
7.786301369863014,0.10468130771414069,1.217726113122828e-101,0.8953186922858579,10000,20,0.0,0.0,8.0
7.787671232876712,0.10469882845644765,1.2037097173850976e-101,0.8953011715435509,10000,20,0.0,0.0,8.0
7.789041095890411,0.10471634885588631,1.1898665378191048e-101,0.8952836511441122,10000,20,0.0,0.0,8.0
7.7904109589041095,0.10473386891246335,1.1761943072175377e-101,0.8952661310875352,10000,20,0.0,0.0,8.0
7.791780821917809,0.10475138862618551,1.1626907895360779e-101,0.895248611373813,10000,20,0.0,0.0,8.0
7.793150684931507,0.10476890799705947,1.1493537794463817e-101,0.895231092002939,10000,20,0.0,0.0,8.0
7.794520547945205,0.10478642702509196,1.1361811018955922e-101,0.8952135729749066,10000,20,0.0,0.0,8.0
7.795890410958904,0.10480394571028968,1.1231706116725028e-101,0.8951960542897088,10000,20,0.0,0.0,8.0
7.7972602739726025,0.10482146405265934,1.1103201929801777e-101,0.8951785359473392,10000,20,0.0,0.0,8.0
7.798630136986302,0.10483898205220767,1.0976277590148506e-101,0.8951610179477909,10000,20,0.0,0.0,8.0
7.8,0.10485649970894134,1.0850912515512115e-101,0.8951435002910573,10000,20,0.0,0.0,8.0
7.801369863013699,0.1048740170228671,1.0727086405337258e-101,0.8951259829771315,10000,20,0.0,0.0,8.0
7.802739726027397,0.1048915339939916,1.0604779236741583e-101,0.895108466006007,10000,20,0.0,0.0,8.0
7.804109589041096,0.10490905062232161,1.0483971260549432e-101,0.895090949377677,10000,20,0.0,0.0,8.0
7.8054794520547945,0.10492656690786381,1.0364642997385702e-101,0.8950734330921348,10000,20,0.0,0.0,8.0
7.806849315068493,0.10494408285062491,1.0246775233826456e-101,0.8950559171493737,10000,20,0.0,0.0,8.0
7.808219178082192,0.10496159845061162,1.0130349018607406e-101,0.895038401549387,10000,20,0.0,0.0,8.0
7.80958904109589,0.10497911370783064,1.0015345658888564e-101,0.8950208862921679,10000,20,0.0,0.0,8.0
7.810958904109589,0.1049966286222887,9.90174671657346e-102,0.8950033713777099,10000,20,0.0,0.0,8.0
7.8123287671232875,0.10501414319399248,9.789534004683984e-102,0.8949858568060062,10000,20,0.0,0.0,8.0
7.813698630136987,0.1050316574229487,9.678689583787663e-102,0.8949683425770499,10000,20,0.0,0.0,8.0
7.815068493150685,0.10504917130916407,9.569195758478946e-102,0.8949508286908345,10000,20,0.0,0.0,8.0
7.816438356164384,0.1050666848526453,9.461035073911339e-102,0.8949333151473533,10000,20,0.0,0.0,8.0
7.817808219178082,0.10508419805339908,9.3541903123819e-102,0.8949158019465995,10000,20,0.0,0.0,8.0
7.8191780821917805,0.10510171091143213,9.248644489965104e-102,0.8948982890885664,10000,20,0.0,0.0,8.0
7.82054794520548,0.10511922342675116,9.144380853197083e-102,0.8948807765732474,10000,20,0.0,0.0,8.0
7.821917808219178,0.10513673559936286,9.041382875808744e-102,0.8948632644006357,10000,20,0.0,0.0,8.0
7.823287671232877,0.10515424742927397,8.939634255506382e-102,0.8948457525707246,10000,20,0.0,0.0,8.0
7.824657534246575,0.10517175891649115,8.839118910800713e-102,0.8948282410835074,10000,20,0.0,0.0,8.0
7.826027397260274,0.10518927006102115,8.739820977881541e-102,0.8948107299389775,10000,20,0.0,0.0,8.0
7.8273972602739725,0.10520678086287065,8.641724807539468e-102,0.894793219137128,10000,20,0.0,0.0,8.0
7.828767123287672,0.10522429132204637,8.544814962131835e-102,0.8947757086779522,10000,20,0.0,0.0,8.0
7.83013698630137,0.10524180143855501,8.449076212594295e-102,0.8947581985614436,10000,20,0.0,0.0,8.0
7.831506849315068,0.10525931121240326,8.354493535495345e-102,0.8947406887875953,10000,20,0.0,0.0,8.0
7.832876712328767,0.10527682064359785,8.261052110134731e-102,0.8947231793564007,10000,20,0.0,0.0,8.0
7.8342465753424655,0.10529432973214546,8.168737315684442e-102,0.8947056702678531,10000,20,0.0,0.0,8.0
7.835616438356165,0.10531183847805284,8.077534728371026e-102,0.8946881615219457,10000,20,0.0,0.0,8.0
7.836986301369863,0.10532934688132664,7.987430118700121e-102,0.8946706531186719,10000,20,0.0,0.0,8.0
7.838356164383562,0.10534685494197361,7.898409448720713e-102,0.894653145058025,10000,20,0.0,0.0,8.0
7.83972602739726,0.10536436266000043,7.810458869330379e-102,0.8946356373399982,10000,20,0.0,0.0,8.0
7.841095890410959,0.10538187003541381,7.723564717619064e-102,0.8946181299645848,10000,20,0.0,0.0,8.0
7.842465753424658,0.10539937706822046,7.63771351425262e-102,0.8946006229317781,10000,20,0.0,0.0,8.0
7.843835616438356,0.10541688375842707,7.552891960893757e-102,0.8945831162415715,10000,20,0.0,0.0,8.0
7.845205479452055,0.10543439010604037,7.46908693766125e-102,0.8945656098939582,10000,20,0.0,0.0,8.0
7.846575342465753,0.10545189611106703,7.386285500626234e-102,0.8945481038889315,10000,20,0.0,0.0,8.0
7.847945205479452,0.1054694017735138,7.304474879344526e-102,0.8945305982264847,10000,20,0.0,0.0,8.0
7.8493150684931505,0.10548690709338733,7.22364247442574e-102,0.8945130929066112,10000,20,0.0,0.0,8.0
7.85068493150685,0.10550441207069437,7.14377585513701e-102,0.8944955879293042,10000,20,0.0,0.0,8.0
7.852054794520548,0.1055219167054416,7.064862757042469e-102,0.8944780832945569,10000,20,0.0,0.0,8.0
7.853424657534247,0.10553942099763573,6.986891079676284e-102,0.8944605790023628,10000,20,0.0,0.0,8.0
7.854794520547945,0.10555692494728346,6.90984888425039e-102,0.894443075052715,10000,20,0.0,0.0,8.0
7.8561643835616435,0.10557442855439149,6.833724391394815e-102,0.894425571445607,10000,20,0.0,0.0,8.0
7.857534246575343,0.10559193181896653,6.75850597893137e-102,0.8944080681810319,10000,20,0.0,0.0,8.0
7.858904109589041,0.10560943474101528,6.684182179679693e-102,0.8943905652589832,10000,20,0.0,0.0,8.0
7.86027397260274,0.10562693732054446,6.6107416792946806e-102,0.894373062679454,10000,20,0.0,0.0,8.0
7.861643835616438,0.10564443955756074,6.538173314136039e-102,0.8943555604424378,10000,20,0.0,0.0,8.0
7.863013698630137,0.10566194145207086,6.466466069167989e-102,0.8943380585479277,10000,20,0.0,0.0,8.0
7.864383561643836,0.1056794430040815,6.3956090758901835e-102,0.8943205569959171,10000,20,0.0,0.0,8.0
7.865753424657535,0.10569694421359936,6.325591610297878e-102,0.8943030557863992,10000,20,0.0,0.0,8.0
7.867123287671233,0.10571444508063114,6.256403090872381e-102,0.8942855549193675,10000,20,0.0,0.0,8.0
7.868493150684931,0.10573194560518356,6.1880330765999285e-102,0.894268054394815,10000,20,0.0,0.0,8.0
7.86986301369863,0.10574944578726332,6.120471265019677e-102,0.8942505542127352,10000,20,0.0,0.0,8.0
7.8712328767123285,0.1057669456268771,6.053707490299923e-102,0.8942330543731215,10000,20,0.0,0.0,8.0
7.872602739726028,0.10578444512403164,5.9877317213417046e-102,0.8942155548759669,10000,20,0.0,0.0,8.0
7.873972602739726,0.10580194427873359,5.922534059910445e-102,0.894198055721265,10000,20,0.0,0.0,8.0
7.875342465753425,0.10581944309098969,5.858104738793899e-102,0.8941805569090089,10000,20,0.0,0.0,8.0
7.876712328767123,0.10583694156080663,5.7944341199873516e-102,0.894163058439192,10000,20,0.0,0.0,8.0
7.878082191780822,0.10585443968819111,5.731512692904339e-102,0.8941455603118075,10000,20,0.0,0.0,8.0
7.879452054794521,0.10587193747314982,5.669331072613818e-102,0.8941280625268487,10000,20,0.0,0.0,8.0
7.880821917808219,0.10588943491568949,5.607879998102121e-102,0.8941105650843091,10000,20,0.0,0.0,8.0
7.882191780821918,0.1059069320158168,5.547150330560361e-102,0.8940930679841818,10000,20,0.0,0.0,8.0
7.883561643835616,0.10592442877353846,5.487133051696466e-102,0.8940755712264601,10000,20,0.0,0.0,8.0
7.884931506849315,0.10594192518886117,5.4278192620711156e-102,0.8940580748111374,10000,20,0.0,0.0,8.0
7.8863013698630136,0.10595942126179161,5.369200179458186e-102,0.894040578738207,10000,20,0.0,0.0,8.0
7.887671232876713,0.10597691699233652,5.311267137228134e-102,0.8940230830076621,10000,20,0.0,0.0,8.0
7.889041095890411,0.10599441238050257,5.2540115827552165e-102,0.894005587619496,10000,20,0.0,0.0,8.0
7.89041095890411,0.10601190742629647,5.197425075846963e-102,0.8939880925737022,10000,20,0.0,0.0,8.0
7.891780821917808,0.1060294021297249,5.141499287196783e-102,0.8939705978702737,10000,20,0.0,0.0,8.0
7.8931506849315065,0.10604689649079459,5.086225996858201e-102,0.893953103509204,10000,20,0.0,0.0,8.0
7.894520547945206,0.10606439050951223,5.031597092741334e-102,0.8939356094904863,10000,20,0.0,0.0,8.0
7.895890410958904,0.10608188418588452,4.977604569130889e-102,0.8939181158141141,10000,20,0.0,0.0,8.0
7.897260273972603,0.10609937751991816,4.92424052522503e-102,0.8939006224800804,10000,20,0.0,0.0,8.0
7.898630136986301,0.10611687051161983,4.871497163695677e-102,0.8938831294883788,10000,20,0.0,0.0,8.0
7.9,0.10613436316099625,4.819366789268834e-102,0.8938656368390023,10000,20,0.0,0.0,8.0
7.901369863013699,0.10615185546805411,4.7678418073257585e-102,0.8938481445319445,10000,20,0.0,0.0,8.0
7.902739726027398,0.10616934743280013,4.716914722523567e-102,0.8938306525671985,10000,20,0.0,0.0,8.0
7.904109589041096,0.10618683905524097,4.666578137436073e-102,0.8938131609447577,10000,20,0.0,0.0,8.0
7.905479452054794,0.10620433033538336,4.616824751213518e-102,0.8937956696646153,10000,20,0.0,0.0,8.0
7.906849315068493,0.106221821273234,4.567647358261748e-102,0.8937781787267647,10000,20,0.0,0.0,8.0
7.9082191780821915,0.10623931186879956,4.51903884694021e-102,0.8937606881311991,10000,20,0.0,0.0,8.0
7.909589041095891,0.10625680212208677,4.470992198278183e-102,0.8937431978779119,10000,20,0.0,0.0,8.0
7.910958904109589,0.1062742920331023,4.423500484709751e-102,0.8937257079668963,10000,20,0.0,0.0,8.0
7.912328767123288,0.10629178160185287,4.37655686882629e-102,0.8937082183981457,10000,20,0.0,0.0,8.0
7.913698630136986,0.10630927082834517,4.330154602147181e-102,0.8936907291716535,10000,20,0.0,0.0,8.0
7.915068493150685,0.1063267597125859,4.284287023907509e-102,0.8936732402874128,10000,20,0.0,0.0,8.0
7.916438356164384,0.10634424825458175,4.238947559863474e-102,0.893655751745417,10000,20,0.0,0.0,8.0
7.917808219178082,0.10636173645433941,4.194129721114311e-102,0.8936382635456593,10000,20,0.0,0.0,8.0
7.919178082191781,0.10637922431186561,4.149827102941222e-102,0.8936207756881331,10000,20,0.0,0.0,8.0
7.920547945205479,0.10639671182716702,4.106033383662776e-102,0.8936032881728317,10000,20,0.0,0.0,8.0
7.921917808219178,0.10641419900025034,4.06274232350625e-102,0.8935858009997484,10000,20,0.0,0.0,8.0
7.923287671232877,0.10643168583112227,4.019947763495384e-102,0.8935683141688765,10000,20,0.0,0.0,8.0
7.924657534246576,0.10644917231978951,3.977643624353433e-102,0.8935508276802092,10000,20,0.0,0.0,8.0
7.926027397260274,0.10646665846625875,3.935823905422194e-102,0.89353334153374,10000,20,0.0,0.0,8.0
7.927397260273973,0.1064841442705367,3.894482683595876e-102,0.893515855729462,10000,20,0.0,0.0,8.0
7.928767123287671,0.10650162973263003,3.853614112270482e-102,0.8934983702673687,10000,20,0.0,0.0,8.0
7.9301369863013695,0.10651911485254546,3.8132124203076276e-102,0.8934808851474533,10000,20,0.0,0.0,8.0
7.931506849315069,0.10653659963028969,3.77327191101326e-102,0.8934634003697091,10000,20,0.0,0.0,8.0
7.932876712328767,0.1065540840658694,3.733786961130791e-102,0.8934459159341294,10000,20,0.0,0.0,8.0
7.934246575342466,0.10657156815929131,3.694752019848168e-102,0.8934284318407074,10000,20,0.0,0.0,8.0
7.935616438356164,0.10658905191056207,3.656161607819334e-102,0.8934109480894367,10000,20,0.0,0.0,8.0
7.936986301369863,0.10660653531968843,3.6180103161990645e-102,0.8933934646803103,10000,20,0.0,0.0,8.0
7.938356164383562,0.10662401838667704,3.580292805691802e-102,0.8933759816133218,10000,20,0.0,0.0,8.0
7.939726027397261,0.10664150111153463,3.5430038056134777e-102,0.8933584988884642,10000,20,0.0,0.0,8.0
7.941095890410959,0.10665898349426786,3.506138112966922e-102,0.893341016505731,10000,20,0.0,0.0,8.0
7.942465753424657,0.10667646553488346,3.469690591529912e-102,0.8933235344651154,10000,20,0.0,0.0,8.0
7.943835616438356,0.10669394723338811,3.433656170956276e-102,0.8933060527666107,10000,20,0.0,0.0,8.0
7.945205479452055,0.10671142858978849,3.398029845889614e-102,0.8932885714102103,10000,20,0.0,0.0,8.0
7.946575342465754,0.10672890960409133,3.3628066750892305e-102,0.8932710903959075,10000,20,0.0,0.0,8.0
7.947945205479452,0.10674639027630328,3.3279817805686713e-102,0.8932536097236955,10000,20,0.0,0.0,8.0
7.949315068493151,0.10676387060643108,3.2935503467459762e-102,0.8932361293935677,10000,20,0.0,0.0,8.0
7.950684931506849,0.10678135059448139,3.259507619606198e-102,0.8932186494055173,10000,20,0.0,0.0,8.0
7.952054794520548,0.10679883024046093,3.2258489058752952e-102,0.8932011697595378,10000,20,0.0,0.0,8.0
7.953424657534247,0.10681630954437636,3.192569572205938e-102,0.8931836904556223,10000,20,0.0,0.0,8.0
7.954794520547945,0.1068337885062344,3.1596650443743796e-102,0.8931662114937643,10000,20,0.0,0.0,8.0
7.956164383561644,0.10685126712604175,3.1271308064887727e-102,0.8931487328739569,10000,20,0.0,0.0,8.0
7.957534246575342,0.10686874540380507,3.0949624002085473e-102,0.8931312545961936,10000,20,0.0,0.0,8.0
7.958904109589041,0.1068862233395311,3.0631554239744806e-102,0.8931137766604675,10000,20,0.0,0.0,8.0
7.96027397260274,0.1069037009332265,3.0317055322498275e-102,0.8930962990667721,10000,20,0.0,0.0,8.0
7.961643835616439,0.10692117818489798,3.000608434771708e-102,0.8930788218151007,10000,20,0.0,0.0,8.0
7.963013698630137,0.10693865509455222,2.9698598958132576e-102,0.8930613449054464,10000,20,0.0,0.0,8.0
7.964383561643836,0.10695613166219593,2.93945573345574e-102,0.8930438683378027,10000,20,0.0,0.0,8.0
7.965753424657534,0.10697360788783578,2.909391818871114e-102,0.8930263921121628,10000,20,0.0,0.0,8.0
7.967123287671233,0.10699108377147847,2.8796640756142922e-102,0.8930089162285202,10000,20,0.0,0.0,8.0
7.968493150684932,0.1070085593131307,2.850268478925444e-102,0.892991440686868,10000,20,0.0,0.0,8.0
7.96986301369863,0.10702603451279917,2.821201055041995e-102,0.8929739654871995,10000,20,0.0,0.0,8.0
7.971232876712329,0.10704350937049056,2.7924578805199994e-102,0.8929564906295081,10000,20,0.0,0.0,8.0
7.972602739726027,0.10706098388621156,2.7640350815652215e-102,0.8929390161137871,10000,20,0.0,0.0,8.0
7.973972602739726,0.10707845805996888,2.735928833373204e-102,0.8929215419400298,10000,20,0.0,0.0,8.0
7.975342465753425,0.10709593189176918,2.708135359478785e-102,0.8929040681082295,10000,20,0.0,0.0,8.0
7.976712328767124,0.10711340538161918,2.6806509311143484e-102,0.8928865946183795,10000,20,0.0,0.0,8.0
7.978082191780822,0.10713087852952555,2.65347186657725e-102,0.8928691214704731,10000,20,0.0,0.0,8.0
7.97945205479452,0.107148351335495,2.626594530605743e-102,0.8928516486645037,10000,20,0.0,0.0,8.0
7.980821917808219,0.10716582379953422,2.600015333763716e-102,0.8928341762004645,10000,20,0.0,0.0,8.0
7.982191780821918,0.1071832959216499,2.573730731833946e-102,0.8928167040783488,10000,20,0.0,0.0,8.0
7.983561643835617,0.10720076770184872,2.547737225219565e-102,0.89279923229815,10000,20,0.0,0.0,8.0
7.984931506849315,0.10721823914013738,2.5220313583540593e-102,0.8927817608598613,10000,20,0.0,0.0,8.0
7.986301369863014,0.10723571023652258,2.4966097191191447e-102,0.8927642897634761,10000,20,0.0,0.0,8.0
7.987671232876712,0.10725318099101099,2.4714689382709456e-102,0.8927468190089877,10000,20,0.0,0.0,8.0
7.9890410958904114,0.10727065140360931,2.4466056888738282e-102,0.8927293485963893,10000,20,0.0,0.0,8.0
7.99041095890411,0.10728812147432422,2.4220166857423007e-102,0.8927118785256744,10000,20,0.0,0.0,8.0
7.991780821917808,0.10730559120316242,2.3976986848903636e-102,0.8926944087968361,10000,20,0.0,0.0,8.0
7.993150684931507,0.10732306059013062,2.3736484829886055e-102,0.8926769394098679,10000,20,0.0,0.0,8.0
7.994520547945205,0.1073405296352355,2.3498629168287707e-102,0.892659470364763,10000,20,0.0,0.0,8.0
7.995890410958904,0.10735799833848374,2.326338862795539e-102,0.8926420016615148,10000,20,0.0,0.0,8.0
7.997260273972603,0.10737546669988202,2.3030732363457992e-102,0.8926245333001165,10000,20,0.0,0.0,8.0
7.998630136986302,0.10739293471943705,2.2800629914948385e-102,0.8926070652805614,10000,20,0.0,0.0,8.0
8.0,0.1074104023971555,2.257305120309827e-102,0.892589597602843,10000,20,0.0,0.0,8.0
